x_model,y_model
-1.288826307441116148e+00,-1.048268537190517186e-02
-1.397613226153584964e+00,1.447289812578403737e-02
-1.396208303045499921e+00,-5.200819810261196607e-02
-1.396208303045499921e+00,-5.200819810261196607e-02
-1.359613338164417318e+00,1.003804745752529676e-01
-1.359613338164417318e+00,1.003804745752529676e-01
-1.359613338164417318e+00,1.003804745752529676e-01
-1.359613338164417318e+00,1.003804745752529676e-01
-1.359613338164417318e+00,1.003804745752529676e-01
-1.359613338164417318e+00,1.003804745752529676e-01
-1.359613338164417318e+00,1.003804745752529676e-01
-1.359613338164417318e+00,1.003804745752529676e-01
-1.307206212483533525e+00,1.459613074943686417e-01
-1.307206212483533525e+00,1.459613074943686417e-01
-1.222113099009952242e+00,-7.703475579571186782e-02
-1.345284134407297216e+00,-1.927836242810599537e-02
-1.345284134407297216e+00,-1.927836242810599537e-02
-1.321967698755418752e+00,-3.863528680192652998e-02
-1.193814342547675045e+00,-1.036269758394172541e-02
-1.138612715169052825e+00,-1.088556851811656179e-01
-1.202464138474510058e+00,-1.698191199115318128e-01
-1.228264291718570211e+00,-5.261815906838078483e-02
-1.228264291718570211e+00,-5.261815906838078483e-02
-1.228264291718570211e+00,-5.261815906838078483e-02
-1.228264291718570211e+00,-5.261815906838078483e-02
-1.227566814452738964e+00,1.191932387936947418e-01
-1.227566814452738964e+00,1.191932387936947418e-01
-1.227566814452738964e+00,1.191932387936947418e-01
-1.473165227132136046e+00,-1.094751025348357498e-02
-1.473165227132136046e+00,-1.094751025348357498e-02
-1.441723298058781966e+00,-1.728226867671212377e-02
-1.441723298058781966e+00,-1.728226867671212377e-02
-1.308804814017165530e+00,-6.586458206060066475e-03
-1.308804814017165530e+00,-6.586458206060066475e-03
-1.308804814017165530e+00,-6.586458206060066475e-03
-1.343323299339449939e+00,1.859065565071653658e-01
-1.349539548172812076e+00,1.188178073259774092e-02
-1.314270624585673009e+00,-1.209640439358634634e-01
-1.337496898861908035e+00,-5.951553170040840141e-02
-1.337496898861908035e+00,-5.951553170040840141e-02
-1.281126708390039726e+00,-1.260213511555647037e-01
-1.281126708390039726e+00,-1.260213511555647037e-01
-1.281126708390039726e+00,-1.260213511555647037e-01
-1.281126708390039726e+00,-1.260213511555647037e-01
-1.281126708390039726e+00,-1.260213511555647037e-01
-1.281126708390039726e+00,-1.260213511555647037e-01
-1.299562992455877808e+00,1.181170644118476054e-02
-1.299562992455877808e+00,1.181170644118476054e-02
-1.233049569472485896e+00,-1.295535820007622518e-01
-1.126137756632881404e+00,-1.183840817424924446e-01
-1.126137756632881404e+00,-1.183840817424924446e-01
-1.126137756632881404e+00,-1.183840817424924446e-01
-1.020872329329947981e+00,2.575887855463147857e-02
-1.020872329329947981e+00,2.575887855463147857e-02
-1.020872329329947981e+00,2.575887855463147857e-02
-1.020872329329947981e+00,2.575887855463147857e-02
-1.020872329329947981e+00,2.575887855463147857e-02
-1.020872329329947981e+00,2.575887855463147857e-02
-1.131330611251817331e+00,2.163175089463362233e-01
-1.131330611251817331e+00,2.163175089463362233e-01
-1.131330611251817331e+00,2.163175089463362233e-01
-1.315104930303143682e+00,2.262513489419324952e-01
-1.285885364727789693e+00,2.242545993440216989e-01
-1.285885364727789693e+00,2.242545993440216989e-01
-1.104865937604551096e+00,2.660937368741325137e-01
-1.104865937604551096e+00,2.660937368741325137e-01
-1.104865937604551096e+00,2.660937368741325137e-01
-1.104865937604551096e+00,2.660937368741325137e-01
-1.104865937604551096e+00,2.660937368741325137e-01
-1.104865937604551096e+00,2.660937368741325137e-01
-9.570460678233863039e-01,-3.329128435351641491e-02
-9.987785319580853027e-01,-6.540460937398517860e-03
-1.132648880977417116e+00,-1.064614502509781263e-01
-1.132648880977417116e+00,-1.064614502509781263e-01
-1.132648880977417116e+00,-1.064614502509781263e-01
-1.150025056312193650e+00,-3.687601404780814496e-02
-1.269532903848569649e+00,8.113723605452381749e-02
-1.152507764711618865e+00,8.686959853959816402e-02
-1.152507764711618865e+00,8.686959853959816402e-02
-1.181120437539973311e+00,-3.094657293989845626e-02
-1.209896517499676305e+00,-1.345682474471210366e-01
-1.209896517499676305e+00,-1.345682474471210366e-01
-1.209896517499676305e+00,-1.345682474471210366e-01
-1.209896517499676305e+00,-1.345682474471210366e-01
-1.209896517499676305e+00,-1.345682474471210366e-01
-1.209896517499676305e+00,-1.345682474471210366e-01
-1.209896517499676305e+00,-1.345682474471210366e-01
-1.052815756554966509e+00,1.466425582326468247e-01
-1.052815756554966509e+00,1.466425582326468247e-01
-1.052815756554966509e+00,1.466425582326468247e-01
-1.052815756554966509e+00,1.466425582326468247e-01
-1.175284106216018198e+00,1.464631123788749933e-01
-1.175284106216018198e+00,1.464631123788749933e-01
-1.175284106216018198e+00,1.464631123788749933e-01
-1.067907963068418731e+00,8.949135324951765225e-02
-1.067907963068418731e+00,8.949135324951765225e-02
-1.067907963068418731e+00,8.949135324951765225e-02
-1.067907963068418731e+00,8.949135324951765225e-02
-1.082459327111459091e+00,1.422777373659891986e-01
-1.082459327111459091e+00,1.422777373659891986e-01
-1.082459327111459091e+00,1.422777373659891986e-01
-9.089129394593069566e-01,4.423680282195632807e-02
-9.089129394593069566e-01,4.423680282195632807e-02
-9.100077221917204362e-01,-5.856617147063203355e-02
-9.100077221917204362e-01,-5.856617147063203355e-02
-9.100077221917204362e-01,-5.856617147063203355e-02
-1.053444348520766072e+00,6.654444609444407077e-02
-1.109772272745412458e+00,1.576833745771906159e-01
-1.109772272745412458e+00,1.576833745771906159e-01
-1.112474305217684201e+00,5.396585191956404515e-03
-1.300844101823980248e+00,-3.478019443533405392e-02
-1.300844101823980248e+00,-3.478019443533405392e-02
-1.300844101823980248e+00,-3.478019443533405392e-02
-1.300844101823980248e+00,-3.478019443533405392e-02
-1.299811187582261329e+00,-5.321245139537025132e-02
-1.315056511435127806e+00,-2.317232689205041968e-02
-1.315056511435127806e+00,-2.317232689205041968e-02
-1.315056511435127806e+00,-2.317232689205041968e-02
-1.249439229567364418e+00,-3.311762681194874852e-02
-1.249439229567364418e+00,-3.311762681194874852e-02
-1.249439229567364418e+00,-3.311762681194874852e-02
-1.249439229567364418e+00,-3.311762681194874852e-02
-1.249439229567364418e+00,-3.311762681194874852e-02
-1.249439229567364418e+00,-3.311762681194874852e-02
-1.249439229567364418e+00,-3.311762681194874852e-02
-1.281152294574352091e+00,-6.449191096956924385e-02
-1.185736962865871380e+00,1.129998095737362318e-01
-1.185736962865871380e+00,1.129998095737362318e-01
-1.343400829550253972e+00,-9.848348803715767374e-02
-1.343400829550253972e+00,-9.848348803715767374e-02
-1.343400829550253972e+00,-9.848348803715767374e-02
-1.319581461824391955e+00,-1.017181584136004485e-01
-1.319581461824391955e+00,-1.017181584136004485e-01
-1.319581461824391955e+00,-1.017181584136004485e-01
-1.319581461824391955e+00,-1.017181584136004485e-01
-1.319581461824391955e+00,-1.017181584136004485e-01
-1.319581461824391955e+00,-1.017181584136004485e-01
-1.236080284234453819e+00,5.074801895150614361e-02
-1.391597824213921974e+00,-8.002636956442500671e-02
-1.391597824213921974e+00,-8.002636956442500671e-02
-1.291813297904779612e+00,2.407667058914188252e-02
-1.291813297904779612e+00,2.407667058914188252e-02
-1.291813297904779612e+00,2.407667058914188252e-02
-1.291813297904779612e+00,2.407667058914188252e-02
-1.291813297904779612e+00,2.407667058914188252e-02
-1.291813297904779612e+00,2.407667058914188252e-02
-1.334909625676963474e+00,-1.146535279834075133e-01
-1.334909625676963474e+00,-1.146535279834075133e-01
-1.334909625676963474e+00,-1.146535279834075133e-01
-1.511054052694101868e+00,-4.612630165599262977e-03
-1.334025263544925677e+00,-5.331949158998351701e-02
-1.339553867778852769e+00,-1.400834266505210923e-01
-1.339553867778852769e+00,-1.400834266505210923e-01
-1.207340672538047333e+00,-3.597084622859222924e-02
-1.207340672538047333e+00,-3.597084622859222924e-02
-1.191691152029759504e+00,-2.990990777542121282e-02
-1.271476642992115380e+00,-9.389028370625819575e-02
-1.271476642992115380e+00,-9.389028370625819575e-02
-1.271476642992115380e+00,-9.389028370625819575e-02
-1.271476642992115380e+00,-9.389028370625819575e-02
-1.271476642992115380e+00,-9.389028370625819575e-02
-1.271476642992115380e+00,-9.389028370625819575e-02
-1.271476642992115380e+00,-9.389028370625819575e-02
-1.271476642992115380e+00,-9.389028370625819575e-02
-1.353964117604921302e+00,-3.441376690307354491e-02
-1.353964117604921302e+00,-3.441376690307354491e-02
-1.163792665963358619e+00,-1.440734335379849629e-01
-1.163792665963358619e+00,-1.440734335379849629e-01
-1.129698273432625077e+00,-1.050680629655023623e-02
-1.096555452297917954e+00,9.720065410363136482e-02
-1.096555452297917954e+00,9.720065410363136482e-02
-1.096555452297917954e+00,9.720065410363136482e-02
-1.096555452297917954e+00,9.720065410363136482e-02
-1.096555452297917954e+00,9.720065410363136482e-02
-1.248660557941531524e+00,-2.254187330787073562e-01
-1.496399972247529409e+00,-1.302447994851652080e-01
-1.445360163575118762e+00,1.023823778115794669e-01
-1.316170177519787599e+00,2.490720549157795782e-01
-1.316170177519787599e+00,2.490720549157795782e-01
-1.443289197124071999e+00,1.334940388642245623e-01
-1.443289197124071999e+00,1.334940388642245623e-01
-1.443289197124071999e+00,1.334940388642245623e-01
-1.443289197124071999e+00,1.334940388642245623e-01
-1.443289197124071999e+00,1.334940388642245623e-01
-1.243208774805727446e+00,2.220897544787027167e-01
-1.317266655095095107e+00,2.108469728112605801e-01
-1.317266655095095107e+00,2.108469728112605801e-01
-1.317266655095095107e+00,2.108469728112605801e-01
-1.264323052910031553e+00,2.352324405286049525e-01
-1.161347896552449521e+00,1.948028807644589799e-01
-1.161347896552449521e+00,1.948028807644589799e-01
-1.161347896552449521e+00,1.948028807644589799e-01
-1.161347896552449521e+00,1.948028807644589799e-01
-1.161347896552449521e+00,1.948028807644589799e-01
-1.161347896552449521e+00,1.948028807644589799e-01
-1.328517261775737923e+00,5.414371095583866977e-02
-1.328517261775737923e+00,5.414371095583866977e-02
-1.328517261775737923e+00,5.414371095583866977e-02
-1.328517261775737923e+00,5.414371095583866977e-02
-1.328517261775737923e+00,5.414371095583866977e-02
-1.328517261775737923e+00,5.414371095583866977e-02
-1.328517261775737923e+00,5.414371095583866977e-02
-1.328517261775737923e+00,5.414371095583866977e-02
-1.328517261775737923e+00,5.414371095583866977e-02
-1.390166146045688444e+00,8.367907142801311871e-02
-1.390166146045688444e+00,8.367907142801311871e-02
-1.390166146045688444e+00,8.367907142801311871e-02
-1.178990911015179721e+00,7.451577858714199254e-02
-1.321747951485433781e+00,-1.152067092369718077e-01
-1.321747951485433781e+00,-1.152067092369718077e-01
-1.097440531571179267e+00,-5.267338154384101911e-02
-1.141845328196233078e+00,5.518640169599815792e-02
-1.141845328196233078e+00,5.518640169599815792e-02
-9.978427067114060689e-01,1.627505203661984701e-01
-1.068248824281117448e+00,-2.097458176317591461e-01
-1.089062956441566810e+00,-9.768254765908511439e-02
-1.089062956441566810e+00,-9.768254765908511439e-02
-1.089062956441566810e+00,-9.768254765908511439e-02
-1.089062956441566810e+00,-9.768254765908511439e-02
-1.089062956441566810e+00,-9.768254765908511439e-02
-1.361191527746073326e+00,-2.958547036676911768e-02
-1.361191527746073326e+00,-2.958547036676911768e-02
-1.318461475093513302e+00,1.530562200478603474e-01
-1.390430395346296644e+00,1.444363396631449803e-01
-1.390430395346296644e+00,1.444363396631449803e-01
-1.390430395346296644e+00,1.444363396631449803e-01
-1.293787201855903346e+00,2.038328493436327993e-01
-1.293787201855903346e+00,2.038328493436327993e-01
-1.293787201855903346e+00,2.038328493436327993e-01
-1.185972999936858008e+00,2.636232584540356139e-01
-1.105526344024378327e+00,8.709240340379151291e-02
-1.105526344024378327e+00,8.709240340379151291e-02
-1.272524706455902876e+00,1.586911123082618280e-01
-1.272524706455902876e+00,1.586911123082618280e-01
-1.272524706455902876e+00,1.586911123082618280e-01
-1.272524706455902876e+00,1.586911123082618280e-01
-1.272524706455902876e+00,1.586911123082618280e-01
-1.265177116685736181e+00,1.466763827405728748e-02
-1.265177116685736181e+00,1.466763827405728748e-02
-1.265177116685736181e+00,1.466763827405728748e-02
-1.265177116685736181e+00,1.466763827405728748e-02
-1.265177116685736181e+00,1.466763827405728748e-02
-1.265177116685736181e+00,1.466763827405728748e-02
-1.265177116685736181e+00,1.466763827405728748e-02
-1.265177116685736181e+00,1.466763827405728748e-02
-1.413291304990122565e+00,3.468225767374893964e-02
-1.413291304990122565e+00,3.468225767374893964e-02
-1.413291304990122565e+00,3.468225767374893964e-02
-1.413291304990122565e+00,3.468225767374893964e-02
-1.413291304990122565e+00,3.468225767374893964e-02
-1.413291304990122565e+00,3.468225767374893964e-02
-1.413291304990122565e+00,3.468225767374893964e-02
-1.413291304990122565e+00,3.468225767374893964e-02
-1.237647761938381441e+00,-5.794344007141399855e-02
-1.237647761938381441e+00,-5.794344007141399855e-02
-1.237647761938381441e+00,-5.794344007141399855e-02
-1.237647761938381441e+00,-5.794344007141399855e-02
-1.257635510974044246e+00,-3.493718941834284691e-02
-1.257635510974044246e+00,-3.493718941834284691e-02
-1.257635510974044246e+00,-3.493718941834284691e-02
-1.257635510974044246e+00,-3.493718941834284691e-02
-1.164144015430013113e+00,7.639828571373347144e-02
-1.164144015430013113e+00,7.639828571373347144e-02
-1.164144015430013113e+00,7.639828571373347144e-02
-9.740498806201041138e-01,6.894370679523266487e-02
-9.740498806201041138e-01,6.894370679523266487e-02
-9.740498806201041138e-01,6.894370679523266487e-02
-9.740498806201041138e-01,6.894370679523266487e-02
-1.044503371850199702e+00,8.009085924611142326e-02
-1.250909821913826159e+00,1.540464252535577450e-01
-1.363999510044831220e+00,-4.058079730056241008e-02
-1.417018623997118087e+00,5.111550558437850944e-03
-1.417018623997118087e+00,5.111550558437850944e-03
-1.417018623997118087e+00,5.111550558437850944e-03
-1.295241940776377998e+00,1.121157707469771225e-01
-1.271634169303172079e+00,1.487916069606436686e-01
-1.225385317527829976e+00,1.513704807753766257e-01
-1.225385317527829976e+00,1.513704807753766257e-01
-1.225385317527829976e+00,1.513704807753766257e-01
-1.103320562451132858e+00,8.111140741023528666e-02
-1.103320562451132858e+00,8.111140741023528666e-02
-1.103320562451132858e+00,8.111140741023528666e-02
-1.103320562451132858e+00,8.111140741023528666e-02
-1.103320562451132858e+00,8.111140741023528666e-02
-1.103320562451132858e+00,8.111140741023528666e-02
-1.103320562451132858e+00,8.111140741023528666e-02
-1.103320562451132858e+00,8.111140741023528666e-02
-1.128716211896063193e+00,8.407915619740355395e-02
-1.128716211896063193e+00,8.407915619740355395e-02
-1.128716211896063193e+00,8.407915619740355395e-02
-1.128716211896063193e+00,8.407915619740355395e-02
-1.128716211896063193e+00,8.407915619740355395e-02
-1.128716211896063193e+00,8.407915619740355395e-02
-1.098617419950637997e+00,7.106624572552751318e-02
-1.098617419950637997e+00,7.106624572552751318e-02
-1.098617419950637997e+00,7.106624572552751318e-02
-1.229679343750369469e+00,4.551683658258516563e-02
-1.229679343750369469e+00,4.551683658258516563e-02
-1.229679343750369469e+00,4.551683658258516563e-02
-1.400571787299544679e+00,4.441264671851992418e-02
-1.458086225491953325e+00,2.715791211319267331e-02
-1.380906804272647781e+00,8.123680485098078163e-02
-1.380906804272647781e+00,8.123680485098078163e-02
-1.254049846120636413e+00,1.807364701993313949e-01
-1.254049846120636413e+00,1.807364701993313949e-01
-1.131016256854657120e+00,2.390660051523285368e-01
-1.218577872825059805e+00,1.085610521059193201e-01
-1.218577872825059805e+00,1.085610521059193201e-01
-1.341244329459754914e+00,5.374285742881414890e-02
-1.341244329459754914e+00,5.374285742881414890e-02
-1.364111110702773244e+00,-8.323104978114201358e-02
-1.364111110702773244e+00,-8.323104978114201358e-02
-1.364111110702773244e+00,-8.323104978114201358e-02
-1.447308640783057765e+00,3.305672825200603460e-02
-1.126435753173013143e+00,-1.316326738554279008e-01
-1.126435753173013143e+00,-1.316326738554279008e-01
-1.107125814259221297e+00,2.501925377987129773e-03
-1.107125814259221297e+00,2.501925377987129773e-03
-1.107125814259221297e+00,2.501925377987129773e-03
-1.107125814259221297e+00,2.501925377987129773e-03
-1.408427169780885890e+00,1.121128939359541388e-01
-1.408427169780885890e+00,1.121128939359541388e-01
-1.408427169780885890e+00,1.121128939359541388e-01
-1.408427169780885890e+00,1.121128939359541388e-01
-1.408427169780885890e+00,1.121128939359541388e-01
-1.408427169780885890e+00,1.121128939359541388e-01
-1.408427169780885890e+00,1.121128939359541388e-01
-1.408427169780885890e+00,1.121128939359541388e-01
-1.408427169780885890e+00,1.121128939359541388e-01
-1.504086430884041592e+00,-1.010458326884787761e-01
-1.442004158076325648e+00,4.557797491136406087e-02
-1.442004158076325648e+00,4.557797491136406087e-02
-1.442004158076325648e+00,4.557797491136406087e-02
-1.315878137749386667e+00,-3.791273035204002773e-02
-1.315878137749386667e+00,-3.791273035204002773e-02
-1.315878137749386667e+00,-3.791273035204002773e-02
-1.234083257739642336e+00,7.002553436679248566e-02
-1.234083257739642336e+00,7.002553436679248566e-02
-1.107738657752310285e+00,-4.360931911195096988e-02
-1.168441629622379851e+00,-1.324864231151148819e-01
-1.284994032260697416e+00,7.119091589874543269e-02
-1.284994032260697416e+00,7.119091589874543269e-02
-1.284994032260697416e+00,7.119091589874543269e-02
-1.284994032260697416e+00,7.119091589874543269e-02
-1.284994032260697416e+00,7.119091589874543269e-02
-1.181988865886497209e+00,4.128588532793811550e-03
-1.151034363625369039e+00,2.109948816926797699e-01
-1.065457766653889138e+00,-1.997784685172179775e-02
-1.092489101559485087e+00,-1.320290578115683178e-01
-1.226993018521786327e+00,-1.830167067704858153e-01
-1.424970306308742218e+00,-5.448058565721755619e-02
-1.424970306308742218e+00,-5.448058565721755619e-02
-1.424970306308742218e+00,-5.448058565721755619e-02
-1.424970306308742218e+00,-5.448058565721755619e-02
-1.424970306308742218e+00,-5.448058565721755619e-02
-1.424970306308742218e+00,-5.448058565721755619e-02
-1.424970306308742218e+00,-5.448058565721755619e-02
-1.424970306308742218e+00,-5.448058565721755619e-02
-1.355266371007303183e+00,1.057181854248474273e-01
-1.355266371007303183e+00,1.057181854248474273e-01
-1.355266371007303183e+00,1.057181854248474273e-01
-1.355266371007303183e+00,1.057181854248474273e-01
-1.355266371007303183e+00,1.057181854248474273e-01
-1.345614396260889301e+00,-9.167631497708245147e-02
-1.345614396260889301e+00,-9.167631497708245147e-02
-1.345614396260889301e+00,-9.167631497708245147e-02
-1.225190485413545582e+00,-1.000252987577047864e-01
-1.225190485413545582e+00,-1.000252987577047864e-01
-1.225190485413545582e+00,-1.000252987577047864e-01
-1.225190485413545582e+00,-1.000252987577047864e-01
-1.225190485413545582e+00,-1.000252987577047864e-01
-1.225190485413545582e+00,-1.000252987577047864e-01
-1.225190485413545582e+00,-1.000252987577047864e-01
-1.102612065652458950e+00,-5.107478060949709187e-02
-1.313626218022361902e+00,1.143900353352885896e-01
-1.335636925821054533e+00,8.333423385297136776e-02
-1.335636925821054533e+00,8.333423385297136776e-02
-1.335636925821054533e+00,8.333423385297136776e-02
-1.214422231401490748e+00,-2.268182966155334046e-02
-1.281013519690256786e+00,1.260392988722688901e-01
-1.303663478372889317e+00,8.812008796953332834e-02
-1.303663478372889317e+00,8.812008796953332834e-02
-1.303663478372889317e+00,8.812008796953332834e-02
-1.278228495082705640e+00,2.875151980829468434e-02
-1.278228495082705640e+00,2.875151980829468434e-02
-1.348907977282180370e+00,-1.400310751876683302e-01
-1.348907977282180370e+00,-1.400310751876683302e-01
-1.348907977282180370e+00,-1.400310751876683302e-01
-1.223749278305865662e+00,-1.151345145470610704e-01
-1.317317164289794951e+00,-1.321742780286148666e-01
-1.317317164289794951e+00,-1.321742780286148666e-01
-1.317317164289794951e+00,-1.321742780286148666e-01
-1.317317164289794951e+00,-1.321742780286148666e-01
-1.317317164289794951e+00,-1.321742780286148666e-01
-1.317317164289794951e+00,-1.321742780286148666e-01
-1.473224934524369756e+00,-5.178392792010447221e-02
-1.327311717425149196e+00,1.364233314353602289e-01
-1.124124893112572465e+00,9.181059543833205994e-02
-1.124124893112572465e+00,9.181059543833205994e-02
-1.124124893112572465e+00,9.181059543833205994e-02
-1.084972404884802843e+00,-3.124728548069310996e-02
-1.084972404884802843e+00,-3.124728548069310996e-02
-1.084972404884802843e+00,-3.124728548069310996e-02
-1.196966737198419173e+00,1.794725177822514839e-01
-1.206281683772049806e+00,1.885104066238869891e-01
-1.206281683772049806e+00,1.885104066238869891e-01
-1.338667749897443748e+00,9.777344384314616554e-02
-1.338667749897443748e+00,9.777344384314616554e-02
-1.355355134848031051e+00,5.241974359134581041e-02
-1.139583826572579062e+00,-5.884395498145256198e-02
-1.139583826572579062e+00,-5.884395498145256198e-02
-1.139583826572579062e+00,-5.884395498145256198e-02
-1.258391366780301279e+00,-7.621237558092640307e-02
-1.258391366780301279e+00,-7.621237558092640307e-02
-1.258391366780301279e+00,-7.621237558092640307e-02
-1.149704495822291062e+00,-7.928588432944794206e-02
-1.149704495822291062e+00,-7.928588432944794206e-02
-1.149704495822291062e+00,-7.928588432944794206e-02
-1.344339727742603019e+00,4.199380588683350457e-02
-1.344339727742603019e+00,4.199380588683350457e-02
-1.252338319352492402e+00,-6.289880738137143545e-02
-1.252338319352492402e+00,-6.289880738137143545e-02
-1.252338319352492402e+00,-6.289880738137143545e-02
-1.361923893018147647e+00,1.165537099161035040e-01
-1.361923893018147647e+00,1.165537099161035040e-01
-1.361923893018147647e+00,1.165537099161035040e-01
-1.398505448200655144e+00,7.422646991803635852e-02
-1.338067659992575154e+00,8.213529656785575894e-02
-1.338067659992575154e+00,8.213529656785575894e-02
-1.342295576980134575e+00,2.269692475686439087e-02
-1.168207482991034274e+00,3.482951649222059548e-02
-1.168207482991034274e+00,3.482951649222059548e-02
-1.168207482991034274e+00,3.482951649222059548e-02
-1.132519056149075665e+00,1.439738280046523600e-03
-1.132519056149075665e+00,1.439738280046523600e-03
-1.211089868466100672e+00,7.800138857373602186e-02
-1.211089868466100672e+00,7.800138857373602186e-02
-1.211089868466100672e+00,7.800138857373602186e-02
-1.211089868466100672e+00,7.800138857373602186e-02
-1.211089868466100672e+00,7.800138857373602186e-02
-1.145020368857429416e+00,1.513195257310098740e-02
-1.145020368857429416e+00,1.513195257310098740e-02
-1.145020368857429416e+00,1.513195257310098740e-02
-1.076934565657469367e+00,2.469459301655138606e-03
-1.076934565657469367e+00,2.469459301655138606e-03
-1.076934565657469367e+00,2.469459301655138606e-03
-1.076934565657469367e+00,2.469459301655138606e-03
-1.076934565657469367e+00,2.469459301655138606e-03
-1.101344346769142613e+00,5.174432095912714219e-02
-1.101344346769142613e+00,5.174432095912714219e-02
-1.101344346769142613e+00,5.174432095912714219e-02
-1.101344346769142613e+00,5.174432095912714219e-02
-1.101344346769142613e+00,5.174432095912714219e-02
-1.101344346769142613e+00,5.174432095912714219e-02
-1.075520967565322783e+00,1.896947428291588522e-02
-1.075520967565322783e+00,1.896947428291588522e-02
-1.075520967565322783e+00,1.896947428291588522e-02
-1.075520967565322783e+00,1.896947428291588522e-02
-1.183371986637558493e+00,-8.653934825297211753e-02
-1.183371986637558493e+00,-8.653934825297211753e-02
-1.187577090834027960e+00,-1.494694117380008236e-01
-1.187577090834027960e+00,-1.494694117380008236e-01
-1.092946311127182435e+00,-1.554144126907391898e-01
-1.092946311127182435e+00,-1.554144126907391898e-01
-1.267884380935356381e+00,-3.367025413535215672e-02
-1.261402518087415769e+00,-1.057012418346611471e-01
-1.261402518087415769e+00,-1.057012418346611471e-01
-1.261402518087415769e+00,-1.057012418346611471e-01
-1.105970027173719838e+00,-1.749683741018467353e-01
-1.105970027173719838e+00,-1.749683741018467353e-01
-1.422383721437225912e+00,-1.158158822578510272e-01
-1.422383721437225912e+00,-1.158158822578510272e-01
-1.422383721437225912e+00,-1.158158822578510272e-01
-1.299054966346850248e+00,7.238658551629351123e-02
-1.167984576781224471e+00,-8.193936647608240920e-02
-1.269335605672426981e+00,-3.838997641500910968e-02
-1.269335605672426981e+00,-3.838997641500910968e-02
-1.305723094228134595e+00,-1.336998531448461286e-02
-1.305723094228134595e+00,-1.336998531448461286e-02
-1.202715071129973223e+00,-6.648427881966781014e-03
-1.202715071129973223e+00,-6.648427881966781014e-03
-1.202715071129973223e+00,-6.648427881966781014e-03
-1.202715071129973223e+00,-6.648427881966781014e-03
-1.202715071129973223e+00,-6.648427881966781014e-03
-1.202715071129973223e+00,-6.648427881966781014e-03
-1.202715071129973223e+00,-6.648427881966781014e-03
-1.202715071129973223e+00,-6.648427881966781014e-03
-1.202715071129973223e+00,-6.648427881966781014e-03
-1.116032565119245756e+00,1.350658327425457716e-01
-1.113034232704005033e+00,2.692620192942064561e-01
-9.706723933154590700e-01,-7.949595924824609527e-02
-9.706723933154590700e-01,-7.949595924824609527e-02
-1.114343269726149943e+00,-1.199959932752996672e-01
-1.114343269726149943e+00,-1.199959932752996672e-01
-1.292904940200947372e+00,1.054134900364775418e-01
-1.166594611196068776e+00,4.628849365240551156e-02
-1.166594611196068776e+00,4.628849365240551156e-02
-1.182002446827772335e+00,1.739048165061112330e-02
-1.182002446827772335e+00,1.739048165061112330e-02
-1.182002446827772335e+00,1.739048165061112330e-02
-1.182002446827772335e+00,1.739048165061112330e-02
-1.299708445161337433e+00,8.848295510949029385e-02
-1.299708445161337433e+00,8.848295510949029385e-02
-1.299708445161337433e+00,8.848295510949029385e-02
-1.299708445161337433e+00,8.848295510949029385e-02
-1.299708445161337433e+00,8.848295510949029385e-02
-1.299708445161337433e+00,8.848295510949029385e-02
-1.299708445161337433e+00,8.848295510949029385e-02
-1.299708445161337433e+00,8.848295510949029385e-02
-1.368136043607946606e+00,-5.345255095284705271e-02
-1.368136043607946606e+00,-5.345255095284705271e-02
-1.368136043607946606e+00,-5.345255095284705271e-02
-1.368136043607946606e+00,-5.345255095284705271e-02
-1.176023252224830840e+00,4.284992903525457197e-02
-1.176023252224830840e+00,4.284992903525457197e-02
-1.176023252224830840e+00,4.284992903525457197e-02
-1.331887947128765015e+00,5.584845898363314382e-02
-1.331887947128765015e+00,5.584845898363314382e-02
-1.331887947128765015e+00,5.584845898363314382e-02
-1.331887947128765015e+00,5.584845898363314382e-02
-1.326528549634529375e+00,9.740904906318439971e-02
-1.326528549634529375e+00,9.740904906318439971e-02
-1.326528549634529375e+00,9.740904906318439971e-02
-1.242615651958217216e+00,9.203294661218526518e-02
-1.242615651958217216e+00,9.203294661218526518e-02
-1.423939154335397861e+00,4.255182254541869241e-02
-1.350521350681403554e+00,-5.735625367476027830e-02
-1.350521350681403554e+00,-5.735625367476027830e-02
-1.361171322786712379e+00,4.532357951774392685e-02
-1.361171322786712379e+00,4.532357951774392685e-02
-1.361171322786712379e+00,4.532357951774392685e-02
-1.361171322786712379e+00,4.532357951774392685e-02
-1.059957218916866228e+00,7.792959704362119322e-03
-1.207102851388444087e+00,-1.026285814917416994e-01
-1.008830438038305966e+00,-1.760812526934610878e-01
-1.008830438038305966e+00,-1.760812526934610878e-01
-1.008830438038305966e+00,-1.760812526934610878e-01
-1.166910208062728938e+00,-1.614240525055998243e-01
-1.166910208062728938e+00,-1.614240525055998243e-01
-1.396580801586971399e+00,1.970582833379613819e-03
-1.396580801586971399e+00,1.970582833379613819e-03
-1.396580801586971399e+00,1.970582833379613819e-03
-1.396580801586971399e+00,1.970582833379613819e-03
-1.396580801586971399e+00,1.970582833379613819e-03
-1.396580801586971399e+00,1.970582833379613819e-03
-1.396580801586971399e+00,1.970582833379613819e-03
-1.396580801586971399e+00,1.970582833379613819e-03
-1.249772358615816481e+00,-4.947462914038967818e-02
-1.207876764139579784e+00,-3.246419662078545154e-02
-1.207876764139579784e+00,-3.246419662078545154e-02
-1.331220832581718527e+00,-4.334793301836158130e-02
-1.187070514771030760e+00,1.175378101317572227e-02
-1.187070514771030760e+00,1.175378101317572227e-02
-1.329260000596176328e+00,-1.554662786520756845e-01
-1.371869621143148699e+00,-8.636339525475644763e-02
-1.454628859398698904e+00,-4.904113148710109032e-02
-1.454628859398698904e+00,-4.904113148710109032e-02
-1.535326060757697508e+00,-2.365053758602896419e-02
-1.535326060757697508e+00,-2.365053758602896419e-02
-1.535326060757697508e+00,-2.365053758602896419e-02
-1.535326060757697508e+00,-2.365053758602896419e-02
-1.535326060757697508e+00,-2.365053758602896419e-02
-1.535326060757697508e+00,-2.365053758602896419e-02
-1.259797080643554335e+00,-7.112199546047782983e-03
-1.259797080643554335e+00,-7.112199546047782983e-03
-1.248114954719566461e+00,-1.941460971357261006e-02
-1.248114954719566461e+00,-1.941460971357261006e-02
-1.410175442580274385e+00,-1.022253691904167205e-01
-1.410175442580274385e+00,-1.022253691904167205e-01
-1.410175442580274385e+00,-1.022253691904167205e-01
-1.410175442580274385e+00,-1.022253691904167205e-01
-1.322652763599207582e+00,-1.556093301093802728e-01
-1.408488400159400467e+00,-1.521492003077312694e-02
-1.408488400159400467e+00,-1.521492003077312694e-02
-1.408488400159400467e+00,-1.521492003077312694e-02
-1.408488400159400467e+00,-1.521492003077312694e-02
-1.312171371364019512e+00,-7.821550626366410852e-02
-1.312171371364019512e+00,-7.821550626366410852e-02
-1.354229891364580274e+00,-7.560594275233976924e-02
-1.233948647312163471e+00,3.897600590157009048e-02
-1.285649416059062355e+00,1.028347234547695999e-01
-1.264476905402355689e+00,7.163203523866490396e-02
-1.264476905402355689e+00,7.163203523866490396e-02
-1.264476905402355689e+00,7.163203523866490396e-02
-1.264476905402355689e+00,7.163203523866490396e-02
-1.111961226583735307e+00,-6.038629045995996814e-02
-1.111961226583735307e+00,-6.038629045995996814e-02
-1.084357241013415685e+00,8.955013080054699537e-02
-1.084357241013415685e+00,8.955013080054699537e-02
-9.837339335603805246e-01,-9.914342062624348362e-02
-1.276529235442551258e+00,-1.362611131790381347e-01
-1.276529235442551258e+00,-1.362611131790381347e-01
-1.160659784930499594e+00,-1.028962631564586672e-01
-1.160659784930499594e+00,-1.028962631564586672e-01
-1.160659784930499594e+00,-1.028962631564586672e-01
-1.160659784930499594e+00,-1.028962631564586672e-01
-1.160659784930499594e+00,-1.028962631564586672e-01
-1.160659784930499594e+00,-1.028962631564586672e-01
-1.138570069217566649e+00,-6.945800497446523447e-02
-1.138570069217566649e+00,-6.945800497446523447e-02
-1.205717850120385570e+00,3.634990083834974128e-02
-1.205717850120385570e+00,3.634990083834974128e-02
-1.205717850120385570e+00,3.634990083834974128e-02
-1.282856438985665148e+00,6.755171165185891446e-02
-1.281164031314414808e+00,9.544846651834726359e-02
-1.281164031314414808e+00,9.544846651834726359e-02
-1.281164031314414808e+00,9.544846651834726359e-02
-1.195477744912919471e+00,1.185506621244200726e-01
-1.166939187663168731e+00,1.307410851276292474e-01
-1.166939187663168731e+00,1.307410851276292474e-01
-1.288919377815253009e+00,7.404701719976133911e-03
-1.233298943066458486e+00,-1.785517398940583700e-02
-1.155508512913099528e+00,-1.655909963434917809e-01
-1.470241786282909580e+00,1.079724663958508968e-02
-1.519849860516637285e+00,-5.856809949664354420e-02
-1.412071195698330062e+00,-7.684970922850850594e-02
-1.412071195698330062e+00,-7.684970922850850594e-02
-1.478145464870592285e+00,2.037312215501868584e-02
-1.478145464870592285e+00,2.037312215501868584e-02
-1.393192434766290955e+00,-1.504146427847981027e-01
-1.393192434766290955e+00,-1.504146427847981027e-01
-1.393192434766290955e+00,-1.504146427847981027e-01
-1.393192434766290955e+00,-1.504146427847981027e-01
-1.393192434766290955e+00,-1.504146427847981027e-01
-1.393192434766290955e+00,-1.504146427847981027e-01
-1.393192434766290955e+00,-1.504146427847981027e-01
-1.369540829295080364e+00,7.506638948749946860e-02
-1.354108898955196816e+00,1.456197201952930120e-01
-1.354108898955196816e+00,1.456197201952930120e-01
-1.275678138338129042e+00,-4.689643897646436632e-02
-1.275678138338129042e+00,-4.689643897646436632e-02
-1.166497926091107917e+00,1.107799759842289372e-02
-1.300643664580707792e+00,1.281041527785388157e-01
-1.300643664580707792e+00,1.281041527785388157e-01
-1.300643664580707792e+00,1.281041527785388157e-01
-1.300643664580707792e+00,1.281041527785388157e-01
-1.300643664580707792e+00,1.281041527785388157e-01
-1.300643664580707792e+00,1.281041527785388157e-01
-1.317589179391800425e+00,9.529576558873931180e-02
-1.228246195051553968e+00,-5.930857295401537055e-02
-1.228246195051553968e+00,-5.930857295401537055e-02
-1.228246195051553968e+00,-5.930857295401537055e-02
-1.228246195051553968e+00,-5.930857295401537055e-02
-1.228246195051553968e+00,-5.930857295401537055e-02
-1.228246195051553968e+00,-5.930857295401537055e-02
-1.246466516182797912e+00,-3.039511523881571753e-03
-1.246466516182797912e+00,-3.039511523881571753e-03
-1.278337343140768079e+00,1.781616702923843887e-01
-1.172104527686704811e+00,1.723823626307036117e-01
-1.185262068819677994e+00,-5.347325480980602563e-03
-1.123916911868241053e+00,-9.605117404063195918e-02
-1.088169306333504727e+00,-4.793419214741647533e-02
-1.088169306333504727e+00,-4.793419214741647533e-02
-1.088169306333504727e+00,-4.793419214741647533e-02
-1.088169306333504727e+00,-4.793419214741647533e-02
-1.088169306333504727e+00,-4.793419214741647533e-02
-1.088169306333504727e+00,-4.793419214741647533e-02
-1.173995335874229884e+00,-6.091631172655485871e-02
-1.173995335874229884e+00,-6.091631172655485871e-02
-1.173995335874229884e+00,-6.091631172655485871e-02
-1.173995335874229884e+00,-6.091631172655485871e-02
-1.166830836695527784e+00,-1.635207942393566705e-01
-1.103946548744316969e+00,-2.462143314824641882e-01
-1.179123973728076535e+00,-1.399475703646768654e-01
-1.179123973728076535e+00,-1.399475703646768654e-01
-1.273996579859880462e+00,-7.741358541944656779e-02
-1.396550980388884478e+00,-4.242800248161861243e-02
-1.151063386052718407e+00,1.385340917445322950e-01
-1.170889800221723842e+00,3.662646958666454511e-02
-1.170889800221723842e+00,3.662646958666454511e-02
-1.235153031887738173e+00,1.155432747297980706e-01
-1.235153031887738173e+00,1.155432747297980706e-01
-1.335575491669638737e+00,1.193470915215626149e-01
-1.315464422480191020e+00,-6.000417753937475895e-03
-1.315464422480191020e+00,-6.000417753937475895e-03
-1.315464422480191020e+00,-6.000417753937475895e-03
-1.315464422480191020e+00,-6.000417753937475895e-03
-1.315464422480191020e+00,-6.000417753937475895e-03
-1.308074596443412396e+00,5.528752886007687328e-02
-1.308074596443412396e+00,5.528752886007687328e-02
-1.308074596443412396e+00,5.528752886007687328e-02
-1.347256420635354335e+00,4.211185997765730382e-02
-1.331149789896974633e+00,9.083266387344433868e-03
-1.331149789896974633e+00,9.083266387344433868e-03
-1.207474795415177882e+00,1.063436177667976060e-02
-1.207474795415177882e+00,1.063436177667976060e-02
-1.207474795415177882e+00,1.063436177667976060e-02
-1.207474795415177882e+00,1.063436177667976060e-02
-1.207474795415177882e+00,1.063436177667976060e-02
-1.207474795415177882e+00,1.063436177667976060e-02
-1.334207921466511015e+00,-5.188559686184977815e-02
-1.334207921466511015e+00,-5.188559686184977815e-02
-1.334207921466511015e+00,-5.188559686184977815e-02
-1.334207921466511015e+00,-5.188559686184977815e-02
-1.334207921466511015e+00,-5.188559686184977815e-02
-1.334207921466511015e+00,-5.188559686184977815e-02
-1.334207921466511015e+00,-5.188559686184977815e-02
-1.334207921466511015e+00,-5.188559686184977815e-02
-1.334207921466511015e+00,-5.188559686184977815e-02
-1.334207921466511015e+00,-5.188559686184977815e-02
-1.225262065518005983e+00,-4.682720603951586597e-02
-1.225262065518005983e+00,-4.682720603951586597e-02
-1.225262065518005983e+00,-4.682720603951586597e-02
-1.441012973015546317e+00,6.024075361128810452e-02
-1.441012973015546317e+00,6.024075361128810452e-02
-1.333288121573384721e+00,-1.419208870808625900e-01
-1.115844449511954828e+00,-6.003703726361973858e-02
-1.247919257874352317e+00,-1.414728789187713609e-01
-1.163486737780962788e+00,5.313723246657361954e-02
-1.163486737780962788e+00,5.313723246657361954e-02
-1.163486737780962788e+00,5.313723246657361954e-02
-1.242446285865342670e+00,6.670092676925909458e-02
-1.242446285865342670e+00,6.670092676925909458e-02
-1.334370112992616653e+00,-1.087385664936035556e-01
-1.299020430502555001e+00,-7.398579521353873534e-02
-1.299020430502555001e+00,-7.398579521353873534e-02
-1.377854395944358989e+00,4.700429510808248890e-03
-1.205838552227184612e+00,2.573773319331365897e-02
-1.205838552227184612e+00,2.573773319331365897e-02
-1.205838552227184612e+00,2.573773319331365897e-02
-1.205838552227184612e+00,2.573773319331365897e-02
-1.424740522098322915e+00,8.913058923873404260e-02
-1.323279779538649947e+00,-9.053362518981933338e-02
-1.323279779538649947e+00,-9.053362518981933338e-02
-1.323279779538649947e+00,-9.053362518981933338e-02
-1.323279779538649947e+00,-9.053362518981933338e-02
-1.313419856653799345e+00,8.119129537440245015e-02
-1.313419856653799345e+00,8.119129537440245015e-02
-1.288991710846589589e+00,2.488800068288683776e-02
-1.288991710846589589e+00,2.488800068288683776e-02
-1.288991710846589589e+00,2.488800068288683776e-02
-1.430439743560268262e+00,1.324084905004919710e-01
-1.363758913066298151e+00,8.027077812721233885e-02
-1.363758913066298151e+00,8.027077812721233885e-02
-1.363758913066298151e+00,8.027077812721233885e-02
-1.363758913066298151e+00,8.027077812721233885e-02
-1.363758913066298151e+00,8.027077812721233885e-02
-1.160971210396515518e+00,-5.880083028358459862e-02
-1.160971210396515518e+00,-5.880083028358459862e-02
-8.972850579919426917e-01,-7.723273807959915582e-02
-8.972850579919426917e-01,-7.723273807959915582e-02
-8.972850579919426917e-01,-7.723273807959915582e-02
-9.977146666406935260e-01,-1.577108102830186431e-01
-9.977146666406935260e-01,-1.577108102830186431e-01
-1.193084895285690727e+00,-2.027094741052137827e-01
-1.193084895285690727e+00,-2.027094741052137827e-01
-1.193084895285690727e+00,-2.027094741052137827e-01
-1.466838035755737346e+00,-4.365952608586401440e-02
-1.580771078967123877e+00,1.003261815599564288e-01
-1.580771078967123877e+00,1.003261815599564288e-01
-1.580771078967123877e+00,1.003261815599564288e-01
-1.246141523905609283e+00,4.528194904035641455e-02
-1.210931334871289566e+00,2.302383946276080270e-02
-1.210931334871289566e+00,2.302383946276080270e-02
-1.210931334871289566e+00,2.302383946276080270e-02
-1.231554201926720937e+00,4.892488278043279071e-02
-1.231554201926720937e+00,4.892488278043279071e-02
-1.231554201926720937e+00,4.892488278043279071e-02
-1.231554201926720937e+00,4.892488278043279071e-02
-1.293680178553135107e+00,9.707500365876470250e-02
-1.293680178553135107e+00,9.707500365876470250e-02
-1.236237302292880091e+00,-1.243963988680028832e-02
-1.236237302292880091e+00,-1.243963988680028832e-02
-1.200139204540128901e+00,-9.281271929987335023e-02
-1.346001445435010435e+00,6.774457686097697107e-02
-1.346001445435010435e+00,6.774457686097697107e-02
-1.420947236287682935e+00,1.009497150561185774e-01
-1.420947236287682935e+00,1.009497150561185774e-01
-1.420947236287682935e+00,1.009497150561185774e-01
-1.141806973399369651e+00,-1.089025823739868393e-02
-1.141806973399369651e+00,-1.089025823739868393e-02
-1.409059281646166673e+00,-5.712530909223556552e-02
-1.349718252918327366e+00,1.423992145860174807e-01
-1.349718252918327366e+00,1.423992145860174807e-01
-1.349718252918327366e+00,1.423992145860174807e-01
-1.340679379263485682e+00,2.533456701893170848e-01
-1.476384837404798533e+00,1.370540543977858960e-01
-1.562713173656242516e+00,-5.307794699632009672e-02
-1.377585810078798767e+00,7.302534857794915069e-02
-1.377585810078798767e+00,7.302534857794915069e-02
-1.377585810078798767e+00,7.302534857794915069e-02
-1.377585810078798767e+00,7.302534857794915069e-02
-1.214819844869563514e+00,1.901362269122048310e-01
-1.159414973915475766e+00,2.378805991774204931e-01
-1.374194580215407635e+00,2.608420961630247836e-01
-1.305746597923464591e+00,1.771256655272905323e-01
-1.305746597923464591e+00,1.771256655272905323e-01
-1.223584169023748336e+00,1.511819971290034037e-01
-1.186924326115840200e+00,4.851625993176650331e-02
-1.186924326115840200e+00,4.851625993176650331e-02
-1.186924326115840200e+00,4.851625993176650331e-02
-1.186924326115840200e+00,4.851625993176650331e-02
-1.186924326115840200e+00,4.851625993176650331e-02
-1.186924326115840200e+00,4.851625993176650331e-02
-1.228222885265287445e+00,1.263442232991808800e-01
-1.228222885265287445e+00,1.263442232991808800e-01
-1.228222885265287445e+00,1.263442232991808800e-01
-1.191666138964275090e+00,1.279376375966012891e-01
-1.113738989892087305e+00,-1.211951600724608946e-01
-1.379987481037461494e+00,-2.048539162646605127e-02
-1.379987481037461494e+00,-2.048539162646605127e-02
-1.379987481037461494e+00,-2.048539162646605127e-02
-1.379987481037461494e+00,-2.048539162646605127e-02
-1.379987481037461494e+00,-2.048539162646605127e-02
-1.379987481037461494e+00,-2.048539162646605127e-02
-1.310364880544327981e+00,-1.585018722587068496e-02
-1.310364880544327981e+00,-1.585018722587068496e-02
-1.310364880544327981e+00,-1.585018722587068496e-02
-1.310364880544327981e+00,-1.585018722587068496e-02
-1.310364880544327981e+00,-1.585018722587068496e-02
-1.310364880544327981e+00,-1.585018722587068496e-02
-1.310364880544327981e+00,-1.585018722587068496e-02
-1.310364880544327981e+00,-1.585018722587068496e-02
-1.233526754723050622e+00,7.906766043640367503e-02
-1.233526754723050622e+00,7.906766043640367503e-02
-1.233526754723050622e+00,7.906766043640367503e-02
-1.233526754723050622e+00,7.906766043640367503e-02
-1.233526754723050622e+00,7.906766043640367503e-02
-1.233526754723050622e+00,7.906766043640367503e-02
-1.233526754723050622e+00,7.906766043640367503e-02
-1.233526754723050622e+00,7.906766043640367503e-02
-1.233526754723050622e+00,7.906766043640367503e-02
-1.233526754723050622e+00,7.906766043640367503e-02
-1.432723790410013187e+00,-1.192160887489690513e-03
-1.432723790410013187e+00,-1.192160887489690513e-03
-1.432723790410013187e+00,-1.192160887489690513e-03
-1.432723790410013187e+00,-1.192160887489690513e-03
-1.402115149438827979e+00,1.727925309832079384e-02
-1.402115149438827979e+00,1.727925309832079384e-02
-1.402115149438827979e+00,1.727925309832079384e-02
-1.402115149438827979e+00,1.727925309832079384e-02
-1.402115149438827979e+00,1.727925309832079384e-02
-1.402115149438827979e+00,1.727925309832079384e-02
-1.402115149438827979e+00,1.727925309832079384e-02
-1.283442307008410666e+00,-1.378438012426934645e-01
-1.321840930743727327e+00,1.115931207529627378e-02
-1.321840930743727327e+00,1.115931207529627378e-02
-1.399135906079996383e+00,4.728451341948074899e-02
-1.399135906079996383e+00,4.728451341948074899e-02
-1.399135906079996383e+00,4.728451341948074899e-02
-1.399135906079996383e+00,4.728451341948074899e-02
-1.242760811283361688e+00,-1.972484158604747295e-01
-1.242760811283361688e+00,-1.972484158604747295e-01
-1.147163585736286961e+00,-1.372318635355817551e-01
-1.147163585736286961e+00,-1.372318635355817551e-01
-1.147163585736286961e+00,-1.372318635355817551e-01
-1.147163585736286961e+00,-1.372318635355817551e-01
-1.180311593721335317e+00,-2.923447136599276464e-01
-9.455387444875802405e-01,-1.733537150752712253e-01
-9.455387444875802405e-01,-1.733537150752712253e-01
-1.239582946865652513e+00,-1.998039238023474606e-01
-1.239582946865652513e+00,-1.998039238023474606e-01
-1.285759576552682359e+00,-1.263993224847169139e-01
-1.249220703453442827e+00,8.410552724646064293e-02
-1.169522339270080646e+00,1.477658791947377148e-01
-1.203310291352702732e+00,1.517717427173029543e-01
-1.075480832893112693e+00,-7.391610517423127802e-02
-1.075480832893112693e+00,-7.391610517423127802e-02
-1.075480832893112693e+00,-7.391610517423127802e-02
-1.075480832893112693e+00,-7.391610517423127802e-02
-1.075480832893112693e+00,-7.391610517423127802e-02
-1.158907548713289604e+00,9.046715260097631939e-02
-1.158907548713289604e+00,9.046715260097631939e-02
-1.336617682373332228e+00,1.166650376320810811e-01
-1.336617682373332228e+00,1.166650376320810811e-01
-1.394372659034273321e+00,-8.311625574512082615e-02
-1.394372659034273321e+00,-8.311625574512082615e-02
-1.394372659034273321e+00,-8.311625574512082615e-02
-1.325939926962679927e+00,8.360013348467795757e-03
-1.325939926962679927e+00,8.360013348467795757e-03
-1.325939926962679927e+00,8.360013348467795757e-03
-1.269665042868580063e+00,-1.443969765906806257e-01
-1.444823066690225977e+00,-6.432719200073935828e-02
-1.444823066690225977e+00,-6.432719200073935828e-02
-1.444823066690225977e+00,-6.432719200073935828e-02
-1.235800232275860111e+00,1.147004261565006678e-01
-1.235800232275860111e+00,1.147004261565006678e-01
-1.235800232275860111e+00,1.147004261565006678e-01
-1.126021049576192645e+00,3.298679314618627179e-02
-1.126021049576192645e+00,3.298679314618627179e-02
-1.126021049576192645e+00,3.298679314618627179e-02
-1.126021049576192645e+00,3.298679314618627179e-02
-1.126021049576192645e+00,3.298679314618627179e-02
-1.157264559261882653e+00,6.824444439436994081e-02
-1.157264559261882653e+00,6.824444439436994081e-02
-1.157264559261882653e+00,6.824444439436994081e-02
-1.386396159565399966e+00,1.823681479550267465e-02
-1.516095675916329988e+00,-1.080931227142676587e-01
-1.486413264598665185e+00,1.085023923095210230e-02
-1.486413264598665185e+00,1.085023923095210230e-02
-1.404151952027032468e+00,1.786346232412133750e-01
-1.404151952027032468e+00,1.786346232412133750e-01
-1.404151952027032468e+00,1.786346232412133750e-01
-1.404151952027032468e+00,1.786346232412133750e-01
-1.254592877676981910e+00,-9.328192813933755545e-02
-1.254592877676981910e+00,-9.328192813933755545e-02
-1.254592877676981910e+00,-9.328192813933755545e-02
-1.148275005794659576e+00,3.977889711480819823e-02
-1.148275005794659576e+00,3.977889711480819823e-02
-1.244138701463098018e+00,3.320799806635574281e-02
-1.244138701463098018e+00,3.320799806635574281e-02
-1.327891086898650874e+00,-3.114283475880626206e-02
-1.327891086898650874e+00,-3.114283475880626206e-02
-1.327891086898650874e+00,-3.114283475880626206e-02
-1.327891086898650874e+00,-3.114283475880626206e-02
-1.327891086898650874e+00,-3.114283475880626206e-02
-1.327891086898650874e+00,-3.114283475880626206e-02
-1.327891086898650874e+00,-3.114283475880626206e-02
-1.244762168876790032e+00,-2.650517348311072149e-02
-1.191772445471056097e+00,1.729326998671053620e-02
-1.191772445471056097e+00,1.729326998671053620e-02
-1.201317849072428334e+00,1.308353991009663930e-01
-1.333703142707704181e+00,1.985029030861550359e-01
-1.333703142707704181e+00,1.985029030861550359e-01
-1.397193955820904554e+00,3.647072467450598876e-02
-1.397193955820904554e+00,3.647072467450598876e-02
-1.398258953411904759e+00,2.834093869317020134e-02
-1.398258953411904759e+00,2.834093869317020134e-02
-1.398258953411904759e+00,2.834093869317020134e-02
-1.422745715918257048e+00,-3.259905101240076486e-02
-1.439343169287478297e+00,-1.111786391459209655e-01
-1.439343169287478297e+00,-1.111786391459209655e-01
-1.439343169287478297e+00,-1.111786391459209655e-01
-1.439343169287478297e+00,-1.111786391459209655e-01
-1.180228135665744471e+00,-1.646263752752123444e-01
-1.180228135665744471e+00,-1.646263752752123444e-01
-1.099423908730248423e+00,-1.184324692003529134e-01
-1.099423908730248423e+00,-1.184324692003529134e-01
-1.089580660129323864e+00,-8.867732244034683131e-02
-1.140477064986120448e+00,-9.477532137874833396e-03
-1.081156744841327066e+00,3.514759551518647357e-02
-1.081156744841327066e+00,3.514759551518647357e-02
-1.081156744841327066e+00,3.514759551518647357e-02
-1.081156744841327066e+00,3.514759551518647357e-02
-1.050318652185587620e+00,1.703070065451652015e-03
-1.234882926202929054e+00,-1.827718602815448790e-01
-1.227411366911330903e+00,-1.397165049151111171e-01
-1.321900956501641522e+00,-6.321523980607658688e-02
-1.321900956501641522e+00,-6.321523980607658688e-02
-1.321900956501641522e+00,-6.321523980607658688e-02
-1.321900956501641522e+00,-6.321523980607658688e-02
-1.321900956501641522e+00,-6.321523980607658688e-02
-1.321900956501641522e+00,-6.321523980607658688e-02
-1.321900956501641522e+00,-6.321523980607658688e-02
-1.321900956501641522e+00,-6.321523980607658688e-02
-1.321900956501641522e+00,-6.321523980607658688e-02
-1.321900956501641522e+00,-6.321523980607658688e-02
-1.154035596505063710e+00,6.537585109533854133e-02
-1.323231696815822200e+00,-6.229078051296618734e-03
-1.323231696815822200e+00,-6.229078051296618734e-03
-1.334686676226130908e+00,-7.087106624042527336e-02
-1.334686676226130908e+00,-7.087106624042527336e-02
-1.334686676226130908e+00,-7.087106624042527336e-02
-1.334686676226130908e+00,-7.087106624042527336e-02
-1.334686676226130908e+00,-7.087106624042527336e-02
-1.334686676226130908e+00,-7.087106624042527336e-02
-1.334686676226130908e+00,-7.087106624042527336e-02
-1.303500309515437383e+00,-1.151506194862688404e-01
-1.309310666175801385e+00,-7.864329557439120322e-02
-1.309310666175801385e+00,-7.864329557439120322e-02
-1.255915960166815504e+00,-7.583275403552552918e-03
-1.255915960166815504e+00,-7.583275403552552918e-03
-1.255915960166815504e+00,-7.583275403552552918e-03
-1.345766313045827944e+00,-1.566386990603686746e-01
-1.343483359261633758e+00,-1.723285992186615878e-01
-1.343483359261633758e+00,-1.723285992186615878e-01
-1.343483359261633758e+00,-1.723285992186615878e-01
-1.343483359261633758e+00,-1.723285992186615878e-01
-1.409311793899939325e+00,-4.696647824765076695e-02
-1.142131292130048381e+00,6.098253119022688240e-02
-1.142131292130048381e+00,6.098253119022688240e-02
-1.142131292130048381e+00,6.098253119022688240e-02
-1.142131292130048381e+00,6.098253119022688240e-02
-1.142131292130048381e+00,6.098253119022688240e-02
-1.142131292130048381e+00,6.098253119022688240e-02
-1.192989469513421108e+00,7.076279578757155297e-02
-1.192989469513421108e+00,7.076279578757155297e-02
-1.192989469513421108e+00,7.076279578757155297e-02
-1.192989469513421108e+00,7.076279578757155297e-02
-1.192989469513421108e+00,7.076279578757155297e-02
-1.192989469513421108e+00,7.076279578757155297e-02
-1.192989469513421108e+00,7.076279578757155297e-02
-1.192989469513421108e+00,7.076279578757155297e-02
-1.192989469513421108e+00,7.076279578757155297e-02
-1.255742193259548278e+00,3.180739207308672101e-03
-1.255742193259548278e+00,3.180739207308672101e-03
-1.255742193259548278e+00,3.180739207308672101e-03
-1.303462785075645503e+00,6.133637247588832192e-02
-1.303462785075645503e+00,6.133637247588832192e-02
-1.272956101848471855e+00,-4.708838616106745395e-02
-1.272956101848471855e+00,-4.708838616106745395e-02
-1.272956101848471855e+00,-4.708838616106745395e-02
-1.272956101848471855e+00,-4.708838616106745395e-02
-1.272956101848471855e+00,-4.708838616106745395e-02
-1.272956101848471855e+00,-4.708838616106745395e-02
-1.272956101848471855e+00,-4.708838616106745395e-02
-1.272956101848471855e+00,-4.708838616106745395e-02
-1.110137933605011007e+00,-7.559207046103022520e-03
-1.407495070305809115e+00,5.753137029715423012e-02
-1.202761155928985470e+00,-1.336249584932487355e-01
-1.042312670755222825e+00,-3.719930808816961088e-02
-1.154146656078349986e+00,-1.590887272962201449e-01
-1.090901308816907722e+00,2.504522891153315722e-02
-1.138244302830086152e+00,-1.108445164979110220e-01
-1.138244302830086152e+00,-1.108445164979110220e-01
-1.138244302830086152e+00,-1.108445164979110220e-01
-1.138244302830086152e+00,-1.108445164979110220e-01
-1.203909264686697789e+00,5.292642493323970743e-02
-1.328421014889482388e+00,-8.232268957181262947e-02
-1.343908994825240510e+00,1.181017343579180978e-01
-1.288790778125953551e+00,-8.410108177110339756e-02
-1.254240313971245913e+00,4.362840472453607954e-02
-1.254240313971245913e+00,4.362840472453607954e-02
-1.254240313971245913e+00,4.362840472453607954e-02
-1.152990931495959659e+00,9.871792142219781852e-03
-1.191500916402821852e+00,-1.538247153633444386e-01
-1.174074908744485723e+00,-1.656702203302565790e-01
-1.134057433352145150e+00,6.028980924541407771e-02
-1.385345790772318564e+00,1.107786299520798073e-01
-1.385345790772318564e+00,1.107786299520798073e-01
-1.385345790772318564e+00,1.107786299520798073e-01
-1.385345790772318564e+00,1.107786299520798073e-01
-1.237847801921282409e+00,1.326120403929293978e-01
-1.323178591075561572e+00,1.264112557451769481e-01
-1.323178591075561572e+00,1.264112557451769481e-01
-1.323178591075561572e+00,1.264112557451769481e-01
-1.323178591075561572e+00,1.264112557451769481e-01
-1.323178591075561572e+00,1.264112557451769481e-01
-1.323178591075561572e+00,1.264112557451769481e-01
-1.100048930366029909e+00,-5.713686512225715775e-02
-1.017842415799101952e+00,8.608754770361301545e-02
-1.017842415799101952e+00,8.608754770361301545e-02
-1.226579786747901579e+00,2.445466110984378660e-01
-1.120641498655919222e+00,-3.853787724548171645e-02
-1.120641498655919222e+00,-3.853787724548171645e-02
-1.120641498655919222e+00,-3.853787724548171645e-02
-1.120641498655919222e+00,-3.853787724548171645e-02
-1.120641498655919222e+00,-3.853787724548171645e-02
-1.120641498655919222e+00,-3.853787724548171645e-02
-1.191673863473353245e+00,-7.746416062217478804e-02
-1.213700969366078741e+00,-8.550849388777187476e-02
-1.149383029880583607e+00,8.515307912935032864e-02
-1.127149656192020677e+00,1.791203651793236151e-01
-1.127149656192020677e+00,1.791203651793236151e-01
-1.153840894518200155e+00,-3.098611371947695980e-02
-1.198683552129771623e+00,1.073669608427520461e-01
-1.198683552129771623e+00,1.073669608427520461e-01
-1.198683552129771623e+00,1.073669608427520461e-01
-1.198683552129771623e+00,1.073669608427520461e-01
-1.198683552129771623e+00,1.073669608427520461e-01
-1.198683552129771623e+00,1.073669608427520461e-01
-1.198683552129771623e+00,1.073669608427520461e-01
-1.198683552129771623e+00,1.073669608427520461e-01
-1.198683552129771623e+00,1.073669608427520461e-01
-1.198683552129771623e+00,1.073669608427520461e-01
-1.198683552129771623e+00,1.073669608427520461e-01
-1.239529648697439645e+00,4.206027331184611362e-02
-1.256176168128203763e+00,-5.251773088303966774e-02
-1.256176168128203763e+00,-5.251773088303966774e-02
-1.056031093130976206e+00,3.862268500301568874e-02
-1.056031093130976206e+00,3.862268500301568874e-02
-1.187182147527603426e+00,9.654011893513309017e-02
-1.123642944189613191e+00,-5.851822938305339949e-02
-1.123642944189613191e+00,-5.851822938305339949e-02
-1.123642944189613191e+00,-5.851822938305339949e-02
-1.123642944189613191e+00,-5.851822938305339949e-02
-1.162498159510695794e+00,-2.290955639308364933e-01
-1.026941191246823593e+00,-2.598858350192578270e-01
-1.026941191246823593e+00,-2.598858350192578270e-01
-1.026941191246823593e+00,-2.598858350192578270e-01
-1.026941191246823593e+00,-2.598858350192578270e-01
-1.069080667426377973e+00,-3.477840476902634426e-01
-1.069080667426377973e+00,-3.477840476902634426e-01
-1.094452195531533834e+00,-2.921079488471132191e-01
-1.075954446770304607e+00,-2.410806742989616835e-01
-1.092863537650594408e+00,-6.055995957549831221e-02
-1.092863537650594408e+00,-6.055995957549831221e-02
-1.258328467514849835e+00,-6.097122025897233621e-02
-1.296468636299699106e+00,1.444334085109039156e-01
-1.296468636299699106e+00,1.444334085109039156e-01
-1.296468636299699106e+00,1.444334085109039156e-01
-1.296468636299699106e+00,1.444334085109039156e-01
-1.262895240479236181e+00,1.860482722767229924e-01
-1.155024937513277505e+00,2.941942483605056169e-02
-1.180484736861397321e+00,2.528909574149020012e-02
-1.180484736861397321e+00,2.528909574149020012e-02
-1.180484736861397321e+00,2.528909574149020012e-02
-1.180484736861397321e+00,2.528909574149020012e-02
-1.269493851776584581e+00,7.237549890112979223e-02
-1.269493851776584581e+00,7.237549890112979223e-02
-1.269493851776584581e+00,7.237549890112979223e-02
-1.169632687519759351e+00,-2.066944017737754880e-01
-1.269364544755351210e+00,-1.132469613754569643e-01
-1.358410647892769330e+00,5.133164353118922774e-02
-1.358410647892769330e+00,5.133164353118922774e-02
-1.358410647892769330e+00,5.133164353118922774e-02
-1.327456318394430790e+00,8.879221814186737116e-02
-1.278038508616208047e+00,2.462273866849069848e-02
-1.278038508616208047e+00,2.462273866849069848e-02
-1.278038508616208047e+00,2.462273866849069848e-02
-1.363571452906647163e+00,6.021749103239881079e-02
-1.363571452906647163e+00,6.021749103239881079e-02
-1.363571452906647163e+00,6.021749103239881079e-02
-1.372737349697298548e+00,4.232960136725436029e-02
-1.372737349697298548e+00,4.232960136725436029e-02
-1.354698534083915940e+00,-5.945992590637479147e-02
-1.270075625985114032e+00,1.713382236485290755e-01
-1.270075625985114032e+00,1.713382236485290755e-01
-1.270075625985114032e+00,1.713382236485290755e-01
-1.270075625985114032e+00,1.713382236485290755e-01
-1.270075625985114032e+00,1.713382236485290755e-01
-1.270075625985114032e+00,1.713382236485290755e-01
-1.279728811533530575e+00,1.003187153064090120e-01
-1.279728811533530575e+00,1.003187153064090120e-01
-1.279728811533530575e+00,1.003187153064090120e-01
-1.279728811533530575e+00,1.003187153064090120e-01
-1.279728811533530575e+00,1.003187153064090120e-01
-1.323542158153955262e+00,-6.287918505030676286e-02
-1.323542158153955262e+00,-6.287918505030676286e-02
-1.323542158153955262e+00,-6.287918505030676286e-02
-1.331763623885486636e+00,4.957773839069994082e-02
-1.331763623885486636e+00,4.957773839069994082e-02
-1.331763623885486636e+00,4.957773839069994082e-02
-1.331763623885486636e+00,4.957773839069994082e-02
-1.331763623885486636e+00,4.957773839069994082e-02
-1.331763623885486636e+00,4.957773839069994082e-02
-1.331763623885486636e+00,4.957773839069994082e-02
-1.323832642034692642e+00,7.022330719765897122e-02
-1.278472245772941385e+00,4.606446783453439775e-02
-1.278472245772941385e+00,4.606446783453439775e-02
-1.278472245772941385e+00,4.606446783453439775e-02
-1.278472245772941385e+00,4.606446783453439775e-02
-1.278472245772941385e+00,4.606446783453439775e-02
-1.278472245772941385e+00,4.606446783453439775e-02
-1.278472245772941385e+00,4.606446783453439775e-02
-1.278472245772941385e+00,4.606446783453439775e-02
-1.278472245772941385e+00,4.606446783453439775e-02
-1.338021294098424852e+00,2.660779528032298710e-02
-1.338021294098424852e+00,2.660779528032298710e-02
-1.338021294098424852e+00,2.660779528032298710e-02
-1.338021294098424852e+00,2.660779528032298710e-02
-1.338021294098424852e+00,2.660779528032298710e-02
-1.338045630668897257e+00,8.882284376358152989e-02
-1.338045630668897257e+00,8.882284376358152989e-02
-1.338045630668897257e+00,8.882284376358152989e-02
-1.423763381358532421e+00,1.095893722689008920e-01
-1.465170499365653578e+00,-3.435621136650593432e-03
-1.545199183611630778e+00,8.974234151067329857e-03
-1.409563942368722511e+00,-4.564418328938062153e-02
-1.412129281281228721e+00,-2.137483720811075502e-02
-1.412129281281228721e+00,-2.137483720811075502e-02
-1.412129281281228721e+00,-2.137483720811075502e-02
-1.412129281281228721e+00,-2.137483720811075502e-02
-1.229281342241499875e+00,-4.868370829194883231e-03
-1.229281342241499875e+00,-4.868370829194883231e-03
-1.229281342241499875e+00,-4.868370829194883231e-03
-1.229281342241499875e+00,-4.868370829194883231e-03
-1.229281342241499875e+00,-4.868370829194883231e-03
-1.109401462844118891e+00,-2.460979767663604434e-01
-1.109401462844118891e+00,-2.460979767663604434e-01
-1.109401462844118891e+00,-2.460979767663604434e-01
-1.109401462844118891e+00,-2.460979767663604434e-01
-1.109401462844118891e+00,-2.460979767663604434e-01
-1.418245135766624143e+00,-1.806668646301856918e-01
-1.418245135766624143e+00,-1.806668646301856918e-01
-1.418245135766624143e+00,-1.806668646301856918e-01
-1.360581505802630486e+00,-7.848972612579240005e-02
-1.360581505802630486e+00,-7.848972612579240005e-02
-1.360581505802630486e+00,-7.848972612579240005e-02
-1.460772446428973304e+00,5.888300802947431245e-02
-1.460772446428973304e+00,5.888300802947431245e-02
-1.460772446428973304e+00,5.888300802947431245e-02
-1.420810549637224307e+00,6.514640176878916389e-02
-1.324000219544356538e+00,-1.394398817166082050e-01
-1.324000219544356538e+00,-1.394398817166082050e-01
-1.324000219544356538e+00,-1.394398817166082050e-01
-1.324000219544356538e+00,-1.394398817166082050e-01
-1.324000219544356538e+00,-1.394398817166082050e-01
-1.324000219544356538e+00,-1.394398817166082050e-01
-1.324000219544356538e+00,-1.394398817166082050e-01
-1.324000219544356538e+00,-1.394398817166082050e-01
-1.389958034882134541e+00,-1.213523442072469982e-01
-1.535012202416089711e+00,6.576784224156545511e-02
-1.535012202416089711e+00,6.576784224156545511e-02
-1.230652523244541330e+00,2.342945312746753661e-01
-1.115174825780833601e+00,1.003997856535638333e-01
-1.115174825780833601e+00,1.003997856535638333e-01
-1.156490492764648881e+00,-1.408933429964657202e-01
-1.173213196984289608e+00,-1.476881131416012960e-01
-1.239771827520715464e+00,-2.068742932971965043e-01
-1.213034764474737015e+00,-8.246444709724241873e-02
-1.213034764474737015e+00,-8.246444709724241873e-02
-1.016013743862854923e+00,8.039144009946111447e-03
-1.191128066876369518e+00,1.397535221772880365e-01
-1.126937767569105464e+00,1.231742373989835881e-02
-1.126937767569105464e+00,1.231742373989835881e-02
-1.215893412844396781e+00,1.007432043566693497e-01
-1.215893412844396781e+00,1.007432043566693497e-01
-1.215893412844396781e+00,1.007432043566693497e-01
-1.215893412844396781e+00,1.007432043566693497e-01
-1.215893412844396781e+00,1.007432043566693497e-01
-1.215893412844396781e+00,1.007432043566693497e-01
-1.215893412844396781e+00,1.007432043566693497e-01
-1.215893412844396781e+00,1.007432043566693497e-01
-1.215893412844396781e+00,1.007432043566693497e-01
-1.215893412844396781e+00,1.007432043566693497e-01
-1.215893412844396781e+00,1.007432043566693497e-01
-1.215893412844396781e+00,1.007432043566693497e-01
-1.215893412844396781e+00,1.007432043566693497e-01
-1.215893412844396781e+00,1.007432043566693497e-01
-1.215893412844396781e+00,1.007432043566693497e-01
-1.215893412844396781e+00,1.007432043566693497e-01
-1.215893412844396781e+00,1.007432043566693497e-01
-1.215893412844396781e+00,1.007432043566693497e-01
-1.215893412844396781e+00,1.007432043566693497e-01
-1.215893412844396781e+00,1.007432043566693497e-01
-1.215893412844396781e+00,1.007432043566693497e-01
-1.215893412844396781e+00,1.007432043566693497e-01
-1.215893412844396781e+00,1.007432043566693497e-01
-1.188961410994330503e+00,1.774853188988746444e-01
-1.188961410994330503e+00,1.774853188988746444e-01
-1.188961410994330503e+00,1.774853188988746444e-01
-1.195457016579061449e+00,2.381940827177507769e-01
-1.210489250167421593e+00,3.302545886549635989e-01
-1.210489250167421593e+00,3.302545886549635989e-01
-1.394222013835199947e+00,1.373056971524081460e-01
-1.394222013835199947e+00,1.373056971524081460e-01
-1.446962754980683608e+00,-8.688095346136912034e-02
-1.283104913866911501e+00,-3.185073167311147646e-03
-1.196043992958079727e+00,-1.191882246735233124e-02
-1.196043992958079727e+00,-1.191882246735233124e-02
-1.196043992958079727e+00,-1.191882246735233124e-02
-1.196043992958079727e+00,-1.191882246735233124e-02
-1.196043992958079727e+00,-1.191882246735233124e-02
-1.196043992958079727e+00,-1.191882246735233124e-02
-1.196043992958079727e+00,-1.191882246735233124e-02
-1.196043992958079727e+00,-1.191882246735233124e-02
-1.238302770562089261e+00,1.730668181300374919e-01
-1.238302770562089261e+00,1.730668181300374919e-01
-1.238302770562089261e+00,1.730668181300374919e-01
-1.238302770562089261e+00,1.730668181300374919e-01
-1.238302770562089261e+00,1.730668181300374919e-01
-1.238302770562089261e+00,1.730668181300374919e-01
-1.191265104783524098e+00,4.660632049610272110e-02
-1.175921441136113632e+00,2.871765922755136966e-02
-1.175921441136113632e+00,2.871765922755136966e-02
-1.115190521483417463e+00,-4.497159590444248234e-02
-1.115190521483417463e+00,-4.497159590444248234e-02
-1.148602267099684493e+00,-1.063670189795439674e-02
-1.243773939449982935e+00,1.281199776563914927e-01
-1.243773939449982935e+00,1.281199776563914927e-01
-1.243773939449982935e+00,1.281199776563914927e-01
-1.219912934480992472e+00,5.496998572641957626e-02
-1.219912934480992472e+00,5.496998572641957626e-02
-1.219912934480992472e+00,5.496998572641957626e-02
-1.282378384543580996e+00,-5.372393630531459296e-02
-1.244393627075102815e+00,-1.513830064343125170e-01
-1.244393627075102815e+00,-1.513830064343125170e-01
-1.174559930932697727e+00,-1.411749800136151700e-01
-9.390216224674430290e-01,1.580893874366018359e-02
-9.390216224674430290e-01,1.580893874366018359e-02
-9.296729448440772536e-01,-4.490857836374975015e-02
-9.296729448440772536e-01,-4.490857836374975015e-02
-9.296729448440772536e-01,-4.490857836374975015e-02
-9.296729448440772536e-01,-4.490857836374975015e-02
-1.285215506664606266e+00,1.765020633076095080e-01
-1.267068155001981333e+00,2.564287894647308552e-01
-1.267455431567680701e+00,7.736801916451083172e-02
-1.267455431567680701e+00,7.736801916451083172e-02
-1.267455431567680701e+00,7.736801916451083172e-02
-1.267455431567680701e+00,7.736801916451083172e-02
-1.177779644516733448e+00,7.300485021441179001e-02
-1.177779644516733448e+00,7.300485021441179001e-02
-1.177779644516733448e+00,7.300485021441179001e-02
-1.251905808282070431e+00,-1.081269917236121342e-01
-1.251905808282070431e+00,-1.081269917236121342e-01
-1.279150488840688826e+00,1.457924150247537076e-01
-1.420752001080562321e+00,-6.709921796863599353e-02
-1.200210966658755485e+00,-1.820913745997188860e-01
-1.200210966658755485e+00,-1.820913745997188860e-01
-1.200210966658755485e+00,-1.820913745997188860e-01
-1.333417202288530223e+00,-1.404978215163872890e-01
-1.275832165256553852e+00,-1.231817789031992849e-01
-1.076763166429616669e+00,-7.386147342598274601e-02
-1.076763166429616669e+00,-7.386147342598274601e-02
-1.076763166429616669e+00,-7.386147342598274601e-02
-9.912474918930029855e-01,-1.619696675660597940e-01
-1.140388181598570583e+00,-1.096935761893794992e-01
-1.228226632346116176e+00,5.973213120879061755e-02
-1.228226632346116176e+00,5.973213120879061755e-02
-1.204099497720030998e+00,1.849228222518683462e-01
-1.204099497720030998e+00,1.849228222518683462e-01
-1.354711190323482306e+00,1.839039207463725178e-01
-1.201846483741656479e+00,2.247050536698042000e-01
-1.232128657912235692e+00,3.446081402893652612e-02
-1.232128657912235692e+00,3.446081402893652612e-02
-1.232128657912235692e+00,3.446081402893652612e-02
-1.232128657912235692e+00,3.446081402893652612e-02
-1.368480237430233615e+00,1.315169667530033670e-01
-1.124006944732642399e+00,2.858517929550502545e-02
-1.352898541883975625e+00,1.271114120721508478e-01
-1.352898541883975625e+00,1.271114120721508478e-01
-1.352898541883975625e+00,1.271114120721508478e-01
-1.352898541883975625e+00,1.271114120721508478e-01
-1.352898541883975625e+00,1.271114120721508478e-01
-1.352898541883975625e+00,1.271114120721508478e-01
-1.389983942494340319e+00,-3.964160224979387803e-02
-1.173993107459712082e+00,-1.157289523272726495e-01
-1.173707709464190785e+00,-6.943875445844260863e-02
-1.173707709464190785e+00,-6.943875445844260863e-02
-1.283210758656222250e+00,-1.270194474268799278e-01
-1.283210758656222250e+00,-1.270194474268799278e-01
-1.183163004485076053e+00,-9.222390688617160270e-02
-1.183163004485076053e+00,-9.222390688617160270e-02
-1.183163004485076053e+00,-9.222390688617160270e-02
-1.092089034759719635e+00,-4.060373843919643649e-02
-1.092089034759719635e+00,-4.060373843919643649e-02
-1.035275959116700006e+00,5.767420403742532647e-02
-1.035275959116700006e+00,5.767420403742532647e-02
-1.035275959116700006e+00,5.767420403742532647e-02
-1.001346588113870562e+00,1.277269966372222565e-01
-1.016983704410556300e+00,8.411558973002239425e-02
-1.064507078271747176e+00,-1.024845273299622439e-01
-1.064507078271747176e+00,-1.024845273299622439e-01
-1.064507078271747176e+00,-1.024845273299622439e-01
-1.064507078271747176e+00,-1.024845273299622439e-01
-1.064507078271747176e+00,-1.024845273299622439e-01
-1.064507078271747176e+00,-1.024845273299622439e-01
-1.267363622667839973e+00,-1.759543866761881237e-01
-1.352637931850246833e+00,-2.649692802017425963e-01
-1.230952414201901490e+00,-2.142037696107539635e-01
-1.298144685846500668e+00,-2.305787001012149229e-01
-1.383191937540221073e+00,2.358692774899562583e-01
-1.383191937540221073e+00,2.358692774899562583e-01
-1.229669129582591225e+00,2.991278597205876411e-01
-1.390192982129193844e+00,1.789103920624515731e-01
-1.183473159673974928e+00,-1.014175309514220302e-01
-1.183473159673974928e+00,-1.014175309514220302e-01
-1.183473159673974928e+00,-1.014175309514220302e-01
-1.183473159673974928e+00,-1.014175309514220302e-01
-1.094628980719268618e+00,8.004234773816928938e-02
-1.094628980719268618e+00,8.004234773816928938e-02
-1.094628980719268618e+00,8.004234773816928938e-02
-1.094628980719268618e+00,8.004234773816928938e-02
-1.094628980719268618e+00,8.004234773816928938e-02
-1.094628980719268618e+00,8.004234773816928938e-02
-1.286694954007724156e+00,3.330582988265300831e-02
-1.286694954007724156e+00,3.330582988265300831e-02
-1.286694954007724156e+00,3.330582988265300831e-02
-1.286694954007724156e+00,3.330582988265300831e-02
-1.286694954007724156e+00,3.330582988265300831e-02
-1.286694954007724156e+00,3.330582988265300831e-02
-1.286694954007724156e+00,3.330582988265300831e-02
-1.286694954007724156e+00,3.330582988265300831e-02
-1.286694954007724156e+00,3.330582988265300831e-02
-1.286694954007724156e+00,3.330582988265300831e-02
-1.286694954007724156e+00,3.330582988265300831e-02
-1.286694954007724156e+00,3.330582988265300831e-02
-1.240337176902424954e+00,4.014434572179925026e-02
-1.240337176902424954e+00,4.014434572179925026e-02
-1.236508916651207546e+00,1.498895789200038187e-01
-1.236508916651207546e+00,1.498895789200038187e-01
-1.236508916651207546e+00,1.498895789200038187e-01
-1.206178434905817554e+00,2.422439849598254091e-02
-1.206178434905817554e+00,2.422439849598254091e-02
-1.206178434905817554e+00,2.422439849598254091e-02
-1.229290667898816025e+00,-5.648902670683599025e-02
-1.160284611565626456e+00,3.460432336042953971e-02
-1.160284611565626456e+00,3.460432336042953971e-02
-1.160284611565626456e+00,3.460432336042953971e-02
-1.160284611565626456e+00,3.460432336042953971e-02
-1.160284611565626456e+00,3.460432336042953971e-02
-1.364476429169465321e+00,-6.679894138665061487e-02
-1.390827458234195957e+00,5.477461991996358803e-02
-1.387138604759559968e+00,-1.058034193402225681e-01
-1.387138604759559968e+00,-1.058034193402225681e-01
-1.387138604759559968e+00,-1.058034193402225681e-01
-1.387138604759559968e+00,-1.058034193402225681e-01
-1.311895302673722119e+00,-8.141572819365550107e-02
-1.311895302673722119e+00,-8.141572819365550107e-02
-1.276003878559406113e+00,1.498108369173347110e-01
-1.276003878559406113e+00,1.498108369173347110e-01
-1.196406927429167544e+00,6.307677258356156336e-02
-1.194722626087283190e+00,-3.324735725916855289e-02
-1.168535204341783373e+00,-7.076035327406487996e-02
-1.209581339766593100e+00,5.532174981846910145e-02
-1.319853131694454618e+00,1.420336089449329431e-01
-1.319853131694454618e+00,1.420336089449329431e-01
-1.319853131694454618e+00,1.420336089449329431e-01
-1.358404275131138483e+00,-2.049621119408437386e-02
-1.310100586123378319e+00,-1.544222733756911436e-01
-1.131539591120096944e+00,4.946351288167338822e-03
-1.240361015888961527e+00,-1.141820105100969235e-01
-1.143612295569772952e+00,-1.728670475880850210e-03
-1.143612295569772952e+00,-1.728670475880850210e-03
-1.203598768086714177e+00,3.631696334704839768e-02
-1.126495165216395256e+00,1.506048035484296721e-01
-1.126495165216395256e+00,1.506048035484296721e-01
-1.140097244616697481e+00,9.070556729136647345e-03
-1.140097244616697481e+00,9.070556729136647345e-03
-1.217895971852851700e+00,1.321505125461467922e-01
-1.217895971852851700e+00,1.321505125461467922e-01
-1.132046393255962347e+00,4.602247107508346258e-02
-1.259461057864897260e+00,-1.457045676682796609e-01
-1.259461057864897260e+00,-1.457045676682796609e-01
-1.173722207413228968e+00,7.487015548870828985e-02
-1.173722207413228968e+00,7.487015548870828985e-02
-1.287552016917677511e+00,5.566914235227529706e-02
-1.222741408369655058e+00,-4.506707909211690732e-03
-1.222741408369655058e+00,-4.506707909211690732e-03
-1.296772786587653048e+00,-9.872244602042794248e-02
-1.296772786587653048e+00,-9.872244602042794248e-02
-1.260470646123945215e+00,-6.564300982068141388e-02
-1.199425160174742988e+00,-8.490137780018283675e-02
-1.199425160174742988e+00,-8.490137780018283675e-02
-1.199425160174742988e+00,-8.490137780018283675e-02
-1.193100748152580604e+00,-4.808919963184411089e-02
-1.193100748152580604e+00,-4.808919963184411089e-02
-1.193100748152580604e+00,-4.808919963184411089e-02
-1.414640960965666272e+00,-1.261484564078660942e-01
-1.414640960965666272e+00,-1.261484564078660942e-01
-1.414640960965666272e+00,-1.261484564078660942e-01
-1.414640960965666272e+00,-1.261484564078660942e-01
-1.281987361581071072e+00,-8.957598085564015544e-02
-1.281987361581071072e+00,-8.957598085564015544e-02
-1.197551054944842708e+00,-1.308846115327147730e-01
-1.347045234544030690e+00,3.100552085152866177e-02
-1.231048987913343939e+00,-1.857008249236194453e-03
-1.166863594924491210e+00,1.223945413773068758e-01
-1.166863594924491210e+00,1.223945413773068758e-01
-1.166863594924491210e+00,1.223945413773068758e-01
-1.317973023908761698e+00,2.869601288064113631e-02
-1.283883943906809932e+00,-5.801351753584561843e-02
-1.391310125014853183e+00,-9.205985668030314262e-02
-1.391310125014853183e+00,-9.205985668030314262e-02
-1.432812038885131756e+00,-4.425852108587374767e-02
-1.397000513274901268e+00,-8.857226537639992237e-02
-1.397000513274901268e+00,-8.857226537639992237e-02
-1.397000513274901268e+00,-8.857226537639992237e-02
-1.432200083389101541e+00,-1.185168862613800167e-01
-1.432200083389101541e+00,-1.185168862613800167e-01
-1.432200083389101541e+00,-1.185168862613800167e-01
-1.289566403024958730e+00,-1.880157797848068246e-01
-1.292500587171345749e+00,-4.174959962148991344e-02
-1.292500587171345749e+00,-4.174959962148991344e-02
-1.292500587171345749e+00,-4.174959962148991344e-02
-1.292500587171345749e+00,-4.174959962148991344e-02
-1.292500587171345749e+00,-4.174959962148991344e-02
-1.292500587171345749e+00,-4.174959962148991344e-02
-1.292500587171345749e+00,-4.174959962148991344e-02
-1.381150324547060437e+00,-4.765312326823560596e-02
-1.353758565571799188e+00,1.118889610998942269e-01
-1.353758565571799188e+00,1.118889610998942269e-01
-1.353758565571799188e+00,1.118889610998942269e-01
-1.353758565571799188e+00,1.118889610998942269e-01
-1.353758565571799188e+00,1.118889610998942269e-01
-1.353758565571799188e+00,1.118889610998942269e-01
-1.353758565571799188e+00,1.118889610998942269e-01
-1.353758565571799188e+00,1.118889610998942269e-01
-1.172211774045589294e+00,8.668457818750487098e-02
-1.172211774045589294e+00,8.668457818750487098e-02
-1.322569667822165007e+00,6.749064410703398131e-02
-1.339439286529576112e+00,4.537622082420908476e-02
-1.339439286529576112e+00,4.537622082420908476e-02
-1.418402710612287843e+00,-9.180792675004455228e-03
-1.279018898777684266e+00,9.148518827524915187e-02
-1.279018898777684266e+00,9.148518827524915187e-02
-1.174994518481980776e+00,-9.394081411172006124e-02
-1.190570617642969564e+00,4.513164283588036452e-02
-1.190570617642969564e+00,4.513164283588036452e-02
-1.096925028348714193e+00,2.615401685586330599e-02
-1.096925028348714193e+00,2.615401685586330599e-02
-1.371858554575945854e+00,-1.781409610476965277e-02
-1.411737748106948631e+00,2.894168047968511542e-02
-1.411737748106948631e+00,2.894168047968511542e-02
-1.411737748106948631e+00,2.894168047968511542e-02
-1.411737748106948631e+00,2.894168047968511542e-02
-1.411737748106948631e+00,2.894168047968511542e-02
-1.411737748106948631e+00,2.894168047968511542e-02
-1.411737748106948631e+00,2.894168047968511542e-02
-1.332202529639832767e+00,1.034069744053995599e-01
-1.332202529639832767e+00,1.034069744053995599e-01
-1.332202529639832767e+00,1.034069744053995599e-01
-1.306702065159376813e+00,-8.147141560938225835e-02
-1.306702065159376813e+00,-8.147141560938225835e-02
-1.306702065159376813e+00,-8.147141560938225835e-02
-1.254144380380682433e+00,2.558326538194025113e-02
-1.254144380380682433e+00,2.558326538194025113e-02
-1.254144380380682433e+00,2.558326538194025113e-02
-1.254144380380682433e+00,2.558326538194025113e-02
-1.254144380380682433e+00,2.558326538194025113e-02
-1.214113907431810135e+00,-2.974678449595601765e-02
-1.221065098880457001e+00,9.686893721321526707e-02
-1.321433103056746328e+00,3.477102260418434010e-02
-1.321433103056746328e+00,3.477102260418434010e-02
-1.321433103056746328e+00,3.477102260418434010e-02
-1.321433103056746328e+00,3.477102260418434010e-02
-1.321433103056746328e+00,3.477102260418434010e-02
-1.321433103056746328e+00,3.477102260418434010e-02
-1.321433103056746328e+00,3.477102260418434010e-02
-1.321433103056746328e+00,3.477102260418434010e-02
-1.321433103056746328e+00,3.477102260418434010e-02
-1.158211219225253608e+00,1.152703104479691626e-02
-1.158211219225253608e+00,1.152703104479691626e-02
-1.158211219225253608e+00,1.152703104479691626e-02
-1.158211219225253608e+00,1.152703104479691626e-02
-1.158211219225253608e+00,1.152703104479691626e-02
-1.158211219225253608e+00,1.152703104479691626e-02
-1.158211219225253608e+00,1.152703104479691626e-02
-1.158211219225253608e+00,1.152703104479691626e-02
-1.294510947495402187e+00,4.442030879338474542e-02
-1.230566828678709257e+00,1.617533977102555975e-01
-1.281458973463541984e+00,-1.314420468470792192e-02
-1.354995520422268562e+00,-5.198957742078015587e-02
-1.354995520422268562e+00,-5.198957742078015587e-02
-1.398561774056405582e+00,1.272278138051236018e-01
-1.398561774056405582e+00,1.272278138051236018e-01
-1.325337954337769020e+00,1.514516630697967103e-01
-1.106472879901700512e+00,-8.883654510875560462e-02
-1.360472138010764276e+00,-1.685457187984385485e-01
-1.354371775461588712e+00,-8.304491588997792162e-03
-1.354371775461588712e+00,-8.304491588997792162e-03
-1.341658792741288631e+00,-1.265555462051446041e-02
-1.350871122405051139e+00,1.339450298310861931e-01
-1.118191273678994957e+00,-1.927991859866734492e-02
-1.273851212490532125e+00,-6.705359079011569134e-04
-1.286938987117024480e+00,-7.475681678368933936e-02
-1.286938987117024480e+00,-7.475681678368933936e-02
-1.388586687070077597e+00,-7.779050901187876954e-02
-1.388586687070077597e+00,-7.779050901187876954e-02
-1.358984615850998168e+00,-1.369715357013434054e-01
-1.358984615850998168e+00,-1.369715357013434054e-01
-1.361018161157127926e+00,-6.366943294245740181e-02
-1.361018161157127926e+00,-6.366943294245740181e-02
-1.361018161157127926e+00,-6.366943294245740181e-02
-1.166453444162949493e+00,2.937983367784166022e-01
-1.147656429624250629e+00,6.862142340767460325e-02
-1.147656429624250629e+00,6.862142340767460325e-02
-1.147656429624250629e+00,6.862142340767460325e-02
-1.147656429624250629e+00,6.862142340767460325e-02
-1.147656429624250629e+00,6.862142340767460325e-02
-1.147656429624250629e+00,6.862142340767460325e-02
-1.366067275310042906e+00,-7.659318883215610052e-03
-1.164389623453083278e+00,6.912035795204297950e-02
-1.164389623453083278e+00,6.912035795204297950e-02
-1.164389623453083278e+00,6.912035795204297950e-02
-1.164389623453083278e+00,6.912035795204297950e-02
-1.164389623453083278e+00,6.912035795204297950e-02
-1.195100001032434189e+00,1.213798193811815862e-01
-1.195100001032434189e+00,1.213798193811815862e-01
-1.195100001032434189e+00,1.213798193811815862e-01
-1.195100001032434189e+00,1.213798193811815862e-01
-1.195100001032434189e+00,1.213798193811815862e-01
-1.255092851773997209e+00,2.357785640055558296e-02
-1.255092851773997209e+00,2.357785640055558296e-02
-1.255092851773997209e+00,2.357785640055558296e-02
-1.255092851773997209e+00,2.357785640055558296e-02
-1.051043801163091151e+00,1.861031122805429927e-01
-1.023451669082905413e+00,1.869098334414590612e-01
-1.023451669082905413e+00,1.869098334414590612e-01
-1.023451669082905413e+00,1.869098334414590612e-01
-1.096249169538539459e+00,1.682633294461273465e-01
-1.096249169538539459e+00,1.682633294461273465e-01
-1.096249169538539459e+00,1.682633294461273465e-01
-1.096249169538539459e+00,1.682633294461273465e-01
-1.120879840870688593e+00,1.084788328167765326e-01
-1.120879840870688593e+00,1.084788328167765326e-01
-1.386850418537280749e+00,-1.584313464669109828e-02
-1.386850418537280749e+00,-1.584313464669109828e-02
-1.376002036422164787e+00,-1.414880647206575859e-01
-1.376002036422164787e+00,-1.414880647206575859e-01
-1.238845473358517468e+00,-1.947484852432635472e-01
-1.246969921787316249e+00,-9.275577846779040070e-02
-1.246969921787316249e+00,-9.275577846779040070e-02
-1.246969921787316249e+00,-9.275577846779040070e-02
-1.164110125714370225e+00,1.162330912161380070e-01
-1.136262399675371126e+00,-2.813224080504339586e-02
-1.287999802034093477e+00,-3.180451673495451881e-02
-1.359239695987449315e+00,6.343106717667441885e-02
-1.359239695987449315e+00,6.343106717667441885e-02
-1.359239695987449315e+00,6.343106717667441885e-02
-1.359239695987449315e+00,6.343106717667441885e-02
-1.202098479046278534e+00,7.292356249512882416e-02
-1.202098479046278534e+00,7.292356249512882416e-02
-1.202098479046278534e+00,7.292356249512882416e-02
-1.202098479046278534e+00,7.292356249512882416e-02
-1.238548198214235674e+00,1.561004840631182722e-01
-1.324255163600591700e+00,1.482365998718405409e-01
-1.324255163600591700e+00,1.482365998718405409e-01
-1.324255163600591700e+00,1.482365998718405409e-01
-1.307930340054568763e+00,-9.154065494109611678e-02
-1.307930340054568763e+00,-9.154065494109611678e-02
-1.307930340054568763e+00,-9.154065494109611678e-02
-1.241547240461375656e+00,-1.192695548296870967e-02
-1.241547240461375656e+00,-1.192695548296870967e-02
-1.241547240461375656e+00,-1.192695548296870967e-02
-1.241547240461375656e+00,-1.192695548296870967e-02
-1.241547240461375656e+00,-1.192695548296870967e-02
-1.241547240461375656e+00,-1.192695548296870967e-02
-1.170078383199426364e+00,-9.594020636260003343e-02
-1.170078383199426364e+00,-9.594020636260003343e-02
-1.170078383199426364e+00,-9.594020636260003343e-02
-1.254251799985807825e+00,-2.288175640715518766e-02
-1.273222173229688448e+00,7.303454188086175303e-02
-1.394772330890253986e+00,-2.873533903910538423e-02
-1.394772330890253986e+00,-2.873533903910538423e-02
-1.469602372771255938e+00,-1.110893478749501589e-01
-1.469602372771255938e+00,-1.110893478749501589e-01
-1.518695975798739051e+00,-8.294613234801129220e-02
-1.478182949534466051e+00,-9.608955910757074892e-02
-1.478182949534466051e+00,-9.608955910757074892e-02
-1.426573569752007220e+00,-9.908400363852706838e-02
-1.322253366953139331e+00,-1.514454639171520789e-01
-1.379711225238592354e+00,7.873043819240871377e-02
-1.379711225238592354e+00,7.873043819240871377e-02
-1.379711225238592354e+00,7.873043819240871377e-02
-1.379711225238592354e+00,7.873043819240871377e-02
-1.379711225238592354e+00,7.873043819240871377e-02
-1.379711225238592354e+00,7.873043819240871377e-02
-1.379711225238592354e+00,7.873043819240871377e-02
-1.392392714433783985e+00,-3.169262833812867830e-02
-1.238734941651173482e+00,2.820890926372213864e-02
-1.347245207348267471e+00,-8.557920939989885345e-02
-1.214809671998392071e+00,-7.365423578623475631e-02
-1.214809671998392071e+00,-7.365423578623475631e-02
-1.330223417901237770e+00,-2.446993343951203020e-02
-1.330223417901237770e+00,-2.446993343951203020e-02
-1.330223417901237770e+00,-2.446993343951203020e-02
-1.330223417901237770e+00,-2.446993343951203020e-02
-1.358534693348728561e+00,-1.175434796647259195e-01
-1.213855850414663706e+00,4.811230945918681945e-02
-1.213855850414663706e+00,4.811230945918681945e-02
-1.213855850414663706e+00,4.811230945918681945e-02
-1.213855850414663706e+00,4.811230945918681945e-02
-1.213855850414663706e+00,4.811230945918681945e-02
-1.213855850414663706e+00,4.811230945918681945e-02
-1.258641811576854064e+00,6.149655844315621983e-02
-1.177678728773776440e+00,4.988743821816246649e-02
-1.177678728773776440e+00,4.988743821816246649e-02
-1.212254739480616239e+00,3.968817055533849225e-02
-1.212254739480616239e+00,3.968817055533849225e-02
-1.234311047610885614e+00,-9.612338625330546504e-02
-1.489841729364801193e+00,2.964206806869776334e-02
-1.570810308272893474e+00,-6.586203630522004249e-02
-1.570810308272893474e+00,-6.586203630522004249e-02
-1.570810308272893474e+00,-6.586203630522004249e-02
-1.503624850762312004e+00,-1.015246722848242578e-01
-1.503624850762312004e+00,-1.015246722848242578e-01
-1.503624850762312004e+00,-1.015246722848242578e-01
-1.503624850762312004e+00,-1.015246722848242578e-01
-1.437915843899076673e+00,-1.569319754239558995e-01
-1.332788612582612497e+00,-1.608307516640031243e-02
-1.332788612582612497e+00,-1.608307516640031243e-02
-1.322101988235088621e+00,-9.561684564921728302e-02
-1.322101988235088621e+00,-9.561684564921728302e-02
-1.325230235334690976e+00,-2.063495809514200030e-02
-1.325230235334690976e+00,-2.063495809514200030e-02
-1.337688745514660438e+00,-1.224508314542739618e-01
-1.337688745514660438e+00,-1.224508314542739618e-01
-1.337688745514660438e+00,-1.224508314542739618e-01
-1.337688745514660438e+00,-1.224508314542739618e-01
-1.337688745514660438e+00,-1.224508314542739618e-01
-1.337688745514660438e+00,-1.224508314542739618e-01
-1.337688745514660438e+00,-1.224508314542739618e-01
-1.326350219391565499e+00,1.723843692983191567e-01
-1.326350219391565499e+00,1.723843692983191567e-01
-1.327451751086121678e+00,1.275795598089550231e-01
-1.196598683234390892e+00,1.294346590136694064e-01
-1.353432897251809930e+00,-7.829733392182741669e-02
-1.353432897251809930e+00,-7.829733392182741669e-02
-1.353432897251809930e+00,-7.829733392182741669e-02
-1.353432897251809930e+00,-7.829733392182741669e-02
-1.320131717249820591e+00,-5.583078683749981286e-02
-1.320131717249820591e+00,-5.583078683749981286e-02
-1.320131717249820591e+00,-5.583078683749981286e-02
-1.300102029212951704e+00,-6.403919410932526479e-02
-1.350930222458205154e+00,1.414351141065015027e-02
-1.350930222458205154e+00,1.414351141065015027e-02
-1.195285010229248268e+00,9.357636790107193292e-02
-1.195285010229248268e+00,9.357636790107193292e-02
-1.267953552687915986e+00,-7.325316901423659099e-02
-1.267953552687915986e+00,-7.325316901423659099e-02
-1.267953552687915986e+00,-7.325316901423659099e-02
-1.267953552687915986e+00,-7.325316901423659099e-02
-1.267953552687915986e+00,-7.325316901423659099e-02
-1.349555906987581322e+00,1.352862379023153372e-01
-1.349555906987581322e+00,1.352862379023153372e-01
-1.395527752561951607e+00,2.443897354245863629e-02
-1.229477003419242154e+00,-1.925581646231253330e-01
-1.229477003419242154e+00,-1.925581646231253330e-01
-1.229477003419242154e+00,-1.925581646231253330e-01
-1.229477003419242154e+00,-1.925581646231253330e-01
-1.347895863039862974e+00,-1.353482034803758505e-01
-1.380472731599067915e+00,-1.481806244544721929e-01
-1.380472731599067915e+00,-1.481806244544721929e-01
-1.230089002906663787e+00,4.088570966207802360e-02
-1.260030824687845330e+00,1.601512784493043795e-01
-1.260030824687845330e+00,1.601512784493043795e-01
-1.260030824687845330e+00,1.601512784493043795e-01
-1.377642344381435846e+00,1.619734837753836199e-01
-1.377642344381435846e+00,1.619734837753836199e-01
-1.377642344381435846e+00,1.619734837753836199e-01
-1.228842228221719957e+00,1.594695811495974447e-01
-1.228842228221719957e+00,1.594695811495974447e-01
-1.252631006705339445e+00,1.446451646145119618e-01
-1.252631006705339445e+00,1.446451646145119618e-01
-1.320653622481247291e+00,1.361877670438238763e-01
-1.400213361768815279e+00,1.754621972347477077e-01
-1.400213361768815279e+00,1.754621972347477077e-01
-1.275451303089250255e+00,2.396848239005400227e-02
-1.298724627703268464e+00,-4.349396376012344689e-02
-1.298724627703268464e+00,-4.349396376012344689e-02
-1.298724627703268464e+00,-4.349396376012344689e-02
-1.298724627703268464e+00,-4.349396376012344689e-02
-1.298724627703268464e+00,-4.349396376012344689e-02
-1.298724627703268464e+00,-4.349396376012344689e-02
-1.146221563414378863e+00,-6.299134661509905864e-02
-1.146221563414378863e+00,-6.299134661509905864e-02
-1.146221563414378863e+00,-6.299134661509905864e-02
-1.146221563414378863e+00,-6.299134661509905864e-02
-1.146221563414378863e+00,-6.299134661509905864e-02
-1.146221563414378863e+00,-6.299134661509905864e-02
-1.075126316045419195e+00,-5.364021961576342923e-03
-1.171635692056576916e+00,-8.967457053802502243e-03
-1.266597039257497892e+00,-4.710709845378664717e-02
-1.266597039257497892e+00,-4.710709845378664717e-02
-1.266597039257497892e+00,-4.710709845378664717e-02
-1.305931727074536530e+00,9.629993218102934904e-02
-1.363253502057797384e+00,7.263151225132113975e-02
-1.162570467264152585e+00,6.286555141498390009e-02
-1.187512884577536898e+00,4.363394705823599867e-02
-1.071072076669594919e+00,-4.738534717989995732e-02
-1.071072076669594919e+00,-4.738534717989995732e-02
-1.093600781367594310e+00,5.711204919694943399e-02
-1.093600781367594310e+00,5.711204919694943399e-02
-1.093600781367594310e+00,5.711204919694943399e-02
-1.093600781367594310e+00,5.711204919694943399e-02
-1.180256621055638222e+00,2.769685044223131332e-01
-1.180256621055638222e+00,2.769685044223131332e-01
-1.180256621055638222e+00,2.769685044223131332e-01
-1.445499050412324404e+00,1.611707706062965317e-01
-1.445499050412324404e+00,1.611707706062965317e-01
-1.445499050412324404e+00,1.611707706062965317e-01
-1.502972420747006321e+00,-3.323810073857069725e-03
-1.541530805780887414e+00,-2.038394585317476401e-02
-1.541530805780887414e+00,-2.038394585317476401e-02
-1.541530805780887414e+00,-2.038394585317476401e-02
-1.541530805780887414e+00,-2.038394585317476401e-02
-1.419743562390875846e+00,2.169559194072380737e-01
-1.419743562390875846e+00,2.169559194072380737e-01
-1.419743562390875846e+00,2.169559194072380737e-01
-1.419743562390875846e+00,2.169559194072380737e-01
-1.419743562390875846e+00,2.169559194072380737e-01
-1.246309123211013947e+00,1.981370835902367955e-01
-1.246309123211013947e+00,1.981370835902367955e-01
-1.246309123211013947e+00,1.981370835902367955e-01
-1.246309123211013947e+00,1.981370835902367955e-01
-1.246309123211013947e+00,1.981370835902367955e-01
-1.246309123211013947e+00,1.981370835902367955e-01
-1.246309123211013947e+00,1.981370835902367955e-01
-1.429302967322037210e+00,8.092115268113635185e-02
-1.429302967322037210e+00,8.092115268113635185e-02
-1.432000799418597481e+00,6.358706976657846344e-02
-1.372731258575052626e+00,1.192985450357083865e-01
-1.357484063784221817e+00,1.113485203513361610e-01
-1.357484063784221817e+00,1.113485203513361610e-01
-1.252368690095193360e+00,4.515061695842902123e-02
-1.252368690095193360e+00,4.515061695842902123e-02
-1.277828170588549250e+00,1.315305239399245929e-01
-1.106543912001602958e+00,-1.534232573168374802e-01
-1.106543912001602958e+00,-1.534232573168374802e-01
-1.410311217240566739e+00,-8.902129341796684303e-02
-1.410311217240566739e+00,-8.902129341796684303e-02
-1.093363070394446579e+00,-6.840994559141863607e-02
-1.093363070394446579e+00,-6.840994559141863607e-02
-1.108367556654279440e+00,1.588845821957286242e-01
-1.108367556654279440e+00,1.588845821957286242e-01
-1.228266422021599746e+00,1.970369878819355769e-01
-1.228266422021599746e+00,1.970369878819355769e-01
-1.161577175262785033e+00,2.430800450824155134e-01
-1.161577175262785033e+00,2.430800450824155134e-01
-1.155338118977053519e+00,4.028660837122760574e-02
-1.155338118977053519e+00,4.028660837122760574e-02
-1.155338118977053519e+00,4.028660837122760574e-02
-1.236806141109101365e+00,1.200472049120701323e-01
-1.236806141109101365e+00,1.200472049120701323e-01
-1.236806141109101365e+00,1.200472049120701323e-01
-1.236806141109101365e+00,1.200472049120701323e-01
-1.236806141109101365e+00,1.200472049120701323e-01
-1.305514312191173865e+00,2.385838010852118218e-01
-1.074225444243423588e+00,1.199352503866142339e-01
-1.074225444243423588e+00,1.199352503866142339e-01
-1.074225444243423588e+00,1.199352503866142339e-01
-1.074225444243423588e+00,1.199352503866142339e-01
-1.070534074988537254e+00,-3.950389498668199773e-02
-1.070534074988537254e+00,-3.950389498668199773e-02
-1.070534074988537254e+00,-3.950389498668199773e-02
-1.070534074988537254e+00,-3.950389498668199773e-02
-1.070534074988537254e+00,-3.950389498668199773e-02
-1.070534074988537254e+00,-3.950389498668199773e-02
-1.252966366266838660e+00,-7.272711213618947290e-02
-1.252966366266838660e+00,-7.272711213618947290e-02
-1.252966366266838660e+00,-7.272711213618947290e-02
-1.252966366266838660e+00,-7.272711213618947290e-02
-1.252966366266838660e+00,-7.272711213618947290e-02
-1.252966366266838660e+00,-7.272711213618947290e-02
-1.252966366266838660e+00,-7.272711213618947290e-02
-1.202001422898051564e+00,-2.055946361323757882e-02
-1.202001422898051564e+00,-2.055946361323757882e-02
-1.202001422898051564e+00,-2.055946361323757882e-02
-1.202001422898051564e+00,-2.055946361323757882e-02
-1.202001422898051564e+00,-2.055946361323757882e-02
-1.202001422898051564e+00,-2.055946361323757882e-02
-1.202001422898051564e+00,-2.055946361323757882e-02
-1.202001422898051564e+00,-2.055946361323757882e-02
-1.202001422898051564e+00,-2.055946361323757882e-02
-1.343960782295927192e+00,3.655995321331758502e-02
-1.157433408593777413e+00,5.034413525365800945e-03
-1.187320275452409257e+00,5.352231069894165111e-02
-1.187320275452409257e+00,5.352231069894165111e-02
-1.187320275452409257e+00,5.352231069894165111e-02
-1.187320275452409257e+00,5.352231069894165111e-02
-1.187320275452409257e+00,5.352231069894165111e-02
-1.187320275452409257e+00,5.352231069894165111e-02
-1.187320275452409257e+00,5.352231069894165111e-02
-1.187320275452409257e+00,5.352231069894165111e-02
-1.187320275452409257e+00,5.352231069894165111e-02
-1.187320275452409257e+00,5.352231069894165111e-02
-1.384387151566011553e+00,-8.119134600161276305e-02
-1.384387151566011553e+00,-8.119134600161276305e-02
-1.384387151566011553e+00,-8.119134600161276305e-02
-1.147778734530336298e+00,-5.989745516994327001e-03
-1.147778734530336298e+00,-5.989745516994327001e-03
-1.215559600163085952e+00,-1.665303474625059454e-01
-1.215559600163085952e+00,-1.665303474625059454e-01
-1.196498589597832396e+00,-2.962475215251758609e-01
-1.359445779190723957e+00,-2.718613020770037636e-01
-1.359445779190723957e+00,-2.718613020770037636e-01
-1.350756913969672457e+00,-3.339962653396547076e-01
-1.491487470925201952e+00,1.564881408978556210e-01
-1.491487470925201952e+00,1.564881408978556210e-01
-1.491487470925201952e+00,1.564881408978556210e-01
-1.465609844608055656e+00,-1.554867860499767329e-01
-1.471480031108082898e+00,1.477002604439412448e-01
-1.471480031108082898e+00,1.477002604439412448e-01
-1.411622808343127256e+00,-1.095417969680548276e-01
-1.417904550468418678e+00,1.092471547927666986e-01
-1.456238895519647691e+00,1.198053465208190199e-01
-1.456238895519647691e+00,1.198053465208190199e-01
-1.474007515201915863e+00,-1.619579232006752856e-02
-1.370398205173037010e+00,-3.702957737835776975e-02
-1.356737451552582296e+00,-6.560363455948252376e-02
-1.356737451552582296e+00,-6.560363455948252376e-02
-1.356737451552582296e+00,-6.560363455948252376e-02
-1.356737451552582296e+00,-6.560363455948252376e-02
-1.356737451552582296e+00,-6.560363455948252376e-02
-1.356737451552582296e+00,-6.560363455948252376e-02
-1.165039315409435838e+00,-2.514889996494913682e-02
-1.165039315409435838e+00,-2.514889996494913682e-02
-1.342657743057923403e+00,1.482307814415100705e-02
-1.342657743057923403e+00,1.482307814415100705e-02
-1.342657743057923403e+00,1.482307814415100705e-02
-1.342657743057923403e+00,1.482307814415100705e-02
-1.342657743057923403e+00,1.482307814415100705e-02
-1.370288155476620640e+00,-1.036743163686214830e-01
-1.370288155476620640e+00,-1.036743163686214830e-01
-1.370288155476620640e+00,-1.036743163686214830e-01
-1.294532077316974839e+00,-1.077994890408505713e-01
-1.294532077316974839e+00,-1.077994890408505713e-01
-1.294532077316974839e+00,-1.077994890408505713e-01
-1.312877516884185303e+00,-1.820554915308929544e-01
-1.312877516884185303e+00,-1.820554915308929544e-01
-1.399437160402080105e+00,-1.550372110356454114e-01
-1.399437160402080105e+00,-1.550372110356454114e-01
-1.399437160402080105e+00,-1.550372110356454114e-01
-1.399437160402080105e+00,-1.550372110356454114e-01
-1.452686867345747812e+00,-4.287924185582205061e-02
-1.452686867345747812e+00,-4.287924185582205061e-02
-1.452686867345747812e+00,-4.287924185582205061e-02
-1.300726620909336217e+00,-1.888269138233701350e-01
-1.300726620909336217e+00,-1.888269138233701350e-01
-1.300726620909336217e+00,-1.888269138233701350e-01
-1.235171484968918154e+00,-1.747954171177188709e-01
-1.235171484968918154e+00,-1.747954171177188709e-01
-1.235171484968918154e+00,-1.747954171177188709e-01
-1.235171484968918154e+00,-1.747954171177188709e-01
-1.189326269204373787e+00,-2.803236295716027282e-01
-1.189326269204373787e+00,-2.803236295716027282e-01
-1.207168164927252096e+00,-2.686414607341167105e-01
-1.207168164927252096e+00,-2.686414607341167105e-01
-1.276139304155404330e+00,-2.906276166067781608e-01
-1.276139304155404330e+00,-2.906276166067781608e-01
-1.276139304155404330e+00,-2.906276166067781608e-01
-1.448156998567255771e+00,-7.566936056922615728e-02
-1.448156998567255771e+00,-7.566936056922615728e-02
-1.449188002777840323e+00,-1.777778618835604285e-02
-1.449188002777840323e+00,-1.777778618835604285e-02
-1.253518202807357262e+00,-1.564740054168900774e-01
-1.253518202807357262e+00,-1.564740054168900774e-01
-1.253518202807357262e+00,-1.564740054168900774e-01
-1.212842269746873258e+00,7.026284694321477398e-02
-1.212842269746873258e+00,7.026284694321477398e-02
-1.212842269746873258e+00,7.026284694321477398e-02
-1.263052474769394751e+00,-7.069131103020157014e-02
-1.263052474769394751e+00,-7.069131103020157014e-02
-1.130747057950826751e+00,3.502578876108927708e-02
-1.130747057950826751e+00,3.502578876108927708e-02
-1.221605351755197022e+00,4.226178452013717307e-02
-1.221605351755197022e+00,4.226178452013717307e-02
-1.221605351755197022e+00,4.226178452013717307e-02
-1.099618467578476144e+00,1.208403318889602063e-01
-1.041583644367990225e+00,3.342060534653691628e-02
-1.041583644367990225e+00,3.342060534653691628e-02
-1.041583644367990225e+00,3.342060534653691628e-02
-1.041583644367990225e+00,3.342060534653691628e-02
-9.569284343124705439e-01,-3.218398296804768355e-02
-1.109825150437786068e+00,9.136353613999187440e-02
-1.035321742982579618e+00,4.607940095404869374e-03
-1.194844710201456994e+00,3.456591710880294478e-03
-1.193788893274591700e+00,-8.057182146430576231e-02
-1.276601879465157907e+00,-1.720984939009563564e-02
-1.276601879465157907e+00,-1.720984939009563564e-02
-1.109897632762576469e+00,7.007121660169321475e-02
-1.109897632762576469e+00,7.007121660169321475e-02
-1.200840728678177483e+00,-2.734161271322263498e-02
-1.200840728678177483e+00,-2.734161271322263498e-02
-1.200840728678177483e+00,-2.734161271322263498e-02
-1.293507347506259952e+00,4.324097650778849222e-02
-1.282397549017290306e+00,6.351655197767866468e-02
-1.282397549017290306e+00,6.351655197767866468e-02
-1.282397549017290306e+00,6.351655197767866468e-02
-1.246965987693788191e+00,-6.754222101752693774e-02
-1.246965987693788191e+00,-6.754222101752693774e-02
-1.352199450570097161e+00,-1.002701970702236656e-01
-1.352199450570097161e+00,-1.002701970702236656e-01
-1.352199450570097161e+00,-1.002701970702236656e-01
-1.352199450570097161e+00,-1.002701970702236656e-01
-1.352199450570097161e+00,-1.002701970702236656e-01
-1.352199450570097161e+00,-1.002701970702236656e-01
-1.352199450570097161e+00,-1.002701970702236656e-01
-1.352199450570097161e+00,-1.002701970702236656e-01
-1.352199450570097161e+00,-1.002701970702236656e-01
-1.352199450570097161e+00,-1.002701970702236656e-01
-1.292303622619493497e+00,-1.119742022756477218e-02
-1.292303622619493497e+00,-1.119742022756477218e-02
-1.292303622619493497e+00,-1.119742022756477218e-02
-1.362634027440890128e+00,1.049186686046327949e-03
-1.288597187801079125e+00,-2.753878335121087359e-02
-1.288597187801079125e+00,-2.753878335121087359e-02
-1.224398777663599169e+00,5.576824810888759976e-02
-1.224398777663599169e+00,5.576824810888759976e-02
-1.224398777663599169e+00,5.576824810888759976e-02
-1.224398777663599169e+00,5.576824810888759976e-02
-1.224398777663599169e+00,5.576824810888759976e-02
-1.224398777663599169e+00,5.576824810888759976e-02
-1.253831195830895195e+00,1.327366891695379580e-01
-1.367394902381586341e+00,1.200096225510655368e-01
-1.269891762801285129e+00,1.524315049515392873e-01
-1.269891762801285129e+00,1.524315049515392873e-01
-1.328974675965930219e+00,1.371401455082996157e-02
-1.429011779579016705e+00,-1.297977114097664461e-02
-1.429011779579016705e+00,-1.297977114097664461e-02
-1.429011779579016705e+00,-1.297977114097664461e-02
-1.429011779579016705e+00,-1.297977114097664461e-02
-1.388400186151071303e+00,-1.310185139138089205e-01
-1.388400186151071303e+00,-1.310185139138089205e-01
-1.388400186151071303e+00,-1.310185139138089205e-01
-1.292343397172089459e+00,-1.934973957973296077e-02
-1.216871516496038419e+00,-3.252720043337006817e-02
-1.216871516496038419e+00,-3.252720043337006817e-02
-1.216871516496038419e+00,-3.252720043337006817e-02
-1.216871516496038419e+00,-3.252720043337006817e-02
-1.192439966072081248e+00,-6.218334251919602207e-02
-1.384653329826042611e+00,-3.453531821155112619e-02
-1.384653329826042611e+00,-3.453531821155112619e-02
-1.384653329826042611e+00,-3.453531821155112619e-02
-1.211538802015041494e+00,-2.081894972281915501e-03
-1.211538802015041494e+00,-2.081894972281915501e-03
-1.211538802015041494e+00,-2.081894972281915501e-03
-1.191068523633606269e+00,9.417505918857757563e-02
-1.191068523633606269e+00,9.417505918857757563e-02
-1.191068523633606269e+00,9.417505918857757563e-02
-1.191068523633606269e+00,9.417505918857757563e-02
-1.160954055786431960e+00,3.634269920524043490e-02
-1.162147380979716926e+00,1.686567998901123203e-02
-1.162147380979716926e+00,1.686567998901123203e-02
-1.162147380979716926e+00,1.686567998901123203e-02
-1.162147380979716926e+00,1.686567998901123203e-02
-1.162147380979716926e+00,1.686567998901123203e-02
-1.162147380979716926e+00,1.686567998901123203e-02
-1.162147380979716926e+00,1.686567998901123203e-02
-1.162147380979716926e+00,1.686567998901123203e-02
-1.162147380979716926e+00,1.686567998901123203e-02
-1.311093994075630986e+00,1.665255374183284565e-01
-1.311093994075630986e+00,1.665255374183284565e-01
-1.122482345060551889e+00,7.745114724379548177e-02
-1.348926485913399587e+00,2.682358040815849970e-02
-1.348926485913399587e+00,2.682358040815849970e-02
-1.308463333316424615e+00,-1.119291518527394114e-01
-1.184289927740640014e+00,6.615321176098015732e-02
-1.196666452263928315e+00,9.033762689968599657e-02
-1.196666452263928315e+00,9.033762689968599657e-02
-1.196666452263928315e+00,9.033762689968599657e-02
-1.285338006127050736e+00,-2.112316333178723693e-03
-1.285338006127050736e+00,-2.112316333178723693e-03
-1.285338006127050736e+00,-2.112316333178723693e-03
-1.285338006127050736e+00,-2.112316333178723693e-03
-1.285338006127050736e+00,-2.112316333178723693e-03
-1.285338006127050736e+00,-2.112316333178723693e-03
-1.285338006127050736e+00,-2.112316333178723693e-03
-1.285338006127050736e+00,-2.112316333178723693e-03
-1.231284241698660908e+00,-5.312615344556449737e-02
-1.231284241698660908e+00,-5.312615344556449737e-02
-1.329349481571318714e+00,2.335650872504957398e-02
-1.332646896669583025e+00,7.568606873041280880e-02
-1.332144067579986935e+00,-3.377046384754914254e-02
-1.332144067579986935e+00,-3.377046384754914254e-02
-1.332144067579986935e+00,-3.377046384754914254e-02
-1.332144067579986935e+00,-3.377046384754914254e-02
-1.332144067579986935e+00,-3.377046384754914254e-02
-1.163342611327965681e+00,-2.899532376876075984e-02
-1.163342611327965681e+00,-2.899532376876075984e-02
-1.123758050631128880e+00,-1.237655599905482517e-01
-1.075303083346152766e+00,-4.431497703491733831e-02
-1.075303083346152766e+00,-4.431497703491733831e-02
-1.370603023980034862e+00,-5.452278555399974608e-02
-1.370603023980034862e+00,-5.452278555399974608e-02
-1.336237292749611782e+00,-1.166711281286899049e-01
-1.336237292749611782e+00,-1.166711281286899049e-01
-1.336237292749611782e+00,-1.166711281286899049e-01
-1.334670459790693320e+00,6.078661749661512514e-02
-1.334670459790693320e+00,6.078661749661512514e-02
-1.334670459790693320e+00,6.078661749661512514e-02
-1.334670459790693320e+00,6.078661749661512514e-02
-1.334670459790693320e+00,6.078661749661512514e-02
-1.261867950319948140e+00,1.072738405844891468e-01
-1.229386718139409806e+00,1.903166089993144072e-02
-1.229386718139409806e+00,1.903166089993144072e-02
-1.229386718139409806e+00,1.903166089993144072e-02
-1.229386718139409806e+00,1.903166089993144072e-02
-1.229386718139409806e+00,1.903166089993144072e-02
-1.229386718139409806e+00,1.903166089993144072e-02
-1.229386718139409806e+00,1.903166089993144072e-02
-1.229386718139409806e+00,1.903166089993144072e-02
-1.144534531870681882e+00,5.205171699049743195e-02
-1.144534531870681882e+00,5.205171699049743195e-02
-1.248024178426997421e+00,-5.513876426243712048e-02
-1.248024178426997421e+00,-5.513876426243712048e-02
-1.248024178426997421e+00,-5.513876426243712048e-02
-1.248024178426997421e+00,-5.513876426243712048e-02
-1.248024178426997421e+00,-5.513876426243712048e-02
-1.248024178426997421e+00,-5.513876426243712048e-02
-1.248024178426997421e+00,-5.513876426243712048e-02
-1.248024178426997421e+00,-5.513876426243712048e-02
-1.248024178426997421e+00,-5.513876426243712048e-02
-1.202906915307261571e+00,-6.227646287120736784e-02
-1.202906915307261571e+00,-6.227646287120736784e-02
-1.202906915307261571e+00,-6.227646287120736784e-02
-1.192215525790451647e+00,-5.382458694475637101e-02
-1.192215525790451647e+00,-5.382458694475637101e-02
-1.192215525790451647e+00,-5.382458694475637101e-02
-1.313396137718821466e+00,-1.921847545399795743e-01
-1.313396137718821466e+00,-1.921847545399795743e-01
-1.313396137718821466e+00,-1.921847545399795743e-01
-1.058549632035869603e+00,-2.121605793642319937e-01
-1.189007676508646805e+00,-9.481531133300634406e-02
-1.189007676508646805e+00,-9.481531133300634406e-02
-1.189007676508646805e+00,-9.481531133300634406e-02
-1.189007676508646805e+00,-9.481531133300634406e-02
-1.189007676508646805e+00,-9.481531133300634406e-02
-1.189007676508646805e+00,-9.481531133300634406e-02
-1.189007676508646805e+00,-9.481531133300634406e-02
-1.189007676508646805e+00,-9.481531133300634406e-02
-1.189007676508646805e+00,-9.481531133300634406e-02
-1.189007676508646805e+00,-9.481531133300634406e-02
-1.189007676508646805e+00,-9.481531133300634406e-02
-1.252782392322375316e+00,-1.030714164263435567e-01
-1.140403469553031179e+00,-2.777587135690863518e-02
-1.140403469553031179e+00,-2.777587135690863518e-02
-1.140403469553031179e+00,-2.777587135690863518e-02
-1.180762614324001314e+00,7.034907056407227466e-02
-1.313356200085362024e+00,2.129838572986232637e-02
-1.313356200085362024e+00,2.129838572986232637e-02
-1.210828400341942501e+00,4.075809307605832155e-02
-1.210828400341942501e+00,4.075809307605832155e-02
-1.210828400341942501e+00,4.075809307605832155e-02
-1.205213413046712256e+00,7.731495652671610541e-02
-1.205213413046712256e+00,7.731495652671610541e-02
-1.155371922489979220e+00,2.458722764973382546e-02
-1.155371922489979220e+00,2.458722764973382546e-02
-1.148744068638235083e+00,8.660783961611830117e-03
-1.148744068638235083e+00,8.660783961611830117e-03
-1.162057438149548316e+00,2.764662355477449235e-02
-1.199154580462270081e+00,1.130630764362542118e-01
-1.199154580462270081e+00,1.130630764362542118e-01
-1.199154580462270081e+00,1.130630764362542118e-01
-1.207008047178205423e+00,1.622273360432772427e-01
-1.207008047178205423e+00,1.622273360432772427e-01
-1.337264339093907850e+00,1.290755407969214341e-01
-1.337264339093907850e+00,1.290755407969214341e-01
-1.337264339093907850e+00,1.290755407969214341e-01
-1.337264339093907850e+00,1.290755407969214341e-01
-1.337264339093907850e+00,1.290755407969214341e-01
-1.337264339093907850e+00,1.290755407969214341e-01
-1.337264339093907850e+00,1.290755407969214341e-01
-1.337264339093907850e+00,1.290755407969214341e-01
-1.268183334016540931e+00,-8.752501953842259375e-02
-1.178859466607623308e+00,8.542176946110049962e-03
-1.178859466607623308e+00,8.542176946110049962e-03
-1.178859466607623308e+00,8.542176946110049962e-03
-1.160671163774223302e+00,3.724624033801801799e-03
-1.160671163774223302e+00,3.724624033801801799e-03
-1.122384772423594246e+00,-3.687685403119521366e-02
-1.122384772423594246e+00,-3.687685403119521366e-02
-1.122384772423594246e+00,-3.687685403119521366e-02
-1.295236213189730368e+00,4.066968986214870851e-03
-1.295236213189730368e+00,4.066968986214870851e-03
-1.282374879409804436e+00,-2.515233766764341308e-02
-1.154254385427531338e+00,2.006759524971898564e-02
-1.154254385427531338e+00,2.006759524971898564e-02
-1.154254385427531338e+00,2.006759524971898564e-02
-1.154254385427531338e+00,2.006759524971898564e-02
-1.140445550979816369e+00,-1.394254157563710461e-01
-1.140445550979816369e+00,-1.394254157563710461e-01
-1.140445550979816369e+00,-1.394254157563710461e-01
-1.140445550979816369e+00,-1.394254157563710461e-01
-1.140445550979816369e+00,-1.394254157563710461e-01
-1.185312205584344802e+00,-1.023056946845339876e-01
-1.370754110873112719e+00,-6.022895712253589773e-02
-1.338318107332798546e+00,4.919942127659532316e-04
-1.176070946839602671e+00,-1.208232346816112135e-01
-1.176070946839602671e+00,-1.208232346816112135e-01
-1.217685138703237469e+00,1.555000421732433136e-01
-1.217685138703237469e+00,1.555000421732433136e-01
-1.217323927862766109e+00,1.503741669996335739e-01
-1.217323927862766109e+00,1.503741669996335739e-01
-1.217323927862766109e+00,1.503741669996335739e-01
-1.217323927862766109e+00,1.503741669996335739e-01
-1.217323927862766109e+00,1.503741669996335739e-01
-1.217323927862766109e+00,1.503741669996335739e-01
-1.429660619411110334e+00,2.404117187701886316e-01
-1.265478034870003876e+00,2.687209646621713799e-01
-1.304097420264694218e+00,1.082005637460894953e-01
-1.304097420264694218e+00,1.082005637460894953e-01
-1.390154666352980906e+00,-2.203636889040230806e-02
-1.390154666352980906e+00,-2.203636889040230806e-02
-1.254009772287169922e+00,1.013925513824938951e-01
-1.400684885895398191e+00,5.615092910113676089e-02
-1.400684885895398191e+00,5.615092910113676089e-02
-1.400684885895398191e+00,5.615092910113676089e-02
-1.323242138799923140e+00,-1.249038064719084629e-01
-1.323242138799923140e+00,-1.249038064719084629e-01
-1.247079552222239762e+00,3.026644664987346300e-02
-1.247079552222239762e+00,3.026644664987346300e-02
-1.247079552222239762e+00,3.026644664987346300e-02
-1.247079552222239762e+00,3.026644664987346300e-02
-1.404384068811852071e+00,-1.528106520663181644e-01
-1.404384068811852071e+00,-1.528106520663181644e-01
-1.404384068811852071e+00,-1.528106520663181644e-01
-1.404384068811852071e+00,-1.528106520663181644e-01
-1.404384068811852071e+00,-1.528106520663181644e-01
-1.404384068811852071e+00,-1.528106520663181644e-01
-1.404384068811852071e+00,-1.528106520663181644e-01
-1.434687822830766013e+00,-3.176108451596384996e-02
-1.427919152615649390e+00,-2.467759160545517083e-01
-1.427919152615649390e+00,-2.467759160545517083e-01
-1.427919152615649390e+00,-2.467759160545517083e-01
-1.367529960529262789e+00,-2.764872396565276613e-01
-1.367529960529262789e+00,-2.764872396565276613e-01
-1.367529960529262789e+00,-2.764872396565276613e-01
-1.243393623399629222e+00,-1.406062100878256449e-01
-1.243393623399629222e+00,-1.406062100878256449e-01
-1.243393623399629222e+00,-1.406062100878256449e-01
-1.243393623399629222e+00,-1.406062100878256449e-01
-1.239062319222919095e+00,1.177662932395421302e-01
-1.239062319222919095e+00,1.177662932395421302e-01
-1.239062319222919095e+00,1.177662932395421302e-01
-1.239062319222919095e+00,1.177662932395421302e-01
-1.239062319222919095e+00,1.177662932395421302e-01
-1.239062319222919095e+00,1.177662932395421302e-01
-1.239062319222919095e+00,1.177662932395421302e-01
-1.192690786864065489e+00,-1.987267148840657360e-02
-1.192690786864065489e+00,-1.987267148840657360e-02
-1.192690786864065489e+00,-1.987267148840657360e-02
-1.192690786864065489e+00,-1.987267148840657360e-02
-1.192690786864065489e+00,-1.987267148840657360e-02
-1.192690786864065489e+00,-1.987267148840657360e-02
-1.192690786864065489e+00,-1.987267148840657360e-02
-1.192690786864065489e+00,-1.987267148840657360e-02
-1.192690786864065489e+00,-1.987267148840657360e-02
-1.192690786864065489e+00,-1.987267148840657360e-02
-1.192690786864065489e+00,-1.987267148840657360e-02
-1.192690786864065489e+00,-1.987267148840657360e-02
-1.051877636246389081e+00,1.522979706446511705e-01
-1.051877636246389081e+00,1.522979706446511705e-01
-1.051877636246389081e+00,1.522979706446511705e-01
-1.051877636246389081e+00,1.522979706446511705e-01
-9.789942251558173547e-01,-5.150324346465684489e-02
-9.789942251558173547e-01,-5.150324346465684489e-02
-9.789942251558173547e-01,-5.150324346465684489e-02
-1.156350549780269077e+00,2.878200641093024981e-01
-1.156350549780269077e+00,2.878200641093024981e-01
-1.156350549780269077e+00,2.878200641093024981e-01
-1.156350549780269077e+00,2.878200641093024981e-01
-1.264597861807435608e+00,2.309743350641864090e-01
-1.264597861807435608e+00,2.309743350641864090e-01
-1.264597861807435608e+00,2.309743350641864090e-01
-1.046536377792580463e+00,5.207553368989570330e-02
-1.093982101782894567e+00,1.278118465112761670e-01
-1.093982101782894567e+00,1.278118465112761670e-01
-1.093982101782894567e+00,1.278118465112761670e-01
-1.398957925568209193e+00,2.101914085151518896e-01
-1.299502982353194724e+00,2.353185842193032951e-01
-1.401901638891149382e+00,3.437628962640856822e-02
-1.303695574009987146e+00,2.995849756852597343e-02
-1.217438291195654276e+00,-9.533735525933914601e-02
-1.217438291195654276e+00,-9.533735525933914601e-02
-1.217438291195654276e+00,-9.533735525933914601e-02
-1.217438291195654276e+00,-9.533735525933914601e-02
-1.217438291195654276e+00,-9.533735525933914601e-02
-1.217438291195654276e+00,-9.533735525933914601e-02
-1.217438291195654276e+00,-9.533735525933914601e-02
-1.319168783435257897e+00,-9.399527720732171743e-02
-1.391792745875847226e+00,-9.598970464019751514e-03
-1.301606679849775627e+00,5.281270213473936159e-02
-1.178145803930246815e+00,-6.339992842575901955e-02
-1.178145803930246815e+00,-6.339992842575901955e-02
-1.178145803930246815e+00,-6.339992842575901955e-02
-1.083097774204061059e+00,-4.995176163578626816e-03
-1.083097774204061059e+00,-4.995176163578626816e-03
-1.069689765468759601e+00,-2.032727277001241117e-01
-1.069689765468759601e+00,-2.032727277001241117e-01
-1.069689765468759601e+00,-2.032727277001241117e-01
-1.069689765468759601e+00,-2.032727277001241117e-01
-1.069689765468759601e+00,-2.032727277001241117e-01
-1.069689765468759601e+00,-2.032727277001241117e-01
-1.209900363867869810e+00,-1.823611640474643858e-01
-1.313191536285231553e+00,-6.166082544585162195e-02
-1.252248084730710032e+00,5.996354505794147804e-02
-1.308134386295234375e+00,1.683139119971231723e-02
-1.308134386295234375e+00,1.683139119971231723e-02
-1.308134386295234375e+00,1.683139119971231723e-02
-1.308134386295234375e+00,1.683139119971231723e-02
-1.308134386295234375e+00,1.683139119971231723e-02
-1.308134386295234375e+00,1.683139119971231723e-02
-1.348362075317851794e+00,-3.436680840740623244e-02
-1.348362075317851794e+00,-3.436680840740623244e-02
-1.175016521968452743e+00,1.277971771377794941e-01
-1.175016521968452743e+00,1.277971771377794941e-01
-1.175016521968452743e+00,1.277971771377794941e-01
-1.365644890622215613e+00,1.739651329224214393e-01
-1.211988721004063185e+00,1.112475701952453100e-01
-1.249910150690506150e+00,-5.314060101773526723e-02
-1.249910150690506150e+00,-5.314060101773526723e-02
-1.249910150690506150e+00,-5.314060101773526723e-02
-1.247948410606412040e+00,2.080429798130818686e-02
-1.170875975271123082e+00,1.118956007249670426e-01
-1.170875975271123082e+00,1.118956007249670426e-01
-1.197889072365742491e+00,-5.112633820173154153e-02
-1.197889072365742491e+00,-5.112633820173154153e-02
-1.197889072365742491e+00,-5.112633820173154153e-02
-1.197889072365742491e+00,-5.112633820173154153e-02
-1.197889072365742491e+00,-5.112633820173154153e-02
-1.197889072365742491e+00,-5.112633820173154153e-02
-1.197889072365742491e+00,-5.112633820173154153e-02
-1.222484403020073662e+00,-9.500613836405524815e-02
-1.182744281760226501e+00,-2.890087707157158736e-02
-1.300432143286741171e+00,-7.333294050216419835e-02
-1.300432143286741171e+00,-7.333294050216419835e-02
-1.300432143286741171e+00,-7.333294050216419835e-02
-1.300432143286741171e+00,-7.333294050216419835e-02
-1.300432143286741171e+00,-7.333294050216419835e-02
-1.161400835917863361e+00,7.372549652913835960e-02
-1.217045121300800226e+00,1.195816937777647582e-01
-1.164632829944449943e+00,1.231273597524584901e-01
-1.164632829944449943e+00,1.231273597524584901e-01
-1.164632829944449943e+00,1.231273597524584901e-01
-1.290270215301287937e+00,2.318620312276810647e-01
-1.016393996899454422e+00,5.227490210129182024e-02
-1.016393996899454422e+00,5.227490210129182024e-02
-1.126705923047824021e+00,-3.349858248177276510e-01
-1.126705923047824021e+00,-3.349858248177276510e-01
-1.126705923047824021e+00,-3.349858248177276510e-01
-1.126705923047824021e+00,-3.349858248177276510e-01
-1.104855782963024335e+00,-3.478728842891532502e-01
-1.104855782963024335e+00,-3.478728842891532502e-01
-9.399324488995348670e-01,-3.212498090800217643e-01
-9.399324488995348670e-01,-3.212498090800217643e-01
-9.604675580377606270e-01,-2.047358467845930563e-01
-9.604675580377606270e-01,-2.047358467845930563e-01
-9.210834710459010477e-01,1.727228468090721836e-01
-9.210834710459010477e-01,1.727228468090721836e-01
-9.210834710459010477e-01,1.727228468090721836e-01
-9.210834710459010477e-01,1.727228468090721836e-01
-9.831226086288261667e-01,1.007165106555414080e-01
-1.138193006846945021e+00,-9.536192210826191507e-02
-1.138193006846945021e+00,-9.536192210826191507e-02
-1.150819979263496551e+00,-1.156012243046200816e-01
-1.064550049188574210e+00,1.800890548415184922e-02
-1.339481930821892597e+00,1.549834780615523544e-01
-1.339481930821892597e+00,1.549834780615523544e-01
-1.339481930821892597e+00,1.549834780615523544e-01
-1.355139216788258771e+00,-7.190302143120719247e-03
-1.355139216788258771e+00,-7.190302143120719247e-03
-1.355139216788258771e+00,-7.190302143120719247e-03
-1.355139216788258771e+00,-7.190302143120719247e-03
-1.367257376804483782e+00,1.240527708411029162e-01
-1.418373980718877991e+00,5.352640218424674357e-02
-1.418373980718877991e+00,5.352640218424674357e-02
-1.418373980718877991e+00,5.352640218424674357e-02
-1.267278542934598518e+00,1.326673075645196653e-01
-1.200049323017424285e+00,1.387198026342735813e-01
-1.200049323017424285e+00,1.387198026342735813e-01
-1.200049323017424285e+00,1.387198026342735813e-01
-1.200049323017424285e+00,1.387198026342735813e-01
-1.059918937776069603e+00,2.022921535124329318e-02
-1.211846635281899953e+00,-4.499302928896282971e-02
-1.211846635281899953e+00,-4.499302928896282971e-02
-1.211846635281899953e+00,-4.499302928896282971e-02
-1.211846635281899953e+00,-4.499302928896282971e-02
-1.211846635281899953e+00,-4.499302928896282971e-02
-1.393782395660392970e+00,-1.432867334705943130e-01
-1.093706820959132964e+00,-1.320442693326467909e-01
-1.294405734250989370e+00,-1.877860940420957858e-01
-1.488397292931619820e+00,-5.032237382734155995e-02
-1.488397292931619820e+00,-5.032237382734155995e-02
-1.488397292931619820e+00,-5.032237382734155995e-02
-1.488397292931619820e+00,-5.032237382734155995e-02
-1.488397292931619820e+00,-5.032237382734155995e-02
-1.488397292931619820e+00,-5.032237382734155995e-02
-1.344761159468427669e+00,2.389362094671494685e-02
-1.282723811417340931e+00,-1.448752493956074749e-01
-1.282723811417340931e+00,-1.448752493956074749e-01
-1.499532216116491679e+00,1.711632775064700351e-02
-1.499532216116491679e+00,1.711632775064700351e-02
-1.231382538546212047e+00,5.122744817407243884e-02
-1.231382538546212047e+00,5.122744817407243884e-02
-1.231382538546212047e+00,5.122744817407243884e-02
-1.231382538546212047e+00,5.122744817407243884e-02
-1.231382538546212047e+00,5.122744817407243884e-02
-1.231382538546212047e+00,5.122744817407243884e-02
-1.317613499798774290e+00,6.580318300818771560e-02
-1.153463587543803737e+00,2.379805057249574640e-02
-1.153463587543803737e+00,2.379805057249574640e-02
-1.153463587543803737e+00,2.379805057249574640e-02
-1.237276965346648661e+00,1.053952986330254221e-01
-1.237276965346648661e+00,1.053952986330254221e-01
-1.258957356402656158e+00,1.222321490255666998e-01
-1.258957356402656158e+00,1.222321490255666998e-01
-1.258957356402656158e+00,1.222321490255666998e-01
-1.383345267323301542e+00,1.858351645621105219e-01
-1.383345267323301542e+00,1.858351645621105219e-01
-1.191379922336785580e+00,-7.699138169892355554e-02
-1.228342577009632342e+00,6.416151062559077856e-03
-1.184254077159379248e+00,8.574318537497195580e-02
-1.184254077159379248e+00,8.574318537497195580e-02
-1.184254077159379248e+00,8.574318537497195580e-02
-1.184254077159379248e+00,8.574318537497195580e-02
-1.392683469782118433e+00,3.760158768172923438e-02
-1.392683469782118433e+00,3.760158768172923438e-02
-1.392683469782118433e+00,3.760158768172923438e-02
-1.288836627380163025e+00,7.241256599944853600e-02
-1.266104363888422846e+00,-8.700361152153907041e-02
-1.266104363888422846e+00,-8.700361152153907041e-02
-1.266104363888422846e+00,-8.700361152153907041e-02
-1.332986593529781327e+00,1.614946773978129246e-02
-1.332986593529781327e+00,1.614946773978129246e-02
-1.332986593529781327e+00,1.614946773978129246e-02
-1.332986593529781327e+00,1.614946773978129246e-02
-1.320177496337168632e+00,-9.284150384488466801e-04
-1.320177496337168632e+00,-9.284150384488466801e-04
-1.320177496337168632e+00,-9.284150384488466801e-04
-1.320177496337168632e+00,-9.284150384488466801e-04
-1.320177496337168632e+00,-9.284150384488466801e-04
-1.320177496337168632e+00,-9.284150384488466801e-04
-1.228176661396465752e+00,-1.001833377315370678e-02
-1.252767242919640811e+00,-7.600109912680720614e-02
-1.188641660276218204e+00,-9.568031435528340234e-03
-1.188641660276218204e+00,-9.568031435528340234e-03
-1.188641660276218204e+00,-9.568031435528340234e-03
-1.189916434531527178e+00,-2.067932145705606017e-02
-1.234086333278782810e+00,4.836638943638502108e-02
-1.234086333278782810e+00,4.836638943638502108e-02
-1.234086333278782810e+00,4.836638943638502108e-02
-9.938618605868967393e-01,7.246262690257918027e-02
-1.026454718516695452e+00,1.204977007592495097e-01
-1.120811817571519819e+00,2.341419273507084897e-01
-1.294745359501538351e+00,1.817318650740567532e-01
-1.294745359501538351e+00,1.817318650740567532e-01
-1.354060789353243921e+00,1.275500096979092224e-01
-1.354060789353243921e+00,1.275500096979092224e-01
-1.133122036219326612e+00,-1.465161769125145064e-02
-1.293118550705827374e+00,5.151704269262182001e-02
-1.293118550705827374e+00,5.151704269262182001e-02
-1.293118550705827374e+00,5.151704269262182001e-02
-1.293118550705827374e+00,5.151704269262182001e-02
-1.293118550705827374e+00,5.151704269262182001e-02
-1.293118550705827374e+00,5.151704269262182001e-02
-1.293118550705827374e+00,5.151704269262182001e-02
-1.329266621251718794e+00,6.064920534438660721e-02
-1.241016583230683645e+00,1.052196540769910066e-01
-1.483060156624465442e+00,-1.777266963416990198e-02
-1.483060156624465442e+00,-1.777266963416990198e-02
-1.465144671005301547e+00,-6.718590547656784484e-04
-1.345933969091199778e+00,-1.378372239628515850e-01
-1.345933969091199778e+00,-1.378372239628515850e-01
-1.345933969091199778e+00,-1.378372239628515850e-01
-1.334340243146199922e+00,-1.925248836695554466e-01
-1.334340243146199922e+00,-1.925248836695554466e-01
-1.151574422444977541e+00,1.955040973605043364e-02
-1.150968912385432530e+00,5.062679412371415277e-02
-1.150968912385432530e+00,5.062679412371415277e-02
-1.150968912385432530e+00,5.062679412371415277e-02
-1.089889719098713572e+00,-6.583451873850909575e-02
-1.089889719098713572e+00,-6.583451873850909575e-02
-1.089889719098713572e+00,-6.583451873850909575e-02
-1.210493972907131788e+00,8.115691652701390035e-02
-1.109190332380060484e+00,1.123264691013517586e-01
-1.109190332380060484e+00,1.123264691013517586e-01
-1.109190332380060484e+00,1.123264691013517586e-01
-1.109190332380060484e+00,1.123264691013517586e-01
-1.335327094136392390e+00,1.709241059187763256e-01
-1.184482612167215843e+00,5.688048591227923279e-02
-1.184482612167215843e+00,5.688048591227923279e-02
-1.184482612167215843e+00,5.688048591227923279e-02
-1.213826767373778148e+00,1.523608538236983501e-01
-1.289183524213069365e+00,2.181087990088087514e-01
-1.289183524213069365e+00,2.181087990088087514e-01
-1.153816625859589884e+00,6.666910845179321865e-02
-1.121898993401094557e+00,-1.240631420650136207e-01
-1.163306443766100484e+00,-1.472388725837799062e-02
-1.163306443766100484e+00,-1.472388725837799062e-02
-1.222502657072600529e+00,-2.911295695636888919e-02
-1.222502657072600529e+00,-2.911295695636888919e-02
-1.152198227142351650e+00,-1.560424110928072261e-01
-1.152198227142351650e+00,-1.560424110928072261e-01
-1.098044895743190974e+00,1.718000547987410254e-01
-1.132378716923766460e+00,1.224140423402179934e-01
-1.132378716923766460e+00,1.224140423402179934e-01
-1.132378716923766460e+00,1.224140423402179934e-01
-1.132378716923766460e+00,1.224140423402179934e-01
-1.132378716923766460e+00,1.224140423402179934e-01
-1.132378716923766460e+00,1.224140423402179934e-01
-1.161837579783804086e+00,-3.602426440409128849e-02
-1.161837579783804086e+00,-3.602426440409128849e-02
-1.161837579783804086e+00,-3.602426440409128849e-02
-1.161837579783804086e+00,-3.602426440409128849e-02
-1.188802686088715754e+00,2.183975423879462863e-01
-1.253677436165840930e+00,1.027691493741713091e-01
-1.253677436165840930e+00,1.027691493741713091e-01
-1.253677436165840930e+00,1.027691493741713091e-01
-1.253677436165840930e+00,1.027691493741713091e-01
-1.253677436165840930e+00,1.027691493741713091e-01
-1.253677436165840930e+00,1.027691493741713091e-01
-1.399127388837073660e+00,5.206604146895624924e-02
-1.399127388837073660e+00,5.206604146895624924e-02
-1.399127388837073660e+00,5.206604146895624924e-02
-1.399127388837073660e+00,5.206604146895624924e-02
-1.377810654593861539e+00,1.246723589569282420e-01
-1.457055023224295587e+00,7.696923931039446887e-02
-1.457055023224295587e+00,7.696923931039446887e-02
-1.457055023224295587e+00,7.696923931039446887e-02
-1.357124160110600330e+00,-8.015070198801650669e-02
-1.357124160110600330e+00,-8.015070198801650669e-02
-1.357124160110600330e+00,-8.015070198801650669e-02
-1.412104657083638193e+00,-1.257333056879297861e-02
-1.327516506576761346e+00,-7.637594763634195094e-02
-1.184612073449772485e+00,7.969351927812287628e-02
-1.184612073449772485e+00,7.969351927812287628e-02
-1.184612073449772485e+00,7.969351927812287628e-02
-1.184612073449772485e+00,7.969351927812287628e-02
-1.184612073449772485e+00,7.969351927812287628e-02
-1.184612073449772485e+00,7.969351927812287628e-02
-1.184612073449772485e+00,7.969351927812287628e-02
-1.334225403892805417e+00,3.835049685778749856e-02
-1.199360693916046827e+00,-9.321626851542838543e-02
-1.199360693916046827e+00,-9.321626851542838543e-02
-1.199360693916046827e+00,-9.321626851542838543e-02
-1.259071210762440662e+00,1.143932179726123155e-02
-1.211557399066208296e+00,1.182492613888398159e-01
-1.403833140242839894e+00,8.155694321789136447e-02
-1.403833140242839894e+00,8.155694321789136447e-02
-1.121345476217724846e+00,-8.423946909677967887e-02
-1.121345476217724846e+00,-8.423946909677967887e-02
-1.136905764888759940e+00,-1.355733518664248294e-02
-1.136905764888759940e+00,-1.355733518664248294e-02
-1.136905764888759940e+00,-1.355733518664248294e-02
-1.136905764888759940e+00,-1.355733518664248294e-02
-1.136905764888759940e+00,-1.355733518664248294e-02
-1.158556695316668161e+00,1.223671635844343283e-02
-1.158556695316668161e+00,1.223671635844343283e-02
-1.314919442923754511e+00,-1.124742277235439292e-01
-1.104885331490541356e+00,3.282403484668042215e-02
-1.303412661613496892e+00,-1.636117385400177038e-01
-1.303412661613496892e+00,-1.636117385400177038e-01
-1.303412661613496892e+00,-1.636117385400177038e-01
-1.311533872723850580e+00,-2.569683469916314578e-02
-1.311533872723850580e+00,-2.569683469916314578e-02
-1.311533872723850580e+00,-2.569683469916314578e-02
-1.240697909959370904e+00,-3.920113921142152208e-02
-1.240697909959370904e+00,-3.920113921142152208e-02
-1.240697909959370904e+00,-3.920113921142152208e-02
-1.240697909959370904e+00,-3.920113921142152208e-02
-1.240697909959370904e+00,-3.920113921142152208e-02
-1.101515496629788426e+00,1.709923010367990492e-02
-1.143799389989624160e+00,3.930319662496902650e-03
-1.097517433954214860e+00,6.265384842686060052e-02
-1.097517433954214860e+00,6.265384842686060052e-02
-1.097517433954214860e+00,6.265384842686060052e-02
-1.097517433954214860e+00,6.265384842686060052e-02
-1.097517433954214860e+00,6.265384842686060052e-02
-1.097517433954214860e+00,6.265384842686060052e-02
-1.265954565462979797e+00,-5.502638426921388493e-02
-1.265954565462979797e+00,-5.502638426921388493e-02
-1.319554653989878590e+00,-9.347377316189262042e-02
-1.190458354778518579e+00,-1.078468052330641275e-01
-1.190458354778518579e+00,-1.078468052330641275e-01
-1.190458354778518579e+00,-1.078468052330641275e-01
-1.286410422231879291e+00,-8.727453927188691396e-02
-1.285183325106836305e+00,-9.552134071301668361e-02
-1.285183325106836305e+00,-9.552134071301668361e-02
-1.285183325106836305e+00,-9.552134071301668361e-02
-1.285183325106836305e+00,-9.552134071301668361e-02
-1.285183325106836305e+00,-9.552134071301668361e-02
-1.335617028018995622e+00,-6.552249434818294138e-02
-1.335617028018995622e+00,-6.552249434818294138e-02
-1.335617028018995622e+00,-6.552249434818294138e-02
-1.314403762401658016e+00,9.856205216308927541e-02
-1.255819014087619534e+00,4.355855243929463577e-02
-1.255819014087619534e+00,4.355855243929463577e-02
-1.170536883259046146e+00,5.064426754743561049e-02
-1.170536883259046146e+00,5.064426754743561049e-02
-1.170536883259046146e+00,5.064426754743561049e-02
-1.170536883259046146e+00,5.064426754743561049e-02
-1.146544304695876093e+00,-1.561699385304177873e-02
-1.146544304695876093e+00,-1.561699385304177873e-02
-1.146544304695876093e+00,-1.561699385304177873e-02
-1.146544304695876093e+00,-1.561699385304177873e-02
-1.146544304695876093e+00,-1.561699385304177873e-02
-1.146544304695876093e+00,-1.561699385304177873e-02
-1.146544304695876093e+00,-1.561699385304177873e-02
-1.146544304695876093e+00,-1.561699385304177873e-02
-1.146544304695876093e+00,-1.561699385304177873e-02
-1.146544304695876093e+00,-1.561699385304177873e-02
-1.066724781858243931e+00,5.756414111302309705e-02
-1.109595583018157638e+00,8.139800330544288975e-02
-1.077406159305674072e+00,3.708708490404883512e-02
-1.008880568058851068e+00,-1.948442919305149595e-02
-1.008880568058851068e+00,-1.948442919305149595e-02
-1.180917919551865092e+00,-1.890057090341388524e-01
-1.180917919551865092e+00,-1.890057090341388524e-01
-1.180917919551865092e+00,-1.890057090341388524e-01
-1.180917919551865092e+00,-1.890057090341388524e-01
-1.165843125967099603e+00,1.102705528383244038e-01
-1.093358800638436712e+00,-1.233498270353961257e-01
-1.093358800638436712e+00,-1.233498270353961257e-01
-1.093358800638436712e+00,-1.233498270353961257e-01
-1.050193667744387716e+00,-1.539383417944033272e-01
-1.115081432381264781e+00,-9.619240835408246482e-02
-1.187069131204179673e+00,-3.591809557557209542e-01
-1.078913571922251791e+00,2.323047908172853893e-02
-1.013524457608741436e+00,-1.431221822254679504e-02
-1.175595448857835956e+00,-2.199664789384275509e-01
-1.175595448857835956e+00,-2.199664789384275509e-01
-1.175595448857835956e+00,-2.199664789384275509e-01
-1.108715654695434871e+00,-6.009409901617865368e-02
-1.108715654695434871e+00,-6.009409901617865368e-02
-1.108715654695434871e+00,-6.009409901617865368e-02
-1.199995617391494074e+00,4.119062820743803199e-02
-1.199995617391494074e+00,4.119062820743803199e-02
-1.199995617391494074e+00,4.119062820743803199e-02
-1.241214802705770781e+00,-3.317544940244497587e-02
-1.241214802705770781e+00,-3.317544940244497587e-02
-1.392332593174453903e+00,5.492312357785196497e-02
-1.392332593174453903e+00,5.492312357785196497e-02
-1.392332593174453903e+00,5.492312357785196497e-02
-1.392332593174453903e+00,5.492312357785196497e-02
-1.392332593174453903e+00,5.492312357785196497e-02
-1.392332593174453903e+00,5.492312357785196497e-02
-1.430598118414309949e+00,5.526172109533425414e-02
-1.430598118414309949e+00,5.526172109533425414e-02
-1.340184369035271050e+00,9.869863916919242863e-02
-1.340184369035271050e+00,9.869863916919242863e-02
-1.408487842141600721e+00,1.322266005226532815e-02
-1.408487842141600721e+00,1.322266005226532815e-02
-1.408487842141600721e+00,1.322266005226532815e-02
-1.372571971318002682e+00,1.128369150727731064e-02
-1.372571971318002682e+00,1.128369150727731064e-02
-1.372571971318002682e+00,1.128369150727731064e-02
-1.369206570649095678e+00,1.241186993013939158e-02
-1.369206570649095678e+00,1.241186993013939158e-02
-1.254761404927242197e+00,-8.280052029057280438e-02
-1.254761404927242197e+00,-8.280052029057280438e-02
-1.254761404927242197e+00,-8.280052029057280438e-02
-1.254761404927242197e+00,-8.280052029057280438e-02
-1.167610477854889250e+00,-6.535638275852559409e-03
-1.167610477854889250e+00,-6.535638275852559409e-03
-1.167610477854889250e+00,-6.535638275852559409e-03
-1.167610477854889250e+00,-6.535638275852559409e-03
-1.228892757452362483e+00,-1.431720129663892060e-01
-1.329812948589075283e+00,-3.860489257890895032e-02
-1.329812948589075283e+00,-3.860489257890895032e-02
-1.329812948589075283e+00,-3.860489257890895032e-02
-1.329812948589075283e+00,-3.860489257890895032e-02
-1.329812948589075283e+00,-3.860489257890895032e-02
-1.329812948589075283e+00,-3.860489257890895032e-02
-1.329812948589075283e+00,-3.860489257890895032e-02
-1.329812948589075283e+00,-3.860489257890895032e-02
-1.142477733437522680e+00,-5.597695137087255191e-02
-1.142477733437522680e+00,-5.597695137087255191e-02
-1.331998364862768236e+00,2.380750331842571010e-02
-1.335962517090637958e+00,1.771734366325982551e-02
-1.335962517090637958e+00,1.771734366325982551e-02
-1.421129336351063088e+00,-7.833520832857748806e-02
-1.283333981440781590e+00,-1.044528118800329836e-01
-1.283333981440781590e+00,-1.044528118800329836e-01
-1.274160493759634694e+00,2.255515353830893355e-02
-1.274160493759634694e+00,2.255515353830893355e-02
-1.274160493759634694e+00,2.255515353830893355e-02
-1.274160493759634694e+00,2.255515353830893355e-02
-1.274160493759634694e+00,2.255515353830893355e-02
-1.274160493759634694e+00,2.255515353830893355e-02
-1.274160493759634694e+00,2.255515353830893355e-02
-1.163469335157779616e+00,-3.234275453228566827e-02
-1.453133653096623235e+00,-5.754588046645526395e-02
-1.453133653096623235e+00,-5.754588046645526395e-02
-1.453133653096623235e+00,-5.754588046645526395e-02
-1.380597308994871542e+00,-1.158922224116410576e-01
-1.220332644924786214e+00,1.474016812257743503e-01
-1.220332644924786214e+00,1.474016812257743503e-01
-1.409092161621946726e+00,1.173603584840343939e-01
-1.373762848351591570e+00,2.640376415257128517e-02
-1.216821111400203881e+00,1.977484961753573911e-01
-1.216821111400203881e+00,1.977484961753573911e-01
-1.256180516280353654e+00,2.586427119484568937e-02
-1.248293273225578037e+00,-3.874044810973895081e-02
-1.308017084339235359e+00,-1.132477475922978871e-01
-1.308017084339235359e+00,-1.132477475922978871e-01
-1.308017084339235359e+00,-1.132477475922978871e-01
-1.281267068502938367e+00,2.074625224665868628e-02
-1.281267068502938367e+00,2.074625224665868628e-02
-1.281267068502938367e+00,2.074625224665868628e-02
-1.281267068502938367e+00,2.074625224665868628e-02
-1.281267068502938367e+00,2.074625224665868628e-02
-1.281267068502938367e+00,2.074625224665868628e-02
-1.281267068502938367e+00,2.074625224665868628e-02
-1.203345067638391663e+00,5.826696850714187942e-02
-1.153196393156187050e+00,-1.152819425409120496e-02
-1.153196393156187050e+00,-1.152819425409120496e-02
-1.164843069435262279e+00,-1.217215480392089266e-01
-1.164843069435262279e+00,-1.217215480392089266e-01
-1.160442138039332161e+00,-1.154359890384961118e-01
-1.160442138039332161e+00,-1.154359890384961118e-01
-1.160442138039332161e+00,-1.154359890384961118e-01
-1.160442138039332161e+00,-1.154359890384961118e-01
-1.280007265212930845e+00,-7.871920624122191734e-02
-1.280007265212930845e+00,-7.871920624122191734e-02
-1.280007265212930845e+00,-7.871920624122191734e-02
-1.164907941736259556e+00,1.112946462202241971e-01
-1.164907941736259556e+00,1.112946462202241971e-01
-1.164907941736259556e+00,1.112946462202241971e-01
-1.423492909469827428e+00,1.455145958852563648e-01
-1.423492909469827428e+00,1.455145958852563648e-01
-1.220421586818027926e+00,-7.935942185664096593e-03
-1.112621324694875513e+00,-6.383272533459885545e-02
-1.277052420887175188e+00,-1.233115809240406535e-01
-1.277052420887175188e+00,-1.233115809240406535e-01
-1.277052420887175188e+00,-1.233115809240406535e-01
-1.146811268536435779e+00,-4.145374024856045281e-02
-1.301715474952654494e+00,1.146812986047137523e-02
-1.301715474952654494e+00,1.146812986047137523e-02
-1.301715474952654494e+00,1.146812986047137523e-02
-1.301715474952654494e+00,1.146812986047137523e-02
-1.301715474952654494e+00,1.146812986047137523e-02
-1.301715474952654494e+00,1.146812986047137523e-02
-1.301715474952654494e+00,1.146812986047137523e-02
-1.181091712746593636e+00,-5.806073719684667206e-02
-1.356329445922026311e+00,1.116193760517083383e-02
-1.307407881976407893e+00,5.404307454436722835e-02
-1.307407881976407893e+00,5.404307454436722835e-02
-1.307407881976407893e+00,5.404307454436722835e-02
-1.307407881976407893e+00,5.404307454436722835e-02
-1.307407881976407893e+00,5.404307454436722835e-02
-1.279694401495286682e+00,5.288111318852231624e-02
-1.279694401495286682e+00,5.288111318852231624e-02
-1.279694401495286682e+00,5.288111318852231624e-02
-1.189688319831825103e+00,5.908983740994107337e-02
-1.189688319831825103e+00,5.908983740994107337e-02
-1.383066661372560180e+00,1.218344407202360813e-01
-1.342994378181573412e+00,8.068021103779790537e-02
-1.342994378181573412e+00,8.068021103779790537e-02
-1.218999272103163944e+00,5.770291031341763521e-02
-1.218999272103163944e+00,5.770291031341763521e-02
-1.218999272103163944e+00,5.770291031341763521e-02
-1.280304812949058180e+00,-5.343461427197843117e-02
-1.280304812949058180e+00,-5.343461427197843117e-02
-1.082628491643634838e+00,-9.134208246214697846e-02
-1.082628491643634838e+00,-9.134208246214697846e-02
-1.205220008634367401e+00,-2.169635425905416803e-02
-1.276176750886878430e+00,-6.930383742152351756e-02
-1.484648237201894094e+00,-8.309905188837936330e-02
-1.488247612654961083e+00,1.375306766924190294e-01
-1.488247612654961083e+00,1.375306766924190294e-01
-1.488247612654961083e+00,1.375306766924190294e-01
-1.374166777863669697e+00,2.068806349606023831e-01
-1.374166777863669697e+00,2.068806349606023831e-01
-1.374166777863669697e+00,2.068806349606023831e-01
-1.383496647974795657e+00,4.923840279904331818e-02
-1.251841098081575510e+00,-3.163461829080498056e-02
-1.251841098081575510e+00,-3.163461829080498056e-02
-1.251841098081575510e+00,-3.163461829080498056e-02
-1.251841098081575510e+00,-3.163461829080498056e-02
-1.304439885776037977e+00,1.545570798565553683e-01
-1.304439885776037977e+00,1.545570798565553683e-01
-1.304439885776037977e+00,1.545570798565553683e-01
-1.078546534982382177e+00,6.541564472914321304e-02
-1.078546534982382177e+00,6.541564472914321304e-02
-1.276571228460888108e+00,-2.013268489513554693e-02
-1.276571228460888108e+00,-2.013268489513554693e-02
-1.216198938175164335e+00,2.558469992507087648e-03
-1.334586648065721581e+00,1.967840763010216543e-01
-1.334586648065721581e+00,1.967840763010216543e-01
-1.334586648065721581e+00,1.967840763010216543e-01
-1.334586648065721581e+00,1.967840763010216543e-01
-1.418900067334452952e+00,5.447284674852237440e-02
-1.367184994505372009e+00,8.291212584669173380e-02
-1.367184994505372009e+00,8.291212584669173380e-02
-1.367184994505372009e+00,8.291212584669173380e-02
-1.367184994505372009e+00,8.291212584669173380e-02
-1.367184994505372009e+00,8.291212584669173380e-02
-1.178533630443158620e+00,-8.590162670239219478e-02
-1.178533630443158620e+00,-8.590162670239219478e-02
-1.178533630443158620e+00,-8.590162670239219478e-02
-1.178533630443158620e+00,-8.590162670239219478e-02
-1.178533630443158620e+00,-8.590162670239219478e-02
-1.178533630443158620e+00,-8.590162670239219478e-02
-1.178533630443158620e+00,-8.590162670239219478e-02
-1.127767215942547141e+00,4.568546949828060366e-02
-1.127767215942547141e+00,4.568546949828060366e-02
-1.127767215942547141e+00,4.568546949828060366e-02
-1.127767215942547141e+00,4.568546949828060366e-02
-1.227278198432002254e+00,4.092065573480059559e-02
-1.227278198432002254e+00,4.092065573480059559e-02
-1.422629860883040109e+00,6.806320944155459796e-02
-1.342415159322645213e+00,-8.187687396389146943e-02
-1.342415159322645213e+00,-8.187687396389146943e-02
-1.357512375233385082e+00,7.105368180399922184e-02
-1.357512375233385082e+00,7.105368180399922184e-02
-1.223657990905248294e+00,8.040625966167712357e-02
-1.223657990905248294e+00,8.040625966167712357e-02
-1.223657990905248294e+00,8.040625966167712357e-02
-1.381713232870282804e+00,5.579718748339779905e-02
-1.284175661569872506e+00,-1.107784736812963688e-01
-1.163280076970928612e+00,1.662725323872737970e-02
-1.163280076970928612e+00,1.662725323872737970e-02
-1.163280076970928612e+00,1.662725323872737970e-02
-1.163280076970928612e+00,1.662725323872737970e-02
-1.163280076970928612e+00,1.662725323872737970e-02
-1.412284975595655911e+00,-8.571793936786127610e-02
-1.452684063860695707e+00,-5.121901217901057152e-02
-1.213686759451130470e+00,1.559119949948247624e-02
-1.213686759451130470e+00,1.559119949948247624e-02
-1.213686759451130470e+00,1.559119949948247624e-02
-1.213686759451130470e+00,1.559119949948247624e-02
-1.213686759451130470e+00,1.559119949948247624e-02
-1.332109279032664961e+00,1.203337389666665480e-01
-1.332109279032664961e+00,1.203337389666665480e-01
-1.332109279032664961e+00,1.203337389666665480e-01
-1.332109279032664961e+00,1.203337389666665480e-01
-1.404434995037205036e+00,-3.707473784393214289e-02
-1.404434995037205036e+00,-3.707473784393214289e-02
-1.404434995037205036e+00,-3.707473784393214289e-02
-1.287666050915604377e+00,-1.851232112717426936e-02
-1.287666050915604377e+00,-1.851232112717426936e-02
-1.287666050915604377e+00,-1.851232112717426936e-02
-1.287666050915604377e+00,-1.851232112717426936e-02
-1.287666050915604377e+00,-1.851232112717426936e-02
-1.287666050915604377e+00,-1.851232112717426936e-02
-1.287666050915604377e+00,-1.851232112717426936e-02
-1.287666050915604377e+00,-1.851232112717426936e-02
-1.287666050915604377e+00,-1.851232112717426936e-02
-1.249476755545653184e+00,-9.683964677958185885e-02
-1.104419731285899431e+00,2.152678701143012630e-02
-1.266889323330175898e+00,-2.378105883774805224e-03
-1.461669950779266758e+00,-9.616422382161140744e-03
-1.461669950779266758e+00,-9.616422382161140744e-03
-1.461669950779266758e+00,-9.616422382161140744e-03
-1.309427907624375997e+00,-2.549790538458850397e-01
-1.309427907624375997e+00,-2.549790538458850397e-01
-1.456922274575565002e+00,-8.850986036387387124e-02
-1.456922274575565002e+00,-8.850986036387387124e-02
-1.456922274575565002e+00,-8.850986036387387124e-02
-1.456922274575565002e+00,-8.850986036387387124e-02
-1.433222609866977804e+00,-1.930142312238647406e-04
-1.348069270879358239e+00,-1.999457622910587873e-01
-1.348069270879358239e+00,-1.999457622910587873e-01
-1.348069270879358239e+00,-1.999457622910587873e-01
-1.129121160741251240e+00,-1.065618579077298456e-01
-1.129121160741251240e+00,-1.065618579077298456e-01
-1.215577448073831945e+00,4.183547481372898447e-02
-1.372024751240063845e+00,2.563670897824214812e-03
-1.372024751240063845e+00,2.563670897824214812e-03
-1.372024751240063845e+00,2.563670897824214812e-03
-1.372024751240063845e+00,2.563670897824214812e-03
-1.284606472257836529e+00,1.002811259270433297e-01
-1.394632147377205866e+00,-6.727476245935395949e-02
-1.394632147377205866e+00,-6.727476245935395949e-02
-1.394632147377205866e+00,-6.727476245935395949e-02
-1.394632147377205866e+00,-6.727476245935395949e-02
-1.484544341598400763e+00,1.003364638183998903e-01
-1.484544341598400763e+00,1.003364638183998903e-01
-1.484544341598400763e+00,1.003364638183998903e-01
-1.447115468584243558e+00,6.717501907286940743e-02
-1.447115468584243558e+00,6.717501907286940743e-02
-1.447115468584243558e+00,6.717501907286940743e-02
-1.296462439575198244e+00,2.397386468541722881e-01
-1.148692281642985424e+00,1.401425001851549779e-01
-1.148692281642985424e+00,1.401425001851549779e-01
-1.214755178272611591e+00,9.517016977091666274e-02
-1.214755178272611591e+00,9.517016977091666274e-02
-1.144199843745270062e+00,9.690629199821586270e-02
-1.144199843745270062e+00,9.690629199821586270e-02
-1.144199843745270062e+00,9.690629199821586270e-02
-1.144199843745270062e+00,9.690629199821586270e-02
-1.206397417416931184e+00,-1.222890333006195346e-01
-1.206397417416931184e+00,-1.222890333006195346e-01
-1.206397417416931184e+00,-1.222890333006195346e-01
-1.206397417416931184e+00,-1.222890333006195346e-01
-1.206397417416931184e+00,-1.222890333006195346e-01
-1.206397417416931184e+00,-1.222890333006195346e-01
-1.189614556127249312e+00,-2.090796338790552600e-01
-1.413358066970471283e+00,-1.599802799029039491e-01
-1.413358066970471283e+00,-1.599802799029039491e-01
-1.508912918862117092e+00,-1.215969320054019753e-01
-1.508912918862117092e+00,-1.215969320054019753e-01
-1.508912918862117092e+00,-1.215969320054019753e-01
-1.508912918862117092e+00,-1.215969320054019753e-01
-1.477451554466871597e+00,-9.049384496402039513e-02
-1.477451554466871597e+00,-9.049384496402039513e-02
-1.419325995094899096e+00,-1.037317438285248195e-01
-1.419325995094899096e+00,-1.037317438285248195e-01
-1.417123418632025844e+00,7.781768114452244922e-02
-1.417123418632025844e+00,7.781768114452244922e-02
-1.070620544177233624e+00,3.774327404038662487e-02
-1.300139420785459077e+00,-1.382077972737508487e-01
-1.300139420785459077e+00,-1.382077972737508487e-01
-1.300139420785459077e+00,-1.382077972737508487e-01
-1.300139420785459077e+00,-1.382077972737508487e-01
-1.300139420785459077e+00,-1.382077972737508487e-01
-1.300139420785459077e+00,-1.382077972737508487e-01
-1.300139420785459077e+00,-1.382077972737508487e-01
-1.297983831466154259e+00,1.832465275678660244e-02
-1.297983831466154259e+00,1.832465275678660244e-02
-1.297983831466154259e+00,1.832465275678660244e-02
-1.297983831466154259e+00,1.832465275678660244e-02
-1.297983831466154259e+00,1.832465275678660244e-02
-1.149060873836412755e+00,-1.575088459211707731e-02
-1.490366375959169210e+00,-6.103493914024103739e-02
-1.267365922475252260e+00,-1.500179241785581374e-01
-1.212145790242473042e+00,-2.079806077937615683e-01
-1.199785287293425595e+00,-2.279616431924906261e-01
-1.467849086428558270e+00,-1.729447933663213477e-01
-1.467849086428558270e+00,-1.729447933663213477e-01
-1.467849086428558270e+00,-1.729447933663213477e-01
-1.467849086428558270e+00,-1.729447933663213477e-01
-1.467849086428558270e+00,-1.729447933663213477e-01
-1.467849086428558270e+00,-1.729447933663213477e-01
-1.328359580226912140e+00,-2.226360011453636378e-01
-1.275140540457851301e+00,-2.159238749331516549e-01
-1.275140540457851301e+00,-2.159238749331516549e-01
-1.456467064795364585e+00,5.142009555462503934e-02
-1.405413237695598339e+00,-7.321012786814427853e-02
-1.405413237695598339e+00,-7.321012786814427853e-02
-1.364809099740325271e+00,-8.419896751063318807e-03
-1.364809099740325271e+00,-8.419896751063318807e-03
-1.364809099740325271e+00,-8.419896751063318807e-03
-1.364809099740325271e+00,-8.419896751063318807e-03
-1.364809099740325271e+00,-8.419896751063318807e-03
-1.364809099740325271e+00,-8.419896751063318807e-03
-1.314332007321398876e+00,-8.845803411879356315e-02
-1.314332007321398876e+00,-8.845803411879356315e-02
-1.249543148030008766e+00,3.816027474494261551e-02
-1.373482747243876423e+00,-5.220535649387458843e-02
-1.373482747243876423e+00,-5.220535649387458843e-02
-1.373482747243876423e+00,-5.220535649387458843e-02
-1.156584972691089286e+00,-1.837953995160604981e-01
-1.386460835418569237e+00,-2.390606773047024847e-01
-1.386460835418569237e+00,-2.390606773047024847e-01
-1.450654560820074490e+00,-6.369187521403915642e-02
-1.450654560820074490e+00,-6.369187521403915642e-02
-1.329551451631745040e+00,7.653715341669473093e-02
-1.329551451631745040e+00,7.653715341669473093e-02
-1.329551451631745040e+00,7.653715341669473093e-02
-1.329551451631745040e+00,7.653715341669473093e-02
-1.329551451631745040e+00,7.653715341669473093e-02
-1.329551451631745040e+00,7.653715341669473093e-02
-1.275280462861117625e+00,2.552914372182741448e-02
-1.275280462861117625e+00,2.552914372182741448e-02
-1.275280462861117625e+00,2.552914372182741448e-02
-1.179467806418709408e+00,3.638230330311362226e-02
-1.218704373833623178e+00,-6.644959262704157321e-02
-1.118214190303148836e+00,1.582240248345803679e-02
-1.195228476092241587e+00,-1.353470759973667281e-01
-1.195228476092241587e+00,-1.353470759973667281e-01
-1.088460698082175160e+00,-1.757382970482242179e-02
-1.088460698082175160e+00,-1.757382970482242179e-02
-1.088460698082175160e+00,-1.757382970482242179e-02
-1.279338123415514783e+00,2.208076679965693123e-01
-1.255381856343582569e+00,8.102924020654048154e-02
-1.347182592706488657e+00,-4.392789165662719375e-02
-1.347182592706488657e+00,-4.392789165662719375e-02
-1.347182592706488657e+00,-4.392789165662719375e-02
-1.155209624506613242e+00,1.488741957522000947e-02
-1.275757031099704397e+00,1.239547890362344557e-01
-1.275757031099704397e+00,1.239547890362344557e-01
-1.275757031099704397e+00,1.239547890362344557e-01
-1.402870573197816606e+00,2.126139780209081176e-02
-1.402870573197816606e+00,2.126139780209081176e-02
-1.402870573197816606e+00,2.126139780209081176e-02
-1.283000829873910620e+00,1.688198491873338369e-01
-1.283000829873910620e+00,1.688198491873338369e-01
-1.283000829873910620e+00,1.688198491873338369e-01
-1.325716842624182989e+00,5.452710515034608907e-02
-1.325716842624182989e+00,5.452710515034608907e-02
-1.242976239013467099e+00,-1.296517430551274719e-01
-1.242976239013467099e+00,-1.296517430551274719e-01
-1.303007634891622635e+00,-4.032419984334784102e-02
-1.303007634891622635e+00,-4.032419984334784102e-02
-1.303007634891622635e+00,-4.032419984334784102e-02
-1.303007634891622635e+00,-4.032419984334784102e-02
-1.419462127053945366e+00,-7.243349461600226413e-02
-1.414169365481321217e+00,-4.660081742892806245e-02
-1.414169365481321217e+00,-4.660081742892806245e-02
-1.235650381766176809e+00,-7.392542848563288249e-02
-1.320480095611990423e+00,-2.962512421589388184e-02
-1.320480095611990423e+00,-2.962512421589388184e-02
-1.320480095611990423e+00,-2.962512421589388184e-02
-1.237218160165994396e+00,-8.610313723590962143e-02
-1.237218160165994396e+00,-8.610313723590962143e-02
-1.237218160165994396e+00,-8.610313723590962143e-02
-1.237218160165994396e+00,-8.610313723590962143e-02
-1.330869004329025884e+00,7.331389673645286043e-03
-1.330869004329025884e+00,7.331389673645286043e-03
-1.330869004329025884e+00,7.331389673645286043e-03
-1.330869004329025884e+00,7.331389673645286043e-03
-1.197315008837458894e+00,-2.988820924148265223e-02
-1.197315008837458894e+00,-2.988820924148265223e-02
-1.197315008837458894e+00,-2.988820924148265223e-02
-1.197315008837458894e+00,-2.988820924148265223e-02
-1.197315008837458894e+00,-2.988820924148265223e-02
-1.197315008837458894e+00,-2.988820924148265223e-02
-1.197315008837458894e+00,-2.988820924148265223e-02
-1.209376748792800216e+00,-9.792759871977214231e-03
-1.209376748792800216e+00,-9.792759871977214231e-03
-1.209376748792800216e+00,-9.792759871977214231e-03
-1.209376748792800216e+00,-9.792759871977214231e-03
-1.306152280610144878e+00,-9.030458775117074233e-02
-1.278224942142038412e+00,-4.394586442399289750e-04
-1.278224942142038412e+00,-4.394586442399289750e-04
-1.278224942142038412e+00,-4.394586442399289750e-04
-1.278224942142038412e+00,-4.394586442399289750e-04
-1.269424297233162191e+00,-3.135443337952188714e-02
-1.269424297233162191e+00,-3.135443337952188714e-02
-1.269424297233162191e+00,-3.135443337952188714e-02
-1.269424297233162191e+00,-3.135443337952188714e-02
-1.404040010935539984e+00,1.818412171269853661e-02
-1.294923536267794661e+00,3.279300820637049557e-02
-1.294923536267794661e+00,3.279300820637049557e-02
-1.310838076960242127e+00,6.018676042254255537e-02
-1.412561624834595131e+00,6.834177761606113899e-02
-1.412561624834595131e+00,6.834177761606113899e-02
-1.412561624834595131e+00,6.834177761606113899e-02
-1.412561624834595131e+00,6.834177761606113899e-02
-1.412561624834595131e+00,6.834177761606113899e-02
-1.412561624834595131e+00,6.834177761606113899e-02
-1.381179748087660419e+00,9.191640552734270386e-02
-1.109575888111820063e+00,8.250919301833906094e-02
-1.007629175877898353e+00,1.142682397389321869e-01
-1.007955564964013950e+00,-1.133894978200693793e-01
-1.007955564964013950e+00,-1.133894978200693793e-01
-1.007955564964013950e+00,-1.133894978200693793e-01
-1.070404397160718002e+00,6.898574985868871634e-02
-1.070404397160718002e+00,6.898574985868871634e-02
-1.070404397160718002e+00,6.898574985868871634e-02
-1.070404397160718002e+00,6.898574985868871634e-02
-1.172254325756658222e+00,7.567710427003916662e-02
-1.172254325756658222e+00,7.567710427003916662e-02
-1.172254325756658222e+00,7.567710427003916662e-02
-1.141291922067671827e+00,1.378433101891103074e-01
-1.141291922067671827e+00,1.378433101891103074e-01
-1.141291922067671827e+00,1.378433101891103074e-01
-1.141291922067671827e+00,1.378433101891103074e-01
-1.209701339500683259e+00,8.645087490288394516e-02
-1.209701339500683259e+00,8.645087490288394516e-02
-1.209701339500683259e+00,8.645087490288394516e-02
-1.209701339500683259e+00,8.645087490288394516e-02
-1.209701339500683259e+00,8.645087490288394516e-02
-1.179897846994408139e+00,6.500068699750759238e-02
-1.211459390823438120e+00,7.511407116043616883e-02
-1.211459390823438120e+00,7.511407116043616883e-02
-1.166402889010357491e+00,5.380815724333433414e-02
-1.128153188220916370e+00,-1.284735670980081679e-01
-1.128153188220916370e+00,-1.284735670980081679e-01
-1.128153188220916370e+00,-1.284735670980081679e-01
-1.128153188220916370e+00,-1.284735670980081679e-01
-1.126441078132256912e+00,1.233827450469311415e-01
-1.340197425353768956e+00,1.809695344567119890e-01
-1.340197425353768956e+00,1.809695344567119890e-01
-1.340197425353768956e+00,1.809695344567119890e-01
-1.340197425353768956e+00,1.809695344567119890e-01
-1.340197425353768956e+00,1.809695344567119890e-01
-1.340197425353768956e+00,1.809695344567119890e-01
-1.244445577295660632e+00,1.897558298813991351e-01
-1.244445577295660632e+00,1.897558298813991351e-01
-1.452176722940160758e+00,-2.531751171933466216e-03
-1.452176722940160758e+00,-2.531751171933466216e-03
-1.452176722940160758e+00,-2.531751171933466216e-03
-1.235159032829560966e+00,-1.030863305105192140e-01
-1.235159032829560966e+00,-1.030863305105192140e-01
-1.261512164877457431e+00,9.006438948271280887e-02
-1.304423208527866640e+00,3.251974138116259933e-02
-1.304423208527866640e+00,3.251974138116259933e-02
-1.226505506580200633e+00,1.326804694706756604e-01
-1.226505506580200633e+00,1.326804694706756604e-01
-1.226505506580200633e+00,1.326804694706756604e-01
-1.226505506580200633e+00,1.326804694706756604e-01
-1.226505506580200633e+00,1.326804694706756604e-01
-1.475241823823967291e+00,-2.256873251848107165e-02
-1.450104460151672159e+00,-5.043322770861607268e-02
-1.450104460151672159e+00,-5.043322770861607268e-02
-1.450104460151672159e+00,-5.043322770861607268e-02
-1.450104460151672159e+00,-5.043322770861607268e-02
-1.419823050448490331e+00,4.465610780248022854e-02
-1.217081700717644877e+00,1.506431877169467637e-01
-1.217081700717644877e+00,1.506431877169467637e-01
-1.323891068242243119e+00,1.693311082167685833e-01
-1.323891068242243119e+00,1.693311082167685833e-01
-1.323891068242243119e+00,1.693311082167685833e-01
-1.223234817794620177e+00,1.725942799591820842e-01
-1.223234817794620177e+00,1.725942799591820842e-01
-1.223234817794620177e+00,1.725942799591820842e-01
-1.126339867938538353e+00,8.890621898859212002e-02
-1.470571352784111330e+00,-6.122316876907323013e-02
-1.470571352784111330e+00,-6.122316876907323013e-02
-1.470571352784111330e+00,-6.122316876907323013e-02
-1.540749381061199186e+00,4.682484778683132509e-03
-1.540749381061199186e+00,4.682484778683132509e-03
-1.540749381061199186e+00,4.682484778683132509e-03
-1.361072306088864092e+00,8.744932992067774857e-02
-1.192262156003670581e+00,2.155571841639740693e-01
-1.192262156003670581e+00,2.155571841639740693e-01
-1.192262156003670581e+00,2.155571841639740693e-01
-1.090367111632302599e+00,2.743118329690771295e-01
-1.090367111632302599e+00,2.743118329690771295e-01
-1.099061919008415655e+00,3.050207042248825884e-01
-1.224804594441934791e+00,-5.971464756369593285e-02
-1.224804594441934791e+00,-5.971464756369593285e-02
-1.224804594441934791e+00,-5.971464756369593285e-02
-1.224804594441934791e+00,-5.971464756369593285e-02
-1.209841317865451238e+00,-1.227209636069474807e-01
-1.209841317865451238e+00,-1.227209636069474807e-01
-1.209841317865451238e+00,-1.227209636069474807e-01
-1.209841317865451238e+00,-1.227209636069474807e-01
-1.209841317865451238e+00,-1.227209636069474807e-01
-1.160801036000612019e+00,3.692261193440568579e-02
-1.160801036000612019e+00,3.692261193440568579e-02
-1.102530434954033245e+00,1.962661605068613188e-02
-1.240057404828542875e+00,6.041544018187192111e-02
-1.240057404828542875e+00,6.041544018187192111e-02
-1.271308445535251463e+00,2.800968215597639949e-02
-1.271308445535251463e+00,2.800968215597639949e-02
-1.111389493635544179e+00,9.743214470987467818e-03
-1.111389493635544179e+00,9.743214470987467818e-03
-1.111389493635544179e+00,9.743214470987467818e-03
-1.111389493635544179e+00,9.743214470987467818e-03
-1.111389493635544179e+00,9.743214470987467818e-03
-1.111389493635544179e+00,9.743214470987467818e-03
-1.111389493635544179e+00,9.743214470987467818e-03
-1.406320467045989009e+00,1.411390832594400409e-02
-1.406320467045989009e+00,1.411390832594400409e-02
-1.345549530588400877e+00,-1.118503654434206511e-02
-1.304550505565370111e+00,8.815039530577248317e-02
-1.155885779096106569e+00,-2.025376607421718045e-02
-1.155885779096106569e+00,-2.025376607421718045e-02
-1.155885779096106569e+00,-2.025376607421718045e-02
-1.155885779096106569e+00,-2.025376607421718045e-02
-1.355303385901310165e+00,9.310744000443994806e-02
-1.355303385901310165e+00,9.310744000443994806e-02
-1.355303385901310165e+00,9.310744000443994806e-02
-1.355303385901310165e+00,9.310744000443994806e-02
-1.355303385901310165e+00,9.310744000443994806e-02
-1.346771891135957411e+00,-4.942687989525333669e-02
-1.199312349296697722e+00,7.079928490102033178e-02
-1.199312349296697722e+00,7.079928490102033178e-02
-1.199312349296697722e+00,7.079928490102033178e-02
-1.199312349296697722e+00,7.079928490102033178e-02
-1.188506016672954191e+00,6.046102575096787279e-03
-1.188506016672954191e+00,6.046102575096787279e-03
-1.188506016672954191e+00,6.046102575096787279e-03
-1.188506016672954191e+00,6.046102575096787279e-03
-1.119482621918034493e+00,8.967450154433991016e-02
-1.120205776442506629e+00,-1.050836381516333101e-01
-1.205594218839840304e+00,-8.050946103711048574e-02
-1.205594218839840304e+00,-8.050946103711048574e-02
-1.205594218839840304e+00,-8.050946103711048574e-02
-1.205594218839840304e+00,-8.050946103711048574e-02
-1.192358328762985975e+00,-2.242855251327793842e-03
-1.192358328762985975e+00,-2.242855251327793842e-03
-1.192358328762985975e+00,-2.242855251327793842e-03
-1.338318020643872952e+00,8.256141118464760398e-02
-1.338318020643872952e+00,8.256141118464760398e-02
-1.044351267409449058e+00,8.261465352971344989e-02
-1.171631489103630797e+00,1.135910017550371964e-01
-1.171631489103630797e+00,1.135910017550371964e-01
-1.171631489103630797e+00,1.135910017550371964e-01
-1.171631489103630797e+00,1.135910017550371964e-01
-1.171631489103630797e+00,1.135910017550371964e-01
-1.325087331922708112e+00,-4.936901189557710290e-02
-1.242383251178110548e+00,-1.170251732399864991e-02
-1.242383251178110548e+00,-1.170251732399864991e-02
-1.289090396338532063e+00,-1.769437818416479125e-01
-1.288547566282536083e+00,-9.492600857204387677e-02
-1.234482810173011647e+00,-8.842558022526919581e-02
-1.265214272157173081e+00,-2.906310628904518883e-02
-1.265214272157173081e+00,-2.906310628904518883e-02
-1.341479789685670498e+00,1.129765073292182120e-01
-1.341479789685670498e+00,1.129765073292182120e-01
-1.039929804948861669e+00,4.707437887100772433e-02
-1.039929804948861669e+00,4.707437887100772433e-02
-1.066759500245565206e+00,4.926817889814487372e-02
-1.242940340584427927e+00,9.992548019823888072e-02
-1.216520894012637077e+00,1.912131811310185114e-01
-1.509163328996750764e+00,-2.399594925433212733e-02
-1.177853494885162666e+00,3.431997136149378402e-02
-1.269990390884476739e+00,8.637756247957173450e-02
-1.269990390884476739e+00,8.637756247957173450e-02
-1.269990390884476739e+00,8.637756247957173450e-02
-1.265493564002027727e+00,3.506916061566714427e-02
-1.265493564002027727e+00,3.506916061566714427e-02
-1.265493564002027727e+00,3.506916061566714427e-02
-1.139537192722615444e+00,1.369438931383939739e-01
-1.139537192722615444e+00,1.369438931383939739e-01
-1.219763030536949566e+00,-1.523521607844365577e-01
-1.089080559979086038e+00,6.184123372890809600e-02
-1.089080559979086038e+00,6.184123372890809600e-02
-1.160405282429947782e+00,1.360582025103024284e-01
-1.160405282429947782e+00,1.360582025103024284e-01
-1.160405282429947782e+00,1.360582025103024284e-01
-1.160405282429947782e+00,1.360582025103024284e-01
-1.160405282429947782e+00,1.360582025103024284e-01
-1.195908422541162031e+00,5.623870090870954075e-02
-1.195908422541162031e+00,5.623870090870954075e-02
-1.195908422541162031e+00,5.623870090870954075e-02
-1.195908422541162031e+00,5.623870090870954075e-02
-1.195908422541162031e+00,5.623870090870954075e-02
-1.195908422541162031e+00,5.623870090870954075e-02
-1.195908422541162031e+00,5.623870090870954075e-02
-1.195908422541162031e+00,5.623870090870954075e-02
-1.195908422541162031e+00,5.623870090870954075e-02
-1.195908422541162031e+00,5.623870090870954075e-02
-1.195908422541162031e+00,5.623870090870954075e-02
-1.195908422541162031e+00,5.623870090870954075e-02
-1.195908422541162031e+00,5.623870090870954075e-02
-1.198975204000667594e+00,-5.198941857853252302e-02
-1.351216501211770948e+00,-4.888442461832867569e-02
-1.351216501211770948e+00,-4.888442461832867569e-02
-1.325204819297223890e+00,3.349045059857562456e-02
-1.355611044833716194e+00,-4.852847369344075179e-02
-1.529943509217230213e+00,-3.359509038534445186e-02
-1.529943509217230213e+00,-3.359509038534445186e-02
-1.295332925564538051e+00,9.652308463027919894e-02
-1.295332925564538051e+00,9.652308463027919894e-02
-1.186678864795380095e+00,4.532036708075492387e-02
-1.186678864795380095e+00,4.532036708075492387e-02
-1.186678864795380095e+00,4.532036708075492387e-02
-1.186678864795380095e+00,4.532036708075492387e-02
-1.186678864795380095e+00,4.532036708075492387e-02
-1.186678864795380095e+00,4.532036708075492387e-02
-1.070011146577191319e+00,1.328862447617285697e-02
-1.070011146577191319e+00,1.328862447617285697e-02
-1.140185050934761080e+00,5.234764544063673364e-02
-1.175250494160397619e+00,1.029561314645814352e-01
-1.175250494160397619e+00,1.029561314645814352e-01
-1.175250494160397619e+00,1.029561314645814352e-01
-1.175250494160397619e+00,1.029561314645814352e-01
-1.238960498215884831e+00,9.284135293250039833e-02
-1.238960498215884831e+00,9.284135293250039833e-02
-1.365876059751204963e+00,-7.968408857786879462e-02
-1.392068369630702129e+00,-9.916427146993557484e-02
-1.392068369630702129e+00,-9.916427146993557484e-02
-1.392068369630702129e+00,-9.916427146993557484e-02
-1.392068369630702129e+00,-9.916427146993557484e-02
-1.380230707795299994e+00,1.806533808442495337e-01
-1.380230707795299994e+00,1.806533808442495337e-01
-1.486698305215054861e+00,1.014877611582625655e-01
-1.486698305215054861e+00,1.014877611582625655e-01
-1.486698305215054861e+00,1.014877611582625655e-01
-1.373280527116924610e+00,3.928665965850243469e-02
-1.373280527116924610e+00,3.928665965850243469e-02
-1.373280527116924610e+00,3.928665965850243469e-02
-1.373280527116924610e+00,3.928665965850243469e-02
-1.415174163255033202e+00,5.015560723387133685e-02
-1.415174163255033202e+00,5.015560723387133685e-02
-1.345464579431704832e+00,-1.183252352874356872e-01
-1.319791702555741075e+00,-4.582572928769605702e-02
-1.319791702555741075e+00,-4.582572928769605702e-02
-1.321055044808241208e+00,1.049001848559851097e-01
-1.321055044808241208e+00,1.049001848559851097e-01
-1.321055044808241208e+00,1.049001848559851097e-01
-1.321055044808241208e+00,1.049001848559851097e-01
-1.357585164210394435e+00,1.218535234364442887e-01
-1.457792850624745284e+00,3.901273766027570089e-02
-1.457792850624745284e+00,3.901273766027570089e-02
-1.457792850624745284e+00,3.901273766027570089e-02
-1.457792850624745284e+00,3.901273766027570089e-02
-1.457792850624745284e+00,3.901273766027570089e-02
-1.457792850624745284e+00,3.901273766027570089e-02
-1.457792850624745284e+00,3.901273766027570089e-02
-1.399312039535234087e+00,3.054225233980617168e-02
-1.161094808044366822e+00,-1.057211430133064844e-01
-1.099864658753682223e+00,-1.525745903364691403e-01
-1.099864658753682223e+00,-1.525745903364691403e-01
-1.099864658753682223e+00,-1.525745903364691403e-01
-1.166702785597668823e+00,-1.652159048670863717e-01
-1.166702785597668823e+00,-1.652159048670863717e-01
-1.267926759979901563e+00,1.117895928172055187e-02
-1.267926759979901563e+00,1.117895928172055187e-02
-1.267926759979901563e+00,1.117895928172055187e-02
-1.267926759979901563e+00,1.117895928172055187e-02
-1.267926759979901563e+00,1.117895928172055187e-02
-1.267926759979901563e+00,1.117895928172055187e-02
-1.288273089935587423e+00,-1.072745435876503450e-01
-1.179511114908124325e+00,3.093740628434540896e-02
-1.179511114908124325e+00,3.093740628434540896e-02
-1.179511114908124325e+00,3.093740628434540896e-02
-1.145754316689194363e+00,1.867874508626563290e-01
-1.118299911525173940e+00,6.423947837727569943e-02
-1.118299911525173940e+00,6.423947837727569943e-02
-1.153819958893610886e+00,6.013450167288502540e-02
-1.153819958893610886e+00,6.013450167288502540e-02
-1.348816246646921790e+00,1.534001754356173752e-01
-1.348816246646921790e+00,1.534001754356173752e-01
-1.261461081602828216e+00,1.454727363941635543e-01
-1.054771566837520158e+00,1.650891552406152096e-01
-1.054771566837520158e+00,1.650891552406152096e-01
-1.054771566837520158e+00,1.650891552406152096e-01
-1.054771566837520158e+00,1.650891552406152096e-01
-1.162187436141198127e+00,-2.181289471061383656e-01
-1.292021792183110307e+00,-5.619375464309409041e-02
-1.292021792183110307e+00,-5.619375464309409041e-02
-1.292021792183110307e+00,-5.619375464309409041e-02
-1.292021792183110307e+00,-5.619375464309409041e-02
-1.292021792183110307e+00,-5.619375464309409041e-02
-1.343429929991873273e+00,-6.736541155298654548e-03
-1.343429929991873273e+00,-6.736541155298654548e-03
-1.343429929991873273e+00,-6.736541155298654548e-03
-1.343429929991873273e+00,-6.736541155298654548e-03
-1.343429929991873273e+00,-6.736541155298654548e-03
-1.343429929991873273e+00,-6.736541155298654548e-03
-1.343429929991873273e+00,-6.736541155298654548e-03
-1.241818160298222784e+00,-1.394863425374373023e-01
-1.241818160298222784e+00,-1.394863425374373023e-01
-1.241818160298222784e+00,-1.394863425374373023e-01
-1.130009218698948548e+00,-1.031558811961397482e-01
-1.130009218698948548e+00,-1.031558811961397482e-01
-1.213648822729264554e+00,-1.202899308782926918e-01
-1.304506314912741605e+00,1.023665012127786128e-01
-1.124160908806702164e+00,-8.246280716504267305e-03
-1.124160908806702164e+00,-8.246280716504267305e-03
-1.124160908806702164e+00,-8.246280716504267305e-03
-1.124160908806702164e+00,-8.246280716504267305e-03
-1.124160908806702164e+00,-8.246280716504267305e-03
-1.118649640314487437e+00,-1.512871324477979562e-02
-1.118649640314487437e+00,-1.512871324477979562e-02
-1.145485646397663704e+00,-4.550168080963563205e-02
-1.145485646397663704e+00,-4.550168080963563205e-02
-1.145485646397663704e+00,-4.550168080963563205e-02
-1.145485646397663704e+00,-4.550168080963563205e-02
-1.145485646397663704e+00,-4.550168080963563205e-02
-1.145485646397663704e+00,-4.550168080963563205e-02
-1.145485646397663704e+00,-4.550168080963563205e-02
-1.145485646397663704e+00,-4.550168080963563205e-02
-1.145485646397663704e+00,-4.550168080963563205e-02
-1.145485646397663704e+00,-4.550168080963563205e-02
-1.222335163939956892e+00,5.090029245287405052e-02
-1.222335163939956892e+00,5.090029245287405052e-02
-1.222335163939956892e+00,5.090029245287405052e-02
-1.222335163939956892e+00,5.090029245287405052e-02
-1.222335163939956892e+00,5.090029245287405052e-02
-1.222335163939956892e+00,5.090029245287405052e-02
-1.343486366252387931e+00,1.192008796570282469e-01
-1.119447282483209127e+00,3.915871920620397906e-02
-1.119447282483209127e+00,3.915871920620397906e-02
-1.110968161128832232e+00,-3.283624053600220360e-03
-1.110968161128832232e+00,-3.283624053600220360e-03
-1.110968161128832232e+00,-3.283624053600220360e-03
-1.110968161128832232e+00,-3.283624053600220360e-03
-1.140471652730828733e+00,9.894560586897231669e-02
-1.140471652730828733e+00,9.894560586897231669e-02
-1.234830440702252785e+00,-5.375768542056465205e-02
-1.234830440702252785e+00,-5.375768542056465205e-02
-1.234830440702252785e+00,-5.375768542056465205e-02
-1.234830440702252785e+00,-5.375768542056465205e-02
-1.175948383062701552e+00,-5.618015221038570595e-02
-1.175948383062701552e+00,-5.618015221038570595e-02
-1.318152055651214072e+00,1.120307832771178375e-01
-1.195656943729317190e+00,2.815810862220360922e-02
-1.195656943729317190e+00,2.815810862220360922e-02
-1.257477741922897518e+00,5.120570937596706507e-02
-1.332322129865138649e+00,-3.326645753778295633e-02
-1.332322129865138649e+00,-3.326645753778295633e-02
-1.246374639739443069e+00,1.714700932177047332e-01
-1.246374639739443069e+00,1.714700932177047332e-01
-1.325728420029038013e+00,-4.530042675824638709e-02
-1.325728420029038013e+00,-4.530042675824638709e-02
-1.325728420029038013e+00,-4.530042675824638709e-02
-1.325728420029038013e+00,-4.530042675824638709e-02
-1.325728420029038013e+00,-4.530042675824638709e-02
-1.351221913545686659e+00,6.138369306416720239e-02
-1.351221913545686659e+00,6.138369306416720239e-02
-1.351221913545686659e+00,6.138369306416720239e-02
-1.351221913545686659e+00,6.138369306416720239e-02
-1.219325332807688289e+00,2.226520807971279353e-02
-1.219325332807688289e+00,2.226520807971279353e-02
-1.259637969850918360e+00,-5.963307178065260089e-02
-1.226119733625669506e+00,1.185249812921816692e-01
-1.247949394363880860e+00,-3.676322809221491128e-03
-1.143030553749508682e+00,1.819444974145768557e-01
-1.040326302284293014e+00,1.277649755245910401e-01
-1.150968604429025488e+00,1.967942358614841458e-01
-1.150968604429025488e+00,1.967942358614841458e-01
-1.090349061059570301e+00,1.122328539977728717e-01
-1.090349061059570301e+00,1.122328539977728717e-01
-1.090349061059570301e+00,1.122328539977728717e-01
-1.090349061059570301e+00,1.122328539977728717e-01
-1.288186237474710616e+00,1.722852494329030759e-01
-1.311143797678585798e+00,1.217242252479146247e-01
-1.315085925752756069e+00,6.031250315135405077e-02
-1.315085925752756069e+00,6.031250315135405077e-02
-1.315085925752756069e+00,6.031250315135405077e-02
-1.060951379256362515e+00,-2.819457841320423958e-02
-1.060951379256362515e+00,-2.819457841320423958e-02
-1.060951379256362515e+00,-2.819457841320423958e-02
-1.060951379256362515e+00,-2.819457841320423958e-02
-1.173234405959544091e+00,-1.424048686204147131e-02
-1.173234405959544091e+00,-1.424048686204147131e-02
-1.173234405959544091e+00,-1.424048686204147131e-02
-1.173234405959544091e+00,-1.424048686204147131e-02
-1.173234405959544091e+00,-1.424048686204147131e-02
-1.173234405959544091e+00,-1.424048686204147131e-02
-1.173234405959544091e+00,-1.424048686204147131e-02
-1.173234405959544091e+00,-1.424048686204147131e-02
-1.354333670191559813e+00,-1.735158579109633697e-02
-1.189407521080486863e+00,-3.797786547617489072e-02
-1.189407521080486863e+00,-3.797786547617489072e-02
-1.189407521080486863e+00,-3.797786547617489072e-02
-1.210873412885322242e+00,-1.410613468871543125e-02
-1.210873412885322242e+00,-1.410613468871543125e-02
-1.360965959849722795e+00,-6.987512817337829252e-02
-1.360965959849722795e+00,-6.987512817337829252e-02
-1.360965959849722795e+00,-6.987512817337829252e-02
-1.360965959849722795e+00,-6.987512817337829252e-02
-1.360965959849722795e+00,-6.987512817337829252e-02
-1.360965959849722795e+00,-6.987512817337829252e-02
-1.360965959849722795e+00,-6.987512817337829252e-02
-1.187762555513546481e+00,-1.145316914486993742e-01
-1.190231941733204568e+00,-3.094074798662978243e-02
-1.190231941733204568e+00,-3.094074798662978243e-02
-1.190231941733204568e+00,-3.094074798662978243e-02
-1.190231941733204568e+00,-3.094074798662978243e-02
-1.190231941733204568e+00,-3.094074798662978243e-02
-1.136932006896928193e+00,-6.695873843472366360e-02
-1.106710256695315087e+00,5.177381917855358728e-02
-1.106710256695315087e+00,5.177381917855358728e-02
-1.036912329907890618e+00,5.406627742226823019e-02
-1.109958127990347432e+00,2.190157918896233902e-01
-1.173712388540108842e+00,2.521350103963937439e-02
-1.173712388540108842e+00,2.521350103963937439e-02
-1.251794436135234001e+00,1.472010382775325033e-01
-1.251794436135234001e+00,1.472010382775325033e-01
-1.251794436135234001e+00,1.472010382775325033e-01
-1.412662057495256862e+00,-3.239728990799944919e-02
-1.412662057495256862e+00,-3.239728990799944919e-02
-1.412662057495256862e+00,-3.239728990799944919e-02
-1.318366924981033250e+00,1.416856541791479962e-01
-1.318366924981033250e+00,1.416856541791479962e-01
-1.318366924981033250e+00,1.416856541791479962e-01
-1.318366924981033250e+00,1.416856541791479962e-01
-1.136067504653245352e+00,9.392503273567986977e-02
-1.144906610352651288e+00,1.170034988626248579e-01
-1.144906610352651288e+00,1.170034988626248579e-01
-1.144906610352651288e+00,1.170034988626248579e-01
-1.343515459961317049e+00,5.704687985034661429e-02
-1.302327376356856581e+00,5.369788665652719395e-02
-1.218903225446866578e+00,1.162625862513405745e-01
-1.382589295561922560e+00,2.198709876458232459e-04
-1.382589295561922560e+00,2.198709876458232459e-04
-1.170755460635937162e+00,3.984249956443672996e-02
-1.170755460635937162e+00,3.984249956443672996e-02
-1.170755460635937162e+00,3.984249956443672996e-02
-1.170755460635937162e+00,3.984249956443672996e-02
-1.213610723250230894e+00,-6.736508250160563871e-02
-1.213610723250230894e+00,-6.736508250160563871e-02
-1.213610723250230894e+00,-6.736508250160563871e-02
-1.112232963636018201e+00,-3.367000490453820466e-02
-1.137081830145445061e+00,6.298938370359144501e-02
-1.137081830145445061e+00,6.298938370359144501e-02
-1.385015677483205643e+00,2.887906671759907229e-03
-1.385015677483205643e+00,2.887906671759907229e-03
-1.385015677483205643e+00,2.887906671759907229e-03
-1.385015677483205643e+00,2.887906671759907229e-03
-1.385015677483205643e+00,2.887906671759907229e-03
-1.369955210386955002e+00,-1.061124053548688842e-02
-1.369955210386955002e+00,-1.061124053548688842e-02
-1.292207974600816822e+00,1.145165274672189232e-01
-1.292207974600816822e+00,1.145165274672189232e-01
-1.335726356974129780e+00,1.406911855709977177e-01
-1.335726356974129780e+00,1.406911855709977177e-01
-1.335726356974129780e+00,1.406911855709977177e-01
-1.057025997649319926e+00,1.020935001424433108e-01
-1.131468618443705720e+00,4.218557135936351621e-02
-1.131468618443705720e+00,4.218557135936351621e-02
-1.131468618443705720e+00,4.218557135936351621e-02
-1.131468618443705720e+00,4.218557135936351621e-02
-1.126939494287434007e+00,-1.196772719761862447e-01
-1.246731586351994769e+00,-1.716505044055710583e-02
-1.246731586351994769e+00,-1.716505044055710583e-02
-1.246731586351994769e+00,-1.716505044055710583e-02
-1.246731586351994769e+00,-1.716505044055710583e-02
-1.246731586351994769e+00,-1.716505044055710583e-02
-1.246731586351994769e+00,-1.716505044055710583e-02
-1.246731586351994769e+00,-1.716505044055710583e-02
-1.408353109042149054e+00,1.051780990588497000e-01
-1.408353109042149054e+00,1.051780990588497000e-01
-1.408353109042149054e+00,1.051780990588497000e-01
-1.408353109042149054e+00,1.051780990588497000e-01
-1.408353109042149054e+00,1.051780990588497000e-01
-1.408353109042149054e+00,1.051780990588497000e-01
-1.396733323539863569e+00,1.359363426724040091e-01
-1.397725142826592659e+00,2.537669230292267930e-02
-1.397725142826592659e+00,2.537669230292267930e-02
-1.397725142826592659e+00,2.537669230292267930e-02
-1.397725142826592659e+00,2.537669230292267930e-02
-1.397725142826592659e+00,2.537669230292267930e-02
-1.282014732841552984e+00,8.590635157590013893e-02
-1.271499644921136651e+00,-1.200369635423155501e-02
-1.271499644921136651e+00,-1.200369635423155501e-02
-1.271499644921136651e+00,-1.200369635423155501e-02
-1.271499644921136651e+00,-1.200369635423155501e-02
-1.259887378664738877e+00,-1.197048702826835065e-01
-1.259887378664738877e+00,-1.197048702826835065e-01
-1.011573151138743576e+00,1.095028526296995541e-02
-1.333384021777664685e+00,2.241627445427026855e-01
-1.333384021777664685e+00,2.241627445427026855e-01
-1.375043637956022247e+00,1.772956552739851088e-01
-1.375043637956022247e+00,1.772956552739851088e-01
-1.352502949390900877e+00,1.589330039633074232e-01
-1.352502949390900877e+00,1.589330039633074232e-01
-1.248156404854803947e+00,2.224675184205091583e-01
-1.299018534324267726e+00,8.410473479274904740e-02
-1.299018534324267726e+00,8.410473479274904740e-02
-1.328020311634442008e+00,-2.387996800959148180e-02
-1.328020311634442008e+00,-2.387996800959148180e-02
-1.438133588329184365e+00,7.176541185433213399e-02
-1.438133588329184365e+00,7.176541185433213399e-02
-1.438133588329184365e+00,7.176541185433213399e-02
-1.445925560348504835e+00,6.113966790351431368e-02
-1.427048622066932948e+00,6.514987988721882006e-02
-1.427048622066932948e+00,6.514987988721882006e-02
-1.427048622066932948e+00,6.514987988721882006e-02
-1.427048622066932948e+00,6.514987988721882006e-02
-1.427048622066932948e+00,6.514987988721882006e-02
-1.427048622066932948e+00,6.514987988721882006e-02
-1.289186383079908627e+00,-2.093512274838809639e-01
-1.289186383079908627e+00,-2.093512274838809639e-01
-1.289186383079908627e+00,-2.093512274838809639e-01
-1.289186383079908627e+00,-2.093512274838809639e-01
-1.289186383079908627e+00,-2.093512274838809639e-01
-1.289186383079908627e+00,-2.093512274838809639e-01
-1.289186383079908627e+00,-2.093512274838809639e-01
-1.289186383079908627e+00,-2.093512274838809639e-01
-1.251421537183200705e+00,-1.635992194035779390e-01
-1.247383172008563523e+00,-1.427768141035234695e-01
-1.247383172008563523e+00,-1.427768141035234695e-01
-1.247383172008563523e+00,-1.427768141035234695e-01
-1.342548554314743292e+00,-3.325582135704158171e-02
-1.342548554314743292e+00,-3.325582135704158171e-02
-1.274602994035604508e+00,-1.002769427252040227e-02
-1.204126189558746063e+00,-2.851546349071312769e-02
-1.137778969497122983e+00,-3.092205788876863093e-02
-1.212847762658459505e+00,-1.661945512807540548e-01
-1.307541811036409651e+00,-4.788587564934977669e-02
-1.234842113578550782e+00,-4.513991069495947028e-02
-1.234842113578550782e+00,-4.513991069495947028e-02
-1.234842113578550782e+00,-4.513991069495947028e-02
-1.234842113578550782e+00,-4.513991069495947028e-02
-1.234842113578550782e+00,-4.513991069495947028e-02
-1.234842113578550782e+00,-4.513991069495947028e-02
-1.214914763539766573e+00,2.825897864997965747e-02
-1.214914763539766573e+00,2.825897864997965747e-02
-1.214914763539766573e+00,2.825897864997965747e-02
-1.214914763539766573e+00,2.825897864997965747e-02
-1.214914763539766573e+00,2.825897864997965747e-02
-1.214914763539766573e+00,2.825897864997965747e-02
-1.097927194969202880e+00,4.128445890686444075e-02
-1.277311812518089340e+00,1.191413721431746620e-01
-1.277311812518089340e+00,1.191413721431746620e-01
-1.277311812518089340e+00,1.191413721431746620e-01
-1.277311812518089340e+00,1.191413721431746620e-01
-1.277311812518089340e+00,1.191413721431746620e-01
-1.277311812518089340e+00,1.191413721431746620e-01
-1.283410205176203966e+00,6.120514227372066823e-02
-1.283410205176203966e+00,6.120514227372066823e-02
-1.214390514167974500e+00,-9.479324832890889674e-02
-1.214390514167974500e+00,-9.479324832890889674e-02
-1.214390514167974500e+00,-9.479324832890889674e-02
-1.214390514167974500e+00,-9.479324832890889674e-02
-1.214390514167974500e+00,-9.479324832890889674e-02
-1.231054328467452219e+00,-5.564862546417214534e-02
-1.231054328467452219e+00,-5.564862546417214534e-02
-1.231054328467452219e+00,-5.564862546417214534e-02
-1.231054328467452219e+00,-5.564862546417214534e-02
-1.231054328467452219e+00,-5.564862546417214534e-02
-1.247618734372629268e+00,-2.008396437641568610e-02
-1.247618734372629268e+00,-2.008396437641568610e-02
-1.346396379857730530e+00,7.639522482624322430e-02
-1.346396379857730530e+00,7.639522482624322430e-02
-1.212479579598118029e+00,-9.166164234080154127e-02
-1.212479579598118029e+00,-9.166164234080154127e-02
-1.212479579598118029e+00,-9.166164234080154127e-02
-1.260401107482757466e+00,-5.524913783038715859e-02
-1.260401107482757466e+00,-5.524913783038715859e-02
-1.260401107482757466e+00,-5.524913783038715859e-02
-1.260401107482757466e+00,-5.524913783038715859e-02
-1.260401107482757466e+00,-5.524913783038715859e-02
-1.260401107482757466e+00,-5.524913783038715859e-02
-1.288779363497007724e+00,-8.257439342362273005e-02
-1.288779363497007724e+00,-8.257439342362273005e-02
-1.445993583836897800e+00,-1.154857001537275274e-02
-1.445993583836897800e+00,-1.154857001537275274e-02
-1.230703217300665342e+00,-3.621411220847269019e-02
-1.291831556675328230e+00,-5.791240921164828720e-02
-1.291831556675328230e+00,-5.791240921164828720e-02
-1.291831556675328230e+00,-5.791240921164828720e-02
-1.400209619978750153e+00,1.163204001968456414e-01
-1.279880229287798876e+00,1.075866817063725611e-01
-1.164311021905130694e+00,2.137706776601515368e-02
-1.164311021905130694e+00,2.137706776601515368e-02
-1.164311021905130694e+00,2.137706776601515368e-02
-1.235743712633489588e+00,4.839760591592806582e-02
-1.235743712633489588e+00,4.839760591592806582e-02
-1.235743712633489588e+00,4.839760591592806582e-02
-1.235743712633489588e+00,4.839760591592806582e-02
-1.235743712633489588e+00,4.839760591592806582e-02
-1.235743712633489588e+00,4.839760591592806582e-02
-1.235743712633489588e+00,4.839760591592806582e-02
-1.235743712633489588e+00,4.839760591592806582e-02
-1.118156888858842901e+00,8.784871252820167231e-02
-1.157204441745201207e+00,-1.104681291630917050e-02
-1.157204441745201207e+00,-1.104681291630917050e-02
-1.201860206409398169e+00,-8.056680930836515597e-02
-1.222583406520456162e+00,-9.428275925600981822e-02
-1.222583406520456162e+00,-9.428275925600981822e-02
-1.222583406520456162e+00,-9.428275925600981822e-02
-1.222583406520456162e+00,-9.428275925600981822e-02
-1.222583406520456162e+00,-9.428275925600981822e-02
-1.222583406520456162e+00,-9.428275925600981822e-02
-1.222583406520456162e+00,-9.428275925600981822e-02
-1.222583406520456162e+00,-9.428275925600981822e-02
-1.222583406520456162e+00,-9.428275925600981822e-02
-1.271086752428535860e+00,-1.365530374568410532e-01
-1.276255118374549413e+00,-1.663156428209893178e-01
-1.276255118374549413e+00,-1.663156428209893178e-01
-1.276255118374549413e+00,-1.663156428209893178e-01
-1.276255118374549413e+00,-1.663156428209893178e-01
-1.276255118374549413e+00,-1.663156428209893178e-01
-1.276255118374549413e+00,-1.663156428209893178e-01
-1.349247805780781073e+00,-1.683529200912358137e-01
-1.208701215949975039e+00,-1.590262815773391680e-01
-1.208701215949975039e+00,-1.590262815773391680e-01
-1.246174005085470160e+00,-5.820265299675896065e-02
-1.359916020279351878e+00,3.528082191645055821e-02
-1.359916020279351878e+00,3.528082191645055821e-02
-1.359916020279351878e+00,3.528082191645055821e-02
-1.241473722608811947e+00,-6.719993966684913167e-02
-1.241473722608811947e+00,-6.719993966684913167e-02
-1.221127524747631199e+00,-6.631203567523420717e-02
-1.221127524747631199e+00,-6.631203567523420717e-02
-1.391486015257705766e+00,-1.769653086061999669e-01
-1.391486015257705766e+00,-1.769653086061999669e-01
-1.391486015257705766e+00,-1.769653086061999669e-01
-1.391486015257705766e+00,-1.769653086061999669e-01
-1.350813880962117963e+00,-1.457250282413821985e-01
-1.350813880962117963e+00,-1.457250282413821985e-01
-1.327837993882765577e+00,-1.297763615876567911e-01
-1.327837993882765577e+00,-1.297763615876567911e-01
-1.434134318970761379e+00,4.474259931393370637e-02
-1.329205095624296895e+00,6.439864801460173926e-02
-1.329205095624296895e+00,6.439864801460173926e-02
-1.329205095624296895e+00,6.439864801460173926e-02
-1.161280850856905467e+00,1.283027396962624911e-01
-1.343540397698090194e+00,4.530145674781582699e-02
-1.343540397698090194e+00,4.530145674781582699e-02
-1.242916614024118571e+00,1.130075052196179292e-01
-1.207988984535568466e+00,2.330854351922664880e-03
-1.207988984535568466e+00,2.330854351922664880e-03
-1.207988984535568466e+00,2.330854351922664880e-03
-1.207988984535568466e+00,2.330854351922664880e-03
-1.185771510911634241e+00,-5.842305114711668357e-02
-1.180333992330832471e+00,-1.416626453545563880e-01
-1.276054128790154785e+00,-4.704686623276481405e-02
-1.269544058797729136e+00,1.148109134468556086e-01
-1.293800821619065955e+00,1.000587241482774059e-01
-1.293800821619065955e+00,1.000587241482774059e-01
-1.293800821619065955e+00,1.000587241482774059e-01
-1.433482639743947740e+00,1.016014369681937923e-01
-1.433482639743947740e+00,1.016014369681937923e-01
-1.433482639743947740e+00,1.016014369681937923e-01
-1.244842786139843227e+00,1.035138134201892546e-01
-1.244842786139843227e+00,1.035138134201892546e-01
-1.244842786139843227e+00,1.035138134201892546e-01
-1.168946577010987475e+00,6.790450580533348435e-02
-1.168946577010987475e+00,6.790450580533348435e-02
-1.362968427872903510e+00,1.596579433735105802e-01
-1.218214111436382918e+00,3.297820421570643590e-02
-1.336470089076409185e+00,-1.464624859144134095e-02
-1.336470089076409185e+00,-1.464624859144134095e-02
-1.375740874943031544e+00,2.077972679771517700e-02
-1.345828248998833798e+00,5.251154385624378501e-02
-1.345828248998833798e+00,5.251154385624378501e-02
-1.303450626779253829e+00,9.641247747270233204e-02
-1.303450626779253829e+00,9.641247747270233204e-02
-1.303450626779253829e+00,9.641247747270233204e-02
-1.303450626779253829e+00,9.641247747270233204e-02
-1.303450626779253829e+00,9.641247747270233204e-02
-1.303450626779253829e+00,9.641247747270233204e-02
-1.303450626779253829e+00,9.641247747270233204e-02
-1.183720186048720091e+00,4.836928542345656640e-02
-1.269585324215621425e+00,-2.894683671864244773e-02
-1.269585324215621425e+00,-2.894683671864244773e-02
-1.269585324215621425e+00,-2.894683671864244773e-02
-1.269585324215621425e+00,-2.894683671864244773e-02
-1.269585324215621425e+00,-2.894683671864244773e-02
-1.269585324215621425e+00,-2.894683671864244773e-02
-1.269585324215621425e+00,-2.894683671864244773e-02
-1.267267588094935782e+00,-2.805603395750017048e-02
-1.267267588094935782e+00,-2.805603395750017048e-02
-1.267267588094935782e+00,-2.805603395750017048e-02
-1.267267588094935782e+00,-2.805603395750017048e-02
-1.267267588094935782e+00,-2.805603395750017048e-02
-1.289751126918262214e+00,-1.809758670414486903e-01
-1.289751126918262214e+00,-1.809758670414486903e-01
-1.289751126918262214e+00,-1.809758670414486903e-01
-1.243844813475248223e+00,-5.690635543733026103e-02
-1.243844813475248223e+00,-5.690635543733026103e-02
-1.243844813475248223e+00,-5.690635543733026103e-02
-1.297409805943122052e+00,1.228151722460890244e-01
-1.297409805943122052e+00,1.228151722460890244e-01
-1.297409805943122052e+00,1.228151722460890244e-01
-1.297409805943122052e+00,1.228151722460890244e-01
-1.375699350668960541e+00,2.033256074048320206e-02
-1.258492724745683633e+00,1.541439618364282282e-01
-1.251058995556197040e+00,1.538016021180994009e-01
-1.251058995556197040e+00,1.538016021180994009e-01
-1.251058995556197040e+00,1.538016021180994009e-01
-1.136470664232206662e+00,1.879685366934210622e-01
-1.136470664232206662e+00,1.879685366934210622e-01
-1.136470664232206662e+00,1.879685366934210622e-01
-1.136470664232206662e+00,1.879685366934210622e-01
-9.959538765439512886e-01,6.063872374223450157e-02
-9.959538765439512886e-01,6.063872374223450157e-02
-9.959538765439512886e-01,6.063872374223450157e-02
-1.197581578006413183e+00,-2.027902541259927749e-01
-1.197581578006413183e+00,-2.027902541259927749e-01
-1.197581578006413183e+00,-2.027902541259927749e-01
-1.197581578006413183e+00,-2.027902541259927749e-01
-1.305270907262060076e+00,-4.756601172614066675e-02
-1.305270907262060076e+00,-4.756601172614066675e-02
-1.305270907262060076e+00,-4.756601172614066675e-02
-1.305270907262060076e+00,-4.756601172614066675e-02
-1.305270907262060076e+00,-4.756601172614066675e-02
-1.245291035973960847e+00,6.435135408961427383e-02
-1.245291035973960847e+00,6.435135408961427383e-02
-1.245291035973960847e+00,6.435135408961427383e-02
-1.245291035973960847e+00,6.435135408961427383e-02
-1.245291035973960847e+00,6.435135408961427383e-02
-1.245291035973960847e+00,6.435135408961427383e-02
-1.139261536000364838e+00,-1.736672892088729214e-01
-1.163023578932840696e+00,-2.855578090667207358e-02
-1.087084120010034960e+00,-1.402253073204045783e-02
-1.288923074291616899e+00,-7.368877405583079687e-02
-1.371666229065677367e+00,4.660618549823133949e-02
-1.371666229065677367e+00,4.660618549823133949e-02
-1.321032488713274056e+00,9.319669959825457872e-02
-1.321032488713274056e+00,9.319669959825457872e-02
-1.321032488713274056e+00,9.319669959825457872e-02
-1.241124973036066059e+00,-1.768230859688864898e-01
-1.241124973036066059e+00,-1.768230859688864898e-01
-1.117994666825023131e+00,-6.186338002303000405e-02
-1.117994666825023131e+00,-6.186338002303000405e-02
-1.110609293560500976e+00,-7.515395498336036040e-02
-1.110609293560500976e+00,-7.515395498336036040e-02
-1.233984089897004699e+00,8.156328175133034653e-02
-1.233984089897004699e+00,8.156328175133034653e-02
-1.233984089897004699e+00,8.156328175133034653e-02
-1.233984089897004699e+00,8.156328175133034653e-02
-1.233984089897004699e+00,8.156328175133034653e-02
-1.233984089897004699e+00,8.156328175133034653e-02
-1.190899235248927601e+00,7.076602891401402584e-02
-1.190899235248927601e+00,7.076602891401402584e-02
-1.190899235248927601e+00,7.076602891401402584e-02
-1.190899235248927601e+00,7.076602891401402584e-02
-1.193999411219043294e+00,-9.471141773156725729e-02
-1.193999411219043294e+00,-9.471141773156725729e-02
-1.246307557171804081e+00,-6.465423853522291042e-02
-1.264226938530457645e+00,-7.229756488113234236e-02
-1.231179487488976099e+00,-3.787672172134646381e-02
-1.231179487488976099e+00,-3.787672172134646381e-02
-1.231179487488976099e+00,-3.787672172134646381e-02
-1.231179487488976099e+00,-3.787672172134646381e-02
-1.231179487488976099e+00,-3.787672172134646381e-02
-1.231179487488976099e+00,-3.787672172134646381e-02
-1.247316733847411596e+00,2.611780585262742094e-03
-1.195234465201314267e+00,-1.145866321326141808e-02
-1.195234465201314267e+00,-1.145866321326141808e-02
-1.195234465201314267e+00,-1.145866321326141808e-02
-1.195234465201314267e+00,-1.145866321326141808e-02
-1.195234465201314267e+00,-1.145866321326141808e-02
-1.320382985845188095e+00,-3.694082939042946101e-02
-1.320382985845188095e+00,-3.694082939042946101e-02
-1.227994557661574282e+00,3.975838996253362734e-02
-1.227994557661574282e+00,3.975838996253362734e-02
-1.227994557661574282e+00,3.975838996253362734e-02
-1.215036179938662864e+00,-2.987897174686136859e-02
-1.215036179938662864e+00,-2.987897174686136859e-02
-1.215036179938662864e+00,-2.987897174686136859e-02
-1.215036179938662864e+00,-2.987897174686136859e-02
-1.215036179938662864e+00,-2.987897174686136859e-02
-1.215036179938662864e+00,-2.987897174686136859e-02
-1.284002013108723750e+00,-1.657837243478246791e-01
-1.284002013108723750e+00,-1.657837243478246791e-01
-1.284002013108723750e+00,-1.657837243478246791e-01
-1.219936575653672861e+00,-1.620436483991262167e-01
-1.219936575653672861e+00,-1.620436483991262167e-01
-1.242275468487595402e+00,-3.295570743777395673e-02
-1.242275468487595402e+00,-3.295570743777395673e-02
-1.208120150295806772e+00,-1.341875990019577441e-02
-1.275892449925165373e+00,-1.428112003520531081e-01
-1.275892449925165373e+00,-1.428112003520531081e-01
-1.275892449925165373e+00,-1.428112003520531081e-01
-1.275892449925165373e+00,-1.428112003520531081e-01
-1.275892449925165373e+00,-1.428112003520531081e-01
-1.275892449925165373e+00,-1.428112003520531081e-01
-1.275892449925165373e+00,-1.428112003520531081e-01
-1.275892449925165373e+00,-1.428112003520531081e-01
-1.275892449925165373e+00,-1.428112003520531081e-01
-1.214168892598326943e+00,1.474955631408245149e-02
-1.214168892598326943e+00,1.474955631408245149e-02
-1.295861276301589760e+00,-4.593369713833885676e-02
-1.295861276301589760e+00,-4.593369713833885676e-02
-1.295861276301589760e+00,-4.593369713833885676e-02
-1.295861276301589760e+00,-4.593369713833885676e-02
-1.256163276804065143e+00,3.708336986477718533e-03
-1.256163276804065143e+00,3.708336986477718533e-03
-1.256163276804065143e+00,3.708336986477718533e-03
-1.219717737495576770e+00,1.230752343124509596e-01
-1.220614528402158117e+00,6.607215826902246292e-02
-1.286106085871900895e+00,7.055588510560401039e-04
-1.266775185190390118e+00,-4.265286686814801637e-02
-1.416005254079077069e+00,4.734291384849961121e-02
-1.416005254079077069e+00,4.734291384849961121e-02
-1.416005254079077069e+00,4.734291384849961121e-02
-1.388743327250606452e+00,1.169314698879276304e-01
-1.388743327250606452e+00,1.169314698879276304e-01
-1.466114261708886257e+00,1.160277508564309806e-01
-1.466114261708886257e+00,1.160277508564309806e-01
-1.466114261708886257e+00,1.160277508564309806e-01
-1.466114261708886257e+00,1.160277508564309806e-01
-1.466114261708886257e+00,1.160277508564309806e-01
-1.466114261708886257e+00,1.160277508564309806e-01
-1.307048868708674094e+00,5.679272043737628589e-02
-1.307048868708674094e+00,5.679272043737628589e-02
-1.182534836984629134e+00,3.410860591405846798e-02
-1.359284709784246203e+00,-6.586461402812859856e-02
-1.168801078098385959e+00,-3.783007453427238154e-02
-1.168801078098385959e+00,-3.783007453427238154e-02
-1.168801078098385959e+00,-3.783007453427238154e-02
-1.121293270351041871e+00,-6.868673315675477564e-02
-1.121293270351041871e+00,-6.868673315675477564e-02
-1.121293270351041871e+00,-6.868673315675477564e-02
-1.408654276488308543e+00,-6.632161406144396198e-02
-1.360842130625313562e+00,8.930095125580722604e-02
-1.302833737121677604e+00,1.406180153720225368e-02
-1.302833737121677604e+00,1.406180153720225368e-02
-1.302833737121677604e+00,1.406180153720225368e-02
-1.302833737121677604e+00,1.406180153720225368e-02
-1.211776723763572594e+00,6.651200858384286041e-02
-1.211776723763572594e+00,6.651200858384286041e-02
-1.211776723763572594e+00,6.651200858384286041e-02
-1.407783727326052947e+00,3.997431574244547647e-02
-1.208522412919029065e+00,2.740195577690040379e-02
-1.208522412919029065e+00,2.740195577690040379e-02
-1.272920385359167961e+00,-1.884488393332803963e-03
-1.184834656097503380e+00,-3.596055962762766123e-02
-1.184834656097503380e+00,-3.596055962762766123e-02
-1.184834656097503380e+00,-3.596055962762766123e-02
-1.184834656097503380e+00,-3.596055962762766123e-02
-1.184834656097503380e+00,-3.596055962762766123e-02
-1.027985343811183450e+00,3.217019415735590526e-02
-1.027985343811183450e+00,3.217019415735590526e-02
-1.027985343811183450e+00,3.217019415735590526e-02
-1.027985343811183450e+00,3.217019415735590526e-02
-1.027985343811183450e+00,3.217019415735590526e-02
-1.027985343811183450e+00,3.217019415735590526e-02
-1.063207782612995755e+00,8.032179728053350648e-03
-1.063207782612995755e+00,8.032179728053350648e-03
-1.063207782612995755e+00,8.032179728053350648e-03
-1.071055389302841165e+00,-1.411354582238372180e-01
-1.071055389302841165e+00,-1.411354582238372180e-01
-1.287880750040618860e+00,1.000577055227659662e-01
-1.287880750040618860e+00,1.000577055227659662e-01
-1.314722816148653717e+00,3.630186347570060756e-02
-1.292138917494166428e+00,1.067709724053578363e-01
-1.292138917494166428e+00,1.067709724053578363e-01
-1.292138917494166428e+00,1.067709724053578363e-01
-1.361978354813233594e+00,1.244200535211682501e-01
-1.410081744351697086e+00,2.420505904417784293e-02
-1.410081744351697086e+00,2.420505904417784293e-02
-1.410081744351697086e+00,2.420505904417784293e-02
-1.235702577143150238e+00,2.077876961697128766e-01
-1.235702577143150238e+00,2.077876961697128766e-01
-1.235702577143150238e+00,2.077876961697128766e-01
-1.217617924868725110e+00,6.380796827381127190e-02
-1.217617924868725110e+00,6.380796827381127190e-02
-1.320204156252349215e+00,1.735606095014018135e-03
-1.320204156252349215e+00,1.735606095014018135e-03
-1.149896513490132888e+00,-3.284243553127978721e-02
-1.149896513490132888e+00,-3.284243553127978721e-02
-1.149896513490132888e+00,-3.284243553127978721e-02
-1.288351881494759432e+00,2.627292843097473601e-02
-1.295044330398264831e+00,-1.296170566219502496e-02
-1.295044330398264831e+00,-1.296170566219502496e-02
-1.295044330398264831e+00,-1.296170566219502496e-02
-1.396353109028326989e+00,-5.702630193270995240e-02
-1.438339522936692649e+00,5.651390539757801534e-02
-1.471774396879964364e+00,-1.071721603996225597e-01
-1.413845631000390179e+00,-4.793981824736046060e-03
-1.444804109690053240e+00,-2.699754266407063813e-02
-1.444804109690053240e+00,-2.699754266407063813e-02
-1.444804109690053240e+00,-2.699754266407063813e-02
-1.353947844491283359e+00,1.492988546607448841e-02
-1.353947844491283359e+00,1.492988546607448841e-02
-1.386425738654780915e+00,3.116316808029959834e-02
-1.447383962957358383e+00,-3.435106809382206666e-02
-1.447383962957358383e+00,-3.435106809382206666e-02
-1.447383962957358383e+00,-3.435106809382206666e-02
-1.447383962957358383e+00,-3.435106809382206666e-02
-1.447383962957358383e+00,-3.435106809382206666e-02
-1.447383962957358383e+00,-3.435106809382206666e-02
-1.447383962957358383e+00,-3.435106809382206666e-02
-1.447383962957358383e+00,-3.435106809382206666e-02
-1.211031548933898527e+00,1.015594283734322922e-01
-1.211031548933898527e+00,1.015594283734322922e-01
-1.211031548933898527e+00,1.015594283734322922e-01
-1.211031548933898527e+00,1.015594283734322922e-01
-1.178759711964510348e+00,6.986384210055886224e-02
-1.178759711964510348e+00,6.986384210055886224e-02
-1.178759711964510348e+00,6.986384210055886224e-02
-1.047822348377770663e+00,-6.219295091846145651e-02
-1.200025924149072054e+00,2.573465185482373130e-01
-1.200025924149072054e+00,2.573465185482373130e-01
-1.200025924149072054e+00,2.573465185482373130e-01
-1.045541239227009367e+00,2.972773155919485877e-01
-1.259874449032033050e+00,2.392819044228986503e-01
-1.405569247087900431e+00,1.968147711942302980e-01
-1.195528824074485907e+00,2.384754202713282589e-01
-1.195528824074485907e+00,2.384754202713282589e-01
-1.195528824074485907e+00,2.384754202713282589e-01
-1.195528824074485907e+00,2.384754202713282589e-01
-1.195528824074485907e+00,2.384754202713282589e-01
-1.195528824074485907e+00,2.384754202713282589e-01
-1.250357475770905946e+00,2.292812739375883202e-01
-1.250357475770905946e+00,2.292812739375883202e-01
-1.250357475770905946e+00,2.292812739375883202e-01
-1.395738239008441628e+00,-1.428518347022698920e-01
-1.435587030612148318e+00,7.070612505744380827e-02
-1.320071103944988389e+00,3.930835384050300474e-02
-1.320071103944988389e+00,3.930835384050300474e-02
-1.320071103944988389e+00,3.930835384050300474e-02
-1.320071103944988389e+00,3.930835384050300474e-02
-1.320071103944988389e+00,3.930835384050300474e-02
-1.320071103944988389e+00,3.930835384050300474e-02
-1.320071103944988389e+00,3.930835384050300474e-02
-1.320071103944988389e+00,3.930835384050300474e-02
-1.293193008498001451e+00,1.195055142382027147e-01
-1.293193008498001451e+00,1.195055142382027147e-01
-1.257499645391935372e+00,1.047625171812209960e-01
-1.257499645391935372e+00,1.047625171812209960e-01
-1.338150383324238080e+00,1.009965187372416084e-01
-1.416496046128340458e+00,7.337620634720391777e-02
-1.416496046128340458e+00,7.337620634720391777e-02
-1.416496046128340458e+00,7.337620634720391777e-02
-1.416496046128340458e+00,7.337620634720391777e-02
-1.416496046128340458e+00,7.337620634720391777e-02
-1.416496046128340458e+00,7.337620634720391777e-02
-1.416496046128340458e+00,7.337620634720391777e-02
-1.395023498112312188e+00,4.294179527905803151e-02
-1.395023498112312188e+00,4.294179527905803151e-02
-1.395023498112312188e+00,4.294179527905803151e-02
-1.395023498112312188e+00,4.294179527905803151e-02
-1.153968850140083546e+00,5.798411133815926932e-02
-1.113198224330077313e+00,-6.867994301494716181e-02
-1.240387791402013384e+00,1.336567533587935674e-01
-1.240387791402013384e+00,1.336567533587935674e-01
-1.165548310060752657e+00,1.694337683622003654e-01
-1.355067123520509620e+00,1.310049423489864084e-01
-1.429346307533756244e+00,9.825792540756309035e-02
-1.469465960959022599e+00,1.036864017128840409e-01
-1.161385613530204974e+00,1.003473580720807140e-01
-1.195230404601166585e+00,3.106754533495922899e-02
-1.195230404601166585e+00,3.106754533495922899e-02
-1.195230404601166585e+00,3.106754533495922899e-02
-1.195230404601166585e+00,3.106754533495922899e-02
-1.195230404601166585e+00,3.106754533495922899e-02
-1.195230404601166585e+00,3.106754533495922899e-02
-1.195230404601166585e+00,3.106754533495922899e-02
-1.352714368083180796e+00,-1.367580261370981987e-02
-1.352714368083180796e+00,-1.367580261370981987e-02
-1.352714368083180796e+00,-1.367580261370981987e-02
-1.352714368083180796e+00,-1.367580261370981987e-02
-1.352714368083180796e+00,-1.367580261370981987e-02
-1.434434245642024042e+00,2.984176036560579059e-04
-1.434434245642024042e+00,2.984176036560579059e-04
-1.434434245642024042e+00,2.984176036560579059e-04
-1.434434245642024042e+00,2.984176036560579059e-04
-1.434434245642024042e+00,2.984176036560579059e-04
-1.434434245642024042e+00,2.984176036560579059e-04
-1.434434245642024042e+00,2.984176036560579059e-04
-1.236930965639647217e+00,-9.122090862357362662e-02
-1.236930965639647217e+00,-9.122090862357362662e-02
-1.260922888451742496e+00,-2.700174915005246201e-02
-1.260922888451742496e+00,-2.700174915005246201e-02
-1.260922888451742496e+00,-2.700174915005246201e-02
-1.132173377165900829e+00,6.120943922695748496e-02
-1.132173377165900829e+00,6.120943922695748496e-02
-1.132173377165900829e+00,6.120943922695748496e-02
-1.132173377165900829e+00,6.120943922695748496e-02
-1.132173377165900829e+00,6.120943922695748496e-02
-1.275553209532381382e+00,5.891441808897912580e-02
-1.260768077379787799e+00,4.535743858524018263e-02
-1.153728153013352742e+00,-7.803349610637999589e-02
-1.336653184025324625e+00,-1.524590873139962111e-01
-1.151690150089335507e+00,-1.319441626972168435e-01
-1.268496874228031590e+00,1.716345626712758865e-01
-1.386841593744216672e+00,-1.333033108834405234e-01
-1.386841593744216672e+00,-1.333033108834405234e-01
-1.402033537751201209e+00,5.259217789466419379e-04
-1.402033537751201209e+00,5.259217789466419379e-04
-1.402033537751201209e+00,5.259217789466419379e-04
-1.185032714174906854e+00,-9.726998562645527979e-02
-1.176419899606102826e+00,8.245405372682379497e-02
-1.176419899606102826e+00,8.245405372682379497e-02
-1.300711481803205949e+00,-9.201070269993982809e-02
-1.300711481803205949e+00,-9.201070269993982809e-02
-1.300711481803205949e+00,-9.201070269993982809e-02
-1.300711481803205949e+00,-9.201070269993982809e-02
-1.300711481803205949e+00,-9.201070269993982809e-02
-1.272637374242501229e+00,1.138407297711375721e-01
-1.272637374242501229e+00,1.138407297711375721e-01
-1.272637374242501229e+00,1.138407297711375721e-01
-1.272637374242501229e+00,1.138407297711375721e-01
-1.292695056968910183e+00,7.790231133673666819e-02
-1.254473974466187247e+00,8.216523860628185960e-02
-1.222309820067678521e+00,-7.581778664790531086e-02
-1.368800310268023068e+00,9.647451577093935082e-02
-1.522865266519989769e+00,1.025874825145089986e-02
-1.522865266519989769e+00,1.025874825145089986e-02
-1.522865266519989769e+00,1.025874825145089986e-02
-1.522865266519989769e+00,1.025874825145089986e-02
-1.522865266519989769e+00,1.025874825145089986e-02
-1.522865266519989769e+00,1.025874825145089986e-02
-1.441542603641579712e+00,-8.893479795495563833e-02
-1.314855449763646433e+00,4.354646652967651688e-02
-1.160916174974651494e+00,-4.816624379651301968e-05
-1.239781576854410261e+00,1.112769423964678484e-01
-1.239781576854410261e+00,1.112769423964678484e-01
-1.239781576854410261e+00,1.112769423964678484e-01
-1.239781576854410261e+00,1.112769423964678484e-01
-1.239781576854410261e+00,1.112769423964678484e-01
-1.312085520472761058e+00,1.739625367646366327e-03
-1.312085520472761058e+00,1.739625367646366327e-03
-1.312085520472761058e+00,1.739625367646366327e-03
-1.312085520472761058e+00,1.739625367646366327e-03
-1.312085520472761058e+00,1.739625367646366327e-03
-1.312085520472761058e+00,1.739625367646366327e-03
-1.312085520472761058e+00,1.739625367646366327e-03
-1.312085520472761058e+00,1.739625367646366327e-03
-1.312085520472761058e+00,1.739625367646366327e-03
-1.412195353709844170e+00,3.763135923271546113e-02
-1.412195353709844170e+00,3.763135923271546113e-02
-1.412195353709844170e+00,3.763135923271546113e-02
-1.330940469483962607e+00,1.229543279425350383e-01
-1.331859733556949754e+00,1.349763129371874260e-01
-1.331859733556949754e+00,1.349763129371874260e-01
-1.331859733556949754e+00,1.349763129371874260e-01
-1.331859733556949754e+00,1.349763129371874260e-01
-1.086793979089979656e+00,1.113136019670151050e-01
-1.086793979089979656e+00,1.113136019670151050e-01
-1.262794511237795403e+00,-4.159171079554764561e-02
-1.304564073778365474e+00,-2.069507930618707386e-02
-1.304564073778365474e+00,-2.069507930618707386e-02
-1.294340369051078854e+00,4.589992884666396072e-02
-1.294340369051078854e+00,4.589992884666396072e-02
-1.294340369051078854e+00,4.589992884666396072e-02
-1.294340369051078854e+00,4.589992884666396072e-02
-1.432137253800448873e+00,2.062409735607654282e-01
-1.552612709658838241e+00,5.391242730853182397e-02
-1.552612709658838241e+00,5.391242730853182397e-02
-1.531765119326706115e+00,-1.908254640113700440e-02
-1.531765119326706115e+00,-1.908254640113700440e-02
-1.531765119326706115e+00,-1.908254640113700440e-02
-1.531765119326706115e+00,-1.908254640113700440e-02
-1.531765119326706115e+00,-1.908254640113700440e-02
-1.531765119326706115e+00,-1.908254640113700440e-02
-1.531765119326706115e+00,-1.908254640113700440e-02
-1.531765119326706115e+00,-1.908254640113700440e-02
-1.301190746274137444e+00,4.399196292065349345e-02
-1.328087238079166843e+00,-7.424010649830675712e-02
-1.328087238079166843e+00,-7.424010649830675712e-02
-1.204813104872648699e+00,-1.239229783921504680e-01
-1.204813104872648699e+00,-1.239229783921504680e-01
-1.204813104872648699e+00,-1.239229783921504680e-01
-1.204813104872648699e+00,-1.239229783921504680e-01
-1.045813774076247649e+00,-6.116635088289566757e-02
-1.045813774076247649e+00,-6.116635088289566757e-02
-1.202647172708815715e+00,1.321611075386995571e-02
-1.202647172708815715e+00,1.321611075386995571e-02
-1.202647172708815715e+00,1.321611075386995571e-02
-1.202647172708815715e+00,1.321611075386995571e-02
-1.202647172708815715e+00,1.321611075386995571e-02
-1.202647172708815715e+00,1.321611075386995571e-02
-1.202647172708815715e+00,1.321611075386995571e-02
-1.202647172708815715e+00,1.321611075386995571e-02
-1.286871109555601578e+00,-3.907753274273104149e-03
-1.286871109555601578e+00,-3.907753274273104149e-03
-1.337287579957441075e+00,6.042340660484002424e-02
-1.169156415948321426e+00,1.586572516213499706e-01
-1.237132907717061858e+00,1.174540285251126082e-01
-1.237132907717061858e+00,1.174540285251126082e-01
-1.237132907717061858e+00,1.174540285251126082e-01
-1.237132907717061858e+00,1.174540285251126082e-01
-1.237132907717061858e+00,1.174540285251126082e-01
-1.251829568779696977e+00,-8.064040762226437620e-02
-1.251829568779696977e+00,-8.064040762226437620e-02
-1.098202923353849503e+00,6.732297346077056877e-02
-1.138353752118229201e+00,1.150336005900843006e-01
-1.138353752118229201e+00,1.150336005900843006e-01
-1.138353752118229201e+00,1.150336005900843006e-01
-1.138353752118229201e+00,1.150336005900843006e-01
-1.138353752118229201e+00,1.150336005900843006e-01
-1.138353752118229201e+00,1.150336005900843006e-01
-1.138353752118229201e+00,1.150336005900843006e-01
-1.138353752118229201e+00,1.150336005900843006e-01
-1.138353752118229201e+00,1.150336005900843006e-01
-1.138353752118229201e+00,1.150336005900843006e-01
-1.093685680316594189e+00,-3.080976608817492801e-02
-1.093685680316594189e+00,-3.080976608817492801e-02
-1.102682496118733146e+00,-1.010606448710426181e-01
-1.131669479648655052e+00,-4.184900455797438412e-02
-1.131669479648655052e+00,-4.184900455797438412e-02
-1.131669479648655052e+00,-4.184900455797438412e-02
-1.131669479648655052e+00,-4.184900455797438412e-02
-1.230946715887053067e+00,-9.790320876677374717e-02
-1.228810478670113948e+00,-2.404638992589397395e-02
-1.228810478670113948e+00,-2.404638992589397395e-02
-1.228810478670113948e+00,-2.404638992589397395e-02
-1.278491416034274408e+00,-3.577957160199974479e-02
-1.244028782286781487e+00,-4.135671833122417373e-02
-1.316890246009843946e+00,1.661704532570849879e-01
-1.316890246009843946e+00,1.661704532570849879e-01
-1.316890246009843946e+00,1.661704532570849879e-01
-1.119358639583774906e+00,6.990001372135588864e-02
-1.119358639583774906e+00,6.990001372135588864e-02
-1.119358639583774906e+00,6.990001372135588864e-02
-1.225701412390702405e+00,2.926389756587481628e-02
-1.225701412390702405e+00,2.926389756587481628e-02
-1.196450230400196046e+00,4.616223968143357004e-02
-1.330818554978492552e+00,3.570244036487851130e-02
-1.330818554978492552e+00,3.570244036487851130e-02
-1.330818554978492552e+00,3.570244036487851130e-02
-1.370118473851879681e+00,7.061079622307200876e-02
-1.370118473851879681e+00,7.061079622307200876e-02
-1.370118473851879681e+00,7.061079622307200876e-02
-1.370118473851879681e+00,7.061079622307200876e-02
-1.370118473851879681e+00,7.061079622307200876e-02
-1.501591038364797015e+00,6.493485141821614404e-02
-1.537230634509366700e+00,-6.417138572830563548e-02
-1.537230634509366700e+00,-6.417138572830563548e-02
-1.537230634509366700e+00,-6.417138572830563548e-02
-1.537230634509366700e+00,-6.417138572830563548e-02
-1.537230634509366700e+00,-6.417138572830563548e-02
-1.508336088658947416e+00,-1.127501738273384013e-01
-1.353591754404052105e+00,-1.945512844012299569e-01
-1.156637264014644950e+00,-1.919830579132970894e-01
-1.156637264014644950e+00,-1.919830579132970894e-01
-1.239427116598714296e+00,-5.403929042217239798e-02
-1.282000564903712947e+00,1.448829222621311752e-02
-1.282000564903712947e+00,1.448829222621311752e-02
-1.282000564903712947e+00,1.448829222621311752e-02
-1.282000564903712947e+00,1.448829222621311752e-02
-1.282000564903712947e+00,1.448829222621311752e-02
-1.282000564903712947e+00,1.448829222621311752e-02
-1.282000564903712947e+00,1.448829222621311752e-02
-1.282000564903712947e+00,1.448829222621311752e-02
-1.282000564903712947e+00,1.448829222621311752e-02
-1.282000564903712947e+00,1.448829222621311752e-02
-1.282000564903712947e+00,1.448829222621311752e-02
-1.282000564903712947e+00,1.448829222621311752e-02
-1.282000564903712947e+00,1.448829222621311752e-02
-1.282000564903712947e+00,1.448829222621311752e-02
-1.282000564903712947e+00,1.448829222621311752e-02
-1.282000564903712947e+00,1.448829222621311752e-02
-1.282000564903712947e+00,1.448829222621311752e-02
-1.282000564903712947e+00,1.448829222621311752e-02
-1.282000564903712947e+00,1.448829222621311752e-02
-1.282000564903712947e+00,1.448829222621311752e-02
-1.282000564903712947e+00,1.448829222621311752e-02
-1.282000564903712947e+00,1.448829222621311752e-02
-1.304296877912090924e+00,-1.253400770542661621e-02
-1.304296877912090924e+00,-1.253400770542661621e-02
-1.277321766813681370e+00,2.474679517743510679e-02
-1.277321766813681370e+00,2.474679517743510679e-02
-1.277321766813681370e+00,2.474679517743510679e-02
-1.277321766813681370e+00,2.474679517743510679e-02
-1.372647562031831248e+00,1.569667587819398996e-02
-1.372647562031831248e+00,1.569667587819398996e-02
-1.372647562031831248e+00,1.569667587819398996e-02
-1.372647562031831248e+00,1.569667587819398996e-02
-1.200091530859703770e+00,7.824234294822055014e-02
-1.200091530859703770e+00,7.824234294822055014e-02
-1.200091530859703770e+00,7.824234294822055014e-02
-1.200091530859703770e+00,7.824234294822055014e-02
-1.200091530859703770e+00,7.824234294822055014e-02
-1.109629936457873445e+00,-2.036273306342893663e-02
-1.277572760928306961e+00,-1.560801786709745814e-02
-1.289667567583267171e+00,-9.313319330883024216e-02
-1.144301573328265320e+00,-1.935965264486634585e-02
-1.217974118805989381e+00,-3.992594788756103491e-02
-1.217974118805989381e+00,-3.992594788756103491e-02
-1.217974118805989381e+00,-3.992594788756103491e-02
-1.403851105087081441e+00,-8.198421942007938501e-02
-1.403851105087081441e+00,-8.198421942007938501e-02
-1.113123558032168781e+00,-1.923721252889368794e-01
-1.113123558032168781e+00,-1.923721252889368794e-01
-1.190018163673153051e+00,-1.400689425981977709e-01
-1.190018163673153051e+00,-1.400689425981977709e-01
-1.190018163673153051e+00,-1.400689425981977709e-01
-1.359611302636642982e+00,3.200501192959004371e-02
-1.359611302636642982e+00,3.200501192959004371e-02
-1.237228023993805159e+00,-4.635163389670318712e-02
-1.056503752729052392e+00,-1.128818450733284490e-01
-1.056503752729052392e+00,-1.128818450733284490e-01
-1.056503752729052392e+00,-1.128818450733284490e-01
-1.056503752729052392e+00,-1.128818450733284490e-01
-1.056503752729052392e+00,-1.128818450733284490e-01
-1.005297501603165333e+00,-3.964789820143269083e-02
-1.005297501603165333e+00,-3.964789820143269083e-02
-1.005297501603165333e+00,-3.964789820143269083e-02
-1.005297501603165333e+00,-3.964789820143269083e-02
-1.102937088214957839e+00,4.133758113759596065e-02
-1.174153431955960114e+00,-4.367006278272719810e-02
-1.251862620828257500e+00,1.016549113238957580e-01
-1.251862620828257500e+00,1.016549113238957580e-01
-1.251862620828257500e+00,1.016549113238957580e-01
-1.239993314793523815e+00,1.788882049812731134e-01
-1.239993314793523815e+00,1.788882049812731134e-01
-1.282577516992336575e+00,5.818259481382803688e-02
-1.132867591218133629e+00,-1.432854260994230466e-01
-1.132867591218133629e+00,-1.432854260994230466e-01
-1.107458822975465607e+00,1.951737479946452358e-01
-1.107458822975465607e+00,1.951737479946452358e-01
-1.107458822975465607e+00,1.951737479946452358e-01
-1.107458822975465607e+00,1.951737479946452358e-01
-1.107458822975465607e+00,1.951737479946452358e-01
-1.067058396476590731e+00,2.124901325364890459e-01
-1.119689343699670658e+00,2.049807021411141905e-01
-1.119689343699670658e+00,2.049807021411141905e-01
-1.155897117836235388e+00,1.104151894098603787e-01
-1.155897117836235388e+00,1.104151894098603787e-01
-1.158865931953977801e+00,1.549705757096873637e-01
-1.108108515661833104e+00,8.460148894982763568e-02
-1.196270994634146767e+00,2.705332289983854166e-02
-1.196270994634146767e+00,2.705332289983854166e-02
-1.196270994634146767e+00,2.705332289983854166e-02
-1.196270994634146767e+00,2.705332289983854166e-02
-1.196270994634146767e+00,2.705332289983854166e-02
-1.180795958364304177e+00,3.642004226370497422e-02
-1.298381633204350294e+00,5.386692823326370838e-03
-1.298381633204350294e+00,5.386692823326370838e-03
-1.205088586719968768e+00,1.540817140087870629e-01
-1.181722518652106757e+00,1.782992697052830089e-01
-1.181722518652106757e+00,1.782992697052830089e-01
-1.181722518652106757e+00,1.782992697052830089e-01
-1.166604326924817414e+00,4.858830163787880574e-02
-1.245176494483844598e+00,-1.098891173691666223e-01
-1.245176494483844598e+00,-1.098891173691666223e-01
-1.245176494483844598e+00,-1.098891173691666223e-01
-1.188584910180603194e+00,-3.089194778674810016e-02
-1.188584910180603194e+00,-3.089194778674810016e-02
-1.188584910180603194e+00,-3.089194778674810016e-02
-1.188584910180603194e+00,-3.089194778674810016e-02
-1.188584910180603194e+00,-3.089194778674810016e-02
-1.216826391535085872e+00,-8.401110889178085850e-02
-1.333815906368424731e+00,-2.682616642678124080e-02
-1.349428368569582704e+00,2.207183940894732327e-02
-1.397601425512836393e+00,-8.080346937936636054e-02
-1.397601425512836393e+00,-8.080346937936636054e-02
-1.235118992654478554e+00,-1.282621393605362370e-01
-1.475180921656923605e+00,-5.516230632427708558e-02
-1.264994462671157782e+00,-1.159959255273551038e-01
-1.264994462671157782e+00,-1.159959255273551038e-01
-1.264994462671157782e+00,-1.159959255273551038e-01
-1.152990648717562960e+00,-1.151418974489480523e-01
-1.152990648717562960e+00,-1.151418974489480523e-01
-1.152990648717562960e+00,-1.151418974489480523e-01
-1.152990648717562960e+00,-1.151418974489480523e-01
-1.178001129795067436e+00,8.929842192254275335e-03
-1.178001129795067436e+00,8.929842192254275335e-03
-1.235612711524077367e+00,-8.090909105266712309e-02
-1.235612711524077367e+00,-8.090909105266712309e-02
-1.235612711524077367e+00,-8.090909105266712309e-02
-1.375342711708964272e+00,3.493065672607643946e-02
-1.375342711708964272e+00,3.493065672607643946e-02
-1.375342711708964272e+00,3.493065672607643946e-02
-1.309735431688174856e+00,1.186662566336308955e-01
-1.309735431688174856e+00,1.186662566336308955e-01
-1.105353876155652948e+00,-2.728432320968449121e-03
-1.105353876155652948e+00,-2.728432320968449121e-03
-1.105353876155652948e+00,-2.728432320968449121e-03
-1.105353876155652948e+00,-2.728432320968449121e-03
-1.085052045683613908e+00,-5.219937993831211265e-02
-1.388769618122140059e+00,-8.486640548067420076e-02
-1.388769618122140059e+00,-8.486640548067420076e-02
-1.388769618122140059e+00,-8.486640548067420076e-02
-1.388769618122140059e+00,-8.486640548067420076e-02
-1.388769618122140059e+00,-8.486640548067420076e-02
-1.388769618122140059e+00,-8.486640548067420076e-02
-1.317725432661939644e+00,-6.839462463684178872e-02
-1.317725432661939644e+00,-6.839462463684178872e-02
-1.317725432661939644e+00,-6.839462463684178872e-02
-1.317725432661939644e+00,-6.839462463684178872e-02
-1.317725432661939644e+00,-6.839462463684178872e-02
-1.317725432661939644e+00,-6.839462463684178872e-02
-1.294382231404275441e+00,2.124241131366610968e-03
-1.288759865934649751e+00,6.214417663906502548e-02
-1.288759865934649751e+00,6.214417663906502548e-02
-1.288759865934649751e+00,6.214417663906502548e-02
-1.288759865934649751e+00,6.214417663906502548e-02
-1.289522550274165846e+00,-7.151274784699782061e-02
-1.289522550274165846e+00,-7.151274784699782061e-02
-1.289522550274165846e+00,-7.151274784699782061e-02
-1.315906945804769412e+00,-4.892219770978728510e-03
-1.171818915296424457e+00,3.196936209255745592e-02
-1.171818915296424457e+00,3.196936209255745592e-02
-1.121839609707579344e+00,5.539816822322777418e-02
-1.306259064838614092e+00,5.915479641744297856e-02
-1.306259064838614092e+00,5.915479641744297856e-02
-1.306259064838614092e+00,5.915479641744297856e-02
-1.306259064838614092e+00,5.915479641744297856e-02
-1.306259064838614092e+00,5.915479641744297856e-02
-1.306259064838614092e+00,5.915479641744297856e-02
-1.244758946199713057e+00,-7.930799797641963078e-02
-1.486979283195732471e+00,-6.608452175955825680e-02
-1.486979283195732471e+00,-6.608452175955825680e-02
-1.486979283195732471e+00,-6.608452175955825680e-02
-1.486979283195732471e+00,-6.608452175955825680e-02
-1.486979283195732471e+00,-6.608452175955825680e-02
-1.389938364349019073e+00,9.571315565028368222e-03
-1.300674213995367090e+00,7.705393776619380575e-02
-1.300674213995367090e+00,7.705393776619380575e-02
-1.385625314479794756e+00,2.799495810919137850e-02
-1.385625314479794756e+00,2.799495810919137850e-02
-1.430302818883430138e+00,-3.541088215228194169e-03
-1.378447086638256769e+00,-6.082887537151044494e-02
-1.378447086638256769e+00,-6.082887537151044494e-02
-1.321820965434189032e+00,-2.073215885993324736e-01
-1.321820965434189032e+00,-2.073215885993324736e-01
-1.321820965434189032e+00,-2.073215885993324736e-01
-1.321820965434189032e+00,-2.073215885993324736e-01
-1.402850359338473352e+00,-1.674765793677569781e-01
-1.298081079541663962e+00,-2.156021518906447165e-01
-1.298081079541663962e+00,-2.156021518906447165e-01
-1.317062685313648007e+00,-2.074590177887995490e-01
-1.317062685313648007e+00,-2.074590177887995490e-01
-1.443406967374459171e+00,4.051811172103267356e-02
-1.443406967374459171e+00,4.051811172103267356e-02
-1.443406967374459171e+00,4.051811172103267356e-02
-1.443406967374459171e+00,4.051811172103267356e-02
-1.443406967374459171e+00,4.051811172103267356e-02
-1.443406967374459171e+00,4.051811172103267356e-02
-1.363966269192993463e+00,7.522880551862483334e-02
-1.383989393931382095e+00,6.802865248919076624e-02
-1.267895403544938571e+00,1.473867910078556220e-01
-1.350508696949077159e+00,-7.484346669026850640e-02
-1.253741854316261728e+00,1.101768688625645587e-02
-1.253741854316261728e+00,1.101768688625645587e-02
-1.364404318074013300e+00,-1.134447105442311921e-01
-1.473888837455820111e+00,8.572532502770791041e-04
-1.332472004803743060e+00,7.059719906866805672e-02
-1.332472004803743060e+00,7.059719906866805672e-02
-1.220645974014066271e+00,8.798865413338070873e-02
-1.244723783667365691e+00,6.043399731008518294e-02
-1.244723783667365691e+00,6.043399731008518294e-02
-1.244723783667365691e+00,6.043399731008518294e-02
-1.244723783667365691e+00,6.043399731008518294e-02
-1.266872546135091593e+00,5.615132880959157469e-02
-1.394577043176079334e+00,2.190921394546632012e-02
-1.394577043176079334e+00,2.190921394546632012e-02
-1.394577043176079334e+00,2.190921394546632012e-02
-1.228436629897778909e+00,4.767306207904174753e-02
-1.228436629897778909e+00,4.767306207904174753e-02
-1.228436629897778909e+00,4.767306207904174753e-02
-1.172965235222084734e+00,1.961806345107922761e-02
-1.172965235222084734e+00,1.961806345107922761e-02
-1.172965235222084734e+00,1.961806345107922761e-02
-1.285294519448707318e+00,5.728063949160010215e-02
-1.124732674651402142e+00,-1.344369450178929670e-02
-1.124732674651402142e+00,-1.344369450178929670e-02
-1.124732674651402142e+00,-1.344369450178929670e-02
-1.124732674651402142e+00,-1.344369450178929670e-02
-1.124732674651402142e+00,-1.344369450178929670e-02
-1.309515107074497031e+00,-6.568825554335994132e-04
-1.309515107074497031e+00,-6.568825554335994132e-04
-1.309515107074497031e+00,-6.568825554335994132e-04
-1.309515107074497031e+00,-6.568825554335994132e-04
-1.420217971121422007e+00,-1.838133543246922227e-02
-1.420217971121422007e+00,-1.838133543246922227e-02
-1.053449843898796034e+00,1.125607392898452797e-01
-1.087265908092675870e+00,-7.725055262569099912e-02
-1.087265908092675870e+00,-7.725055262569099912e-02
-1.149084393157853379e+00,1.285934333141497965e-01
-1.219818148623609044e+00,2.825114077035202342e-01
-1.219818148623609044e+00,2.825114077035202342e-01
-1.219818148623609044e+00,2.825114077035202342e-01
-1.333754088415982197e+00,1.347592100055862441e-01
-1.151571870023884836e+00,4.696836262231594838e-02
-1.151571870023884836e+00,4.696836262231594838e-02
-1.165527665115082101e+00,1.373783733044008915e-01
-1.241314576782964751e+00,1.771961402625153725e-01
-1.241314576782964751e+00,1.771961402625153725e-01
-1.241314576782964751e+00,1.771961402625153725e-01
-1.210183841148680939e+00,9.552659863600745926e-02
-1.283440271680334144e+00,3.808162404321900618e-02
-1.283440271680334144e+00,3.808162404321900618e-02
-1.283440271680334144e+00,3.808162404321900618e-02
-1.283440271680334144e+00,3.808162404321900618e-02
-1.283440271680334144e+00,3.808162404321900618e-02
-1.283440271680334144e+00,3.808162404321900618e-02
-1.283440271680334144e+00,3.808162404321900618e-02
-1.283440271680334144e+00,3.808162404321900618e-02
-1.283440271680334144e+00,3.808162404321900618e-02
-1.283440271680334144e+00,3.808162404321900618e-02
-1.283440271680334144e+00,3.808162404321900618e-02
-1.414593568600724938e+00,2.710733219006155811e-02
-1.445222829426644040e+00,6.752300941929210987e-02
-1.425777318019474160e+00,-1.875710668257313252e-03
-1.250696958052571750e+00,-8.941643696495973903e-02
-1.111965521485549724e+00,-4.365292786747140830e-02
-1.111965521485549724e+00,-4.365292786747140830e-02
-1.111965521485549724e+00,-4.365292786747140830e-02
-1.289950153140972056e+00,-2.436882605294380874e-02
-1.289950153140972056e+00,-2.436882605294380874e-02
-1.289950153140972056e+00,-2.436882605294380874e-02
-1.289950153140972056e+00,-2.436882605294380874e-02
-1.289950153140972056e+00,-2.436882605294380874e-02
-1.289950153140972056e+00,-2.436882605294380874e-02
-1.060642419799922687e+00,-1.204568352470053866e-01
-1.136025655708991833e+00,9.364605186057585462e-02
-1.136025655708991833e+00,9.364605186057585462e-02
-1.254315948877744891e+00,-1.717709140188318218e-01
-1.189830580228529389e+00,-5.569119711225170577e-02
-1.379461763656152806e+00,-7.261900381211952582e-02
-1.453051997081506563e+00,1.144199758164895220e-01
-1.453051997081506563e+00,1.144199758164895220e-01
-1.108894323805214466e+00,1.590768680258859702e-02
-1.108894323805214466e+00,1.590768680258859702e-02
-1.043109997439695125e+00,1.191790423344867289e-01
-1.043109997439695125e+00,1.191790423344867289e-01
-1.151188584124363423e+00,1.019386934554364632e-01
-1.408140796911859560e+00,-8.564217871478013722e-03
-1.408140796911859560e+00,-8.564217871478013722e-03
-1.286673645875779481e+00,6.762582428720789740e-02
-1.286673645875779481e+00,6.762582428720789740e-02
-1.342304967783025660e+00,7.978112513888083179e-02
-1.414142113900254794e+00,-1.275292320933688328e-01
-1.414142113900254794e+00,-1.275292320933688328e-01
-1.414142113900254794e+00,-1.275292320933688328e-01
-1.414142113900254794e+00,-1.275292320933688328e-01
-1.414142113900254794e+00,-1.275292320933688328e-01
-1.414142113900254794e+00,-1.275292320933688328e-01
-1.425607538130763352e+00,7.722323028072514139e-02
-1.488552745962878454e+00,6.560373914964404141e-03
-1.488552745962878454e+00,6.560373914964404141e-03
-1.365741556168436954e+00,-6.806035321244344183e-02
-1.365741556168436954e+00,-6.806035321244344183e-02
-1.365741556168436954e+00,-6.806035321244344183e-02
-1.275747051830161460e+00,2.899016982110245999e-02
-1.275747051830161460e+00,2.899016982110245999e-02
-1.275747051830161460e+00,2.899016982110245999e-02
-1.313211295104193654e+00,7.540590196481219976e-02
-1.280166127148868904e+00,4.332829617114470483e-02
-1.225778811806274460e+00,8.745016802331258277e-02
-1.225778811806274460e+00,8.745016802331258277e-02
-1.225778811806274460e+00,8.745016802331258277e-02
-1.225778811806274460e+00,8.745016802331258277e-02
-1.225778811806274460e+00,8.745016802331258277e-02
-1.273486066227192959e+00,5.058394662824107491e-02
-1.273486066227192959e+00,5.058394662824107491e-02
-1.273486066227192959e+00,5.058394662824107491e-02
-1.273486066227192959e+00,5.058394662824107491e-02
-1.093439147607267348e+00,6.599203164197282867e-02
-1.093439147607267348e+00,6.599203164197282867e-02
-1.147370142090120337e+00,-7.444484804553515300e-02
-1.147370142090120337e+00,-7.444484804553515300e-02
-1.147370142090120337e+00,-7.444484804553515300e-02
-1.135892101877451266e+00,-2.294678672064319469e-02
-1.135892101877451266e+00,-2.294678672064319469e-02
-1.135892101877451266e+00,-2.294678672064319469e-02
-1.135892101877451266e+00,-2.294678672064319469e-02
-1.135892101877451266e+00,-2.294678672064319469e-02
-1.135892101877451266e+00,-2.294678672064319469e-02
-1.158274127879396653e+00,-4.102008845296557793e-02
-1.158274127879396653e+00,-4.102008845296557793e-02
-1.240210588887479704e+00,-8.001755582747138718e-02
-1.240210588887479704e+00,-8.001755582747138718e-02
-1.240210588887479704e+00,-8.001755582747138718e-02
-1.240210588887479704e+00,-8.001755582747138718e-02
-1.315579459050730371e+00,-9.439479685340082527e-02
-1.315579459050730371e+00,-9.439479685340082527e-02
-1.365720574964962353e+00,2.950812685123405110e-02
-1.365720574964962353e+00,2.950812685123405110e-02
-1.365720574964962353e+00,2.950812685123405110e-02
-1.365720574964962353e+00,2.950812685123405110e-02
-1.365720574964962353e+00,2.950812685123405110e-02
-1.365720574964962353e+00,2.950812685123405110e-02
-1.365720574964962353e+00,2.950812685123405110e-02
-1.365720574964962353e+00,2.950812685123405110e-02
-1.358633078463991506e+00,-2.459386254479160872e-03
-1.358633078463991506e+00,-2.459386254479160872e-03
-1.358633078463991506e+00,-2.459386254479160872e-03
-1.358633078463991506e+00,-2.459386254479160872e-03
-1.358633078463991506e+00,-2.459386254479160872e-03
-1.358633078463991506e+00,-2.459386254479160872e-03
-1.358633078463991506e+00,-2.459386254479160872e-03
-1.358633078463991506e+00,-2.459386254479160872e-03
-1.358633078463991506e+00,-2.459386254479160872e-03
-1.358633078463991506e+00,-2.459386254479160872e-03
-1.358633078463991506e+00,-2.459386254479160872e-03
-1.358633078463991506e+00,-2.459386254479160872e-03
-1.358633078463991506e+00,-2.459386254479160872e-03
-1.358633078463991506e+00,-2.459386254479160872e-03
-1.358633078463991506e+00,-2.459386254479160872e-03
-1.358633078463991506e+00,-2.459386254479160872e-03
-1.358633078463991506e+00,-2.459386254479160872e-03
-1.236674176292444249e+00,-2.472174982154369885e-02
-1.236674176292444249e+00,-2.472174982154369885e-02
-1.236674176292444249e+00,-2.472174982154369885e-02
-1.236674176292444249e+00,-2.472174982154369885e-02
-1.236674176292444249e+00,-2.472174982154369885e-02
-1.101739091701190443e+00,-7.318759802368350609e-02
-1.258439737902015576e+00,3.542994724205640600e-02
-1.258439737902015576e+00,3.542994724205640600e-02
-1.400131045670260033e+00,-1.723232441080296135e-02
-1.400131045670260033e+00,-1.723232441080296135e-02
-1.215605047878975942e+00,-1.063526825983951152e-01
-1.215605047878975942e+00,-1.063526825983951152e-01
-1.215605047878975942e+00,-1.063526825983951152e-01
-1.453456915476354583e+00,-4.811234703734873497e-03
-1.453456915476354583e+00,-4.811234703734873497e-03
-1.229871639903796998e+00,-1.997052115106988379e-01
-1.413261077520399533e+00,-3.837602215896007696e-02
-1.413261077520399533e+00,-3.837602215896007696e-02
-1.333390052928859371e+00,2.997712335270147355e-02
-1.367219365922066387e+00,1.504820051095507039e-01
-1.367219365922066387e+00,1.504820051095507039e-01
-1.367219365922066387e+00,1.504820051095507039e-01
-1.255304449437179892e+00,1.535782428747632655e-01
-1.255304449437179892e+00,1.535782428747632655e-01
-1.255304449437179892e+00,1.535782428747632655e-01
-1.208901912196098438e+00,1.594224490441895903e-01
-1.178711188366498019e+00,7.111418560122458044e-02
-1.178711188366498019e+00,7.111418560122458044e-02
-1.178711188366498019e+00,7.111418560122458044e-02
-1.430880501398421156e+00,2.150325244243151551e-02
-1.430880501398421156e+00,2.150325244243151551e-02
-1.430880501398421156e+00,2.150325244243151551e-02
-1.284556464660522312e+00,2.257714893694096614e-01
-1.284556464660522312e+00,2.257714893694096614e-01
-1.284556464660522312e+00,2.257714893694096614e-01
-1.163094418057446511e+00,2.208124852538845551e-01
-1.163094418057446511e+00,2.208124852538845551e-01
-1.163094418057446511e+00,2.208124852538845551e-01
-1.163094418057446511e+00,2.208124852538845551e-01
-1.025262828603526355e+00,1.026646805090127984e-01
-1.062922786801020480e+00,-1.084516873688051858e-01
-1.041979862034186466e+00,-9.163926657511203833e-02
-1.041979862034186466e+00,-9.163926657511203833e-02
-1.226869797132983830e+00,1.177289480806488486e-01
-1.226869797132983830e+00,1.177289480806488486e-01
-1.227700182202987600e+00,1.120377571125607125e-01
-1.227700182202987600e+00,1.120377571125607125e-01
-1.227700182202987600e+00,1.120377571125607125e-01
-1.227700182202987600e+00,1.120377571125607125e-01
-1.227700182202987600e+00,1.120377571125607125e-01
-1.235241009654117317e+00,-7.408663088105602035e-03
-1.216109292483571025e+00,-5.154784254737383720e-02
-1.192830604602716615e+00,1.427561352401852113e-01
-1.192830604602716615e+00,1.427561352401852113e-01
-1.192830604602716615e+00,1.427561352401852113e-01
-1.294290805820379697e+00,1.261182590714701179e-01
-1.294290805820379697e+00,1.261182590714701179e-01
-1.211248736380061031e+00,-1.332958512830170750e-02
-1.156017263374825577e+00,-1.815855337238495709e-02
-1.156017263374825577e+00,-1.815855337238495709e-02
-1.156017263374825577e+00,-1.815855337238495709e-02
-1.372701703537981377e+00,-1.620521359328774558e-01
-1.149210763268659896e+00,1.491935776176289696e-03
-1.149210763268659896e+00,1.491935776176289696e-03
-1.149210763268659896e+00,1.491935776176289696e-03
-1.362893364013476161e+00,-9.346536822373570363e-02
-1.362893364013476161e+00,-9.346536822373570363e-02
-1.362893364013476161e+00,-9.346536822373570363e-02
-1.387126489133492235e+00,-1.874960201747489230e-01
-1.187242762606804058e+00,-1.364488435154944390e-01
-1.293228144573352445e+00,-1.352904659796955456e-01
-1.278874394114066559e+00,1.095808459640110477e-01
-1.278874394114066559e+00,1.095808459640110477e-01
-1.278874394114066559e+00,1.095808459640110477e-01
-1.278874394114066559e+00,1.095808459640110477e-01
-1.476247555442513848e+00,-8.371980066814874166e-02
-1.359176529266699740e+00,-1.333327531625233542e-01
-1.315526137315491617e+00,3.794403559286857464e-02
-1.439047064893076211e+00,-9.603330224736900123e-02
-1.439047064893076211e+00,-9.603330224736900123e-02
-1.408278584126493316e+00,4.628401736859397153e-02
-1.303788197071830357e+00,6.915701210108349262e-02
-1.303788197071830357e+00,6.915701210108349262e-02
-1.303788197071830357e+00,6.915701210108349262e-02
-1.189713592449448853e+00,6.054178024326645202e-03
-1.195788510397693516e+00,1.289655440762639826e-01
-1.383522415480152867e+00,1.232035878097911263e-01
-1.383522415480152867e+00,1.232035878097911263e-01
-1.383522415480152867e+00,1.232035878097911263e-01
-1.383522415480152867e+00,1.232035878097911263e-01
-1.119091308322629041e+00,6.360213995219640704e-02
-1.119091308322629041e+00,6.360213995219640704e-02
-1.159309199140907243e+00,-6.195281422393755788e-02
-1.268768044100689885e+00,-1.179455945137577455e-01
-1.026342449117478850e+00,-7.280827305129113081e-02
-1.095519637979119665e+00,8.560901881447040285e-02
-1.051273619991601738e+00,-5.999586673676539361e-02
-1.051273619991601738e+00,-5.999586673676539361e-02
-1.083016167122872631e+00,-1.307858605580018707e-03
-1.343668608493476579e+00,8.855345519245827468e-02
-1.014871855497198050e+00,1.059275820635054849e-01
-1.014871855497198050e+00,1.059275820635054849e-01
-1.014871855497198050e+00,1.059275820635054849e-01
-1.014871855497198050e+00,1.059275820635054849e-01
-1.044762252959700932e+00,1.351018299482731611e-01
-1.260874454052095528e+00,1.277347330108663526e-01
-1.456113282515284046e+00,8.257792815111668350e-02
-1.320673167303779927e+00,2.673842201414699526e-01
-1.366387929053767047e+00,1.090158566503852677e-01
-1.310756317490941791e+00,1.152241238080160268e-01
-1.310756317490941791e+00,1.152241238080160268e-01
-1.183816097126817013e+00,-7.413484252793525742e-02
-1.183816097126817013e+00,-7.413484252793525742e-02
-1.388424548437917849e+00,-1.130477012373857920e-01
-1.388424548437917849e+00,-1.130477012373857920e-01
-1.388424548437917849e+00,-1.130477012373857920e-01
-1.388424548437917849e+00,-1.130477012373857920e-01
-1.388424548437917849e+00,-1.130477012373857920e-01
-1.347181727725012435e+00,-1.212685733208053451e-01
-1.228155244349188546e+00,3.281649576364548127e-02
-1.228155244349188546e+00,3.281649576364548127e-02
-1.228155244349188546e+00,3.281649576364548127e-02
-1.214345608734613835e+00,-6.247307069820157155e-02
-1.214345608734613835e+00,-6.247307069820157155e-02
-1.214345608734613835e+00,-6.247307069820157155e-02
-1.189250622319237838e+00,6.783725459435258065e-02
-1.189250622319237838e+00,6.783725459435258065e-02
-1.373636150363472419e+00,6.812403823678962744e-02
-1.373636150363472419e+00,6.812403823678962744e-02
-1.373636150363472419e+00,6.812403823678962744e-02
-1.323981052201534503e+00,-1.607874924286524232e-01
-1.323981052201534503e+00,-1.607874924286524232e-01
-1.323981052201534503e+00,-1.607874924286524232e-01
-1.233294937517362300e+00,1.453240166574537584e-01
-1.233294937517362300e+00,1.453240166574537584e-01
-1.233294937517362300e+00,1.453240166574537584e-01
-1.241137090226813733e+00,2.078061910226692566e-01
-1.241137090226813733e+00,2.078061910226692566e-01
-1.241137090226813733e+00,2.078061910226692566e-01
-1.426677306642177179e+00,-1.037353993307760514e-01
-1.327593828832039691e+00,1.170589378100492239e-01
-1.327593828832039691e+00,1.170589378100492239e-01
-1.179362012083190248e+00,1.271971024107732273e-01
-1.179362012083190248e+00,1.271971024107732273e-01
-1.179362012083190248e+00,1.271971024107732273e-01
-1.069058285942359410e+00,-5.310663421135203288e-03
-1.069058285942359410e+00,-5.310663421135203288e-03
-1.051405582799628480e+00,6.499275279484956203e-02
-1.051405582799628480e+00,6.499275279484956203e-02
-1.320983427750386685e+00,9.348370312680362448e-02
-1.125342374697561709e+00,-1.027833100606455607e-01
-1.125342374697561709e+00,-1.027833100606455607e-01
-1.289095244292037368e+00,-1.404054441265590869e-01
-1.289095244292037368e+00,-1.404054441265590869e-01
-1.289095244292037368e+00,-1.404054441265590869e-01
-1.289095244292037368e+00,-1.404054441265590869e-01
-1.289095244292037368e+00,-1.404054441265590869e-01
-1.207282684620114788e+00,-8.968442196644452191e-02
-1.207282684620114788e+00,-8.968442196644452191e-02
-1.207282684620114788e+00,-8.968442196644452191e-02
-1.207282684620114788e+00,-8.968442196644452191e-02
-1.207282684620114788e+00,-8.968442196644452191e-02
-1.207282684620114788e+00,-8.968442196644452191e-02
-1.207282684620114788e+00,-8.968442196644452191e-02
-1.207282684620114788e+00,-8.968442196644452191e-02
-1.207282684620114788e+00,-8.968442196644452191e-02
-1.142243657446005756e+00,-4.813859564078394604e-02
-1.243823837005615607e+00,-1.688161789305361871e-02
-1.243823837005615607e+00,-1.688161789305361871e-02
-1.243823837005615607e+00,-1.688161789305361871e-02
-1.243823837005615607e+00,-1.688161789305361871e-02
-1.257010795687756310e+00,6.020701647000378798e-02
-1.257010795687756310e+00,6.020701647000378798e-02
-1.416798624903460313e+00,9.546696540777213635e-02
-1.314368733806054790e+00,-3.492355324172005671e-02
-1.310556562522319002e+00,1.283168289323567690e-02
-1.310556562522319002e+00,1.283168289323567690e-02
-1.220806089244041548e+00,3.520551158621081783e-02
-1.220806089244041548e+00,3.520551158621081783e-02
-1.220806089244041548e+00,3.520551158621081783e-02
-1.220806089244041548e+00,3.520551158621081783e-02
-1.220806089244041548e+00,3.520551158621081783e-02
-1.220806089244041548e+00,3.520551158621081783e-02
-1.220806089244041548e+00,3.520551158621081783e-02
-1.372392344874473924e+00,-3.685601311621232445e-03
-1.372392344874473924e+00,-3.685601311621232445e-03
-1.372392344874473924e+00,-3.685601311621232445e-03
-1.372392344874473924e+00,-3.685601311621232445e-03
-1.310324529391750925e+00,-2.070939547131154038e-02
-1.250517695829580722e+00,1.429565494377254831e-01
-1.143960024924776775e+00,9.533654367700919452e-02
-1.227042341023887095e+00,-1.921050289881618134e-01
-1.076843685903927206e+00,-8.307455106557282143e-03
-1.184487368509189675e+00,-6.110080337104908943e-02
-1.182876978151341074e+00,-3.491705231479912130e-02
-1.192798633209696924e+00,1.133860872700365313e-01
-1.192798633209696924e+00,1.133860872700365313e-01
-1.192798633209696924e+00,1.133860872700365313e-01
-1.162952063478741360e+00,6.198888361016889614e-02
-1.162952063478741360e+00,6.198888361016889614e-02
-1.162952063478741360e+00,6.198888361016889614e-02
-1.162952063478741360e+00,6.198888361016889614e-02
-1.162952063478741360e+00,6.198888361016889614e-02
-1.184918610237198022e+00,-2.154130861329872637e-01
-1.278588172975589687e+00,-2.930375294515571993e-02
-1.278588172975589687e+00,-2.930375294515571993e-02
-1.278588172975589687e+00,-2.930375294515571993e-02
-1.278588172975589687e+00,-2.930375294515571993e-02
-1.210148313508706996e+00,-1.580027584704655486e-01
-1.210148313508706996e+00,-1.580027584704655486e-01
-1.203750527783978619e+00,-6.265016140487211782e-02
-1.203750527783978619e+00,-6.265016140487211782e-02
-1.203750527783978619e+00,-6.265016140487211782e-02
-1.203750527783978619e+00,-6.265016140487211782e-02
-1.203750527783978619e+00,-6.265016140487211782e-02
-1.203750527783978619e+00,-6.265016140487211782e-02
-1.203750527783978619e+00,-6.265016140487211782e-02
-1.203750527783978619e+00,-6.265016140487211782e-02
-1.203750527783978619e+00,-6.265016140487211782e-02
-1.114612154848934722e+00,3.863773046414997747e-04
-1.114612154848934722e+00,3.863773046414997747e-04
-1.139390272697828888e+00,-6.403858393565266260e-02
-1.188705297687576046e+00,2.709978919927477636e-02
-1.188705297687576046e+00,2.709978919927477636e-02
-1.188705297687576046e+00,2.709978919927477636e-02
-1.176672405009303812e+00,-7.258391196975827464e-02
-1.176672405009303812e+00,-7.258391196975827464e-02
-1.176672405009303812e+00,-7.258391196975827464e-02
-1.176672405009303812e+00,-7.258391196975827464e-02
-1.136552774031367674e+00,-1.043096437288994899e-02
-1.226281124702311320e+00,-1.348955547949380433e-02
-1.152065538226664687e+00,-6.969130280860068305e-02
-1.152065538226664687e+00,-6.969130280860068305e-02
-1.115142529082273182e+00,-6.292249712640987647e-03
-1.115142529082273182e+00,-6.292249712640987647e-03
-1.141332486400030932e+00,1.493349672774220149e-01
-1.141332486400030932e+00,1.493349672774220149e-01
-1.143805443177358105e+00,1.336588539987897395e-01
-1.143805443177358105e+00,1.336588539987897395e-01
-1.143805443177358105e+00,1.336588539987897395e-01
-1.369715769002241679e+00,7.650016270204659796e-02
-1.373069710867795168e+00,-1.121952216594271357e-02
-1.286120262388142699e+00,2.603922781110917795e-02
-1.286120262388142699e+00,2.603922781110917795e-02
-1.265856094458746695e+00,-6.346839450641425517e-02
-1.265856094458746695e+00,-6.346839450641425517e-02
-1.417682821381027969e+00,-1.039815525307925537e-01
-1.310498814873085838e+00,-1.671821197654178026e-01
-1.310498814873085838e+00,-1.671821197654178026e-01
-1.180063649382093516e+00,3.376263111046207133e-02
-1.265184401795537594e+00,-1.176891097086208704e-01
-1.224323149105151609e+00,-1.052100542740735667e-01
-1.254469815618012518e+00,-1.654736747736557101e-02
-1.299611820019448638e+00,5.561931832501880446e-02
-1.264727345492605792e+00,3.976786653748920486e-02
-1.264727345492605792e+00,3.976786653748920486e-02
-1.256125447927474159e+00,-5.846062705990229258e-02
-1.256125447927474159e+00,-5.846062705990229258e-02
-1.256125447927474159e+00,-5.846062705990229258e-02
-1.256125447927474159e+00,-5.846062705990229258e-02
-1.256125447927474159e+00,-5.846062705990229258e-02
-1.026335173834094006e+00,6.455811430359557901e-02
-1.026335173834094006e+00,6.455811430359557901e-02
-1.026335173834094006e+00,6.455811430359557901e-02
-1.057461336773416694e+00,-7.789044006442501222e-02
-1.246137394536435572e+00,2.228013281389493172e-02
-1.246137394536435572e+00,2.228013281389493172e-02
-1.246137394536435572e+00,2.228013281389493172e-02
-1.246137394536435572e+00,2.228013281389493172e-02
-1.246137394536435572e+00,2.228013281389493172e-02
-1.246137394536435572e+00,2.228013281389493172e-02
-1.237386443586403706e+00,5.468017657839824991e-02
-1.232228246063050259e+00,-2.445234175115477276e-02
-1.255651788436209504e+00,5.428264217785209317e-02
-1.255651788436209504e+00,5.428264217785209317e-02
-1.252881143192968505e+00,1.195831974863737629e-02
-1.256054316157564132e+00,-1.990565881586239261e-01
-1.464843364154646332e+00,-1.797830030684164915e-01
-1.464843364154646332e+00,-1.797830030684164915e-01
-1.464843364154646332e+00,-1.797830030684164915e-01
-1.464843364154646332e+00,-1.797830030684164915e-01
-1.464843364154646332e+00,-1.797830030684164915e-01
-1.334189586779563008e+00,-2.320426251178447641e-01
-1.331887627271161945e+00,-2.131627896542961365e-01
-1.200398807545026481e+00,-1.276018858183016191e-01
-1.200398807545026481e+00,-1.276018858183016191e-01
-1.200398807545026481e+00,-1.276018858183016191e-01
-1.200398807545026481e+00,-1.276018858183016191e-01
-1.296041026105933858e+00,-1.175203042320569213e-01
-1.296041026105933858e+00,-1.175203042320569213e-01
-1.296041026105933858e+00,-1.175203042320569213e-01
-1.296041026105933858e+00,-1.175203042320569213e-01
-1.296041026105933858e+00,-1.175203042320569213e-01
-1.296041026105933858e+00,-1.175203042320569213e-01
-1.318322217342175140e+00,3.201102638976338621e-02
-1.318322217342175140e+00,3.201102638976338621e-02
-1.364342336448385762e+00,-9.105309090063803956e-02
-1.293380332317078940e+00,5.607194890669581211e-02
-1.293380332317078940e+00,5.607194890669581211e-02
-1.293380332317078940e+00,5.607194890669581211e-02
-1.293380332317078940e+00,5.607194890669581211e-02
-1.339906005068181027e+00,-7.529465465878251718e-03
-1.339906005068181027e+00,-7.529465465878251718e-03
-1.339906005068181027e+00,-7.529465465878251718e-03
-1.339906005068181027e+00,-7.529465465878251718e-03
-1.339906005068181027e+00,-7.529465465878251718e-03
-1.339906005068181027e+00,-7.529465465878251718e-03
-1.186996497000665673e+00,4.257046372471490897e-02
-1.186996497000665673e+00,4.257046372471490897e-02
-1.113071724042027810e+00,8.803551091839846576e-02
-1.124653137256458324e+00,-9.673376141968496877e-02
-1.124653137256458324e+00,-9.673376141968496877e-02
-1.280077002607658443e+00,-1.871909759430491482e-01
-1.141937727220866172e+00,-4.941485167784867572e-02
-1.141937727220866172e+00,-4.941485167784867572e-02
-1.141937727220866172e+00,-4.941485167784867572e-02
-1.141937727220866172e+00,-4.941485167784867572e-02
-1.141937727220866172e+00,-4.941485167784867572e-02
-1.141937727220866172e+00,-4.941485167784867572e-02
-1.113497396722031851e+00,3.580454028638456465e-02
-1.098421699261154183e+00,1.397188076477197116e-01
-1.098421699261154183e+00,1.397188076477197116e-01
-1.043012736596533596e+00,-1.240471816698604512e-02
-1.043012736596533596e+00,-1.240471816698604512e-02
-1.043012736596533596e+00,-1.240471816698604512e-02
-1.043012736596533596e+00,-1.240471816698604512e-02
-9.053263140692711097e-01,7.931270530098763483e-02
-9.053263140692711097e-01,7.931270530098763483e-02
-9.518899267714824308e-01,1.014161018648221807e-01
-1.132449840518932049e+00,-6.400856511901184542e-03
-1.128383159672591507e+00,-1.703687126969410937e-02
-1.182446605776090287e+00,-1.007131976566000842e-01
-1.182446605776090287e+00,-1.007131976566000842e-01
-1.355164077233152131e+00,-1.600336483908802176e-01
-1.275618679823289359e+00,-1.458974110691030335e-02
-1.259490575241093202e+00,-2.835522806409499982e-02
-1.162061248868875962e+00,1.003058127646383121e-02
-1.162061248868875962e+00,1.003058127646383121e-02
-1.162061248868875962e+00,1.003058127646383121e-02
-1.162061248868875962e+00,1.003058127646383121e-02
-1.183272828588510350e+00,6.437448275367707584e-02
-1.177917966347190815e+00,-7.867738348904163015e-02
-1.177917966347190815e+00,-7.867738348904163015e-02
-1.198988003747999853e+00,-1.895752079939122536e-01
-1.145476339810303612e+00,-4.189650931507646336e-02
-1.128334979132081806e+00,9.615616111935593180e-03
-1.128334979132081806e+00,9.615616111935593180e-03
-1.128334979132081806e+00,9.615616111935593180e-03
-1.254665557088063155e+00,1.148738167595584475e-02
-1.254665557088063155e+00,1.148738167595584475e-02
-1.248422285981206858e+00,6.589684973806908541e-02
-1.248422285981206858e+00,6.589684973806908541e-02
-1.248422285981206858e+00,6.589684973806908541e-02
-1.248422285981206858e+00,6.589684973806908541e-02
-1.243325198770018014e+00,-7.494083467633244622e-02
-1.277481463997733213e+00,-1.042209024337189677e-01
-1.267029145221051145e+00,-1.416053106578490928e-01
-1.267029145221051145e+00,-1.416053106578490928e-01
-1.267029145221051145e+00,-1.416053106578490928e-01
-1.267029145221051145e+00,-1.416053106578490928e-01
-1.267029145221051145e+00,-1.416053106578490928e-01
-1.289958597470060475e+00,-6.117403407384178204e-02
-1.289958597470060475e+00,-6.117403407384178204e-02
-1.289958597470060475e+00,-6.117403407384178204e-02
-1.204545574990715240e+00,-6.055821948728054571e-02
-1.204545574990715240e+00,-6.055821948728054571e-02
-1.058663878127090952e+00,-3.486022557247549225e-02
-1.253733085534702862e+00,-1.343567712100501021e-01
-1.253733085534702862e+00,-1.343567712100501021e-01
-1.253733085534702862e+00,-1.343567712100501021e-01
-1.253733085534702862e+00,-1.343567712100501021e-01
-1.282417264423844738e+00,-1.975542491609125761e-01
-1.282417264423844738e+00,-1.975542491609125761e-01
-1.263078539075197737e+00,-1.420253146821818524e-01
-1.101342661185809924e+00,6.816337702881758442e-02
-1.101342661185809924e+00,6.816337702881758442e-02
-1.170213429483394130e+00,1.066772300341175261e-01
-1.170213429483394130e+00,1.066772300341175261e-01
-1.170213429483394130e+00,1.066772300341175261e-01
-1.355528073696306457e+00,6.750091770598340424e-02
-1.142391294429884407e+00,-4.362870137664981440e-03
-1.142391294429884407e+00,-4.362870137664981440e-03
-1.094924514546490757e+00,-2.995751883248937153e-02
-1.094924514546490757e+00,-2.995751883248937153e-02
-1.334460953149154028e+00,-1.662884079515000724e-02
-1.138202269053941063e+00,-9.098051348375343905e-02
-1.138202269053941063e+00,-9.098051348375343905e-02
-1.138202269053941063e+00,-9.098051348375343905e-02
-1.195583170785079474e+00,-1.330406491799882573e-01
-1.151344046177232627e+00,-9.054352800693110659e-04
-1.151344046177232627e+00,-9.054352800693110659e-04
-1.062926863415573964e+00,1.072409235649677932e-02
-1.220892954560944599e+00,5.652163266512027356e-02
-1.220892954560944599e+00,5.652163266512027356e-02
-1.171331119965724143e+00,-1.003301656899997230e-01
-1.171331119965724143e+00,-1.003301656899997230e-01
-1.171331119965724143e+00,-1.003301656899997230e-01
-1.298181562032843184e+00,-3.522794646324516055e-02
-1.207309200649484326e+00,-7.172906239301796161e-02
-1.179315990400972236e+00,-1.396946738856833792e-01
-1.147129509789154733e+00,-7.188779874843555240e-02
-1.359682095917066791e+00,-5.794080951759347092e-02
-1.272128953210573510e+00,-9.853064160751019707e-02
-1.272128953210573510e+00,-9.853064160751019707e-02
-1.370168522007248146e+00,-8.977080454920947916e-02
-1.385900695471433908e+00,-6.390444965562473711e-02
-1.385900695471433908e+00,-6.390444965562473711e-02
-1.385900695471433908e+00,-6.390444965562473711e-02
-1.385900695471433908e+00,-6.390444965562473711e-02
-1.230878144052015788e+00,-4.131211525405838192e-02
-1.331698529543345444e+00,-7.241851657472063442e-03
-1.331698529543345444e+00,-7.241851657472063442e-03
-1.331698529543345444e+00,-7.241851657472063442e-03
-1.331698529543345444e+00,-7.241851657472063442e-03
-1.331698529543345444e+00,-7.241851657472063442e-03
-1.331698529543345444e+00,-7.241851657472063442e-03
-1.344825510288110371e+00,-3.491815582803824147e-02
-1.219865765083271159e+00,5.339933797743219579e-02
-1.219865765083271159e+00,5.339933797743219579e-02
-1.219865765083271159e+00,5.339933797743219579e-02
-1.219865765083271159e+00,5.339933797743219579e-02
-1.219865765083271159e+00,5.339933797743219579e-02
-1.326147598991813004e+00,-1.261036463825993548e-01
-1.326147598991813004e+00,-1.261036463825993548e-01
-1.326147598991813004e+00,-1.261036463825993548e-01
-1.326147598991813004e+00,-1.261036463825993548e-01
-1.387588417075196423e+00,-1.281578083856853012e-01
-1.387588417075196423e+00,-1.281578083856853012e-01
-1.387588417075196423e+00,-1.281578083856853012e-01
-1.189328831807109799e+00,-7.645332879464562803e-02
-1.294776973279579746e+00,-8.970801969599991044e-02
-1.294776973279579746e+00,-8.970801969599991044e-02
-1.285066550348147318e+00,9.870793383238081475e-02
-1.285066550348147318e+00,9.870793383238081475e-02
-1.285066550348147318e+00,9.870793383238081475e-02
-1.285066550348147318e+00,9.870793383238081475e-02
-1.285066550348147318e+00,9.870793383238081475e-02
-1.285066550348147318e+00,9.870793383238081475e-02
-1.285066550348147318e+00,9.870793383238081475e-02
-1.285066550348147318e+00,9.870793383238081475e-02
-1.285066550348147318e+00,9.870793383238081475e-02
-1.285066550348147318e+00,9.870793383238081475e-02
-1.285066550348147318e+00,9.870793383238081475e-02
-1.326704668807192178e+00,1.098031892097156986e-01
-1.326704668807192178e+00,1.098031892097156986e-01
-1.331517606820268318e+00,6.808987259361926059e-02
-1.331517606820268318e+00,6.808987259361926059e-02
-1.331517606820268318e+00,6.808987259361926059e-02
-1.331517606820268318e+00,6.808987259361926059e-02
-1.331517606820268318e+00,6.808987259361926059e-02
-1.331517606820268318e+00,6.808987259361926059e-02
-1.331517606820268318e+00,6.808987259361926059e-02
-1.181400192823804263e+00,-6.981914636669320218e-02
-1.181400192823804263e+00,-6.981914636669320218e-02
-1.102329972221597565e+00,-1.239122008524184276e-02
-1.102329972221597565e+00,-1.239122008524184276e-02
-1.102329972221597565e+00,-1.239122008524184276e-02
-1.068829598584037255e+00,2.707557547303490741e-02
-1.068829598584037255e+00,2.707557547303490741e-02
-1.129401302584404743e+00,9.091193930325056072e-02
-1.172973786617169001e+00,2.434968783103500234e-01
-1.172973786617169001e+00,2.434968783103500234e-01
-1.172973786617169001e+00,2.434968783103500234e-01
-1.172973786617169001e+00,2.434968783103500234e-01
-1.103660635574469362e+00,2.220857166923035364e-01
-1.103660635574469362e+00,2.220857166923035364e-01
-1.103660635574469362e+00,2.220857166923035364e-01
-1.136576098925372591e+00,-1.674992518786115880e-01
-1.136576098925372591e+00,-1.674992518786115880e-01
-1.035571990967712130e+00,-4.077921248336821569e-02
-1.035571990967712130e+00,-4.077921248336821569e-02
-1.058600182517060340e+00,1.783645929351803661e-01
-1.058600182517060340e+00,1.783645929351803661e-01
-1.058600182517060340e+00,1.783645929351803661e-01
-1.058600182517060340e+00,1.783645929351803661e-01
-1.264169672430096814e+00,7.823713300863575915e-02
-1.229597443755920727e+00,8.903790906997521848e-02
-1.177300549397927387e+00,2.764542547637342806e-02
-1.177300549397927387e+00,2.764542547637342806e-02
-1.177300549397927387e+00,2.764542547637342806e-02
-1.335443140082093194e+00,1.013026451562089314e-02
-1.335443140082093194e+00,1.013026451562089314e-02
-1.335443140082093194e+00,1.013026451562089314e-02
-1.335443140082093194e+00,1.013026451562089314e-02
-1.214978118230680249e+00,1.354109990443400635e-01
-1.214978118230680249e+00,1.354109990443400635e-01
-1.214978118230680249e+00,1.354109990443400635e-01
-1.214978118230680249e+00,1.354109990443400635e-01
-1.245909329279371702e+00,-1.617540922716530494e-01
-1.245909329279371702e+00,-1.617540922716530494e-01
-1.245909329279371702e+00,-1.617540922716530494e-01
-1.245909329279371702e+00,-1.617540922716530494e-01
-1.245909329279371702e+00,-1.617540922716530494e-01
-1.116024397770609911e+00,1.197612809766573916e-03
-1.293118739189920596e+00,1.218838604022444705e-01
-1.293118739189920596e+00,1.218838604022444705e-01
-1.293118739189920596e+00,1.218838604022444705e-01
-1.293118739189920596e+00,1.218838604022444705e-01
-1.293118739189920596e+00,1.218838604022444705e-01
-1.293118739189920596e+00,1.218838604022444705e-01
-1.293118739189920596e+00,1.218838604022444705e-01
-1.293118739189920596e+00,1.218838604022444705e-01
-1.293118739189920596e+00,1.218838604022444705e-01
-1.293118739189920596e+00,1.218838604022444705e-01
-1.293118739189920596e+00,1.218838604022444705e-01
-1.293118739189920596e+00,1.218838604022444705e-01
-1.293118739189920596e+00,1.218838604022444705e-01
-1.079122456121510920e+00,7.438131377012963119e-02
-1.079122456121510920e+00,7.438131377012963119e-02
-1.079122456121510920e+00,7.438131377012963119e-02
-1.079122456121510920e+00,7.438131377012963119e-02
-1.268619481428714613e+00,1.610649696716730528e-01
-1.333802481274512175e+00,1.385831548534190716e-01
-1.333802481274512175e+00,1.385831548534190716e-01
-1.119842059911907661e+00,2.547483549576429196e-02
-1.119842059911907661e+00,2.547483549576429196e-02
-1.119842059911907661e+00,2.547483549576429196e-02
-1.274836026649352139e+00,3.395331346567455333e-02
-1.255397449563426360e+00,1.057706705983561118e-01
-1.329592285268391461e+00,1.249726366618359730e-01
-1.364520998272189978e+00,8.913133369227738134e-02
-1.364520998272189978e+00,8.913133369227738134e-02
-1.148690641862417872e+00,-7.391410949549565013e-02
-1.148690641862417872e+00,-7.391410949549565013e-02
-1.148690641862417872e+00,-7.391410949549565013e-02
-1.148690641862417872e+00,-7.391410949549565013e-02
-1.301569423447187734e+00,1.130125016171310004e-03
-1.301569423447187734e+00,1.130125016171310004e-03
-1.301569423447187734e+00,1.130125016171310004e-03
-1.352720846855073100e+00,9.775045664520547184e-02
-1.201620401698987539e+00,1.097179447353140852e-01
-1.201620401698987539e+00,1.097179447353140852e-01
-1.201620401698987539e+00,1.097179447353140852e-01
-1.180019429610399850e+00,-9.168365897740059223e-02
-1.180019429610399850e+00,-9.168365897740059223e-02
-1.180019429610399850e+00,-9.168365897740059223e-02
-1.180019429610399850e+00,-9.168365897740059223e-02
-1.180019429610399850e+00,-9.168365897740059223e-02
-1.180019429610399850e+00,-9.168365897740059223e-02
-1.180019429610399850e+00,-9.168365897740059223e-02
-1.180019429610399850e+00,-9.168365897740059223e-02
-1.180019429610399850e+00,-9.168365897740059223e-02
-1.180019429610399850e+00,-9.168365897740059223e-02
-1.180019429610399850e+00,-9.168365897740059223e-02
-1.147323510873793806e+00,1.596963216865112112e-01
-1.147323510873793806e+00,1.596963216865112112e-01
-1.147323510873793806e+00,1.596963216865112112e-01
-1.250417556562808397e+00,1.107180929687561488e-01
-1.250417556562808397e+00,1.107180929687561488e-01
-1.406146216209024580e+00,2.881852214622199204e-03
-1.406146216209024580e+00,2.881852214622199204e-03
-1.406146216209024580e+00,2.881852214622199204e-03
-1.406146216209024580e+00,2.881852214622199204e-03
-1.406146216209024580e+00,2.881852214622199204e-03
-1.422508037851356377e+00,-9.351460088907065371e-02
-1.422508037851356377e+00,-9.351460088907065371e-02
-1.422508037851356377e+00,-9.351460088907065371e-02
-1.447222244069451325e+00,3.056581867432353605e-02
-1.447222244069451325e+00,3.056581867432353605e-02
-1.447222244069451325e+00,3.056581867432353605e-02
-1.345829703562668511e+00,9.930248022228770066e-02
-1.345829703562668511e+00,9.930248022228770066e-02
-1.182097263046976376e+00,9.044991842629356016e-02
-1.276006124111485285e+00,-5.721314556047672750e-02
-1.276006124111485285e+00,-5.721314556047672750e-02
-1.421131616206180892e+00,-4.965928075279721354e-03
-1.421131616206180892e+00,-4.965928075279721354e-03
-1.421131616206180892e+00,-4.965928075279721354e-03
-1.313212852268044628e+00,-2.197024777077314917e-01
-1.313212852268044628e+00,-2.197024777077314917e-01
-1.463154392216619692e+00,-1.967250727959359013e-01
-1.481958724601577071e+00,3.925698649336059609e-02
-1.481958724601577071e+00,3.925698649336059609e-02
-1.481958724601577071e+00,3.925698649336059609e-02
-1.481958724601577071e+00,3.925698649336059609e-02
-1.421899949662246421e+00,3.812680974150033791e-02
-1.252235224368640987e+00,1.640675608143343234e-01
-1.336951407674363601e+00,1.111736592545372188e-01
-1.197883250524522047e+00,2.162077106489491418e-01
-1.249886834992916640e+00,2.873722066887103854e-01
-1.294037728562918321e+00,6.360889202825922850e-02
-1.157627123946943559e+00,1.183387601936367745e-01
-1.284225606512004125e+00,-4.740313865534319382e-02
-1.315022792053062828e+00,2.371166236859098553e-02
-1.315022792053062828e+00,2.371166236859098553e-02
-1.301360363175741552e+00,9.070623510314906879e-02
-1.301360363175741552e+00,9.070623510314906879e-02
-1.301360363175741552e+00,9.070623510314906879e-02
-1.481021772164763384e+00,-4.678455739564957305e-02
-1.454757664476764800e+00,-9.702962170379703100e-02
-1.195068109487587904e+00,1.764458575212180524e-01
-1.195068109487587904e+00,1.764458575212180524e-01
-1.145130940407790732e+00,-1.811912314623421727e-01
-1.145130940407790732e+00,-1.811912314623421727e-01
-1.232082586507123656e+00,-1.896985034883241217e-01
-1.232082586507123656e+00,-1.896985034883241217e-01
-1.232082586507123656e+00,-1.896985034883241217e-01
-1.232082586507123656e+00,-1.896985034883241217e-01
-1.268508205582479675e+00,-1.873347318039317033e-01
-1.076636554837802517e+00,-1.263490184262379135e-01
-1.076636554837802517e+00,-1.263490184262379135e-01
-1.076636554837802517e+00,-1.263490184262379135e-01
-1.076636554837802517e+00,-1.263490184262379135e-01
-1.167015779695069089e+00,-1.253713076548639838e-01
-1.167015779695069089e+00,-1.253713076548639838e-01
-1.167015779695069089e+00,-1.253713076548639838e-01
-1.388341616056061767e+00,6.734309057837753465e-02
-1.388341616056061767e+00,6.734309057837753465e-02
-1.257660387974336436e+00,-7.597109271665353214e-02
-1.257660387974336436e+00,-7.597109271665353214e-02
-1.338967084407971075e+00,2.572050577603680888e-02
-1.338967084407971075e+00,2.572050577603680888e-02
-1.338967084407971075e+00,2.572050577603680888e-02
-1.112041196381397423e+00,-1.148524181231068558e-01
-1.112041196381397423e+00,-1.148524181231068558e-01
-1.055334275239512287e+00,-1.136892982665035912e-01
-1.201543099786750668e+00,9.755229475659071836e-04
-1.201543099786750668e+00,9.755229475659071836e-04
-1.201543099786750668e+00,9.755229475659071836e-04
-1.312871414081824284e+00,1.451877086917708337e-01
-1.312871414081824284e+00,1.451877086917708337e-01
-1.120926013920900521e+00,1.392322842619085621e-01
-1.307534411686260167e+00,1.670956795346997814e-01
-1.280112766758603193e+00,8.975494605249267899e-03
-1.280112766758603193e+00,8.975494605249267899e-03
-1.236745610325406641e+00,3.416799934009789874e-02
-1.236772252080667434e+00,-3.388489956933982139e-02
-1.236772252080667434e+00,-3.388489956933982139e-02
-1.270564839477426045e+00,-7.042592514713441609e-02
-1.270564839477426045e+00,-7.042592514713441609e-02
-1.270564839477426045e+00,-7.042592514713441609e-02
-1.270564839477426045e+00,-7.042592514713441609e-02
-1.227850902133569067e+00,3.613985098258944151e-02
-1.420257611075482762e+00,-3.086152269560213379e-02
-1.420257611075482762e+00,-3.086152269560213379e-02
-1.473905390176271313e+00,-7.533592546975916016e-02
-1.473905390176271313e+00,-7.533592546975916016e-02
-1.473905390176271313e+00,-7.533592546975916016e-02
-1.400099577505427462e+00,-2.471599017862057823e-01
-1.162085321735261134e+00,-2.446021373914037955e-01
-1.254549774274716034e+00,-2.414244483391651264e-01
-1.198873695834978159e+00,-2.208394481976503343e-01
-1.198873695834978159e+00,-2.208394481976503343e-01
-1.198873695834978159e+00,-2.208394481976503343e-01
-1.198873695834978159e+00,-2.208394481976503343e-01
-1.198873695834978159e+00,-2.208394481976503343e-01
-1.198873695834978159e+00,-2.208394481976503343e-01
-1.200642863492237922e+00,-2.420658357305847108e-01
-1.200642863492237922e+00,-2.420658357305847108e-01
-1.287443117734787590e+00,1.950326921315481687e-02
-1.287443117734787590e+00,1.950326921315481687e-02
-1.287443117734787590e+00,1.950326921315481687e-02
-1.330529893538123565e+00,-2.647352720832879536e-02
-1.145706160046894961e+00,-2.949395104080685531e-02
-1.145706160046894961e+00,-2.949395104080685531e-02
-1.145706160046894961e+00,-2.949395104080685531e-02
-1.145706160046894961e+00,-2.949395104080685531e-02
-1.145706160046894961e+00,-2.949395104080685531e-02
-1.116279452427517027e+00,-1.326755741116415477e-01
-1.247032741664628297e+00,-1.921224088512724082e-03
-1.247032741664628297e+00,-1.921224088512724082e-03
-1.247032741664628297e+00,-1.921224088512724082e-03
-1.247032741664628297e+00,-1.921224088512724082e-03
-1.338699190232248482e+00,7.122437414266838407e-02
-1.338699190232248482e+00,7.122437414266838407e-02
-1.283694199670425640e+00,3.313710963799098436e-02
-1.262325478651285415e+00,-5.456691717887154208e-02
-1.219716614672266886e+00,-7.560552665375479264e-02
-1.296820664492518649e+00,-1.273189013075153309e-01
-1.145861909586059824e+00,-8.128556412011020416e-02
-1.284638128164854232e+00,-2.437397391227420496e-01
-1.284638128164854232e+00,-2.437397391227420496e-01
-1.421855094940028819e+00,-1.937692854886312044e-01
-1.329216428910986014e+00,-6.836745546078998315e-02
-1.329216428910986014e+00,-6.836745546078998315e-02
-1.250343753749616038e+00,-5.524230400107076749e-02
-1.079163041294074921e+00,1.913279596691163653e-01
-1.175077034544880661e+00,1.753858172773101187e-01
-1.175077034544880661e+00,1.753858172773101187e-01
-1.219510339790494058e+00,1.484455141740810280e-01
-1.219510339790494058e+00,1.484455141740810280e-01
-1.145695439210646649e+00,-3.704530305421718794e-02
-1.217223665791613119e+00,1.065146417578927418e-01
-1.134402380144623690e+00,6.438155161959907558e-02
-1.134402380144623690e+00,6.438155161959907558e-02
-1.167462853122521071e+00,8.754667895765372299e-02
-1.167462853122521071e+00,8.754667895765372299e-02
-1.167462853122521071e+00,8.754667895765372299e-02
-1.297782603820435199e+00,7.682818154118441212e-02
-1.161590209183493538e+00,1.654831799707647266e-01
-1.283646593873291275e+00,1.511223907921032672e-01
-1.283646593873291275e+00,1.511223907921032672e-01
-1.283646593873291275e+00,1.511223907921032672e-01
-1.283646593873291275e+00,1.511223907921032672e-01
-1.404137580046896261e+00,1.523465329747735464e-01
-1.360897019732883129e+00,1.650249572935970910e-01
-1.360897019732883129e+00,1.650249572935970910e-01
-1.360897019732883129e+00,1.650249572935970910e-01
-1.407982591514699511e+00,1.486317037119208040e-01
-1.202410284356726589e+00,1.229570797270275184e-01
-1.202410284356726589e+00,1.229570797270275184e-01
-1.202410284356726589e+00,1.229570797270275184e-01
-1.202410284356726589e+00,1.229570797270275184e-01
-1.353757570297815072e+00,1.288051921620644025e-01
-1.353757570297815072e+00,1.288051921620644025e-01
-1.387076238714869847e+00,5.455223271701532817e-02
-1.387076238714869847e+00,5.455223271701532817e-02
-1.333172800399900826e+00,1.141435923516886802e-01
-1.345527056335842131e+00,1.458642317243161457e-01
-1.208917945050516307e+00,1.405581861351946071e-01
-1.208917945050516307e+00,1.405581861351946071e-01
-1.208917945050516307e+00,1.405581861351946071e-01
-1.208917945050516307e+00,1.405581861351946071e-01
-1.143911819738444580e+00,-7.499658576838802437e-02
-1.127131704351864050e+00,-2.446466133769195639e-01
-1.127131704351864050e+00,-2.446466133769195639e-01
-1.064306076923324351e+00,-2.104616080179895210e-01
-1.064306076923324351e+00,-2.104616080179895210e-01
-1.064306076923324351e+00,-2.104616080179895210e-01
-1.190309540618378792e+00,5.417191849551150629e-02
-1.190309540618378792e+00,5.417191849551150629e-02
-1.294403503929405952e+00,-5.184778579202381499e-04
-1.294403503929405952e+00,-5.184778579202381499e-04
-1.294403503929405952e+00,-5.184778579202381499e-04
-1.294403503929405952e+00,-5.184778579202381499e-04
-1.233634612574485478e+00,3.287279138542920087e-02
-1.233634612574485478e+00,3.287279138542920087e-02
-1.233634612574485478e+00,3.287279138542920087e-02
-1.205044401260618736e+00,1.293477176370634862e-01
-1.205044401260618736e+00,1.293477176370634862e-01
-1.205044401260618736e+00,1.293477176370634862e-01
-1.330001356620918118e+00,1.266244145797852105e-01
-1.330001356620918118e+00,1.266244145797852105e-01
-1.326025025916254929e+00,-7.234733511353536040e-02
-1.160573601731821558e+00,-3.540110003180690912e-02
-1.160573601731821558e+00,-3.540110003180690912e-02
-1.160573601731821558e+00,-3.540110003180690912e-02
-1.246085568851774905e+00,4.940155690384077924e-03
-1.246085568851774905e+00,4.940155690384077924e-03
-1.402194848146433470e+00,2.906954983028285991e-02
-1.347021772335896594e+00,2.829634674504472383e-02
-1.347021772335896594e+00,2.829634674504472383e-02
-1.347021772335896594e+00,2.829634674504472383e-02
-1.378384725347864270e+00,-7.865381276009439371e-02
-1.146896852465572714e+00,-3.611579660455419005e-02
-1.253062405598343476e+00,-7.304249247025117187e-02
-1.253062405598343476e+00,-7.304249247025117187e-02
-1.253062405598343476e+00,-7.304249247025117187e-02
-1.058561315548099069e+00,-1.062938021944547923e-01
-1.169135816128299643e+00,-5.886088853291230466e-02
-1.169135816128299643e+00,-5.886088853291230466e-02
-1.169135816128299643e+00,-5.886088853291230466e-02
-1.169135816128299643e+00,-5.886088853291230466e-02
-1.169135816128299643e+00,-5.886088853291230466e-02
-1.169135816128299643e+00,-5.886088853291230466e-02
-1.258543790500328718e+00,-1.576897960004905175e-01
-1.258543790500328718e+00,-1.576897960004905175e-01
-1.135000944919985599e+00,-2.076621916891646658e-01
-1.135000944919985599e+00,-2.076621916891646658e-01
-1.135000944919985599e+00,-2.076621916891646658e-01
-1.135000944919985599e+00,-2.076621916891646658e-01
-1.135000944919985599e+00,-2.076621916891646658e-01
-1.135000944919985599e+00,-2.076621916891646658e-01
-1.135000944919985599e+00,-2.076621916891646658e-01
-1.135000944919985599e+00,-2.076621916891646658e-01
-1.135000944919985599e+00,-2.076621916891646658e-01
-1.272644596189960842e+00,-1.697909500597932220e-01
-1.345440536597831027e+00,5.685030139576108255e-04
-1.345440536597831027e+00,5.685030139576108255e-04
-1.345440536597831027e+00,5.685030139576108255e-04
-1.291208748831006670e+00,-2.401234684883331999e-02
-1.257587525915837334e+00,-2.501008908431348043e-01
-1.257587525915837334e+00,-2.501008908431348043e-01
-1.257587525915837334e+00,-2.501008908431348043e-01
-1.319453715302995267e+00,-2.151116460817856790e-01
-1.319453715302995267e+00,-2.151116460817856790e-01
-1.319453715302995267e+00,-2.151116460817856790e-01
-1.338379498821734792e+00,-2.752358405364008220e-02
-1.338379498821734792e+00,-2.752358405364008220e-02
-1.338379498821734792e+00,-2.752358405364008220e-02
-1.338379498821734792e+00,-2.752358405364008220e-02
-1.338379498821734792e+00,-2.752358405364008220e-02
-1.283030060590861998e+00,-3.319324136958186344e-02
-1.455443800504699015e+00,9.207728800409532843e-02
-1.455443800504699015e+00,9.207728800409532843e-02
-1.455443800504699015e+00,9.207728800409532843e-02
-1.455443800504699015e+00,9.207728800409532843e-02
-1.158317997929977139e+00,1.302082896348154273e-01
-1.250427427277576831e+00,6.631706936693390619e-02
-1.229350083086894641e+00,6.886596295252986333e-02
-1.301385104284144889e+00,-1.498617055587921909e-01
-1.231619482782241981e+00,4.420025050059650518e-02
-1.231619482782241981e+00,4.420025050059650518e-02
-1.231619482782241981e+00,4.420025050059650518e-02
-1.231619482782241981e+00,4.420025050059650518e-02
-1.231619482782241981e+00,4.420025050059650518e-02
-1.231619482782241981e+00,4.420025050059650518e-02
-1.231619482782241981e+00,4.420025050059650518e-02
-1.231619482782241981e+00,4.420025050059650518e-02
-1.106477554799063290e+00,-9.461628433222776802e-02
-1.106477554799063290e+00,-9.461628433222776802e-02
-1.106477554799063290e+00,-9.461628433222776802e-02
-1.100513394141007018e+00,-4.314911446197597367e-03
-1.232707606329413785e+00,5.048818510018378974e-02
-1.232707606329413785e+00,5.048818510018378974e-02
-1.232707606329413785e+00,5.048818510018378974e-02
-1.232707606329413785e+00,5.048818510018378974e-02
-1.290491349368509066e+00,-4.843713699031048509e-02
-1.290491349368509066e+00,-4.843713699031048509e-02
-1.290491349368509066e+00,-4.843713699031048509e-02
-1.290491349368509066e+00,-4.843713699031048509e-02
-1.290491349368509066e+00,-4.843713699031048509e-02
-1.290491349368509066e+00,-4.843713699031048509e-02
-1.290491349368509066e+00,-4.843713699031048509e-02
-1.290491349368509066e+00,-4.843713699031048509e-02
-1.290491349368509066e+00,-4.843713699031048509e-02
-1.290491349368509066e+00,-4.843713699031048509e-02
-1.290491349368509066e+00,-4.843713699031048509e-02
-1.199410930689237986e+00,-9.336502574513634578e-02
-1.310311458803814499e+00,4.505615873724429232e-02
-1.213192852848567371e+00,-5.584295068441454124e-02
-1.213192852848567371e+00,-5.584295068441454124e-02
-1.213192852848567371e+00,-5.584295068441454124e-02
-1.213192852848567371e+00,-5.584295068441454124e-02
-1.316947435557101587e+00,7.270043527724877330e-02
-1.316947435557101587e+00,7.270043527724877330e-02
-1.518850714689485404e+00,1.213101668709496567e-02
-1.518850714689485404e+00,1.213101668709496567e-02
-1.506257519932594713e+00,-4.908112904426678580e-02
-1.388559460916629407e+00,-1.567517467392658959e-01
-1.388559460916629407e+00,-1.567517467392658959e-01
-1.362554999532548994e+00,-2.529951683632364334e-02
-1.286125111760767936e+00,1.222902903299242228e-01
-1.286125111760767936e+00,1.222902903299242228e-01
-1.190243884113015405e+00,1.860583043146099846e-01
-1.410791409661965590e+00,1.095172637204044203e-01
-1.512558146715112795e+00,1.315872998727806720e-01
-1.512558146715112795e+00,1.315872998727806720e-01
-1.370307779278576055e+00,8.385862268382979212e-02
-1.370307779278576055e+00,8.385862268382979212e-02
-1.361660299391068918e+00,-1.653175796330775549e-01
-1.361660299391068918e+00,-1.653175796330775549e-01
-1.361660299391068918e+00,-1.653175796330775549e-01
-1.076811238090733092e+00,-1.295976660784337042e-01
-1.076811238090733092e+00,-1.295976660784337042e-01
-1.076811238090733092e+00,-1.295976660784337042e-01
-1.093556109930977849e+00,3.397004928983005101e-02
-1.093556109930977849e+00,3.397004928983005101e-02
-1.093556109930977849e+00,3.397004928983005101e-02
-1.060210944027660585e+00,5.544669377615840666e-02
-1.060210944027660585e+00,5.544669377615840666e-02
-1.060210944027660585e+00,5.544669377615840666e-02
-1.060028157374789393e+00,7.414882318431761932e-02
-1.060028157374789393e+00,7.414882318431761932e-02
-1.060028157374789393e+00,7.414882318431761932e-02
-1.220621105808407547e+00,-2.962441389043517226e-02
-1.220621105808407547e+00,-2.962441389043517226e-02
-1.154076371683159907e+00,-7.439210825995201670e-02
-1.154076371683159907e+00,-7.439210825995201670e-02
-1.154076371683159907e+00,-7.439210825995201670e-02
-1.154076371683159907e+00,-7.439210825995201670e-02
-1.166403495710519822e+00,-1.917726468414983343e-02
-1.166403495710519822e+00,-1.917726468414983343e-02
-1.220690264964638727e+00,6.676297863347266381e-02
-1.324892928546327564e+00,1.329358380737898082e-01
-1.324892928546327564e+00,1.329358380737898082e-01
-1.235490021185743137e+00,6.251506931031992897e-02
-1.209744106659528695e+00,-4.088176635231424716e-02
-1.209744106659528695e+00,-4.088176635231424716e-02
-1.165511324192859632e+00,1.549649641986190762e-02
-1.165511324192859632e+00,1.549649641986190762e-02
-1.165511324192859632e+00,1.549649641986190762e-02
-1.165511324192859632e+00,1.549649641986190762e-02
-1.165511324192859632e+00,1.549649641986190762e-02
-1.165511324192859632e+00,1.549649641986190762e-02
-1.187594427565502597e+00,-5.934528068220584762e-02
-1.160821662642555374e+00,3.701092193235458461e-04
-1.110685921599579018e+00,-4.169506146420918352e-02
-1.116487115150003984e+00,-1.116912116611678552e-01
-1.116487115150003984e+00,-1.116912116611678552e-01
-1.350878494839525823e+00,-1.351834888893149733e-04
-1.350878494839525823e+00,-1.351834888893149733e-04
-1.350878494839525823e+00,-1.351834888893149733e-04
-1.353961810088888162e+00,8.152757632513653319e-02
-1.353961810088888162e+00,8.152757632513653319e-02
-1.192588480545885288e+00,1.187429387098817291e-01
-1.067918265907842112e+00,1.037109670408066231e-01
-1.067918265907842112e+00,1.037109670408066231e-01
-1.067918265907842112e+00,1.037109670408066231e-01
-1.075932997008130165e+00,-3.513672050775926148e-02
-1.075932997008130165e+00,-3.513672050775926148e-02
-1.156343277047418017e+00,-4.315780245308439844e-02
-1.156343277047418017e+00,-4.315780245308439844e-02
-1.133840445815944564e+00,3.198520028751387911e-02
-1.285482724717257996e+00,2.104715204116618110e-02
-1.444418574970859348e+00,-6.813232102684052549e-02
-1.444418574970859348e+00,-6.813232102684052549e-02
-1.444418574970859348e+00,-6.813232102684052549e-02
-1.432161835997888044e+00,-2.184923704633019159e-01
-1.432161835997888044e+00,-2.184923704633019159e-01
-1.450748903668637180e+00,-1.432389626787691217e-01
-1.450748903668637180e+00,-1.432389626787691217e-01
-1.301431448184579454e+00,-3.478584939651244157e-02
-1.301431448184579454e+00,-3.478584939651244157e-02
-1.232362778414290982e+00,-2.047443031723060816e-02
-1.226445476598914563e+00,-7.788063715810154830e-02
-1.226445476598914563e+00,-7.788063715810154830e-02
-1.226445476598914563e+00,-7.788063715810154830e-02
-1.226445476598914563e+00,-7.788063715810154830e-02
-1.293888848031161221e+00,-1.284712199463519111e-01
-1.199296238121835723e+00,-4.837253414065563473e-02
-1.230822133149794162e+00,-4.198132591442334943e-02
-1.371693245239271164e+00,2.864810207900383293e-02
-1.371693245239271164e+00,2.864810207900383293e-02
-1.111924146210648834e+00,-3.748719436511969982e-03
-1.111924146210648834e+00,-3.748719436511969982e-03
-1.111924146210648834e+00,-3.748719436511969982e-03
-1.111924146210648834e+00,-3.748719436511969982e-03
-1.111924146210648834e+00,-3.748719436511969982e-03
-1.111924146210648834e+00,-3.748719436511969982e-03
-1.097618921467611752e+00,3.546966193688983610e-02
-1.353739282446881464e+00,5.403162640811090545e-02
-1.297761179046012181e+00,1.082046785620335294e-01
-1.297761179046012181e+00,1.082046785620335294e-01
-1.305074333067420378e+00,-4.240138550968050590e-02
-1.295566771022603314e+00,-4.768597368924858138e-02
-1.231371799789237942e+00,-1.101098626053879093e-01
-1.214241155403687378e+00,-8.110079401477336691e-02
-1.214241155403687378e+00,-8.110079401477336691e-02
-9.487487958145670586e-01,-1.152372848791223259e-01
-9.502576735547860753e-01,-2.063711156136072700e-01
-9.278813223648048059e-01,-8.877284148280976950e-02
-9.407523711891058182e-01,-7.894649917943832862e-02
-1.133830656511569002e+00,-9.377628583747692204e-02
-1.402073945595237792e+00,9.257999351161842749e-02
-1.195115722945794490e+00,2.292214991030399607e-01
-1.281436925988091113e+00,1.537630553169749836e-02
-1.279886213534203510e+00,-5.127162977530334842e-02
-1.279886213534203510e+00,-5.127162977530334842e-02
-1.279886213534203510e+00,-5.127162977530334842e-02
-1.279886213534203510e+00,-5.127162977530334842e-02
-1.065476585122373088e+00,-6.855005657683724274e-02
-1.065476585122373088e+00,-6.855005657683724274e-02
-1.065476585122373088e+00,-6.855005657683724274e-02
-1.065476585122373088e+00,-6.855005657683724274e-02
-1.065476585122373088e+00,-6.855005657683724274e-02
-1.195418555659208737e+00,9.909461740240904648e-03
-1.374342453756244531e+00,-1.353266611872559477e-01
-1.374342453756244531e+00,-1.353266611872559477e-01
-1.374342453756244531e+00,-1.353266611872559477e-01
-1.205473870869226749e+00,7.908175401702349783e-02
-1.205473870869226749e+00,7.908175401702349783e-02
-1.329768466803199933e+00,-7.644045293697082633e-03
-1.329768466803199933e+00,-7.644045293697082633e-03
-1.329768466803199933e+00,-7.644045293697082633e-03
-1.329768466803199933e+00,-7.644045293697082633e-03
-1.090404096095238806e+00,-2.933333565277655014e-02
-1.090404096095238806e+00,-2.933333565277655014e-02
-1.090404096095238806e+00,-2.933333565277655014e-02
-1.060178256985413459e+00,3.086479609273931612e-02
-1.060178256985413459e+00,3.086479609273931612e-02
-1.065474270458873773e+00,-1.045938982112005339e-02
-1.065474270458873773e+00,-1.045938982112005339e-02
-1.253304620895130395e+00,-1.614892473673556206e-01
-1.253304620895130395e+00,-1.614892473673556206e-01
-1.253304620895130395e+00,-1.614892473673556206e-01
-1.304109629002106807e+00,-5.378595657871805547e-02
-1.304109629002106807e+00,-5.378595657871805547e-02
-1.283019332549718783e+00,2.711164575013039202e-02
-1.283019332549718783e+00,2.711164575013039202e-02
-1.283019332549718783e+00,2.711164575013039202e-02
-1.283019332549718783e+00,2.711164575013039202e-02
-1.283019332549718783e+00,2.711164575013039202e-02
-1.283019332549718783e+00,2.711164575013039202e-02
-1.283019332549718783e+00,2.711164575013039202e-02
-1.283019332549718783e+00,2.711164575013039202e-02
-1.310321426548576307e+00,-2.576509362312261187e-03
-1.190853611799671530e+00,2.134672621021052874e-01
-1.271907561171538248e+00,2.286948167250419106e-01
-1.271907561171538248e+00,2.286948167250419106e-01
-1.271907561171538248e+00,2.286948167250419106e-01
-1.271907561171538248e+00,2.286948167250419106e-01
-1.271907561171538248e+00,2.286948167250419106e-01
-1.271907561171538248e+00,2.286948167250419106e-01
-1.159522010538226677e+00,-3.109331063085737923e-02
-1.294354841988162752e+00,7.266976828511893804e-02
-1.262552483875438059e+00,2.239078775474654531e-02
-1.262552483875438059e+00,2.239078775474654531e-02
-1.262552483875438059e+00,2.239078775474654531e-02
-1.262552483875438059e+00,2.239078775474654531e-02
-1.262552483875438059e+00,2.239078775474654531e-02
-1.126154299582324825e+00,-3.600364474489263500e-02
-1.079888496274272303e+00,1.603745423612031040e-03
-1.079888496274272303e+00,1.603745423612031040e-03
-1.079888496274272303e+00,1.603745423612031040e-03
-1.028850248012471713e+00,-7.038434116419235026e-03
-1.028850248012471713e+00,-7.038434116419235026e-03
-1.077935511976118921e+00,-7.979609954285715734e-02
-1.020048283747635010e+00,2.936252531541908017e-03
-1.020048283747635010e+00,2.936252531541908017e-03
-1.020048283747635010e+00,2.936252531541908017e-03
-1.020048283747635010e+00,2.936252531541908017e-03
-1.101729511043458620e+00,-1.057424497842674588e-02
-1.101729511043458620e+00,-1.057424497842674588e-02
-1.101729511043458620e+00,-1.057424497842674588e-02
-1.206657157430111926e+00,9.075730055476217972e-03
-1.206657157430111926e+00,9.075730055476217972e-03
-1.206657157430111926e+00,9.075730055476217972e-03
-1.206657157430111926e+00,9.075730055476217972e-03
-1.143947116157565391e+00,-1.495570193396512926e-02
-1.220900529489121089e+00,7.447559035593989685e-02
-1.220900529489121089e+00,7.447559035593989685e-02
-1.220900529489121089e+00,7.447559035593989685e-02
-1.220900529489121089e+00,7.447559035593989685e-02
-1.220900529489121089e+00,7.447559035593989685e-02
-1.220900529489121089e+00,7.447559035593989685e-02
-1.220900529489121089e+00,7.447559035593989685e-02
-1.220900529489121089e+00,7.447559035593989685e-02
-1.181726253375649183e+00,1.654885257685697608e-01
-1.181726253375649183e+00,1.654885257685697608e-01
-1.181726253375649183e+00,1.654885257685697608e-01
-1.181726253375649183e+00,1.654885257685697608e-01
-1.181726253375649183e+00,1.654885257685697608e-01
-1.181726253375649183e+00,1.654885257685697608e-01
-1.161353060458715225e+00,1.848859001611617425e-01
-1.161353060458715225e+00,1.848859001611617425e-01
-1.161353060458715225e+00,1.848859001611617425e-01
-1.161353060458715225e+00,1.848859001611617425e-01
-1.161353060458715225e+00,1.848859001611617425e-01
-1.161353060458715225e+00,1.848859001611617425e-01
-1.161353060458715225e+00,1.848859001611617425e-01
-1.161353060458715225e+00,1.848859001611617425e-01
-1.080670062453545466e+00,1.432802591613001886e-01
-1.314180717762848616e+00,8.677167206067259997e-03
-1.314180717762848616e+00,8.677167206067259997e-03
-1.314180717762848616e+00,8.677167206067259997e-03
-1.281818977812111404e+00,7.404082890438488940e-02
-1.281818977812111404e+00,7.404082890438488940e-02
-1.386464181679982977e+00,9.661167428379578703e-02
-1.386464181679982977e+00,9.661167428379578703e-02
-1.535838279523773275e+00,3.537939053600114292e-03
-1.454087226642434505e+00,1.729086843259262651e-01
-1.321546528149547095e+00,1.881830655724342494e-02
-1.321546528149547095e+00,1.881830655724342494e-02
-1.321546528149547095e+00,1.881830655724342494e-02
-1.190571120545896866e+00,5.131767327903435927e-02
-1.409408262400711154e+00,7.348516034133154018e-03
-1.409408262400711154e+00,7.348516034133154018e-03
-1.377249769658178025e+00,8.920612112483686240e-02
-1.168005150664468861e+00,-2.210605334235496711e-01
-1.168005150664468861e+00,-2.210605334235496711e-01
-1.353072150323642031e+00,-1.235551578419637614e-01
-1.386169905122647483e+00,1.918334434332219507e-01
-1.386169905122647483e+00,1.918334434332219507e-01
-1.386169905122647483e+00,1.918334434332219507e-01
-1.386169905122647483e+00,1.918334434332219507e-01
-1.386169905122647483e+00,1.918334434332219507e-01
-1.386169905122647483e+00,1.918334434332219507e-01
-1.386169905122647483e+00,1.918334434332219507e-01
-1.386169905122647483e+00,1.918334434332219507e-01
-1.247595553149817960e+00,-1.573798322770115776e-01
-1.255423517574147496e+00,-1.506041793458990918e-01
-1.080715721634093240e+00,6.529002520527876774e-03
-1.080715721634093240e+00,6.529002520527876774e-03
-1.080715721634093240e+00,6.529002520527876774e-03
-1.140697919118216941e+00,7.716778551958160259e-02
-1.140697919118216941e+00,7.716778551958160259e-02
-1.140697919118216941e+00,7.716778551958160259e-02
-1.145688645012355344e+00,-1.833122367082576365e-02
-1.145688645012355344e+00,-1.833122367082576365e-02
-1.202583373932052391e+00,7.692716464939747256e-02
-1.202583373932052391e+00,7.692716464939747256e-02
-1.333649639311178081e+00,-6.410081053683874819e-02
-1.239341339377192819e+00,7.224663369255338030e-02
-1.239341339377192819e+00,7.224663369255338030e-02
-1.047056587159118646e+00,-2.966614491377829455e-02
-1.047056587159118646e+00,-2.966614491377829455e-02
-1.150202811584138729e+00,-1.223919138478719165e-01
-1.150202811584138729e+00,-1.223919138478719165e-01
-1.150202811584138729e+00,-1.223919138478719165e-01
-1.150202811584138729e+00,-1.223919138478719165e-01
-1.150202811584138729e+00,-1.223919138478719165e-01
-1.150202811584138729e+00,-1.223919138478719165e-01
-1.150202811584138729e+00,-1.223919138478719165e-01
-1.371130647109565004e+00,-1.493039601081532497e-01
-1.371130647109565004e+00,-1.493039601081532497e-01
-1.502435936629530122e+00,-4.079419529468478189e-02
-1.502435936629530122e+00,-4.079419529468478189e-02
-1.502435936629530122e+00,-4.079419529468478189e-02
-1.502435936629530122e+00,-4.079419529468478189e-02
-1.365746031321153575e+00,-2.547181262092398923e-03
-1.365746031321153575e+00,-2.547181262092398923e-03
-1.365746031321153575e+00,-2.547181262092398923e-03
-1.274250096735736637e+00,-6.415808828452178314e-02
-1.274250096735736637e+00,-6.415808828452178314e-02
-1.284797530946300670e+00,1.419779272735310349e-01
-1.284797530946300670e+00,1.419779272735310349e-01
-1.256548140905822786e+00,1.099345841240631783e-01
-1.256548140905822786e+00,1.099345841240631783e-01
-1.256548140905822786e+00,1.099345841240631783e-01
-1.256548140905822786e+00,1.099345841240631783e-01
-1.166347613681252504e+00,-5.257146649133259686e-02
-1.218100626807346654e+00,1.236949512117496153e-01
-1.218100626807346654e+00,1.236949512117496153e-01
-1.327399723721145008e+00,1.093786310336094941e-01
-1.182142645312965090e+00,5.603196795728876412e-04
-1.344575907917262780e+00,-1.072024395328274454e-01
-1.344575907917262780e+00,-1.072024395328274454e-01
-1.344575907917262780e+00,-1.072024395328274454e-01
-1.310654197637668217e+00,1.200772580572473797e-01
-1.310654197637668217e+00,1.200772580572473797e-01
-1.393368668939398258e+00,4.011957679588143422e-02
-1.279293328760090720e+00,8.387621335977824000e-02
-1.361876600961347883e+00,7.120200571882895346e-02
-1.361876600961347883e+00,7.120200571882895346e-02
-1.417458296383281802e+00,9.259997546394310719e-03
-1.270968445617346676e+00,5.353474632043887099e-02
-1.096842328332282568e+00,-4.091175174086735672e-02
-1.096842328332282568e+00,-4.091175174086735672e-02
-1.096842328332282568e+00,-4.091175174086735672e-02
-1.096842328332282568e+00,-4.091175174086735672e-02
-1.096842328332282568e+00,-4.091175174086735672e-02
-1.096842328332282568e+00,-4.091175174086735672e-02
-1.251109827443140921e+00,3.331107462981237194e-02
-1.251109827443140921e+00,3.331107462981237194e-02
-1.251109827443140921e+00,3.331107462981237194e-02
-1.251109827443140921e+00,3.331107462981237194e-02
-1.251109827443140921e+00,3.331107462981237194e-02
-1.367429851079011494e+00,9.618645820695864018e-03
-1.367429851079011494e+00,9.618645820695864018e-03
-1.367429851079011494e+00,9.618645820695864018e-03
-1.367429851079011494e+00,9.618645820695864018e-03
-1.367429851079011494e+00,9.618645820695864018e-03
-1.367429851079011494e+00,9.618645820695864018e-03
-1.448038428251748222e+00,1.331432149657840389e-03
-1.448038428251748222e+00,1.331432149657840389e-03
-1.376995298486871855e+00,7.342107939845209097e-02
-1.376995298486871855e+00,7.342107939845209097e-02
-1.376995298486871855e+00,7.342107939845209097e-02
-1.257611082392914970e+00,1.618688530938429404e-01
-1.257611082392914970e+00,1.618688530938429404e-01
-1.357658311519109873e+00,8.027949957228525113e-02
-1.357658311519109873e+00,8.027949957228525113e-02
-1.347517333461078604e+00,-5.331754301442087618e-04
-1.347517333461078604e+00,-5.331754301442087618e-04
-1.301131246746009218e+00,1.361315527011967563e-01
-1.301131246746009218e+00,1.361315527011967563e-01
-1.301131246746009218e+00,1.361315527011967563e-01
-1.301131246746009218e+00,1.361315527011967563e-01
-1.301131246746009218e+00,1.361315527011967563e-01
-1.356622881804723901e+00,-3.730309985221058611e-03
-1.356622881804723901e+00,-3.730309985221058611e-03
-1.356622881804723901e+00,-3.730309985221058611e-03
-1.203355068290620444e+00,6.681318339713258891e-02
-1.188007482401936210e+00,-1.251071774202256459e-01
-1.188007482401936210e+00,-1.251071774202256459e-01
-1.188007482401936210e+00,-1.251071774202256459e-01
-1.188007482401936210e+00,-1.251071774202256459e-01
-1.188007482401936210e+00,-1.251071774202256459e-01
-1.267271475676232217e+00,5.507391256297344828e-03
-1.267271475676232217e+00,5.507391256297344828e-03
-1.267271475676232217e+00,5.507391256297344828e-03
-1.107515519931621562e+00,5.997059751992765697e-02
-1.107515519931621562e+00,5.997059751992765697e-02
-1.107515519931621562e+00,5.997059751992765697e-02
-8.960928661185431077e-01,9.665247937566234793e-02
-8.960928661185431077e-01,9.665247937566234793e-02
-8.960928661185431077e-01,9.665247937566234793e-02
-9.619850636200698579e-01,4.905128338180020364e-03
-9.619850636200698579e-01,4.905128338180020364e-03
-1.198410400631266359e+00,9.718970666169213235e-02
-1.208452932818369518e+00,1.081646033686206182e-01
-1.208895551615745800e+00,1.782990641612249016e-01
-1.208895551615745800e+00,1.782990641612249016e-01
-1.372758646976133923e+00,1.595192222603084575e-01
-1.372758646976133923e+00,1.595192222603084575e-01
-1.372758646976133923e+00,1.595192222603084575e-01
-1.492736009368487382e+00,8.240273738760774125e-02
-1.492736009368487382e+00,8.240273738760774125e-02
-1.492736009368487382e+00,8.240273738760774125e-02
-1.397060738691147108e+00,1.912952574903483416e-01
-1.397060738691147108e+00,1.912952574903483416e-01
-1.397060738691147108e+00,1.912952574903483416e-01
-1.276778466767977793e+00,1.131838163915451223e-01
-1.276778466767977793e+00,1.131838163915451223e-01
-1.276778466767977793e+00,1.131838163915451223e-01
-1.276778466767977793e+00,1.131838163915451223e-01
-1.276778466767977793e+00,1.131838163915451223e-01
-1.422273755391490813e+00,-6.698347027320622482e-02
-1.422273755391490813e+00,-6.698347027320622482e-02
-1.422273755391490813e+00,-6.698347027320622482e-02
-1.422273755391490813e+00,-6.698347027320622482e-02
-1.422273755391490813e+00,-6.698347027320622482e-02
-1.422273755391490813e+00,-6.698347027320622482e-02
-1.422273755391490813e+00,-6.698347027320622482e-02
-1.422273755391490813e+00,-6.698347027320622482e-02
-1.422273755391490813e+00,-6.698347027320622482e-02
-1.512724956805459042e+00,-4.272303114177054828e-02
-1.512724956805459042e+00,-4.272303114177054828e-02
-1.512724956805459042e+00,-4.272303114177054828e-02
-1.252758797086210407e+00,-2.095339583289734103e-02
-1.252758797086210407e+00,-2.095339583289734103e-02
-1.252758797086210407e+00,-2.095339583289734103e-02
-1.252758797086210407e+00,-2.095339583289734103e-02
-1.252758797086210407e+00,-2.095339583289734103e-02
-1.252758797086210407e+00,-2.095339583289734103e-02
-1.265035029774842945e+00,-1.165584803025085658e-01
-1.265035029774842945e+00,-1.165584803025085658e-01
-1.265035029774842945e+00,-1.165584803025085658e-01
-1.265035029774842945e+00,-1.165584803025085658e-01
-1.265035029774842945e+00,-1.165584803025085658e-01
-1.144102765303061098e+00,-8.597011676663256219e-02
-1.144102765303061098e+00,-8.597011676663256219e-02
-1.374339987759574333e+00,-1.002284168491192895e-01
-1.374339987759574333e+00,-1.002284168491192895e-01
-1.442877691030531651e+00,-4.566801989299597297e-02
-1.194080750774820565e+00,4.373759928274559283e-02
-1.194080750774820565e+00,4.373759928274559283e-02
-1.109182085921587291e+00,1.451008989222677403e-01
-1.109182085921587291e+00,1.451008989222677403e-01
-1.109182085921587291e+00,1.451008989222677403e-01
-1.109182085921587291e+00,1.451008989222677403e-01
-1.109182085921587291e+00,1.451008989222677403e-01
-1.187741320930069788e+00,1.285434969049163434e-01
-1.187741320930069788e+00,1.285434969049163434e-01
-1.187741320930069788e+00,1.285434969049163434e-01
-1.407616152586480540e+00,-6.384153739464806798e-02
-1.355765928152721234e+00,-1.357529917550122089e-01
-1.369432088470848630e+00,-2.613977369058979039e-01
-1.369432088470848630e+00,-2.613977369058979039e-01
-1.443034535249347883e+00,-2.263955268513522245e-01
-1.252706241252187880e+00,-2.543774004560919177e-01
-1.252706241252187880e+00,-2.543774004560919177e-01
-1.252706241252187880e+00,-2.543774004560919177e-01
-1.279037557600047004e+00,-1.289266337507284643e-01
-1.279037557600047004e+00,-1.289266337507284643e-01
-1.279037557600047004e+00,-1.289266337507284643e-01
-1.279037557600047004e+00,-1.289266337507284643e-01
-1.259290598254944049e+00,-2.344944500359111839e-01
-1.259290598254944049e+00,-2.344944500359111839e-01
-1.259290598254944049e+00,-2.344944500359111839e-01
-1.259290598254944049e+00,-2.344944500359111839e-01
-1.259290598254944049e+00,-2.344944500359111839e-01
-1.259290598254944049e+00,-2.344944500359111839e-01
-1.282477903422335253e+00,5.794031324116455384e-02
-1.122181106968692665e+00,1.645868384776111998e-02
-1.157304323725157014e+00,-8.380906359755946333e-02
-1.171800254546600861e+00,-1.461471810368200341e-01
-1.065807928977332342e+00,-6.331333773548555865e-02
-1.341355687308334321e+00,2.201183714157728399e-02
-1.341355687308334321e+00,2.201183714157728399e-02
-1.341355687308334321e+00,2.201183714157728399e-02
-1.341355687308334321e+00,2.201183714157728399e-02
-1.370621255179047981e+00,-6.571386451076662027e-02
-1.370621255179047981e+00,-6.571386451076662027e-02
-1.370621255179047981e+00,-6.571386451076662027e-02
-1.326715093877509188e+00,-7.062617664077874835e-02
-1.242238620660812920e+00,-1.276268069317611775e-01
-1.242238620660812920e+00,-1.276268069317611775e-01
-1.225215085224343081e+00,1.079631196043427943e-01
-1.225215085224343081e+00,1.079631196043427943e-01
-1.225215085224343081e+00,1.079631196043427943e-01
-1.323900948226299557e+00,1.560385339610753930e-01
-1.323900948226299557e+00,1.560385339610753930e-01
-1.323900948226299557e+00,1.560385339610753930e-01
-1.323900948226299557e+00,1.560385339610753930e-01
-1.323900948226299557e+00,1.560385339610753930e-01
-1.323900948226299557e+00,1.560385339610753930e-01
-1.323900948226299557e+00,1.560385339610753930e-01
-1.196846848171283284e+00,8.996766655017533754e-02
-1.196846848171283284e+00,8.996766655017533754e-02
-1.180118855850745385e+00,1.904359121071813599e-03
-1.236356366927532591e+00,-7.994009216574149423e-02
-1.203483068958755009e+00,3.902259539691914358e-02
-1.203483068958755009e+00,3.902259539691914358e-02
-1.203483068958755009e+00,3.902259539691914358e-02
-1.301319727739941978e+00,1.299156931749365085e-01
-1.294532310458771374e+00,-5.019305897025122531e-02
-1.294532310458771374e+00,-5.019305897025122531e-02
-1.296860005975243535e+00,-9.314671628828577465e-02
-1.296860005975243535e+00,-9.314671628828577465e-02
-1.296860005975243535e+00,-9.314671628828577465e-02
-1.296860005975243535e+00,-9.314671628828577465e-02
-1.296860005975243535e+00,-9.314671628828577465e-02
-1.296860005975243535e+00,-9.314671628828577465e-02
-1.296860005975243535e+00,-9.314671628828577465e-02
-1.296860005975243535e+00,-9.314671628828577465e-02
-1.346862233091426830e+00,-3.406449352962687832e-02
-1.346862233091426830e+00,-3.406449352962687832e-02
-1.346862233091426830e+00,-3.406449352962687832e-02
-1.380327315694287238e+00,5.441518332684212172e-02
-1.319815110305382344e+00,9.588523769377474415e-02
-1.319815110305382344e+00,9.588523769377474415e-02
-1.319815110305382344e+00,9.588523769377474415e-02
-1.212746527232498428e+00,-6.465820683425105297e-02
-1.212746527232498428e+00,-6.465820683425105297e-02
-1.212746527232498428e+00,-6.465820683425105297e-02
-1.328576965980452051e+00,-8.541501706204365774e-02
-1.328576965980452051e+00,-8.541501706204365774e-02
-1.214189487170194814e+00,9.048156342004098907e-02
-1.214189487170194814e+00,9.048156342004098907e-02
-1.214189487170194814e+00,9.048156342004098907e-02
-1.175476037338653912e+00,1.091673964078282155e-01
-1.175476037338653912e+00,1.091673964078282155e-01
-1.175476037338653912e+00,1.091673964078282155e-01
-1.390024281299275133e+00,-6.442540795306098134e-02
-1.055674958855040035e+00,-2.231234486821554730e-01
-1.097968794057058606e+00,-2.334020411444555909e-01
-1.097968794057058606e+00,-2.334020411444555909e-01
-1.372402572156170120e+00,8.285528205282086112e-02
-1.475820576631969416e+00,9.634559579609407176e-02
-1.475820576631969416e+00,9.634559579609407176e-02
-1.475820576631969416e+00,9.634559579609407176e-02
-1.475820576631969416e+00,9.634559579609407176e-02
-1.355826395911356563e+00,3.480072217844804028e-02
-1.349741277779730853e+00,-1.475745910170994657e-03
-1.349741277779730853e+00,-1.475745910170994657e-03
-1.401663305238997959e+00,7.733744781463358642e-02
-1.401663305238997959e+00,7.733744781463358642e-02
-1.395001552933345268e+00,1.046108074393710397e-02
-1.323482603569516192e+00,-1.950226591811981547e-01
-1.323482603569516192e+00,-1.950226591811981547e-01
-1.142824569942265445e+00,-6.621363377991665300e-02
-1.249041307744635176e+00,-1.839071540274040545e-02
-1.337075794966384734e+00,-5.554216718647318057e-02
-1.337075794966384734e+00,-5.554216718647318057e-02
-1.337075794966384734e+00,-5.554216718647318057e-02
-1.398230248917218477e+00,-3.422707055014116706e-02
-1.398230248917218477e+00,-3.422707055014116706e-02
-1.189572081857227737e+00,2.290967508516990325e-03
-1.189572081857227737e+00,2.290967508516990325e-03
-1.189572081857227737e+00,2.290967508516990325e-03
-1.189572081857227737e+00,2.290967508516990325e-03
-1.189572081857227737e+00,2.290967508516990325e-03
-1.189572081857227737e+00,2.290967508516990325e-03
-1.189572081857227737e+00,2.290967508516990325e-03
-1.237026545465464977e+00,-4.945759357436158715e-02
-1.285253882824151317e+00,-5.492662541314612124e-02
-1.285253882824151317e+00,-5.492662541314612124e-02
-1.285253882824151317e+00,-5.492662541314612124e-02
-1.285253882824151317e+00,-5.492662541314612124e-02
-1.285253882824151317e+00,-5.492662541314612124e-02
-1.285253882824151317e+00,-5.492662541314612124e-02
-1.285253882824151317e+00,-5.492662541314612124e-02
-1.285253882824151317e+00,-5.492662541314612124e-02
-1.285253882824151317e+00,-5.492662541314612124e-02
-1.352385479977856964e+00,-1.498121097764625737e-02
-1.337295857702936352e+00,5.594008490099013770e-02
-1.337295857702936352e+00,5.594008490099013770e-02
-1.337295857702936352e+00,5.594008490099013770e-02
-1.337295857702936352e+00,5.594008490099013770e-02
-1.337295857702936352e+00,5.594008490099013770e-02
-1.297892057783673669e+00,-5.566079457809659098e-02
-1.297892057783673669e+00,-5.566079457809659098e-02
-1.297892057783673669e+00,-5.566079457809659098e-02
-1.448770939948391678e+00,-2.198524033954704915e-01
-1.444155832595300115e+00,-2.371041454798559767e-01
-1.324497928462901930e+00,-2.208478434583405203e-01
-1.324497928462901930e+00,-2.208478434583405203e-01
-1.324497928462901930e+00,-2.208478434583405203e-01
-1.324497928462901930e+00,-2.208478434583405203e-01
-1.324497928462901930e+00,-2.208478434583405203e-01
-1.324497928462901930e+00,-2.208478434583405203e-01
-1.416751220610908968e+00,-1.812385654375328892e-01
-1.416751220610908968e+00,-1.812385654375328892e-01
-1.416751220610908968e+00,-1.812385654375328892e-01
-1.416751220610908968e+00,-1.812385654375328892e-01
-1.416751220610908968e+00,-1.812385654375328892e-01
-1.214020785974116334e+00,-1.453062334373730058e-01
-1.214020785974116334e+00,-1.453062334373730058e-01
-1.309895305826159984e+00,-2.345521323439080374e-01
-1.309895305826159984e+00,-2.345521323439080374e-01
-1.238244971722169963e+00,-1.876897469690362863e-01
-1.238244971722169963e+00,-1.876897469690362863e-01
-1.238244971722169963e+00,-1.876897469690362863e-01
-1.315663331281629045e+00,-1.262123935419018073e-01
-1.211418173214055649e+00,-6.849021757815121347e-02
-1.211418173214055649e+00,-6.849021757815121347e-02
-1.211418173214055649e+00,-6.849021757815121347e-02
-1.211418173214055649e+00,-6.849021757815121347e-02
-1.211418173214055649e+00,-6.849021757815121347e-02
-1.211418173214055649e+00,-6.849021757815121347e-02
-1.211418173214055649e+00,-6.849021757815121347e-02
-1.325227139450813274e+00,2.627605573547348028e-02
-1.325227139450813274e+00,2.627605573547348028e-02
-1.325227139450813274e+00,2.627605573547348028e-02
-1.325227139450813274e+00,2.627605573547348028e-02
-1.325227139450813274e+00,2.627605573547348028e-02
-1.325227139450813274e+00,2.627605573547348028e-02
-1.325227139450813274e+00,2.627605573547348028e-02
-1.354390697061783388e+00,-5.003478277334523494e-02
-1.354390697061783388e+00,-5.003478277334523494e-02
-1.255932333693123182e+00,-5.621498033358095225e-02
-1.255932333693123182e+00,-5.621498033358095225e-02
-1.255932333693123182e+00,-5.621498033358095225e-02
-1.066107519122185376e+00,-1.415957254449757424e-02
-1.066107519122185376e+00,-1.415957254449757424e-02
-1.227405581229244813e+00,8.608167842007921622e-02
-1.184379924221748537e+00,-6.385774483379974553e-02
-1.268706496535009443e+00,1.272947104969518461e-02
-1.089297539426788752e+00,-6.469671564809761910e-02
-1.089297539426788752e+00,-6.469671564809761910e-02
-1.282485293658322867e+00,5.577399646454228588e-02
-1.538621435268778148e+00,-1.167493979010460758e-01
-1.469114158802176773e+00,1.764141696430302220e-01
-1.317189527044994923e+00,1.703125921503397255e-01
-1.121253081886854019e+00,1.321490667942516739e-01
-1.120683837342507649e+00,5.948912464027628078e-02
-1.120683837342507649e+00,5.948912464027628078e-02
-1.220752166377819581e+00,-1.473818299095369655e-02
-1.438633467056414483e+00,7.540075715082912577e-02
-1.438633467056414483e+00,7.540075715082912577e-02
-1.438633467056414483e+00,7.540075715082912577e-02
-1.146459888412747485e+00,-4.488809247540030689e-02
-1.361397068832345347e+00,-3.508232704001115060e-02
-1.361397068832345347e+00,-3.508232704001115060e-02
-1.304085688037015522e+00,-4.040204513792036017e-02
-1.304085688037015522e+00,-4.040204513792036017e-02
-1.304085688037015522e+00,-4.040204513792036017e-02
-1.304085688037015522e+00,-4.040204513792036017e-02
-1.246841774306892248e+00,2.899360707866743131e-02
-1.246841774306892248e+00,2.899360707866743131e-02
-1.246841774306892248e+00,2.899360707866743131e-02
-1.246841774306892248e+00,2.899360707866743131e-02
-1.236973295106841286e+00,9.764640627188966859e-02
-1.236973295106841286e+00,9.764640627188966859e-02
-1.236973295106841286e+00,9.764640627188966859e-02
-1.091442218042118828e+00,-3.570229419651582692e-02
-1.210639725588811721e+00,1.683178662587075936e-01
-1.210639725588811721e+00,1.683178662587075936e-01
-1.210639725588811721e+00,1.683178662587075936e-01
-1.289812834056086377e+00,8.662103552868677392e-02
-1.411351878148057848e+00,7.459245631316886727e-02
-1.411351878148057848e+00,7.459245631316886727e-02
-1.411351878148057848e+00,7.459245631316886727e-02
-1.002119483508846720e+00,1.542700986155996767e-01
-1.002119483508846720e+00,1.542700986155996767e-01
-1.002119483508846720e+00,1.542700986155996767e-01
-9.821445006886094786e-01,6.748444926865429516e-02
-9.821445006886094786e-01,6.748444926865429516e-02
-9.821445006886094786e-01,6.748444926865429516e-02
-9.821445006886094786e-01,6.748444926865429516e-02
-9.821445006886094786e-01,6.748444926865429516e-02
-1.198832642791752168e+00,9.559486640239488187e-02
-1.171188353654406988e+00,-5.979641516990601147e-02
-1.171188353654406988e+00,-5.979641516990601147e-02
-1.309209525676438668e+00,8.120779608685423090e-02
-1.309209525676438668e+00,8.120779608685423090e-02
-1.309209525676438668e+00,8.120779608685423090e-02
-1.309209525676438668e+00,8.120779608685423090e-02
-1.490508975414840842e+00,4.005164921708487258e-02
-1.490508975414840842e+00,4.005164921708487258e-02
-1.533008275245768104e+00,-3.104499679220482089e-03
-1.373335433233815017e+00,2.159351305035158708e-01
-1.373335433233815017e+00,2.159351305035158708e-01
-1.190860370185035988e+00,3.293144399308834402e-01
-1.109552594360154076e+00,2.009793486211504387e-01
-1.109552594360154076e+00,2.009793486211504387e-01
-1.109552594360154076e+00,2.009793486211504387e-01
-1.119204267337819969e+00,1.692364603856558736e-01
-1.113150527771172849e+00,5.332003038227380032e-02
-1.113150527771172849e+00,5.332003038227380032e-02
-1.113150527771172849e+00,5.332003038227380032e-02
-1.125083085343062450e+00,-3.239090727412391457e-02
-1.213136539128822022e+00,-5.631179264936553297e-02
-1.213136539128822022e+00,-5.631179264936553297e-02
-1.213136539128822022e+00,-5.631179264936553297e-02
-1.213136539128822022e+00,-5.631179264936553297e-02
-1.213136539128822022e+00,-5.631179264936553297e-02
-1.213136539128822022e+00,-5.631179264936553297e-02
-1.213136539128822022e+00,-5.631179264936553297e-02
-1.170146672705368873e+00,6.301225086238949891e-02
-1.066667549724845232e+00,-9.320501717339710335e-03
-1.066667549724845232e+00,-9.320501717339710335e-03
-1.074351780558115088e+00,-7.408063486125966712e-02
-1.068827800421615182e+00,-1.064851348130372022e-01
-1.068827800421615182e+00,-1.064851348130372022e-01
-9.762802516601144509e-01,-1.263264914281461149e-01
-9.762802516601144509e-01,-1.263264914281461149e-01
-9.762802516601144509e-01,-1.263264914281461149e-01
-9.762802516601144509e-01,-1.263264914281461149e-01
-1.046898876782867971e+00,-8.209843682915479723e-02
-1.189965454732400119e+00,-7.614517615776125736e-03
-1.377504080057121216e+00,2.413034023761733565e-02
-1.377504080057121216e+00,2.413034023761733565e-02
-1.377504080057121216e+00,2.413034023761733565e-02
-1.352141810832391933e+00,1.659350336429432082e-01
-1.349568504392917756e+00,6.796932209717242157e-02
-1.349568504392917756e+00,6.796932209717242157e-02
-1.349568504392917756e+00,6.796932209717242157e-02
-1.349568504392917756e+00,6.796932209717242157e-02
-1.349568504392917756e+00,6.796932209717242157e-02
-1.349568504392917756e+00,6.796932209717242157e-02
-1.323585081194348367e+00,6.520482936354939085e-03
-1.145196022677246850e+00,6.019211268270435039e-02
-1.213948149431222312e+00,-1.525131392117605733e-01
-1.133823682212413253e+00,9.458436656023921918e-02
-1.100583487897296209e+00,-8.280076075793096901e-02
-1.108987428959416377e+00,-1.155596757232024430e-01
-1.060045061706893055e+00,1.051365962832957468e-01
-1.060045061706893055e+00,1.051365962832957468e-01
-1.060045061706893055e+00,1.051365962832957468e-01
-1.419963178999198439e+00,-9.919165814006292159e-02
-1.304298031642188160e+00,-1.582246734180730030e-01
-1.302786567524861105e+00,4.430199166037959713e-02
-1.240230888312784607e+00,-4.658600540220621256e-02
-1.240230888312784607e+00,-4.658600540220621256e-02
-1.240230888312784607e+00,-4.658600540220621256e-02
-1.240230888312784607e+00,-4.658600540220621256e-02
-1.240230888312784607e+00,-4.658600540220621256e-02
-1.240230888312784607e+00,-4.658600540220621256e-02
-1.197349553960420199e+00,-8.226256444729171391e-03
-1.197349553960420199e+00,-8.226256444729171391e-03
-1.197349553960420199e+00,-8.226256444729171391e-03
-1.278321309351246882e+00,-1.321194785095762270e-01
-1.278321309351246882e+00,-1.321194785095762270e-01
-1.278321309351246882e+00,-1.321194785095762270e-01
-1.278321309351246882e+00,-1.321194785095762270e-01
-1.083078633972358595e+00,-1.791022501263672129e-01
-1.083078633972358595e+00,-1.791022501263672129e-01
-1.083078633972358595e+00,-1.791022501263672129e-01
-1.083078633972358595e+00,-1.791022501263672129e-01
-1.237188515172660708e+00,-8.684430108405995219e-02
-1.237188515172660708e+00,-8.684430108405995219e-02
-1.237188515172660708e+00,-8.684430108405995219e-02
-1.131213451782536961e+00,-1.171578710546136576e-01
-1.131213451782536961e+00,-1.171578710546136576e-01
-1.130353356281516009e+00,3.176815710935011750e-02
-1.092878150865354447e+00,8.040369655928563536e-03
-1.060923298291696071e+00,-3.160697344781158991e-02
-1.318854069053314149e+00,-3.266705917839338863e-02
-1.318854069053314149e+00,-3.266705917839338863e-02
-1.318854069053314149e+00,-3.266705917839338863e-02
-1.318854069053314149e+00,-3.266705917839338863e-02
-1.318854069053314149e+00,-3.266705917839338863e-02
-1.218954902904081594e+00,1.144232732695456833e-01
-1.317131220649637058e+00,9.732025064457110186e-02
-1.243564869514215410e+00,-1.194222070219504855e-01
-1.243564869514215410e+00,-1.194222070219504855e-01
-1.170414609677653095e+00,-9.916550122520613464e-02
-1.156959244251487551e+00,-5.386806609830514098e-02
-1.156959244251487551e+00,-5.386806609830514098e-02
-1.156959244251487551e+00,-5.386806609830514098e-02
-1.228275794285334843e+00,-1.174677350458689928e-01
-1.228275794285334843e+00,-1.174677350458689928e-01
-9.822211655837829181e-01,-1.089037378970743319e-02
-9.716110164020310691e-01,6.045113981072582077e-02
-9.716110164020310691e-01,6.045113981072582077e-02
-9.716110164020310691e-01,6.045113981072582077e-02
-9.236742094084747778e-01,-8.785441321678841287e-03
-9.468879267918584031e-01,-6.109970294675218239e-02
-8.941283567524263010e-01,-4.167858648060079885e-02
-8.684266932984271437e-01,-1.964371216345283527e-02
-9.448785246310245078e-01,-1.454835696427108083e-01
-9.448785246310245078e-01,-1.454835696427108083e-01
-1.007795047394049348e+00,-1.948870754366044677e-01
-1.007795047394049348e+00,-1.948870754366044677e-01
-1.168120845010194753e+00,-4.613803934171539778e-02
-1.168120845010194753e+00,-4.613803934171539778e-02
-1.213080827151991281e+00,-2.072275055680644629e-01
-1.503687274628290993e+00,-1.079077859788800248e-01
-1.501985865588814528e+00,1.517101897270725641e-01
-1.501985865588814528e+00,1.517101897270725641e-01
-1.383602424695314470e+00,-5.471553499816056432e-02
-1.383602424695314470e+00,-5.471553499816056432e-02
-1.383602424695314470e+00,-5.471553499816056432e-02
-1.239823382472368341e+00,-6.812497798848474173e-02
-1.317537340024418580e+00,9.110415803963989312e-04
-1.317537340024418580e+00,9.110415803963989312e-04
-1.317537340024418580e+00,9.110415803963989312e-04
-1.317537340024418580e+00,9.110415803963989312e-04
-1.317537340024418580e+00,9.110415803963989312e-04
-1.317537340024418580e+00,9.110415803963989312e-04
-1.259621135042374940e+00,-6.614809737135540768e-02
-1.259621135042374940e+00,-6.614809737135540768e-02
-1.169500564730785008e+00,3.906424302198760468e-02
-1.169500564730785008e+00,3.906424302198760468e-02
-1.361227274011580723e+00,-7.523802080664772352e-02
-1.361227274011580723e+00,-7.523802080664772352e-02
-1.286164385062100290e+00,4.550056489340745247e-03
-1.286164385062100290e+00,4.550056489340745247e-03
-1.316854319808791196e+00,3.533179096521228690e-02
-1.316854319808791196e+00,3.533179096521228690e-02
-1.316854319808791196e+00,3.533179096521228690e-02
-1.316854319808791196e+00,3.533179096521228690e-02
-1.316854319808791196e+00,3.533179096521228690e-02
-1.204049220907537077e+00,-1.787952000402081021e-01
-1.258780501695863308e+00,-1.940899370013457470e-02
-1.258780501695863308e+00,-1.940899370013457470e-02
-1.258780501695863308e+00,-1.940899370013457470e-02
-1.258780501695863308e+00,-1.940899370013457470e-02
-1.258780501695863308e+00,-1.940899370013457470e-02
-1.258780501695863308e+00,-1.940899370013457470e-02
-1.291803799600203195e+00,3.368831524693299134e-02
-1.290396567132441996e+00,-2.341108642124593159e-02
-1.180482858969832183e+00,6.737566961882526795e-02
-1.180482858969832183e+00,6.737566961882526795e-02
-1.180482858969832183e+00,6.737566961882526795e-02
-1.180482858969832183e+00,6.737566961882526795e-02
-1.180482858969832183e+00,6.737566961882526795e-02
-1.180482858969832183e+00,6.737566961882526795e-02
-1.180482858969832183e+00,6.737566961882526795e-02
-1.180482858969832183e+00,6.737566961882526795e-02
-1.180482858969832183e+00,6.737566961882526795e-02
-1.180482858969832183e+00,6.737566961882526795e-02
-1.360224740539990984e+00,-6.899452823516066813e-02
-1.360224740539990984e+00,-6.899452823516066813e-02
-1.360224740539990984e+00,-6.899452823516066813e-02
-1.360224740539990984e+00,-6.899452823516066813e-02
-1.360224740539990984e+00,-6.899452823516066813e-02
-1.360224740539990984e+00,-6.899452823516066813e-02
-1.321363014030139560e+00,1.460984550373111979e-01
-1.321363014030139560e+00,1.460984550373111979e-01
-1.321363014030139560e+00,1.460984550373111979e-01
-1.321363014030139560e+00,1.460984550373111979e-01
-1.321363014030139560e+00,1.460984550373111979e-01
-1.340989004809999274e+00,1.399033462772330261e-01
-1.231816812601468802e+00,-6.169745328432246767e-02
-1.258348436728876862e+00,-9.672118369304189001e-02
-1.258348436728876862e+00,-9.672118369304189001e-02
-1.424756341181257602e+00,1.287966364538987996e-02
-1.274582630346227319e+00,-1.234125588837356319e-01
-1.274582630346227319e+00,-1.234125588837356319e-01
-1.283593458845965207e+00,-1.165196217881040858e-01
-1.283593458845965207e+00,-1.165196217881040858e-01
-1.283593458845965207e+00,-1.165196217881040858e-01
-1.202653698154659834e+00,7.858695658974550191e-02
-1.202653698154659834e+00,7.858695658974550191e-02
-1.202653698154659834e+00,7.858695658974550191e-02
-1.347497488435330348e+00,3.653366592488260789e-02
-1.294180910233766690e+00,2.588703823973357437e-02
-1.294180910233766690e+00,2.588703823973357437e-02
-1.200396985877784317e+00,-9.778934340028136440e-02
-1.108344001970557713e+00,-8.270251124602231996e-02
-1.108344001970557713e+00,-8.270251124602231996e-02
-1.156846560260083701e+00,-1.273694136250417552e-01
-1.156846560260083701e+00,-1.273694136250417552e-01
-1.310790424277584076e+00,-1.584814694981701022e-01
-1.249903310607722862e+00,4.553955244034452177e-02
-1.249903310607722862e+00,4.553955244034452177e-02
-1.249903310607722862e+00,4.553955244034452177e-02
-1.266406668901683519e+00,-5.520559299125579744e-02
-1.266406668901683519e+00,-5.520559299125579744e-02
-1.266406668901683519e+00,-5.520559299125579744e-02
-1.266406668901683519e+00,-5.520559299125579744e-02
-1.266406668901683519e+00,-5.520559299125579744e-02
-1.266406668901683519e+00,-5.520559299125579744e-02
-1.266406668901683519e+00,-5.520559299125579744e-02
-1.266406668901683519e+00,-5.520559299125579744e-02
-1.266406668901683519e+00,-5.520559299125579744e-02
-1.266406668901683519e+00,-5.520559299125579744e-02
-1.266406668901683519e+00,-5.520559299125579744e-02
-1.263769569268253568e+00,8.583834680688973151e-02
-1.263769569268253568e+00,8.583834680688973151e-02
-1.386227284352639977e+00,5.229244654607909798e-02
-1.386227284352639977e+00,5.229244654607909798e-02
-1.393998475605178866e+00,9.640659716951555103e-02
-1.264550656286502983e+00,1.490033964772581598e-02
-1.264550656286502983e+00,1.490033964772581598e-02
-1.264550656286502983e+00,1.490033964772581598e-02
-1.264550656286502983e+00,1.490033964772581598e-02
-1.264550656286502983e+00,1.490033964772581598e-02
-1.210357085452803405e+00,1.754721171116214659e-02
-1.212309878674788566e+00,2.970999265778760667e-02
-1.175715357541302852e+00,1.693132200512969046e-02
-1.125123908293963915e+00,-1.553309795284293568e-02
-9.281430013879898855e-01,-1.056015685180737573e-01
-9.706365088932179530e-01,-1.539751628274727557e-01
-9.706365088932179530e-01,-1.539751628274727557e-01
-1.090687807338520665e+00,-2.802005990307924188e-01
-1.090687807338520665e+00,-2.802005990307924188e-01
-1.090687807338520665e+00,-2.802005990307924188e-01
-9.774212671648085937e-01,-2.420712659246776477e-01
-9.774212671648085937e-01,-2.420712659246776477e-01
-1.242904149773612854e+00,-3.028444988323969467e-01
-1.242904149773612854e+00,-3.028444988323969467e-01
-1.242904149773612854e+00,-3.028444988323969467e-01
-1.242904149773612854e+00,-3.028444988323969467e-01
-1.242904149773612854e+00,-3.028444988323969467e-01
-1.242904149773612854e+00,-3.028444988323969467e-01
-1.242904149773612854e+00,-3.028444988323969467e-01
-1.242904149773612854e+00,-3.028444988323969467e-01
-1.137089822407958195e+00,-3.412384518565885760e-01
-1.056315664412896149e+00,-2.442878960301319569e-01
-1.189148590129291083e+00,-1.557960480169680306e-01
-1.278135180449965436e+00,-6.172497221813214030e-02
-1.278135180449965436e+00,-6.172497221813214030e-02
-1.278135180449965436e+00,-6.172497221813214030e-02
-1.323387760736835839e+00,6.015323702271328787e-02
-1.323387760736835839e+00,6.015323702271328787e-02
-1.323387760736835839e+00,6.015323702271328787e-02
-1.431078995645277629e+00,-2.056279788991967339e-02
-1.431078995645277629e+00,-2.056279788991967339e-02
-1.431078995645277629e+00,-2.056279788991967339e-02
-1.350428409479150105e+00,-2.654599499160879839e-03
-1.350428409479150105e+00,-2.654599499160879839e-03
-1.350428409479150105e+00,-2.654599499160879839e-03
-1.350428409479150105e+00,-2.654599499160879839e-03
-1.350428409479150105e+00,-2.654599499160879839e-03
-1.318391161773868392e+00,4.215425682188374268e-02
-1.318391161773868392e+00,4.215425682188374268e-02
-1.322764702981628515e+00,1.582174832069001974e-02
-1.206620354968895414e+00,-4.046562714803815519e-02
-1.206620354968895414e+00,-4.046562714803815519e-02
-1.206620354968895414e+00,-4.046562714803815519e-02
-1.206620354968895414e+00,-4.046562714803815519e-02
-1.206620354968895414e+00,-4.046562714803815519e-02
-1.206620354968895414e+00,-4.046562714803815519e-02
-1.295506420891573862e+00,-1.622557028340885360e-02
-1.295506420891573862e+00,-1.622557028340885360e-02
-1.295506420891573862e+00,-1.622557028340885360e-02
-1.260886869881473471e+00,-4.237139363427972621e-03
-1.260886869881473471e+00,-4.237139363427972621e-03
-1.260886869881473471e+00,-4.237139363427972621e-03
-1.260886869881473471e+00,-4.237139363427972621e-03
-1.092090959570162445e+00,-3.125602760642164080e-02
-1.389665610233149495e+00,7.309583969238214740e-02
-1.255297438132645160e+00,1.017916594259181545e-01
-1.255297438132645160e+00,1.017916594259181545e-01
-1.255297438132645160e+00,1.017916594259181545e-01
-1.292865159520179663e+00,4.674441005009222216e-02
-1.164479461730168364e+00,2.690385144657849240e-02
-1.164479461730168364e+00,2.690385144657849240e-02
-1.267354216323961502e+00,-9.987843639546443997e-02
-1.267354216323961502e+00,-9.987843639546443997e-02
-1.208851203341692049e+00,-2.575469396951322876e-02
-1.208851203341692049e+00,-2.575469396951322876e-02
-1.208851203341692049e+00,-2.575469396951322876e-02
-1.208851203341692049e+00,-2.575469396951322876e-02
-1.208851203341692049e+00,-2.575469396951322876e-02
-1.208851203341692049e+00,-2.575469396951322876e-02
-1.280014998867587739e+00,-4.523106610644256342e-03
-1.357255829144094816e+00,-2.770097492349396159e-02
-1.357255829144094816e+00,-2.770097492349396159e-02
-1.241494773042863375e+00,1.443278282315638497e-02
-1.241494773042863375e+00,1.443278282315638497e-02
-1.207889618891275108e+00,1.924167535832880735e-03
-1.185758300420301392e+00,1.637586970445211454e-01
-1.185758300420301392e+00,1.637586970445211454e-01
-1.221204942826100925e+00,-8.210003914249969226e-02
-1.129892747838774580e+00,4.317584839807375729e-02
-1.170717475007818864e+00,1.006479381980046051e-01
-1.226285850955344703e+00,5.062154790507405328e-02
-1.154450557448130299e+00,3.635020840079655757e-02
-1.154450557448130299e+00,3.635020840079655757e-02
-1.183701614266530866e+00,-4.051835243400966902e-02
-1.183701614266530866e+00,-4.051835243400966902e-02
-1.183701614266530866e+00,-4.051835243400966902e-02
-1.288036918709896339e+00,-6.582979684288427225e-02
-1.288036918709896339e+00,-6.582979684288427225e-02
-1.288036918709896339e+00,-6.582979684288427225e-02
-1.288036918709896339e+00,-6.582979684288427225e-02
-1.288036918709896339e+00,-6.582979684288427225e-02
-1.288036918709896339e+00,-6.582979684288427225e-02
-1.288036918709896339e+00,-6.582979684288427225e-02
-1.383249326311421612e+00,-1.036640504204638935e-01
-1.383249326311421612e+00,-1.036640504204638935e-01
-1.494609606874108598e+00,-4.213756652347994125e-03
-1.494609606874108598e+00,-4.213756652347994125e-03
-1.432693281170082322e+00,3.172593275593266898e-02
-1.432693281170082322e+00,3.172593275593266898e-02
-1.432693281170082322e+00,3.172593275593266898e-02
-1.265226128477996648e+00,1.325841377515921959e-01
-1.265226128477996648e+00,1.325841377515921959e-01
-1.195683812200804441e+00,3.803883775311482640e-02
-1.195683812200804441e+00,3.803883775311482640e-02
-1.296061542612107154e+00,-1.317721763098143595e-01
-1.170228284583726408e+00,-5.340407776238613458e-02
-1.170228284583726408e+00,-5.340407776238613458e-02
-1.170228284583726408e+00,-5.340407776238613458e-02
-1.170228284583726408e+00,-5.340407776238613458e-02
-1.170228284583726408e+00,-5.340407776238613458e-02
-1.170228284583726408e+00,-5.340407776238613458e-02
-1.171095036524837596e+00,8.190818616949412101e-02
-1.128262367793028353e+00,-1.103589103492250839e-01
-1.128262367793028353e+00,-1.103589103492250839e-01
-1.128262367793028353e+00,-1.103589103492250839e-01
-1.128262367793028353e+00,-1.103589103492250839e-01
-1.060946474781878424e+00,-7.134292586078583298e-02
-1.020099168925944211e+00,-4.593902644921832312e-02
-1.020099168925944211e+00,-4.593902644921832312e-02
-1.020099168925944211e+00,-4.593902644921832312e-02
-1.048542832253888779e+00,1.067620789989032759e-01
-1.078209917288068143e+00,8.072953765223638001e-02
-1.078209917288068143e+00,8.072953765223638001e-02
-1.078209917288068143e+00,8.072953765223638001e-02
-1.078209917288068143e+00,8.072953765223638001e-02
-1.128884942346398024e+00,-7.597688713816184991e-02
-1.276006530587746823e+00,2.573803581301924159e-02
-1.276006530587746823e+00,2.573803581301924159e-02
-1.276006530587746823e+00,2.573803581301924159e-02
-1.276006530587746823e+00,2.573803581301924159e-02
-1.276006530587746823e+00,2.573803581301924159e-02
-1.276006530587746823e+00,2.573803581301924159e-02
-1.276006530587746823e+00,2.573803581301924159e-02
-1.276006530587746823e+00,2.573803581301924159e-02
-1.276006530587746823e+00,2.573803581301924159e-02
-1.276006530587746823e+00,2.573803581301924159e-02
-1.276006530587746823e+00,2.573803581301924159e-02
-1.276006530587746823e+00,2.573803581301924159e-02
-1.276006530587746823e+00,2.573803581301924159e-02
-1.197044929873995800e+00,-8.314319050375250375e-02
-1.237016297225655759e+00,-6.006966910427083417e-02
-1.191318251475005363e+00,-1.148463305429737874e-01
-1.191318251475005363e+00,-1.148463305429737874e-01
-1.113540535413561461e+00,-1.441333200665142200e-01
-1.113540535413561461e+00,-1.441333200665142200e-01
-1.113540535413561461e+00,-1.441333200665142200e-01
-1.113540535413561461e+00,-1.441333200665142200e-01
-1.113540535413561461e+00,-1.441333200665142200e-01
-1.230258631293213334e+00,-7.286617308463348708e-02
-1.230258631293213334e+00,-7.286617308463348708e-02
-1.305640341361764767e+00,5.400323571786920518e-02
-1.120701917754357568e+00,-3.913368352901124003e-02
-1.120701917754357568e+00,-3.913368352901124003e-02
-1.120701917754357568e+00,-3.913368352901124003e-02
-1.403742589465012847e+00,5.560707576028446619e-02
-1.361980070707962120e+00,2.285032430249424318e-02
-1.361980070707962120e+00,2.285032430249424318e-02
-1.361980070707962120e+00,2.285032430249424318e-02
-1.263703668361669363e+00,1.258006048782021324e-01
-1.263703668361669363e+00,1.258006048782021324e-01
-1.263703668361669363e+00,1.258006048782021324e-01
-1.179946946336253522e+00,-3.238091438264090183e-03
-1.179946946336253522e+00,-3.238091438264090183e-03
-1.179946946336253522e+00,-3.238091438264090183e-03
-1.179946946336253522e+00,-3.238091438264090183e-03
-1.179946946336253522e+00,-3.238091438264090183e-03
-1.174387435787970446e+00,8.394101837441940439e-02
-1.202032573691835360e+00,2.341542047902082091e-01
-1.202032573691835360e+00,2.341542047902082091e-01
-1.199832179194411763e+00,7.459128432961631416e-02
-1.199832179194411763e+00,7.459128432961631416e-02
-1.199832179194411763e+00,7.459128432961631416e-02
-1.199832179194411763e+00,7.459128432961631416e-02
-1.199832179194411763e+00,7.459128432961631416e-02
-1.291698859621860151e+00,-3.894260913926074485e-02
-1.201084978014549165e+00,-5.900133293813509400e-02
-1.208929528915650975e+00,-4.591172167073270111e-02
-1.208929528915650975e+00,-4.591172167073270111e-02
-1.394961585757163336e+00,3.012645632858716033e-02
-1.477041516294938406e+00,-1.195597868508349315e-01
-1.477041516294938406e+00,-1.195597868508349315e-01
-1.182738121178693813e+00,1.304592261162718092e-02
-1.182738121178693813e+00,1.304592261162718092e-02
-1.191997694496721660e+00,1.488758992286344680e-02
-1.211234604998693509e+00,-5.640621085823939451e-02
-1.211234604998693509e+00,-5.640621085823939451e-02
-1.211234604998693509e+00,-5.640621085823939451e-02
-1.211234604998693509e+00,-5.640621085823939451e-02
-1.100577161105768198e+00,-1.588281606469340440e-02
-1.100577161105768198e+00,-1.588281606469340440e-02
-1.059143025747554923e+00,-1.226494140415737913e-02
-1.059143025747554923e+00,-1.226494140415737913e-02
-1.059143025747554923e+00,-1.226494140415737913e-02
-1.119301253857269751e+00,-6.922709562232153002e-02
-1.190245468819170149e+00,-7.307897943170305055e-02
-1.023562603484077904e+00,-2.305750226389018664e-01
-1.023562603484077904e+00,-2.305750226389018664e-01
-1.179532700795066669e+00,-7.098951556602128843e-02
-1.179532700795066669e+00,-7.098951556602128843e-02
-1.179532700795066669e+00,-7.098951556602128843e-02
-1.179532700795066669e+00,-7.098951556602128843e-02
-1.060003538930821776e+00,-3.468389719188263998e-02
-1.060003538930821776e+00,-3.468389719188263998e-02
-1.060003538930821776e+00,-3.468389719188263998e-02
-1.060003538930821776e+00,-3.468389719188263998e-02
-1.175814345340023381e+00,6.554240824275665844e-02
-1.175814345340023381e+00,6.554240824275665844e-02
-1.175814345340023381e+00,6.554240824275665844e-02
-1.176831660782014177e+00,8.386179414848625446e-02
-1.176831660782014177e+00,8.386179414848625446e-02
-1.107122444116548365e+00,-1.740870158757849839e-02
-1.368966168994658394e+00,-4.097015879565048951e-02
-1.214205767579905615e+00,2.922039640711943803e-02
-1.214205767579905615e+00,2.922039640711943803e-02
-1.214205767579905615e+00,2.922039640711943803e-02
-1.214205767579905615e+00,2.922039640711943803e-02
-1.214205767579905615e+00,2.922039640711943803e-02
-1.214205767579905615e+00,2.922039640711943803e-02
-1.214205767579905615e+00,2.922039640711943803e-02
-1.214205767579905615e+00,2.922039640711943803e-02
-1.214205767579905615e+00,2.922039640711943803e-02
-1.214205767579905615e+00,2.922039640711943803e-02
-1.214205767579905615e+00,2.922039640711943803e-02
-1.214205767579905615e+00,2.922039640711943803e-02
-1.214205767579905615e+00,2.922039640711943803e-02
-1.214205767579905615e+00,2.922039640711943803e-02
-1.214205767579905615e+00,2.922039640711943803e-02
-1.214205767579905615e+00,2.922039640711943803e-02
-1.214205767579905615e+00,2.922039640711943803e-02
-1.214205767579905615e+00,2.922039640711943803e-02
-1.214205767579905615e+00,2.922039640711943803e-02
-1.214205767579905615e+00,2.922039640711943803e-02
-1.214205767579905615e+00,2.922039640711943803e-02
-1.214205767579905615e+00,2.922039640711943803e-02
-1.214205767579905615e+00,2.922039640711943803e-02
-1.214205767579905615e+00,2.922039640711943803e-02
-1.214205767579905615e+00,2.922039640711943803e-02
-1.302361336051050866e+00,1.144660068408876186e-01
-1.302361336051050866e+00,1.144660068408876186e-01
-1.302361336051050866e+00,1.144660068408876186e-01
-1.296773760604850390e+00,1.399068230607845298e-01
-1.178516819932487802e+00,1.610866956708097708e-01
-1.078894079043126064e+00,3.501890485552955345e-02
-1.238711967236320266e+00,-2.517594631982950082e-03
-1.238711967236320266e+00,-2.517594631982950082e-03
-1.235166770731067398e+00,-1.782784397678847665e-01
-1.235166770731067398e+00,-1.782784397678847665e-01
-1.274783029688492997e+00,-1.679217083109089126e-01
-1.350202805514291837e+00,-2.358390034661092538e-02
-1.350202805514291837e+00,-2.358390034661092538e-02
-1.216062940954723892e+00,4.874281424472383384e-02
-1.216062940954723892e+00,4.874281424472383384e-02
-1.170580888514707318e+00,-4.512878524200812647e-03
-1.327166784149763856e+00,9.983236411174400970e-02
-1.327166784149763856e+00,9.983236411174400970e-02
-1.327166784149763856e+00,9.983236411174400970e-02
-1.327166784149763856e+00,9.983236411174400970e-02
-1.354692425917439325e+00,-5.252920048537976228e-02
-1.243252712730643417e+00,5.547842389184799716e-02
-1.243252712730643417e+00,5.547842389184799716e-02
-1.243252712730643417e+00,5.547842389184799716e-02
-1.243252712730643417e+00,5.547842389184799716e-02
-1.243252712730643417e+00,5.547842389184799716e-02
-1.243252712730643417e+00,5.547842389184799716e-02
-1.243252712730643417e+00,5.547842389184799716e-02
-1.243252712730643417e+00,5.547842389184799716e-02
-1.243252712730643417e+00,5.547842389184799716e-02
-1.246536126895934737e+00,1.448238659409757378e-01
-1.300223071228888250e+00,6.289583768404537201e-02
-1.300223071228888250e+00,6.289583768404537201e-02
-1.362895763499358148e+00,-5.931474106372693067e-02
-1.362895763499358148e+00,-5.931474106372693067e-02
-1.362895763499358148e+00,-5.931474106372693067e-02
-1.197760245968174875e+00,-8.671648917479567176e-02
-1.260904931769859516e+00,-8.496444466178074140e-02
-1.260904931769859516e+00,-8.496444466178074140e-02
-1.181947478212066693e+00,-8.363652177283900646e-02
-1.308627928556214126e+00,2.582150662651053197e-02
-1.308627928556214126e+00,2.582150662651053197e-02
-1.308627928556214126e+00,2.582150662651053197e-02
-1.447915901215336865e+00,1.077675336900585021e-02
-1.447915901215336865e+00,1.077675336900585021e-02
-1.447915901215336865e+00,1.077675336900585021e-02
-1.383203949285060741e+00,2.017980077306814196e-02
-1.297274777230998932e+00,6.561738178604545335e-02
-1.317373915800362782e+00,-4.474288880404972413e-02
-1.264621104114130423e+00,-1.190866757345739740e-02
-1.335774864700088660e+00,6.086684578322181655e-02
-1.335774864700088660e+00,6.086684578322181655e-02
-1.335774864700088660e+00,6.086684578322181655e-02
-1.257754797300829619e+00,7.124518665972620624e-02
-1.263441683926056047e+00,-1.101515174197575941e-02
-1.237550421454759242e+00,-1.476064361720221263e-01
-1.237550421454759242e+00,-1.476064361720221263e-01
-1.237550421454759242e+00,-1.476064361720221263e-01
-1.237550421454759242e+00,-1.476064361720221263e-01
-1.237550421454759242e+00,-1.476064361720221263e-01
-1.237550421454759242e+00,-1.476064361720221263e-01
-1.392128827189572426e+00,-1.386857868870074173e-01
-1.407639297647083731e+00,-1.628105944356324775e-01
-1.407639297647083731e+00,-1.628105944356324775e-01
-1.407639297647083731e+00,-1.628105944356324775e-01
-1.292451743782855100e+00,-2.470565563730039993e-02
-1.181432220731991167e+00,-9.249648570542548520e-02
-1.181432220731991167e+00,-9.249648570542548520e-02
-1.181432220731991167e+00,-9.249648570542548520e-02
-1.465142586036021655e+00,-7.315640362649228345e-02
-1.465142586036021655e+00,-7.315640362649228345e-02
-1.380008939797947587e+00,4.317585558552612668e-02
-1.380008939797947587e+00,4.317585558552612668e-02
-1.179095450099844733e+00,4.154545655920312969e-02
-1.163762694287538313e+00,-7.601317907249519057e-02
-1.163762694287538313e+00,-7.601317907249519057e-02
-1.163762694287538313e+00,-7.601317907249519057e-02
-1.123259975090214358e+00,-1.735464028325915398e-01
-1.150049922767763189e+00,-2.403144920143424068e-02
-1.268875151423516590e+00,-7.408751829956398971e-02
-1.179437527578474310e+00,-3.410372721409653946e-02
-1.179437527578474310e+00,-3.410372721409653946e-02
-1.168383161246616453e+00,-1.149608984855000349e-01
-1.138626456760701844e+00,-5.775259610492022855e-02
-1.112185553719406972e+00,8.192299408682471307e-02
-1.112185553719406972e+00,8.192299408682471307e-02
-1.112185553719406972e+00,8.192299408682471307e-02
-1.112185553719406972e+00,8.192299408682471307e-02
-1.112185553719406972e+00,8.192299408682471307e-02
-1.169116078133779713e+00,4.299880897840924199e-02
-1.169116078133779713e+00,4.299880897840924199e-02
-1.169116078133779713e+00,4.299880897840924199e-02
-1.273489670579121436e+00,-1.641603698962093572e-02
-1.273489670579121436e+00,-1.641603698962093572e-02
-1.273489670579121436e+00,-1.641603698962093572e-02
-1.273489670579121436e+00,-1.641603698962093572e-02
-1.273489670579121436e+00,-1.641603698962093572e-02
-1.273489670579121436e+00,-1.641603698962093572e-02
-1.273489670579121436e+00,-1.641603698962093572e-02
-1.191347732582261898e+00,2.127753968527041906e-01
-1.121136970307180070e+00,-5.341233866586136969e-03
-1.121136970307180070e+00,-5.341233866586136969e-03
-1.126984957444637114e+00,-9.770688044331461708e-02
-1.126984957444637114e+00,-9.770688044331461708e-02
-1.126984957444637114e+00,-9.770688044331461708e-02
-1.252855877781918981e+00,-4.147343234395507727e-02
-1.136043823445542111e+00,-3.093509182952482173e-02
-1.136043823445542111e+00,-3.093509182952482173e-02
-1.194559262519450327e+00,1.586080228294635408e-02
-1.194559262519450327e+00,1.586080228294635408e-02
-1.165827753287757007e+00,-8.143953349108182249e-02
-1.266251777850320615e+00,-7.379150716255240827e-02
-1.266251777850320615e+00,-7.379150716255240827e-02
-1.307507901072398671e+00,-1.746186595837673217e-02
-1.209369711561905092e+00,-5.573431698842531284e-02
-1.209369711561905092e+00,-5.573431698842531284e-02
-1.209369711561905092e+00,-5.573431698842531284e-02
-1.209369711561905092e+00,-5.573431698842531284e-02
-1.209369711561905092e+00,-5.573431698842531284e-02
-1.332783562732743787e+00,1.287084806154668581e-01
-1.332783562732743787e+00,1.287084806154668581e-01
-1.358367001179170419e+00,-5.595063708527023283e-02
-1.371850083307461166e+00,6.309156035351019820e-02
-1.371850083307461166e+00,6.309156035351019820e-02
-1.371850083307461166e+00,6.309156035351019820e-02
-1.371850083307461166e+00,6.309156035351019820e-02
-1.371850083307461166e+00,6.309156035351019820e-02
-1.467763167156379112e+00,4.269123889220222123e-02
-1.394516801257390082e+00,4.475272429874622288e-02
-1.394516801257390082e+00,4.475272429874622288e-02
-1.394516801257390082e+00,4.475272429874622288e-02
-1.403155905193149700e+00,-1.209337714401118591e-01
-1.310030550094149149e+00,3.151067243172128718e-02
-1.216212125512205366e+00,1.950970448425234233e-02
-1.216212125512205366e+00,1.950970448425234233e-02
-1.216212125512205366e+00,1.950970448425234233e-02
-1.216212125512205366e+00,1.950970448425234233e-02
-1.216212125512205366e+00,1.950970448425234233e-02
-1.277750308186309969e+00,8.475307607727947112e-02
-1.277750308186309969e+00,8.475307607727947112e-02
-1.426827690378322577e+00,4.237236613847283895e-03
-1.426827690378322577e+00,4.237236613847283895e-03
-1.426827690378322577e+00,4.237236613847283895e-03
-1.032622984569341318e+00,-1.372767283807639627e-02
-1.032622984569341318e+00,-1.372767283807639627e-02
-1.032622984569341318e+00,-1.372767283807639627e-02
-1.268299877988560809e+00,-2.220217210947945247e-02
-1.268299877988560809e+00,-2.220217210947945247e-02
-1.268299877988560809e+00,-2.220217210947945247e-02
-1.268299877988560809e+00,-2.220217210947945247e-02
-1.268299877988560809e+00,-2.220217210947945247e-02
-1.268299877988560809e+00,-2.220217210947945247e-02
-1.268299877988560809e+00,-2.220217210947945247e-02
-1.268299877988560809e+00,-2.220217210947945247e-02
-1.268299877988560809e+00,-2.220217210947945247e-02
-1.233540098020695863e+00,-2.248698289767680353e-02
-1.452232001017987217e+00,9.586672486916407443e-03
-1.452232001017987217e+00,9.586672486916407443e-03
-1.452232001017987217e+00,9.586672486916407443e-03
-1.452232001017987217e+00,9.586672486916407443e-03
-1.452232001017987217e+00,9.586672486916407443e-03
-1.452232001017987217e+00,9.586672486916407443e-03
-1.452232001017987217e+00,9.586672486916407443e-03
-1.452232001017987217e+00,9.586672486916407443e-03
-1.452232001017987217e+00,9.586672486916407443e-03
-1.422723040718930410e+00,1.401345415159120991e-02
-1.139687204031724743e+00,-2.164033271975066841e-01
-1.046616167806520448e+00,1.237430213094174725e-01
-1.174556186540363090e+00,2.021398644959794821e-01
-1.174556186540363090e+00,2.021398644959794821e-01
-1.209769169164462310e+00,2.131760765511723776e-01
-1.343016969914141212e+00,1.861664664234333744e-01
-1.343016969914141212e+00,1.861664664234333744e-01
-1.230353938075086084e+00,2.847903810180223982e-01
-1.157608730965475008e+00,4.335947727573291610e-02
-1.157608730965475008e+00,4.335947727573291610e-02
-1.157608730965475008e+00,4.335947727573291610e-02
-1.157608730965475008e+00,4.335947727573291610e-02
-1.123821901273528434e+00,-5.141570383275771705e-02
-1.123821901273528434e+00,-5.141570383275771705e-02
-1.094576727154077167e+00,-2.457385417182852624e-02
-1.101090055702178327e+00,-1.230714696881168441e-01
-1.260859087787757682e+00,6.713060941976324580e-02
-1.257176233506980934e+00,1.437855807892603199e-02
-1.257176233506980934e+00,1.437855807892603199e-02
-1.257176233506980934e+00,1.437855807892603199e-02
-1.257176233506980934e+00,1.437855807892603199e-02
-1.257176233506980934e+00,1.437855807892603199e-02
-1.257176233506980934e+00,1.437855807892603199e-02
-1.257176233506980934e+00,1.437855807892603199e-02
-1.257176233506980934e+00,1.437855807892603199e-02
-1.257176233506980934e+00,1.437855807892603199e-02
-1.257176233506980934e+00,1.437855807892603199e-02
-1.257176233506980934e+00,1.437855807892603199e-02
-1.257176233506980934e+00,1.437855807892603199e-02
-1.257176233506980934e+00,1.437855807892603199e-02
-1.257176233506980934e+00,1.437855807892603199e-02
-1.257176233506980934e+00,1.437855807892603199e-02
-1.364701566532596333e+00,-1.864381900013611232e-02
-1.327277635109691545e+00,-2.465055151696328092e-02
-1.327277635109691545e+00,-2.465055151696328092e-02
-1.327277635109691545e+00,-2.465055151696328092e-02
-1.327277635109691545e+00,-2.465055151696328092e-02
-1.327277635109691545e+00,-2.465055151696328092e-02
-1.352164657625078981e+00,5.143479472891150650e-02
-1.352164657625078981e+00,5.143479472891150650e-02
-1.352164657625078981e+00,5.143479472891150650e-02
-1.352164657625078981e+00,5.143479472891150650e-02
-1.352164657625078981e+00,5.143479472891150650e-02
-1.352164657625078981e+00,5.143479472891150650e-02
-1.352164657625078981e+00,5.143479472891150650e-02
-1.370120907862697912e+00,1.622688657284771241e-01
-1.370120907862697912e+00,1.622688657284771241e-01
-1.370120907862697912e+00,1.622688657284771241e-01
-1.370120907862697912e+00,1.622688657284771241e-01
-1.370120907862697912e+00,1.622688657284771241e-01
-1.370120907862697912e+00,1.622688657284771241e-01
-1.359818504172242593e+00,-6.400486955055217919e-02
-1.524180889544652695e+00,-1.007116385741028686e-01
-1.524180889544652695e+00,-1.007116385741028686e-01
-1.548871235336847674e+00,-9.297957627071035125e-02
-1.292847904557877570e+00,-2.785788869603604834e-01
-1.551318761035684224e+00,-9.229910026358609243e-02
-1.551318761035684224e+00,-9.229910026358609243e-02
-1.551318761035684224e+00,-9.229910026358609243e-02
-1.532871615567947376e+00,1.307213551106633509e-01
-1.105786660734699556e+00,2.858814117460722892e-03
-1.105786660734699556e+00,2.858814117460722892e-03
-1.105786660734699556e+00,2.858814117460722892e-03
-1.253156571591977020e+00,4.745346553485779023e-02
-1.247988810649800273e+00,1.089433293716643714e-01
-1.247988810649800273e+00,1.089433293716643714e-01
-1.239064569496461266e+00,-4.073066302234848446e-02
-1.239064569496461266e+00,-4.073066302234848446e-02
-1.383265271328791846e+00,1.082403003325129731e-01
-1.383265271328791846e+00,1.082403003325129731e-01
-1.379044683155376205e+00,1.186991387723188018e-01
-1.379044683155376205e+00,1.186991387723188018e-01
-1.379044683155376205e+00,1.186991387723188018e-01
-1.428051063413250832e+00,9.319193876582636260e-02
-1.428051063413250832e+00,9.319193876582636260e-02
-1.390667917768201534e+00,1.777294827127570143e-01
-1.168542702090893393e+00,2.507975585996312651e-01
-1.168542702090893393e+00,2.507975585996312651e-01
-1.143850994343078353e+00,-8.908004407590652818e-04
-1.275969443784352952e+00,-1.020378780600471463e-01
-1.275969443784352952e+00,-1.020378780600471463e-01
-1.275969443784352952e+00,-1.020378780600471463e-01
-1.145613243741018250e+00,6.875144816471112641e-04
-1.145613243741018250e+00,6.875144816471112641e-04
-1.145613243741018250e+00,6.875144816471112641e-04
-1.145613243741018250e+00,6.875144816471112641e-04
-1.303579454357099543e+00,-1.051559164792742057e-01
-1.118728262185733957e+00,-4.319999719062050936e-02
-1.189610036020259054e+00,-1.639140445646494748e-02
-1.189610036020259054e+00,-1.639140445646494748e-02
-1.239878282521152286e+00,5.267074022594278593e-02
-1.166159490585164438e+00,-1.001316056375461394e-01
-1.302036718120146430e+00,-2.660804289308615900e-02
-1.382683436278124844e+00,-2.741931555311726346e-02
-1.382683436278124844e+00,-2.741931555311726346e-02
-1.382683436278124844e+00,-2.741931555311726346e-02
-1.341484353944861985e+00,-1.074789557421956393e-01
-1.341484353944861985e+00,-1.074789557421956393e-01
-1.410210132296121577e+00,-1.372505983141296959e-01
-1.410210132296121577e+00,-1.372505983141296959e-01
-1.410210132296121577e+00,-1.372505983141296959e-01
-1.410210132296121577e+00,-1.372505983141296959e-01
-1.410210132296121577e+00,-1.372505983141296959e-01
-1.258781042213763302e+00,1.673900712035694682e-02
-1.258781042213763302e+00,1.673900712035694682e-02
-1.289530659703586046e+00,9.439614522825884313e-02
-1.260114157943036606e+00,9.192125168546895486e-02
-1.260114157943036606e+00,9.192125168546895486e-02
-1.260114157943036606e+00,9.192125168546895486e-02
-1.323160745767411939e+00,7.865543067108908548e-02
-1.425343970982275499e+00,3.966291008926386974e-02
-1.425343970982275499e+00,3.966291008926386974e-02
-1.326203307391803143e+00,-5.808139782465751577e-02
-1.326203307391803143e+00,-5.808139782465751577e-02
-1.443197741908000209e+00,-1.459606552332272378e-03
-1.443197741908000209e+00,-1.459606552332272378e-03
-1.443197741908000209e+00,-1.459606552332272378e-03
-1.443197741908000209e+00,-1.459606552332272378e-03
-1.384799686507373728e+00,-2.157940310275922868e-01
-1.537271865086354827e+00,-7.132285318843381572e-02
-1.537271865086354827e+00,-7.132285318843381572e-02
-1.265503562244541413e+00,-8.108457331610274821e-02
-1.265503562244541413e+00,-8.108457331610274821e-02
-1.265503562244541413e+00,-8.108457331610274821e-02
-1.265503562244541413e+00,-8.108457331610274821e-02
-1.389911061156599903e+00,-7.967964459961872359e-02
-1.355356568363053071e+00,-9.915068510613475605e-02
-1.355356568363053071e+00,-9.915068510613475605e-02
-1.355356568363053071e+00,-9.915068510613475605e-02
-1.355356568363053071e+00,-9.915068510613475605e-02
-1.215172417325578236e+00,4.349580663226057520e-02
-1.215172417325578236e+00,4.349580663226057520e-02
-1.102992566653613560e+00,-3.334304198756236903e-02
-1.124305610722878601e+00,1.440850097209301350e-01
-1.007930200413468480e+00,8.624287681410680584e-02
-1.169660257701810924e+00,8.695534188477739568e-02
-1.169660257701810924e+00,8.695534188477739568e-02
-1.169660257701810924e+00,8.695534188477739568e-02
-1.436661713666387508e+00,7.966304778737125225e-02
-1.436661713666387508e+00,7.966304778737125225e-02
-1.352799738803490026e+00,2.360566556965575796e-02
-1.352799738803490026e+00,2.360566556965575796e-02
-1.206140689544818567e+00,6.952108697915562741e-02
-1.206140689544818567e+00,6.952108697915562741e-02
-1.206140689544818567e+00,6.952108697915562741e-02
-1.206140689544818567e+00,6.952108697915562741e-02
-1.206140689544818567e+00,6.952108697915562741e-02
-1.206140689544818567e+00,6.952108697915562741e-02
-1.206140689544818567e+00,6.952108697915562741e-02
-1.278734394806162911e+00,-6.809400454880296105e-02
-1.278734394806162911e+00,-6.809400454880296105e-02
-1.207399711741872217e+00,-7.030883472942388301e-03
-1.207399711741872217e+00,-7.030883472942388301e-03
-1.207399711741872217e+00,-7.030883472942388301e-03
-1.207399711741872217e+00,-7.030883472942388301e-03
-1.358562389615865840e+00,5.338338096275989375e-02
-1.358562389615865840e+00,5.338338096275989375e-02
-1.401864124757795205e+00,4.616866022285379817e-02
-1.352455622802158919e+00,2.537354802913626903e-02
-1.307399296379602616e+00,-9.036354181379994965e-02
-1.140919520680733434e+00,-6.751274974416381081e-02
-1.140919520680733434e+00,-6.751274974416381081e-02
-1.140919520680733434e+00,-6.751274974416381081e-02
-1.140919520680733434e+00,-6.751274974416381081e-02
-1.140919520680733434e+00,-6.751274974416381081e-02
-1.020177772411026806e+00,3.215506797666040084e-02
-1.170926976024490918e+00,5.489050046322450915e-02
-1.235231522029888618e+00,1.447175404063284487e-01
-1.208239855065587731e+00,7.762945306351888564e-02
-1.461206837647384571e+00,1.310645584019942689e-02
-1.408854031978269417e+00,3.013485494798944300e-02
-1.408854031978269417e+00,3.013485494798944300e-02
-1.408854031978269417e+00,3.013485494798944300e-02
-1.408854031978269417e+00,3.013485494798944300e-02
-1.347378214343687430e+00,1.305002341180790948e-01
-1.347378214343687430e+00,1.305002341180790948e-01
-1.347378214343687430e+00,1.305002341180790948e-01
-1.347378214343687430e+00,1.305002341180790948e-01
-1.289902025654810158e+00,1.923473924172602878e-01
-1.289902025654810158e+00,1.923473924172602878e-01
-1.247080777525888529e+00,1.857996737722199809e-01
-1.350770846493370314e+00,1.939788726893335036e-01
-1.274149295291152395e+00,1.694958743429114123e-01
-1.274149295291152395e+00,1.694958743429114123e-01
-1.249344726531236516e+00,1.539944764766754959e-01
-1.529023655049551067e+00,-6.579152758547662794e-02
-1.199100455913703955e+00,-1.819797653532305992e-01
-1.199100455913703955e+00,-1.819797653532305992e-01
-1.288866608360827559e+00,-1.993231366399151883e-01
-1.077488200054179446e+00,-2.021396263375422331e-01
-1.077488200054179446e+00,-2.021396263375422331e-01
-1.077488200054179446e+00,-2.021396263375422331e-01
-1.077488200054179446e+00,-2.021396263375422331e-01
-1.077488200054179446e+00,-2.021396263375422331e-01
-1.077488200054179446e+00,-2.021396263375422331e-01
-1.013738884045026323e+00,-2.214269922470784580e-01
-1.013738884045026323e+00,-2.214269922470784580e-01
-1.086190922370580125e+00,-1.121460185445127822e-02
-1.269158243925314400e+00,-1.570288407818879184e-01
-1.269158243925314400e+00,-1.570288407818879184e-01
-1.269158243925314400e+00,-1.570288407818879184e-01
-1.267272291378052307e+00,5.049602272898223720e-02
-1.035978800759039586e+00,-6.944131945984761967e-03
-1.091404720288359442e+00,-1.300155149043680236e-01
-1.091404720288359442e+00,-1.300155149043680236e-01
-1.119116941932574827e+00,-1.545960196563898048e-01
-1.090490551410619569e+00,-7.451686578947457062e-02
-1.201279351309536336e+00,-1.019130439553647266e-01
-1.168248700520486016e+00,2.093333404543004650e-02
-1.300450545911707945e+00,-1.505311736569300840e-01
-1.300450545911707945e+00,-1.505311736569300840e-01
-1.300450545911707945e+00,-1.505311736569300840e-01
-1.300450545911707945e+00,-1.505311736569300840e-01
-1.403756874922749143e+00,-5.452706101399834582e-03
-1.403756874922749143e+00,-5.452706101399834582e-03
-1.403756874922749143e+00,-5.452706101399834582e-03
-1.385011877488435905e+00,1.412139108398934584e-01
-1.385011877488435905e+00,1.412139108398934584e-01
-1.385011877488435905e+00,1.412139108398934584e-01
-1.467592762214749325e+00,1.348498505621180399e-01
-1.409651909108070145e+00,-1.586297413159545866e-02
-1.409651909108070145e+00,-1.586297413159545866e-02
-1.416794101884982560e+00,-1.272218559301661195e-02
-1.416794101884982560e+00,-1.272218559301661195e-02
-1.349179186126314711e+00,1.497932330254473504e-03
-1.349179186126314711e+00,1.497932330254473504e-03
-1.349179186126314711e+00,1.497932330254473504e-03
-1.349179186126314711e+00,1.497932330254473504e-03
-1.349179186126314711e+00,1.497932330254473504e-03
-1.349179186126314711e+00,1.497932330254473504e-03
-1.349179186126314711e+00,1.497932330254473504e-03
-1.349179186126314711e+00,1.497932330254473504e-03
-1.357012934729414200e+00,-1.963338826500054396e-02
-1.357012934729414200e+00,-1.963338826500054396e-02
-1.357012934729414200e+00,-1.963338826500054396e-02
-1.357012934729414200e+00,-1.963338826500054396e-02
-1.357012934729414200e+00,-1.963338826500054396e-02
-1.357012934729414200e+00,-1.963338826500054396e-02
-1.357012934729414200e+00,-1.963338826500054396e-02
-1.357012934729414200e+00,-1.963338826500054396e-02
-1.357012934729414200e+00,-1.963338826500054396e-02
-1.333387580076300427e+00,-4.639933223698367026e-02
-1.305371549341151960e+00,6.678899915418537447e-02
-1.305371549341151960e+00,6.678899915418537447e-02
-1.305371549341151960e+00,6.678899915418537447e-02
-1.114310926153098569e+00,4.866366305067086617e-03
-1.114310926153098569e+00,4.866366305067086617e-03
-1.114310926153098569e+00,4.866366305067086617e-03
-1.066589867389544199e+00,-9.701876302674175556e-02
-1.066589867389544199e+00,-9.701876302674175556e-02
-1.066589867389544199e+00,-9.701876302674175556e-02
-1.045319978179635845e+00,-2.337670885565477918e-02
-1.045319978179635845e+00,-2.337670885565477918e-02
-1.045319978179635845e+00,-2.337670885565477918e-02
-1.045319978179635845e+00,-2.337670885565477918e-02
-1.045319978179635845e+00,-2.337670885565477918e-02
-1.126726517543159112e+00,-1.504998145724213976e-01
-1.126726517543159112e+00,-1.504998145724213976e-01
-1.126726517543159112e+00,-1.504998145724213976e-01
-1.305027374848649835e+00,1.309093667393002036e-01
-1.305027374848649835e+00,1.309093667393002036e-01
-1.307732627383913604e+00,5.389330741993826612e-02
-1.307732627383913604e+00,5.389330741993826612e-02
-1.307732627383913604e+00,5.389330741993826612e-02
-1.307732627383913604e+00,5.389330741993826612e-02
-1.307732627383913604e+00,5.389330741993826612e-02
-1.307732627383913604e+00,5.389330741993826612e-02
-1.145550812537766694e+00,-3.850966443233791447e-02
-1.295593605019397243e+00,-1.009017358912771972e-01
-1.371573097779281047e+00,1.914890108786661271e-02
-1.371573097779281047e+00,1.914890108786661271e-02
-1.422541911828032912e+00,-1.213199021458602339e-01
-1.422541911828032912e+00,-1.213199021458602339e-01
-1.422541911828032912e+00,-1.213199021458602339e-01
-1.282886244344452642e+00,1.008332441227160065e-01
-1.294904793305519330e+00,-1.343130092930103769e-01
-1.271237782858232190e+00,9.602141531388760920e-02
-1.271237782858232190e+00,9.602141531388760920e-02
-1.271237782858232190e+00,9.602141531388760920e-02
-1.271237782858232190e+00,9.602141531388760920e-02
-1.271237782858232190e+00,9.602141531388760920e-02
-1.271237782858232190e+00,9.602141531388760920e-02
-1.161550112339339025e+00,2.224581843066312514e-01
-1.162580501197873595e+00,2.018645418547563297e-01
-1.266289817863837985e+00,-7.825054877641407503e-02
-1.266289817863837985e+00,-7.825054877641407503e-02
-1.266289817863837985e+00,-7.825054877641407503e-02
-1.266289817863837985e+00,-7.825054877641407503e-02
-1.266289817863837985e+00,-7.825054877641407503e-02
-1.266289817863837985e+00,-7.825054877641407503e-02
-1.266289817863837985e+00,-7.825054877641407503e-02
-1.266289817863837985e+00,-7.825054877641407503e-02
-1.266289817863837985e+00,-7.825054877641407503e-02
-1.266289817863837985e+00,-7.825054877641407503e-02
-1.266289817863837985e+00,-7.825054877641407503e-02
-1.266289817863837985e+00,-7.825054877641407503e-02
-1.266289817863837985e+00,-7.825054877641407503e-02
-1.266289817863837985e+00,-7.825054877641407503e-02
-1.135191405009386756e+00,-1.264074147642745838e-01
-1.135191405009386756e+00,-1.264074147642745838e-01
-1.373808264598407103e+00,1.782266050191033679e-01
-1.194888873947475894e+00,9.482551306962731796e-02
-1.195163136963192763e+00,-9.754345939916091168e-02
-1.195163136963192763e+00,-9.754345939916091168e-02
-1.209781316137868767e+00,-1.974587184985835409e-01
-1.209781316137868767e+00,-1.974587184985835409e-01
-1.106352517329901364e+00,-1.336986188716818846e-01
-1.106352517329901364e+00,-1.336986188716818846e-01
-1.106352517329901364e+00,-1.336986188716818846e-01
-1.106352517329901364e+00,-1.336986188716818846e-01
-1.224129979024688009e+00,-1.980197610215158055e-01
-1.224129979024688009e+00,-1.980197610215158055e-01
-1.224129979024688009e+00,-1.980197610215158055e-01
-1.224129979024688009e+00,-1.980197610215158055e-01
-1.224129979024688009e+00,-1.980197610215158055e-01
-1.224129979024688009e+00,-1.980197610215158055e-01
-9.920102269641153381e-01,-2.529764979368653854e-02
-9.036325217346239391e-01,3.085382280117666270e-02
-9.131976140193452940e-01,-1.363501815197806499e-01
-1.005898898323552837e+00,1.110351199589809656e-02
-1.005898898323552837e+00,1.110351199589809656e-02
-1.080203005519672521e+00,2.043034613602413146e-02
-1.080203005519672521e+00,2.043034613602413146e-02
-1.132154686574555758e+00,-1.677867048157102303e-01
-1.088060962503107243e+00,-2.133568516586775154e-01
-1.182450496609296131e+00,-1.543067508543711774e-01
-1.182450496609296131e+00,-1.543067508543711774e-01
-1.182450496609296131e+00,-1.543067508543711774e-01
-1.182450496609296131e+00,-1.543067508543711774e-01
-1.182450496609296131e+00,-1.543067508543711774e-01
-1.182450496609296131e+00,-1.543067508543711774e-01
-1.268936160840167693e+00,-7.933872215250509230e-02
-1.268936160840167693e+00,-7.933872215250509230e-02
-1.166060016026502444e+00,3.229999877679279319e-02
-1.166060016026502444e+00,3.229999877679279319e-02
-1.166060016026502444e+00,3.229999877679279319e-02
-1.166060016026502444e+00,3.229999877679279319e-02
-1.227056466215528996e+00,2.776171422653854470e-02
-1.227056466215528996e+00,2.776171422653854470e-02
-1.227056466215528996e+00,2.776171422653854470e-02
-1.227056466215528996e+00,2.776171422653854470e-02
-1.227056466215528996e+00,2.776171422653854470e-02
-1.227056466215528996e+00,2.776171422653854470e-02
-1.253857453709137149e+00,2.024443391347425375e-02
-1.253857453709137149e+00,2.024443391347425375e-02
-1.253857453709137149e+00,2.024443391347425375e-02
-1.253857453709137149e+00,2.024443391347425375e-02
-1.253857453709137149e+00,2.024443391347425375e-02
-1.253857453709137149e+00,2.024443391347425375e-02
-1.253857453709137149e+00,2.024443391347425375e-02
-1.253857453709137149e+00,2.024443391347425375e-02
-1.253857453709137149e+00,2.024443391347425375e-02
-1.253857453709137149e+00,2.024443391347425375e-02
-1.253857453709137149e+00,2.024443391347425375e-02
-1.253857453709137149e+00,2.024443391347425375e-02
-1.366929309475011012e+00,-8.273501606337191339e-03
-1.366929309475011012e+00,-8.273501606337191339e-03
-1.366929309475011012e+00,-8.273501606337191339e-03
-1.366929309475011012e+00,-8.273501606337191339e-03
-1.340880869227369931e+00,-1.601462847521077926e-01
-1.187982533265873331e+00,-1.450225307904266792e-01
-1.187982533265873331e+00,-1.450225307904266792e-01
-1.419729638708824071e+00,-4.668327667239574597e-02
-1.303328372704285032e+00,-1.867424116146233215e-01
-1.303328372704285032e+00,-1.867424116146233215e-01
-1.428111107569972837e+00,-1.355187505766945466e-01
-1.428111107569972837e+00,-1.355187505766945466e-01
-1.428111107569972837e+00,-1.355187505766945466e-01
-1.428111107569972837e+00,-1.355187505766945466e-01
-1.357263712264414446e+00,2.439643550930789551e-02
-1.222195944592577188e+00,7.060289351930143509e-02
-1.222195944592577188e+00,7.060289351930143509e-02
-1.181617314905490046e+00,-2.248394546347250167e-02
-1.181617314905490046e+00,-2.248394546347250167e-02
-1.181617314905490046e+00,-2.248394546347250167e-02
-1.181617314905490046e+00,-2.248394546347250167e-02
-1.181617314905490046e+00,-2.248394546347250167e-02
-1.181617314905490046e+00,-2.248394546347250167e-02
-1.141124180167332858e+00,-2.485735878934992871e-02
-1.141124180167332858e+00,-2.485735878934992871e-02
-1.141124180167332858e+00,-2.485735878934992871e-02
-1.141124180167332858e+00,-2.485735878934992871e-02
-1.151148283025872132e+00,-7.870032213304431479e-02
-1.151148283025872132e+00,-7.870032213304431479e-02
-1.151148283025872132e+00,-7.870032213304431479e-02
-1.120155968353405029e+00,-7.308537583859520126e-03
-1.120155968353405029e+00,-7.308537583859520126e-03
-1.120155968353405029e+00,-7.308537583859520126e-03
-1.120155968353405029e+00,-7.308537583859520126e-03
-1.120155968353405029e+00,-7.308537583859520126e-03
-1.120155968353405029e+00,-7.308537583859520126e-03
-1.120155968353405029e+00,-7.308537583859520126e-03
-1.191978790260122878e+00,-7.107979119963570014e-02
-1.191978790260122878e+00,-7.107979119963570014e-02
-1.424793190113512686e+00,-3.177225425747347287e-02
-1.337517583179598679e+00,-9.415656663213615996e-02
-1.103131002951675432e+00,-3.791519753632942996e-02
-1.087121739931778741e+00,-2.182545226322582799e-01
-1.087121739931778741e+00,-2.182545226322582799e-01
-1.119154047122905338e+00,-1.019450940455585986e-01
-1.361957148874321177e+00,-6.042490528349445805e-02
-1.439565835856400078e+00,1.921133371354228486e-02
-1.439565835856400078e+00,1.921133371354228486e-02
-1.439565835856400078e+00,1.921133371354228486e-02
-1.439565835856400078e+00,1.921133371354228486e-02
-1.267512078898445083e+00,-3.601045983145425428e-02
-1.274873839784458118e+00,-1.922986055152253043e-02
-1.108098599367564940e+00,1.989731059700512450e-01
-1.108098599367564940e+00,1.989731059700512450e-01
-1.108098599367564940e+00,1.989731059700512450e-01
-1.108098599367564940e+00,1.989731059700512450e-01
-1.266187149889128172e+00,1.566390469598288315e-01
-1.255981223268149760e+00,7.758276487542345445e-02
-1.258579687846062667e+00,-1.035642002451519217e-01
-1.258579687846062667e+00,-1.035642002451519217e-01
-1.045734716900437622e+00,-6.973850045180438051e-02
-1.045734716900437622e+00,-6.973850045180438051e-02
-1.045734716900437622e+00,-6.973850045180438051e-02
-1.045734716900437622e+00,-6.973850045180438051e-02
-1.045734716900437622e+00,-6.973850045180438051e-02
-1.207753115914603326e+00,-1.976604067602951431e-01
-1.246619413316279568e+00,-6.998520852797893155e-02
-1.246619413316279568e+00,-6.998520852797893155e-02
-1.274927178214426249e+00,1.278022831559058603e-02
-1.274927178214426249e+00,1.278022831559058603e-02
-1.274927178214426249e+00,1.278022831559058603e-02
-1.274927178214426249e+00,1.278022831559058603e-02
-1.192971082132452842e+00,3.000715261389828858e-02
-1.261994882510913962e+00,1.091488740866640092e-02
-1.261994882510913962e+00,1.091488740866640092e-02
-1.236637768754793365e+00,3.814003575541620450e-02
-1.285862085607001326e+00,6.955711669062916713e-02
-1.285862085607001326e+00,6.955711669062916713e-02
-1.285862085607001326e+00,6.955711669062916713e-02
-1.285862085607001326e+00,6.955711669062916713e-02
-1.361233091281492280e+00,5.839038293726388912e-02
-1.378376911835818897e+00,-1.565937694276772763e-01
-1.378376911835818897e+00,-1.565937694276772763e-01
-1.378376911835818897e+00,-1.565937694276772763e-01
-1.378376911835818897e+00,-1.565937694276772763e-01
-1.378376911835818897e+00,-1.565937694276772763e-01
-1.254664818713355112e+00,1.077312785511911897e-01
-1.254664818713355112e+00,1.077312785511911897e-01
-1.216433601995132952e+00,7.889060703473181613e-02
-1.216433601995132952e+00,7.889060703473181613e-02
-1.216433601995132952e+00,7.889060703473181613e-02
-1.216433601995132952e+00,7.889060703473181613e-02
-1.216433601995132952e+00,7.889060703473181613e-02
-1.216433601995132952e+00,7.889060703473181613e-02
-1.216433601995132952e+00,7.889060703473181613e-02
-1.216433601995132952e+00,7.889060703473181613e-02
-1.243310509038082934e+00,-5.016984049786586686e-02
-1.243310509038082934e+00,-5.016984049786586686e-02
-1.062326939221582389e+00,9.158515647124637615e-03
-1.062326939221582389e+00,9.158515647124637615e-03
-1.062326939221582389e+00,9.158515647124637615e-03
-1.062326939221582389e+00,9.158515647124637615e-03
-1.062326939221582389e+00,9.158515647124637615e-03
-1.062326939221582389e+00,9.158515647124637615e-03
-1.062326939221582389e+00,9.158515647124637615e-03
-1.134354269682385841e+00,-1.965257770859996922e-01
-1.363586818400732703e+00,-1.373256227760867587e-01
-1.363586818400732703e+00,-1.373256227760867587e-01
-1.358839624581484662e+00,1.105360430233631730e-02
-1.358839624581484662e+00,1.105360430233631730e-02
-1.358839624581484662e+00,1.105360430233631730e-02
-1.348067005852904732e+00,-1.503598806722390435e-01
-1.348067005852904732e+00,-1.503598806722390435e-01
-1.293174921045585624e+00,-8.238198132552149167e-02
-1.316134852032170288e+00,-2.730285181885402923e-02
-1.285596125605066531e+00,5.115937374387145853e-02
-1.285596125605066531e+00,5.115937374387145853e-02
-1.285596125605066531e+00,5.115937374387145853e-02
-1.157149003962762102e+00,5.262175366498657997e-02
-1.343621509500813938e+00,-1.243176513974113967e-02
-1.327907767796402849e+00,1.093775822283820087e-01
-1.438126261360069158e+00,-1.300431160883160076e-01
-1.438126261360069158e+00,-1.300431160883160076e-01
-1.438126261360069158e+00,-1.300431160883160076e-01
-1.178947706818139318e+00,3.907017520966304946e-02
-1.297916327758281030e+00,1.353496611529170779e-01
-1.297916327758281030e+00,1.353496611529170779e-01
-1.297916327758281030e+00,1.353496611529170779e-01
-1.297916327758281030e+00,1.353496611529170779e-01
-1.297916327758281030e+00,1.353496611529170779e-01
-1.260238636313143701e+00,5.160648995287750451e-02
-1.260238636313143701e+00,5.160648995287750451e-02
-1.260238636313143701e+00,5.160648995287750451e-02
-1.260238636313143701e+00,5.160648995287750451e-02
-1.260238636313143701e+00,5.160648995287750451e-02
-1.260238636313143701e+00,5.160648995287750451e-02
-1.121895442666315690e+00,8.318055078022265625e-02
-1.155013707811068491e+00,2.076942748547722095e-01
-1.155013707811068491e+00,2.076942748547722095e-01
-1.155013707811068491e+00,2.076942748547722095e-01
-1.140828260888065770e+00,3.522469431969316167e-02
-1.140828260888065770e+00,3.522469431969316167e-02
-1.112478448451121205e+00,6.241830810675493002e-02
-1.453497371395406024e+00,6.754068665086444823e-02
-1.453497371395406024e+00,6.754068665086444823e-02
-1.437057813983632748e+00,1.143052064509080118e-01
-1.437057813983632748e+00,1.143052064509080118e-01
-1.331308146924846447e+00,1.998385040691031123e-01
-1.331308146924846447e+00,1.998385040691031123e-01
-1.331308146924846447e+00,1.998385040691031123e-01
-1.331308146924846447e+00,1.998385040691031123e-01
-1.331308146924846447e+00,1.998385040691031123e-01
-1.404403743401019700e+00,-6.479036703363114102e-02
-1.272661501113924620e+00,-2.298362018097949711e-01
-1.272661501113924620e+00,-2.298362018097949711e-01
-1.272661501113924620e+00,-2.298362018097949711e-01
-1.272661501113924620e+00,-2.298362018097949711e-01
-1.272661501113924620e+00,-2.298362018097949711e-01
-1.224460117221255029e+00,-2.232553399946179962e-01
-1.064404454790136567e+00,-1.871184035381863731e-01
-1.064404454790136567e+00,-1.871184035381863731e-01
-1.114001185994557108e+00,-1.826499816900783169e-01
-1.119265992361868411e+00,-1.222467416279933716e-01
-1.174438309286654381e+00,-2.777195417993649773e-02
-1.174438309286654381e+00,-2.777195417993649773e-02
-1.326181786170919752e+00,-9.239507885093822814e-02
-1.353961249698448333e+00,-4.074139516373752323e-02
-1.353961249698448333e+00,-4.074139516373752323e-02
-1.353961249698448333e+00,-4.074139516373752323e-02
-1.353961249698448333e+00,-4.074139516373752323e-02
-1.353961249698448333e+00,-4.074139516373752323e-02
-1.353961249698448333e+00,-4.074139516373752323e-02
-1.148081556311673523e+00,-7.652638150124876915e-02
-1.180060142946182777e+00,-5.608981695275388341e-02
-1.180060142946182777e+00,-5.608981695275388341e-02
-1.180060142946182777e+00,-5.608981695275388341e-02
-1.180060142946182777e+00,-5.608981695275388341e-02
-1.216800876355810912e+00,-3.574107930041633963e-02
-1.216800876355810912e+00,-3.574107930041633963e-02
-1.216800876355810912e+00,-3.574107930041633963e-02
-1.361560895460161458e+00,-2.138814322483518701e-02
-1.226292222017934863e+00,4.630103051674289844e-03
-1.226292222017934863e+00,4.630103051674289844e-03
-1.226292222017934863e+00,4.630103051674289844e-03
-1.204591785293130268e+00,1.587308202968266274e-03
-1.204591785293130268e+00,1.587308202968266274e-03
-1.204591785293130268e+00,1.587308202968266274e-03
-1.204591785293130268e+00,1.587308202968266274e-03
-1.204591785293130268e+00,1.587308202968266274e-03
-1.204591785293130268e+00,1.587308202968266274e-03
-1.204591785293130268e+00,1.587308202968266274e-03
-1.204591785293130268e+00,1.587308202968266274e-03
-1.254823866904462681e+00,3.206402109200729746e-03
-1.254823866904462681e+00,3.206402109200729746e-03
-1.254823866904462681e+00,3.206402109200729746e-03
-1.303562208864723404e+00,-8.582034464633188364e-02
-1.204176458294313967e+00,6.358012652206766757e-02
-1.204176458294313967e+00,6.358012652206766757e-02
-1.238628588654170137e+00,1.700524525008079851e-02
-1.238628588654170137e+00,1.700524525008079851e-02
-1.238628588654170137e+00,1.700524525008079851e-02
-1.238628588654170137e+00,1.700524525008079851e-02
-1.238628588654170137e+00,1.700524525008079851e-02
-1.312869012245637013e+00,8.780475031946163855e-02
-1.202335221295477208e+00,1.120572461225530642e-01
-1.202335221295477208e+00,1.120572461225530642e-01
-1.202335221295477208e+00,1.120572461225530642e-01
-1.202335221295477208e+00,1.120572461225530642e-01
-1.202335221295477208e+00,1.120572461225530642e-01
-1.202335221295477208e+00,1.120572461225530642e-01
-9.878467711070781920e-01,9.159305358961622456e-02
-1.200555407785068862e+00,2.057377105568273246e-01
-1.045870999279165936e+00,2.050807292606035281e-01
-1.359963403204921928e+00,2.132950077117964083e-01
-1.390811372690969439e+00,-4.511972048501353139e-02
-1.431488025472509307e+00,5.347222283173458379e-02
-1.233366173500624718e+00,-4.241289367060069315e-02
-1.233366173500624718e+00,-4.241289367060069315e-02
-1.233366173500624718e+00,-4.241289367060069315e-02
-1.357397057629587511e+00,4.187258075384926725e-02
-1.357397057629587511e+00,4.187258075384926725e-02
-1.357397057629587511e+00,4.187258075384926725e-02
-1.357397057629587511e+00,4.187258075384926725e-02
-1.357397057629587511e+00,4.187258075384926725e-02
-1.357397057629587511e+00,4.187258075384926725e-02
-1.380021181186183332e+00,6.658332143298015260e-02
-1.380021181186183332e+00,6.658332143298015260e-02
-1.380021181186183332e+00,6.658332143298015260e-02
-1.380021181186183332e+00,6.658332143298015260e-02
-1.380021181186183332e+00,6.658332143298015260e-02
-1.380021181186183332e+00,6.658332143298015260e-02
-1.380021181186183332e+00,6.658332143298015260e-02
-1.380021181186183332e+00,6.658332143298015260e-02
-1.380021181186183332e+00,6.658332143298015260e-02
-1.380021181186183332e+00,6.658332143298015260e-02
-1.380021181186183332e+00,6.658332143298015260e-02
-1.215026896042621596e+00,-1.050551304183911239e-01
-1.215026896042621596e+00,-1.050551304183911239e-01
-1.269224677058583550e+00,-7.253958624375511643e-02
-1.267934571116129616e+00,9.960327721718409411e-02
-1.267934571116129616e+00,9.960327721718409411e-02
-1.267934571116129616e+00,9.960327721718409411e-02
-1.267934571116129616e+00,9.960327721718409411e-02
-1.349505338807987620e+00,2.227596296958389566e-02
-1.349505338807987620e+00,2.227596296958389566e-02
-1.349505338807987620e+00,2.227596296958389566e-02
-1.160350642843747559e+00,1.973921147139875154e-01
-1.160350642843747559e+00,1.973921147139875154e-01
-1.240960906461989754e+00,1.884864290907203033e-01
-1.240960906461989754e+00,1.884864290907203033e-01
-1.240960906461989754e+00,1.884864290907203033e-01
-1.240960906461989754e+00,1.884864290907203033e-01
-1.476732995749418409e+00,-1.181161618053045148e-01
-1.289227677703765007e+00,-1.201037816668301395e-01
-1.289227677703765007e+00,-1.201037816668301395e-01
-1.289227677703765007e+00,-1.201037816668301395e-01
-1.289227677703765007e+00,-1.201037816668301395e-01
-1.289227677703765007e+00,-1.201037816668301395e-01
-1.402882108123283844e+00,-8.397514346803328089e-02
-1.194751301505097230e+00,6.014455494625486898e-02
-1.194751301505097230e+00,6.014455494625486898e-02
-1.194751301505097230e+00,6.014455494625486898e-02
-1.194751301505097230e+00,6.014455494625486898e-02
-1.194751301505097230e+00,6.014455494625486898e-02
-1.194751301505097230e+00,6.014455494625486898e-02
-1.194751301505097230e+00,6.014455494625486898e-02
-1.194751301505097230e+00,6.014455494625486898e-02
-1.240449475380471789e+00,7.306988666115010744e-02
-1.188381915742822814e+00,1.003871029004921034e-01
-1.073091322743236153e+00,-2.264953895140135731e-02
-1.260093416023846169e+00,3.273029285906686736e-02
-1.260093416023846169e+00,3.273029285906686736e-02
-1.265371205812346966e+00,-4.537228912725413399e-02
-1.265371205812346966e+00,-4.537228912725413399e-02
-1.295337440191254297e+00,1.274891841176327423e-01
-1.124325332852692982e+00,8.262851338428477133e-02
-1.124325332852692982e+00,8.262851338428477133e-02
-1.087874734328466930e+00,1.124615003717402140e-01
-1.092615419288919920e+00,4.989243096220022378e-02
-1.092615419288919920e+00,4.989243096220022378e-02
-1.209392767980066230e+00,-1.676034925285067867e-01
-1.209392767980066230e+00,-1.676034925285067867e-01
-1.209392767980066230e+00,-1.676034925285067867e-01
-1.209392767980066230e+00,-1.676034925285067867e-01
-1.209392767980066230e+00,-1.676034925285067867e-01
-1.165892460559700083e+00,-1.747939768664735216e-01
-1.165892460559700083e+00,-1.747939768664735216e-01
-1.070301764243295928e+00,-2.667574115793322487e-02
-1.334971294168105782e+00,9.467063985230984857e-03
-1.334971294168105782e+00,9.467063985230984857e-03
-1.187960013453587482e+00,4.412779696740719293e-02
-1.187960013453587482e+00,4.412779696740719293e-02
-1.187960013453587482e+00,4.412779696740719293e-02
-1.187960013453587482e+00,4.412779696740719293e-02
-1.187960013453587482e+00,4.412779696740719293e-02
-1.187960013453587482e+00,4.412779696740719293e-02
-1.187960013453587482e+00,4.412779696740719293e-02
-1.187960013453587482e+00,4.412779696740719293e-02
-1.187960013453587482e+00,4.412779696740719293e-02
-1.187960013453587482e+00,4.412779696740719293e-02
-1.211919302880548166e+00,-7.019433629792853901e-02
-1.221123233949005682e+00,9.356524191726692252e-02
-1.290896558461658961e+00,-6.078809427388590092e-02
-1.133708896328454729e+00,2.108447826341834641e-02
-1.133708896328454729e+00,2.108447826341834641e-02
-1.133708896328454729e+00,2.108447826341834641e-02
-1.364444947935713914e+00,3.520233966514817181e-02
-1.332618841351055572e+00,-9.644439717617490915e-03
-1.332618841351055572e+00,-9.644439717617490915e-03
-1.332618841351055572e+00,-9.644439717617490915e-03
-1.375624440434889184e+00,-2.731408047388812071e-02
-1.375624440434889184e+00,-2.731408047388812071e-02
-1.375624440434889184e+00,-2.731408047388812071e-02
-1.375624440434889184e+00,-2.731408047388812071e-02
-1.346884274682895954e+00,-1.486002957094782473e-01
-1.346884274682895954e+00,-1.486002957094782473e-01
-1.346884274682895954e+00,-1.486002957094782473e-01
-1.346884274682895954e+00,-1.486002957094782473e-01
-1.262096750328590922e+00,1.574615742460030443e-01
-1.262096750328590922e+00,1.574615742460030443e-01
-1.260900336183282011e+00,-2.728035274367610064e-02
-1.260900336183282011e+00,-2.728035274367610064e-02
-1.260900336183282011e+00,-2.728035274367610064e-02
-1.260900336183282011e+00,-2.728035274367610064e-02
-1.326016014549629141e+00,5.283550854861719659e-02
-1.326016014549629141e+00,5.283550854861719659e-02
-1.326016014549629141e+00,5.283550854861719659e-02
-1.326016014549629141e+00,5.283550854861719659e-02
-1.326016014549629141e+00,5.283550854861719659e-02
-1.326016014549629141e+00,5.283550854861719659e-02
-1.440712501631720821e+00,4.914011153867409859e-02
-1.440712501631720821e+00,4.914011153867409859e-02
-1.440712501631720821e+00,4.914011153867409859e-02
-1.440712501631720821e+00,4.914011153867409859e-02
-1.440712501631720821e+00,4.914011153867409859e-02
-1.291748652278784437e+00,-1.542200629818928082e-01
-1.291748652278784437e+00,-1.542200629818928082e-01
-1.291748652278784437e+00,-1.542200629818928082e-01
-1.381108944095855273e+00,-1.466405467621330061e-01
-1.381108944095855273e+00,-1.466405467621330061e-01
-1.381108944095855273e+00,-1.466405467621330061e-01
-1.225078189490238056e+00,1.695972572367698827e-02
-1.225078189490238056e+00,1.695972572367698827e-02
-1.168167844064365024e+00,-8.428776930826374636e-02
-1.292057401747302992e+00,5.218662354332907760e-02
-1.292057401747302992e+00,5.218662354332907760e-02
-1.095811016317999487e+00,-2.955047095195374729e-02
-1.095811016317999487e+00,-2.955047095195374729e-02
-1.092875144638721263e+00,-6.662817823980693444e-02
-1.092875144638721263e+00,-6.662817823980693444e-02
-1.092875144638721263e+00,-6.662817823980693444e-02
-1.323422526800861698e+00,-1.523257568225680758e-01
-1.155548147837055506e+00,-1.656973600594862095e-01
-1.155548147837055506e+00,-1.656973600594862095e-01
-1.176859993397998183e+00,-3.154509698840039511e-01
-1.176859993397998183e+00,-3.154509698840039511e-01
-1.176859993397998183e+00,-3.154509698840039511e-01
-1.143733035989029423e+00,-2.175304797341610086e-01
-1.229782957702423740e+00,-2.204790171224071949e-01
-1.229782957702423740e+00,-2.204790171224071949e-01
-1.229782957702423740e+00,-2.204790171224071949e-01
-1.229782957702423740e+00,-2.204790171224071949e-01
-1.062719807248207804e+00,2.040102384330144680e-02
-1.011056708715170727e+00,-1.234781851318058621e-01
-1.011056708715170727e+00,-1.234781851318058621e-01
-1.011056708715170727e+00,-1.234781851318058621e-01
-1.019879283146242210e+00,1.057522327969816767e-01
-1.019879283146242210e+00,1.057522327969816767e-01
-1.228174379275986494e+00,-4.343450455950556566e-02
-1.228174379275986494e+00,-4.343450455950556566e-02
-1.213648587062432060e+00,-9.428031684079254959e-02
-1.228907848764338118e+00,-5.497323697550687838e-02
-1.228907848764338118e+00,-5.497323697550687838e-02
-1.228907848764338118e+00,-5.497323697550687838e-02
-1.228907848764338118e+00,-5.497323697550687838e-02
-1.228907848764338118e+00,-5.497323697550687838e-02
-1.270862872124806753e+00,-1.329324568814735374e-01
-1.270862872124806753e+00,-1.329324568814735374e-01
-1.270862872124806753e+00,-1.329324568814735374e-01
-1.270862872124806753e+00,-1.329324568814735374e-01
-1.285556842137794309e+00,-7.407370514709787912e-02
-1.285556842137794309e+00,-7.407370514709787912e-02
-1.339148947897694786e+00,1.535540790254784072e-01
-1.339148947897694786e+00,1.535540790254784072e-01
-1.339148947897694786e+00,1.535540790254784072e-01
-1.253646627879631437e+00,8.234339949015395677e-02
-1.253646627879631437e+00,8.234339949015395677e-02
-1.253646627879631437e+00,8.234339949015395677e-02
-1.253646627879631437e+00,8.234339949015395677e-02
-1.232708189924509590e+00,-2.923404443979980838e-02
-1.232708189924509590e+00,-2.923404443979980838e-02
-1.232708189924509590e+00,-2.923404443979980838e-02
-1.309640739503780793e+00,2.935730169716974092e-02
-1.226181524209615237e+00,1.018628173088550679e-02
-1.226181524209615237e+00,1.018628173088550679e-02
-1.226181524209615237e+00,1.018628173088550679e-02
-1.226181524209615237e+00,1.018628173088550679e-02
-1.226181524209615237e+00,1.018628173088550679e-02
-1.208780088731306046e+00,6.050795630219188773e-03
-1.208780088731306046e+00,6.050795630219188773e-03
-1.163727208017555359e+00,-3.185554611094432165e-02
-1.282038440966176029e+00,-8.504379180183199716e-02
-1.392834482911879945e+00,1.393713862977589979e-02
-1.570126060727524919e+00,-4.383791727671921407e-02
-1.393770675747294074e+00,2.222170194336621774e-01
-1.393770675747294074e+00,2.222170194336621774e-01
-1.393770675747294074e+00,2.222170194336621774e-01
-1.204466916375431573e+00,-4.759092663567732195e-02
-1.267932205450890804e+00,-6.163291303335697441e-02
-1.267932205450890804e+00,-6.163291303335697441e-02
-1.267932205450890804e+00,-6.163291303335697441e-02
-1.267932205450890804e+00,-6.163291303335697441e-02
-1.267932205450890804e+00,-6.163291303335697441e-02
-1.267932205450890804e+00,-6.163291303335697441e-02
-1.205689061472087653e+00,9.996706154370962882e-02
-1.205689061472087653e+00,9.996706154370962882e-02
-1.205689061472087653e+00,9.996706154370962882e-02
-1.246226241973691140e+00,-7.820626981060729843e-02
-1.246226241973691140e+00,-7.820626981060729843e-02
-1.352397991307980663e+00,-7.897219550196790672e-02
-1.352397991307980663e+00,-7.897219550196790672e-02
-1.148815479400209449e+00,8.299474670835124690e-02
-1.148815479400209449e+00,8.299474670835124690e-02
-1.148815479400209449e+00,8.299474670835124690e-02
-1.148815479400209449e+00,8.299474670835124690e-02
-1.217852931676386863e+00,5.344308259416249984e-02
-1.217852931676386863e+00,5.344308259416249984e-02
-1.217852931676386863e+00,5.344308259416249984e-02
-1.345478457579974974e+00,-1.438121993445325153e-02
-1.329955574093769188e+00,-3.102360178885745293e-02
-1.329955574093769188e+00,-3.102360178885745293e-02
-1.295745160592957079e+00,2.080006270945848959e-02
-1.174235775817388472e+00,-2.264928235734653753e-02
-1.174235775817388472e+00,-2.264928235734653753e-02
-1.274309775145846091e+00,9.193539819161947180e-02
-1.274309775145846091e+00,9.193539819161947180e-02
-1.357527374420906208e+00,3.788884871817470301e-02
-1.235910839382902804e+00,1.220038303226940596e-01
-1.428317299224626025e+00,1.359602984377233093e-01
-1.428317299224626025e+00,1.359602984377233093e-01
-1.428317299224626025e+00,1.359602984377233093e-01
-1.459204695794480866e+00,4.952207849082318480e-03
-1.459204695794480866e+00,4.952207849082318480e-03
-1.459204695794480866e+00,4.952207849082318480e-03
-1.459204695794480866e+00,4.952207849082318480e-03
-1.463629136279705367e+00,4.637238578298216035e-02
-1.463629136279705367e+00,4.637238578298216035e-02
-1.347559544432565204e+00,1.175285318974583770e-01
-1.290011062848400503e+00,-1.197366683389433362e-01
-1.290011062848400503e+00,-1.197366683389433362e-01
-1.290011062848400503e+00,-1.197366683389433362e-01
-1.249721929459540526e+00,-5.574451528050781979e-02
-1.249721929459540526e+00,-5.574451528050781979e-02
-1.249721929459540526e+00,-5.574451528050781979e-02
-1.232961754490373263e+00,-4.831807737507898964e-02
-1.232961754490373263e+00,-4.831807737507898964e-02
-1.232961754490373263e+00,-4.831807737507898964e-02
-1.138988157906547727e+00,-2.412040484527901152e-02
-1.138988157906547727e+00,-2.412040484527901152e-02
-1.138988157906547727e+00,-2.412040484527901152e-02
-1.432556393566418507e+00,1.918379515456577339e-02
-1.432556393566418507e+00,1.918379515456577339e-02
-1.432556393566418507e+00,1.918379515456577339e-02
-1.413472922855795622e+00,6.672872282524430765e-02
-1.413472922855795622e+00,6.672872282524430765e-02
-1.413472922855795622e+00,6.672872282524430765e-02
-1.413472922855795622e+00,6.672872282524430765e-02
-1.304254965436590252e+00,-9.025027884584552185e-02
-1.165657353263967799e+00,-1.313940619149057409e-01
-1.165657353263967799e+00,-1.313940619149057409e-01
-1.165657353263967799e+00,-1.313940619149057409e-01
-1.165657353263967799e+00,-1.313940619149057409e-01
-1.422870594850591974e+00,1.221250104754887655e-01
-1.422870594850591974e+00,1.221250104754887655e-01
-1.308262833118595703e+00,-4.520574684719089187e-02
-1.093981888527290058e+00,3.685839373883355308e-02
-1.093981888527290058e+00,3.685839373883355308e-02
-1.213134647104290753e+00,-2.226001819032885076e-01
-1.213134647104290753e+00,-2.226001819032885076e-01
-1.428833257653477684e+00,1.854640896498413460e-02
-1.143684479521617448e+00,-5.249007035676457600e-02
-1.143684479521617448e+00,-5.249007035676457600e-02
-1.143684479521617448e+00,-5.249007035676457600e-02
-1.143684479521617448e+00,-5.249007035676457600e-02
-1.218661215310577139e+00,-1.641232148429554727e-01
-1.386266317031459971e+00,3.481210265972681239e-02
-1.415084392383939571e+00,-1.897204257988024945e-01
-1.415084392383939571e+00,-1.897204257988024945e-01
-1.243572583804404719e+00,-2.632468005951823509e-01
-1.243572583804404719e+00,-2.632468005951823509e-01
-1.243572583804404719e+00,-2.632468005951823509e-01
-1.243572583804404719e+00,-2.632468005951823509e-01
-1.243572583804404719e+00,-2.632468005951823509e-01
-1.140561417722764981e+00,-1.066372376491268592e-01
-1.472032929234645238e+00,-1.085065577542017184e-01
-1.370891587227328179e+00,1.186998625756855302e-01
-1.342890088719378872e+00,7.380877412186560849e-02
-1.060253496580344734e+00,2.790063318246680663e-02
-1.060253496580344734e+00,2.790063318246680663e-02
-1.203015150476372863e+00,-1.998371160818990522e-01
-1.203015150476372863e+00,-1.998371160818990522e-01
-1.203015150476372863e+00,-1.998371160818990522e-01
-1.083713158970740720e+00,7.550284535766507710e-02
-1.083713158970740720e+00,7.550284535766507710e-02
-1.259170819555737619e+00,-1.031114929730867491e-01
-1.155690637466405546e+00,-1.121390185082528912e-01
-1.155690637466405546e+00,-1.121390185082528912e-01
-1.155690637466405546e+00,-1.121390185082528912e-01
-1.155690637466405546e+00,-1.121390185082528912e-01
-1.104387050612157362e+00,3.815945127126862957e-02
-1.120704468106856977e+00,-9.379624969861538597e-02
-1.197755529231090188e+00,-2.551966448853495439e-01
-1.197755529231090188e+00,-2.551966448853495439e-01
-1.197755529231090188e+00,-2.551966448853495439e-01
-1.197755529231090188e+00,-2.551966448853495439e-01
-1.299316040212151524e+00,-2.083790999247172315e-01
-1.383712127672916514e+00,-1.430327053038680796e-01
-1.383712127672916514e+00,-1.430327053038680796e-01
-1.383712127672916514e+00,-1.430327053038680796e-01
-1.383712127672916514e+00,-1.430327053038680796e-01
-1.148747027949171828e+00,-4.124425370384134093e-02
-1.148747027949171828e+00,-4.124425370384134093e-02
-1.148747027949171828e+00,-4.124425370384134093e-02
-1.239348811877617029e+00,-6.833459360416409278e-02
-1.239348811877617029e+00,-6.833459360416409278e-02
-1.239348811877617029e+00,-6.833459360416409278e-02
-1.239348811877617029e+00,-6.833459360416409278e-02
-1.286588344793533123e+00,-1.165580899539664372e-02
-1.286588344793533123e+00,-1.165580899539664372e-02
-1.286588344793533123e+00,-1.165580899539664372e-02
-1.286588344793533123e+00,-1.165580899539664372e-02
-1.286588344793533123e+00,-1.165580899539664372e-02
-1.286588344793533123e+00,-1.165580899539664372e-02
-1.286588344793533123e+00,-1.165580899539664372e-02
-1.302586356721341598e+00,-5.548905554660451406e-02
-1.302586356721341598e+00,-5.548905554660451406e-02
-1.376062302547190530e+00,2.242651734708618061e-01
-1.376062302547190530e+00,2.242651734708618061e-01
-1.456493672368871506e+00,1.373018150767045809e-01
-1.244834324473819365e+00,1.842075731668141869e-01
-1.244834324473819365e+00,1.842075731668141869e-01
-1.244834324473819365e+00,1.842075731668141869e-01
-1.244834324473819365e+00,1.842075731668141869e-01
-1.244834324473819365e+00,1.842075731668141869e-01
-1.244834324473819365e+00,1.842075731668141869e-01
-1.280548133765637253e+00,2.036699070355655894e-01
-1.141649448807833034e+00,3.111802697608943014e-01
-1.107830786713081439e+00,8.050930383775878330e-02
-1.107830786713081439e+00,8.050930383775878330e-02
-1.107830786713081439e+00,8.050930383775878330e-02
-1.107830786713081439e+00,8.050930383775878330e-02
-1.198728095583093678e+00,-8.298956582615482636e-02
-1.198728095583093678e+00,-8.298956582615482636e-02
-1.198728095583093678e+00,-8.298956582615482636e-02
-1.198728095583093678e+00,-8.298956582615482636e-02
-1.265468206176628918e+00,-1.343365280556463315e-02
-1.444031669472964907e+00,9.597596009113819326e-02
-1.444031669472964907e+00,9.597596009113819326e-02
-1.444031669472964907e+00,9.597596009113819326e-02
-1.444031669472964907e+00,9.597596009113819326e-02
-1.444031669472964907e+00,9.597596009113819326e-02
-1.517317852460376093e+00,3.640693578001585884e-02
-1.112634037898857509e+00,2.620696891306516230e-02
-1.172347316800733008e+00,2.733277631955456644e-02
-1.172347316800733008e+00,2.733277631955456644e-02
-1.171376359948996804e+00,1.642536952239612158e-01
-1.171376359948996804e+00,1.642536952239612158e-01
-1.171376359948996804e+00,1.642536952239612158e-01
-1.181630545033119706e+00,-2.887408963279380902e-04
-1.181630545033119706e+00,-2.887408963279380902e-04
-1.181630545033119706e+00,-2.887408963279380902e-04
-1.320922673046394991e+00,1.458258432145888642e-02
-1.320922673046394991e+00,1.458258432145888642e-02
-1.320922673046394991e+00,1.458258432145888642e-02
-1.289544663467358632e+00,-3.734751129721378127e-02
-1.289544663467358632e+00,-3.734751129721378127e-02
-1.289544663467358632e+00,-3.734751129721378127e-02
-1.293431793990610812e+00,1.298220329056508637e-01
-1.153795593124682606e+00,8.339807731336412733e-02
-1.153795593124682606e+00,8.339807731336412733e-02
-1.153795593124682606e+00,8.339807731336412733e-02
-1.153795593124682606e+00,8.339807731336412733e-02
-1.153795593124682606e+00,8.339807731336412733e-02
-1.153795593124682606e+00,8.339807731336412733e-02
-1.257907196261495386e+00,-1.601796789572262070e-01
-1.222783718001191122e+00,-9.494994894720720779e-03
-1.222783718001191122e+00,-9.494994894720720779e-03
-1.222783718001191122e+00,-9.494994894720720779e-03
-1.189265698810558991e+00,-2.594141339403571375e-02
-1.189265698810558991e+00,-2.594141339403571375e-02
-1.189265698810558991e+00,-2.594141339403571375e-02
-1.226698597701473714e+00,-5.634285622474741184e-02
-1.311351793629909945e+00,4.348065662619267358e-02
-1.153543641319152213e+00,3.555204077384957473e-02
-1.153543641319152213e+00,3.555204077384957473e-02
-1.153543641319152213e+00,3.555204077384957473e-02
-1.340859608423602412e+00,-1.616903407664775083e-01
-1.247290733281038788e+00,-9.755155846969963684e-02
-1.392606628234022592e+00,-2.159071526312461575e-01
-1.392606628234022592e+00,-2.159071526312461575e-01
-1.408949776611966298e+00,-1.224933104346525303e-01
-1.408949776611966298e+00,-1.224933104346525303e-01
-1.408949776611966298e+00,-1.224933104346525303e-01
-1.288309379003298671e+00,-1.245445080120846093e-01
-1.288309379003298671e+00,-1.245445080120846093e-01
-1.289726482500316296e+00,-1.334639920339625307e-01
-1.289726482500316296e+00,-1.334639920339625307e-01
-1.289726482500316296e+00,-1.334639920339625307e-01
-1.289726482500316296e+00,-1.334639920339625307e-01
-1.334568990364605856e+00,-5.013021954239862965e-02
-1.334568990364605856e+00,-5.013021954239862965e-02
-1.198885390536218676e+00,6.952413242610412658e-02
-1.198885390536218676e+00,6.952413242610412658e-02
-1.198885390536218676e+00,6.952413242610412658e-02
-1.257833480596288522e+00,3.617249531826800812e-02
-1.257833480596288522e+00,3.617249531826800812e-02
-1.257833480596288522e+00,3.617249531826800812e-02
-1.257833480596288522e+00,3.617249531826800812e-02
-1.257833480596288522e+00,3.617249531826800812e-02
-1.257833480596288522e+00,3.617249531826800812e-02
-1.111072309304893535e+00,1.863869294745256755e-01
-1.111072309304893535e+00,1.863869294745256755e-01
-1.111072309304893535e+00,1.863869294745256755e-01
-1.173454998400385918e+00,1.954126646352817853e-01
-1.045885908240483442e+00,2.152124324797969612e-01
-1.293803470211067008e+00,2.631871086367819634e-01
-1.293803470211067008e+00,2.631871086367819634e-01
-1.293803470211067008e+00,2.631871086367819634e-01
-9.959684784049045447e-01,1.436864546184887792e-02
-1.140347246022461514e+00,-3.440516648034349506e-03
-1.185248648659656290e+00,-2.182214170235259598e-02
-1.368218706969215992e+00,-7.364779168530480313e-02
-1.094541040604369186e+00,2.014791727406749222e-02
-1.319106207782146711e+00,4.635813656341884054e-02
-1.275798646600840858e+00,-5.958223875750438131e-02
-1.417300524718133392e+00,7.798994688925445229e-02
-1.298768862544526614e+00,-3.609518328471597592e-02
-1.341357686745755950e+00,9.316775338326957479e-02
-1.341357686745755950e+00,9.316775338326957479e-02
-1.202107510909108168e+00,1.804879405624903455e-01
-1.279834333752356779e+00,4.318441766515640490e-02
-1.191723570837196711e+00,-4.444104711202871705e-03
-1.191723570837196711e+00,-4.444104711202871705e-03
-1.191723570837196711e+00,-4.444104711202871705e-03
-1.191723570837196711e+00,-4.444104711202871705e-03
-1.191723570837196711e+00,-4.444104711202871705e-03
-1.190388280150892042e+00,4.096056548119565016e-02
-1.202308568085279417e+00,-1.751769375077830149e-02
-1.143185183031762975e+00,-6.230256093278375984e-02
-1.252091354074942542e+00,-6.925995364200865367e-02
-1.359121011573426907e+00,2.773727146153459611e-02
-1.359121011573426907e+00,2.773727146153459611e-02
-1.207016119439396684e+00,1.587326072355812467e-01
-1.207016119439396684e+00,1.587326072355812467e-01
-1.177197638969388782e+00,1.292944637120078677e-01
-1.177197638969388782e+00,1.292944637120078677e-01
-1.177197638969388782e+00,1.292944637120078677e-01
-1.177197638969388782e+00,1.292944637120078677e-01
-1.177197638969388782e+00,1.292944637120078677e-01
-1.177197638969388782e+00,1.292944637120078677e-01
-1.067379476002849437e+00,1.407284735130168996e-01
-1.067379476002849437e+00,1.407284735130168996e-01
-1.067379476002849437e+00,1.407284735130168996e-01
-1.067379476002849437e+00,1.407284735130168996e-01
-1.067379476002849437e+00,1.407284735130168996e-01
-1.099586948160985456e+00,-9.305111545776373339e-03
-1.099586948160985456e+00,-9.305111545776373339e-03
-1.099586948160985456e+00,-9.305111545776373339e-03
-1.099586948160985456e+00,-9.305111545776373339e-03
-1.099586948160985456e+00,-9.305111545776373339e-03
-1.398531095663657631e+00,-6.154794007083569385e-02
-1.384080639887085074e+00,-1.489788284564039500e-01
-1.269618121053576854e+00,-1.030241949473181817e-01
-1.269618121053576854e+00,-1.030241949473181817e-01
-1.150990770902334814e+00,1.003943590810347231e-01
-1.150990770902334814e+00,1.003943590810347231e-01
-1.150990770902334814e+00,1.003943590810347231e-01
-1.150990770902334814e+00,1.003943590810347231e-01
-1.150990770902334814e+00,1.003943590810347231e-01
-1.283651366977594632e+00,-5.505887075420315413e-02
-1.270272874365284244e+00,-6.167776256234859533e-03
-1.270272874365284244e+00,-6.167776256234859533e-03
-1.270272874365284244e+00,-6.167776256234859533e-03
-1.270272874365284244e+00,-6.167776256234859533e-03
-1.270272874365284244e+00,-6.167776256234859533e-03
-1.212677920116697949e+00,-9.598163882439425532e-02
-1.038568118509347604e+00,-5.056426829683750845e-02
-1.038568118509347604e+00,-5.056426829683750845e-02
-1.038568118509347604e+00,-5.056426829683750845e-02
-1.118844404490229927e+00,8.857787853400676814e-02
-1.118844404490229927e+00,8.857787853400676814e-02
-1.118844404490229927e+00,8.857787853400676814e-02
-1.118844404490229927e+00,8.857787853400676814e-02
-1.316935782385883824e+00,-2.256426237620563768e-02
-1.316935782385883824e+00,-2.256426237620563768e-02
-1.316935782385883824e+00,-2.256426237620563768e-02
-1.316935782385883824e+00,-2.256426237620563768e-02
-1.262202047990636400e+00,-3.135849792552970750e-02
-1.333910190780772664e+00,-4.477042004411981718e-03
-1.278791128242805275e+00,-1.641222394811469865e-01
-1.307899068842619750e+00,-2.382919635577807616e-01
-1.307899068842619750e+00,-2.382919635577807616e-01
-1.307899068842619750e+00,-2.382919635577807616e-01
-1.307899068842619750e+00,-2.382919635577807616e-01
-1.217688700129891055e+00,-1.031093788787350862e-01
-1.217688700129891055e+00,-1.031093788787350862e-01
-1.239004340441871577e+00,5.669311261836321170e-02
-1.239004340441871577e+00,5.669311261836321170e-02
-1.259728180339658721e+00,-1.252425559643031705e-01
-1.259728180339658721e+00,-1.252425559643031705e-01
-1.259728180339658721e+00,-1.252425559643031705e-01
-1.115557396438718429e+00,-8.722132081691880146e-02
-1.115557396438718429e+00,-8.722132081691880146e-02
-1.109655451755926281e+00,-1.773949688136202685e-01
-1.109655451755926281e+00,-1.773949688136202685e-01
-1.109655451755926281e+00,-1.773949688136202685e-01
-1.109655451755926281e+00,-1.773949688136202685e-01
-1.157196696850778306e+00,-2.221477345365432954e-01
-1.049872710381680063e+00,1.177755472751279564e-01
-1.323017516219253675e+00,1.846432479206930322e-01
-1.323017516219253675e+00,1.846432479206930322e-01
-1.471635914033455173e+00,3.212216450260954592e-02
-1.471635914033455173e+00,3.212216450260954592e-02
-1.471635914033455173e+00,3.212216450260954592e-02
-1.471635914033455173e+00,3.212216450260954592e-02
-1.271690585721193090e+00,-1.110242235973899205e-01
-1.271690585721193090e+00,-1.110242235973899205e-01
-1.319511395583964575e+00,-1.569891076266925201e-01
-1.453818167432648245e+00,-1.132444703691588561e-01
-1.377963160189225933e+00,-1.700541366061368853e-01
-1.377963160189225933e+00,-1.700541366061368853e-01
-1.271172789826970906e+00,-2.453970792503764597e-01
-1.187594473208561485e+00,-2.882935941066577801e-01
-1.218603405174123022e+00,-2.319640252273581504e-01
-1.283676642188329886e+00,-2.239527486423254499e-01
-1.283676642188329886e+00,-2.239527486423254499e-01
-1.200126155699395403e+00,-1.541438525458126985e-01
-1.200126155699395403e+00,-1.541438525458126985e-01
-1.200126155699395403e+00,-1.541438525458126985e-01
-1.200126155699395403e+00,-1.541438525458126985e-01
-1.156776548301647445e+00,-8.633540876452004686e-02
-1.156776548301647445e+00,-8.633540876452004686e-02
-1.156776548301647445e+00,-8.633540876452004686e-02
-1.156776548301647445e+00,-8.633540876452004686e-02
-1.156776548301647445e+00,-8.633540876452004686e-02
-1.395602043023055572e+00,-8.531520196767872211e-02
-1.395602043023055572e+00,-8.531520196767872211e-02
-1.395602043023055572e+00,-8.531520196767872211e-02
-1.395602043023055572e+00,-8.531520196767872211e-02
-1.395602043023055572e+00,-8.531520196767872211e-02
-1.395602043023055572e+00,-8.531520196767872211e-02
-1.408889875480268561e+00,-1.089371701911146240e-01
-1.345533865180054134e+00,-7.853524704208247886e-03
-1.375340643875962110e+00,-6.131677765442033329e-02
-1.375340643875962110e+00,-6.131677765442033329e-02
-1.375340643875962110e+00,-6.131677765442033329e-02
-1.375340643875962110e+00,-6.131677765442033329e-02
-1.195944916545275349e+00,-1.401477279565598033e-01
-1.195944916545275349e+00,-1.401477279565598033e-01
-1.195944916545275349e+00,-1.401477279565598033e-01
-1.134801542732626345e+00,-1.300628973723459980e-01
-1.134801542732626345e+00,-1.300628973723459980e-01
-1.235708922211231187e+00,-2.383732346729266205e-01
-1.235708922211231187e+00,-2.383732346729266205e-01
-1.409512437627480796e+00,-1.855066168999109921e-01
-1.459411191687018050e+00,8.370037181644474078e-04
-1.459411191687018050e+00,8.370037181644474078e-04
-1.262656764460768466e+00,1.564901883339513688e-01
-1.262656764460768466e+00,1.564901883339513688e-01
-1.223035566612742153e+00,1.191887441285313654e-01
-1.281916747313537996e+00,9.967872235405700332e-02
-1.281916747313537996e+00,9.967872235405700332e-02
-1.260943291362359497e+00,-2.374491557678401477e-02
-1.260943291362359497e+00,-2.374491557678401477e-02
-1.260943291362359497e+00,-2.374491557678401477e-02
-1.200897974457900252e+00,-9.178974350158783380e-02
-1.120975233394061910e+00,-7.204119560515430398e-02
-1.176268979088977984e+00,-4.868111742308708911e-03
-1.222552923035149508e+00,-6.040578267935955287e-02
-1.319983494633688803e+00,-8.890928674634179796e-02
-1.359972281593073928e+00,-1.032257517697547505e-01
-1.359972281593073928e+00,-1.032257517697547505e-01
-1.359972281593073928e+00,-1.032257517697547505e-01
-1.275348121067323426e+00,-3.182645920780075022e-02
-1.275348121067323426e+00,-3.182645920780075022e-02
-1.275348121067323426e+00,-3.182645920780075022e-02
-1.275348121067323426e+00,-3.182645920780075022e-02
-1.237581072319362097e+00,-8.351028075811028906e-02
-1.313715363769582867e+00,1.671604274755445485e-01
-1.313715363769582867e+00,1.671604274755445485e-01
-1.313715363769582867e+00,1.671604274755445485e-01
-1.313715363769582867e+00,1.671604274755445485e-01
-1.318830232389933022e+00,1.640178137953361981e-01
-1.318830232389933022e+00,1.640178137953361981e-01
-1.300473504132606317e+00,1.296771654657078443e-01
-1.364709496799232369e+00,-1.487074520080658435e-02
-1.364709496799232369e+00,-1.487074520080658435e-02
-1.359668702371151561e+00,-6.259160198370627981e-02
-1.189610437961599709e+00,2.349462996669951509e-02
-1.283387306344742074e+00,2.019235832462945926e-02
-1.321318576441820269e+00,-1.184445157703513940e-01
-1.391868232399693373e+00,9.274572715466719575e-02
-1.391868232399693373e+00,9.274572715466719575e-02
-1.391868232399693373e+00,9.274572715466719575e-02
-1.391868232399693373e+00,9.274572715466719575e-02
-1.391868232399693373e+00,9.274572715466719575e-02
-1.285098280384568747e+00,4.184463925796017697e-02
-1.285098280384568747e+00,4.184463925796017697e-02
-1.306192538287187954e+00,-5.165398083742161334e-02
-1.368074226045225217e+00,1.603503383767402451e-02
-1.368074226045225217e+00,1.603503383767402451e-02
-1.368074226045225217e+00,1.603503383767402451e-02
-1.368074226045225217e+00,1.603503383767402451e-02
-1.368074226045225217e+00,1.603503383767402451e-02
-1.368074226045225217e+00,1.603503383767402451e-02
-1.368074226045225217e+00,1.603503383767402451e-02
-1.368074226045225217e+00,1.603503383767402451e-02
-1.269475281431553970e+00,-1.242324775227352796e-01
-1.283275471301195347e+00,-1.104931460738238502e-01
-1.283275471301195347e+00,-1.104931460738238502e-01
-1.283275471301195347e+00,-1.104931460738238502e-01
-1.283275471301195347e+00,-1.104931460738238502e-01
-1.283275471301195347e+00,-1.104931460738238502e-01
-1.271743241266316771e+00,-1.483275289305412969e-01
-1.422041138925220549e+00,-1.408493500554919842e-01
-1.422041138925220549e+00,-1.408493500554919842e-01
-1.422041138925220549e+00,-1.408493500554919842e-01
-1.233285887246921675e+00,-2.164494192312512166e-01
-1.140839422826400273e+00,-2.113985922698581321e-01
-1.140839422826400273e+00,-2.113985922698581321e-01
-1.140839422826400273e+00,-2.113985922698581321e-01
-1.140839422826400273e+00,-2.113985922698581321e-01
-1.140839422826400273e+00,-2.113985922698581321e-01
-1.140839422826400273e+00,-2.113985922698581321e-01
-1.140839422826400273e+00,-2.113985922698581321e-01
-1.140839422826400273e+00,-2.113985922698581321e-01
-1.305237001457403290e+00,-1.049369110372979641e-01
-1.305237001457403290e+00,-1.049369110372979641e-01
-1.305237001457403290e+00,-1.049369110372979641e-01
-1.305237001457403290e+00,-1.049369110372979641e-01
-1.305237001457403290e+00,-1.049369110372979641e-01
-1.305237001457403290e+00,-1.049369110372979641e-01
-1.223000866606791526e+00,-9.872688860504422181e-02
-1.223000866606791526e+00,-9.872688860504422181e-02
-1.223000866606791526e+00,-9.872688860504422181e-02
-1.180474494239320382e+00,5.198832177336021321e-02
-1.180474494239320382e+00,5.198832177336021321e-02
-1.180474494239320382e+00,5.198832177336021321e-02
-1.180474494239320382e+00,5.198832177336021321e-02
-1.180474494239320382e+00,5.198832177336021321e-02
-1.245461424409434859e+00,-5.964551023744302238e-02
-1.245461424409434859e+00,-5.964551023744302238e-02
-1.245461424409434859e+00,-5.964551023744302238e-02
-1.333611171408454865e+00,-2.261893220865687781e-03
-1.161174123678503367e+00,-4.101608832802527971e-02
-1.161174123678503367e+00,-4.101608832802527971e-02
-1.231575023289920523e+00,1.084660411339255504e-01
-1.231575023289920523e+00,1.084660411339255504e-01
-1.307787402205210281e+00,5.628061017827785950e-02
-1.307787402205210281e+00,5.628061017827785950e-02
-1.307787402205210281e+00,5.628061017827785950e-02
-1.307787402205210281e+00,5.628061017827785950e-02
-1.307787402205210281e+00,5.628061017827785950e-02
-1.307787402205210281e+00,5.628061017827785950e-02
-1.307787402205210281e+00,5.628061017827785950e-02
-1.257395445474484008e+00,-3.569761494797811519e-02
-1.171048832256959882e+00,-7.466918107599331694e-03
-1.171048832256959882e+00,-7.466918107599331694e-03
-1.171048832256959882e+00,-7.466918107599331694e-03
-1.171048832256959882e+00,-7.466918107599331694e-03
-1.171048832256959882e+00,-7.466918107599331694e-03
-1.171048832256959882e+00,-7.466918107599331694e-03
-1.171048832256959882e+00,-7.466918107599331694e-03
-1.171048832256959882e+00,-7.466918107599331694e-03
-1.252567315682256543e+00,-4.569642975508593497e-02
-1.252567315682256543e+00,-4.569642975508593497e-02
-1.252567315682256543e+00,-4.569642975508593497e-02
-1.294442314809746142e+00,-7.146934114847439123e-02
-1.067987784584449429e+00,-3.882363524302943902e-02
-1.067987784584449429e+00,-3.882363524302943902e-02
-1.067987784584449429e+00,-3.882363524302943902e-02
-1.333102609918518588e+00,2.820700017529578774e-02
-1.333102609918518588e+00,2.820700017529578774e-02
-1.333102609918518588e+00,2.820700017529578774e-02
-1.333102609918518588e+00,2.820700017529578774e-02
-1.135904510794315092e+00,7.458368476827857696e-02
-1.118435576103369078e+00,-1.445894926608848330e-04
-1.118435576103369078e+00,-1.445894926608848330e-04
-1.118435576103369078e+00,-1.445894926608848330e-04
-1.152860216272099114e+00,2.807348453120032603e-02
-1.099228220072863360e+00,-4.723563507544624451e-02
-1.085325188925001516e+00,-2.196634058957093807e-02
-1.085325188925001516e+00,-2.196634058957093807e-02
-1.087894147986589344e+00,2.711379897156790050e-02
-1.087894147986589344e+00,2.711379897156790050e-02
-1.087894147986589344e+00,2.711379897156790050e-02
-1.146483075995539780e+00,8.235403957085581095e-02
-1.146483075995539780e+00,8.235403957085581095e-02
-1.146483075995539780e+00,8.235403957085581095e-02
-1.079053343503407536e+00,-1.599891204783206455e-01
-1.079053343503407536e+00,-1.599891204783206455e-01
-1.079053343503407536e+00,-1.599891204783206455e-01
-1.079053343503407536e+00,-1.599891204783206455e-01
-1.217132232668944436e+00,-1.570019712163953363e-01
-9.988571783643559465e-01,-8.264444465298678710e-02
-9.988571783643559465e-01,-8.264444465298678710e-02
-8.845207420261539388e-01,1.502818180658865854e-03
-1.136385837616477934e+00,8.757657039012889388e-02
-1.136385837616477934e+00,8.757657039012889388e-02
-1.136385837616477934e+00,8.757657039012889388e-02
-1.136385837616477934e+00,8.757657039012889388e-02
-1.295145082543621040e+00,-1.504018957475146412e-02
-1.376303961201036152e+00,-1.079007048313182088e-01
-1.392538154953249618e+00,-1.310644595754829611e-01
-1.392538154953249618e+00,-1.310644595754829611e-01
-1.392538154953249618e+00,-1.310644595754829611e-01
-1.392538154953249618e+00,-1.310644595754829611e-01
-1.427047956634941883e+00,-8.498206163580174222e-02
-1.427047956634941883e+00,-8.498206163580174222e-02
-1.427047956634941883e+00,-8.498206163580174222e-02
-1.193032373585515726e+00,-4.697479817502858701e-02
-1.147597267248103625e+00,5.782910811124497563e-02
-1.147597267248103625e+00,5.782910811124497563e-02
-1.147597267248103625e+00,5.782910811124497563e-02
-1.395516469122041414e+00,1.269852644571337619e-01
-1.336620152559431673e+00,-7.680074113301843530e-02
-1.382928717550439224e+00,-3.624313987811503268e-03
-1.382928717550439224e+00,-3.624313987811503268e-03
-1.244728749025670433e+00,7.409440801842681612e-02
-1.244728749025670433e+00,7.409440801842681612e-02
-1.244728749025670433e+00,7.409440801842681612e-02
-1.244728749025670433e+00,7.409440801842681612e-02
-1.244728749025670433e+00,7.409440801842681612e-02
-1.244728749025670433e+00,7.409440801842681612e-02
-1.244728749025670433e+00,7.409440801842681612e-02
-1.136478290120893853e+00,-1.393269901839808145e-02
-1.136478290120893853e+00,-1.393269901839808145e-02
-1.136478290120893853e+00,-1.393269901839808145e-02
-1.136478290120893853e+00,-1.393269901839808145e-02
-1.231332221604879651e+00,-4.112203296875092950e-02
-1.249068226175316765e+00,-1.001784039985787952e-02
-1.249068226175316765e+00,-1.001784039985787952e-02
-1.325262422861788858e+00,1.241983359990107977e-01
-1.325262422861788858e+00,1.241983359990107977e-01
-1.325262422861788858e+00,1.241983359990107977e-01
-1.325262422861788858e+00,1.241983359990107977e-01
-1.371017905521016989e+00,-8.556073831011150321e-02
-1.371017905521016989e+00,-8.556073831011150321e-02
-1.371017905521016989e+00,-8.556073831011150321e-02
-1.371017905521016989e+00,-8.556073831011150321e-02
-1.371017905521016989e+00,-8.556073831011150321e-02
-1.371017905521016989e+00,-8.556073831011150321e-02
-1.319267516467834023e+00,-8.825900733761941896e-02
-1.316895669002866587e+00,3.568896509972641073e-02
-1.316895669002866587e+00,3.568896509972641073e-02
-1.240902672141284580e+00,4.536514899992340893e-02
-1.240902672141284580e+00,4.536514899992340893e-02
-1.240902672141284580e+00,4.536514899992340893e-02
-1.240902672141284580e+00,4.536514899992340893e-02
-1.240902672141284580e+00,4.536514899992340893e-02
-1.286995191445385878e+00,4.303088720991634503e-02
-1.337182405398002150e+00,6.192910390235564777e-02
-1.231226740466170977e+00,3.562720316458500847e-02
-1.231226740466170977e+00,3.562720316458500847e-02
-1.231226740466170977e+00,3.562720316458500847e-02
-1.231226740466170977e+00,3.562720316458500847e-02
-1.099728137299196051e+00,-8.740301491265312084e-03
-1.099728137299196051e+00,-8.740301491265312084e-03
-1.099728137299196051e+00,-8.740301491265312084e-03
-1.311726161301031146e+00,-1.216432669707601805e-01
-1.225153195345089374e+00,-4.540486689507053364e-02
-1.225153195345089374e+00,-4.540486689507053364e-02
-1.225153195345089374e+00,-4.540486689507053364e-02
-1.263517181275368051e+00,-1.126751232774025890e-02
-1.263517181275368051e+00,-1.126751232774025890e-02
-1.263517181275368051e+00,-1.126751232774025890e-02
-1.263517181275368051e+00,-1.126751232774025890e-02
-1.193240958605445545e+00,8.762807657391333271e-02
-1.004114923382498192e+00,-4.354339492332523487e-02
-1.018286975853335719e+00,1.392496546931917822e-02
-1.049310228483594454e+00,-5.454431137305974786e-03
-1.145571416957463784e+00,1.218555980862812971e-01
-1.145571416957463784e+00,1.218555980862812971e-01
-1.352255718423963637e+00,1.512776298853240331e-01
-1.369154215227384785e+00,1.136563489761095308e-01
-1.320516016476547261e+00,4.048921014844769628e-02
-1.320516016476547261e+00,4.048921014844769628e-02
-1.224458265171274318e+00,9.924695610128786427e-02
-1.350146288752518409e+00,-1.029305036534607087e-02
-1.350146288752518409e+00,-1.029305036534607087e-02
-1.349256269490854532e+00,-1.301269103965177476e-01
-1.349256269490854532e+00,-1.301269103965177476e-01
-1.349256269490854532e+00,-1.301269103965177476e-01
-1.258516961275951251e+00,6.070397442646174868e-03
-1.256043628381121824e+00,9.521688316987146627e-02
-1.256043628381121824e+00,9.521688316987146627e-02
-1.256043628381121824e+00,9.521688316987146627e-02
-1.256043628381121824e+00,9.521688316987146627e-02
-1.256043628381121824e+00,9.521688316987146627e-02
-1.256043628381121824e+00,9.521688316987146627e-02
-1.256043628381121824e+00,9.521688316987146627e-02
-1.349051208828343729e+00,-3.923672012561908728e-02
-1.349051208828343729e+00,-3.923672012561908728e-02
-1.349051208828343729e+00,-3.923672012561908728e-02
-1.350256133025978578e+00,-1.310382354923675385e-02
-1.350256133025978578e+00,-1.310382354923675385e-02
-1.350256133025978578e+00,-1.310382354923675385e-02
-1.309230465477152716e+00,1.202120000860998350e-02
-1.309230465477152716e+00,1.202120000860998350e-02
-1.309230465477152716e+00,1.202120000860998350e-02
-1.309230465477152716e+00,1.202120000860998350e-02
-1.239922086184065186e+00,-1.229333808664506700e-01
-1.239922086184065186e+00,-1.229333808664506700e-01
-1.239922086184065186e+00,-1.229333808664506700e-01
-1.304849446645933497e+00,-6.057648668789542695e-02
-1.400753263262892290e+00,1.454458338504561743e-01
-1.310537687832631359e+00,2.113145242080968766e-01
-1.240869328275538530e+00,2.116400554795202504e-01
-1.256088701287984444e+00,2.186468269011109800e-01
-1.184307902490068676e+00,1.703554867338578360e-01
-1.184307902490068676e+00,1.703554867338578360e-01
-1.184307902490068676e+00,1.703554867338578360e-01
-1.174239317054064369e+00,1.949318003271502675e-01
-1.174239317054064369e+00,1.949318003271502675e-01
-1.252324165763561314e+00,-1.388276155569484194e-01
-1.236193741229172804e+00,-6.737836523563073277e-02
-1.236193741229172804e+00,-6.737836523563073277e-02
-1.236193741229172804e+00,-6.737836523563073277e-02
-1.236193741229172804e+00,-6.737836523563073277e-02
-1.277987126614863467e+00,3.481473122464485981e-02
-1.035332649052627341e+00,-4.035771745773776564e-03
-1.035332649052627341e+00,-4.035771745773776564e-03
-1.035332649052627341e+00,-4.035771745773776564e-03
-1.318812589060072371e+00,-6.756548825204677922e-02
-1.494914577662049382e+00,-3.460551781150923711e-02
-1.494914577662049382e+00,-3.460551781150923711e-02
-1.494914577662049382e+00,-3.460551781150923711e-02
-1.494914577662049382e+00,-3.460551781150923711e-02
-1.494914577662049382e+00,-3.460551781150923711e-02
-1.494914577662049382e+00,-3.460551781150923711e-02
-1.494914577662049382e+00,-3.460551781150923711e-02
-1.494914577662049382e+00,-3.460551781150923711e-02
-1.294934190027812182e+00,1.921062991204202652e-01
-1.294934190027812182e+00,1.921062991204202652e-01
-1.294934190027812182e+00,1.921062991204202652e-01
-1.294934190027812182e+00,1.921062991204202652e-01
-1.294934190027812182e+00,1.921062991204202652e-01
-1.393061896105454167e+00,4.375103178821523886e-02
-1.414949019047573309e+00,-1.607993196069915781e-02
-1.414949019047573309e+00,-1.607993196069915781e-02
-1.370736531555795779e+00,-1.608535248248551541e-01
-1.294477798591178397e+00,-1.163254327399469712e-01
-1.308566068528476567e+00,-1.153637064070396068e-01
-1.141453639699661515e+00,1.173810988540044398e-01
-1.245765186456029516e+00,2.013530834347639353e-01
-1.245765186456029516e+00,2.013530834347639353e-01
-1.245765186456029516e+00,2.013530834347639353e-01
-1.099140240305996663e+00,6.120912610651982333e-02
-1.120746797980104237e+00,9.009353531952254968e-02
-1.120746797980104237e+00,9.009353531952254968e-02
-1.120746797980104237e+00,9.009353531952254968e-02
-1.120746797980104237e+00,9.009353531952254968e-02
-1.120746797980104237e+00,9.009353531952254968e-02
-1.120746797980104237e+00,9.009353531952254968e-02
-1.093872908796548193e+00,-3.136509309801335799e-02
-1.266417370104328644e+00,4.923247867407753997e-02
-1.192503843281110143e+00,-1.371814351052413616e-01
-1.192503843281110143e+00,-1.371814351052413616e-01
-1.192503843281110143e+00,-1.371814351052413616e-01
-1.219641835105574668e+00,-1.244908590862618680e-01
-1.219641835105574668e+00,-1.244908590862618680e-01
-1.219641835105574668e+00,-1.244908590862618680e-01
-1.219641835105574668e+00,-1.244908590862618680e-01
-1.219641835105574668e+00,-1.244908590862618680e-01
-1.219641835105574668e+00,-1.244908590862618680e-01
-1.371592604939696036e+00,-1.402288219571806716e-01
-1.154372314903838515e+00,-1.193393866088974520e-01
-1.076718203112355221e+00,-1.874386343029513236e-02
-1.076718203112355221e+00,-1.874386343029513236e-02
-1.252667719465647256e+00,-1.210711815667317101e-02
-1.416336800562010945e+00,-2.810903054487862152e-02
-1.263493271061043366e+00,1.893748607730320332e-01
-1.263493271061043366e+00,1.893748607730320332e-01
-1.420857216474402662e+00,-2.215536095030712360e-02
-1.420857216474402662e+00,-2.215536095030712360e-02
-1.420857216474402662e+00,-2.215536095030712360e-02
-1.420857216474402662e+00,-2.215536095030712360e-02
-1.420857216474402662e+00,-2.215536095030712360e-02
-1.420857216474402662e+00,-2.215536095030712360e-02
-1.420857216474402662e+00,-2.215536095030712360e-02
-1.420857216474402662e+00,-2.215536095030712360e-02
-1.420857216474402662e+00,-2.215536095030712360e-02
-1.379396243689370749e+00,-6.951652703266544830e-04
-1.295377764139165944e+00,-9.392544306423686318e-02
-1.295377764139165944e+00,-9.392544306423686318e-02
-1.295377764139165944e+00,-9.392544306423686318e-02
-1.295377764139165944e+00,-9.392544306423686318e-02
-1.295377764139165944e+00,-9.392544306423686318e-02
-1.295377764139165944e+00,-9.392544306423686318e-02
-1.348819708587975841e+00,1.552272130076738643e-02
-1.348819708587975841e+00,1.552272130076738643e-02
-1.295316222694267827e+00,-9.647243307709593707e-03
-1.295316222694267827e+00,-9.647243307709593707e-03
-1.295316222694267827e+00,-9.647243307709593707e-03
-1.295316222694267827e+00,-9.647243307709593707e-03
-1.363332056903437728e+00,-2.584002002292323449e-02
-1.363332056903437728e+00,-2.584002002292323449e-02
-1.355003265643591082e+00,-2.481284044126857991e-02
-1.355003265643591082e+00,-2.481284044126857991e-02
-1.355003265643591082e+00,-2.481284044126857991e-02
-1.263638570703344399e+00,9.132826895928476685e-02
-1.263638570703344399e+00,9.132826895928476685e-02
-1.263638570703344399e+00,9.132826895928476685e-02
-1.263638570703344399e+00,9.132826895928476685e-02
-1.366364119311667569e+00,4.360692741881513901e-03
-1.177158219565511477e+00,-2.542123035294329564e-02
-1.298410965324976019e+00,-1.258502718671048459e-01
-1.298410965324976019e+00,-1.258502718671048459e-01
-1.464292810293755798e+00,-7.105916289805666586e-02
-1.297714607895457339e+00,-1.227483758054960933e-01
-1.297714607895457339e+00,-1.227483758054960933e-01
-1.297714607895457339e+00,-1.227483758054960933e-01
-1.380641437684021255e+00,-5.586600842557118418e-02
-1.158339381117607481e+00,-1.351013468336265122e-01
-1.284205778703551681e+00,-1.654325051683217251e-01
-1.284205778703551681e+00,-1.654325051683217251e-01
-1.412813998571788909e+00,-1.381231223540299591e-01
-1.412813998571788909e+00,-1.381231223540299591e-01
-1.412813998571788909e+00,-1.381231223540299591e-01
-1.268644009243377280e+00,-1.745001984959398122e-01
-1.263779357855252750e+00,-7.080327122746754576e-02
-1.263779357855252750e+00,-7.080327122746754576e-02
-1.263779357855252750e+00,-7.080327122746754576e-02
-1.263779357855252750e+00,-7.080327122746754576e-02
-1.156315829371034276e+00,-8.605191623247757104e-03
-1.156315829371034276e+00,-8.605191623247757104e-03
-1.156315829371034276e+00,-8.605191623247757104e-03
-1.156315829371034276e+00,-8.605191623247757104e-03
-1.156315829371034276e+00,-8.605191623247757104e-03
-1.409240678360828447e+00,9.082971287979875463e-02
-1.409240678360828447e+00,9.082971287979875463e-02
-1.409240678360828447e+00,9.082971287979875463e-02
-1.409240678360828447e+00,9.082971287979875463e-02
-1.147692332891226075e+00,7.164051632808206282e-02
-1.093374640326852942e+00,5.049766926754364893e-03
-1.093374640326852942e+00,5.049766926754364893e-03
-1.093374640326852942e+00,5.049766926754364893e-03
-1.093374640326852942e+00,5.049766926754364893e-03
-1.253946334782065852e+00,-6.852216388749604592e-02
-1.253946334782065852e+00,-6.852216388749604592e-02
-1.234555148244532718e+00,1.679343663947464871e-02
-1.234555148244532718e+00,1.679343663947464871e-02
-1.372097422789986698e+00,3.686864614109319066e-02
-1.372097422789986698e+00,3.686864614109319066e-02
-1.197339665678981424e+00,1.581462399258142248e-01
-1.351691880319597194e+00,7.872391606452841528e-02
-1.398273865580141662e+00,3.759201459913338178e-02
-1.398273865580141662e+00,3.759201459913338178e-02
-1.398273865580141662e+00,3.759201459913338178e-02
-1.398273865580141662e+00,3.759201459913338178e-02
-1.214014074437507640e+00,2.147886645775285222e-02
-1.218392651085669964e+00,-1.984118894355643148e-01
-1.218392651085669964e+00,-1.984118894355643148e-01
-1.398526923975396574e+00,-1.000916852130556978e-01
-1.265622548861680352e+00,-1.297656800079867168e-01
-1.265622548861680352e+00,-1.297656800079867168e-01
-1.467428285354557049e+00,-5.303334204678686326e-02
-1.467428285354557049e+00,-5.303334204678686326e-02
-1.413048446314067119e+00,-8.383575345677271584e-02
-1.413048446314067119e+00,-8.383575345677271584e-02
-1.249120591491746701e+00,-2.041972052464167409e-01
-1.415274207216109970e+00,5.698096074255917798e-02
-1.415274207216109970e+00,5.698096074255917798e-02
-1.327514387011975439e+00,1.116158000535686923e-01
-1.269542323609528456e+00,8.063794274318059063e-02
-1.208440496312742640e+00,2.380973119139504629e-02
-1.116196703712427851e+00,7.683607725949584411e-02
-1.099411471857655309e+00,-9.659201010302956303e-02
-1.099411471857655309e+00,-9.659201010302956303e-02
-1.060582464323003737e+00,3.555263819514409285e-02
-1.138884944379090935e+00,-1.105903188602025411e-01
-1.138884944379090935e+00,-1.105903188602025411e-01
-1.138884944379090935e+00,-1.105903188602025411e-01
-1.248944877590484115e+00,1.405518483860458412e-01
-1.248944877590484115e+00,1.405518483860458412e-01
-1.281587885501653146e+00,7.291324267077410604e-02
-1.266911785399764456e+00,-1.220452358488601646e-01
-1.266911785399764456e+00,-1.220452358488601646e-01
-1.266911785399764456e+00,-1.220452358488601646e-01
-1.266911785399764456e+00,-1.220452358488601646e-01
-1.200399107815155242e+00,-1.138262395220003137e-01
-1.200399107815155242e+00,-1.138262395220003137e-01
-1.200399107815155242e+00,-1.138262395220003137e-01
-1.200399107815155242e+00,-1.138262395220003137e-01
-1.200399107815155242e+00,-1.138262395220003137e-01
-1.200399107815155242e+00,-1.138262395220003137e-01
-1.200399107815155242e+00,-1.138262395220003137e-01
-1.200399107815155242e+00,-1.138262395220003137e-01
-1.200399107815155242e+00,-1.138262395220003137e-01
-1.200399107815155242e+00,-1.138262395220003137e-01
-1.285863605055961756e+00,-5.395218646603704149e-02
-9.915694663471787962e-01,-4.216211432107389023e-02
-1.032198759112255892e+00,-1.021599433226396125e-01
-1.032198759112255892e+00,-1.021599433226396125e-01
-1.032198759112255892e+00,-1.021599433226396125e-01
-1.041883758195299103e+00,-2.154754010449799750e-01
-1.044531972241006468e+00,-2.109339241396342990e-01
-1.044531972241006468e+00,-2.109339241396342990e-01
-1.044531972241006468e+00,-2.109339241396342990e-01
-1.044531972241006468e+00,-2.109339241396342990e-01
-1.044531972241006468e+00,-2.109339241396342990e-01
-1.044531972241006468e+00,-2.109339241396342990e-01
-1.031581163143370450e+00,-2.368285661587567759e-01
-1.059356219667912491e+00,-1.636698758928798181e-01
-1.235277187989950676e+00,-1.959600127865587238e-01
-1.186461096274074256e+00,-1.590823930309903655e-01
-1.186461096274074256e+00,-1.590823930309903655e-01
-1.451833470432543294e+00,-1.229938005939979345e-01
-1.451833470432543294e+00,-1.229938005939979345e-01
-1.451833470432543294e+00,-1.229938005939979345e-01
-1.451833470432543294e+00,-1.229938005939979345e-01
-1.308645221773699907e+00,-1.637988197955838887e-01
-1.308645221773699907e+00,-1.637988197955838887e-01
-1.308645221773699907e+00,-1.637988197955838887e-01
-1.136832560688159965e+00,-3.384362083736644489e-02
-1.136832560688159965e+00,-3.384362083736644489e-02
-1.136832560688159965e+00,-3.384362083736644489e-02
-1.352015001497693492e+00,4.425423574909759239e-02
-1.352015001497693492e+00,4.425423574909759239e-02
-1.352015001497693492e+00,4.425423574909759239e-02
-1.352015001497693492e+00,4.425423574909759239e-02
-1.453722871778529768e+00,9.175347821659365910e-02
-1.244988519989805198e+00,4.427914803670071620e-02
-1.244988519989805198e+00,4.427914803670071620e-02
-1.244988519989805198e+00,4.427914803670071620e-02
-1.309499063684634867e+00,-1.661271504400252952e-01
-1.414500480059565968e+00,7.542709420711277146e-02
-1.313735112220451695e+00,2.102712271354836848e-02
-1.211878534266568552e+00,-6.323160928911866763e-02
-1.211878534266568552e+00,-6.323160928911866763e-02
-1.211878534266568552e+00,-6.323160928911866763e-02
-1.361463866203230788e+00,-1.563612352502465330e-01
-1.361463866203230788e+00,-1.563612352502465330e-01
-1.361463866203230788e+00,-1.563612352502465330e-01
-1.361463866203230788e+00,-1.563612352502465330e-01
-1.361463866203230788e+00,-1.563612352502465330e-01
-1.187233263873237021e+00,-1.564096576082734669e-01
-1.187233263873237021e+00,-1.564096576082734669e-01
-1.187233263873237021e+00,-1.564096576082734669e-01
-1.187233263873237021e+00,-1.564096576082734669e-01
-1.187233263873237021e+00,-1.564096576082734669e-01
-1.187233263873237021e+00,-1.564096576082734669e-01
-1.047853757505080141e+00,-6.220258954399189577e-02
-1.047853757505080141e+00,-6.220258954399189577e-02
-1.047853757505080141e+00,-6.220258954399189577e-02
-1.260002030457753719e+00,4.456455997051327056e-02
-1.260002030457753719e+00,4.456455997051327056e-02
-1.260002030457753719e+00,4.456455997051327056e-02
-1.260002030457753719e+00,4.456455997051327056e-02
-1.260002030457753719e+00,4.456455997051327056e-02
-1.260002030457753719e+00,4.456455997051327056e-02
-1.260002030457753719e+00,4.456455997051327056e-02
-1.359316867915391969e+00,1.079822936751972523e-01
-1.359316867915391969e+00,1.079822936751972523e-01
-1.287957313258752956e+00,-5.813457999478401084e-02
-1.287957313258752956e+00,-5.813457999478401084e-02
-1.287957313258752956e+00,-5.813457999478401084e-02
-1.295110513945260999e+00,-8.434979946930371009e-02
-1.295110513945260999e+00,-8.434979946930371009e-02
-1.295110513945260999e+00,-8.434979946930371009e-02
-1.295110513945260999e+00,-8.434979946930371009e-02
-1.295110513945260999e+00,-8.434979946930371009e-02
-1.295110513945260999e+00,-8.434979946930371009e-02
-1.397762852809006473e+00,1.524186885750906939e-02
-1.397762852809006473e+00,1.524186885750906939e-02
-1.476220120139438041e+00,1.729657725421208242e-02
-1.498138358276264182e+00,3.295236301174023913e-02
-1.498138358276264182e+00,3.295236301174023913e-02
-1.498138358276264182e+00,3.295236301174023913e-02
-1.229982796578929394e+00,8.650033727385103566e-02
-1.263251400404789671e+00,-1.206932784210161258e-01
-1.205221430076364397e+00,1.233811455777413246e-01
-1.205221430076364397e+00,1.233811455777413246e-01
-1.205221430076364397e+00,1.233811455777413246e-01
-1.329702644241992138e+00,1.022011848895481856e-01
-1.094594308269530636e+00,1.917243089198114592e-02
-1.094594308269530636e+00,1.917243089198114592e-02
-1.094594308269530636e+00,1.917243089198114592e-02
-1.015520391151038426e+00,-1.271116085786035826e-02
-1.015520391151038426e+00,-1.271116085786035826e-02
-1.088099232641123848e+00,-4.264471701683349159e-03
-1.088099232641123848e+00,-4.264471701683349159e-03
-1.088099232641123848e+00,-4.264471701683349159e-03
-1.088099232641123848e+00,-4.264471701683349159e-03
-1.355026042114244600e+00,1.324181476715642902e-01
-1.355026042114244600e+00,1.324181476715642902e-01
-1.355026042114244600e+00,1.324181476715642902e-01
-1.355026042114244600e+00,1.324181476715642902e-01
-1.364442105901607638e+00,-3.903661493190194176e-02
-1.364442105901607638e+00,-3.903661493190194176e-02
-1.240606823573224382e+00,4.344383346041719163e-02
-1.256776172500454258e+00,3.502987712552434185e-02
-1.256776172500454258e+00,3.502987712552434185e-02
-1.256776172500454258e+00,3.502987712552434185e-02
-1.256776172500454258e+00,3.502987712552434185e-02
-1.256776172500454258e+00,3.502987712552434185e-02
-1.256776172500454258e+00,3.502987712552434185e-02
-1.256776172500454258e+00,3.502987712552434185e-02
-1.186668403653292403e+00,-9.430245567596996781e-02
-1.186668403653292403e+00,-9.430245567596996781e-02
-1.186668403653292403e+00,-9.430245567596996781e-02
-1.186668403653292403e+00,-9.430245567596996781e-02
-1.186668403653292403e+00,-9.430245567596996781e-02
-1.181915804510649703e+00,5.227474187936721750e-02
-1.251320699062683062e+00,8.101722753758981710e-02
-1.251320699062683062e+00,8.101722753758981710e-02
-1.251320699062683062e+00,8.101722753758981710e-02
-1.338154253675587269e+00,3.149016165195188399e-02
-1.338154253675587269e+00,3.149016165195188399e-02
-1.254186116434997889e+00,-4.106797181990481937e-02
-1.254186116434997889e+00,-4.106797181990481937e-02
-1.254186116434997889e+00,-4.106797181990481937e-02
-1.254186116434997889e+00,-4.106797181990481937e-02
-1.254186116434997889e+00,-4.106797181990481937e-02
-1.254186116434997889e+00,-4.106797181990481937e-02
-1.254186116434997889e+00,-4.106797181990481937e-02
-1.254186116434997889e+00,-4.106797181990481937e-02
-1.346040508106866929e+00,1.291648174865386162e-02
-1.230468603066920963e+00,-2.570765339017415108e-01
-1.254058327968528452e+00,-2.539162723875239558e-01
-1.379888986473392531e+00,1.218929854101097332e-01
-1.379888986473392531e+00,1.218929854101097332e-01
-1.379888986473392531e+00,1.218929854101097332e-01
-1.379888986473392531e+00,1.218929854101097332e-01
-1.488944844581532090e+00,-4.114891203096585071e-02
-1.368785592833508424e+00,-1.196391953819952031e-01
-1.368785592833508424e+00,-1.196391953819952031e-01
-1.587100989955346098e+00,9.472412102679352019e-02
-1.587100989955346098e+00,9.472412102679352019e-02
-1.587100989955346098e+00,9.472412102679352019e-02
-1.316803935130073322e+00,5.571337811625327874e-02
-1.316803935130073322e+00,5.571337811625327874e-02
-1.316803935130073322e+00,5.571337811625327874e-02
-1.380603919377734190e+00,-6.519967442691788906e-02
-1.380603919377734190e+00,-6.519967442691788906e-02
-1.380603919377734190e+00,-6.519967442691788906e-02
-1.380603919377734190e+00,-6.519967442691788906e-02
-1.380603919377734190e+00,-6.519967442691788906e-02
-1.209888560482720976e+00,3.190891197233550192e-03
-1.209888560482720976e+00,3.190891197233550192e-03
-1.210499525102210816e+00,1.037912133593556913e-01
-1.206037634556979210e+00,1.056760614448194191e-01
-1.206037634556979210e+00,1.056760614448194191e-01
-1.307646179909425221e+00,-4.481151402856500821e-02
-1.307646179909425221e+00,-4.481151402856500821e-02
-1.307646179909425221e+00,-4.481151402856500821e-02
-1.307646179909425221e+00,-4.481151402856500821e-02
-1.307646179909425221e+00,-4.481151402856500821e-02
-1.307646179909425221e+00,-4.481151402856500821e-02
-1.347102472786060323e+00,-8.160782453623216526e-02
-1.269901758051860563e+00,-3.062274662572290335e-02
-1.439624745777248638e+00,2.978070066720679004e-02
-1.439624745777248638e+00,2.978070066720679004e-02
-1.393658559749742842e+00,1.086310712070203896e-02
-1.393658559749742842e+00,1.086310712070203896e-02
-1.376102526867498232e+00,4.515902944558333743e-02
-1.369958771376474260e+00,4.265640123140034684e-02
-1.369958771376474260e+00,4.265640123140034684e-02
-1.173047639985412838e+00,6.309838820387186908e-03
-1.173047639985412838e+00,6.309838820387186908e-03
-1.173047639985412838e+00,6.309838820387186908e-03
-1.173047639985412838e+00,6.309838820387186908e-03
-1.173047639985412838e+00,6.309838820387186908e-03
-1.184208594729077912e+00,1.582768547618731980e-02
-1.184208594729077912e+00,1.582768547618731980e-02
-1.184208594729077912e+00,1.582768547618731980e-02
-1.184208594729077912e+00,1.582768547618731980e-02
-1.184208594729077912e+00,1.582768547618731980e-02
-1.315918464738870641e+00,-3.930668014040990949e-02
-1.315918464738870641e+00,-3.930668014040990949e-02
-1.315918464738870641e+00,-3.930668014040990949e-02
-1.315918464738870641e+00,-3.930668014040990949e-02
-1.271690778058948812e+00,2.030733366609103335e-02
-1.271690778058948812e+00,2.030733366609103335e-02
-1.271690778058948812e+00,2.030733366609103335e-02
-1.271690778058948812e+00,2.030733366609103335e-02
-1.271690778058948812e+00,2.030733366609103335e-02
-1.271690778058948812e+00,2.030733366609103335e-02
-1.173941405628378787e+00,8.467668839237471601e-02
-1.173941405628378787e+00,8.467668839237471601e-02
-1.236700323931376966e+00,9.191592472989310036e-02
-1.334847588683372832e+00,-1.955738624636799983e-01
-1.334847588683372832e+00,-1.955738624636799983e-01
-1.355397829155997824e+00,-1.012680457411204021e-01
-1.355397829155997824e+00,-1.012680457411204021e-01
-1.355397829155997824e+00,-1.012680457411204021e-01
-1.355397829155997824e+00,-1.012680457411204021e-01
-1.355397829155997824e+00,-1.012680457411204021e-01
-1.355397829155997824e+00,-1.012680457411204021e-01
-1.355397829155997824e+00,-1.012680457411204021e-01
-1.355397829155997824e+00,-1.012680457411204021e-01
-1.303736514688983661e+00,-2.645109513294342796e-02
-1.303736514688983661e+00,-2.645109513294342796e-02
-1.328052015702735122e+00,-3.492362932203039311e-02
-1.360845365322775447e+00,1.342489406640957617e-01
-1.374411010345243156e+00,1.485015851004563847e-01
-1.278960699371538778e+00,1.425693863123547733e-01
-1.162868459401793064e+00,-3.267734364346713827e-03
-1.162868459401793064e+00,-3.267734364346713827e-03
-1.162868459401793064e+00,-3.267734364346713827e-03
-1.162868459401793064e+00,-3.267734364346713827e-03
-1.162868459401793064e+00,-3.267734364346713827e-03
-1.162868459401793064e+00,-3.267734364346713827e-03
-1.162868459401793064e+00,-3.267734364346713827e-03
-1.162868459401793064e+00,-3.267734364346713827e-03
-1.162868459401793064e+00,-3.267734364346713827e-03
-1.314299445363704688e+00,-1.102647782271734545e-01
-1.263657803371094790e+00,1.115155065496367393e-01
-1.263657803371094790e+00,1.115155065496367393e-01
-1.263657803371094790e+00,1.115155065496367393e-01
-1.263657803371094790e+00,1.115155065496367393e-01
-1.263657803371094790e+00,1.115155065496367393e-01
-1.263657803371094790e+00,1.115155065496367393e-01
-1.263657803371094790e+00,1.115155065496367393e-01
-1.263657803371094790e+00,1.115155065496367393e-01
-1.292560684183323483e+00,4.977374270218900415e-02
-1.206942567210418815e+00,-1.425199805001022280e-01
-1.206942567210418815e+00,-1.425199805001022280e-01
-1.206942567210418815e+00,-1.425199805001022280e-01
-1.206942567210418815e+00,-1.425199805001022280e-01
-1.206942567210418815e+00,-1.425199805001022280e-01
-1.206942567210418815e+00,-1.425199805001022280e-01
-1.206942567210418815e+00,-1.425199805001022280e-01
-1.410490767510051979e+00,-6.852024772633194538e-02
-1.410490767510051979e+00,-6.852024772633194538e-02
-1.362314382811323110e+00,-6.957811656869340722e-02
-1.366297268997845649e+00,4.933975746130585260e-02
-1.366297268997845649e+00,4.933975746130585260e-02
-1.366297268997845649e+00,4.933975746130585260e-02
-1.366297268997845649e+00,4.933975746130585260e-02
-1.366297268997845649e+00,4.933975746130585260e-02
-1.366297268997845649e+00,4.933975746130585260e-02
-1.167652488554571599e+00,1.465430544683240383e-02
-1.167652488554571599e+00,1.465430544683240383e-02
-1.213899808543941861e+00,2.158130556362362895e-01
-1.281715547330418481e+00,1.947989295936759513e-01
-1.281715547330418481e+00,1.947989295936759513e-01
-1.269113576638400742e+00,2.151762349149098363e-01
-1.269113576638400742e+00,2.151762349149098363e-01
-1.269113576638400742e+00,2.151762349149098363e-01
-1.269113576638400742e+00,2.151762349149098363e-01
-1.269113576638400742e+00,2.151762349149098363e-01
-1.319258831462114090e+00,1.974425658871133693e-01
-1.319258831462114090e+00,1.974425658871133693e-01
-1.362985760630599064e+00,1.006055406599449947e-01
-1.239818064005179021e+00,2.333242380033951346e-01
-1.283485775245111649e+00,8.198908137905330795e-02
-1.318889573795951176e+00,-8.688500819592445690e-02
-1.318889573795951176e+00,-8.688500819592445690e-02
-1.373719304531549446e+00,-4.177888971298726606e-02
-1.106181917316742203e+00,-9.932251661441426904e-02
-1.106181917316742203e+00,-9.932251661441426904e-02
-1.106181917316742203e+00,-9.932251661441426904e-02
-1.106181917316742203e+00,-9.932251661441426904e-02
-1.106181917316742203e+00,-9.932251661441426904e-02
-1.200520525492984047e+00,-1.008193378756388342e-01
-1.204554416436186326e+00,7.628305451505866530e-02
-1.204554416436186326e+00,7.628305451505866530e-02
-1.204554416436186326e+00,7.628305451505866530e-02
-1.082051610660221597e+00,-1.517099832243318791e-01
-1.371083776901063089e+00,-1.047038635150693564e-01
-1.371083776901063089e+00,-1.047038635150693564e-01
-1.371083776901063089e+00,-1.047038635150693564e-01
-1.371083776901063089e+00,-1.047038635150693564e-01
-1.371083776901063089e+00,-1.047038635150693564e-01
-1.371083776901063089e+00,-1.047038635150693564e-01
-1.428513245021815425e+00,1.240107136719987568e-01
-1.312145266929132470e+00,-2.692725060677531035e-02
-1.312145266929132470e+00,-2.692725060677531035e-02
-1.264173617656982440e+00,-4.068388377882994900e-02
-1.113397074437629364e+00,-4.355202600297804899e-02
-1.282216170829199919e+00,1.710583916131192539e-01
-1.282216170829199919e+00,1.710583916131192539e-01
-1.282216170829199919e+00,1.710583916131192539e-01
-1.282216170829199919e+00,1.710583916131192539e-01
-1.282216170829199919e+00,1.710583916131192539e-01
-1.282216170829199919e+00,1.710583916131192539e-01
-1.282216170829199919e+00,1.710583916131192539e-01
-1.195260452590651834e+00,1.292771402139825387e-01
-1.195260452590651834e+00,1.292771402139825387e-01
-1.195260452590651834e+00,1.292771402139825387e-01
-1.119566483822331815e+00,1.051447959914052488e-01
-1.327372237020174817e+00,-1.528072104289106004e-01
-1.327372237020174817e+00,-1.528072104289106004e-01
-1.186847380772174221e+00,-2.731186468508117748e-03
-1.160555132996334393e+00,1.303276552109663283e-02
-1.160555132996334393e+00,1.303276552109663283e-02
-1.291449570359830101e+00,1.673147034206479145e-02
-1.291449570359830101e+00,1.673147034206479145e-02
-1.287192438593828481e+00,-3.369739505998504275e-02
-1.353219560890463802e+00,7.417571503930056598e-02
-1.274580946614155330e+00,-7.310992577029010175e-02
-1.201304056318857949e+00,6.807952559451127539e-02
-1.201304056318857949e+00,6.807952559451127539e-02
-1.201304056318857949e+00,6.807952559451127539e-02
-1.201304056318857949e+00,6.807952559451127539e-02
-1.301516461216773335e+00,-6.525137277260864566e-02
-1.301516461216773335e+00,-6.525137277260864566e-02
-1.301516461216773335e+00,-6.525137277260864566e-02
-1.264457509700420479e+00,8.386288846037620592e-02
-1.264457509700420479e+00,8.386288846037620592e-02
-1.294485218790313308e+00,-1.158027940675069589e-01
-1.294485218790313308e+00,-1.158027940675069589e-01
-1.128883550208440445e+00,-1.400720971854594044e-01
-1.128883550208440445e+00,-1.400720971854594044e-01
-1.356127354480695990e+00,6.670453753125385465e-02
-1.356127354480695990e+00,6.670453753125385465e-02
-1.356127354480695990e+00,6.670453753125385465e-02
-1.299687367188502751e+00,3.990368372611129144e-02
-1.299687367188502751e+00,3.990368372611129144e-02
-1.299687367188502751e+00,3.990368372611129144e-02
-1.258577907146636754e+00,4.761195026323218615e-02
-1.258577907146636754e+00,4.761195026323218615e-02
-1.311065017975497904e+00,-1.191570438472100424e-02
-1.311065017975497904e+00,-1.191570438472100424e-02
-1.311065017975497904e+00,-1.191570438472100424e-02
-1.311065017975497904e+00,-1.191570438472100424e-02
-1.311065017975497904e+00,-1.191570438472100424e-02
-1.311332429786429943e+00,-6.333758966463801099e-02
-1.311332429786429943e+00,-6.333758966463801099e-02
-1.197203919202891820e+00,-4.080261717629311835e-03
-1.253796544369783383e+00,2.590037686502093262e-02
-1.370628720839191850e+00,-3.732629308684815017e-02
-1.370628720839191850e+00,-3.732629308684815017e-02
-1.370628720839191850e+00,-3.732629308684815017e-02
-1.370628720839191850e+00,-3.732629308684815017e-02
-1.283565416407991489e+00,-7.503219803859692560e-02
-1.283565416407991489e+00,-7.503219803859692560e-02
-1.239858014940499631e+00,-1.501493668951976446e-01
-1.239858014940499631e+00,-1.501493668951976446e-01
-1.080822961978574748e+00,-1.416544309707436500e-01
-1.080822961978574748e+00,-1.416544309707436500e-01
-1.080822961978574748e+00,-1.416544309707436500e-01
-1.072905044746939929e+00,-3.969545952037326075e-02
-1.072905044746939929e+00,-3.969545952037326075e-02
-9.982702543422570240e-01,1.424016036415183262e-01
-9.982702543422570240e-01,1.424016036415183262e-01
-9.982702543422570240e-01,1.424016036415183262e-01
-1.103362482157401070e+00,-4.763510790706315667e-02
-1.160637525600146880e+00,4.610610763768577258e-03
-1.160637525600146880e+00,4.610610763768577258e-03
-1.295090152744468037e+00,4.708894965308981981e-03
-1.295090152744468037e+00,4.708894965308981981e-03
-1.232095620742243769e+00,-7.926947594173885947e-02
-1.232095620742243769e+00,-7.926947594173885947e-02
-1.233871782814983886e+00,-1.327747831876613382e-03
-1.233871782814983886e+00,-1.327747831876613382e-03
-1.209913437507914358e+00,8.296787084216913910e-02
-1.254293870879577888e+00,3.927373310625838221e-02
-1.254293870879577888e+00,3.927373310625838221e-02
-1.254293870879577888e+00,3.927373310625838221e-02
-1.254293870879577888e+00,3.927373310625838221e-02
-1.254293870879577888e+00,3.927373310625838221e-02
-1.191494641857300696e+00,1.143620581289860189e-01
-1.191494641857300696e+00,1.143620581289860189e-01
-1.191494641857300696e+00,1.143620581289860189e-01
-1.191494641857300696e+00,1.143620581289860189e-01
-1.191494641857300696e+00,1.143620581289860189e-01
-1.324553744077655804e+00,6.420139306968866699e-02
-1.324553744077655804e+00,6.420139306968866699e-02
-1.324553744077655804e+00,6.420139306968866699e-02
-1.259032846445179654e+00,-3.943671981817356564e-02
-1.259032846445179654e+00,-3.943671981817356564e-02
-1.263711695365201448e+00,-3.314913778232002339e-02
-1.263711695365201448e+00,-3.314913778232002339e-02
-1.217772223924231678e+00,-7.298824889827659756e-02
-1.217772223924231678e+00,-7.298824889827659756e-02
-1.247528102652530446e+00,-7.649767165452657502e-02
-1.247528102652530446e+00,-7.649767165452657502e-02
-1.247528102652530446e+00,-7.649767165452657502e-02
-1.247528102652530446e+00,-7.649767165452657502e-02
-1.247528102652530446e+00,-7.649767165452657502e-02
-1.247528102652530446e+00,-7.649767165452657502e-02
-1.208138653426954479e+00,-2.983981340620295297e-02
-1.208138653426954479e+00,-2.983981340620295297e-02
-1.208138653426954479e+00,-2.983981340620295297e-02
-1.211523595328012126e+00,-7.584255213731119771e-02
-1.184322541820257868e+00,-2.818386061055786623e-02
-1.171405753761915580e+00,-1.021677670978966834e-01
-1.171405753761915580e+00,-1.021677670978966834e-01
-1.227792464848654452e+00,-6.830896193199229027e-02
-1.227792464848654452e+00,-6.830896193199229027e-02
-1.227792464848654452e+00,-6.830896193199229027e-02
-1.227792464848654452e+00,-6.830896193199229027e-02
-1.435677357734876036e+00,-3.818709444846429824e-02
-1.435677357734876036e+00,-3.818709444846429824e-02
-1.275697497752869447e+00,5.344555380444820925e-02
-1.275697497752869447e+00,5.344555380444820925e-02
-1.085139415198630441e+00,9.565747056019213712e-02
-1.121067235005034801e+00,1.608738970183618555e-01
-1.121067235005034801e+00,1.608738970183618555e-01
-1.121067235005034801e+00,1.608738970183618555e-01
-1.121067235005034801e+00,1.608738970183618555e-01
-1.121067235005034801e+00,1.608738970183618555e-01
-1.332012231232461152e+00,7.183011526526261736e-02
-1.332012231232461152e+00,7.183011526526261736e-02
-1.343248846164721400e+00,9.023493452862449415e-03
-1.343248846164721400e+00,9.023493452862449415e-03
-1.343248846164721400e+00,9.023493452862449415e-03
-1.343248846164721400e+00,9.023493452862449415e-03
-1.343248846164721400e+00,9.023493452862449415e-03
-1.343248846164721400e+00,9.023493452862449415e-03
-1.343248846164721400e+00,9.023493452862449415e-03
-1.450350647471648102e+00,7.958044044823649188e-04
-1.450350647471648102e+00,7.958044044823649188e-04
-1.321413966872091006e+00,1.991489045073088215e-01
-1.321413966872091006e+00,1.991489045073088215e-01
-1.172349493387994990e+00,2.104078623484635369e-01
-1.151615995892073530e+00,2.727067872464895570e-01
-1.184676466264382055e+00,2.073553965892143691e-01
-1.184676466264382055e+00,2.073553965892143691e-01
-1.184676466264382055e+00,2.073553965892143691e-01
-1.290108981703051994e+00,7.296578533303982317e-02
-1.290108981703051994e+00,7.296578533303982317e-02
-1.290108981703051994e+00,7.296578533303982317e-02
-1.178195536882123085e+00,1.369071394471227388e-01
-1.308900634359690729e+00,1.151886782188654423e-01
-1.221559895583432143e+00,1.067179050630953502e-01
-1.116548236466049282e+00,9.602410211844115973e-02
-1.116548236466049282e+00,9.602410211844115973e-02
-1.135915043224878795e+00,-3.831398687897573374e-02
-1.227172292334518078e+00,-1.716550278661594167e-02
-1.227172292334518078e+00,-1.716550278661594167e-02
-1.223414034113226689e+00,1.564345177805949103e-02
-1.223414034113226689e+00,1.564345177805949103e-02
-1.367034838412452435e+00,3.255263126878146784e-02
-1.367034838412452435e+00,3.255263126878146784e-02
-1.367034838412452435e+00,3.255263126878146784e-02
-1.252250111742770455e+00,6.655163863516409817e-02
-1.229026085841708138e+00,1.132017916219357490e-01
-1.229026085841708138e+00,1.132017916219357490e-01
-1.229026085841708138e+00,1.132017916219357490e-01
-1.229026085841708138e+00,1.132017916219357490e-01
-1.229026085841708138e+00,1.132017916219357490e-01
-1.260991052535079371e+00,8.640483426375789033e-02
-1.303560897782726880e+00,1.282174381326620094e-03
-1.269624984757270481e+00,6.371579854732366092e-03
-1.269624984757270481e+00,6.371579854732366092e-03
-1.354860698579097411e+00,4.877244197400364481e-03
-1.169527900823395639e+00,5.181588275068379351e-02
-1.169527900823395639e+00,5.181588275068379351e-02
-1.169527900823395639e+00,5.181588275068379351e-02
-1.266971056960004782e+00,6.596700678466162204e-03
-1.266971056960004782e+00,6.596700678466162204e-03
-1.244927177643027294e+00,4.650554542799988089e-02
-1.244927177643027294e+00,4.650554542799988089e-02
-1.244927177643027294e+00,4.650554542799988089e-02
-1.244927177643027294e+00,4.650554542799988089e-02
-1.270894687596814343e+00,-8.110657261449928657e-02
-1.270894687596814343e+00,-8.110657261449928657e-02
-1.270894687596814343e+00,-8.110657261449928657e-02
-1.289150797166743301e+00,7.982540366677226551e-03
-1.289150797166743301e+00,7.982540366677226551e-03
-1.343613235515624726e+00,6.059650814340540592e-02
-1.343613235515624726e+00,6.059650814340540592e-02
-1.343613235515624726e+00,6.059650814340540592e-02
-1.343613235515624726e+00,6.059650814340540592e-02
-1.224167386702014415e+00,1.593024282818819859e-01
-9.351831668717092150e-01,1.553876432466643753e-01
-1.106100583867402731e+00,7.088744423851570109e-02
-1.106100583867402731e+00,7.088744423851570109e-02
-1.274847825689473968e+00,4.638826480151779508e-02
-1.274847825689473968e+00,4.638826480151779508e-02
-1.274847825689473968e+00,4.638826480151779508e-02
-1.274847825689473968e+00,4.638826480151779508e-02
-1.274847825689473968e+00,4.638826480151779508e-02
-1.274847825689473968e+00,4.638826480151779508e-02
-1.274847825689473968e+00,4.638826480151779508e-02
-1.274847825689473968e+00,4.638826480151779508e-02
-1.274847825689473968e+00,4.638826480151779508e-02
-1.415927466559713910e+00,3.286445077281659882e-02
-1.590718513412656243e+00,2.557252487334365706e-02
-1.590718513412656243e+00,2.557252487334365706e-02
-1.337164516428433814e+00,6.968998750133034714e-02
-1.337164516428433814e+00,6.968998750133034714e-02
-1.270803537753584678e+00,8.477388574890616646e-03
-1.286670609959425171e+00,3.511630113953295718e-02
-1.286670609959425171e+00,3.511630113953295718e-02
-1.286670609959425171e+00,3.511630113953295718e-02
-1.347326737621912907e+00,4.635288313815064815e-02
-1.290645777350585499e+00,-6.633742882406717944e-02
-1.240734544440148746e+00,-1.229975801253490320e-01
-1.330578316851050102e+00,-5.538083917417835345e-02
-1.330578316851050102e+00,-5.538083917417835345e-02
-1.330578316851050102e+00,-5.538083917417835345e-02
-1.330578316851050102e+00,-5.538083917417835345e-02
-1.330578316851050102e+00,-5.538083917417835345e-02
-1.330578316851050102e+00,-5.538083917417835345e-02
-1.330578316851050102e+00,-5.538083917417835345e-02
-1.330578316851050102e+00,-5.538083917417835345e-02
-1.156297788741368127e+00,4.747903455453370003e-02
-1.247827510772590465e+00,9.183538554024583966e-02
-1.247827510772590465e+00,9.183538554024583966e-02
-1.147035631116998022e+00,-5.287284949433088133e-02
-1.133855412371500559e+00,-1.500700606952132254e-01
-1.133855412371500559e+00,-1.500700606952132254e-01
-1.097108834597599669e+00,1.691438520919683053e-02
-1.079343018381655028e+00,-1.111724514509802864e-01
-1.142589525954469831e+00,-1.139660018660151319e-01
-1.142589525954469831e+00,-1.139660018660151319e-01
-1.142589525954469831e+00,-1.139660018660151319e-01
-1.362241005727359067e+00,1.280825209277969279e-03
-1.362241005727359067e+00,1.280825209277969279e-03
-1.212516547277506795e+00,3.508095349107624022e-02
-1.212516547277506795e+00,3.508095349107624022e-02
-1.212516547277506795e+00,3.508095349107624022e-02
-1.302808113740861362e+00,5.473444205677922142e-02
-1.216226125837374550e+00,-9.240519741260261322e-02
-1.216226125837374550e+00,-9.240519741260261322e-02
-1.216226125837374550e+00,-9.240519741260261322e-02
-1.216226125837374550e+00,-9.240519741260261322e-02
-1.108245816381565829e+00,2.793216537052278792e-04
-1.108245816381565829e+00,2.793216537052278792e-04
-1.108245816381565829e+00,2.793216537052278792e-04
-1.108245816381565829e+00,2.793216537052278792e-04
-1.174571519255972252e+00,1.090102673894437768e-01
-1.174571519255972252e+00,1.090102673894437768e-01
-1.117413835226532592e+00,5.018945438298162698e-02
-1.308199389257276746e+00,8.672250096631799188e-02
-1.265196499059804358e+00,1.840167033283628406e-01
-1.265196499059804358e+00,1.840167033283628406e-01
-1.265196499059804358e+00,1.840167033283628406e-01
-1.221979496970448054e+00,-4.131937144289038466e-02
-1.221979496970448054e+00,-4.131937144289038466e-02
-1.084903528270946271e+00,-2.632676560307589675e-02
-1.084903528270946271e+00,-2.632676560307589675e-02
-9.150846936588082903e-01,-8.785295549731769044e-03
-9.150846936588082903e-01,-8.785295549731769044e-03
-9.150846936588082903e-01,-8.785295549731769044e-03
-9.150846936588082903e-01,-8.785295549731769044e-03
-9.480277296743409021e-01,1.487171855876212243e-02
-9.658686100892742710e-01,-1.061465083623540917e-01
-9.658686100892742710e-01,-1.061465083623540917e-01
-9.658686100892742710e-01,-1.061465083623540917e-01
-1.182103902728606659e+00,-1.562203916914896296e-01
-1.182103902728606659e+00,-1.562203916914896296e-01
-1.305646804482465839e+00,-7.807719850009921247e-02
-1.437923140056711180e+00,1.036964452735075065e-01
-1.121975544544008940e+00,7.514686081384056027e-02
-1.121975544544008940e+00,7.514686081384056027e-02
-1.192594657664544533e+00,6.306325277248493733e-02
-1.192594657664544533e+00,6.306325277248493733e-02
-1.411499770536530196e+00,-5.236309857591769923e-03
-1.411499770536530196e+00,-5.236309857591769923e-03
-1.411499770536530196e+00,-5.236309857591769923e-03
-1.365659777502620909e+00,-1.336927928228096307e-01
-1.329240945988749090e+00,-1.249152795037184460e-01
-1.329240945988749090e+00,-1.249152795037184460e-01
-1.327347290704568472e+00,7.884677695994929403e-02
-1.357111358316218430e+00,9.375645817650560265e-02
-1.357111358316218430e+00,9.375645817650560265e-02
-1.357111358316218430e+00,9.375645817650560265e-02
-1.357111358316218430e+00,9.375645817650560265e-02
-1.357111358316218430e+00,9.375645817650560265e-02
-1.357111358316218430e+00,9.375645817650560265e-02
-1.357111358316218430e+00,9.375645817650560265e-02
-1.357111358316218430e+00,9.375645817650560265e-02
-1.357111358316218430e+00,9.375645817650560265e-02
-1.357111358316218430e+00,9.375645817650560265e-02
-1.223289258897954035e+00,9.416614316605838308e-02
-1.223289258897954035e+00,9.416614316605838308e-02
-1.223289258897954035e+00,9.416614316605838308e-02
-1.153141910552590854e+00,3.509882087268200584e-02
-1.325863732402941864e+00,9.226047992057290204e-02
-1.282998264365894370e+00,-1.199802685063093566e-02
-1.282998264365894370e+00,-1.199802685063093566e-02
-1.105259972396386070e+00,-1.697518669159501226e-01
-1.105259972396386070e+00,-1.697518669159501226e-01
-1.130978689511856539e+00,-2.194315192980996754e-01
-1.295729308542886704e+00,-1.590194362877834222e-01
-1.481343647963853094e+00,-1.570865217777817902e-01
-1.417290240534148982e+00,1.077649728038384269e-01
-1.347184572833160399e+00,1.075394040869623036e-01
-1.347184572833160399e+00,1.075394040869623036e-01
-1.347184572833160399e+00,1.075394040869623036e-01
-1.347184572833160399e+00,1.075394040869623036e-01
-1.347184572833160399e+00,1.075394040869623036e-01
-1.347184572833160399e+00,1.075394040869623036e-01
-1.347184572833160399e+00,1.075394040869623036e-01
-1.347184572833160399e+00,1.075394040869623036e-01
-1.347184572833160399e+00,1.075394040869623036e-01
-1.347184572833160399e+00,1.075394040869623036e-01
-1.347184572833160399e+00,1.075394040869623036e-01
-1.222620966027499589e+00,5.581158688598105572e-02
-1.222620966027499589e+00,5.581158688598105572e-02
-1.492903301262095805e+00,2.329098219382442769e-01
-1.492903301262095805e+00,2.329098219382442769e-01
-1.440656772129883745e+00,2.596907459736676471e-01
-1.196029859397417683e+00,1.045404953388309743e-02
-1.196029859397417683e+00,1.045404953388309743e-02
-1.276523984558589619e+00,-2.051650790147415554e-02
-1.276523984558589619e+00,-2.051650790147415554e-02
-1.276523984558589619e+00,-2.051650790147415554e-02
-1.276523984558589619e+00,-2.051650790147415554e-02
-1.276523984558589619e+00,-2.051650790147415554e-02
-1.295176865218694795e+00,5.059799551380299992e-02
-1.295176865218694795e+00,5.059799551380299992e-02
-1.295176865218694795e+00,5.059799551380299992e-02
-1.295102410126744097e+00,-1.251708226859895440e-02
-1.295102410126744097e+00,-1.251708226859895440e-02
-1.295102410126744097e+00,-1.251708226859895440e-02
-1.289967074264201985e+00,1.945234332639869945e-01
-1.130072547925937476e+00,9.366270202753806950e-02
-1.130072547925937476e+00,9.366270202753806950e-02
-1.213143737033202108e+00,1.003949178658292557e-01
-1.213143737033202108e+00,1.003949178658292557e-01
-1.267120544850896202e+00,6.817285767847484912e-02
-1.359706728109252971e+00,1.721910442364203431e-01
-1.359706728109252971e+00,1.721910442364203431e-01
-1.359706728109252971e+00,1.721910442364203431e-01
-1.359706728109252971e+00,1.721910442364203431e-01
-1.299858921489787988e+00,6.267546322483485977e-02
-1.299858921489787988e+00,6.267546322483485977e-02
-1.299858921489787988e+00,6.267546322483485977e-02
-1.299858921489787988e+00,6.267546322483485977e-02
-1.299858921489787988e+00,6.267546322483485977e-02
-1.277851494675668498e+00,-1.025268979352275678e-03
-1.277851494675668498e+00,-1.025268979352275678e-03
-1.267505679045940026e+00,6.660120904472875691e-02
-1.267505679045940026e+00,6.660120904472875691e-02
-1.267505679045940026e+00,6.660120904472875691e-02
-1.267505679045940026e+00,6.660120904472875691e-02
-1.267505679045940026e+00,6.660120904472875691e-02
-1.267505679045940026e+00,6.660120904472875691e-02
-1.146944857313421107e+00,4.848951609129155405e-02
-1.146944857313421107e+00,4.848951609129155405e-02
-1.104635280395467989e+00,-4.406198496765884043e-02
-1.104635280395467989e+00,-4.406198496765884043e-02
-1.104635280395467989e+00,-4.406198496765884043e-02
-1.104635280395467989e+00,-4.406198496765884043e-02
-1.104635280395467989e+00,-4.406198496765884043e-02
-1.104635280395467989e+00,-4.406198496765884043e-02
-1.104635280395467989e+00,-4.406198496765884043e-02
-1.202534681323973453e+00,6.998139293716426623e-03
-1.309616137355019472e+00,-1.218914405861371009e-01
-1.309616137355019472e+00,-1.218914405861371009e-01
-1.238345544958238120e+00,2.182435093832213457e-02
-1.238345544958238120e+00,2.182435093832213457e-02
-1.300992187181734039e+00,-1.365980325752069180e-01
-1.300992187181734039e+00,-1.365980325752069180e-01
-1.300992187181734039e+00,-1.365980325752069180e-01
-1.199253224251629169e+00,-1.217961407352778636e-02
-1.223088908945521691e+00,2.013080296322743851e-02
-1.121664835223775025e+00,2.302829961760736316e-03
-1.121664835223775025e+00,2.302829961760736316e-03
-1.125199678371746836e+00,-6.173676880330392081e-02
-1.125199678371746836e+00,-6.173676880330392081e-02
-1.125199678371746836e+00,-6.173676880330392081e-02
-1.125199678371746836e+00,-6.173676880330392081e-02
-1.125199678371746836e+00,-6.173676880330392081e-02
-9.449693090748803037e-01,-4.083299437745363525e-02
-1.134644944787804199e+00,4.105321226728404771e-02
-1.134644944787804199e+00,4.105321226728404771e-02
-1.134644944787804199e+00,4.105321226728404771e-02
-1.222340248406554419e+00,2.389117551288155381e-02
-1.222340248406554419e+00,2.389117551288155381e-02
-1.321455435578462012e+00,7.467652437010581512e-02
-1.321455435578462012e+00,7.467652437010581512e-02
-1.321455435578462012e+00,7.467652437010581512e-02
-1.321455435578462012e+00,7.467652437010581512e-02
-1.321455435578462012e+00,7.467652437010581512e-02
-1.321455435578462012e+00,7.467652437010581512e-02
-1.393971974783058787e+00,6.004306047836852761e-02
-1.393971974783058787e+00,6.004306047836852761e-02
-1.393971974783058787e+00,6.004306047836852761e-02
-1.393971974783058787e+00,6.004306047836852761e-02
-1.356010415575549466e+00,1.348622364966386294e-02
-1.356010415575549466e+00,1.348622364966386294e-02
-1.356010415575549466e+00,1.348622364966386294e-02
-1.229207458380654927e+00,-1.652295570280563064e-01
-1.229207458380654927e+00,-1.652295570280563064e-01
-1.183063795393112239e+00,-3.880376716422254124e-02
-1.246879626195248836e+00,4.447902125999012024e-02
-1.246879626195248836e+00,4.447902125999012024e-02
-1.246879626195248836e+00,4.447902125999012024e-02
-1.246879626195248836e+00,4.447902125999012024e-02
-1.147462510626213295e+00,4.076217694506613365e-02
-1.147462510626213295e+00,4.076217694506613365e-02
-1.147462510626213295e+00,4.076217694506613365e-02
-1.147462510626213295e+00,4.076217694506613365e-02
-1.147462510626213295e+00,4.076217694506613365e-02
-1.091792383918367859e+00,-4.236294948255760195e-02
-1.091792383918367859e+00,-4.236294948255760195e-02
-1.091792383918367859e+00,-4.236294948255760195e-02
-1.136848210174598917e+00,-4.313900683822469162e-02
-1.101676989888089375e+00,-1.410202279921165536e-01
-1.101676989888089375e+00,-1.410202279921165536e-01
-1.122631111136323634e+00,4.713601584754312235e-03
-1.122631111136323634e+00,4.713601584754312235e-03
-1.268468765586647340e+00,4.451276309517679386e-02
-1.268468765586647340e+00,4.451276309517679386e-02
-1.268468765586647340e+00,4.451276309517679386e-02
-1.253301639285887781e+00,1.603024786669429158e-01
-1.253301639285887781e+00,1.603024786669429158e-01
-1.253301639285887781e+00,1.603024786669429158e-01
-1.253301639285887781e+00,1.603024786669429158e-01
-1.426658548997358444e+00,-3.488077089367747075e-02
-1.426658548997358444e+00,-3.488077089367747075e-02
-1.426658548997358444e+00,-3.488077089367747075e-02
-1.426658548997358444e+00,-3.488077089367747075e-02
-1.426658548997358444e+00,-3.488077089367747075e-02
-1.409907363093557908e+00,1.605650791209319583e-01
-1.409907363093557908e+00,1.605650791209319583e-01
-1.457093612747604405e+00,1.040391786549617337e-01
-1.457093612747604405e+00,1.040391786549617337e-01
-1.435199377589595482e+00,-1.169629666685043923e-01
-1.285779693139675883e+00,-2.476574839795651906e-02
-1.285779693139675883e+00,-2.476574839795651906e-02
-1.345931061028774245e+00,-8.203748792444229276e-02
-1.178682693526092784e+00,-1.090328025856385080e-01
-1.306666132424878501e+00,1.227189750005856644e-01
-1.306666132424878501e+00,1.227189750005856644e-01
-1.306666132424878501e+00,1.227189750005856644e-01
-1.306666132424878501e+00,1.227189750005856644e-01
-1.306666132424878501e+00,1.227189750005856644e-01
-1.237274473392703467e+00,1.241065586295670986e-01
-1.237274473392703467e+00,1.241065586295670986e-01
-1.158244884978383737e+00,8.341609664584852257e-02
-1.158244884978383737e+00,8.341609664584852257e-02
-1.158244884978383737e+00,8.341609664584852257e-02
-1.284234287191329482e+00,1.205041748181160943e-01
-1.284234287191329482e+00,1.205041748181160943e-01
-1.284234287191329482e+00,1.205041748181160943e-01
-1.284234287191329482e+00,1.205041748181160943e-01
-1.284234287191329482e+00,1.205041748181160943e-01
-1.284234287191329482e+00,1.205041748181160943e-01
-1.301425253126069936e+00,-4.826880778721634457e-02
-1.301425253126069936e+00,-4.826880778721634457e-02
-1.301425253126069936e+00,-4.826880778721634457e-02
-1.219273095294661990e+00,-3.802546457316355322e-03
-1.219273095294661990e+00,-3.802546457316355322e-03
-1.194655243026347291e+00,1.906337137024437939e-02
-1.311568867145209261e+00,1.041420518777113891e-01
-1.080454217765321578e+00,-7.210412472454383326e-02
-1.489520240452564259e+00,-9.490071680339690063e-03
-1.489520240452564259e+00,-9.490071680339690063e-03
-1.489520240452564259e+00,-9.490071680339690063e-03
-1.489520240452564259e+00,-9.490071680339690063e-03
-1.489520240452564259e+00,-9.490071680339690063e-03
-1.200654159942506904e+00,-8.662390282712812209e-03
-1.456290636917722869e+00,-4.422961765649933985e-02
-1.456290636917722869e+00,-4.422961765649933985e-02
-1.456290636917722869e+00,-4.422961765649933985e-02
-1.394133099359108119e+00,-1.493491927535625652e-01
-1.394133099359108119e+00,-1.493491927535625652e-01
-1.420611828240784247e+00,-1.150060865835605961e-01
-1.420611828240784247e+00,-1.150060865835605961e-01
-1.420611828240784247e+00,-1.150060865835605961e-01
-1.420611828240784247e+00,-1.150060865835605961e-01
-1.420611828240784247e+00,-1.150060865835605961e-01
-1.420611828240784247e+00,-1.150060865835605961e-01
-1.420611828240784247e+00,-1.150060865835605961e-01
-1.260348505895515503e+00,1.213240172730385702e-01
-1.260348505895515503e+00,1.213240172730385702e-01
-1.167721229175028075e+00,1.049755469564253169e-01
-1.367516135694821333e+00,1.279436424649539050e-01
-1.367516135694821333e+00,1.279436424649539050e-01
-1.367516135694821333e+00,1.279436424649539050e-01
-1.367516135694821333e+00,1.279436424649539050e-01
-1.367516135694821333e+00,1.279436424649539050e-01
-1.367516135694821333e+00,1.279436424649539050e-01
-1.384865107397568629e+00,9.777070694753026148e-02
-1.503554494106606798e+00,-6.756824720501886095e-02
-1.554792752747508944e+00,4.507563675105130674e-02
-1.554792752747508944e+00,4.507563675105130674e-02
-1.349142902792293208e+00,-1.062821448847602740e-02
-1.418145059272935438e+00,1.270495659094083088e-03
-1.474797376698544049e+00,7.824021517458899788e-02
-1.206552598908625429e+00,-9.801614172133300829e-02
-1.189296930278095799e+00,-1.158971010730541762e-02
-1.399807858696572982e+00,1.133711509125022304e-01
-1.326904404989283970e+00,1.034991171265095683e-01
-1.212209602776994632e+00,8.395898822516022209e-02
-1.212209602776994632e+00,8.395898822516022209e-02
-1.088676012269635285e+00,-7.050853580486238226e-03
-1.096411425043570809e+00,1.370853107294137119e-01
-1.260055629242369690e+00,2.693035860761416878e-03
-1.223453891306347074e+00,-3.527209750081151257e-02
-1.223453891306347074e+00,-3.527209750081151257e-02
-1.058843837612518879e+00,-1.078858814752487461e-01
-1.058843837612518879e+00,-1.078858814752487461e-01
-1.196325597166061572e+00,-7.736433532395657620e-02
-1.196325597166061572e+00,-7.736433532395657620e-02
-1.196325597166061572e+00,-7.736433532395657620e-02
-1.134272360602066154e+00,4.110151952062636449e-02
-1.134272360602066154e+00,4.110151952062636449e-02
-1.134272360602066154e+00,4.110151952062636449e-02
-1.187458263321120366e+00,-1.406508991789492957e-01
-1.050915663116023691e+00,-8.512978897688316948e-02
-1.050915663116023691e+00,-8.512978897688316948e-02
-1.050915663116023691e+00,-8.512978897688316948e-02
-1.050915663116023691e+00,-8.512978897688316948e-02
-1.050915663116023691e+00,-8.512978897688316948e-02
-1.094338037713920242e+00,-1.684277044278958968e-01
-1.094338037713920242e+00,-1.684277044278958968e-01
-1.197619698431773294e+00,-1.292080194219343281e-01
-1.197619698431773294e+00,-1.292080194219343281e-01
-1.197619698431773294e+00,-1.292080194219343281e-01
-1.197619698431773294e+00,-1.292080194219343281e-01
-1.134067881841220649e+00,8.048721507601969138e-03
-1.134067881841220649e+00,8.048721507601969138e-03
-1.134067881841220649e+00,8.048721507601969138e-03
-1.134067881841220649e+00,8.048721507601969138e-03
-1.134067881841220649e+00,8.048721507601969138e-03
-1.134067881841220649e+00,8.048721507601969138e-03
-1.126961818631155188e+00,1.100145977526401364e-01
-1.126961818631155188e+00,1.100145977526401364e-01
-1.126961818631155188e+00,1.100145977526401364e-01
-1.126961818631155188e+00,1.100145977526401364e-01
-1.159945616575207783e+00,-6.169968610939222109e-02
-1.125768495532442737e+00,-7.773834377981528321e-02
-1.153796793756639572e+00,-3.954993583220964282e-02
-1.153796793756639572e+00,-3.954993583220964282e-02
-1.153796793756639572e+00,-3.954993583220964282e-02
-1.153796793756639572e+00,-3.954993583220964282e-02
-1.148228381114614116e+00,-1.540129492756146246e-01
-1.031591326064257519e+00,-2.805487080096241703e-01
-1.031591326064257519e+00,-2.805487080096241703e-01
-1.031591326064257519e+00,-2.805487080096241703e-01
-1.031591326064257519e+00,-2.805487080096241703e-01
-9.737666110598144353e-01,-2.208906578739899818e-01
-9.848630896831329640e-01,-1.245533080427183720e-01
-1.129789221677919286e+00,1.387082211719543046e-01
-1.120761595489032203e+00,-4.442499415810965968e-02
-1.120761595489032203e+00,-4.442499415810965968e-02
-1.068399871792698130e+00,-6.550234083163194998e-02
-1.064757409578588998e+00,7.750411789410818764e-02
-1.066797473673391616e+00,2.261269342195765947e-02
-1.066797473673391616e+00,2.261269342195765947e-02
-1.066797473673391616e+00,2.261269342195765947e-02
-1.401444150656754983e+00,1.337545998530729197e-01
-1.401444150656754983e+00,1.337545998530729197e-01
-1.412073881489092964e+00,2.825509322428369774e-02
-1.288356518927304517e+00,1.250760079377588319e-01
-1.229818013077596195e+00,3.826405285531342404e-02
-1.472124176670772000e+00,-1.676096351336295864e-01
-1.384387528384127819e+00,2.541671669051054350e-02
-1.384387528384127819e+00,2.541671669051054350e-02
-1.171401393467238483e+00,-6.812090054747328705e-02
-1.171401393467238483e+00,-6.812090054747328705e-02
-1.171401393467238483e+00,-6.812090054747328705e-02
-1.181069698506126642e+00,-1.343277066885734949e-01
-1.258420242638575104e+00,-2.284458057905558448e-03
-1.258420242638575104e+00,-2.284458057905558448e-03
-1.130772668819387317e+00,1.868067727222955457e-02
-1.189447822362600826e+00,-2.213843465765768723e-02
-1.173637648886632023e+00,-8.811733419739467554e-02
-1.173637648886632023e+00,-8.811733419739467554e-02
-1.173637648886632023e+00,-8.811733419739467554e-02
-1.173637648886632023e+00,-8.811733419739467554e-02
-1.195558541829137233e+00,-1.220908072940822264e-01
-1.225482463531337052e+00,-6.590015242539781770e-02
-1.337165384934096979e+00,1.221203284317720628e-02
-1.338550458500773033e+00,6.864305351548660727e-02
-1.334329940508864887e+00,1.433424987654773747e-02
-1.249999695691577539e+00,1.728072001080874220e-01
-1.249999695691577539e+00,1.728072001080874220e-01
-1.249999695691577539e+00,1.728072001080874220e-01
-1.180703039230579732e+00,2.621111565180009872e-01
-1.180703039230579732e+00,2.621111565180009872e-01
-1.353582020913332684e+00,1.179030095207194151e-01
-1.353582020913332684e+00,1.179030095207194151e-01
-1.353582020913332684e+00,1.179030095207194151e-01
-1.402545070055573495e+00,2.311023339221252026e-02
-1.400915112870484869e+00,6.497741749887649132e-02
-1.131697423656694568e+00,-1.328668594151534155e-01
-1.177533207897545342e+00,-8.097378435857160994e-02
-1.177533207897545342e+00,-8.097378435857160994e-02
-1.177533207897545342e+00,-8.097378435857160994e-02
-1.177533207897545342e+00,-8.097378435857160994e-02
-1.177533207897545342e+00,-8.097378435857160994e-02
-1.259552740103007329e+00,1.047692068511619778e-01
-1.259552740103007329e+00,1.047692068511619778e-01
-1.259552740103007329e+00,1.047692068511619778e-01
-1.259552740103007329e+00,1.047692068511619778e-01
-1.259552740103007329e+00,1.047692068511619778e-01
-1.259552740103007329e+00,1.047692068511619778e-01
-1.259552740103007329e+00,1.047692068511619778e-01
-1.157663765541823153e+00,-7.345926033991703741e-02
-1.157663765541823153e+00,-7.345926033991703741e-02
-1.164070559933923832e+00,-1.333521069622282118e-01
-1.164070559933923832e+00,-1.333521069622282118e-01
-1.164070559933923832e+00,-1.333521069622282118e-01
-1.152080786379930499e+00,-1.062375794073698587e-02
-1.152080786379930499e+00,-1.062375794073698587e-02
-1.152080786379930499e+00,-1.062375794073698587e-02
-1.152080786379930499e+00,-1.062375794073698587e-02
-1.135634496556003015e+00,1.484911557540530835e-01
-1.135634496556003015e+00,1.484911557540530835e-01
-1.135634496556003015e+00,1.484911557540530835e-01
-1.135634496556003015e+00,1.484911557540530835e-01
-1.135634496556003015e+00,1.484911557540530835e-01
-1.227266420129856650e+00,-2.272450938629619333e-02
-1.211055698153944871e+00,-9.971921232409572400e-02
-1.211055698153944871e+00,-9.971921232409572400e-02
-1.211055698153944871e+00,-9.971921232409572400e-02
-1.261891613630012676e+00,7.736600754821640336e-02
-1.261891613630012676e+00,7.736600754821640336e-02
-1.261891613630012676e+00,7.736600754821640336e-02
-1.282919350608622944e+00,-3.460123892674334123e-02
-1.282919350608622944e+00,-3.460123892674334123e-02
-1.282919350608622944e+00,-3.460123892674334123e-02
-1.263130735993099885e+00,-1.735118644543977642e-02
-1.076138423602315708e+00,-1.658993193290892731e-01
-1.076138423602315708e+00,-1.658993193290892731e-01
-1.209329687284802279e+00,-5.229067424296804378e-02
-1.209329687284802279e+00,-5.229067424296804378e-02
-1.141711996826968223e+00,2.517269274175391869e-02
-1.141711996826968223e+00,2.517269274175391869e-02
-1.141711996826968223e+00,2.517269274175391869e-02
-1.141711996826968223e+00,2.517269274175391869e-02
-1.101796236558155728e+00,-3.885403730345935586e-03
-1.101796236558155728e+00,-3.885403730345935586e-03
-1.101796236558155728e+00,-3.885403730345935586e-03
-1.101796236558155728e+00,-3.885403730345935586e-03
-1.101796236558155728e+00,-3.885403730345935586e-03
-1.160305342370006043e+00,1.344638859895001259e-01
-1.160305342370006043e+00,1.344638859895001259e-01
-1.083397069615341213e+00,1.563674724983777631e-01
-1.083397069615341213e+00,1.563674724983777631e-01
-1.083397069615341213e+00,1.563674724983777631e-01
-1.237371038117728750e+00,2.591780528690701413e-01
-1.237371038117728750e+00,2.591780528690701413e-01
-1.050741927573430212e+00,2.338481255807071113e-01
-1.050741927573430212e+00,2.338481255807071113e-01
-1.050741927573430212e+00,2.338481255807071113e-01
-1.125678641263562652e+00,-5.159329867480022536e-03
-1.209772053889493382e+00,3.591250340011856862e-02
-1.209772053889493382e+00,3.591250340011856862e-02
-1.209772053889493382e+00,3.591250340011856862e-02
-1.211555703941725737e+00,-1.119702183373479099e-02
-1.211555703941725737e+00,-1.119702183373479099e-02
-1.211555703941725737e+00,-1.119702183373479099e-02
-1.124312121967382616e+00,-1.366111364028661512e-01
-1.124312121967382616e+00,-1.366111364028661512e-01
-1.338720486583209635e+00,-1.473989865335793015e-01
-1.338720486583209635e+00,-1.473989865335793015e-01
-1.241606357603121102e+00,7.327793026627454909e-02
-1.285120518601167383e+00,-4.320613946425395924e-02
-1.277054920588627462e+00,1.646017844716870376e-02
-1.277054920588627462e+00,1.646017844716870376e-02
-1.277054920588627462e+00,1.646017844716870376e-02
-1.277054920588627462e+00,1.646017844716870376e-02
-1.277054920588627462e+00,1.646017844716870376e-02
-1.277054920588627462e+00,1.646017844716870376e-02
-1.343696757758562788e+00,-7.685360115647732471e-02
-1.297118321302341171e+00,6.251692448470769214e-02
-1.297118321302341171e+00,6.251692448470769214e-02
-1.297118321302341171e+00,6.251692448470769214e-02
-1.297118321302341171e+00,6.251692448470769214e-02
-1.261136315040907840e+00,-1.970617532223838952e-01
-1.393314666560916626e+00,-1.016536350359758950e-01
-1.233669724157357983e+00,1.585973626799009883e-01
-1.170074081953669909e+00,2.486978685693990998e-01
-1.241617722633164611e+00,2.424415662103286406e-01
-1.106125629534775001e+00,1.584111075434241900e-01
-1.106125629534775001e+00,1.584111075434241900e-01
-1.106125629534775001e+00,1.584111075434241900e-01
-1.020243161782689478e+00,6.755839111592637503e-02
-1.020243161782689478e+00,6.755839111592637503e-02
-1.110794750125371433e+00,2.087022779760110969e-01
-1.110794750125371433e+00,2.087022779760110969e-01
-1.134403635016524525e+00,2.151482755085961374e-01
-1.134403635016524525e+00,2.151482755085961374e-01
-1.234084379032209133e+00,1.325772434151153423e-01
-1.234084379032209133e+00,1.325772434151153423e-01
-1.234084379032209133e+00,1.325772434151153423e-01
-1.234084379032209133e+00,1.325772434151153423e-01
-1.234084379032209133e+00,1.325772434151153423e-01
-1.234084379032209133e+00,1.325772434151153423e-01
-1.234084379032209133e+00,1.325772434151153423e-01
-1.234084379032209133e+00,1.325772434151153423e-01
-1.234084379032209133e+00,1.325772434151153423e-01
-1.234084379032209133e+00,1.325772434151153423e-01
-1.104533701550658220e+00,6.676104438994311108e-02
-1.291113603632847440e+00,5.501181279449014749e-02
-1.291113603632847440e+00,5.501181279449014749e-02
-1.234861271399252169e+00,-1.954059402444038862e-02
-1.234861271399252169e+00,-1.954059402444038862e-02
-1.234861271399252169e+00,-1.954059402444038862e-02
-1.205095935568621490e+00,-3.737480419720502767e-02
-1.205095935568621490e+00,-3.737480419720502767e-02
-1.205095935568621490e+00,-3.737480419720502767e-02
-1.242711650625695885e+00,2.007403950653202096e-01
-1.302214231260090616e+00,2.265672029695250389e-01
-1.302214231260090616e+00,2.265672029695250389e-01
-1.302214231260090616e+00,2.265672029695250389e-01
-1.302214231260090616e+00,2.265672029695250389e-01
-1.302214231260090616e+00,2.265672029695250389e-01
-1.159170173896131750e+00,3.728290023842403822e-02
-1.338026443285964096e+00,1.026522755974839940e-01
-1.338026443285964096e+00,1.026522755974839940e-01
-1.197877902295829466e+00,-1.520087032799391502e-03
-1.197877902295829466e+00,-1.520087032799391502e-03
-1.197877902295829466e+00,-1.520087032799391502e-03
-1.132284956686976152e+00,8.149229577797893753e-03
-1.284939750829420690e+00,-1.232666685055296973e-01
-1.284939750829420690e+00,-1.232666685055296973e-01
-1.284939750829420690e+00,-1.232666685055296973e-01
-1.284939750829420690e+00,-1.232666685055296973e-01
-1.169070207239456094e+00,1.970751898879288810e-02
-1.169070207239456094e+00,1.970751898879288810e-02
-1.169070207239456094e+00,1.970751898879288810e-02
-1.169070207239456094e+00,1.970751898879288810e-02
-1.169070207239456094e+00,1.970751898879288810e-02
-1.169070207239456094e+00,1.970751898879288810e-02
-1.169070207239456094e+00,1.970751898879288810e-02
-1.169070207239456094e+00,1.970751898879288810e-02
-1.169070207239456094e+00,1.970751898879288810e-02
-1.169070207239456094e+00,1.970751898879288810e-02
-1.165859250426482641e+00,1.484269650631681384e-02
-1.182346603278425334e+00,1.177871162344723832e-01
-1.182346603278425334e+00,1.177871162344723832e-01
-1.303974275453713361e+00,2.499112215146495619e-03
-1.303974275453713361e+00,2.499112215146495619e-03
-1.303974275453713361e+00,2.499112215146495619e-03
-1.303974275453713361e+00,2.499112215146495619e-03
-1.303974275453713361e+00,2.499112215146495619e-03
-1.303974275453713361e+00,2.499112215146495619e-03
-1.303974275453713361e+00,2.499112215146495619e-03
-1.303974275453713361e+00,2.499112215146495619e-03
-1.303974275453713361e+00,2.499112215146495619e-03
-1.303974275453713361e+00,2.499112215146495619e-03
-1.360879739163448399e+00,-5.207530230717053593e-02
-1.360879739163448399e+00,-5.207530230717053593e-02
-1.208227902020155842e+00,5.260312522214483089e-03
-1.208227902020155842e+00,5.260312522214483089e-03
-1.208227902020155842e+00,5.260312522214483089e-03
-1.208227902020155842e+00,5.260312522214483089e-03
-1.208227902020155842e+00,5.260312522214483089e-03
-1.208227902020155842e+00,5.260312522214483089e-03
-1.208227902020155842e+00,5.260312522214483089e-03
-1.047126858910783831e+00,3.589656212677297398e-02
-1.066514500584952119e+00,-4.660415703720079128e-02
-1.065614374888501414e+00,1.131171979027203317e-02
-1.065614374888501414e+00,1.131171979027203317e-02
-1.079775220589069384e+00,1.521673023034909519e-02
-1.079775220589069384e+00,1.521673023034909519e-02
-1.238937449365501653e+00,2.186607184079040339e-02
-1.238937449365501653e+00,2.186607184079040339e-02
-1.238937449365501653e+00,2.186607184079040339e-02
-1.238937449365501653e+00,2.186607184079040339e-02
-1.238937449365501653e+00,2.186607184079040339e-02
-1.238937449365501653e+00,2.186607184079040339e-02
-1.238937449365501653e+00,2.186607184079040339e-02
-1.208233416349308698e+00,-5.157809198142287305e-02
-1.325843269509487721e+00,8.362100824409499089e-02
-1.325843269509487721e+00,8.362100824409499089e-02
-1.325843269509487721e+00,8.362100824409499089e-02
-1.325843269509487721e+00,8.362100824409499089e-02
-1.291760338299601019e+00,1.689571978609581693e-02
-1.139942337219253421e+00,3.578119641477071899e-02
-1.139942337219253421e+00,3.578119641477071899e-02
-1.208566072272935443e+00,1.481675732507431453e-01
-1.091131755260379421e+00,-4.529236724045304641e-02
-1.091131755260379421e+00,-4.529236724045304641e-02
-1.152652568487382734e+00,-9.268789979193409190e-02
-1.152652568487382734e+00,-9.268789979193409190e-02
-1.195107088096182268e+00,4.285440583449073859e-02
-1.083628948135055392e+00,-4.866775124836106303e-02
-1.083628948135055392e+00,-4.866775124836106303e-02
-1.115553350116706088e+00,-1.020590747592895753e-01
-1.069368794744568030e+00,9.506742223075737019e-03
-1.069368794744568030e+00,9.506742223075737019e-03
-1.069368794744568030e+00,9.506742223075737019e-03
-1.069368794744568030e+00,9.506742223075737019e-03
-1.191233586824618218e+00,1.548149338794677643e-01
-1.332481221031738494e+00,7.729612580366396202e-02
-1.332481221031738494e+00,7.729612580366396202e-02
-1.332481221031738494e+00,7.729612580366396202e-02
-1.332481221031738494e+00,7.729612580366396202e-02
-1.332481221031738494e+00,7.729612580366396202e-02
-1.332481221031738494e+00,7.729612580366396202e-02
-1.350740329770839132e+00,1.461132084138077047e-01
-1.350740329770839132e+00,1.461132084138077047e-01
-1.350740329770839132e+00,1.461132084138077047e-01
-1.350740329770839132e+00,1.461132084138077047e-01
-1.238960218835686300e+00,2.047146018781387244e-02
-1.064868647815165215e+00,-6.843544444802956983e-02
-1.183302856320146645e+00,-6.290906927005376903e-02
-1.183302856320146645e+00,-6.290906927005376903e-02
-1.183302856320146645e+00,-6.290906927005376903e-02
-1.183302856320146645e+00,-6.290906927005376903e-02
-1.202015670001860714e+00,1.254373618337931151e-02
-1.097151131187397599e+00,-1.895692306897917706e-02
-1.097151131187397599e+00,-1.895692306897917706e-02
-1.305552694834291927e+00,8.334962964390071893e-02
-1.305552694834291927e+00,8.334962964390071893e-02
-1.305552694834291927e+00,8.334962964390071893e-02
-1.082292535075301210e+00,5.572973059040009502e-02
-1.082292535075301210e+00,5.572973059040009502e-02
-1.082292535075301210e+00,5.572973059040009502e-02
-1.082292535075301210e+00,5.572973059040009502e-02
-1.082292535075301210e+00,5.572973059040009502e-02
-1.082292535075301210e+00,5.572973059040009502e-02
-1.082292535075301210e+00,5.572973059040009502e-02
-1.082292535075301210e+00,5.572973059040009502e-02
-1.025687381321066960e+00,9.684237626418323863e-02
-9.167196728552511331e-01,-6.433885847317546980e-02
-9.955040787001516733e-01,-1.313972289792577630e-01
-1.205215846361167742e+00,1.573652135251716877e-01
-1.303814475699886399e+00,1.044195157828649440e-01
-1.303814475699886399e+00,1.044195157828649440e-01
-1.303814475699886399e+00,1.044195157828649440e-01
-1.303814475699886399e+00,1.044195157828649440e-01
-1.303814475699886399e+00,1.044195157828649440e-01
-1.303814475699886399e+00,1.044195157828649440e-01
-1.303814475699886399e+00,1.044195157828649440e-01
-1.303814475699886399e+00,1.044195157828649440e-01
-1.303814475699886399e+00,1.044195157828649440e-01
-1.303814475699886399e+00,1.044195157828649440e-01
-1.303814475699886399e+00,1.044195157828649440e-01
-1.365177252063820346e+00,-2.009335333870293505e-03
-1.314400725887796328e+00,1.212191632107457312e-01
-1.223252798038743094e+00,4.545273078953990242e-02
-1.223252798038743094e+00,4.545273078953990242e-02
-1.223252798038743094e+00,4.545273078953990242e-02
-1.218573233401737399e+00,1.684571653421979565e-01
-1.455597137937332697e+00,1.638379035683704688e-01
-1.455597137937332697e+00,1.638379035683704688e-01
-1.166546729726250842e+00,1.542542093467073050e-01
-1.284081279829113686e+00,9.848871417794219374e-02
-1.284081279829113686e+00,9.848871417794219374e-02
-1.284081279829113686e+00,9.848871417794219374e-02
-1.284081279829113686e+00,9.848871417794219374e-02
-1.284081279829113686e+00,9.848871417794219374e-02
-1.284081279829113686e+00,9.848871417794219374e-02
-1.286758713365283580e+00,7.621560982385980343e-02
-1.286758713365283580e+00,7.621560982385980343e-02
-1.158441011994280734e+00,8.490517455443612194e-02
-1.147135327108109504e+00,-9.740828097789498707e-02
-1.174117660348279024e+00,7.257390886231798732e-03
-1.174117660348279024e+00,7.257390886231798732e-03
-1.272148439245799345e+00,3.341929301616485687e-02
-1.272148439245799345e+00,3.341929301616485687e-02
-1.304798535569215101e+00,2.423818649018922439e-02
-1.304798535569215101e+00,2.423818649018922439e-02
-1.304798535569215101e+00,2.423818649018922439e-02
-1.304798535569215101e+00,2.423818649018922439e-02
-1.304798535569215101e+00,2.423818649018922439e-02
-1.304798535569215101e+00,2.423818649018922439e-02
-1.304798535569215101e+00,2.423818649018922439e-02
-1.304798535569215101e+00,2.423818649018922439e-02
-1.304798535569215101e+00,2.423818649018922439e-02
-1.304798535569215101e+00,2.423818649018922439e-02
-1.304798535569215101e+00,2.423818649018922439e-02
-1.304798535569215101e+00,2.423818649018922439e-02
-1.304798535569215101e+00,2.423818649018922439e-02
-1.304798535569215101e+00,2.423818649018922439e-02
-1.304798535569215101e+00,2.423818649018922439e-02
-1.304798535569215101e+00,2.423818649018922439e-02
-1.218568305134010821e+00,-8.456854760959492401e-02
-1.330289813326697379e+00,-2.404991832769644566e-01
-1.330289813326697379e+00,-2.404991832769644566e-01
-1.211234262669945494e+00,3.837066046514875373e-02
-1.211234262669945494e+00,3.837066046514875373e-02
-1.211234262669945494e+00,3.837066046514875373e-02
-1.211234262669945494e+00,3.837066046514875373e-02
-1.211234262669945494e+00,3.837066046514875373e-02
-1.294076258014577263e+00,-5.382971655276334866e-02
-1.321854206247941699e+00,-2.505411297841677112e-02
-1.297608131188789482e+00,4.173108439169335993e-02
-1.297608131188789482e+00,4.173108439169335993e-02
-1.376535275938649105e+00,5.617576926523738107e-02
-1.376535275938649105e+00,5.617576926523738107e-02
-1.376535275938649105e+00,5.617576926523738107e-02
-1.376535275938649105e+00,5.617576926523738107e-02
-1.376535275938649105e+00,5.617576926523738107e-02
-1.376535275938649105e+00,5.617576926523738107e-02
-1.306990952582854915e+00,2.842332141957110148e-01
-1.306990952582854915e+00,2.842332141957110148e-01
-1.357354731838680495e+00,2.763733277406946187e-01
-1.357354731838680495e+00,2.763733277406946187e-01
-1.522020043854100280e+00,-8.259749705456770341e-02
-1.467005569665768672e+00,-9.725410151493421584e-02
-1.467005569665768672e+00,-9.725410151493421584e-02
-1.467005569665768672e+00,-9.725410151493421584e-02
-1.467005569665768672e+00,-9.725410151493421584e-02
-1.270116181236052633e+00,-2.832371487248543374e-01
-1.314968349309493911e+00,-2.317967191159199802e-01
-1.420287340976359669e+00,1.540329344659185917e-02
-1.282249428693127191e+00,4.199376525333275295e-02
-1.282249428693127191e+00,4.199376525333275295e-02
-1.098226297478602342e+00,-5.991066108197432710e-02
-1.098226297478602342e+00,-5.991066108197432710e-02
-1.462040502962620225e+00,-7.322254424145793750e-02
-1.331595399065027330e+00,-1.226761741762913832e-01
-1.315817130581362626e+00,-2.349793888040195566e-02
-1.315817130581362626e+00,-2.349793888040195566e-02
-1.315817130581362626e+00,-2.349793888040195566e-02
-1.315817130581362626e+00,-2.349793888040195566e-02
-1.315817130581362626e+00,-2.349793888040195566e-02
-1.161733216183478579e+00,-1.824167827746780435e-01
-1.161733216183478579e+00,-1.824167827746780435e-01
-1.318264067238500425e+00,5.042472997201330465e-02
-1.318264067238500425e+00,5.042472997201330465e-02
-1.351449968588239514e+00,1.469782551518755975e-01
-1.557298005088710857e+00,3.060691334306857303e-02
-1.557298005088710857e+00,3.060691334306857303e-02
-1.268310469014842568e+00,2.164345003145676238e-02
-1.268310469014842568e+00,2.164345003145676238e-02
-1.268310469014842568e+00,2.164345003145676238e-02
-1.268310469014842568e+00,2.164345003145676238e-02
-1.268310469014842568e+00,2.164345003145676238e-02
-1.268310469014842568e+00,2.164345003145676238e-02
-1.370010315802054457e+00,-3.083770029885034986e-02
-1.370010315802054457e+00,-3.083770029885034986e-02
-1.370010315802054457e+00,-3.083770029885034986e-02
-1.370010315802054457e+00,-3.083770029885034986e-02
-1.370010315802054457e+00,-3.083770029885034986e-02
-1.370010315802054457e+00,-3.083770029885034986e-02
-1.388200144233701083e+00,-6.528612958120955101e-02
-1.388200144233701083e+00,-6.528612958120955101e-02
-1.388200144233701083e+00,-6.528612958120955101e-02
-1.213899683799289919e+00,1.233438453418042591e-02
-1.213899683799289919e+00,1.233438453418042591e-02
-1.168267666572831764e+00,-1.293728617508605599e-02
-1.168267666572831764e+00,-1.293728617508605599e-02
-1.168267666572831764e+00,-1.293728617508605599e-02
-1.116452921143320509e+00,-8.549140993572842961e-02
-1.116452921143320509e+00,-8.549140993572842961e-02
-1.116452921143320509e+00,-8.549140993572842961e-02
-1.094473891327653048e+00,-9.737007806279410205e-03
-1.094473891327653048e+00,-9.737007806279410205e-03
-1.094473891327653048e+00,-9.737007806279410205e-03
-1.094473891327653048e+00,-9.737007806279410205e-03
-1.094473891327653048e+00,-9.737007806279410205e-03
-1.240203753432647105e+00,1.178445269601795103e-01
-1.240203753432647105e+00,1.178445269601795103e-01
-1.381249741771638728e+00,4.307768120486150931e-02
-1.381249741771638728e+00,4.307768120486150931e-02
-1.381249741771638728e+00,4.307768120486150931e-02
-1.381249741771638728e+00,4.307768120486150931e-02
-1.255547890290145352e+00,-1.109758899103254620e-01
-1.255547890290145352e+00,-1.109758899103254620e-01
-1.366336187249769019e+00,-4.194165127397062043e-02
-1.366336187249769019e+00,-4.194165127397062043e-02
-1.260393768751953525e+00,-9.903974782220884010e-02
-1.260393768751953525e+00,-9.903974782220884010e-02
-1.260393768751953525e+00,-9.903974782220884010e-02
-1.100497855543520753e+00,1.417049829169625408e-03
-1.285713449655519591e+00,9.976612832923509311e-02
-1.285713449655519591e+00,9.976612832923509311e-02
-1.285713449655519591e+00,9.976612832923509311e-02
-1.143715929742880499e+00,-4.382314877552853649e-02
-1.143715929742880499e+00,-4.382314877552853649e-02
-1.417019441803149871e+00,-5.769962967457395453e-02
-1.564066703489604748e+00,-3.734936894621955494e-02
-1.433595420280126209e+00,-1.230575373213122353e-01
-1.281471781765399331e+00,-6.113667113338289161e-02
-1.281471781765399331e+00,-6.113667113338289161e-02
-1.168384358459970240e+00,-1.172659139865213362e-02
-1.171853137720525684e+00,-2.492473265484085321e-01
-1.365303984217850264e+00,-2.424059093603819770e-01
-1.138373479593458359e+00,-8.897287785924487546e-02
-1.138373479593458359e+00,-8.897287785924487546e-02
-1.151330791728190084e+00,-1.132220042981246511e-01
-1.151330791728190084e+00,-1.132220042981246511e-01
-1.151330791728190084e+00,-1.132220042981246511e-01
-1.151330791728190084e+00,-1.132220042981246511e-01
-1.151330791728190084e+00,-1.132220042981246511e-01
-1.151330791728190084e+00,-1.132220042981246511e-01
-1.218559309011957748e+00,-8.618283086517146419e-02
-1.354792204692301549e+00,-1.339571053006991530e-01
-1.354792204692301549e+00,-1.339571053006991530e-01
-1.366802695778004173e+00,-1.051398524729546397e-01
-1.366802695778004173e+00,-1.051398524729546397e-01
-1.189148580967068991e+00,-1.030845000726758609e-02
-1.103697260287534787e+00,3.032298919607667037e-02
-1.191343341767943764e+00,1.050187271636564279e-01
-1.191343341767943764e+00,1.050187271636564279e-01
-1.191343341767943764e+00,1.050187271636564279e-01
-1.191343341767943764e+00,1.050187271636564279e-01
-1.147046997533478496e+00,4.392465654816898879e-02
-1.229531152275969097e+00,-6.961639336276184697e-02
-1.229531152275969097e+00,-6.961639336276184697e-02
-1.251370081539186829e+00,2.022203880655917829e-02
-1.251370081539186829e+00,2.022203880655917829e-02
-1.251370081539186829e+00,2.022203880655917829e-02
-1.251370081539186829e+00,2.022203880655917829e-02
-1.251370081539186829e+00,2.022203880655917829e-02
-1.251370081539186829e+00,2.022203880655917829e-02
-1.411219607504303308e+00,-6.296742035584489139e-02
-1.423076126443661549e+00,3.954984125183182153e-02
-1.424176496231126077e+00,1.120581962284848132e-01
-1.424176496231126077e+00,1.120581962284848132e-01
-1.239167574096637470e+00,1.652813125141592010e-01
-1.256145552917543595e+00,-9.671681259450568002e-02
-1.256145552917543595e+00,-9.671681259450568002e-02
-1.240880813138889094e+00,-2.234162011011947557e-02
-1.227907062234679936e+00,-1.024867518973367336e-01
-1.358239906175253697e+00,1.367254322735458327e-01
-1.358239906175253697e+00,1.367254322735458327e-01
-1.358239906175253697e+00,1.367254322735458327e-01
-1.258425017422795555e+00,-7.796674085403476617e-02
-1.258425017422795555e+00,-7.796674085403476617e-02
-1.258425017422795555e+00,-7.796674085403476617e-02
-1.258425017422795555e+00,-7.796674085403476617e-02
-1.258425017422795555e+00,-7.796674085403476617e-02
-1.258425017422795555e+00,-7.796674085403476617e-02
-1.258425017422795555e+00,-7.796674085403476617e-02
-1.258425017422795555e+00,-7.796674085403476617e-02
-1.301824712947812213e+00,1.258258532066476587e-02
-1.301824712947812213e+00,1.258258532066476587e-02
-1.301824712947812213e+00,1.258258532066476587e-02
-1.301824712947812213e+00,1.258258532066476587e-02
-1.301824712947812213e+00,1.258258532066476587e-02
-1.301824712947812213e+00,1.258258532066476587e-02
-1.301824712947812213e+00,1.258258532066476587e-02
-1.261047381425040692e+00,-8.500689843274546187e-02
-1.409425601060999345e+00,-4.503069178126073435e-02
-1.391301590998990756e+00,2.339298598275602048e-02
-1.391301590998990756e+00,2.339298598275602048e-02
-1.391301590998990756e+00,2.339298598275602048e-02
-1.309902222383753978e+00,5.692444757225523233e-02
-1.309902222383753978e+00,5.692444757225523233e-02
-1.309902222383753978e+00,5.692444757225523233e-02
-1.309902222383753978e+00,5.692444757225523233e-02
-1.309902222383753978e+00,5.692444757225523233e-02
-1.309902222383753978e+00,5.692444757225523233e-02
-1.309902222383753978e+00,5.692444757225523233e-02
-1.309902222383753978e+00,5.692444757225523233e-02
-1.309902222383753978e+00,5.692444757225523233e-02
-1.309902222383753978e+00,5.692444757225523233e-02
-1.332580248698660652e+00,9.561648222968278932e-02
-1.332580248698660652e+00,9.561648222968278932e-02
-1.332580248698660652e+00,9.561648222968278932e-02
-1.332580248698660652e+00,9.561648222968278932e-02
-1.308355393978195336e+00,-7.080711403987023644e-02
-1.308355393978195336e+00,-7.080711403987023644e-02
-1.327042096489957634e+00,-4.174684999787711681e-02
-1.327042096489957634e+00,-4.174684999787711681e-02
-1.327042096489957634e+00,-4.174684999787711681e-02
-1.327042096489957634e+00,-4.174684999787711681e-02
-1.327042096489957634e+00,-4.174684999787711681e-02
-1.327042096489957634e+00,-4.174684999787711681e-02
-1.327042096489957634e+00,-4.174684999787711681e-02
-1.327042096489957634e+00,-4.174684999787711681e-02
-1.327042096489957634e+00,-4.174684999787711681e-02
-1.327042096489957634e+00,-4.174684999787711681e-02
-1.327042096489957634e+00,-4.174684999787711681e-02
-1.168436057746968570e+00,-7.529279259373680699e-02
-1.223617192293662947e+00,-7.125780182325291978e-02
-1.223617192293662947e+00,-7.125780182325291978e-02
-1.223617192293662947e+00,-7.125780182325291978e-02
-1.249562393949217309e+00,5.063926131389365204e-02
-1.249562393949217309e+00,5.063926131389365204e-02
-1.249562393949217309e+00,5.063926131389365204e-02
-1.249562393949217309e+00,5.063926131389365204e-02
-1.249562393949217309e+00,5.063926131389365204e-02
-1.249562393949217309e+00,5.063926131389365204e-02
-1.249562393949217309e+00,5.063926131389365204e-02
-1.249562393949217309e+00,5.063926131389365204e-02
-1.104716247106221516e+00,-1.542036519260554794e-02
-1.141005215316110988e+00,-1.540115566208937747e-01
-1.141005215316110988e+00,-1.540115566208937747e-01
-1.293749172659063085e+00,4.608978518184758677e-03
-9.443966829927128437e-01,-1.059552033282668143e-01
-9.443966829927128437e-01,-1.059552033282668143e-01
-9.443966829927128437e-01,-1.059552033282668143e-01
-9.669048471254093613e-01,-1.205527883189987659e-01
-9.941586588542232761e-01,-9.961443117701843097e-02
-9.941586588542232761e-01,-9.961443117701843097e-02
-9.941586588542232761e-01,-9.961443117701843097e-02
-1.368970099073567370e+00,-7.729005223480506226e-02
-1.368970099073567370e+00,-7.729005223480506226e-02
-1.368970099073567370e+00,-7.729005223480506226e-02
-1.368970099073567370e+00,-7.729005223480506226e-02
-1.228932326458381352e+00,-8.419511025063125542e-02
-1.228932326458381352e+00,-8.419511025063125542e-02
-1.178634029547953155e+00,2.028821944490205587e-02
-1.178634029547953155e+00,2.028821944490205587e-02
-1.178634029547953155e+00,2.028821944490205587e-02
-1.178634029547953155e+00,2.028821944490205587e-02
-1.178634029547953155e+00,2.028821944490205587e-02
-1.391107971711214919e+00,-2.037148563125393969e-02
-1.350931760095033463e+00,-7.217648214242958216e-02
-1.227503298630143513e+00,3.403622869829367459e-02
-1.227503298630143513e+00,3.403622869829367459e-02
-1.227503298630143513e+00,3.403622869829367459e-02
-1.227503298630143513e+00,3.403622869829367459e-02
-1.227503298630143513e+00,3.403622869829367459e-02
-1.227503298630143513e+00,3.403622869829367459e-02
-1.227503298630143513e+00,3.403622869829367459e-02
-1.227503298630143513e+00,3.403622869829367459e-02
-1.227503298630143513e+00,3.403622869829367459e-02
-1.227503298630143513e+00,3.403622869829367459e-02
-1.306724052482745035e+00,-6.982706712316791298e-02
-1.306724052482745035e+00,-6.982706712316791298e-02
-1.306724052482745035e+00,-6.982706712316791298e-02
-1.340158902080167858e+00,-8.723087059048909020e-02
-1.340158902080167858e+00,-8.723087059048909020e-02
-1.198104320953734980e+00,-3.613915329344279809e-02
-1.198104320953734980e+00,-3.613915329344279809e-02
-1.256456770687477187e+00,-2.264226406595445940e-02
-1.327252809203224304e+00,4.317123407744490049e-02
-1.327252809203224304e+00,4.317123407744490049e-02
-1.327252809203224304e+00,4.317123407744490049e-02
-1.255782132263555617e+00,2.530480538402031521e-02
-1.255782132263555617e+00,2.530480538402031521e-02
-1.255782132263555617e+00,2.530480538402031521e-02
-1.255782132263555617e+00,2.530480538402031521e-02
-1.255782132263555617e+00,2.530480538402031521e-02
-1.255782132263555617e+00,2.530480538402031521e-02
-1.255782132263555617e+00,2.530480538402031521e-02
-1.255782132263555617e+00,2.530480538402031521e-02
-1.255782132263555617e+00,2.530480538402031521e-02
-1.255782132263555617e+00,2.530480538402031521e-02
-1.255782132263555617e+00,2.530480538402031521e-02
-1.249436279163444796e+00,-1.969205258652930723e-01
-1.360070926189457241e+00,-1.674980096354686809e-01
-1.360070926189457241e+00,-1.674980096354686809e-01
-1.403179957562019631e+00,-1.020602976310516219e-01
-1.190706266330550767e+00,4.977090633025621491e-02
-1.190706266330550767e+00,4.977090633025621491e-02
-1.190706266330550767e+00,4.977090633025621491e-02
-1.190706266330550767e+00,4.977090633025621491e-02
-1.190706266330550767e+00,4.977090633025621491e-02
-1.197725426018858341e+00,-1.088029967441679069e-01
-1.197725426018858341e+00,-1.088029967441679069e-01
-1.236251693518300110e+00,-1.582806876622859793e-01
-1.237649966002379864e+00,4.687165216452449101e-02
-1.237649966002379864e+00,4.687165216452449101e-02
-1.191657805120439617e+00,-3.920040715102147966e-02
-1.191657805120439617e+00,-3.920040715102147966e-02
-1.215022350595157619e+00,1.851191444206876091e-02
-1.215022350595157619e+00,1.851191444206876091e-02
-1.215022350595157619e+00,1.851191444206876091e-02
-1.188224127351618531e+00,9.560978857906195227e-02
-1.408420479521095281e+00,3.995492266060619857e-02
-1.282584378352911614e+00,-2.299810822730327664e-02
-1.282584378352911614e+00,-2.299810822730327664e-02
-1.282584378352911614e+00,-2.299810822730327664e-02
-1.282584378352911614e+00,-2.299810822730327664e-02
-1.282584378352911614e+00,-2.299810822730327664e-02
-1.162363579989907691e+00,1.480246554291295979e-01
-1.162363579989907691e+00,1.480246554291295979e-01
-1.259447914819043390e+00,1.029619952256149162e-01
-1.259447914819043390e+00,1.029619952256149162e-01
-1.272685264367489300e+00,3.990254232949136393e-02
-1.272685264367489300e+00,3.990254232949136393e-02
-1.272685264367489300e+00,3.990254232949136393e-02
-1.297457657928214658e+00,1.244724325039123225e-03
-1.297457657928214658e+00,1.244724325039123225e-03
-1.170548408899316772e+00,-3.917914510837995634e-02
-1.197058390655868720e+00,-2.328560050437592649e-02
-1.197058390655868720e+00,-2.328560050437592649e-02
-1.197058390655868720e+00,-2.328560050437592649e-02
-1.197058390655868720e+00,-2.328560050437592649e-02
-1.197058390655868720e+00,-2.328560050437592649e-02
-1.197058390655868720e+00,-2.328560050437592649e-02
-1.174373770023110275e+00,-1.036195682749078972e-01
-1.054894405025884829e+00,1.225256648600598908e-01
-1.054894405025884829e+00,1.225256648600598908e-01
-1.054894405025884829e+00,1.225256648600598908e-01
-1.054894405025884829e+00,1.225256648600598908e-01
-1.217405353328599338e+00,1.177055883881400755e-01
-1.217405353328599338e+00,1.177055883881400755e-01
-1.347058444692486034e+00,9.331660297395627524e-02
-1.347058444692486034e+00,9.331660297395627524e-02
-1.347058444692486034e+00,9.331660297395627524e-02
-1.347058444692486034e+00,9.331660297395627524e-02
-1.347058444692486034e+00,9.331660297395627524e-02
-1.347058444692486034e+00,9.331660297395627524e-02
-1.347058444692486034e+00,9.331660297395627524e-02
-1.457774081439727309e+00,2.398665084593656904e-02
-1.457774081439727309e+00,2.398665084593656904e-02
-1.457774081439727309e+00,2.398665084593656904e-02
-1.457774081439727309e+00,2.398665084593656904e-02
-1.349273387997427243e+00,1.253602930244477887e-01
-1.307332937821355179e+00,-4.538195563756455830e-02
-1.307332937821355179e+00,-4.538195563756455830e-02
-1.137859437987638778e+00,-3.850109414837981497e-02
-1.163693140336767184e+00,1.384446963682586795e-02
-1.163693140336767184e+00,1.384446963682586795e-02
-1.232197841080217016e+00,2.982821089234242648e-02
-1.192524315812549141e+00,5.888777841235774690e-02
-1.083217351683973151e+00,8.666297029179843847e-02
-1.083217351683973151e+00,8.666297029179843847e-02
-1.083217351683973151e+00,8.666297029179843847e-02
-1.336116884913571834e+00,6.640881056944393512e-02
-1.336116884913571834e+00,6.640881056944393512e-02
-1.336116884913571834e+00,6.640881056944393512e-02
-1.336116884913571834e+00,6.640881056944393512e-02
-1.269489298751042217e+00,1.048079126820517792e-01
-1.269489298751042217e+00,1.048079126820517792e-01
-1.353152820983219762e+00,1.831132403167538558e-01
-1.273467440077266755e+00,8.068633953608618514e-02
-1.273467440077266755e+00,8.068633953608618514e-02
-1.273467440077266755e+00,8.068633953608618514e-02
-1.273467440077266755e+00,8.068633953608618514e-02
-1.273467440077266755e+00,8.068633953608618514e-02
-1.273467440077266755e+00,8.068633953608618514e-02
-1.273467440077266755e+00,8.068633953608618514e-02
-1.265672023187260242e+00,-9.863308377524103443e-02
-1.377495457238621102e+00,-8.402731828411169612e-02
-1.377495457238621102e+00,-8.402731828411169612e-02
-1.271030430323631499e+00,-3.296803074895338775e-02
-1.271030430323631499e+00,-3.296803074895338775e-02
-1.271030430323631499e+00,-3.296803074895338775e-02
-1.153456160361337357e+00,-4.022566195833138236e-02
-1.153456160361337357e+00,-4.022566195833138236e-02
-1.233893851759687355e+00,-9.416191129343300797e-03
-1.233893851759687355e+00,-9.416191129343300797e-03
-1.233893851759687355e+00,-9.416191129343300797e-03
-1.327814332514055229e+00,-2.468260155435037656e-02
-1.327814332514055229e+00,-2.468260155435037656e-02
-1.327814332514055229e+00,-2.468260155435037656e-02
-1.327814332514055229e+00,-2.468260155435037656e-02
-1.327814332514055229e+00,-2.468260155435037656e-02
-1.327814332514055229e+00,-2.468260155435037656e-02
-1.192311432310299457e+00,5.814737612128307448e-02
-1.157692813530115217e+00,1.024097834582664429e-01
-1.157692813530115217e+00,1.024097834582664429e-01
-1.157692813530115217e+00,1.024097834582664429e-01
-1.157692813530115217e+00,1.024097834582664429e-01
-1.157692813530115217e+00,1.024097834582664429e-01
-1.157692813530115217e+00,1.024097834582664429e-01
-1.157692813530115217e+00,1.024097834582664429e-01
-1.276201891617234629e+00,-1.801995183549752189e-01
-1.276201891617234629e+00,-1.801995183549752189e-01
-1.455735115219052300e+00,-5.647722811883100491e-02
-1.455735115219052300e+00,-5.647722811883100491e-02
-1.392410589963999579e+00,-4.553517710467053226e-02
-1.119966941672742688e+00,9.641656341875726177e-02
-1.119966941672742688e+00,9.641656341875726177e-02
-1.084998372399920141e+00,6.304175236806168481e-02
-1.239114414927798613e+00,-3.291710417208983386e-01
-1.239114414927798613e+00,-3.291710417208983386e-01
-1.264511764605343425e+00,-3.893149148841144047e-01
-1.157228691182357494e+00,-1.802335999499176111e-01
-1.032017979938675500e+00,-2.102213352489309961e-02
-1.252832952897125152e+00,-1.539213590612297511e-01
-1.350463974661932909e+00,-9.648544346491626233e-02
-1.350463974661932909e+00,-9.648544346491626233e-02
-1.350463974661932909e+00,-9.648544346491626233e-02
-1.355093816448028177e+00,-7.925338415713863160e-02
-1.355093816448028177e+00,-7.925338415713863160e-02
-1.355093816448028177e+00,-7.925338415713863160e-02
-1.355093816448028177e+00,-7.925338415713863160e-02
-1.355093816448028177e+00,-7.925338415713863160e-02
-1.382038298189088854e+00,1.035585792637478825e-01
-1.375182635607280046e+00,7.133522571401737511e-02
-1.375182635607280046e+00,7.133522571401737511e-02
-1.375182635607280046e+00,7.133522571401737511e-02
-1.375182635607280046e+00,7.133522571401737511e-02
-1.274095472921062955e+00,4.747061204193077366e-02
-1.274095472921062955e+00,4.747061204193077366e-02
-1.274095472921062955e+00,4.747061204193077366e-02
-1.313604497684277561e+00,-2.128084746039146657e-02
-1.200771052604401978e+00,6.870814614498481354e-02
-1.200771052604401978e+00,6.870814614498481354e-02
-1.020487834095580526e+00,-3.198023296014815275e-02
-1.054670387865079384e+00,-5.880382461000153993e-02
-1.020685275298371941e+00,1.707460167920485383e-01
-1.041093662006594478e+00,1.978675639314684820e-01
-1.041093662006594478e+00,1.978675639314684820e-01
-1.041093662006594478e+00,1.978675639314684820e-01
-1.001242137680663946e+00,1.707543149937179594e-03
-1.001242137680663946e+00,1.707543149937179594e-03
-1.001242137680663946e+00,1.707543149937179594e-03
-1.001242137680663946e+00,1.707543149937179594e-03
-1.051433591386369937e+00,1.995194107291463903e-01
-1.051433591386369937e+00,1.995194107291463903e-01
-1.051433591386369937e+00,1.995194107291463903e-01
-9.696394576013649402e-01,9.528321985115158210e-02
-9.696394576013649402e-01,9.528321985115158210e-02
-1.069580533391536914e+00,6.594557354883123779e-03
-1.069580533391536914e+00,6.594557354883123779e-03
-1.110620574797625659e+00,-5.514034326368311839e-02
-1.110620574797625659e+00,-5.514034326368311839e-02
-1.110620574797625659e+00,-5.514034326368311839e-02
-1.110620574797625659e+00,-5.514034326368311839e-02
-1.110620574797625659e+00,-5.514034326368311839e-02
-9.532793415911307022e-01,-1.672280280365976424e-01
-9.532793415911307022e-01,-1.672280280365976424e-01
-9.532793415911307022e-01,-1.672280280365976424e-01
-9.532793415911307022e-01,-1.672280280365976424e-01
-9.532793415911307022e-01,-1.672280280365976424e-01
-1.335431782261416345e+00,1.238085435290455227e-01
-1.316849478300145648e+00,7.821159487155551759e-02
-1.336227062479625971e+00,1.048397130618383133e-01
-1.336227062479625971e+00,1.048397130618383133e-01
-1.336227062479625971e+00,1.048397130618383133e-01
-1.336227062479625971e+00,1.048397130618383133e-01
-1.478352374259312985e+00,6.990113303530878786e-02
-1.478352374259312985e+00,6.990113303530878786e-02
-1.497998752047152493e+00,1.491785308788341480e-01
-1.497998752047152493e+00,1.491785308788341480e-01
-1.497998752047152493e+00,1.491785308788341480e-01
-1.497998752047152493e+00,1.491785308788341480e-01
-1.513506474791043832e+00,-8.496991199004572115e-03
-1.019187681869166084e+00,-1.214126427102531075e-01
-1.077099212651273508e+00,-4.904479360910987684e-02
-1.071489179018096483e+00,-3.264436160040702639e-02
-1.027901721904431298e+00,8.603372341571233206e-02
-1.027901721904431298e+00,8.603372341571233206e-02
-1.145237848538796843e+00,1.213772979311835420e-01
-1.153399716628229266e+00,-1.009791088501026668e-01
-1.153399716628229266e+00,-1.009791088501026668e-01
-1.220872542504726432e+00,1.948259787181173819e-01
-1.220872542504726432e+00,1.948259787181173819e-01
-1.220872542504726432e+00,1.948259787181173819e-01
-1.027987969031259441e+00,1.866577962413161207e-01
-1.083099226837091589e+00,1.992541894301632921e-01
-1.083099226837091589e+00,1.992541894301632921e-01
-1.191915232257133139e+00,1.466923427898253196e-01
-1.191915232257133139e+00,1.466923427898253196e-01
-1.214308931180134499e+00,1.165563835243388913e-01
-1.369611781232782155e+00,1.711702688946450390e-01
-1.396968114179156562e+00,9.341869571307942488e-02
-1.305910737674035538e+00,4.897780826770323226e-03
-1.305910737674035538e+00,4.897780826770323226e-03
-1.305910737674035538e+00,4.897780826770323226e-03
-1.197851982252185810e+00,-2.419236327631600278e-02
-1.197851982252185810e+00,-2.419236327631600278e-02
-1.197851982252185810e+00,-2.419236327631600278e-02
-1.197851982252185810e+00,-2.419236327631600278e-02
-1.197851982252185810e+00,-2.419236327631600278e-02
-1.319962344591245174e+00,4.934626786433191081e-02
-1.364113833546936938e+00,-5.515530014777650369e-02
-1.364113833546936938e+00,-5.515530014777650369e-02
-1.364113833546936938e+00,-5.515530014777650369e-02
-1.364113833546936938e+00,-5.515530014777650369e-02
-1.364113833546936938e+00,-5.515530014777650369e-02
-1.303497092282622338e+00,-2.566775119298810859e-01
-1.303497092282622338e+00,-2.566775119298810859e-01
-1.303497092282622338e+00,-2.566775119298810859e-01
-1.303497092282622338e+00,-2.566775119298810859e-01
-1.303497092282622338e+00,-2.566775119298810859e-01
-1.322516383260000206e+00,-7.446476734470747205e-02
-1.309798215054456039e+00,5.457393577483687919e-02
-1.309798215054456039e+00,5.457393577483687919e-02
-1.314737541800431675e+00,-1.129384627358132054e-01
-1.465577382221653790e+00,-1.273099421506201923e-02
-1.465577382221653790e+00,-1.273099421506201923e-02
-1.465577382221653790e+00,-1.273099421506201923e-02
-1.465577382221653790e+00,-1.273099421506201923e-02
-1.309612404177922240e+00,1.665939867487620518e-01
-1.309612404177922240e+00,1.665939867487620518e-01
-1.262630118972230431e+00,2.264649048437131496e-01
-1.124994287938426707e+00,9.082718451086108091e-02
-1.124994287938426707e+00,9.082718451086108091e-02
-1.124994287938426707e+00,9.082718451086108091e-02
-1.030314232225057580e+00,9.963314956722248150e-02
-1.270468011617305715e+00,2.218655499989115876e-01
-1.132568337518292445e+00,1.654630910492312645e-01
-1.103361475992057805e+00,1.418945758687712999e-01
-1.217286199367703992e+00,2.172701011654079029e-01
-1.217286199367703992e+00,2.172701011654079029e-01
-1.145505363466840176e+00,-3.332974581232550637e-02
-1.265330094710388709e+00,-1.159321840982263929e-01
-1.265330094710388709e+00,-1.159321840982263929e-01
-1.265330094710388709e+00,-1.159321840982263929e-01
-1.052612117996764241e+00,-1.074058134023099381e-01
-1.052612117996764241e+00,-1.074058134023099381e-01
-1.052612117996764241e+00,-1.074058134023099381e-01
-1.052612117996764241e+00,-1.074058134023099381e-01
-1.052612117996764241e+00,-1.074058134023099381e-01
-1.052612117996764241e+00,-1.074058134023099381e-01
-1.052612117996764241e+00,-1.074058134023099381e-01
-1.268638419836371156e+00,-5.978783549982020357e-02
-1.268638419836371156e+00,-5.978783549982020357e-02
-1.268638419836371156e+00,-5.978783549982020357e-02
-1.268638419836371156e+00,-5.978783549982020357e-02
-1.268638419836371156e+00,-5.978783549982020357e-02
-1.090579765102250631e+00,-8.887195939500500130e-02
-1.090579765102250631e+00,-8.887195939500500130e-02
-1.090579765102250631e+00,-8.887195939500500130e-02
-1.090579765102250631e+00,-8.887195939500500130e-02
-1.090579765102250631e+00,-8.887195939500500130e-02
-1.271417023694349613e+00,1.082559296115060132e-01
-1.271417023694349613e+00,1.082559296115060132e-01
-1.271417023694349613e+00,1.082559296115060132e-01
-1.298559929165900906e+00,4.078997890313823538e-02
-1.298559929165900906e+00,4.078997890313823538e-02
-1.204309098789292820e+00,-1.254158250539225972e-01
-1.204309098789292820e+00,-1.254158250539225972e-01
-1.204309098789292820e+00,-1.254158250539225972e-01
-1.204309098789292820e+00,-1.254158250539225972e-01
-1.204309098789292820e+00,-1.254158250539225972e-01
-1.153279895732589377e+00,-2.101171709852359126e-02
-1.274006442023959629e+00,1.002325917488604279e-01
-1.274006442023959629e+00,1.002325917488604279e-01
-1.103049836127767414e+00,7.495795982967456972e-04
-1.079971776678244400e+00,-6.620396683746911093e-02
-1.079971776678244400e+00,-6.620396683746911093e-02
-1.079971776678244400e+00,-6.620396683746911093e-02
-1.074810025429515425e+00,-1.721728015502868581e-03
-1.105735055052849969e+00,9.514427173953995953e-02
-1.070813949027159095e+00,-2.510978339019734329e-02
-1.070813949027159095e+00,-2.510978339019734329e-02
-1.070813949027159095e+00,-2.510978339019734329e-02
-1.189814258940938618e+00,1.564629652971735729e-01
-1.125925567784274328e+00,5.914314998787265076e-02
-1.503673662121815413e+00,-7.072636812665508699e-02
-1.149444054189853404e+00,2.736582076636573380e-02
-1.149444054189853404e+00,2.736582076636573380e-02
-1.149444054189853404e+00,2.736582076636573380e-02
-1.149444054189853404e+00,2.736582076636573380e-02
-1.254375326663868195e+00,2.758834557528426767e-01
-1.241893125720432645e+00,1.529108298140154365e-01
-1.241893125720432645e+00,1.529108298140154365e-01
-1.241893125720432645e+00,1.529108298140154365e-01
-1.406469505628486605e+00,7.281460754894596155e-02
-1.406469505628486605e+00,7.281460754894596155e-02
-1.466527758059751108e+00,-4.113708715165476093e-04
-1.466527758059751108e+00,-4.113708715165476093e-04
-1.466527758059751108e+00,-4.113708715165476093e-04
-1.147998898956557490e+00,-2.365503500999691436e-02
-1.147998898956557490e+00,-2.365503500999691436e-02
-1.302003119537803233e+00,1.340080233529413953e-02
-1.302003119537803233e+00,1.340080233529413953e-02
-1.302003119537803233e+00,1.340080233529413953e-02
-1.302003119537803233e+00,1.340080233529413953e-02
-1.302003119537803233e+00,1.340080233529413953e-02
-1.302003119537803233e+00,1.340080233529413953e-02
-1.302003119537803233e+00,1.340080233529413953e-02
-1.302003119537803233e+00,1.340080233529413953e-02
-1.302003119537803233e+00,1.340080233529413953e-02
-1.302003119537803233e+00,1.340080233529413953e-02
-1.383624499994456691e+00,-1.100476947953725887e-01
-1.383624499994456691e+00,-1.100476947953725887e-01
-1.353388552389112265e+00,1.546550478199135714e-01
-1.178958498568976054e+00,1.574918541416170936e-01
-1.178958498568976054e+00,1.574918541416170936e-01
-1.078282189474551345e+00,4.484229594813979314e-02
-1.284920616807176508e+00,2.297972458410826521e-02
-1.282119193532799795e+00,-4.123520162590886551e-02
-1.093665231438033736e+00,-5.724594170807006249e-02
-1.093665231438033736e+00,-5.724594170807006249e-02
-1.187001857570282537e+00,-4.141999813635451749e-02
-1.216929677634603468e+00,1.041428202392760682e-01
-1.012198415890783521e+00,1.555635861315450286e-01
-1.072607193040935547e+00,1.187311973948870225e-01
-1.072607193040935547e+00,1.187311973948870225e-01
-1.241989533818343094e+00,1.072302331113759027e-01
-1.241989533818343094e+00,1.072302331113759027e-01
-1.241989533818343094e+00,1.072302331113759027e-01
-1.241989533818343094e+00,1.072302331113759027e-01
-1.241989533818343094e+00,1.072302331113759027e-01
-1.112712292052832952e+00,-2.193105130252535895e-02
-1.112712292052832952e+00,-2.193105130252535895e-02
-1.112712292052832952e+00,-2.193105130252535895e-02
-1.309458004271696785e+00,-1.425393938505100690e-02
-1.309458004271696785e+00,-1.425393938505100690e-02
-1.381530837350824381e+00,-3.446149000898039716e-02
-1.381530837350824381e+00,-3.446149000898039716e-02
-1.381530837350824381e+00,-3.446149000898039716e-02
-1.381530837350824381e+00,-3.446149000898039716e-02
-1.381530837350824381e+00,-3.446149000898039716e-02
-1.381530837350824381e+00,-3.446149000898039716e-02
-1.381530837350824381e+00,-3.446149000898039716e-02
-1.339878629454337000e+00,-9.611947687319745415e-03
-1.339878629454337000e+00,-9.611947687319745415e-03
-1.339878629454337000e+00,-9.611947687319745415e-03
-1.212228475098639180e+00,-1.618995682940613592e-03
-1.212228475098639180e+00,-1.618995682940613592e-03
-1.212228475098639180e+00,-1.618995682940613592e-03
-1.120024761003039826e+00,6.540671816272387862e-02
-1.300822897194374050e+00,-8.788796708728369156e-03
-1.300822897194374050e+00,-8.788796708728369156e-03
-1.263955723316941615e+00,-1.885663581531986377e-02
-1.263955723316941615e+00,-1.885663581531986377e-02
-1.181905716130079442e+00,7.963866048769530082e-02
-1.211830638316255593e+00,8.327679579509497665e-02
-1.357977870981612378e+00,1.297999461512685249e-01
-1.321942515232010118e+00,-4.373745228857703338e-02
-1.321942515232010118e+00,-4.373745228857703338e-02
-1.321942515232010118e+00,-4.373745228857703338e-02
-1.321942515232010118e+00,-4.373745228857703338e-02
-1.321942515232010118e+00,-4.373745228857703338e-02
-1.321942515232010118e+00,-4.373745228857703338e-02
-1.432758419553561868e+00,-3.350467446673649485e-02
-1.388561412545435969e+00,8.249160105954082833e-02
-1.168811528146611600e+00,7.412467369069186685e-02
-1.168811528146611600e+00,7.412467369069186685e-02
-1.168811528146611600e+00,7.412467369069186685e-02
-1.168811528146611600e+00,7.412467369069186685e-02
-1.168811528146611600e+00,7.412467369069186685e-02
-1.168811528146611600e+00,7.412467369069186685e-02
-1.238778572681714429e+00,1.090668412207929927e-01
-1.238778572681714429e+00,1.090668412207929927e-01
-1.238778572681714429e+00,1.090668412207929927e-01
-1.238778572681714429e+00,1.090668412207929927e-01
-1.300439369382630828e+00,-4.896057368381814823e-02
-1.300439369382630828e+00,-4.896057368381814823e-02
-1.057665113747575436e+00,-1.294247517027485306e-01
-1.057665113747575436e+00,-1.294247517027485306e-01
-1.227700262277785948e+00,5.318499656734310133e-03
-1.220277198367186733e+00,-4.429137042312203398e-02
-1.220277198367186733e+00,-4.429137042312203398e-02
-1.220277198367186733e+00,-4.429137042312203398e-02
-1.220277198367186733e+00,-4.429137042312203398e-02
-1.220277198367186733e+00,-4.429137042312203398e-02
-1.220277198367186733e+00,-4.429137042312203398e-02
-1.220277198367186733e+00,-4.429137042312203398e-02
-1.220277198367186733e+00,-4.429137042312203398e-02
-1.220277198367186733e+00,-4.429137042312203398e-02
-1.468655408185264966e+00,2.033965084432323711e-02
-1.468655408185264966e+00,2.033965084432323711e-02
-1.468655408185264966e+00,2.033965084432323711e-02
-1.363374599516448793e+00,-5.312341166554969407e-02
-1.350699828095081267e+00,4.039295906256359925e-03
-1.221821140663805094e+00,3.651044565626766075e-02
-1.275151169640320825e+00,-1.854376531429691999e-01
-1.275151169640320825e+00,-1.854376531429691999e-01
-1.257383397805600378e+00,-4.375468310156033214e-03
-1.257383397805600378e+00,-4.375468310156033214e-03
-1.257383397805600378e+00,-4.375468310156033214e-03
-1.367738886741486359e+00,-3.882086644802338476e-02
-1.423845134807332657e+00,3.869897471577574827e-02
-1.180952362128323330e+00,1.788325838406310819e-01
-1.240939177041812114e+00,1.273697000802406498e-01
-1.240939177041812114e+00,1.273697000802406498e-01
-1.240939177041812114e+00,1.273697000802406498e-01
-1.101095436830329621e+00,1.413156761566365660e-01
-1.351467584963026436e+00,1.623757024044692465e-01
-1.351467584963026436e+00,1.623757024044692465e-01
-1.351467584963026436e+00,1.623757024044692465e-01
-1.351467584963026436e+00,1.623757024044692465e-01
-1.106856132341763610e+00,-7.425737297401308057e-02
-1.106856132341763610e+00,-7.425737297401308057e-02
-1.106856132341763610e+00,-7.425737297401308057e-02
-1.106856132341763610e+00,-7.425737297401308057e-02
-1.168329748236704990e+00,1.607275512923984906e-02
-1.168329748236704990e+00,1.607275512923984906e-02
-1.168329748236704990e+00,1.607275512923984906e-02
-1.203777606609001349e+00,-2.519455146962546604e-03
-1.203777606609001349e+00,-2.519455146962546604e-03
-1.143548116489937927e+00,1.041892698539231658e-03
-1.143548116489937927e+00,1.041892698539231658e-03
-1.265912398279319895e+00,1.187560390977665872e-02
-1.265912398279319895e+00,1.187560390977665872e-02
-1.265912398279319895e+00,1.187560390977665872e-02
-1.265912398279319895e+00,1.187560390977665872e-02
-1.265912398279319895e+00,1.187560390977665872e-02
-1.265912398279319895e+00,1.187560390977665872e-02
-1.265912398279319895e+00,1.187560390977665872e-02
-1.265912398279319895e+00,1.187560390977665872e-02
-1.265912398279319895e+00,1.187560390977665872e-02
-1.219605589482610775e+00,1.346496125793658280e-02
-1.219605589482610775e+00,1.346496125793658280e-02
-1.219605589482610775e+00,1.346496125793658280e-02
-1.251089933000965937e+00,2.242953758309811779e-02
-1.251089933000965937e+00,2.242953758309811779e-02
-1.281643337545406380e+00,1.944076228372912732e-02
-1.281643337545406380e+00,1.944076228372912732e-02
-1.281643337545406380e+00,1.944076228372912732e-02
-1.281643337545406380e+00,1.944076228372912732e-02
-1.281643337545406380e+00,1.944076228372912732e-02
-1.281643337545406380e+00,1.944076228372912732e-02
-1.371979223258923852e+00,-7.769472151448426206e-03
-1.371979223258923852e+00,-7.769472151448426206e-03
-1.174967109121747066e+00,1.064342473670792238e-02
-1.174967109121747066e+00,1.064342473670792238e-02
-1.174967109121747066e+00,1.064342473670792238e-02
-1.073031876899447123e+00,2.707854246834837803e-02
-1.232558484170625857e+00,6.277780749329675558e-02
-1.232558484170625857e+00,6.277780749329675558e-02
-1.327559251824085518e+00,-2.368707359447615179e-02
-1.323427245366878724e+00,-3.973532752822735159e-02
-1.323427245366878724e+00,-3.973532752822735159e-02
-1.197055047363831504e+00,-8.502762270638279662e-03
-1.197055047363831504e+00,-8.502762270638279662e-03
-1.197055047363831504e+00,-8.502762270638279662e-03
-1.197055047363831504e+00,-8.502762270638279662e-03
-1.271863407435817495e+00,6.558996924036439302e-02
-1.271863407435817495e+00,6.558996924036439302e-02
-1.271863407435817495e+00,6.558996924036439302e-02
-1.271863407435817495e+00,6.558996924036439302e-02
-1.271863407435817495e+00,6.558996924036439302e-02
-1.271863407435817495e+00,6.558996924036439302e-02
-1.271863407435817495e+00,6.558996924036439302e-02
-1.181891990079852794e+00,2.675573433220528041e-02
-9.696445179581203444e-01,-4.263923682062256693e-03
-9.696445179581203444e-01,-4.263923682062256693e-03
-9.696445179581203444e-01,-4.263923682062256693e-03
-9.696445179581203444e-01,-4.263923682062256693e-03
-1.189712987644752307e+00,-2.122996901390356572e-01
-1.301878244722429079e+00,-1.678745761711933349e-02
-1.301878244722429079e+00,-1.678745761711933349e-02
-1.284329701761570020e+00,-6.544197285546116127e-02
-1.284329701761570020e+00,-6.544197285546116127e-02
-1.284329701761570020e+00,-6.544197285546116127e-02
-1.115682769379859440e+00,9.648204043648792028e-02
-1.115682769379859440e+00,9.648204043648792028e-02
-1.257695769149072218e+00,8.132439699461635474e-02
-1.257695769149072218e+00,8.132439699461635474e-02
-1.257695769149072218e+00,8.132439699461635474e-02
-1.257695769149072218e+00,8.132439699461635474e-02
-1.257695769149072218e+00,8.132439699461635474e-02
-1.108523580324579427e+00,7.924668220895876580e-02
-1.108523580324579427e+00,7.924668220895876580e-02
-1.105807028052756324e+00,4.851590262873436282e-02
-1.219930471523909876e+00,7.606650057825349587e-02
-1.234468482652336885e+00,1.314371903597378877e-01
-1.234468482652336885e+00,1.314371903597378877e-01
-1.234468482652336885e+00,1.314371903597378877e-01
-1.234468482652336885e+00,1.314371903597378877e-01
-1.375325458849979476e+00,4.656824994278579988e-02
-1.116940714823768888e+00,4.920048178229177727e-03
-1.116940714823768888e+00,4.920048178229177727e-03
-1.202687440639632177e+00,1.501775004110715850e-01
-1.202687440639632177e+00,1.501775004110715850e-01
-1.197751480492901033e+00,-6.903395498495862315e-03
-1.197751480492901033e+00,-6.903395498495862315e-03
-1.197751480492901033e+00,-6.903395498495862315e-03
-1.197751480492901033e+00,-6.903395498495862315e-03
-1.264379416710554427e+00,-9.138262937411550935e-02
-1.256163860425411949e+00,1.214963379063203619e-01
-1.185133892141316148e+00,-3.357969826139164948e-02
-1.185133892141316148e+00,-3.357969826139164948e-02
-1.185133892141316148e+00,-3.357969826139164948e-02
-1.185133892141316148e+00,-3.357969826139164948e-02
-1.185133892141316148e+00,-3.357969826139164948e-02
-1.185133892141316148e+00,-3.357969826139164948e-02
-1.159542638556431360e+00,3.206126829728153660e-02
-1.159542638556431360e+00,3.206126829728153660e-02
-1.104939387363928383e+00,-2.945555949043231897e-02
-1.104939387363928383e+00,-2.945555949043231897e-02
-1.104939387363928383e+00,-2.945555949043231897e-02
-1.197843097951346802e+00,2.068269228762961015e-02
-1.354214960320602179e+00,-6.577912320217368936e-02
-1.354214960320602179e+00,-6.577912320217368936e-02
-1.354214960320602179e+00,-6.577912320217368936e-02
-1.372889632300121177e+00,9.115552701039891792e-04
-1.299715827447124328e+00,-9.545793105592654745e-05
-1.299715827447124328e+00,-9.545793105592654745e-05
-1.299715827447124328e+00,-9.545793105592654745e-05
-1.299715827447124328e+00,-9.545793105592654745e-05
-1.299715827447124328e+00,-9.545793105592654745e-05
-1.299715827447124328e+00,-9.545793105592654745e-05
-1.299715827447124328e+00,-9.545793105592654745e-05
-1.299715827447124328e+00,-9.545793105592654745e-05
-1.470503818943853513e+00,-8.637747318892834147e-02
-1.470503818943853513e+00,-8.637747318892834147e-02
-1.470503818943853513e+00,-8.637747318892834147e-02
-1.470503818943853513e+00,-8.637747318892834147e-02
-1.470503818943853513e+00,-8.637747318892834147e-02
-1.470503818943853513e+00,-8.637747318892834147e-02
-1.320349551458895432e+00,-5.695205731865701781e-03
-1.320349551458895432e+00,-5.695205731865701781e-03
-1.262517023742522060e+00,7.173072361376528483e-02
-1.262517023742522060e+00,7.173072361376528483e-02
-1.262517023742522060e+00,7.173072361376528483e-02
-1.262517023742522060e+00,7.173072361376528483e-02
-1.262517023742522060e+00,7.173072361376528483e-02
-1.262517023742522060e+00,7.173072361376528483e-02
-1.262517023742522060e+00,7.173072361376528483e-02
-1.262517023742522060e+00,7.173072361376528483e-02
-1.233384782534519442e+00,3.831336852053010555e-02
-1.233384782534519442e+00,3.831336852053010555e-02
-1.220098621413005180e+00,-2.287599417134651703e-02
-1.220098621413005180e+00,-2.287599417134651703e-02
-1.378109060219183668e+00,1.085957583438537238e-01
-1.018719800334720427e+00,1.490554187535770569e-01
-1.018719800334720427e+00,1.490554187535770569e-01
-1.018719800334720427e+00,1.490554187535770569e-01
-9.943710103369517439e-01,1.906641554860405430e-02
-1.352035680617753144e+00,-8.183005308781242382e-02
-1.352035680617753144e+00,-8.183005308781242382e-02
-1.342875962684876523e+00,-2.049391481328064202e-01
-1.070437394183427093e+00,-8.186543221235410839e-02
-1.070437394183427093e+00,-8.186543221235410839e-02
-1.179747040018457982e+00,-1.555123510055529956e-01
-1.179747040018457982e+00,-1.555123510055529956e-01
-1.179747040018457982e+00,-1.555123510055529956e-01
-1.147810451650898900e+00,-1.439825612007754052e-01
-1.175164876580820028e+00,-3.473038502439607100e-02
-1.175164876580820028e+00,-3.473038502439607100e-02
-1.175164876580820028e+00,-3.473038502439607100e-02
-1.289786323280887048e+00,1.040094332685257139e-01
-1.292161488218399601e+00,8.794465408499209380e-02
-1.219748930259263453e+00,8.137950022451093113e-02
-1.219748930259263453e+00,8.137950022451093113e-02
-1.219748930259263453e+00,8.137950022451093113e-02
-1.219748930259263453e+00,8.137950022451093113e-02
-1.219748930259263453e+00,8.137950022451093113e-02
-1.382093914781021171e+00,1.732327508563019647e-02
-1.388502261992802689e+00,4.975945202359455255e-02
-1.388502261992802689e+00,4.975945202359455255e-02
-1.388502261992802689e+00,4.975945202359455255e-02
-1.383776590907725312e+00,-8.544830331185249150e-02
-1.383776590907725312e+00,-8.544830331185249150e-02
-1.383776590907725312e+00,-8.544830331185249150e-02
-1.456351415624726364e+00,-6.422132675589065087e-02
-1.456351415624726364e+00,-6.422132675589065087e-02
-1.456351415624726364e+00,-6.422132675589065087e-02
-1.456351415624726364e+00,-6.422132675589065087e-02
-1.456351415624726364e+00,-6.422132675589065087e-02
-1.427067226274212564e+00,-9.150840512929726833e-02
-1.427067226274212564e+00,-9.150840512929726833e-02
-1.427067226274212564e+00,-9.150840512929726833e-02
-1.427067226274212564e+00,-9.150840512929726833e-02
-1.420311167578370837e+00,1.729160943761259839e-01
-1.468425581159943372e+00,2.109301696884617050e-01
-1.468425581159943372e+00,2.109301696884617050e-01
-1.441079153119718459e+00,1.609134383688554104e-01
-1.441079153119718459e+00,1.609134383688554104e-01
-1.441079153119718459e+00,1.609134383688554104e-01
-1.441079153119718459e+00,1.609134383688554104e-01
-1.441079153119718459e+00,1.609134383688554104e-01
-1.441079153119718459e+00,1.609134383688554104e-01
-1.441079153119718459e+00,1.609134383688554104e-01
-1.416682211014641313e+00,3.480040883526794304e-02
-1.416682211014641313e+00,3.480040883526794304e-02
-1.406037378183328634e+00,9.754288011406712228e-03
-1.203798850628966299e+00,-2.833573455878233283e-01
-1.233071761190746463e+00,-8.436561013912410867e-02
-1.222929306826359142e+00,2.516337511666789928e-02
-1.222929306826359142e+00,2.516337511666789928e-02
-1.222929306826359142e+00,2.516337511666789928e-02
-1.263807223814344960e+00,-7.420412750861651863e-03
-1.263807223814344960e+00,-7.420412750861651863e-03
-1.264275670001738572e+00,-2.102859373560765632e-02
-1.264275670001738572e+00,-2.102859373560765632e-02
-1.264275670001738572e+00,-2.102859373560765632e-02
-1.264275670001738572e+00,-2.102859373560765632e-02
-1.278277371663112172e+00,1.823783500786179124e-01
-1.278277371663112172e+00,1.823783500786179124e-01
-1.278277371663112172e+00,1.823783500786179124e-01
-1.278277371663112172e+00,1.823783500786179124e-01
-1.278277371663112172e+00,1.823783500786179124e-01
-1.278277371663112172e+00,1.823783500786179124e-01
-1.429568943490601596e+00,5.687199761324132630e-02
-1.429568943490601596e+00,5.687199761324132630e-02
-1.429568943490601596e+00,5.687199761324132630e-02
-1.429568943490601596e+00,5.687199761324132630e-02
-1.429568943490601596e+00,5.687199761324132630e-02
-1.429568943490601596e+00,5.687199761324132630e-02
-1.283446293460074772e+00,5.547095565519524069e-02
-1.283446293460074772e+00,5.547095565519524069e-02
-1.251244347215706876e+00,8.289897083675036582e-02
-1.251244347215706876e+00,8.289897083675036582e-02
-1.251244347215706876e+00,8.289897083675036582e-02
-1.251244347215706876e+00,8.289897083675036582e-02
-1.251244347215706876e+00,8.289897083675036582e-02
-1.251244347215706876e+00,8.289897083675036582e-02
-1.251244347215706876e+00,8.289897083675036582e-02
-1.251244347215706876e+00,8.289897083675036582e-02
-1.299257050803817704e+00,1.626325044949926690e-01
-1.299257050803817704e+00,1.626325044949926690e-01
-1.299257050803817704e+00,1.626325044949926690e-01
-1.303050049023863899e+00,1.856540286776084403e-01
-1.247515467324490590e+00,-4.349882271834465408e-02
-1.254319350255146626e+00,1.041338610730564440e-01
-1.274407679435881624e+00,-4.297537854815888791e-02
-1.266547805697519680e+00,-1.330951584378306171e-02
-1.266547805697519680e+00,-1.330951584378306171e-02
-1.271670502539994585e+00,3.075085832038521386e-02
-1.114565546397769058e+00,5.612659771039541640e-02
-1.163872367754981152e+00,1.094357025564083041e-01
-1.194451713773234669e+00,-1.014588840395256319e-01
-1.194451713773234669e+00,-1.014588840395256319e-01
-1.194451713773234669e+00,-1.014588840395256319e-01
-1.194451713773234669e+00,-1.014588840395256319e-01
-1.194451713773234669e+00,-1.014588840395256319e-01
-1.255249692936109662e+00,2.293063875411505137e-03
-1.313527630799474544e+00,9.123341116001382201e-02
-1.313527630799474544e+00,9.123341116001382201e-02
-1.351190167544323639e+00,1.586929140091156709e-01
-1.174646226663889514e+00,-9.799973669592482173e-03
-1.210727795908445925e+00,-1.302611095675064168e-01
-1.106354528485911093e+00,1.515101382870302493e-01
-1.106354528485911093e+00,1.515101382870302493e-01
-1.437696941932542050e+00,1.621262627763429554e-01
-1.437696941932542050e+00,1.621262627763429554e-01
-1.437696941932542050e+00,1.621262627763429554e-01
-1.437696941932542050e+00,1.621262627763429554e-01
-1.437696941932542050e+00,1.621262627763429554e-01
-1.437696941932542050e+00,1.621262627763429554e-01
-1.409547588597006573e+00,-1.134155960984611911e-02
-1.409547588597006573e+00,-1.134155960984611911e-02
-1.409547588597006573e+00,-1.134155960984611911e-02
-1.409547588597006573e+00,-1.134155960984611911e-02
-1.409547588597006573e+00,-1.134155960984611911e-02
-1.409547588597006573e+00,-1.134155960984611911e-02
-1.267719830524114188e+00,-6.939154432523009230e-02
-1.267719830524114188e+00,-6.939154432523009230e-02
-1.267719830524114188e+00,-6.939154432523009230e-02
-1.421929303448684623e+00,-5.084579435051073126e-02
-1.421929303448684623e+00,-5.084579435051073126e-02
-1.421929303448684623e+00,-5.084579435051073126e-02
-1.259596072161403457e+00,-9.298898166907879070e-02
-1.372054282851623341e+00,-4.562046832672474878e-02
-1.372054282851623341e+00,-4.562046832672474878e-02
-1.372054282851623341e+00,-4.562046832672474878e-02
-1.372054282851623341e+00,-4.562046832672474878e-02
-1.351335160394177892e+00,2.600303305829951978e-02
-1.344818416997574761e+00,-3.186025809196710301e-02
-1.279611903293621067e+00,1.205316103733217181e-01
-1.279611903293621067e+00,1.205316103733217181e-01
-1.279611903293621067e+00,1.205316103733217181e-01
-1.279611903293621067e+00,1.205316103733217181e-01
-1.279611903293621067e+00,1.205316103733217181e-01
-1.374726468947367941e+00,7.988830971968877148e-02
-1.203519707173934528e+00,-5.827572984997458905e-02
-1.264594514421704341e+00,-5.751040369600721874e-02
-1.264594514421704341e+00,-5.751040369600721874e-02
-1.264594514421704341e+00,-5.751040369600721874e-02
-1.264594514421704341e+00,-5.751040369600721874e-02
-1.264594514421704341e+00,-5.751040369600721874e-02
-1.264594514421704341e+00,-5.751040369600721874e-02
-1.264594514421704341e+00,-5.751040369600721874e-02
-1.264594514421704341e+00,-5.751040369600721874e-02
-1.264594514421704341e+00,-5.751040369600721874e-02
-1.183278230586817692e+00,-2.445460128134387123e-01
-1.115938419205863452e+00,-2.182980658496460613e-01
-1.115938419205863452e+00,-2.182980658496460613e-01
-1.115938419205863452e+00,-2.182980658496460613e-01
-1.042562505107357262e+00,-2.253778917976259621e-02
-1.082789005417504224e+00,7.603710611383936169e-02
-1.137069852217377885e+00,2.045807850033821151e-01
-1.137069852217377885e+00,2.045807850033821151e-01
-1.287713360817807295e+00,1.114173463180494622e-01
-1.287713360817807295e+00,1.114173463180494622e-01
-1.287713360817807295e+00,1.114173463180494622e-01
-1.281664745567600239e+00,6.300475982725387003e-03
-1.242426438596469396e+00,-8.418556990241655991e-02
-1.367053888579868870e+00,3.075477297158955847e-02
-1.351380705479799937e+00,1.776154525664154216e-01
-1.436871818253800948e+00,-9.073542749007246222e-02
-1.436871818253800948e+00,-9.073542749007246222e-02
-1.424444463042142672e+00,1.449027306390741898e-02
-1.328451806077944664e+00,-5.599542826091589987e-03
-1.357763448723342981e+00,9.032460694870139695e-02
-1.357763448723342981e+00,9.032460694870139695e-02
-1.331033328276850947e+00,2.043194180578973562e-02
-1.331033328276850947e+00,2.043194180578973562e-02
-1.331033328276850947e+00,2.043194180578973562e-02
-1.331033328276850947e+00,2.043194180578973562e-02
-1.331033328276850947e+00,2.043194180578973562e-02
-1.343052702261417819e+00,5.021533638435966840e-02
-1.343052702261417819e+00,5.021533638435966840e-02
-1.343052702261417819e+00,5.021533638435966840e-02
-1.305116244918815172e+00,-1.339877884686764276e-01
-1.305116244918815172e+00,-1.339877884686764276e-01
-1.425386649026149311e+00,-1.666066308780701499e-01
-1.425386649026149311e+00,-1.666066308780701499e-01
-1.429832284267764875e+00,-7.965907435771985012e-02
-1.462051996500631557e+00,-1.625000011023081947e-01
-1.462051996500631557e+00,-1.625000011023081947e-01
-1.397097930368287777e+00,-1.962118090432134199e-01
-1.290697744131674485e+00,-5.387403999980316938e-02
-1.290697744131674485e+00,-5.387403999980316938e-02
-1.290697744131674485e+00,-5.387403999980316938e-02
-1.290697744131674485e+00,-5.387403999980316938e-02
-1.256236391802591168e+00,-2.225229324361741035e-02
-1.256236391802591168e+00,-2.225229324361741035e-02
-1.256236391802591168e+00,-2.225229324361741035e-02
-1.256236391802591168e+00,-2.225229324361741035e-02
-1.244185425544809931e+00,1.574601655821432633e-01
-1.244185425544809931e+00,1.574601655821432633e-01
-1.285077821936945863e+00,-3.990174923995229439e-02
-1.285077821936945863e+00,-3.990174923995229439e-02
-1.285077821936945863e+00,-3.990174923995229439e-02
-1.285077821936945863e+00,-3.990174923995229439e-02
-1.285077821936945863e+00,-3.990174923995229439e-02
-1.285077821936945863e+00,-3.990174923995229439e-02
-1.326916651329586916e+00,1.208930340648673579e-02
-1.249051355281366016e+00,6.141497950378878995e-02
-1.249051355281366016e+00,6.141497950378878995e-02
-1.159428488825431147e+00,7.058516403884704249e-02
-1.159428488825431147e+00,7.058516403884704249e-02
-1.132075296863698899e+00,6.566803077514488107e-02
-1.132075296863698899e+00,6.566803077514488107e-02
-1.235194690777565496e+00,-1.254063133986136058e-01
-1.317025640451166879e+00,-7.543970600688618133e-02
-1.317025640451166879e+00,-7.543970600688618133e-02
-1.317025640451166879e+00,-7.543970600688618133e-02
-1.454735033408333100e+00,-4.747191818974218214e-02
-1.454735033408333100e+00,-4.747191818974218214e-02
-1.454735033408333100e+00,-4.747191818974218214e-02
-1.454735033408333100e+00,-4.747191818974218214e-02
-1.384805166492787176e+00,6.726406245074340040e-05
-1.389982425439222347e+00,-1.332919397718240057e-02
-1.202005545965977973e+00,-9.499997274318983109e-02
-1.202005545965977973e+00,-9.499997274318983109e-02
-1.202005545965977973e+00,-9.499997274318983109e-02
-1.202005545965977973e+00,-9.499997274318983109e-02
-1.202005545965977973e+00,-9.499997274318983109e-02
-1.202005545965977973e+00,-9.499997274318983109e-02
-1.202005545965977973e+00,-9.499997274318983109e-02
-1.202005545965977973e+00,-9.499997274318983109e-02
-1.255989628379706069e+00,2.126889953398890254e-02
-1.255989628379706069e+00,2.126889953398890254e-02
-1.255989628379706069e+00,2.126889953398890254e-02
-1.125063772837192833e+00,2.335679683485148428e-01
-1.072818173821616039e+00,1.880063924972943945e-02
-1.072818173821616039e+00,1.880063924972943945e-02
-1.072818173821616039e+00,1.880063924972943945e-02
-1.068594440433228820e+00,5.050090002148094337e-02
-1.068594440433228820e+00,5.050090002148094337e-02
-1.068594440433228820e+00,5.050090002148094337e-02
-1.135116086482989450e+00,1.100247673794757797e-01
-1.113165635821954824e+00,1.942132731293476078e-01
-1.113165635821954824e+00,1.942132731293476078e-01
-1.113165635821954824e+00,1.942132731293476078e-01
-1.113165635821954824e+00,1.942132731293476078e-01
-1.148309756459906739e+00,3.043390390895133191e-01
-1.075838410984410354e+00,2.612689157024304931e-01
-1.269944643533417183e+00,3.548343176769803708e-01
-1.269944643533417183e+00,3.548343176769803708e-01
-1.269944643533417183e+00,3.548343176769803708e-01
-1.313707922457086008e+00,2.717332443235976891e-01
-9.850391226948389534e-01,2.042678463372261666e-01
-1.037677165580340954e+00,2.287165651480218831e-01
-1.013631268211972580e+00,1.762735640217101274e-01
-9.436930457594292498e-01,-2.838689635545760259e-02
-1.161394943548091030e+00,-4.994670709840033640e-04
-1.353302950170293339e+00,2.157448898417785657e-02
-1.353302950170293339e+00,2.157448898417785657e-02
-1.353302950170293339e+00,2.157448898417785657e-02
-1.353302950170293339e+00,2.157448898417785657e-02
-1.353302950170293339e+00,2.157448898417785657e-02
-1.353302950170293339e+00,2.157448898417785657e-02
-1.268169701518891301e+00,9.035641983379903708e-02
-1.268169701518891301e+00,9.035641983379903708e-02
-1.268169701518891301e+00,9.035641983379903708e-02
-1.495588638590313879e+00,3.943713171758275737e-03
-1.495588638590313879e+00,3.943713171758275737e-03
-1.495588638590313879e+00,3.943713171758275737e-03
-1.375374466389281070e+00,-5.788262471977103502e-02
-1.318539453371473602e+00,-3.573109749910342164e-02
-1.237273328351393475e+00,-1.142943806067545920e-01
-1.237273328351393475e+00,-1.142943806067545920e-01
-1.237273328351393475e+00,-1.142943806067545920e-01
-1.196697439926683870e+00,-1.430804682723497701e-01
-1.196697439926683870e+00,-1.430804682723497701e-01
-1.196697439926683870e+00,-1.430804682723497701e-01
-1.196697439926683870e+00,-1.430804682723497701e-01
-1.196697439926683870e+00,-1.430804682723497701e-01
-1.196697439926683870e+00,-1.430804682723497701e-01
-1.196697439926683870e+00,-1.430804682723497701e-01
-1.188939819404542186e+00,-2.405283029079101909e-01
-1.188939819404542186e+00,-2.405283029079101909e-01
-1.001865226612782767e+00,-1.084010443492582909e-01
-1.035105681973572445e+00,9.957294121935264530e-02
-1.035105681973572445e+00,9.957294121935264530e-02
-1.051360769394971806e+00,1.718630101097014806e-01
-1.051360769394971806e+00,1.718630101097014806e-01
-1.072043341062083321e+00,1.230324766292639760e-01
-1.072043341062083321e+00,1.230324766292639760e-01
-1.046847551141053989e+00,-1.497856953969811666e-02
-1.017122841501730157e+00,1.236332291901964808e-01
-1.017122841501730157e+00,1.236332291901964808e-01
-1.017122841501730157e+00,1.236332291901964808e-01
-1.098644653156215956e+00,2.147377411166749850e-01
-1.098644653156215956e+00,2.147377411166749850e-01
-1.098644653156215956e+00,2.147377411166749850e-01
-1.193404827319508366e+00,1.608463246442113359e-01
-1.310342604288663448e+00,3.263776250599367823e-02
-1.310342604288663448e+00,3.263776250599367823e-02
-1.310342604288663448e+00,3.263776250599367823e-02
-1.121125417254976719e+00,-1.994253577967076141e-01
-1.184512729176505408e+00,1.879661890027978233e-02
-1.209851499175966127e+00,2.004942874005706532e-01
-1.060335572781899494e+00,5.776829701437707909e-02
-1.060335572781899494e+00,5.776829701437707909e-02
-1.044044916164502679e+00,6.891737311800828769e-02
-1.044044916164502679e+00,6.891737311800828769e-02
-1.006121888108249207e+00,4.007546255089561305e-02
-9.854665118677443658e-01,1.530282538633161160e-02
-1.052661463305259559e+00,-3.837222701689576437e-02
-1.052661463305259559e+00,-3.837222701689576437e-02
-1.185817995558062998e+00,-4.790378358330031616e-02
-1.185817995558062998e+00,-4.790378358330031616e-02
-1.185817995558062998e+00,-4.790378358330031616e-02
-1.334896320567016126e+00,2.611851827608008270e-02
-1.334896320567016126e+00,2.611851827608008270e-02
-1.241166517972710270e+00,3.102421752916098563e-04
-1.241166517972710270e+00,3.102421752916098563e-04
-1.273809134983906022e+00,4.641142714808337011e-02
-1.273809134983906022e+00,4.641142714808337011e-02
-1.273809134983906022e+00,4.641142714808337011e-02
-1.290425650899454935e+00,3.839358584387959211e-02
-1.290425650899454935e+00,3.839358584387959211e-02
-1.290425650899454935e+00,3.839358584387959211e-02
-1.290425650899454935e+00,3.839358584387959211e-02
-1.163836506319749331e+00,5.178288936837430190e-03
-1.163836506319749331e+00,5.178288936837430190e-03
-1.163836506319749331e+00,5.178288936837430190e-03
-1.379279539364399287e+00,-2.759163693258338129e-03
-1.437941484138042458e+00,9.999250563696185368e-02
-1.437941484138042458e+00,9.999250563696185368e-02
-1.437941484138042458e+00,9.999250563696185368e-02
-1.376891749282845634e+00,-1.206483756555619402e-01
-1.376891749282845634e+00,-1.206483756555619402e-01
-1.230455380890036698e+00,1.788030008428672935e-01
-1.230455380890036698e+00,1.788030008428672935e-01
-1.378166569893517490e+00,6.640510837726711080e-02
-1.341626768383880730e+00,9.708799614367233377e-02
-1.341626768383880730e+00,9.708799614367233377e-02
-1.319198859146917036e+00,2.731763277329572470e-01
-1.376694450225798505e+00,4.399615405814047420e-02
-1.280203597332750576e+00,3.699233679515800954e-02
-1.192753269782615755e+00,-5.652912890329728213e-02
-1.192753269782615755e+00,-5.652912890329728213e-02
-1.192753269782615755e+00,-5.652912890329728213e-02
-1.192753269782615755e+00,-5.652912890329728213e-02
-1.149380228549073957e+00,6.652430123599976930e-02
-1.174893002569617817e+00,1.276291202784558543e-01
-1.174893002569617817e+00,1.276291202784558543e-01
-1.252608544409679503e+00,1.729843613707876537e-01
-1.252608544409679503e+00,1.729843613707876537e-01
-1.252608544409679503e+00,1.729843613707876537e-01
-1.252608544409679503e+00,1.729843613707876537e-01
-1.296081074318253812e+00,-5.798967108754909949e-03
-1.296081074318253812e+00,-5.798967108754909949e-03
-1.275469040916163532e+00,7.974062157087258296e-02
-1.285171846948527818e+00,1.284908728933995548e-01
-1.285171846948527818e+00,1.284908728933995548e-01
-1.285171846948527818e+00,1.284908728933995548e-01
-1.285171846948527818e+00,1.284908728933995548e-01
-1.285171846948527818e+00,1.284908728933995548e-01
-1.285171846948527818e+00,1.284908728933995548e-01
-1.285171846948527818e+00,1.284908728933995548e-01
-1.000668662222026217e+00,-1.071519214377119333e-01
-1.043212301513137374e+00,-1.462141917873042152e-01
-1.043212301513137374e+00,-1.462141917873042152e-01
-1.129841098573679314e+00,-1.862997451378875513e-02
-1.129841098573679314e+00,-1.862997451378875513e-02
-1.129841098573679314e+00,-1.862997451378875513e-02
-1.232577877243818065e+00,7.633179213204550895e-02
-1.232577877243818065e+00,7.633179213204550895e-02
-1.232577877243818065e+00,7.633179213204550895e-02
-1.232577877243818065e+00,7.633179213204550895e-02
-1.232577877243818065e+00,7.633179213204550895e-02
-1.232577877243818065e+00,7.633179213204550895e-02
-1.422488813292121623e+00,-9.563458874472542670e-02
-1.422488813292121623e+00,-9.563458874472542670e-02
-1.422488813292121623e+00,-9.563458874472542670e-02
-1.422488813292121623e+00,-9.563458874472542670e-02
-1.415882863686565685e+00,-1.114944088462555272e-01
-1.415882863686565685e+00,-1.114944088462555272e-01
-1.415882863686565685e+00,-1.114944088462555272e-01
-1.320598848950887749e+00,2.395626016853766305e-02
-1.164751491540269246e+00,-5.250441728376399608e-02
-1.295687993889231837e+00,6.724617734148631565e-02
-1.295687993889231837e+00,6.724617734148631565e-02
-1.295687993889231837e+00,6.724617734148631565e-02
-1.301803587845457466e+00,7.747827905368756540e-02
-1.318484759040130294e+00,-1.234702545874204749e-01
-1.341816036032033255e+00,-1.546908092183921501e-01
-1.430321193838419491e+00,-5.377087114500227194e-02
-1.430321193838419491e+00,-5.377087114500227194e-02
-1.382861461546843529e+00,-1.587257726356113563e-01
-1.382861461546843529e+00,-1.587257726356113563e-01
-1.382861461546843529e+00,-1.587257726356113563e-01
-1.382861461546843529e+00,-1.587257726356113563e-01
-1.382861461546843529e+00,-1.587257726356113563e-01
-1.382861461546843529e+00,-1.587257726356113563e-01
-1.382861461546843529e+00,-1.587257726356113563e-01
-1.421056169466114127e+00,3.159559496347663643e-04
-1.421056169466114127e+00,3.159559496347663643e-04
-1.192307330168327351e+00,-1.777826414021331791e-01
-1.187174232355755699e+00,-9.945005053830956177e-02
-1.187174232355755699e+00,-9.945005053830956177e-02
-1.215912569800813081e+00,1.465341346938092704e-02
-1.215912569800813081e+00,1.465341346938092704e-02
-1.088626590611135425e+00,5.522278095391656288e-02
-1.159915854136480462e+00,1.768766894276469492e-01
-1.159915854136480462e+00,1.768766894276469492e-01
-1.159915854136480462e+00,1.768766894276469492e-01
-1.159915854136480462e+00,1.768766894276469492e-01
-1.159915854136480462e+00,1.768766894276469492e-01
-1.159915854136480462e+00,1.768766894276469492e-01
-1.144864846286815618e+00,1.671173529622379250e-01
-1.113790297629412285e+00,1.753404693877741727e-01
-1.176279652130008735e+00,4.922424666748825839e-02
-1.192771810193822057e+00,-2.598823560482882433e-01
-1.192771810193822057e+00,-2.598823560482882433e-01
-1.192771810193822057e+00,-2.598823560482882433e-01
-1.221774795539223968e+00,-1.079099030032379669e-01
-1.221774795539223968e+00,-1.079099030032379669e-01
-1.221774795539223968e+00,-1.079099030032379669e-01
-1.221774795539223968e+00,-1.079099030032379669e-01
-1.221774795539223968e+00,-1.079099030032379669e-01
-1.241890783836236523e+00,-1.529866532339381191e-01
-1.241890783836236523e+00,-1.529866532339381191e-01
-1.241890783836236523e+00,-1.529866532339381191e-01
-1.241890783836236523e+00,-1.529866532339381191e-01
-1.241890783836236523e+00,-1.529866532339381191e-01
-1.508484625545159163e+00,1.218302482183591384e-01
-1.508484625545159163e+00,1.218302482183591384e-01
-1.508484625545159163e+00,1.218302482183591384e-01
-1.454503386765463979e+00,-4.067526570916987771e-02
-1.454503386765463979e+00,-4.067526570916987771e-02
-1.284768257911994782e+00,-7.726142692564522130e-02
-1.301690079206418327e+00,6.464346820825689344e-02
-1.301690079206418327e+00,6.464346820825689344e-02
-1.299864857480381719e+00,-1.642803789530278280e-02
-1.175277932122917646e+00,1.015923087162559357e-01
-1.175277932122917646e+00,1.015923087162559357e-01
-1.175277932122917646e+00,1.015923087162559357e-01
-1.175277932122917646e+00,1.015923087162559357e-01
-1.175277932122917646e+00,1.015923087162559357e-01
-1.175277932122917646e+00,1.015923087162559357e-01
-1.175277932122917646e+00,1.015923087162559357e-01
-1.175277932122917646e+00,1.015923087162559357e-01
-1.175277932122917646e+00,1.015923087162559357e-01
-1.188167803240322451e+00,-1.377925491167673600e-01
-1.188167803240322451e+00,-1.377925491167673600e-01
-1.228487236067206112e+00,-5.621372599057088137e-02
-1.304837732151978180e+00,2.574029635151463269e-02
-1.304837732151978180e+00,2.574029635151463269e-02
-1.304837732151978180e+00,2.574029635151463269e-02
-1.304837732151978180e+00,2.574029635151463269e-02
-1.304837732151978180e+00,2.574029635151463269e-02
-1.304837732151978180e+00,2.574029635151463269e-02
-1.304837732151978180e+00,2.574029635151463269e-02
-1.306175621716302748e+00,-2.900808840796710586e-02
-1.345283225937305982e+00,-9.436707325230284105e-02
-1.179170661515467344e+00,8.900539351466160709e-03
-1.179170661515467344e+00,8.900539351466160709e-03
-1.179170661515467344e+00,8.900539351466160709e-03
-1.179170661515467344e+00,8.900539351466160709e-03
-1.179170661515467344e+00,8.900539351466160709e-03
-1.179170661515467344e+00,8.900539351466160709e-03
-1.179170661515467344e+00,8.900539351466160709e-03
-1.179170661515467344e+00,8.900539351466160709e-03
-1.179170661515467344e+00,8.900539351466160709e-03
-1.179170661515467344e+00,8.900539351466160709e-03
-1.179170661515467344e+00,8.900539351466160709e-03
-1.179170661515467344e+00,8.900539351466160709e-03
-1.179170661515467344e+00,8.900539351466160709e-03
-1.179170661515467344e+00,8.900539351466160709e-03
-1.179170661515467344e+00,8.900539351466160709e-03
-1.322717183200473379e+00,-1.264185978533032273e-01
-1.307414532823437670e+00,6.660606246360284421e-02
-1.307414532823437670e+00,6.660606246360284421e-02
-1.307414532823437670e+00,6.660606246360284421e-02
-1.307414532823437670e+00,6.660606246360284421e-02
-1.307414532823437670e+00,6.660606246360284421e-02
-1.307414532823437670e+00,6.660606246360284421e-02
-1.307414532823437670e+00,6.660606246360284421e-02
-1.307414532823437670e+00,6.660606246360284421e-02
-1.155128495859283344e+00,6.379703198342900894e-02
-1.155128495859283344e+00,6.379703198342900894e-02
-1.289197974656635992e+00,-3.032105455221519030e-02
-1.289197974656635992e+00,-3.032105455221519030e-02
-1.229780653724356076e+00,5.677542734208586295e-02
-1.229780653724356076e+00,5.677542734208586295e-02
-1.141310710537105422e+00,-1.009845490875446727e-02
-1.198355953628172932e+00,-2.223798836283583102e-03
-1.198355953628172932e+00,-2.223798836283583102e-03
-1.216745789568476122e+00,-6.588409891235227911e-02
-1.333054392753707740e+00,-7.539340235999103523e-02
-1.333054392753707740e+00,-7.539340235999103523e-02
-1.410923386228072118e+00,2.179372846662001872e-02
-1.410923386228072118e+00,2.179372846662001872e-02
-1.222742226085503425e+00,8.817492774815773038e-02
-1.045475965300940446e+00,1.854954073141881210e-01
-1.045475965300940446e+00,1.854954073141881210e-01
-1.103801064295556467e+00,3.114076395404014042e-01
-1.114185796774694870e+00,-8.158289517294753379e-02
-1.217942542955048113e+00,1.311721890843935701e-01
-1.217942542955048113e+00,1.311721890843935701e-01
-1.217942542955048113e+00,1.311721890843935701e-01
-1.326382038482138093e+00,-1.309473461236443370e-02
-1.265827349710151317e+00,-3.690224295339625260e-02
-1.265827349710151317e+00,-3.690224295339625260e-02
-1.175332048843104715e+00,-7.881523606339829735e-02
-1.175332048843104715e+00,-7.881523606339829735e-02
-1.127708285323065773e+00,-1.158804268495316203e-01
-1.127708285323065773e+00,-1.158804268495316203e-01
-1.127708285323065773e+00,-1.158804268495316203e-01
-1.167747782650427890e+00,-8.660899284745667004e-02
-1.167747782650427890e+00,-8.660899284745667004e-02
-1.138207387012708960e+00,-3.455874655602862722e-02
-1.138207387012708960e+00,-3.455874655602862722e-02
-1.138207387012708960e+00,-3.455874655602862722e-02
-1.101268181778497279e+00,5.998700201795523212e-02
-1.101268181778497279e+00,5.998700201795523212e-02
-1.089632709788741938e+00,-1.633146188794593057e-03
-1.089632709788741938e+00,-1.633146188794593057e-03
-1.089632709788741938e+00,-1.633146188794593057e-03
-1.089632709788741938e+00,-1.633146188794593057e-03
-1.089632709788741938e+00,-1.633146188794593057e-03
-1.321903518034392322e+00,3.783309556081333042e-02
-1.321903518034392322e+00,3.783309556081333042e-02
-1.321903518034392322e+00,3.783309556081333042e-02
-1.321903518034392322e+00,3.783309556081333042e-02
-1.321903518034392322e+00,3.783309556081333042e-02
-1.321903518034392322e+00,3.783309556081333042e-02
-1.321903518034392322e+00,3.783309556081333042e-02
-1.321903518034392322e+00,3.783309556081333042e-02
-1.321903518034392322e+00,3.783309556081333042e-02
-1.321903518034392322e+00,3.783309556081333042e-02
-1.321903518034392322e+00,3.783309556081333042e-02
-1.123179490723172247e+00,1.054723296274701905e-01
-1.123179490723172247e+00,1.054723296274701905e-01
-1.051233606495411532e+00,-7.537707899218104579e-02
-1.051233606495411532e+00,-7.537707899218104579e-02
-9.699150154067357477e-01,-5.843010551893831894e-03
-9.699150154067357477e-01,-5.843010551893831894e-03
-1.190255538666734836e+00,2.223151461596586942e-03
-1.190255538666734836e+00,2.223151461596586942e-03
-1.190255538666734836e+00,2.223151461596586942e-03
-1.190255538666734836e+00,2.223151461596586942e-03
-1.190255538666734836e+00,2.223151461596586942e-03
-1.190255538666734836e+00,2.223151461596586942e-03
-1.190255538666734836e+00,2.223151461596586942e-03
-1.190255538666734836e+00,2.223151461596586942e-03
-1.190255538666734836e+00,2.223151461596586942e-03
-1.190255538666734836e+00,2.223151461596586942e-03
-1.190255538666734836e+00,2.223151461596586942e-03
-1.190255538666734836e+00,2.223151461596586942e-03
-1.190255538666734836e+00,2.223151461596586942e-03
-1.190255538666734836e+00,2.223151461596586942e-03
-1.395771152455095976e+00,1.095727292814017984e-01
-1.424820488093108795e+00,9.071033475597264917e-02
-1.424820488093108795e+00,9.071033475597264917e-02
-1.424820488093108795e+00,9.071033475597264917e-02
-1.335186674601987367e+00,1.730008508457053507e-01
-1.335186674601987367e+00,1.730008508457053507e-01
-1.183573060316302161e+00,1.703025250146382452e-01
-1.183573060316302161e+00,1.703025250146382452e-01
-1.296312028432973218e+00,7.816796864288629021e-02
-1.323621118766924676e+00,2.420855967968889300e-02
-1.351500207294666245e+00,1.930642998784250219e-02
-1.351500207294666245e+00,1.930642998784250219e-02
-1.375235969920348467e+00,-7.895735324255988286e-02
-1.375235969920348467e+00,-7.895735324255988286e-02
-1.314369724703655873e+00,7.902731867564928570e-02
-1.314369724703655873e+00,7.902731867564928570e-02
-1.314369724703655873e+00,7.902731867564928570e-02
-1.314369724703655873e+00,7.902731867564928570e-02
-1.314369724703655873e+00,7.902731867564928570e-02
-1.314369724703655873e+00,7.902731867564928570e-02
-1.314369724703655873e+00,7.902731867564928570e-02
-1.314369724703655873e+00,7.902731867564928570e-02
-1.314369724703655873e+00,7.902731867564928570e-02
-1.314369724703655873e+00,7.902731867564928570e-02
-1.314369724703655873e+00,7.902731867564928570e-02
-1.245118583509800425e+00,-1.569276459015848113e-01
-1.245118583509800425e+00,-1.569276459015848113e-01
-1.245118583509800425e+00,-1.569276459015848113e-01
-1.245118583509800425e+00,-1.569276459015848113e-01
-1.245118583509800425e+00,-1.569276459015848113e-01
-1.245118583509800425e+00,-1.569276459015848113e-01
-1.245118583509800425e+00,-1.569276459015848113e-01
-1.245118583509800425e+00,-1.569276459015848113e-01
-1.245118583509800425e+00,-1.569276459015848113e-01
-1.245118583509800425e+00,-1.569276459015848113e-01
-1.245118583509800425e+00,-1.569276459015848113e-01
-1.245118583509800425e+00,-1.569276459015848113e-01
-1.245118583509800425e+00,-1.569276459015848113e-01
-1.271156419311140873e+00,-7.531179962240150405e-02
-1.271156419311140873e+00,-7.531179962240150405e-02
-1.098297834097670789e+00,-2.274066213803290215e-01
-1.098297834097670789e+00,-2.274066213803290215e-01
-1.098297834097670789e+00,-2.274066213803290215e-01
-1.080785867442536130e+00,-1.515669452459085242e-01
-1.305454765562168440e+00,1.505290214522834735e-01
-1.266059430137848496e+00,8.083504220967049902e-02
-1.266059430137848496e+00,8.083504220967049902e-02
-1.266059430137848496e+00,8.083504220967049902e-02
-1.266059430137848496e+00,8.083504220967049902e-02
-1.266059430137848496e+00,8.083504220967049902e-02
-1.196158946429590975e+00,2.252179032679338666e-01
-1.196158946429590975e+00,2.252179032679338666e-01
-1.363036142153909225e+00,1.414451520432045695e-01
-1.182997886765392970e+00,2.344695208234248984e-01
-1.182997886765392970e+00,2.344695208234248984e-01
-1.182997886765392970e+00,2.344695208234248984e-01
-1.408005197375256312e+00,1.568559449184443455e-01
-1.408005197375256312e+00,1.568559449184443455e-01
-1.346235030221219597e+00,1.551375665487036981e-01
-1.244393556101074605e+00,-8.164999017876375942e-02
-1.244393556101074605e+00,-8.164999017876375942e-02
-1.244393556101074605e+00,-8.164999017876375942e-02
-1.206177725473403850e+00,-1.022326280726374714e-01
-1.206177725473403850e+00,-1.022326280726374714e-01
-1.206177725473403850e+00,-1.022326280726374714e-01
-1.206177725473403850e+00,-1.022326280726374714e-01
-1.206177725473403850e+00,-1.022326280726374714e-01
-1.206177725473403850e+00,-1.022326280726374714e-01
-1.206177725473403850e+00,-1.022326280726374714e-01
-1.286574371756965318e+00,-1.209786895373417270e-01
-1.286574371756965318e+00,-1.209786895373417270e-01
-1.347979739474423955e+00,-1.362788346664885186e-01
-1.245100382169727515e+00,-1.031554936192209115e-01
-1.245100382169727515e+00,-1.031554936192209115e-01
-1.202565358088685255e+00,1.783411847625437918e-02
-1.202565358088685255e+00,1.783411847625437918e-02
-1.202565358088685255e+00,1.783411847625437918e-02
-1.224062084377404380e+00,-1.034608120443638868e-01
-1.224062084377404380e+00,-1.034608120443638868e-01
-1.224062084377404380e+00,-1.034608120443638868e-01
-1.073257760206184797e+00,2.959708296371757474e-02
-1.073257760206184797e+00,2.959708296371757474e-02
-1.073257760206184797e+00,2.959708296371757474e-02
-1.073257760206184797e+00,2.959708296371757474e-02
-1.294655474209715607e+00,1.113608334123357829e-01
-1.430099939703026957e+00,9.335162612571487606e-03
-1.213474330126746548e+00,1.500227065039783647e-01
-1.213474330126746548e+00,1.500227065039783647e-01
-1.258813641417871887e+00,1.180123357819897745e-01
-1.258813641417871887e+00,1.180123357819897745e-01
-1.258813641417871887e+00,1.180123357819897745e-01
-1.258813641417871887e+00,1.180123357819897745e-01
-1.258813641417871887e+00,1.180123357819897745e-01
-1.258813641417871887e+00,1.180123357819897745e-01
-1.258813641417871887e+00,1.180123357819897745e-01
-1.258813641417871887e+00,1.180123357819897745e-01
-1.258813641417871887e+00,1.180123357819897745e-01
-1.324536179245666911e+00,2.332859826678125303e-01
-1.324536179245666911e+00,2.332859826678125303e-01
-1.129211568339540950e+00,1.931307543332472787e-01
-1.139303343735352581e+00,1.628817085530429587e-01
-1.139303343735352581e+00,1.628817085530429587e-01
-1.139303343735352581e+00,1.628817085530429587e-01
-1.139303343735352581e+00,1.628817085530429587e-01
-1.139303343735352581e+00,1.628817085530429587e-01
-1.139303343735352581e+00,1.628817085530429587e-01
-1.139303343735352581e+00,1.628817085530429587e-01
-1.132307132299679164e+00,1.607073817309934149e-01
-1.223878071885325269e+00,1.102457635223309668e-01
-1.223878071885325269e+00,1.102457635223309668e-01
-1.223878071885325269e+00,1.102457635223309668e-01
-1.223878071885325269e+00,1.102457635223309668e-01
-1.223878071885325269e+00,1.102457635223309668e-01
-1.221749561448420840e+00,1.215737864753381609e-01
-1.221749561448420840e+00,1.215737864753381609e-01
-1.221749561448420840e+00,1.215737864753381609e-01
-1.221749561448420840e+00,1.215737864753381609e-01
-1.221749561448420840e+00,1.215737864753381609e-01
-1.221749561448420840e+00,1.215737864753381609e-01
-1.221749561448420840e+00,1.215737864753381609e-01
-1.221749561448420840e+00,1.215737864753381609e-01
-1.221749561448420840e+00,1.215737864753381609e-01
-1.221749561448420840e+00,1.215737864753381609e-01
-1.221749561448420840e+00,1.215737864753381609e-01
-1.195569102568533992e+00,5.747863272930420209e-02
-1.195569102568533992e+00,5.747863272930420209e-02
-1.172634421070136046e+00,1.333252172469295838e-01
-1.172634421070136046e+00,1.333252172469295838e-01
-1.114561225036476033e+00,4.885218976826538606e-02
-1.295412194419163221e+00,1.425292092396832078e-01
-1.295412194419163221e+00,1.425292092396832078e-01
-1.295412194419163221e+00,1.425292092396832078e-01
-9.481705543265138703e-01,1.257428797627268557e-01
-1.078614936222861864e+00,2.959137217081601878e-02
-1.415454361176627263e+00,-7.639369974797799445e-02
-1.415454361176627263e+00,-7.639369974797799445e-02
-1.415454361176627263e+00,-7.639369974797799445e-02
-1.237115015325697787e+00,-2.192437788207149407e-02
-1.237115015325697787e+00,-2.192437788207149407e-02
-1.242265111878789297e+00,1.269776100487916837e-01
-1.134994685318213792e+00,-7.227425499427037048e-02
-1.363186765963216862e+00,2.874012397329830937e-03
-1.387471592777582252e+00,5.701792832533461586e-02
-1.387471592777582252e+00,5.701792832533461586e-02
-1.387471592777582252e+00,5.701792832533461586e-02
-1.209401096719826540e+00,6.409007705928337906e-02
-1.209401096719826540e+00,6.409007705928337906e-02
-1.209401096719826540e+00,6.409007705928337906e-02
-1.576663178425629308e+00,-8.540688202301444099e-02
-1.535235039031922710e+00,-2.786903606497218022e-02
-1.535235039031922710e+00,-2.786903606497218022e-02
-1.270982559272672896e+00,1.544930516034272727e-01
-1.295179986109651571e+00,1.589650749698062193e-01
-1.347597387953381132e+00,8.446839284981794149e-02
-1.142623593561280071e+00,-3.405378369746596412e-02
-1.040796277620271715e+00,-8.191006790088072032e-02
-1.040796277620271715e+00,-8.191006790088072032e-02
-1.034973132288419473e+00,-1.764269355199889477e-01
-1.176524114421226175e+00,-3.199737050499159574e-01
-1.176524114421226175e+00,-3.199737050499159574e-01
-1.176524114421226175e+00,-3.199737050499159574e-01
-1.176524114421226175e+00,-3.199737050499159574e-01
-1.150246994548869583e+00,-1.268837334443942144e-01
-1.150246994548869583e+00,-1.268837334443942144e-01
-1.150246994548869583e+00,-1.268837334443942144e-01
-1.302049300636193063e+00,-4.638366128784650322e-02
-1.256256100875338344e+00,-4.487177914505607185e-02
-1.256256100875338344e+00,-4.487177914505607185e-02
-1.338490878880133961e+00,8.132530073664390180e-02
-1.190970504653279916e+00,-9.474450811830084640e-03
-1.190970504653279916e+00,-9.474450811830084640e-03
-1.092618063863681765e+00,2.444905033664395572e-02
-1.092618063863681765e+00,2.444905033664395572e-02
-1.092618063863681765e+00,2.444905033664395572e-02
-1.191257534341366719e+00,-5.100624120595511485e-02
-1.191257534341366719e+00,-5.100624120595511485e-02
-1.191257534341366719e+00,-5.100624120595511485e-02
-1.191257534341366719e+00,-5.100624120595511485e-02
-1.119660791335128192e+00,-1.005354321197034217e-02
-1.119660791335128192e+00,-1.005354321197034217e-02
-1.207476596156916715e+00,-9.293507331025621654e-02
-1.351059676695878009e+00,1.755001708922446224e-02
-1.351059676695878009e+00,1.755001708922446224e-02
-1.351059676695878009e+00,1.755001708922446224e-02
-1.351059676695878009e+00,1.755001708922446224e-02
-1.255198200435522438e+00,-5.360928561484373800e-02
-1.382327223046379672e+00,6.359243283941960756e-03
-1.382327223046379672e+00,6.359243283941960756e-03
-1.382327223046379672e+00,6.359243283941960756e-03
-1.382327223046379672e+00,6.359243283941960756e-03
-1.404472347266005894e+00,-8.276985046408447122e-02
-1.247904525615703086e+00,-4.715750068341843793e-02
-1.247904525615703086e+00,-4.715750068341843793e-02
-1.247904525615703086e+00,-4.715750068341843793e-02
-1.247904525615703086e+00,-4.715750068341843793e-02
-1.247904525615703086e+00,-4.715750068341843793e-02
-1.247904525615703086e+00,-4.715750068341843793e-02
-1.106906781262589012e+00,9.851982293795812085e-02
-1.084758178460087708e+00,-1.206798463986405306e-01
-1.084758178460087708e+00,-1.206798463986405306e-01
-1.084758178460087708e+00,-1.206798463986405306e-01
-1.084758178460087708e+00,-1.206798463986405306e-01
-1.315375043194117577e+00,5.551571534228398608e-02
-1.315375043194117577e+00,5.551571534228398608e-02
-1.315375043194117577e+00,5.551571534228398608e-02
-1.315375043194117577e+00,5.551571534228398608e-02
-1.315375043194117577e+00,5.551571534228398608e-02
-1.315375043194117577e+00,5.551571534228398608e-02
-1.315375043194117577e+00,5.551571534228398608e-02
-1.324066791152240796e+00,-2.457379155964446726e-02
-1.324066791152240796e+00,-2.457379155964446726e-02
-1.081492204343557750e+00,-6.730493854328552239e-02
-1.144852348267849429e+00,-3.651449672863210649e-03
-1.144852348267849429e+00,-3.651449672863210649e-03
-1.144852348267849429e+00,-3.651449672863210649e-03
-1.144852348267849429e+00,-3.651449672863210649e-03
-1.144852348267849429e+00,-3.651449672863210649e-03
-1.209915216896963575e+00,3.792476164365862767e-02
-1.209915216896963575e+00,3.792476164365862767e-02
-1.209915216896963575e+00,3.792476164365862767e-02
-1.254344796607743673e+00,-3.341661183994550088e-02
-1.047637612968221887e+00,1.468899107526505099e-01
-1.126259964673048675e+00,6.174259958766224743e-02
-1.194913074374597484e+00,4.101898347783805576e-02
-1.194913074374597484e+00,4.101898347783805576e-02
-1.194913074374597484e+00,4.101898347783805576e-02
-1.294629701996786508e+00,5.872318012478790206e-02
-1.294629701996786508e+00,5.872318012478790206e-02
-1.342852092193815405e+00,2.290330099038671019e-01
-1.342852092193815405e+00,2.290330099038671019e-01
-1.225445529184847393e+00,2.229880276909693704e-01
-1.225445529184847393e+00,2.229880276909693704e-01
-1.320848970251217835e+00,-2.088363845821339382e-04
-1.319817550757849345e+00,6.382643889587791275e-02
-1.255640028710266920e+00,8.969822020650955463e-02
-1.255640028710266920e+00,8.969822020650955463e-02
-1.255640028710266920e+00,8.969822020650955463e-02
-1.192957537203576779e+00,4.632840160816227570e-02
-1.192957537203576779e+00,4.632840160816227570e-02
-1.192957537203576779e+00,4.632840160816227570e-02
-1.199011072540396183e+00,1.484691291144181469e-03
-1.199011072540396183e+00,1.484691291144181469e-03
-1.199011072540396183e+00,1.484691291144181469e-03
-1.199011072540396183e+00,1.484691291144181469e-03
-1.199011072540396183e+00,1.484691291144181469e-03
-1.213937485265805361e+00,-2.519143965234477145e-02
-1.213937485265805361e+00,-2.519143965234477145e-02
-1.157538439113919848e+00,-1.049657826244211195e-01
-1.157538439113919848e+00,-1.049657826244211195e-01
-1.157538439113919848e+00,-1.049657826244211195e-01
-1.157538439113919848e+00,-1.049657826244211195e-01
-1.157538439113919848e+00,-1.049657826244211195e-01
-1.157538439113919848e+00,-1.049657826244211195e-01
-1.157538439113919848e+00,-1.049657826244211195e-01
-1.427080319035720191e+00,-3.515808978769147108e-02
-1.427080319035720191e+00,-3.515808978769147108e-02
-1.250287343078213764e+00,1.404936426711932418e-01
-1.250287343078213764e+00,1.404936426711932418e-01
-1.268090141049784236e+00,1.291280348216455598e-01
-1.264174566068475558e+00,1.078099564691523543e-01
-1.374680651559058830e+00,-9.172330530734558451e-02
-1.292178309678943871e+00,1.944081937037600571e-02
-1.241116657323196426e+00,8.703526888843210463e-02
-1.260454283595802805e+00,6.018899456311783969e-02
-1.260454283595802805e+00,6.018899456311783969e-02
-1.369059842928311399e+00,4.657896144057391274e-02
-1.369059842928311399e+00,4.657896144057391274e-02
-1.369059842928311399e+00,4.657896144057391274e-02
-1.369059842928311399e+00,4.657896144057391274e-02
-1.369059842928311399e+00,4.657896144057391274e-02
-1.369059842928311399e+00,4.657896144057391274e-02
-1.369059842928311399e+00,4.657896144057391274e-02
-1.369059842928311399e+00,4.657896144057391274e-02
-1.369059842928311399e+00,4.657896144057391274e-02
-1.232650466607604134e+00,-7.085644504118618348e-02
-1.232650466607604134e+00,-7.085644504118618348e-02
-1.232650466607604134e+00,-7.085644504118618348e-02
-1.232650466607604134e+00,-7.085644504118618348e-02
-1.193406330382411840e+00,-1.881492946841752112e-02
-1.088609566645532434e+00,-8.848414910309597425e-03
-1.088609566645532434e+00,-8.848414910309597425e-03
-1.088609566645532434e+00,-8.848414910309597425e-03
-1.088609566645532434e+00,-8.848414910309597425e-03
-1.088609566645532434e+00,-8.848414910309597425e-03
-1.225178459833714761e+00,1.441051563677601954e-01
-1.275772200380163701e+00,1.343947523714543180e-01
-1.275772200380163701e+00,1.343947523714543180e-01
-1.275772200380163701e+00,1.343947523714543180e-01
-1.275772200380163701e+00,1.343947523714543180e-01
-1.275772200380163701e+00,1.343947523714543180e-01
-1.158054934306526729e+00,1.773233177929786908e-01
-1.152157190854560032e+00,9.136959297060640028e-02
-1.152157190854560032e+00,9.136959297060640028e-02
-1.152157190854560032e+00,9.136959297060640028e-02
-1.215889497157695898e+00,9.378624191038922864e-02
-1.215889497157695898e+00,9.378624191038922864e-02
-1.215889497157695898e+00,9.378624191038922864e-02
-1.215889497157695898e+00,9.378624191038922864e-02
-1.274632396323450712e+00,4.688538205294940503e-02
-1.274632396323450712e+00,4.688538205294940503e-02
-1.121777951737700230e+00,-6.899906953026033185e-02
-1.121777951737700230e+00,-6.899906953026033185e-02
-1.140824047012376274e+00,2.996787963195314541e-02
-1.204379251397168726e+00,-7.352319050092838426e-02
-1.167714847143132229e+00,-4.651394996914286900e-02
-1.167714847143132229e+00,-4.651394996914286900e-02
-1.461953812023913279e+00,9.964479053425445709e-02
-1.461953812023913279e+00,9.964479053425445709e-02
-1.297010200209491870e+00,1.448456301643748223e-02
-1.297010200209491870e+00,1.448456301643748223e-02
-1.297010200209491870e+00,1.448456301643748223e-02
-1.160786352837084090e+00,4.445309649478362823e-02
-1.317023388534096950e+00,1.524118961278099482e-01
-1.358604343951302251e+00,1.057639776460560788e-01
-1.358604343951302251e+00,1.057639776460560788e-01
-1.358604343951302251e+00,1.057639776460560788e-01
-1.358604343951302251e+00,1.057639776460560788e-01
-1.358604343951302251e+00,1.057639776460560788e-01
-1.358604343951302251e+00,1.057639776460560788e-01
-1.239364204446727236e+00,5.096629013925521590e-02
-1.239364204446727236e+00,5.096629013925521590e-02
-1.332975582263699055e+00,1.429462437018623466e-02
-1.254768137051550658e+00,1.941177842946885737e-02
-1.137458101828429324e+00,1.713274990487173577e-01
-9.703680619862704582e-01,1.943405672799414230e-01
-9.703680619862704582e-01,1.943405672799414230e-01
-1.067529623983576315e+00,2.946943217219224476e-01
-1.067529623983576315e+00,2.946943217219224476e-01
-1.013937383565929329e+00,-1.029493080109335490e-01
-1.181116091917451927e+00,-2.640069375907938554e-04
-1.260667700378316436e+00,-9.164402732157239662e-02
-1.212139547466129841e+00,-1.710306525922858367e-02
-1.212139547466129841e+00,-1.710306525922858367e-02
-1.212139547466129841e+00,-1.710306525922858367e-02
-1.275803858087911857e+00,1.618985588544478993e-02
-1.275803858087911857e+00,1.618985588544478993e-02
-1.275803858087911857e+00,1.618985588544478993e-02
-1.255506236631528605e+00,1.272187377918971296e-01
-1.255506236631528605e+00,1.272187377918971296e-01
-1.273875381701206955e+00,1.150569728786462464e-01
-1.273875381701206955e+00,1.150569728786462464e-01
-1.273875381701206955e+00,1.150569728786462464e-01
-1.273875381701206955e+00,1.150569728786462464e-01
-1.273875381701206955e+00,1.150569728786462464e-01
-1.273875381701206955e+00,1.150569728786462464e-01
-1.419347134860503568e+00,-5.414388293832808619e-02
-1.351268591904648986e+00,-2.418881406065735706e-02
-1.269971103160670634e+00,-4.739686537502230818e-02
-1.318997944330576821e+00,1.087578292806010705e-01
-1.371832821102955569e+00,1.353131317848614845e-01
-1.457347257763087711e+00,6.501154182353041655e-02
-1.457347257763087711e+00,6.501154182353041655e-02
-1.457347257763087711e+00,6.501154182353041655e-02
-1.457347257763087711e+00,6.501154182353041655e-02
-1.276145801626404674e+00,1.860095072762665835e-01
-1.276145801626404674e+00,1.860095072762665835e-01
-1.276145801626404674e+00,1.860095072762665835e-01
-1.260542504013174803e+00,1.002403666204451926e-01
-1.260542504013174803e+00,1.002403666204451926e-01
-1.402991997601091612e+00,6.252378694569568629e-02
-1.258183294383362849e+00,7.798653597735241694e-02
-1.258183294383362849e+00,7.798653597735241694e-02
-1.106774342314379656e+00,-9.985981629522314162e-02
-1.106774342314379656e+00,-9.985981629522314162e-02
-1.076352947469678467e+00,6.212542981717800172e-02
-1.076352947469678467e+00,6.212542981717800172e-02
-1.076352947469678467e+00,6.212542981717800172e-02
-1.092651647904048673e+00,-1.811205585250945382e-01
-1.092651647904048673e+00,-1.811205585250945382e-01
-9.614407331297396553e-01,-2.067877804878335835e-01
-9.297042988155825860e-01,-6.906186645330597562e-02
-9.297042988155825860e-01,-6.906186645330597562e-02
-9.143412248902677009e-01,-7.915505864523400548e-02
-1.163983937339470032e+00,-8.911856608548703040e-02
-1.163983937339470032e+00,-8.911856608548703040e-02
-1.163983937339470032e+00,-8.911856608548703040e-02
-1.163983937339470032e+00,-8.911856608548703040e-02
-1.163983937339470032e+00,-8.911856608548703040e-02
-1.163983937339470032e+00,-8.911856608548703040e-02
-1.344630219873101051e+00,-4.304086585063880699e-02
-1.289380069749048729e+00,-6.446380294553695489e-02
-1.289380069749048729e+00,-6.446380294553695489e-02
-1.192643990428248868e+00,-4.914235384861971589e-03
-1.269303534832949998e+00,4.903839839061399641e-02
-1.269303534832949998e+00,4.903839839061399641e-02
-1.269303534832949998e+00,4.903839839061399641e-02
-1.239382733204053677e+00,6.023178489505374988e-02
-1.239382733204053677e+00,6.023178489505374988e-02
-1.239382733204053677e+00,6.023178489505374988e-02
-1.239382733204053677e+00,6.023178489505374988e-02
-1.239382733204053677e+00,6.023178489505374988e-02
-1.172876075002650120e+00,1.655893911417832820e-02
-1.172876075002650120e+00,1.655893911417832820e-02
-1.172876075002650120e+00,1.655893911417832820e-02
-1.172876075002650120e+00,1.655893911417832820e-02
-1.172876075002650120e+00,1.655893911417832820e-02
-1.131506529569291652e+00,-1.376280297781077092e-02
-1.147189958459600589e+00,-2.173462191394552878e-01
-1.147189958459600589e+00,-2.173462191394552878e-01
-1.147189958459600589e+00,-2.173462191394552878e-01
-1.147189958459600589e+00,-2.173462191394552878e-01
-1.147189958459600589e+00,-2.173462191394552878e-01
-1.147189958459600589e+00,-2.173462191394552878e-01
-1.147189958459600589e+00,-2.173462191394552878e-01
-1.147189958459600589e+00,-2.173462191394552878e-01
-1.147189958459600589e+00,-2.173462191394552878e-01
-1.147189958459600589e+00,-2.173462191394552878e-01
-1.299449818932832734e+00,6.197803114783462242e-03
-1.299449818932832734e+00,6.197803114783462242e-03
-1.253928564111967736e+00,-1.073070048176172908e-01
-1.253928564111967736e+00,-1.073070048176172908e-01
-1.253928564111967736e+00,-1.073070048176172908e-01
-1.253928564111967736e+00,-1.073070048176172908e-01
-1.253928564111967736e+00,-1.073070048176172908e-01
-1.264926977578850753e+00,1.028117419220930806e-01
-1.264926977578850753e+00,1.028117419220930806e-01
-1.264926977578850753e+00,1.028117419220930806e-01
-1.264926977578850753e+00,1.028117419220930806e-01
-1.264926977578850753e+00,1.028117419220930806e-01
-1.337099247267473867e+00,6.675582671553911829e-02
-1.337099247267473867e+00,6.675582671553911829e-02
-1.337099247267473867e+00,6.675582671553911829e-02
-1.292406366881272861e+00,1.567646649216214438e-04
-1.292406366881272861e+00,1.567646649216214438e-04
-1.292406366881272861e+00,1.567646649216214438e-04
-1.292406366881272861e+00,1.567646649216214438e-04
-1.464449188966373328e+00,-8.245900914130085968e-02
-1.464449188966373328e+00,-8.245900914130085968e-02
-1.464449188966373328e+00,-8.245900914130085968e-02
-1.393460469478346120e+00,-1.592197582588757432e-01
-1.393460469478346120e+00,-1.592197582588757432e-01
-1.393460469478346120e+00,-1.592197582588757432e-01
-1.397094228023931795e+00,-4.808297410671971694e-02
-1.377908983861653391e+00,-1.487607054432699139e-02
-1.421235638592823314e+00,3.229118445322520098e-02
-1.421235638592823314e+00,3.229118445322520098e-02
-1.421235638592823314e+00,3.229118445322520098e-02
-1.421235638592823314e+00,3.229118445322520098e-02
-1.413398908303526103e+00,-1.304716706395351589e-01
-1.408035419009979972e+00,-1.313250414456365589e-01
-1.145560617287005423e+00,-1.963022636183014424e-01
-1.308128989761400351e+00,-1.477304281565880451e-01
-1.257592884923635301e+00,-1.414678628989763653e-01
-1.257592884923635301e+00,-1.414678628989763653e-01
-1.187040323270182940e+00,-1.174847286012392356e-01
-1.187040323270182940e+00,-1.174847286012392356e-01
-1.187040323270182940e+00,-1.174847286012392356e-01
-1.187040323270182940e+00,-1.174847286012392356e-01
-1.187040323270182940e+00,-1.174847286012392356e-01
-1.187040323270182940e+00,-1.174847286012392356e-01
-1.187040323270182940e+00,-1.174847286012392356e-01
-1.187040323270182940e+00,-1.174847286012392356e-01
-1.187040323270182940e+00,-1.174847286012392356e-01
-1.094097302221826329e+00,-9.880384448107279449e-02
-1.262148474777697205e+00,-2.428710442701560446e-01
-1.247898635426330172e+00,1.746800692673277089e-01
-1.179346180095947716e+00,-3.197728089979001709e-02
-1.179346180095947716e+00,-3.197728089979001709e-02
-1.179346180095947716e+00,-3.197728089979001709e-02
-1.179346180095947716e+00,-3.197728089979001709e-02
-1.179346180095947716e+00,-3.197728089979001709e-02
-1.179346180095947716e+00,-3.197728089979001709e-02
-1.179346180095947716e+00,-3.197728089979001709e-02
-1.179346180095947716e+00,-3.197728089979001709e-02
-1.229272069290026970e+00,9.720175431019018042e-02
-1.134470813262232314e+00,-5.038098457892858928e-02
-1.041653528163314579e+00,6.155052000448517358e-02
-1.041653528163314579e+00,6.155052000448517358e-02
-1.029302258210363696e+00,3.480147446694198399e-02
-1.140932562074727263e+00,-9.366445965758382619e-02
-1.140932562074727263e+00,-9.366445965758382619e-02
-1.140932562074727263e+00,-9.366445965758382619e-02
-1.140932562074727263e+00,-9.366445965758382619e-02
-1.140932562074727263e+00,-9.366445965758382619e-02
-1.287132537281595379e+00,1.101168214717967442e-01
-1.287132537281595379e+00,1.101168214717967442e-01
-1.287132537281595379e+00,1.101168214717967442e-01
-1.287132537281595379e+00,1.101168214717967442e-01
-1.287132537281595379e+00,1.101168214717967442e-01
-1.287132537281595379e+00,1.101168214717967442e-01
-1.287132537281595379e+00,1.101168214717967442e-01
-1.287132537281595379e+00,1.101168214717967442e-01
-1.287132537281595379e+00,1.101168214717967442e-01
-1.287132537281595379e+00,1.101168214717967442e-01
-1.287132537281595379e+00,1.101168214717967442e-01
-1.287132537281595379e+00,1.101168214717967442e-01
-1.287132537281595379e+00,1.101168214717967442e-01
-1.181081242138458220e+00,9.306775417429402619e-02
-1.181081242138458220e+00,9.306775417429402619e-02
-1.181081242138458220e+00,9.306775417429402619e-02
-1.181081242138458220e+00,9.306775417429402619e-02
-1.181081242138458220e+00,9.306775417429402619e-02
-1.181081242138458220e+00,9.306775417429402619e-02
-1.181081242138458220e+00,9.306775417429402619e-02
-1.431914898691241333e+00,-2.027337349025466751e-02
-1.431914898691241333e+00,-2.027337349025466751e-02
-1.431914898691241333e+00,-2.027337349025466751e-02
-1.431914898691241333e+00,-2.027337349025466751e-02
-1.301077506825745633e+00,-9.689600178391276353e-02
-1.184783893841772517e+00,2.998986019808884407e-02
-1.184783893841772517e+00,2.998986019808884407e-02
-1.184783893841772517e+00,2.998986019808884407e-02
-1.113873182201843060e+00,-4.335638233442959399e-02
-1.113873182201843060e+00,-4.335638233442959399e-02
-1.113873182201843060e+00,-4.335638233442959399e-02
-1.113873182201843060e+00,-4.335638233442959399e-02
-1.174806766692447768e+00,-8.059675710852404196e-02
-1.241753785453391323e+00,-7.576237556267809148e-03
-1.241753785453391323e+00,-7.576237556267809148e-03
-1.189923075187893975e+00,1.836531754374751135e-01
-1.189923075187893975e+00,1.836531754374751135e-01
-1.234679602836221024e+00,4.426667624242486276e-02
-1.193766937120938065e+00,-3.003512682580820881e-02
-1.193766937120938065e+00,-3.003512682580820881e-02
-1.157351025425238378e+00,-1.218552899731347311e-01
-1.157351025425238378e+00,-1.218552899731347311e-01
-1.157351025425238378e+00,-1.218552899731347311e-01
-1.416007278159260308e+00,6.021457785176988209e-02
-1.423362711030049077e+00,1.433889042724158513e-01
-1.423362711030049077e+00,1.433889042724158513e-01
-1.423362711030049077e+00,1.433889042724158513e-01
-1.510446565616390124e+00,6.163606912925878589e-02
-1.510446565616390124e+00,6.163606912925878589e-02
-1.510446565616390124e+00,6.163606912925878589e-02
-1.510446565616390124e+00,6.163606912925878589e-02
-1.486546834998645039e+00,3.876947184635409771e-02
-1.486546834998645039e+00,3.876947184635409771e-02
-1.433991465127595122e+00,-5.126716031632752579e-02
-1.433991465127595122e+00,-5.126716031632752579e-02
-1.334092383845352670e+00,-7.323302943044134039e-02
-1.334092383845352670e+00,-7.323302943044134039e-02
-1.334092383845352670e+00,-7.323302943044134039e-02
-1.334092383845352670e+00,-7.323302943044134039e-02
-1.334092383845352670e+00,-7.323302943044134039e-02
-1.334092383845352670e+00,-7.323302943044134039e-02
-1.270257199618497257e+00,1.007763558052713754e-01
-1.270257199618497257e+00,1.007763558052713754e-01
-1.342094049029808112e+00,6.318462705633091925e-02
-1.342094049029808112e+00,6.318462705633091925e-02
-1.342094049029808112e+00,6.318462705633091925e-02
-1.342094049029808112e+00,6.318462705633091925e-02
-1.342094049029808112e+00,6.318462705633091925e-02
-1.342094049029808112e+00,6.318462705633091925e-02
-1.342094049029808112e+00,6.318462705633091925e-02
-1.342094049029808112e+00,6.318462705633091925e-02
-1.342094049029808112e+00,6.318462705633091925e-02
-1.411853032182484036e+00,5.599673743704487033e-02
-1.411853032182484036e+00,5.599673743704487033e-02
-1.228590901745431729e+00,3.170438608587955454e-02
-1.228590901745431729e+00,3.170438608587955454e-02
-1.046415914589831964e+00,-2.219133748314949806e-02
-1.046415914589831964e+00,-2.219133748314949806e-02
-1.239915795842933210e+00,2.639174415264840950e-02
-1.347312248809131141e+00,4.354934153640797889e-02
-1.347312248809131141e+00,4.354934153640797889e-02
-1.278334260947365575e+00,-6.659968481264449958e-02
-1.278334260947365575e+00,-6.659968481264449958e-02
-1.278334260947365575e+00,-6.659968481264449958e-02
-1.278334260947365575e+00,-6.659968481264449958e-02
-1.278334260947365575e+00,-6.659968481264449958e-02
-1.278334260947365575e+00,-6.659968481264449958e-02
-1.454350133339850304e+00,2.177710846984418080e-02
-1.454350133339850304e+00,2.177710846984418080e-02
-1.454350133339850304e+00,2.177710846984418080e-02
-1.454350133339850304e+00,2.177710846984418080e-02
-1.454350133339850304e+00,2.177710846984418080e-02
-1.399675033798859491e+00,6.536039397018368613e-02
-1.200275569879092119e+00,-9.795375829808175561e-03
-1.200275569879092119e+00,-9.795375829808175561e-03
-1.200275569879092119e+00,-9.795375829808175561e-03
-1.332856972790077643e+00,-1.342919678917979254e-01
-1.394386571042032896e+00,2.317036757404067338e-02
-1.443123262117677497e+00,1.499626840490675579e-02
-1.443123262117677497e+00,1.499626840490675579e-02
-1.443123262117677497e+00,1.499626840490675579e-02
-1.443123262117677497e+00,1.499626840490675579e-02
-1.443123262117677497e+00,1.499626840490675579e-02
-1.283163413553275900e+00,-1.522564742459452669e-01
-1.283163413553275900e+00,-1.522564742459452669e-01
-1.429607158049433835e+00,-4.477664259210847875e-02
-1.429607158049433835e+00,-4.477664259210847875e-02
-1.429607158049433835e+00,-4.477664259210847875e-02
-1.351384730156938829e+00,-6.180620732367061998e-02
-1.351384730156938829e+00,-6.180620732367061998e-02
-1.351384730156938829e+00,-6.180620732367061998e-02
-1.351384730156938829e+00,-6.180620732367061998e-02
-1.351384730156938829e+00,-6.180620732367061998e-02
-1.351384730156938829e+00,-6.180620732367061998e-02
-1.351384730156938829e+00,-6.180620732367061998e-02
-1.351384730156938829e+00,-6.180620732367061998e-02
-1.306731157572357915e+00,-1.491098653731644241e-01
-1.208764193906750828e+00,-2.774303503412742233e-01
-1.208764193906750828e+00,-2.774303503412742233e-01
-1.274359831019890255e+00,-2.426805267918223930e-01
-1.274359831019890255e+00,-2.426805267918223930e-01
-1.065490266127434804e+00,-1.729065321306630376e-01
-1.207450026013076716e+00,-2.663273430946835885e-01
-1.207450026013076716e+00,-2.663273430946835885e-01
-1.172148106425655367e+00,-2.056875173618429309e-01
-1.235466247145988961e+00,-1.532608810412125211e-01
-1.235466247145988961e+00,-1.532608810412125211e-01
-1.235466247145988961e+00,-1.532608810412125211e-01
-1.235466247145988961e+00,-1.532608810412125211e-01
-1.235466247145988961e+00,-1.532608810412125211e-01
-1.235466247145988961e+00,-1.532608810412125211e-01
-1.235466247145988961e+00,-1.532608810412125211e-01
-1.215617625486792974e+00,-1.218585839941671578e-02
-1.215617625486792974e+00,-1.218585839941671578e-02
-1.215617625486792974e+00,-1.218585839941671578e-02
-1.199381290135967948e+00,8.156880470303679020e-02
-1.269976779168924708e+00,3.432428288241536063e-02
-1.269976779168924708e+00,3.432428288241536063e-02
-1.269976779168924708e+00,3.432428288241536063e-02
-1.269976779168924708e+00,3.432428288241536063e-02
-1.241758062431360665e+00,-5.045253655065104481e-02
-1.328801488441003986e+00,2.795988414416136769e-02
-1.328801488441003986e+00,2.795988414416136769e-02
-1.322932062568991984e+00,1.419968422495498372e-01
-1.322932062568991984e+00,1.419968422495498372e-01
-1.322932062568991984e+00,1.419968422495498372e-01
-1.322932062568991984e+00,1.419968422495498372e-01
-1.322932062568991984e+00,1.419968422495498372e-01
-1.484142203685425265e+00,-1.776361948667514179e-01
-1.601234289494299690e+00,-4.301762451135279774e-02
-1.601234289494299690e+00,-4.301762451135279774e-02
-1.601234289494299690e+00,-4.301762451135279774e-02
-1.521712161121174578e+00,-8.740062733349565627e-02
-1.079568355338143215e+00,-6.976965305548189777e-02
-1.110386685062523249e+00,2.129867949022173912e-02
-1.171075050323464595e+00,1.285810519941339991e-01
-1.365278815576578264e+00,1.197531168862095846e-01
-1.365278815576578264e+00,1.197531168862095846e-01
-1.264239706762054327e+00,1.120221220246059579e-01
-1.264239706762054327e+00,1.120221220246059579e-01
-1.264239706762054327e+00,1.120221220246059579e-01
-1.264239706762054327e+00,1.120221220246059579e-01
-1.275571438740038088e+00,1.703398572529088439e-01
-1.296902548091150686e+00,-6.047062396885782842e-02
-1.296902548091150686e+00,-6.047062396885782842e-02
-1.296902548091150686e+00,-6.047062396885782842e-02
-1.296902548091150686e+00,-6.047062396885782842e-02
-1.296902548091150686e+00,-6.047062396885782842e-02
-1.296902548091150686e+00,-6.047062396885782842e-02
-1.296902548091150686e+00,-6.047062396885782842e-02
-1.188697999453529830e+00,7.746616881785503561e-02
-1.188697999453529830e+00,7.746616881785503561e-02
-1.188697999453529830e+00,7.746616881785503561e-02
-1.280647712279114891e+00,6.894222550359405122e-02
-1.406029629955256821e+00,-5.684741361274833760e-02
-1.406029629955256821e+00,-5.684741361274833760e-02
-1.406029629955256821e+00,-5.684741361274833760e-02
-1.300038417300108495e+00,-2.839664243879289757e-02
-1.300038417300108495e+00,-2.839664243879289757e-02
-1.300038417300108495e+00,-2.839664243879289757e-02
-1.300038417300108495e+00,-2.839664243879289757e-02
-1.453115983381267240e+00,-6.666658820624331294e-03
-1.453115983381267240e+00,-6.666658820624331294e-03
-1.453115983381267240e+00,-6.666658820624331294e-03
-1.453115983381267240e+00,-6.666658820624331294e-03
-1.453115983381267240e+00,-6.666658820624331294e-03
-1.453115983381267240e+00,-6.666658820624331294e-03
-1.453115983381267240e+00,-6.666658820624331294e-03
-1.453115983381267240e+00,-6.666658820624331294e-03
-1.048200733218143332e+00,3.423441323565918487e-02
-1.108722821549504411e+00,6.282706671818978628e-02
-1.108722821549504411e+00,6.282706671818978628e-02
-1.218608576353777950e+00,5.123457175702467864e-02
-1.218608576353777950e+00,5.123457175702467864e-02
-1.245618043442885625e+00,-7.749148189002130760e-04
-1.296255829566745232e+00,-1.570144066606894706e-01
-1.296255829566745232e+00,-1.570144066606894706e-01
-1.296255829566745232e+00,-1.570144066606894706e-01
-1.296255829566745232e+00,-1.570144066606894706e-01
-1.296255829566745232e+00,-1.570144066606894706e-01
-1.240840787861183792e+00,-9.277115761455477505e-02
-1.313871943938888620e+00,-4.977657378430654783e-02
-1.313871943938888620e+00,-4.977657378430654783e-02
-1.313871943938888620e+00,-4.977657378430654783e-02
-1.313871943938888620e+00,-4.977657378430654783e-02
-1.313871943938888620e+00,-4.977657378430654783e-02
-1.313871943938888620e+00,-4.977657378430654783e-02
-1.313871943938888620e+00,-4.977657378430654783e-02
-1.313871943938888620e+00,-4.977657378430654783e-02
-1.313871943938888620e+00,-4.977657378430654783e-02
-1.313871943938888620e+00,-4.977657378430654783e-02
-1.313871943938888620e+00,-4.977657378430654783e-02
-1.223322866592145175e+00,-8.720067356499154598e-03
-1.223322866592145175e+00,-8.720067356499154598e-03
-1.223322866592145175e+00,-8.720067356499154598e-03
-1.223322866592145175e+00,-8.720067356499154598e-03
-1.223322866592145175e+00,-8.720067356499154598e-03
-1.187856736635967358e+00,-7.372281631205515606e-02
-1.362180041981032819e+00,3.181310440626065883e-02
-1.287958637227907044e+00,1.329391160998953936e-01
-1.163488402569988756e+00,1.849526654433396589e-01
-1.163488402569988756e+00,1.849526654433396589e-01
-1.163488402569988756e+00,1.849526654433396589e-01
-1.286213457363374779e+00,-2.113423069725506309e-03
-1.286213457363374779e+00,-2.113423069725506309e-03
-1.286213457363374779e+00,-2.113423069725506309e-03
-1.286213457363374779e+00,-2.113423069725506309e-03
-1.362625552275952057e+00,-7.722765570085986589e-03
-1.459444776760780327e+00,1.253074321818604085e-02
-1.459444776760780327e+00,1.253074321818604085e-02
-1.483617623789610818e+00,-3.507566349042078729e-02
-1.396730063537168887e+00,-1.436681776975896885e-01
-1.396730063537168887e+00,-1.436681776975896885e-01
-1.396730063537168887e+00,-1.436681776975896885e-01
-1.396730063537168887e+00,-1.436681776975896885e-01
-1.254193315408260068e+00,1.335634947338099066e-02
-1.254193315408260068e+00,1.335634947338099066e-02
-1.325704104096776970e+00,-5.270219365813592904e-02
-1.325704104096776970e+00,-5.270219365813592904e-02
-1.452856759345420690e+00,7.717577209184438292e-02
-1.165058900397169417e+00,1.507266423767522623e-01
-1.165058900397169417e+00,1.507266423767522623e-01
-1.511193858691686209e+00,4.565014993651826669e-02
-1.511193858691686209e+00,4.565014993651826669e-02
-1.511193858691686209e+00,4.565014993651826669e-02
-1.497500506432038136e+00,8.441610313620842576e-02
-1.475493365313913507e+00,1.188139666337421074e-01
-1.515983465590611257e+00,1.233156740730329409e-01
-1.515983465590611257e+00,1.233156740730329409e-01
-1.417295414433225487e+00,-5.007275678634225125e-02
-1.417295414433225487e+00,-5.007275678634225125e-02
-1.417295414433225487e+00,-5.007275678634225125e-02
-1.562780121766713437e+00,3.865798603002117140e-02
-1.425974421691852623e+00,-1.200433179368854270e-01
-1.425974421691852623e+00,-1.200433179368854270e-01
-1.140892274388511263e+00,-1.318338858664715452e-01
-1.114350751166614195e+00,-1.311820790213424071e-01
-1.068067989268828955e+00,-7.109133313878313043e-02
-1.433170673782233173e+00,3.442955218465125478e-02
-1.319363096840231675e+00,1.120122844762684866e-01
-1.319363096840231675e+00,1.120122844762684866e-01
-1.130624579723726431e+00,6.265645402751121584e-02
-1.130624579723726431e+00,6.265645402751121584e-02
-1.097637273121255364e+00,-1.444149498475887083e-02
-1.072468574980939726e+00,-2.105844433101217855e-02
-1.072468574980939726e+00,-2.105844433101217855e-02
-1.072468574980939726e+00,-2.105844433101217855e-02
-1.072468574980939726e+00,-2.105844433101217855e-02
-1.072468574980939726e+00,-2.105844433101217855e-02
-1.355019006260129499e+00,9.820492103224148783e-02
-1.516090914181783544e+00,-6.223765511088755198e-02
-1.516090914181783544e+00,-6.223765511088755198e-02
-1.516090914181783544e+00,-6.223765511088755198e-02
-1.516090914181783544e+00,-6.223765511088755198e-02
-1.516090914181783544e+00,-6.223765511088755198e-02
-1.482317054189807637e+00,-6.097827268666752148e-02
-1.482317054189807637e+00,-6.097827268666752148e-02
-1.215847670756575960e+00,-1.270055251325461210e-01
-1.249281765844300729e+00,-3.202011633149773329e-02
-1.214472285518596095e+00,-6.668539878397153342e-02
-1.214472285518596095e+00,-6.668539878397153342e-02
-1.214472285518596095e+00,-6.668539878397153342e-02
-1.252457242173414587e+00,4.216730022960782365e-02
-1.252457242173414587e+00,4.216730022960782365e-02
-1.252457242173414587e+00,4.216730022960782365e-02
-1.252457242173414587e+00,4.216730022960782365e-02
-1.252457242173414587e+00,4.216730022960782365e-02
-1.252457242173414587e+00,4.216730022960782365e-02
-1.252457242173414587e+00,4.216730022960782365e-02
-1.287914899616881881e+00,-1.149893239676638423e-01
-1.340938521076271206e+00,8.993597410403261772e-02
-1.340938521076271206e+00,8.993597410403261772e-02
-1.340938521076271206e+00,8.993597410403261772e-02
-1.340938521076271206e+00,8.993597410403261772e-02
-1.267047327819104785e+00,1.355710842568078889e-01
-1.419571295568073710e+00,6.555775321023965541e-02
-1.419571295568073710e+00,6.555775321023965541e-02
-1.419571295568073710e+00,6.555775321023965541e-02
-1.419571295568073710e+00,6.555775321023965541e-02
-1.347470197633614308e+00,3.059497687551674533e-02
-1.347470197633614308e+00,3.059497687551674533e-02
-1.336622600244996573e+00,-1.222730147467024353e-01
-1.336622600244996573e+00,-1.222730147467024353e-01
-1.336622600244996573e+00,-1.222730147467024353e-01
-1.020901474315849766e+00,7.832145494622572146e-02
-1.020901474315849766e+00,7.832145494622572146e-02
-1.020901474315849766e+00,7.832145494622572146e-02
-1.187898949523225500e+00,2.392176818731663046e-02
-1.372218703928793859e+00,4.611754486639736000e-02
-1.372218703928793859e+00,4.611754486639736000e-02
-1.372218703928793859e+00,4.611754486639736000e-02
-1.197022627208410128e+00,-5.477782040865104146e-02
-1.197022627208410128e+00,-5.477782040865104146e-02
-1.197022627208410128e+00,-5.477782040865104146e-02
-1.197022627208410128e+00,-5.477782040865104146e-02
-1.197022627208410128e+00,-5.477782040865104146e-02
-1.197022627208410128e+00,-5.477782040865104146e-02
-1.197022627208410128e+00,-5.477782040865104146e-02
-1.197022627208410128e+00,-5.477782040865104146e-02
-1.197022627208410128e+00,-5.477782040865104146e-02
-1.197022627208410128e+00,-5.477782040865104146e-02
-1.197022627208410128e+00,-5.477782040865104146e-02
-1.197022627208410128e+00,-5.477782040865104146e-02
-1.197022627208410128e+00,-5.477782040865104146e-02
-1.409731991468150980e+00,9.996531314629003573e-02
-1.409731991468150980e+00,9.996531314629003573e-02
-1.145978043707670757e+00,2.149106463883786733e-01
-1.117460488098236615e+00,2.214060480071178838e-01
-1.117460488098236615e+00,2.214060480071178838e-01
-1.152644021718708167e+00,1.724591411315037348e-01
-1.152644021718708167e+00,1.724591411315037348e-01
-1.038744627048058922e+00,1.070088403515424974e-01
-1.038744627048058922e+00,1.070088403515424974e-01
-1.038744627048058922e+00,1.070088403515424974e-01
-1.038744627048058922e+00,1.070088403515424974e-01
-1.426398187365815140e+00,4.627636357146799190e-02
-1.426398187365815140e+00,4.627636357146799190e-02
-1.426398187365815140e+00,4.627636357146799190e-02
-1.426398187365815140e+00,4.627636357146799190e-02
-1.426398187365815140e+00,4.627636357146799190e-02
-1.426398187365815140e+00,4.627636357146799190e-02
-1.426398187365815140e+00,4.627636357146799190e-02
-1.426398187365815140e+00,4.627636357146799190e-02
-1.426398187365815140e+00,4.627636357146799190e-02
-1.426398187365815140e+00,4.627636357146799190e-02
-1.426398187365815140e+00,4.627636357146799190e-02
-1.415726545798808411e+00,1.247227831701649969e-02
-1.415726545798808411e+00,1.247227831701649969e-02
-1.415726545798808411e+00,1.247227831701649969e-02
-1.395551642442393270e+00,-9.370744839494229983e-02
-1.315745910758296500e+00,-7.383916955293126638e-02
-1.315745910758296500e+00,-7.383916955293126638e-02
-1.174619078424991248e+00,-6.002405651496514616e-02
-1.174619078424991248e+00,-6.002405651496514616e-02
-1.303501732808737934e+00,-6.516781013193798100e-02
-1.303501732808737934e+00,-6.516781013193798100e-02
-1.303501732808737934e+00,-6.516781013193798100e-02
-1.303501732808737934e+00,-6.516781013193798100e-02
-1.303501732808737934e+00,-6.516781013193798100e-02
-1.303501732808737934e+00,-6.516781013193798100e-02
-1.303501732808737934e+00,-6.516781013193798100e-02
-1.268088890717661510e+00,-2.021661779217523436e-01
-1.227733759371435696e+00,-2.178597648188411728e-01
-1.227733759371435696e+00,-2.178597648188411728e-01
-9.986000018298120118e-01,-3.685614396832251338e-02
-9.986000018298120118e-01,-3.685614396832251338e-02
-1.087564349142552622e+00,1.074878435988071423e-01
-1.286982032994028691e+00,1.717929720176272768e-01
-1.286982032994028691e+00,1.717929720176272768e-01
-1.352112805849615906e+00,1.484869430294713799e-01
-1.450779657571690473e+00,1.805272390238926994e-01
-1.430928073970179959e+00,1.922155017679708089e-02
-1.449697068657846089e+00,-5.626903001634714352e-02
-1.449697068657846089e+00,-5.626903001634714352e-02
-1.449697068657846089e+00,-5.626903001634714352e-02
-1.449697068657846089e+00,-5.626903001634714352e-02
-1.194086459278465018e+00,-1.224578903798588386e-01
-1.194086459278465018e+00,-1.224578903798588386e-01
-1.068880397889790057e+00,1.379410690703360143e-02
-1.068880397889790057e+00,1.379410690703360143e-02
-1.068880397889790057e+00,1.379410690703360143e-02
-1.046791780254366477e+00,-3.354305960268506859e-02
-1.046791780254366477e+00,-3.354305960268506859e-02
-1.044059479594546369e+00,-5.060762077822635041e-02
-1.044059479594546369e+00,-5.060762077822635041e-02
-1.044059479594546369e+00,-5.060762077822635041e-02
-1.044059479594546369e+00,-5.060762077822635041e-02
-1.044059479594546369e+00,-5.060762077822635041e-02
-1.044059479594546369e+00,-5.060762077822635041e-02
-1.044059479594546369e+00,-5.060762077822635041e-02
-1.345939501830530904e+00,9.068304590440841306e-02
-1.345939501830530904e+00,9.068304590440841306e-02
-1.300595107226411695e+00,6.922490095291475298e-02
-1.300595107226411695e+00,6.922490095291475298e-02
-1.300595107226411695e+00,6.922490095291475298e-02
-1.300595107226411695e+00,6.922490095291475298e-02
-1.300595107226411695e+00,6.922490095291475298e-02
-1.300595107226411695e+00,6.922490095291475298e-02
-1.286493641587572956e+00,-2.034588536998435671e-02
-1.286493641587572956e+00,-2.034588536998435671e-02
-1.286493641587572956e+00,-2.034588536998435671e-02
-1.286493641587572956e+00,-2.034588536998435671e-02
-1.271560123765754557e+00,-5.258315360979652631e-02
-1.271560123765754557e+00,-5.258315360979652631e-02
-1.271560123765754557e+00,-5.258315360979652631e-02
-1.271560123765754557e+00,-5.258315360979652631e-02
-1.131178918877253414e+00,-1.284428497895200028e-02
-1.131178918877253414e+00,-1.284428497895200028e-02
-1.131178918877253414e+00,-1.284428497895200028e-02
-1.131178918877253414e+00,-1.284428497895200028e-02
-1.131178918877253414e+00,-1.284428497895200028e-02
-1.239572029613862592e+00,-1.570964678567526307e-01
-1.239572029613862592e+00,-1.570964678567526307e-01
-1.239572029613862592e+00,-1.570964678567526307e-01
-1.239572029613862592e+00,-1.570964678567526307e-01
-1.168815832203403460e+00,1.770079705857602326e-03
-1.168815832203403460e+00,1.770079705857602326e-03
-1.168815832203403460e+00,1.770079705857602326e-03
-1.121087856562757556e+00,1.234540452610295991e-01
-9.887217383095383560e-01,1.007523315337535141e-01
-1.145579084029425099e+00,6.628436874000906420e-02
-1.391445215591534668e+00,8.759530293846978788e-02
-1.391445215591534668e+00,8.759530293846978788e-02
-1.391445215591534668e+00,8.759530293846978788e-02
-1.391445215591534668e+00,8.759530293846978788e-02
-1.391445215591534668e+00,8.759530293846978788e-02
-1.391445215591534668e+00,8.759530293846978788e-02
-1.385210853446550150e+00,-7.987881650606903916e-03
-1.385210853446550150e+00,-7.987881650606903916e-03
-1.385210853446550150e+00,-7.987881650606903916e-03
-1.254669047244614255e+00,-3.706010452216515136e-03
-1.261398743491613184e+00,-8.731062614188606075e-02
-1.271083474158487991e+00,5.903817524410534534e-03
-1.271083474158487991e+00,5.903817524410534534e-03
-1.271083474158487991e+00,5.903817524410534534e-03
-1.271083474158487991e+00,5.903817524410534534e-03
-1.271083474158487991e+00,5.903817524410534534e-03
-1.271083474158487991e+00,5.903817524410534534e-03
-1.265100152430168379e+00,-8.737736738336439324e-02
-1.346203592776525682e+00,-1.128518164790878742e-02
-1.346203592776525682e+00,-1.128518164790878742e-02
-1.189504191555796675e+00,2.424245861070777747e-02
-1.189504191555796675e+00,2.424245861070777747e-02
-1.189504191555796675e+00,2.424245861070777747e-02
-1.249615265191271751e+00,7.729933790964402252e-02
-1.388372935685410647e+00,1.212842639604149314e-01
-1.388372935685410647e+00,1.212842639604149314e-01
-1.307280223133052255e+00,2.091366295987986956e-01
-1.216946777496688226e+00,1.500937073255668441e-01
-1.115498448747268556e+00,-5.775920024489430982e-02
-1.275000901605040315e+00,-1.483519757149521223e-01
-1.275000901605040315e+00,-1.483519757149521223e-01
-1.275000901605040315e+00,-1.483519757149521223e-01
-1.275000901605040315e+00,-1.483519757149521223e-01
-1.176578589464952973e+00,-8.711190350408870575e-02
-1.176578589464952973e+00,-8.711190350408870575e-02
-1.176578589464952973e+00,-8.711190350408870575e-02
-1.176578589464952973e+00,-8.711190350408870575e-02
-1.176578589464952973e+00,-8.711190350408870575e-02
-1.176578589464952973e+00,-8.711190350408870575e-02
-1.176578589464952973e+00,-8.711190350408870575e-02
-1.176578589464952973e+00,-8.711190350408870575e-02
-1.367871541862076157e+00,-1.012866697569107799e-02
-1.367871541862076157e+00,-1.012866697569107799e-02
-1.367871541862076157e+00,-1.012866697569107799e-02
-1.367871541862076157e+00,-1.012866697569107799e-02
-1.367871541862076157e+00,-1.012866697569107799e-02
-1.309328338357822252e+00,1.777093516754143718e-02
-9.946082574292716139e-01,-9.073095709449312263e-02
-9.946082574292716139e-01,-9.073095709449312263e-02
-1.185795395050367906e+00,1.386687651896774121e-01
-1.162342445515813116e+00,-1.154572323487768060e-01
-1.162342445515813116e+00,-1.154572323487768060e-01
-1.230760905415902995e+00,-1.184983935222761325e-01
-1.230760905415902995e+00,-1.184983935222761325e-01
-1.230760905415902995e+00,-1.184983935222761325e-01
-1.230760905415902995e+00,-1.184983935222761325e-01
-1.230760905415902995e+00,-1.184983935222761325e-01
-1.230760905415902995e+00,-1.184983935222761325e-01
-1.230760905415902995e+00,-1.184983935222761325e-01
-1.230760905415902995e+00,-1.184983935222761325e-01
-1.230760905415902995e+00,-1.184983935222761325e-01
-1.230760905415902995e+00,-1.184983935222761325e-01
-1.230760905415902995e+00,-1.184983935222761325e-01
-1.253812179490085610e+00,1.996466946710924451e-02
-1.149892865925261631e+00,8.615202376296521303e-02
-1.174504619882741574e+00,1.504514133133875997e-01
-1.284820814832519087e+00,1.737005563463851765e-01
-1.284820814832519087e+00,1.737005563463851765e-01
-1.309720931284329648e+00,2.361047044416071661e-01
-1.309720931284329648e+00,2.361047044416071661e-01
-1.309720931284329648e+00,2.361047044416071661e-01
-1.278584352345774056e+00,1.708150730291994601e-01
-1.278584352345774056e+00,1.708150730291994601e-01
-1.278584352345774056e+00,1.708150730291994601e-01
-1.179658124198850411e+00,-9.180098647863760286e-03
-1.165325585927332597e+00,-6.252594929471601282e-02
-1.165325585927332597e+00,-6.252594929471601282e-02
-1.194318513743089616e+00,1.052968623277233812e-01
-1.121696758705921226e+00,3.241020125930473006e-02
-1.267190746924654832e+00,-1.770561367409009823e-02
-1.291108055243997299e+00,7.024488012657665453e-03
-1.291108055243997299e+00,7.024488012657665453e-03
-1.291108055243997299e+00,7.024488012657665453e-03
-1.317304918266015479e+00,2.260539072171253994e-03
-1.317304918266015479e+00,2.260539072171253994e-03
-1.317304918266015479e+00,2.260539072171253994e-03
-1.231118683070643094e+00,-7.099555372282228063e-03
-1.271070334175903538e+00,3.596538909321402716e-02
-1.271070334175903538e+00,3.596538909321402716e-02
-1.237061475766795926e+00,-1.912109992805149650e-01
-1.237061475766795926e+00,-1.912109992805149650e-01
-1.237061475766795926e+00,-1.912109992805149650e-01
-1.237061475766795926e+00,-1.912109992805149650e-01
-1.237061475766795926e+00,-1.912109992805149650e-01
-1.237061475766795926e+00,-1.912109992805149650e-01
-1.237061475766795926e+00,-1.912109992805149650e-01
-1.237061475766795926e+00,-1.912109992805149650e-01
-1.237061475766795926e+00,-1.912109992805149650e-01
-1.184596760833599438e+00,-1.533323879517881072e-01
-1.184596760833599438e+00,-1.533323879517881072e-01
-1.184596760833599438e+00,-1.533323879517881072e-01
-1.241365585043304964e+00,-1.803792861234756739e-01
-1.281776195304531685e+00,5.538868896778176287e-02
-1.281776195304531685e+00,5.538868896778176287e-02
-1.134279983368280620e+00,1.075385191428980536e-01
-1.134279983368280620e+00,1.075385191428980536e-01
-1.199198708190968077e+00,2.977659633231502512e-02
-1.199198708190968077e+00,2.977659633231502512e-02
-1.199198708190968077e+00,2.977659633231502512e-02
-1.244225594791465550e+00,7.150566017975028277e-04
-1.244225594791465550e+00,7.150566017975028277e-04
-1.261168891512939538e+00,-2.630389974853003174e-02
-1.261168891512939538e+00,-2.630389974853003174e-02
-1.261168891512939538e+00,-2.630389974853003174e-02
-1.261168891512939538e+00,-2.630389974853003174e-02
-1.261168891512939538e+00,-2.630389974853003174e-02
-1.261168891512939538e+00,-2.630389974853003174e-02
-1.261168891512939538e+00,-2.630389974853003174e-02
-1.261168891512939538e+00,-2.630389974853003174e-02
-1.261168891512939538e+00,-2.630389974853003174e-02
-1.261168891512939538e+00,-2.630389974853003174e-02
-1.261168891512939538e+00,-2.630389974853003174e-02
-1.261168891512939538e+00,-2.630389974853003174e-02
-1.261168891512939538e+00,-2.630389974853003174e-02
-1.261168891512939538e+00,-2.630389974853003174e-02
-1.261168891512939538e+00,-2.630389974853003174e-02
-1.261168891512939538e+00,-2.630389974853003174e-02
-1.335699778468784071e+00,5.117402147509125809e-02
-1.335699778468784071e+00,5.117402147509125809e-02
-1.335699778468784071e+00,5.117402147509125809e-02
-1.456135754635007329e+00,-8.289230855905271866e-03
-1.456397447026156700e+00,-1.271309407364559496e-01
-1.456397447026156700e+00,-1.271309407364559496e-01
-1.410832727420461508e+00,-6.454706478046115525e-02
-1.410832727420461508e+00,-6.454706478046115525e-02
-1.430659074769518035e+00,-5.823582074636977218e-02
-1.430659074769518035e+00,-5.823582074636977218e-02
-1.090089587410815186e+00,-1.263733651689195880e-01
-1.137000060872628282e+00,-1.700399883784648736e-01
-1.483551449560427171e+00,-1.997706763130210617e-01
-1.483551449560427171e+00,-1.997706763130210617e-01
-1.483551449560427171e+00,-1.997706763130210617e-01
-1.483551449560427171e+00,-1.997706763130210617e-01
-1.483551449560427171e+00,-1.997706763130210617e-01
-1.483533150161099767e+00,-2.071084323211095646e-01
-1.599882954665091228e+00,-9.540780892661669677e-02
-1.599882954665091228e+00,-9.540780892661669677e-02
-1.599882954665091228e+00,-9.540780892661669677e-02
-1.634391977002376706e+00,9.706805306794256960e-02
-1.500964844909277174e+00,2.050414369432523309e-01
-1.500964844909277174e+00,2.050414369432523309e-01
-1.502851148661535907e+00,1.506680424932407281e-01
-1.502851148661535907e+00,1.506680424932407281e-01
-1.502851148661535907e+00,1.506680424932407281e-01
-1.502851148661535907e+00,1.506680424932407281e-01
-1.421302198103189474e+00,1.650160072343390127e-01
-1.421302198103189474e+00,1.650160072343390127e-01
-1.452004166069118085e+00,-1.752833308273638036e-03
-1.405805073046262121e+00,-4.467019798447798007e-02
-1.401473886332475383e+00,4.630759387141605843e-02
-1.401473886332475383e+00,4.630759387141605843e-02
-1.277320838414082393e+00,1.309816875165484840e-01
-1.105602708502741338e+00,4.443748472234564095e-02
-1.214818770990102603e+00,-9.321727098879926954e-02
-1.214818770990102603e+00,-9.321727098879926954e-02
-1.406874303648973923e+00,5.952353817196102959e-02
-1.406874303648973923e+00,5.952353817196102959e-02
-1.406874303648973923e+00,5.952353817196102959e-02
-1.470330031047174524e+00,1.586704697835744360e-01
-1.470330031047174524e+00,1.586704697835744360e-01
-1.470330031047174524e+00,1.586704697835744360e-01
-1.259728800557081030e+00,-9.611191384003367477e-02
-1.259728800557081030e+00,-9.611191384003367477e-02
-1.259728800557081030e+00,-9.611191384003367477e-02
-1.259728800557081030e+00,-9.611191384003367477e-02
-1.483188816038601088e+00,-1.270041850063267919e-02
-1.483188816038601088e+00,-1.270041850063267919e-02
-1.483188816038601088e+00,-1.270041850063267919e-02
-1.314500166906730438e+00,-1.801263054508998041e-01
-1.377308547311037579e+00,-1.030380203298171954e-01
-1.377308547311037579e+00,-1.030380203298171954e-01
-1.204874478821141626e+00,4.497605813814804787e-02
-1.224547479590769594e+00,-3.343023177161413839e-01
-1.167348834732824692e+00,-1.822800469097265730e-01
-1.201756423578977051e+00,-3.048846416587018826e-01
-1.201756423578977051e+00,-3.048846416587018826e-01
-1.201756423578977051e+00,-3.048846416587018826e-01
-1.201756423578977051e+00,-3.048846416587018826e-01
-1.201756423578977051e+00,-3.048846416587018826e-01
-1.201756423578977051e+00,-3.048846416587018826e-01
-1.201756423578977051e+00,-3.048846416587018826e-01
-1.201756423578977051e+00,-3.048846416587018826e-01
-1.201756423578977051e+00,-3.048846416587018826e-01
-1.233642004214920762e+00,-1.542236881233551293e-01
-1.237942703535336753e+00,-1.035923610126506245e-01
-1.237942703535336753e+00,-1.035923610126506245e-01
-1.210393100851828718e+00,-1.327890462027148388e-01
-1.210393100851828718e+00,-1.327890462027148388e-01
-1.210393100851828718e+00,-1.327890462027148388e-01
-1.210393100851828718e+00,-1.327890462027148388e-01
-1.144709273263809557e+00,1.137332578912458869e-02
-1.278362405216181719e+00,-6.971206022416376324e-02
-1.278362405216181719e+00,-6.971206022416376324e-02
-1.278362405216181719e+00,-6.971206022416376324e-02
-1.290765549250299182e+00,-3.246764160845429237e-02
-1.290765549250299182e+00,-3.246764160845429237e-02
-1.290765549250299182e+00,-3.246764160845429237e-02
-1.274270956309372593e+00,-1.398987151495292847e-02
-1.274270956309372593e+00,-1.398987151495292847e-02
-1.188527239459245655e+00,6.045373635626957731e-02
-1.249296485370323673e+00,-1.088794556742606334e-01
-1.206856231586610484e+00,-1.005573321362129013e-01
-1.206856231586610484e+00,-1.005573321362129013e-01
-1.206856231586610484e+00,-1.005573321362129013e-01
-1.420392037634389704e+00,-1.076691905696756935e-02
-1.420392037634389704e+00,-1.076691905696756935e-02
-1.420392037634389704e+00,-1.076691905696756935e-02
-1.420392037634389704e+00,-1.076691905696756935e-02
-1.289126410707335690e+00,1.332608112363729558e-01
-1.402906350120192380e+00,3.270596759984145674e-02
-1.402906350120192380e+00,3.270596759984145674e-02
-1.402906350120192380e+00,3.270596759984145674e-02
-1.402906350120192380e+00,3.270596759984145674e-02
-1.181049880124842133e+00,1.514588219360686883e-01
-1.049198412896862553e+00,4.428183219330604492e-02
-1.094591195452754739e+00,9.130902752571321002e-02
-1.094591195452754739e+00,9.130902752571321002e-02
-1.158765262239848326e+00,-1.484808693172414706e-01
-1.239794825964484648e+00,-8.119302622750473875e-02
-1.239794825964484648e+00,-8.119302622750473875e-02
-1.239794825964484648e+00,-8.119302622750473875e-02
-1.239794825964484648e+00,-8.119302622750473875e-02
-1.239794825964484648e+00,-8.119302622750473875e-02
-1.374348534081213158e+00,-9.196315805217908368e-02
-1.374348534081213158e+00,-9.196315805217908368e-02
-1.374348534081213158e+00,-9.196315805217908368e-02
-1.315620939235096376e+00,-3.348096878968554596e-02
-1.315620939235096376e+00,-3.348096878968554596e-02
-1.315620939235096376e+00,-3.348096878968554596e-02
-1.424429239515352830e+00,-1.083939085007637471e-01
-1.424429239515352830e+00,-1.083939085007637471e-01
-1.263204400182976750e+00,-1.681344807324527124e-01
-1.188189394352264561e+00,1.712183307926834486e-02
-1.235388410828393457e+00,-6.999607276124363009e-02
-1.235388410828393457e+00,-6.999607276124363009e-02
-1.235388410828393457e+00,-6.999607276124363009e-02
-1.235388410828393457e+00,-6.999607276124363009e-02
-1.463584808405357318e+00,-6.969437170083485344e-02
-1.463584808405357318e+00,-6.969437170083485344e-02
-1.463584808405357318e+00,-6.969437170083485344e-02
-1.463584808405357318e+00,-6.969437170083485344e-02
-1.316171099390664567e+00,1.571483484027770827e-01
-1.316171099390664567e+00,1.571483484027770827e-01
-1.316171099390664567e+00,1.571483484027770827e-01
-1.299092409807584447e+00,5.438012457840478431e-02
-1.299092409807584447e+00,5.438012457840478431e-02
-1.198636883400199693e+00,1.348071036467336087e-02
-1.198636883400199693e+00,1.348071036467336087e-02
-1.198636883400199693e+00,1.348071036467336087e-02
-1.198636883400199693e+00,1.348071036467336087e-02
-1.198636883400199693e+00,1.348071036467336087e-02
-1.184560141214595852e+00,-9.745362820813371907e-02
-1.241072855053867885e+00,4.384657190654120407e-02
-1.241072855053867885e+00,4.384657190654120407e-02
-1.241072855053867885e+00,4.384657190654120407e-02
-1.241072855053867885e+00,4.384657190654120407e-02
-1.241072855053867885e+00,4.384657190654120407e-02
-1.241072855053867885e+00,4.384657190654120407e-02
-1.241072855053867885e+00,4.384657190654120407e-02
-1.241072855053867885e+00,4.384657190654120407e-02
-1.241072855053867885e+00,4.384657190654120407e-02
-1.162160668179386791e+00,-3.574539796559390858e-02
-1.162160668179386791e+00,-3.574539796559390858e-02
-1.162160668179386791e+00,-3.574539796559390858e-02
-1.162160668179386791e+00,-3.574539796559390858e-02
-1.426715678192511660e+00,-2.084265262300904337e-02
-1.350135538529342094e+00,2.174670196752721829e-02
-1.160505542312553429e+00,-3.407524236630754544e-02
-1.164336596614719221e+00,-1.946433750898635476e-02
-1.331676565839160276e+00,1.134100320200650547e-01
-1.331676565839160276e+00,1.134100320200650547e-01
-1.331676565839160276e+00,1.134100320200650547e-01
-1.331676565839160276e+00,1.134100320200650547e-01
-1.331676565839160276e+00,1.134100320200650547e-01
-1.331676565839160276e+00,1.134100320200650547e-01
-1.331676565839160276e+00,1.134100320200650547e-01
-1.387452165721743125e+00,2.535427696200136249e-02
-1.386759824487615145e+00,5.443798294991487874e-02
-1.386759824487615145e+00,5.443798294991487874e-02
-1.341972878167440486e+00,1.105392578847418650e-01
-1.341972878167440486e+00,1.105392578847418650e-01
-1.275130251039512830e+00,-1.004426306281688830e-01
-1.275130251039512830e+00,-1.004426306281688830e-01
-1.275130251039512830e+00,-1.004426306281688830e-01
-1.209130028125687595e+00,-1.165730876979706454e-02
-1.209130028125687595e+00,-1.165730876979706454e-02
-1.209130028125687595e+00,-1.165730876979706454e-02
-1.209130028125687595e+00,-1.165730876979706454e-02
-1.209130028125687595e+00,-1.165730876979706454e-02
-1.232174946494556167e+00,1.637007103365936689e-01
-1.232174946494556167e+00,1.637007103365936689e-01
-1.078116742576389342e+00,6.353007113309758203e-02
-1.078116742576389342e+00,6.353007113309758203e-02
-1.358203373402324887e+00,-1.408742986195089530e-01
-1.298639439703247023e+00,-1.443738365937714263e-01
-1.301963515575172758e+00,-1.896445848549151436e-01
-1.301963515575172758e+00,-1.896445848549151436e-01
-1.301963515575172758e+00,-1.896445848549151436e-01
-1.214205170835774616e+00,-1.362570831965091989e-01
-1.214205170835774616e+00,-1.362570831965091989e-01
-1.214205170835774616e+00,-1.362570831965091989e-01
-1.273842700100853209e+00,3.845565848739854187e-02
-1.273842700100853209e+00,3.845565848739854187e-02
-1.059767200871070791e+00,8.632832466648635017e-02
-1.059767200871070791e+00,8.632832466648635017e-02
-1.059767200871070791e+00,8.632832466648635017e-02
-1.069947267639173694e+00,1.088814223423731908e-01
-1.244569728000243902e+00,-1.828209310877085270e-03
-1.106768512293452522e+00,-1.908050691081951689e-01
-1.106768512293452522e+00,-1.908050691081951689e-01
-1.248506589782975906e+00,-1.649910898126276670e-01
-1.248506589782975906e+00,-1.649910898126276670e-01
-1.210366840053046733e+00,-1.212125835860285300e-01
-1.210366840053046733e+00,-1.212125835860285300e-01
-1.210366840053046733e+00,-1.212125835860285300e-01
-1.210366840053046733e+00,-1.212125835860285300e-01
-1.210366840053046733e+00,-1.212125835860285300e-01
-1.210366840053046733e+00,-1.212125835860285300e-01
-1.024813283098728656e+00,1.028286896278689938e-01
-1.024813283098728656e+00,1.028286896278689938e-01
-1.024813283098728656e+00,1.028286896278689938e-01
-9.905405562900803096e-01,-6.086556725007664925e-02
-9.905405562900803096e-01,-6.086556725007664925e-02
-9.905405562900803096e-01,-6.086556725007664925e-02
-9.905405562900803096e-01,-6.086556725007664925e-02
-1.094100249606801523e+00,7.046495493345404648e-02
-1.436793346836873209e+00,8.785573327407866784e-02
-1.385603536043323203e+00,-6.831506507789322780e-02
-1.329229990938712636e+00,1.518588433089592682e-01
-1.329229990938712636e+00,1.518588433089592682e-01
-1.329229990938712636e+00,1.518588433089592682e-01
-1.329229990938712636e+00,1.518588433089592682e-01
-1.329229990938712636e+00,1.518588433089592682e-01
-1.329229990938712636e+00,1.518588433089592682e-01
-1.332263375967272623e+00,6.789750096278766855e-02
-1.295694979078035658e+00,-1.612330107141515811e-02
-1.295694979078035658e+00,-1.612330107141515811e-02
-1.295694979078035658e+00,-1.612330107141515811e-02
-1.295694979078035658e+00,-1.612330107141515811e-02
-1.295694979078035658e+00,-1.612330107141515811e-02
-1.295694979078035658e+00,-1.612330107141515811e-02
-1.295694979078035658e+00,-1.612330107141515811e-02
-1.295694979078035658e+00,-1.612330107141515811e-02
-1.165167821105288715e+00,5.289050251150209658e-02
-1.165167821105288715e+00,5.289050251150209658e-02
-1.165167821105288715e+00,5.289050251150209658e-02
-1.165167821105288715e+00,5.289050251150209658e-02
-1.187945215968575052e+00,1.108210400232503279e-01
-1.180548696251020990e+00,3.773844428818413921e-02
-1.130142367240298373e+00,4.542685251698469484e-02
-1.263883032403313900e+00,2.479536205160252568e-02
-1.222460487645925964e+00,-4.651783802181877481e-02
-1.222460487645925964e+00,-4.651783802181877481e-02
-1.222460487645925964e+00,-4.651783802181877481e-02
-1.222460487645925964e+00,-4.651783802181877481e-02
-1.074104310551149410e+00,-3.025498371884922238e-02
-1.074104310551149410e+00,-3.025498371884922238e-02
-1.074104310551149410e+00,-3.025498371884922238e-02
-1.074104310551149410e+00,-3.025498371884922238e-02
-1.074104310551149410e+00,-3.025498371884922238e-02
-1.074104310551149410e+00,-3.025498371884922238e-02
-1.346554625589284626e+00,-1.037561627320894575e-01
-1.346554625589284626e+00,-1.037561627320894575e-01
-1.148064324214862264e+00,4.515219695584285486e-03
-1.308315640172602823e+00,-2.423456978383696850e-02
-1.227525213394560888e+00,-1.151038327031157354e-01
-1.236513476277558032e+00,8.032458020663602039e-03
-1.236513476277558032e+00,8.032458020663602039e-03
-1.236513476277558032e+00,8.032458020663602039e-03
-1.236513476277558032e+00,8.032458020663602039e-03
-1.236513476277558032e+00,8.032458020663602039e-03
-1.302763502490005498e+00,-2.635164869686217048e-02
-1.302763502490005498e+00,-2.635164869686217048e-02
-1.143341767427513478e+00,9.503938444378971784e-02
-1.143341767427513478e+00,9.503938444378971784e-02
-1.075816449475402781e+00,-7.780391996983922198e-02
-1.075816449475402781e+00,-7.780391996983922198e-02
-1.410797040826907711e+00,1.203719212848093773e-01
-1.410797040826907711e+00,1.203719212848093773e-01
-1.362260775378209665e+00,5.761447681739591264e-02
-1.362260775378209665e+00,5.761447681739591264e-02
-1.113960201135600014e+00,-1.809526226381333869e-01
-1.113960201135600014e+00,-1.809526226381333869e-01
-1.113960201135600014e+00,-1.809526226381333869e-01
-1.113960201135600014e+00,-1.809526226381333869e-01
-1.113960201135600014e+00,-1.809526226381333869e-01
-1.113960201135600014e+00,-1.809526226381333869e-01
-1.113960201135600014e+00,-1.809526226381333869e-01
-1.113960201135600014e+00,-1.809526226381333869e-01
-1.113960201135600014e+00,-1.809526226381333869e-01
-1.014425849934880830e+00,-1.968331080325075588e-01
-1.014425849934880830e+00,-1.968331080325075588e-01
-1.014425849934880830e+00,-1.968331080325075588e-01
-1.014425849934880830e+00,-1.968331080325075588e-01
-1.014425849934880830e+00,-1.968331080325075588e-01
-1.105326175494947716e+00,-1.424720113411375999e-01
-1.274607837052038173e+00,-9.431652195127268601e-02
-1.274607837052038173e+00,-9.431652195127268601e-02
-1.274607837052038173e+00,-9.431652195127268601e-02
-1.274607837052038173e+00,-9.431652195127268601e-02
-1.274607837052038173e+00,-9.431652195127268601e-02
-1.224843413112879364e+00,-1.172184641080624701e-01
-1.224843413112879364e+00,-1.172184641080624701e-01
-1.164518561388777185e+00,-3.509571376949127686e-03
-1.306243580159857975e+00,7.562275733081059992e-02
-1.120386750244953156e+00,4.006423676831628866e-02
-1.152006838922893905e+00,4.815227819584291108e-02
-1.152006838922893905e+00,4.815227819584291108e-02
-1.152006838922893905e+00,4.815227819584291108e-02
-1.152006838922893905e+00,4.815227819584291108e-02
-1.152006838922893905e+00,4.815227819584291108e-02
-1.152006838922893905e+00,4.815227819584291108e-02
-1.282794370357456915e+00,9.575548853565514495e-02
-1.140350255711135352e+00,-1.295214054426681305e-02
-1.140350255711135352e+00,-1.295214054426681305e-02
-1.140350255711135352e+00,-1.295214054426681305e-02
-1.140350255711135352e+00,-1.295214054426681305e-02
-1.260360162294973163e+00,-1.088607669983381460e-01
-1.260360162294973163e+00,-1.088607669983381460e-01
-1.260360162294973163e+00,-1.088607669983381460e-01
-1.260360162294973163e+00,-1.088607669983381460e-01
-1.260360162294973163e+00,-1.088607669983381460e-01
-1.396919734449832751e+00,-1.897445332312854005e-02
-1.395897729080472383e+00,-1.580023527425546970e-01
-1.271324507799766135e+00,-2.056733853149314561e-01
-1.271324507799766135e+00,-2.056733853149314561e-01
-1.271324507799766135e+00,-2.056733853149314561e-01
-1.271324507799766135e+00,-2.056733853149314561e-01
-1.271324507799766135e+00,-2.056733853149314561e-01
-1.271324507799766135e+00,-2.056733853149314561e-01
-1.325036147955351851e+00,6.637583462156915193e-02
-1.325036147955351851e+00,6.637583462156915193e-02
-1.325036147955351851e+00,6.637583462156915193e-02
-1.145669011760816591e+00,8.226379029522147557e-02
-1.145669011760816591e+00,8.226379029522147557e-02
-1.024218332939330844e+00,1.720115198526157019e-01
-1.024218332939330844e+00,1.720115198526157019e-01
-8.852135220447785446e-01,-2.506207993178757865e-02
-8.852135220447785446e-01,-2.506207993178757865e-02
-8.852135220447785446e-01,-2.506207993178757865e-02
-9.196988561861425548e-01,-2.646810948419709986e-01
-1.035583552815388941e+00,-3.139599205653026415e-02
-1.054299204987493077e+00,-9.464356724490953499e-02
-1.090991582051854980e+00,-1.191488439505179880e-01
-1.090991582051854980e+00,-1.191488439505179880e-01
-1.113723713493264489e+00,-8.130992057083007152e-02
-1.325263032743881020e+00,-5.743714330442997035e-02
-1.187590168777933552e+00,5.099327621883649464e-03
-1.187590168777933552e+00,5.099327621883649464e-03
-1.187590168777933552e+00,5.099327621883649464e-03
-1.352247744089121184e+00,-4.945057525583911734e-02
-1.330296889402803773e+00,9.091537147757688953e-02
-1.330296889402803773e+00,9.091537147757688953e-02
-1.303871241929393854e+00,2.247827378450886759e-02
-1.303871241929393854e+00,2.247827378450886759e-02
-1.303871241929393854e+00,2.247827378450886759e-02
-1.303871241929393854e+00,2.247827378450886759e-02
-1.303871241929393854e+00,2.247827378450886759e-02
-1.268328648994422991e+00,1.099432938707220753e-01
-1.268328648994422991e+00,1.099432938707220753e-01
-1.268328648994422991e+00,1.099432938707220753e-01
-1.199083860903887855e+00,1.704618739321817622e-01
-1.199083860903887855e+00,1.704618739321817622e-01
-1.199083860903887855e+00,1.704618739321817622e-01
-1.199083860903887855e+00,1.704618739321817622e-01
-1.199083860903887855e+00,1.704618739321817622e-01
-1.199083860903887855e+00,1.704618739321817622e-01
-1.312734969991099288e+00,2.244528821996563672e-01
-1.312734969991099288e+00,2.244528821996563672e-01
-1.312734969991099288e+00,2.244528821996563672e-01
-1.312734969991099288e+00,2.244528821996563672e-01
-1.450257829136765597e+00,-9.021446976290303787e-02
-1.450257829136765597e+00,-9.021446976290303787e-02
-1.470302780232985107e+00,-9.452015352203278764e-02
-1.535064112399507241e+00,-7.904557851210219921e-03
-1.557446501804644834e+00,-3.295045383650539728e-02
-1.557446501804644834e+00,-3.295045383650539728e-02
-1.557446501804644834e+00,-3.295045383650539728e-02
-1.557446501804644834e+00,-3.295045383650539728e-02
-1.557446501804644834e+00,-3.295045383650539728e-02
-1.557446501804644834e+00,-3.295045383650539728e-02
-1.557446501804644834e+00,-3.295045383650539728e-02
-1.395775957146985213e+00,-1.268083039175642301e-01
-1.305974289253312826e+00,-8.275539191308736719e-02
-1.425548643696487927e+00,-5.721894336151754634e-02
-1.465331929680784073e+00,-1.279340833029040531e-02
-1.553143541782687542e+00,-3.444544069197907898e-02
-1.553143541782687542e+00,-3.444544069197907898e-02
-1.553143541782687542e+00,-3.444544069197907898e-02
-1.553143541782687542e+00,-3.444544069197907898e-02
-1.553143541782687542e+00,-3.444544069197907898e-02
-1.553143541782687542e+00,-3.444544069197907898e-02
-1.419716881752446147e+00,-1.031251806436508378e-01
-1.419716881752446147e+00,-1.031251806436508378e-01
-1.417956331658713598e+00,-6.292570881006551153e-02
-1.130646194827755968e+00,1.671344511544228251e-01
-1.130646194827755968e+00,1.671344511544228251e-01
-1.130646194827755968e+00,1.671344511544228251e-01
-1.323585880332596609e+00,2.206191948426908522e-01
-1.323585880332596609e+00,2.206191948426908522e-01
-1.210032228964782908e+00,1.932317687146456187e-01
-1.210032228964782908e+00,1.932317687146456187e-01
-1.298262957970788278e+00,1.854688521617617325e-01
-1.320278528159057219e+00,-1.725514832953276012e-02
-1.382501302827543022e+00,-5.917314436964177249e-02
-1.382501302827543022e+00,-5.917314436964177249e-02
-1.382501302827543022e+00,-5.917314436964177249e-02
-1.382501302827543022e+00,-5.917314436964177249e-02
-1.247663008044087141e+00,-1.404430954931714104e-01
-1.161839384985305035e+00,-3.017129712109184458e-03
-1.130120179826568094e+00,-1.874633737833866082e-02
-1.170609576947390096e+00,-2.232861223955818347e-02
-1.149230489553499490e+00,-1.548608413327442340e-02
-1.149230489553499490e+00,-1.548608413327442340e-02
-1.149230489553499490e+00,-1.548608413327442340e-02
-1.212752395127125959e+00,-3.665923360441709911e-02
-1.181387821588566922e+00,1.107096440741642679e-01
-1.231529055635278480e+00,-3.311616762211935794e-03
-1.322217464865371062e+00,2.195470903266779072e-01
-1.322217464865371062e+00,2.195470903266779072e-01
-1.322217464865371062e+00,2.195470903266779072e-01
-1.093109246881501795e+00,1.971286462283234342e-01
-1.093109246881501795e+00,1.971286462283234342e-01
-1.093109246881501795e+00,1.971286462283234342e-01
-1.093109246881501795e+00,1.971286462283234342e-01
-1.093109246881501795e+00,1.971286462283234342e-01
-1.093109246881501795e+00,1.971286462283234342e-01
-1.093109246881501795e+00,1.971286462283234342e-01
-9.527896159315334401e-01,-9.854254536200257597e-02
-9.527896159315334401e-01,-9.854254536200257597e-02
-9.527896159315334401e-01,-9.854254536200257597e-02
-9.527896159315334401e-01,-9.854254536200257597e-02
-9.527896159315334401e-01,-9.854254536200257597e-02
-1.084480355272209984e+00,-3.520840583721968065e-02
-1.084480355272209984e+00,-3.520840583721968065e-02
-1.084480355272209984e+00,-3.520840583721968065e-02
-1.084480355272209984e+00,-3.520840583721968065e-02
-1.246274314274499417e+00,1.537089761592169701e-01
-1.416976042921445966e+00,2.610559508629148318e-02
-1.416976042921445966e+00,2.610559508629148318e-02
-1.329602920504564967e+00,2.938940064143556047e-02
-1.292909199153743138e+00,1.049215499909866289e-01
-1.292909199153743138e+00,1.049215499909866289e-01
-1.213188952814831412e+00,-2.029774725421565340e-02
-1.213188952814831412e+00,-2.029774725421565340e-02
-1.213188952814831412e+00,-2.029774725421565340e-02
-1.189783020886747478e+00,3.073842046438986925e-02
-1.189783020886747478e+00,3.073842046438986925e-02
-1.189783020886747478e+00,3.073842046438986925e-02
-1.189783020886747478e+00,3.073842046438986925e-02
-1.189783020886747478e+00,3.073842046438986925e-02
-1.189783020886747478e+00,3.073842046438986925e-02
-1.189783020886747478e+00,3.073842046438986925e-02
-1.189783020886747478e+00,3.073842046438986925e-02
-1.189783020886747478e+00,3.073842046438986925e-02
-1.057216722295938549e+00,2.149030158412876257e-02
-1.057216722295938549e+00,2.149030158412876257e-02
-1.057216722295938549e+00,2.149030158412876257e-02
-1.057216722295938549e+00,2.149030158412876257e-02
-1.067246594801122717e+00,3.588721481827446269e-02
-1.067246594801122717e+00,3.588721481827446269e-02
-1.128776890987760018e+00,8.295723241395594472e-02
-1.154777500434147841e+00,4.809781085968953263e-03
-1.154777500434147841e+00,4.809781085968953263e-03
-1.154777500434147841e+00,4.809781085968953263e-03
-1.154777500434147841e+00,4.809781085968953263e-03
-1.154777500434147841e+00,4.809781085968953263e-03
-1.208755478027995878e+00,-1.151912325184488300e-01
-1.208755478027995878e+00,-1.151912325184488300e-01
-1.208755478027995878e+00,-1.151912325184488300e-01
-1.208755478027995878e+00,-1.151912325184488300e-01
-1.089578672110573798e+00,-3.697331198417252995e-03
-1.208998219230633664e+00,-4.213298949418264883e-02
-1.440025964519906942e+00,6.415837485103439986e-02
-1.312962665034147047e+00,-3.587602969701059186e-02
-1.082208476007501696e+00,4.713072349380433013e-02
-1.082208476007501696e+00,4.713072349380433013e-02
-1.109626678401280264e+00,8.176247348636667134e-02
-1.109626678401280264e+00,8.176247348636667134e-02
-1.109626678401280264e+00,8.176247348636667134e-02
-1.109626678401280264e+00,8.176247348636667134e-02
-1.091985657566282519e+00,1.270184857911705878e-01
-1.069396701604609756e+00,3.366128970725353053e-02
-1.069396701604609756e+00,3.366128970725353053e-02
-1.275662243135814444e+00,1.738287241376754166e-01
-1.236425256988975541e+00,1.802296971480942533e-01
-1.232197044859452140e+00,1.916615145156420896e-01
-1.232197044859452140e+00,1.916615145156420896e-01
-1.232197044859452140e+00,1.916615145156420896e-01
-1.232197044859452140e+00,1.916615145156420896e-01
-1.041844378806027871e+00,8.833351743824757740e-02
-1.041844378806027871e+00,8.833351743824757740e-02
-1.136299522275955987e+00,6.960578665963304545e-02
-1.318169429641095514e+00,-9.198529297451407682e-02
-1.372032022620878422e+00,-1.078336024031988083e-01
-1.372032022620878422e+00,-1.078336024031988083e-01
-1.372032022620878422e+00,-1.078336024031988083e-01
-1.372032022620878422e+00,-1.078336024031988083e-01
-1.199378867905446011e+00,-1.990614911004892351e-01
-1.114058156750721063e+00,-9.063551996070157157e-02
-1.178252093705966619e+00,-3.347300316559490702e-02
-1.178252093705966619e+00,-3.347300316559490702e-02
-1.258011214826793012e+00,1.273825786850516645e-02
-1.258011214826793012e+00,1.273825786850516645e-02
-1.098447868121878335e+00,1.694827363049534671e-02
-1.249017294290014846e+00,-5.681154026167270499e-03
-1.249017294290014846e+00,-5.681154026167270499e-03
-1.249017294290014846e+00,-5.681154026167270499e-03
-1.214882744003473070e+00,7.381100737234543019e-02
-1.214882744003473070e+00,7.381100737234543019e-02
-1.245883095775079941e+00,6.044012762066914429e-02
-1.245883095775079941e+00,6.044012762066914429e-02
-1.271243259153629124e+00,1.176735935895821539e-02
-1.141540956860136236e+00,-2.705194521526322476e-02
-1.239770116048001469e+00,-6.262516924768993243e-02
-1.372421480348638534e+00,5.924037829399872446e-02
-1.372421480348638534e+00,5.924037829399872446e-02
-1.372421480348638534e+00,5.924037829399872446e-02
-1.372421480348638534e+00,5.924037829399872446e-02
-1.372421480348638534e+00,5.924037829399872446e-02
-1.372421480348638534e+00,5.924037829399872446e-02
-1.270890032307211870e+00,2.370783245055345378e-03
-1.270890032307211870e+00,2.370783245055345378e-03
-1.306560365369828558e+00,-1.414680917712989039e-02
-1.313590181386755429e+00,-2.481227974878436049e-02
-1.313590181386755429e+00,-2.481227974878436049e-02
-1.313590181386755429e+00,-2.481227974878436049e-02
-1.313590181386755429e+00,-2.481227974878436049e-02
-1.313590181386755429e+00,-2.481227974878436049e-02
-1.313590181386755429e+00,-2.481227974878436049e-02
-1.265067143739542210e+00,-1.194816182823821710e-01
-1.341983748252498554e+00,-8.729937633553977450e-02
-1.341983748252498554e+00,-8.729937633553977450e-02
-1.341983748252498554e+00,-8.729937633553977450e-02
-1.341983748252498554e+00,-8.729937633553977450e-02
-1.341983748252498554e+00,-8.729937633553977450e-02
-1.341983748252498554e+00,-8.729937633553977450e-02
-1.341983748252498554e+00,-8.729937633553977450e-02
-1.394319137682291654e+00,-2.479515804754643671e-02
-1.394319137682291654e+00,-2.479515804754643671e-02
-1.167865435233062188e+00,4.717980886420995723e-02
-1.160255747342387345e+00,7.321592207823074405e-02
-1.160255747342387345e+00,7.321592207823074405e-02
-1.482203320424179793e+00,1.101363987062161653e-01
-1.482203320424179793e+00,1.101363987062161653e-01
-1.482203320424179793e+00,1.101363987062161653e-01
-1.482203320424179793e+00,1.101363987062161653e-01
-1.482203320424179793e+00,1.101363987062161653e-01
-1.415819909958096368e+00,1.145576443086648577e-01
-1.312484314164569010e+00,1.048240854541072353e-01
-1.312484314164569010e+00,1.048240854541072353e-01
-1.312484314164569010e+00,1.048240854541072353e-01
-1.146598813097227332e+00,1.690622741441741850e-01
-1.208565686742784751e+00,-4.777045189309042650e-02
-1.208565686742784751e+00,-4.777045189309042650e-02
-1.208565686742784751e+00,-4.777045189309042650e-02
-1.208565686742784751e+00,-4.777045189309042650e-02
-1.208565686742784751e+00,-4.777045189309042650e-02
-1.384145646760721826e+00,-1.122892382222011182e-01
-1.494434975187669545e+00,-8.962017678475979465e-02
-1.441838465835548089e+00,-1.051987337649618742e-01
-1.441838465835548089e+00,-1.051987337649618742e-01
-1.441838465835548089e+00,-1.051987337649618742e-01
-1.441838465835548089e+00,-1.051987337649618742e-01
-1.441838465835548089e+00,-1.051987337649618742e-01
-1.441838465835548089e+00,-1.051987337649618742e-01
-1.441838465835548089e+00,-1.051987337649618742e-01
-1.490808126558280655e+00,4.502334082770782786e-02
-1.490808126558280655e+00,4.502334082770782786e-02
-1.490808126558280655e+00,4.502334082770782786e-02
-1.490808126558280655e+00,4.502334082770782786e-02
-1.490808126558280655e+00,4.502334082770782786e-02
-1.379440518215191647e+00,1.808835013558768648e-02
-1.373589136443350789e+00,-4.498641809976991479e-02
-1.373589136443350789e+00,-4.498641809976991479e-02
-1.463863061219637274e+00,6.195020873551616847e-02
-1.463863061219637274e+00,6.195020873551616847e-02
-1.463863061219637274e+00,6.195020873551616847e-02
-1.463863061219637274e+00,6.195020873551616847e-02
-1.463863061219637274e+00,6.195020873551616847e-02
-1.361184707162563789e+00,6.283245067411287466e-02
-1.164468135462262577e+00,3.412665873430718866e-02
-1.164468135462262577e+00,3.412665873430718866e-02
-1.135046135548643864e+00,-4.301421841320929307e-02
-1.212620634923472940e+00,-1.754404487928680478e-01
-1.212620634923472940e+00,-1.754404487928680478e-01
-1.212620634923472940e+00,-1.754404487928680478e-01
-1.212620634923472940e+00,-1.754404487928680478e-01
-1.212620634923472940e+00,-1.754404487928680478e-01
-1.242286070927819619e+00,-2.015923077117361406e-01
-1.242286070927819619e+00,-2.015923077117361406e-01
-1.093397860861166748e+00,-1.769772220197178836e-01
-1.093397860861166748e+00,-1.769772220197178836e-01
-1.093397860861166748e+00,-1.769772220197178836e-01
-1.093397860861166748e+00,-1.769772220197178836e-01
-1.427158776177499977e+00,4.738178094041400890e-02
-1.366331605093123569e+00,-4.729938300691625963e-02
-1.366331605093123569e+00,-4.729938300691625963e-02
-1.240942120165687390e+00,2.411461358558435186e-02
-1.240942120165687390e+00,2.411461358558435186e-02
-1.442299107525380375e+00,-1.309932698969967779e-01
-1.442299107525380375e+00,-1.309932698969967779e-01
-1.442299107525380375e+00,-1.309932698969967779e-01
-1.442299107525380375e+00,-1.309932698969967779e-01
-1.442299107525380375e+00,-1.309932698969967779e-01
-1.267759204708410969e+00,-1.830736241456482061e-02
-1.267759204708410969e+00,-1.830736241456482061e-02
-1.267759204708410969e+00,-1.830736241456482061e-02
-1.267759204708410969e+00,-1.830736241456482061e-02
-1.267759204708410969e+00,-1.830736241456482061e-02
-1.267759204708410969e+00,-1.830736241456482061e-02
-1.278317414519785977e+00,6.880491173149606843e-02
-1.278317414519785977e+00,6.880491173149606843e-02
-1.278317414519785977e+00,6.880491173149606843e-02
-1.278317414519785977e+00,6.880491173149606843e-02
-1.278317414519785977e+00,6.880491173149606843e-02
-1.278317414519785977e+00,6.880491173149606843e-02
-1.290957474541045924e+00,1.077279293999164056e-01
-1.290957474541045924e+00,1.077279293999164056e-01
-1.255059584813305262e+00,9.111126437283002810e-02
-1.422150269834365321e+00,7.133396191291559163e-02
-1.037776046574321764e+00,3.892390790050212490e-02
-1.037776046574321764e+00,3.892390790050212490e-02
-1.166225598334077240e+00,5.880988835904237683e-02
-1.166225598334077240e+00,5.880988835904237683e-02
-1.118117973567194223e+00,-5.959529921914371448e-02
-1.118117973567194223e+00,-5.959529921914371448e-02
-1.182354903524990952e+00,6.448623992832205887e-04
-1.182354903524990952e+00,6.448623992832205887e-04
-1.182354903524990952e+00,6.448623992832205887e-04
-1.182354903524990952e+00,6.448623992832205887e-04
-1.182354903524990952e+00,6.448623992832205887e-04
-1.182354903524990952e+00,6.448623992832205887e-04
-1.182354903524990952e+00,6.448623992832205887e-04
-1.182354903524990952e+00,6.448623992832205887e-04
-1.163401493180282964e+00,4.394782354166149735e-02
-1.163401493180282964e+00,4.394782354166149735e-02
-1.163401493180282964e+00,4.394782354166149735e-02
-1.163401493180282964e+00,4.394782354166149735e-02
-1.196259878940360011e+00,-2.292213476344680256e-03
-1.196259878940360011e+00,-2.292213476344680256e-03
-1.196259878940360011e+00,-2.292213476344680256e-03
-1.196259878940360011e+00,-2.292213476344680256e-03
-1.068580376440159796e+00,5.516476067021623686e-02
-1.103848569215452269e+00,-5.602732296688187064e-02
-1.103848569215452269e+00,-5.602732296688187064e-02
-1.233682257405378069e+00,-8.942034303733106815e-02
-1.233682257405378069e+00,-8.942034303733106815e-02
-1.233682257405378069e+00,-8.942034303733106815e-02
-1.233682257405378069e+00,-8.942034303733106815e-02
-1.233682257405378069e+00,-8.942034303733106815e-02
-1.233682257405378069e+00,-8.942034303733106815e-02
-1.233682257405378069e+00,-8.942034303733106815e-02
-1.233682257405378069e+00,-8.942034303733106815e-02
-1.275065594442043482e+00,-8.591543382274809126e-02
-1.330524092107802092e+00,-9.889424234531629665e-02
-1.330524092107802092e+00,-9.889424234531629665e-02
-1.330524092107802092e+00,-9.889424234531629665e-02
-1.330524092107802092e+00,-9.889424234531629665e-02
-1.017361955933965278e+00,-1.912130117311846289e-01
-1.017361955933965278e+00,-1.912130117311846289e-01
-1.017361955933965278e+00,-1.912130117311846289e-01
-1.017361955933965278e+00,-1.912130117311846289e-01
-1.017361955933965278e+00,-1.912130117311846289e-01
-1.017361955933965278e+00,-1.912130117311846289e-01
-1.017361955933965278e+00,-1.912130117311846289e-01
-1.017361955933965278e+00,-1.912130117311846289e-01
-1.055786219078422850e+00,-2.315083314039813600e-01
-1.311846854777413363e+00,-2.364007447326418321e-01
-1.311846854777413363e+00,-2.364007447326418321e-01
-1.311846854777413363e+00,-2.364007447326418321e-01
-1.322893353692405682e+00,-1.573921213017065723e-01
-1.322893353692405682e+00,-1.573921213017065723e-01
-1.322893353692405682e+00,-1.573921213017065723e-01
-1.311726228755951018e+00,-1.125032232676537181e-02
-1.311726228755951018e+00,-1.125032232676537181e-02
-1.326413289319171129e+00,3.906367515653719896e-02
-1.391430664847565835e+00,1.049167120838519554e-02
-1.339170107894845918e+00,-8.532083307593785193e-02
-1.240087337737445505e+00,3.575482365085730363e-02
-1.240467933257366706e+00,-1.281403469003129791e-01
-1.240467933257366706e+00,-1.281403469003129791e-01
-1.240467933257366706e+00,-1.281403469003129791e-01
-1.240467933257366706e+00,-1.281403469003129791e-01
-1.122830888804504434e+00,-5.460862041486197471e-02
-1.304400537644467617e+00,1.081748142452586825e-01
-1.311123677429933299e+00,6.675470113014228546e-02
-1.311123677429933299e+00,6.675470113014228546e-02
-1.311123677429933299e+00,6.675470113014228546e-02
-1.273583497809168019e+00,-8.824649212628341011e-02
-1.273583497809168019e+00,-8.824649212628341011e-02
-1.273583497809168019e+00,-8.824649212628341011e-02
-1.250373730952901052e+00,-4.728826660267040904e-02
-1.250373730952901052e+00,-4.728826660267040904e-02
-1.265586577028352977e+00,3.005945190795296373e-02
-1.265586577028352977e+00,3.005945190795296373e-02
-1.265586577028352977e+00,3.005945190795296373e-02
-1.265586577028352977e+00,3.005945190795296373e-02
-1.265586577028352977e+00,3.005945190795296373e-02
-1.265586577028352977e+00,3.005945190795296373e-02
-1.265586577028352977e+00,3.005945190795296373e-02
-1.197316084651848689e+00,-6.806497588002356769e-02
-1.197316084651848689e+00,-6.806497588002356769e-02
-1.318041902075808958e+00,7.399733266082092475e-03
-1.318041902075808958e+00,7.399733266082092475e-03
-1.318041902075808958e+00,7.399733266082092475e-03
-1.318041902075808958e+00,7.399733266082092475e-03
-1.318041902075808958e+00,7.399733266082092475e-03
-1.318041902075808958e+00,7.399733266082092475e-03
-1.318041902075808958e+00,7.399733266082092475e-03
-1.318041902075808958e+00,7.399733266082092475e-03
-1.370934423906739585e+00,-7.085286789459003046e-03
-1.370934423906739585e+00,-7.085286789459003046e-03
-1.370934423906739585e+00,-7.085286789459003046e-03
-1.370934423906739585e+00,-7.085286789459003046e-03
-1.273326942718361110e+00,3.855529714578030676e-02
-1.197742326229173093e+00,1.000368366446252877e-01
-1.290545932046082145e+00,-1.868073419856558504e-02
-1.331320190828534811e+00,5.185385255363671869e-03
-1.331320190828534811e+00,5.185385255363671869e-03
-1.243831098346038111e+00,9.953325594095181750e-02
-1.243831098346038111e+00,9.953325594095181750e-02
-1.369875745263313460e+00,1.814060028716159845e-01
-1.322306957214417045e+00,2.067509067486694441e-01
-1.322306957214417045e+00,2.067509067486694441e-01
-1.322306957214417045e+00,2.067509067486694441e-01
-1.230652590486623010e+00,1.690401213270009972e-01
-1.315435209523556193e+00,1.432094444620119478e-01
-1.356169477455599237e+00,1.491332995040007270e-01
-1.077608181782507835e+00,7.314570841325220008e-02
-1.077608181782507835e+00,7.314570841325220008e-02
-1.077608181782507835e+00,7.314570841325220008e-02
-1.077608181782507835e+00,7.314570841325220008e-02
-1.077608181782507835e+00,7.314570841325220008e-02
-1.028927815748165164e+00,3.169337944816496416e-02
-1.028927815748165164e+00,3.169337944816496416e-02
-1.028927815748165164e+00,3.169337944816496416e-02
-1.028927815748165164e+00,3.169337944816496416e-02
-1.028927815748165164e+00,3.169337944816496416e-02
-1.028927815748165164e+00,3.169337944816496416e-02
-1.028927815748165164e+00,3.169337944816496416e-02
-1.028927815748165164e+00,3.169337944816496416e-02
-1.028927815748165164e+00,3.169337944816496416e-02
-1.028927815748165164e+00,3.169337944816496416e-02
-1.028927815748165164e+00,3.169337944816496416e-02
-1.065928160436155236e+00,-5.333298610505942533e-02
-1.065928160436155236e+00,-5.333298610505942533e-02
-1.090949203656702782e+00,3.635955952601004765e-02
-1.251930559521698516e+00,1.060543359022153576e-01
-1.251930559521698516e+00,1.060543359022153576e-01
-1.198099513667525207e+00,1.731770949254557435e-02
-1.198099513667525207e+00,1.731770949254557435e-02
-1.198099513667525207e+00,1.731770949254557435e-02
-1.198099513667525207e+00,1.731770949254557435e-02
-1.147727066923232009e+00,1.006477377902883358e-02
-1.147727066923232009e+00,1.006477377902883358e-02
-1.138036740645142597e+00,-1.481224371292253206e-01
-1.100745040188596757e+00,7.160417294311666181e-02
-1.100745040188596757e+00,7.160417294311666181e-02
-1.100745040188596757e+00,7.160417294311666181e-02
-1.100745040188596757e+00,7.160417294311666181e-02
-1.100745040188596757e+00,7.160417294311666181e-02
-1.100745040188596757e+00,7.160417294311666181e-02
-1.100745040188596757e+00,7.160417294311666181e-02
-1.100745040188596757e+00,7.160417294311666181e-02
-1.171604280354374028e+00,2.071460804826610325e-01
-1.137290262802462149e+00,-6.518919022129104901e-02
-1.137290262802462149e+00,-6.518919022129104901e-02
-1.137290262802462149e+00,-6.518919022129104901e-02
-1.229948751608764157e+00,1.639904617205441839e-01
-1.108969887997861337e+00,2.489958102371859772e-01
-1.034508892712909800e+00,1.996939156123213044e-01
-1.034508892712909800e+00,1.996939156123213044e-01
-1.204662635362840239e+00,2.594845433628406028e-01
-1.204662635362840239e+00,2.594845433628406028e-01
-1.281179068205486438e+00,6.967236246167546332e-02
-1.281179068205486438e+00,6.967236246167546332e-02
-1.281179068205486438e+00,6.967236246167546332e-02
-1.281179068205486438e+00,6.967236246167546332e-02
-1.281179068205486438e+00,6.967236246167546332e-02
-1.255169587210208659e+00,5.317112755369869659e-02
-1.255169587210208659e+00,5.317112755369869659e-02
-1.255169587210208659e+00,5.317112755369869659e-02
-1.255169587210208659e+00,5.317112755369869659e-02
-1.236084204862005098e+00,-7.937567945666283709e-02
-1.237679821348023346e+00,-2.548985925424712695e-03
-1.237679821348023346e+00,-2.548985925424712695e-03
-1.237679821348023346e+00,-2.548985925424712695e-03
-1.237679821348023346e+00,-2.548985925424712695e-03
-1.237679821348023346e+00,-2.548985925424712695e-03
-1.237679821348023346e+00,-2.548985925424712695e-03
-1.237679821348023346e+00,-2.548985925424712695e-03
-1.222078991577950413e+00,6.349252137353413039e-02
-1.176202870630522757e+00,1.058333016466705967e-01
-1.235059846900097291e+00,8.659673911494339404e-02
-1.235059846900097291e+00,8.659673911494339404e-02
-1.235059846900097291e+00,8.659673911494339404e-02
-1.289888485222461245e+00,-1.526690636338937923e-01
-1.357448664107386627e+00,9.144634334899798267e-02
-1.357448664107386627e+00,9.144634334899798267e-02
-1.301291894099565916e+00,-8.859705051131769316e-02
-1.398218076541857036e+00,1.142922789541704620e-02
-1.199580340467161887e+00,-1.632377609138209104e-02
-1.199580340467161887e+00,-1.632377609138209104e-02
-1.199580340467161887e+00,-1.632377609138209104e-02
-1.307880983502077932e+00,-6.183050812143987829e-02
-1.307880983502077932e+00,-6.183050812143987829e-02
-1.184843733396174770e+00,-1.392349187426716317e-01
-1.184843733396174770e+00,-1.392349187426716317e-01
-1.154002434740680316e+00,2.677488497196300887e-02
-1.154002434740680316e+00,2.677488497196300887e-02
-1.154002434740680316e+00,2.677488497196300887e-02
-1.154002434740680316e+00,2.677488497196300887e-02
-1.196887814326287325e+00,9.363434654971833360e-02
-1.160313534108302180e+00,-1.547229367689706425e-01
-1.278630975740372877e+00,-4.219027046178776275e-02
-1.278630975740372877e+00,-4.219027046178776275e-02
-1.278630975740372877e+00,-4.219027046178776275e-02
-1.278630975740372877e+00,-4.219027046178776275e-02
-1.278630975740372877e+00,-4.219027046178776275e-02
-1.278630975740372877e+00,-4.219027046178776275e-02
-1.278630975740372877e+00,-4.219027046178776275e-02
-1.282468968298790424e+00,-5.867108343604102161e-02
-1.282468968298790424e+00,-5.867108343604102161e-02
-1.204712796419066922e+00,-1.040418111782098753e-01
-1.204712796419066922e+00,-1.040418111782098753e-01
-1.204712796419066922e+00,-1.040418111782098753e-01
-1.079183961701467354e+00,3.712930827455199201e-02
-1.145677523367233830e+00,1.006467522417050647e-01
-1.103993575485336054e+00,-1.291539358894236433e-01
-1.377747855601620275e+00,1.151399998946552872e-01
-1.266288866338525887e+00,-1.699882165401283562e-01
-1.241411717217786981e+00,-1.918367253718739063e-01
-1.321053600124998173e+00,1.614289124455270952e-01
-1.017440726308228793e+00,4.576053281370437431e-02
-1.017440726308228793e+00,4.576053281370437431e-02
-1.037219942215582780e+00,-1.811653234053440531e-01
-1.099080793261997036e+00,1.377233409822957444e-01
-1.135404106503001165e+00,1.845637842289087893e-01
-1.202868545517232324e+00,1.570221078191373076e-01
-1.202868545517232324e+00,1.570221078191373076e-01
-1.064781299010508331e+00,3.593631085343496068e-02
-1.064781299010508331e+00,3.593631085343496068e-02
-1.064781299010508331e+00,3.593631085343496068e-02
-1.086736665746658614e+00,1.178577517527097940e-01
-1.228000998408030231e+00,2.104619410072963159e-01
-1.228000998408030231e+00,2.104619410072963159e-01
-1.228000998408030231e+00,2.104619410072963159e-01
-1.228000998408030231e+00,2.104619410072963159e-01
-1.228000998408030231e+00,2.104619410072963159e-01
-1.176920510807923925e+00,1.744613404159257863e-01
-1.196403485088307406e+00,1.537977305566093356e-01
-1.196403485088307406e+00,1.537977305566093356e-01
-1.303974413236929530e+00,4.105783126951936812e-02
-1.290909983105368752e+00,-3.237994684211691065e-02
-1.290909983105368752e+00,-3.237994684211691065e-02
-1.392143492104576996e+00,-6.097626674538092484e-02
-1.361034448556693865e+00,-8.761076416260593636e-02
-1.333060264466132239e+00,-1.437359018383463360e-01
-1.333060264466132239e+00,-1.437359018383463360e-01
-1.333060264466132239e+00,-1.437359018383463360e-01
-1.236471444628519878e+00,1.567883602479603344e-01
-1.195111970770925902e+00,1.223623422043799425e-01
-1.125358349388843271e+00,-1.806243841352983548e-02
-1.247272100294394059e+00,2.098938040350637191e-01
-1.247272100294394059e+00,2.098938040350637191e-01
-1.247272100294394059e+00,2.098938040350637191e-01
-1.247272100294394059e+00,2.098938040350637191e-01
-1.247272100294394059e+00,2.098938040350637191e-01
-1.247272100294394059e+00,2.098938040350637191e-01
-1.309016982662263517e+00,1.549126821128936071e-01
-1.309016982662263517e+00,1.549126821128936071e-01
-1.309016982662263517e+00,1.549126821128936071e-01
-1.248997667848622317e+00,5.547483922814071267e-02
-1.229761292235474368e+00,-6.779760953249890088e-02
-1.229761292235474368e+00,-6.779760953249890088e-02
-1.229761292235474368e+00,-6.779760953249890088e-02
-1.167607811383101435e+00,-8.709990629019323527e-02
-1.210302162974155937e+00,-1.328717796273322926e-01
-1.210302162974155937e+00,-1.328717796273322926e-01
-1.210302162974155937e+00,-1.328717796273322926e-01
-1.201002780295564065e+00,-9.338697131961865017e-02
-1.201002780295564065e+00,-9.338697131961865017e-02
-1.313538054533193167e+00,-3.655017540415823885e-02
-1.186702191044858301e+00,-2.526676270197131258e-02
-1.057948145349981717e+00,4.519445659742334087e-02
-1.057948145349981717e+00,4.519445659742334087e-02
-1.146181322460754215e+00,-5.962356332877184750e-02
-1.421168347351800199e+00,-2.097742531166610913e-01
-1.421168347351800199e+00,-2.097742531166610913e-01
-1.421168347351800199e+00,-2.097742531166610913e-01
-1.583362553643392845e+00,-7.763090061737276670e-02
-1.583362553643392845e+00,-7.763090061737276670e-02
-1.583362553643392845e+00,-7.763090061737276670e-02
-1.583362553643392845e+00,-7.763090061737276670e-02
-1.583362553643392845e+00,-7.763090061737276670e-02
-1.583362553643392845e+00,-7.763090061737276670e-02
-1.611508324458963415e+00,-5.614630500825500137e-02
-1.611508324458963415e+00,-5.614630500825500137e-02
-1.611508324458963415e+00,-5.614630500825500137e-02
-1.611508324458963415e+00,-5.614630500825500137e-02
-1.611508324458963415e+00,-5.614630500825500137e-02
-1.611508324458963415e+00,-5.614630500825500137e-02
-1.611508324458963415e+00,-5.614630500825500137e-02
-1.611508324458963415e+00,-5.614630500825500137e-02
-1.639595116486740389e+00,-8.548639580106161262e-03
-1.588616063237862086e+00,1.116530510797359987e-01
-1.371224076717702633e+00,2.323272863010731881e-01
-1.371224076717702633e+00,2.323272863010731881e-01
-1.371224076717702633e+00,2.323272863010731881e-01
-1.492791847804328276e+00,1.563447214919808093e-01
-1.496739648418685231e+00,1.072023017350205165e-01
-1.164409977727733470e+00,-1.316879588101580179e-01
-1.164409977727733470e+00,-1.316879588101580179e-01
-1.164409977727733470e+00,-1.316879588101580179e-01
-1.164409977727733470e+00,-1.316879588101580179e-01
-1.153485362956562899e+00,2.692183286784763374e-02
-1.153485362956562899e+00,2.692183286784763374e-02
-1.153485362956562899e+00,2.692183286784763374e-02
-1.153485362956562899e+00,2.692183286784763374e-02
-1.178407254170598994e+00,8.973109787336827625e-03
-1.146758533246589495e+00,-7.599613062064383001e-03
-1.146758533246589495e+00,-7.599613062064383001e-03
-1.146758533246589495e+00,-7.599613062064383001e-03
-1.299000735888850455e+00,7.140709102589344603e-02
-1.299000735888850455e+00,7.140709102589344603e-02
-1.300425182447303651e+00,1.033208539811946436e-01
-1.412172682778432442e+00,-5.390913957682655355e-02
-1.223438497314504492e+00,-5.641994121743763857e-02
-1.223438497314504492e+00,-5.641994121743763857e-02
-1.223438497314504492e+00,-5.641994121743763857e-02
-1.223438497314504492e+00,-5.641994121743763857e-02
-1.223438497314504492e+00,-5.641994121743763857e-02
-1.223438497314504492e+00,-5.641994121743763857e-02
-1.223438497314504492e+00,-5.641994121743763857e-02
-1.223438497314504492e+00,-5.641994121743763857e-02
-1.305938450709784648e+00,-3.765406155304119179e-02
-1.305938450709784648e+00,-3.765406155304119179e-02
-1.305938450709784648e+00,-3.765406155304119179e-02
-1.305938450709784648e+00,-3.765406155304119179e-02
-1.305938450709784648e+00,-3.765406155304119179e-02
-1.210789906929952142e+00,-4.576886497567871775e-02
-1.192276260956176337e+00,-9.716102178331281758e-02
-1.192276260956176337e+00,-9.716102178331281758e-02
-1.290893840538486881e+00,-1.641091671384056205e-01
-1.453521948865212687e+00,6.249324975377204550e-02
-1.465809446410688999e+00,-1.296295185852815723e-01
-1.513292690492056058e+00,8.761655285627223400e-03
-1.485728555419667307e+00,9.386011489515147521e-02
-1.324255815384872026e+00,1.046702427403906482e-01
-1.313837010826493623e+00,-6.622338598920821107e-03
-1.246952618590884354e+00,-1.305826640947292672e-01
-1.246952618590884354e+00,-1.305826640947292672e-01
-1.212633819600981377e+00,9.231221714685042268e-02
-1.212633819600981377e+00,9.231221714685042268e-02
-1.212633819600981377e+00,9.231221714685042268e-02
-1.212633819600981377e+00,9.231221714685042268e-02
-1.393041424245803572e+00,-3.894328110214617666e-02
-1.393041424245803572e+00,-3.894328110214617666e-02
-1.393041424245803572e+00,-3.894328110214617666e-02
-1.393041424245803572e+00,-3.894328110214617666e-02
-1.393041424245803572e+00,-3.894328110214617666e-02
-1.393041424245803572e+00,-3.894328110214617666e-02
-1.292636758414101417e+00,-5.175414294405020210e-02
-1.292636758414101417e+00,-5.175414294405020210e-02
-1.292636758414101417e+00,-5.175414294405020210e-02
-1.292636758414101417e+00,-5.175414294405020210e-02
-1.292636758414101417e+00,-5.175414294405020210e-02
-1.291685671981685379e+00,-5.408087168260743843e-02
-1.291685671981685379e+00,-5.408087168260743843e-02
-1.291685671981685379e+00,-5.408087168260743843e-02
-1.291685671981685379e+00,-5.408087168260743843e-02
-1.291685671981685379e+00,-5.408087168260743843e-02
-1.117597037254665970e+00,-1.023033772224919702e-02
-1.117597037254665970e+00,-1.023033772224919702e-02
-1.117597037254665970e+00,-1.023033772224919702e-02
-1.117597037254665970e+00,-1.023033772224919702e-02
-1.117597037254665970e+00,-1.023033772224919702e-02
-1.117597037254665970e+00,-1.023033772224919702e-02
-1.117597037254665970e+00,-1.023033772224919702e-02
-1.219402967921157321e+00,1.376559016170549321e-01
-1.428213733106107997e+00,7.758456515013002763e-02
-1.428213733106107997e+00,7.758456515013002763e-02
-1.428213733106107997e+00,7.758456515013002763e-02
-1.489324161011456926e+00,-1.670673446047975241e-02
-1.331283264142842704e+00,-1.568489895136619405e-01
-1.473633158317964709e+00,-7.984710126875682601e-03
-1.473633158317964709e+00,-7.984710126875682601e-03
-1.473633158317964709e+00,-7.984710126875682601e-03
-1.473633158317964709e+00,-7.984710126875682601e-03
-1.473633158317964709e+00,-7.984710126875682601e-03
-1.473633158317964709e+00,-7.984710126875682601e-03
-1.473633158317964709e+00,-7.984710126875682601e-03
-1.386448368888119065e+00,2.338710855950895673e-02
-1.386448368888119065e+00,2.338710855950895673e-02
-1.412621522816023933e+00,7.725631089561321718e-02
-1.412621522816023933e+00,7.725631089561321718e-02
-1.412621522816023933e+00,7.725631089561321718e-02
-1.237548521952680947e+00,-1.089519274269445948e-02
-1.237548521952680947e+00,-1.089519274269445948e-02
-1.237548521952680947e+00,-1.089519274269445948e-02
-1.225204542750538472e+00,-8.171664390817503718e-03
-1.225204542750538472e+00,-8.171664390817503718e-03
-1.225204542750538472e+00,-8.171664390817503718e-03
-1.225204542750538472e+00,-8.171664390817503718e-03
-1.241761170351081578e+00,9.242830073878365027e-02
-1.241761170351081578e+00,9.242830073878365027e-02
-1.241761170351081578e+00,9.242830073878365027e-02
-1.241761170351081578e+00,9.242830073878365027e-02
-1.029319072210507668e+00,-1.263722008208507941e-02
-1.045640382308629768e+00,-5.796432555716755225e-02
-1.096842564437826129e+00,-4.647954931770630765e-02
-1.096842564437826129e+00,-4.647954931770630765e-02
-1.214853828127963720e+00,-2.020659388559578329e-01
-1.214853828127963720e+00,-2.020659388559578329e-01
-1.395538811211624042e+00,-1.497876442159275789e-01
-1.507494791839542936e+00,-7.368959359478431670e-02
-1.436184858662831854e+00,-2.414478054303093035e-02
-1.396821605553344670e+00,-1.104800960843161928e-01
-1.301988297535713324e+00,-8.811344950123023434e-02
-1.325604552545913029e+00,2.511144400386738917e-02
-1.244804056878114684e+00,-6.304432647362992470e-02
-1.244804056878114684e+00,-6.304432647362992470e-02
-1.332348528494971873e+00,-1.051048863358957919e-01
-1.264697532356962473e+00,-7.597601164976189314e-02
-1.264697532356962473e+00,-7.597601164976189314e-02
-1.375060694052192778e+00,1.687245733707018469e-01
-1.346014529486218025e+00,1.412377959355814450e-01
-1.346014529486218025e+00,1.412377959355814450e-01
-1.346014529486218025e+00,1.412377959355814450e-01
-1.346014529486218025e+00,1.412377959355814450e-01
-1.346014529486218025e+00,1.412377959355814450e-01
-1.265360769460129653e+00,2.109767352434364085e-01
-1.265360769460129653e+00,2.109767352434364085e-01
-1.265360769460129653e+00,2.109767352434364085e-01
-1.155872887600857268e+00,1.537433179837198738e-01
-1.155872887600857268e+00,1.537433179837198738e-01
-1.155872887600857268e+00,1.537433179837198738e-01
-1.162500056016857464e+00,1.310136924719675910e-01
-1.057995923779240455e+00,1.643482700112789963e-01
-1.024692883396627785e+00,-4.468416573660055624e-02
-1.024692883396627785e+00,-4.468416573660055624e-02
-1.024692883396627785e+00,-4.468416573660055624e-02
-1.033828652695488293e+00,-6.685737196129241944e-03
-1.033828652695488293e+00,-6.685737196129241944e-03
-1.033828652695488293e+00,-6.685737196129241944e-03
-1.013351071293889349e+00,-1.026318886827399524e-01
-1.013351071293889349e+00,-1.026318886827399524e-01
-1.013351071293889349e+00,-1.026318886827399524e-01
-1.013351071293889349e+00,-1.026318886827399524e-01
-1.013351071293889349e+00,-1.026318886827399524e-01
-1.285051820140321377e+00,-1.744949267737303522e-01
-1.447722371656491536e+00,-1.533148222625869694e-01
-1.447722371656491536e+00,-1.533148222625869694e-01
-1.442487037750900924e+00,4.471743523086046945e-03
-1.251208424822612963e+00,-1.492587173028175063e-01
-1.251208424822612963e+00,-1.492587173028175063e-01
-1.091353495183362332e+00,-9.674270877366605847e-02
-1.113182670021394483e+00,-1.948882831924179382e-01
-1.184021926274774206e+00,-1.924365820725132403e-02
-1.184021926274774206e+00,-1.924365820725132403e-02
-1.197961481731418143e+00,5.422434845353496513e-02
-1.197961481731418143e+00,5.422434845353496513e-02
-1.197961481731418143e+00,5.422434845353496513e-02
-1.197961481731418143e+00,5.422434845353496513e-02
-1.342230557847536199e+00,8.145562638824614676e-02
-1.342230557847536199e+00,8.145562638824614676e-02
-1.342230557847536199e+00,8.145562638824614676e-02
-1.342230557847536199e+00,8.145562638824614676e-02
-1.377622683355191890e+00,2.661248062704006934e-01
-1.428524783877901605e+00,1.687039038290909509e-01
-1.428524783877901605e+00,1.687039038290909509e-01
-1.467470398474314264e+00,1.696620141755211808e-01
-1.553767656593135982e+00,3.387025453714889722e-02
-1.524103106759817194e+00,2.011935576909961582e-02
-1.524103106759817194e+00,2.011935576909961582e-02
-1.368009998471183764e+00,1.163966572570856173e-01
-1.368009998471183764e+00,1.163966572570856173e-01
-1.303204354255088404e+00,1.927164795526188357e-01
-1.303204354255088404e+00,1.927164795526188357e-01
-1.158573008680688021e+00,3.851984564673285871e-02
-1.158573008680688021e+00,3.851984564673285871e-02
-1.221833855431220250e+00,-9.219053849710703852e-02
-1.224964607265377259e+00,-1.343985289618651047e-01
-1.212654859779976446e+00,-5.488108098144224567e-02
-1.212654859779976446e+00,-5.488108098144224567e-02
-1.151017439332429948e+00,-1.429801880524700641e-01
-1.125092320022162085e+00,-3.022295339964542471e-02
-1.125092320022162085e+00,-3.022295339964542471e-02
-1.125092320022162085e+00,-3.022295339964542471e-02
-1.290080570417158068e+00,-8.312096778623639937e-02
-1.301684808977179753e+00,4.795896970712648644e-02
-1.301684808977179753e+00,4.795896970712648644e-02
-1.301684808977179753e+00,4.795896970712648644e-02
-1.301684808977179753e+00,4.795896970712648644e-02
-1.301684808977179753e+00,4.795896970712648644e-02
-1.301684808977179753e+00,4.795896970712648644e-02
-1.064504002338290123e+00,-1.903132023330799671e-01
-1.064504002338290123e+00,-1.903132023330799671e-01
-1.117996963338252048e+00,8.194608181132706504e-02
-1.083578170139789520e+00,4.932213366162518237e-02
-1.059456511946778701e+00,-2.442978285709954123e-03
-1.059456511946778701e+00,-2.442978285709954123e-03
-1.059456511946778701e+00,-2.442978285709954123e-03
-1.335783243322143488e+00,-8.605188226277646346e-02
-1.335783243322143488e+00,-8.605188226277646346e-02
-1.335783243322143488e+00,-8.605188226277646346e-02
-1.335783243322143488e+00,-8.605188226277646346e-02
-1.335783243322143488e+00,-8.605188226277646346e-02
-1.335783243322143488e+00,-8.605188226277646346e-02
-1.335783243322143488e+00,-8.605188226277646346e-02
-1.335783243322143488e+00,-8.605188226277646346e-02
-1.335783243322143488e+00,-8.605188226277646346e-02
-1.335783243322143488e+00,-8.605188226277646346e-02
-1.335783243322143488e+00,-8.605188226277646346e-02
-1.335783243322143488e+00,-8.605188226277646346e-02
-1.335783243322143488e+00,-8.605188226277646346e-02
-1.051947333898604953e+00,-1.352093002429267388e-01
-1.051947333898604953e+00,-1.352093002429267388e-01
-1.051947333898604953e+00,-1.352093002429267388e-01
-1.051947333898604953e+00,-1.352093002429267388e-01
-1.051947333898604953e+00,-1.352093002429267388e-01
-1.051947333898604953e+00,-1.352093002429267388e-01
-1.301173293739523507e+00,-2.210537911524397825e-01
-1.301173293739523507e+00,-2.210537911524397825e-01
-1.301173293739523507e+00,-2.210537911524397825e-01
-1.301173293739523507e+00,-2.210537911524397825e-01
-1.441798697270631147e+00,-7.189087073019601037e-02
-1.441798697270631147e+00,-7.189087073019601037e-02
-1.458011331882385964e+00,1.125643448095698940e-01
-1.217788013700254357e+00,1.132458912683841495e-01
-1.217788013700254357e+00,1.132458912683841495e-01
-1.217788013700254357e+00,1.132458912683841495e-01
-1.157864682712031357e+00,1.865192020200213130e-01
-1.369810402172171537e+00,2.066004844690496334e-01
-1.369810402172171537e+00,2.066004844690496334e-01
-1.356578658525550152e+00,1.669437013041104589e-01
-1.356578658525550152e+00,1.669437013041104589e-01
-1.356578658525550152e+00,1.669437013041104589e-01
-1.283611200895659277e+00,2.276235919352939119e-01
-1.283611200895659277e+00,2.276235919352939119e-01
-1.283611200895659277e+00,2.276235919352939119e-01
-1.222134796873570739e+00,1.839489015537104644e-02
-1.222134796873570739e+00,1.839489015537104644e-02
-1.222134796873570739e+00,1.839489015537104644e-02
-1.238958509180296819e+00,-4.909369715157269054e-02
-1.238958509180296819e+00,-4.909369715157269054e-02
-1.238958509180296819e+00,-4.909369715157269054e-02
-1.238958509180296819e+00,-4.909369715157269054e-02
-1.238958509180296819e+00,-4.909369715157269054e-02
-1.238958509180296819e+00,-4.909369715157269054e-02
-1.238958509180296819e+00,-4.909369715157269054e-02
-1.238958509180296819e+00,-4.909369715157269054e-02
-1.238958509180296819e+00,-4.909369715157269054e-02
-1.238958509180296819e+00,-4.909369715157269054e-02
-1.255648614417216757e+00,-1.298188998664570604e-01
-1.168887176479017187e+00,4.799265902356367186e-02
-1.271095812363069344e+00,9.619433239982398687e-03
-1.144672803590270904e+00,9.779601629515916050e-02
-1.144672803590270904e+00,9.779601629515916050e-02
-1.144672803590270904e+00,9.779601629515916050e-02
-1.269217047905221607e+00,7.630066712553669472e-02
-1.269217047905221607e+00,7.630066712553669472e-02
-1.432731689014803855e+00,-7.848354296872793456e-02
-1.432731689014803855e+00,-7.848354296872793456e-02
-1.419395547274560743e+00,1.049154166682510075e-01
-1.419395547274560743e+00,1.049154166682510075e-01
-1.419395547274560743e+00,1.049154166682510075e-01
-1.419395547274560743e+00,1.049154166682510075e-01
-1.361721298344559905e+00,1.746047897843201746e-02
-1.353666053137714265e+00,-1.066402056147336685e-01
-1.372236565984404688e+00,-1.565418003855959250e-01
-1.372236565984404688e+00,-1.565418003855959250e-01
-1.372236565984404688e+00,-1.565418003855959250e-01
-1.372236565984404688e+00,-1.565418003855959250e-01
-1.372236565984404688e+00,-1.565418003855959250e-01
-1.404352564092983036e+00,-2.126858697694691824e-01
-1.243065893037986092e+00,-1.851307347328660091e-01
-1.243065893037986092e+00,-1.851307347328660091e-01
-1.243065893037986092e+00,-1.851307347328660091e-01
-1.243065893037986092e+00,-1.851307347328660091e-01
-1.243065893037986092e+00,-1.851307347328660091e-01
-1.099224498162710395e+00,-1.234410365080965133e-02
-1.099224498162710395e+00,-1.234410365080965133e-02
-1.099224498162710395e+00,-1.234410365080965133e-02
-1.099224498162710395e+00,-1.234410365080965133e-02
-1.099224498162710395e+00,-1.234410365080965133e-02
-1.195805210415547215e+00,-9.074497384682703172e-02
-1.195805210415547215e+00,-9.074497384682703172e-02
-1.278801826281738663e+00,4.277149188733528340e-02
-1.259537066870837885e+00,-4.601103458617797348e-02
-1.259537066870837885e+00,-4.601103458617797348e-02
-1.266571974018866342e+00,-1.785365407633141832e-01
-1.266571974018866342e+00,-1.785365407633141832e-01
-1.461428254007995253e+00,1.469829121555277229e-02
-1.461428254007995253e+00,1.469829121555277229e-02
-1.461428254007995253e+00,1.469829121555277229e-02
-1.461428254007995253e+00,1.469829121555277229e-02
-1.461428254007995253e+00,1.469829121555277229e-02
-1.418613547757989313e+00,-2.000372449457020196e-01
-1.418613547757989313e+00,-2.000372449457020196e-01
-1.418613547757989313e+00,-2.000372449457020196e-01
-1.418613547757989313e+00,-2.000372449457020196e-01
-1.418613547757989313e+00,-2.000372449457020196e-01
-1.418613547757989313e+00,-2.000372449457020196e-01
-1.425629677135887841e+00,-1.807870175172394123e-01
-1.428793923605357064e+00,2.956648424737562397e-02
-1.246038855246610400e+00,1.407223071487756494e-01
-1.246038855246610400e+00,1.407223071487756494e-01
-1.246038855246610400e+00,1.407223071487756494e-01
-1.294323816796734361e+00,1.417117216097406041e-01
-1.294323816796734361e+00,1.417117216097406041e-01
-1.294323816796734361e+00,1.417117216097406041e-01
-1.294323816796734361e+00,1.417117216097406041e-01
-1.342227507291509969e+00,8.658808511980638223e-02
-1.276067801813177027e+00,-1.047009051651824618e-02
-1.276067801813177027e+00,-1.047009051651824618e-02
-1.356553542403579726e+00,6.303828078987044892e-02
-1.356553542403579726e+00,6.303828078987044892e-02
-1.356553542403579726e+00,6.303828078987044892e-02
-1.356553542403579726e+00,6.303828078987044892e-02
-1.356553542403579726e+00,6.303828078987044892e-02
-1.356553542403579726e+00,6.303828078987044892e-02
-1.356553542403579726e+00,6.303828078987044892e-02
-1.464164138872336984e+00,1.502596566642615261e-02
-1.136686154505919699e+00,5.092165880064127709e-02
-1.136686154505919699e+00,5.092165880064127709e-02
-1.136686154505919699e+00,5.092165880064127709e-02
-1.136686154505919699e+00,5.092165880064127709e-02
-1.136686154505919699e+00,5.092165880064127709e-02
-1.144336955426412672e+00,-7.035495454420712114e-02
-1.144336955426412672e+00,-7.035495454420712114e-02
-1.144336955426412672e+00,-7.035495454420712114e-02
-1.144336955426412672e+00,-7.035495454420712114e-02
-1.144336955426412672e+00,-7.035495454420712114e-02
-1.144336955426412672e+00,-7.035495454420712114e-02
-1.144336955426412672e+00,-7.035495454420712114e-02
-1.218395601741483203e+00,-1.978088395508919434e-02
-1.396461212853703282e+00,-6.414484666851923145e-02
-1.396461212853703282e+00,-6.414484666851923145e-02
-1.396461212853703282e+00,-6.414484666851923145e-02
-1.396461212853703282e+00,-6.414484666851923145e-02
-1.332810890819756899e+00,9.229891294494659004e-02
-1.332810890819756899e+00,9.229891294494659004e-02
-1.332810890819756899e+00,9.229891294494659004e-02
-1.294221041206881528e+00,-3.881012615592453752e-02
-1.346552871700597898e+00,9.077000536116229534e-02
-1.346552871700597898e+00,9.077000536116229534e-02
-1.346552871700597898e+00,9.077000536116229534e-02
-1.346552871700597898e+00,9.077000536116229534e-02
-1.285633201762177880e+00,-1.894808829423956509e-02
-1.285633201762177880e+00,-1.894808829423956509e-02
-1.205660833689031097e+00,-1.972825771166882292e-01
-1.205660833689031097e+00,-1.972825771166882292e-01
-1.313852897657944441e+00,-1.490666105832035848e-01
-1.313852897657944441e+00,-1.490666105832035848e-01
-1.313852897657944441e+00,-1.490666105832035848e-01
-1.313852897657944441e+00,-1.490666105832035848e-01
-1.313852897657944441e+00,-1.490666105832035848e-01
-1.313852897657944441e+00,-1.490666105832035848e-01
-1.360215090871355725e+00,-1.383731759680696949e-01
-1.360215090871355725e+00,-1.383731759680696949e-01
-1.247868266256304093e+00,-1.399972401658525212e-01
-1.247868266256304093e+00,-1.399972401658525212e-01
-1.355157648586692520e+00,-1.031116151186423219e-01
-1.181881103950101819e+00,-1.080915000152144062e-01
-1.181881103950101819e+00,-1.080915000152144062e-01
-1.273522178333967414e+00,-8.193615911633841953e-02
-1.273522178333967414e+00,-8.193615911633841953e-02
-1.273522178333967414e+00,-8.193615911633841953e-02
-1.158169758343879252e+00,-7.130234755865676177e-02
-1.260274322163162930e+00,-8.140453765706698319e-02
-1.260274322163162930e+00,-8.140453765706698319e-02
-1.315070520460534187e+00,-1.698674260065633213e-01
-1.061062331566744676e+00,2.178936669595710196e-02
-1.295179585550127355e+00,-1.908441583648701478e-01
-1.295179585550127355e+00,-1.908441583648701478e-01
-1.198216119787393508e+00,-1.413175447983912314e-01
-1.224127523129740158e+00,-1.297624976460843294e-01
-1.224127523129740158e+00,-1.297624976460843294e-01
-1.224127523129740158e+00,-1.297624976460843294e-01
-1.196347682599795625e+00,-1.250910083670204176e-01
-1.196347682599795625e+00,-1.250910083670204176e-01
-1.303218081342202517e+00,1.308544328381728294e-01
-1.303218081342202517e+00,1.308544328381728294e-01
-1.247463624040321184e+00,2.604978190874240318e-01
-1.414875876933059162e+00,1.786340047434228917e-01
-1.414875876933059162e+00,1.786340047434228917e-01
-1.414875876933059162e+00,1.786340047434228917e-01
-1.248586049882985494e+00,2.328691530804818943e-02
-1.216911121363013493e+00,-3.877101416431028014e-02
-1.216911121363013493e+00,-3.877101416431028014e-02
-1.216911121363013493e+00,-3.877101416431028014e-02
-1.313459497472611037e+00,-1.822990502946628677e-01
-1.313459497472611037e+00,-1.822990502946628677e-01
-1.313459497472611037e+00,-1.822990502946628677e-01
-1.313459497472611037e+00,-1.822990502946628677e-01
-1.246219917989580539e+00,-2.284194648590855969e-01
-1.246219917989580539e+00,-2.284194648590855969e-01
-1.060362248490969383e+00,-1.520394380270501666e-01
-1.060362248490969383e+00,-1.520394380270501666e-01
-1.234354694787885176e+00,-2.388274163276106199e-01
-1.234354694787885176e+00,-2.388274163276106199e-01
-8.730113577958475979e-01,-2.726110307812896760e-01
-8.220634391181003142e-01,-1.742127054527117247e-01
-8.461878986976203443e-01,-5.140179965377057736e-02
-8.461878986976203443e-01,-5.140179965377057736e-02
-9.539214723237935400e-01,-1.042936076455149019e-01
-9.539214723237935400e-01,-1.042936076455149019e-01
-8.641044916565326917e-01,-6.430158010599049123e-02
-8.641044916565326917e-01,-6.430158010599049123e-02
-8.641044916565326917e-01,-6.430158010599049123e-02
-1.138346184184848120e+00,1.310755837771095389e-01
-1.138346184184848120e+00,1.310755837771095389e-01
-1.138346184184848120e+00,1.310755837771095389e-01
-1.138346184184848120e+00,1.310755837771095389e-01
-1.138346184184848120e+00,1.310755837771095389e-01
-1.138346184184848120e+00,1.310755837771095389e-01
-1.087013353824124229e+00,-2.167676237364479785e-02
-1.087013353824124229e+00,-2.167676237364479785e-02
-1.053970715532177582e+00,-5.516946906371870962e-02
-1.077423586801647737e+00,2.136121882135848249e-02
-1.179585162957799360e+00,1.855901622566880627e-01
-1.179585162957799360e+00,1.855901622566880627e-01
-1.128377470446751518e+00,-3.589427548027157577e-03
-1.128377470446751518e+00,-3.589427548027157577e-03
-1.168162778860198703e+00,1.257822659709517121e-01
-1.335930765760388272e+00,8.652008498465790787e-02
-1.335930765760388272e+00,8.652008498465790787e-02
-1.335930765760388272e+00,8.652008498465790787e-02
-1.185830336870536739e+00,1.439561028026742351e-02
-1.185830336870536739e+00,1.439561028026742351e-02
-1.185830336870536739e+00,1.439561028026742351e-02
-1.185830336870536739e+00,1.439561028026742351e-02
-1.320920229551010072e+00,-2.310199224540166602e-02
-1.320920229551010072e+00,-2.310199224540166602e-02
-1.320920229551010072e+00,-2.310199224540166602e-02
-1.316197875319037314e+00,-1.795939658320324928e-01
-1.316197875319037314e+00,-1.795939658320324928e-01
-1.193598785763710701e+00,-1.389027306735046985e-01
-1.193598785763710701e+00,-1.389027306735046985e-01
-1.193598785763710701e+00,-1.389027306735046985e-01
-1.193598785763710701e+00,-1.389027306735046985e-01
-1.193598785763710701e+00,-1.389027306735046985e-01
-1.193598785763710701e+00,-1.389027306735046985e-01
-1.193598785763710701e+00,-1.389027306735046985e-01
-1.193598785763710701e+00,-1.389027306735046985e-01
-1.193598785763710701e+00,-1.389027306735046985e-01
-1.193598785763710701e+00,-1.389027306735046985e-01
-1.193598785763710701e+00,-1.389027306735046985e-01
-1.193598785763710701e+00,-1.389027306735046985e-01
-1.193598785763710701e+00,-1.389027306735046985e-01
-1.185685823905290315e+00,-4.816869645310886683e-02
-1.185685823905290315e+00,-4.816869645310886683e-02
-1.185685823905290315e+00,-4.816869645310886683e-02
-1.185685823905290315e+00,-4.816869645310886683e-02
-1.185685823905290315e+00,-4.816869645310886683e-02
-1.185685823905290315e+00,-4.816869645310886683e-02
-1.185685823905290315e+00,-4.816869645310886683e-02
-1.185685823905290315e+00,-4.816869645310886683e-02
-1.342171768197294224e+00,3.608763700695913346e-02
-1.342171768197294224e+00,3.608763700695913346e-02
-1.342171768197294224e+00,3.608763700695913346e-02
-1.342171768197294224e+00,3.608763700695913346e-02
-1.342171768197294224e+00,3.608763700695913346e-02
-1.342171768197294224e+00,3.608763700695913346e-02
-1.342171768197294224e+00,3.608763700695913346e-02
-1.342171768197294224e+00,3.608763700695913346e-02
-1.342171768197294224e+00,3.608763700695913346e-02
-1.343581102408939465e+00,-1.004659397345258054e-01
-1.296351877757462301e+00,-4.719090922763153478e-02
-1.296351877757462301e+00,-4.719090922763153478e-02
-1.296351877757462301e+00,-4.719090922763153478e-02
-1.296351877757462301e+00,-4.719090922763153478e-02
-1.296351877757462301e+00,-4.719090922763153478e-02
-1.296351877757462301e+00,-4.719090922763153478e-02
-1.296351877757462301e+00,-4.719090922763153478e-02
-1.296351877757462301e+00,-4.719090922763153478e-02
-1.296351877757462301e+00,-4.719090922763153478e-02
-1.296351877757462301e+00,-4.719090922763153478e-02
-1.296351877757462301e+00,-4.719090922763153478e-02
-1.296351877757462301e+00,-4.719090922763153478e-02
-1.296351877757462301e+00,-4.719090922763153478e-02
-1.296351877757462301e+00,-4.719090922763153478e-02
-1.296351877757462301e+00,-4.719090922763153478e-02
-1.296351877757462301e+00,-4.719090922763153478e-02
-1.296351877757462301e+00,-4.719090922763153478e-02
-1.296351877757462301e+00,-4.719090922763153478e-02
-1.240595342291934466e+00,-7.761809072013425848e-02
-1.344647556611279882e+00,1.971846433183989389e-02
-1.344647556611279882e+00,1.971846433183989389e-02
-1.344647556611279882e+00,1.971846433183989389e-02
-1.344647556611279882e+00,1.971846433183989389e-02
-1.344647556611279882e+00,1.971846433183989389e-02
-1.450706837631212665e+00,-5.729691106385079169e-02
-1.427890028406199940e+00,-1.179996569628634084e-01
-1.427890028406199940e+00,-1.179996569628634084e-01
-1.245198231191175120e+00,-7.806515477655495694e-02
-1.245198231191175120e+00,-7.806515477655495694e-02
-1.204490793749724453e+00,5.595283801050046635e-02
-1.230296518044853737e+00,-1.167556197446313337e-01
-1.354513576265498509e+00,-1.566416208495652607e-01
-1.354513576265498509e+00,-1.566416208495652607e-01
-1.354513576265498509e+00,-1.566416208495652607e-01
-1.354513576265498509e+00,-1.566416208495652607e-01
-1.299029408130043528e+00,-1.610186497136793793e-01
-1.299029408130043528e+00,-1.610186497136793793e-01
-1.299029408130043528e+00,-1.610186497136793793e-01
-1.299029408130043528e+00,-1.610186497136793793e-01
-1.299029408130043528e+00,-1.610186497136793793e-01
-1.279677257153798431e+00,-8.810751557341658935e-02
-1.279677257153798431e+00,-8.810751557341658935e-02
-1.279677257153798431e+00,-8.810751557341658935e-02
-1.279677257153798431e+00,-8.810751557341658935e-02
-1.252720762190785209e+00,-8.469549984440553902e-02
-1.252720762190785209e+00,-8.469549984440553902e-02
-1.252720762190785209e+00,-8.469549984440553902e-02
-1.252720762190785209e+00,-8.469549984440553902e-02
-1.252720762190785209e+00,-8.469549984440553902e-02
-1.252720762190785209e+00,-8.469549984440553902e-02
-1.271805365736100368e+00,-2.839606087868799117e-02
-1.271805365736100368e+00,-2.839606087868799117e-02
-1.271805365736100368e+00,-2.839606087868799117e-02
-1.140133494353710475e+00,6.527713586562297610e-02
-1.140133494353710475e+00,6.527713586562297610e-02
-1.140133494353710475e+00,6.527713586562297610e-02
-1.140133494353710475e+00,6.527713586562297610e-02
-1.140133494353710475e+00,6.527713586562297610e-02
-1.140133494353710475e+00,6.527713586562297610e-02
-1.140133494353710475e+00,6.527713586562297610e-02
-1.140133494353710475e+00,6.527713586562297610e-02
-1.140133494353710475e+00,6.527713586562297610e-02
-1.140133494353710475e+00,6.527713586562297610e-02
-1.119332126587683218e+00,4.597671862642449536e-02
-1.334900550770238059e+00,-1.186103232844630262e-01
-1.447407680902958571e+00,-5.342231098096955622e-02
-1.447407680902958571e+00,-5.342231098096955622e-02
-1.356258049998515958e+00,-6.179950810687993845e-02
-1.313205002329984605e+00,2.984288684131175540e-02
-1.313205002329984605e+00,2.984288684131175540e-02
-1.209057170654911584e+00,1.482625944642914917e-01
-1.209057170654911584e+00,1.482625944642914917e-01
-1.209057170654911584e+00,1.482625944642914917e-01
-1.246786997161504207e+00,1.667227292370159486e-01
-1.414287471109247685e+00,-3.610546413869591964e-02
-1.398529890960071409e+00,-1.291902486322585308e-02
-1.398529890960071409e+00,-1.291902486322585308e-02
-1.384296691733350126e+00,6.956718233411791907e-02
-1.384296691733350126e+00,6.956718233411791907e-02
-1.180020878254067318e+00,-1.075521611036111408e-01
-1.180020878254067318e+00,-1.075521611036111408e-01
-1.180020878254067318e+00,-1.075521611036111408e-01
-1.180020878254067318e+00,-1.075521611036111408e-01
-1.180020878254067318e+00,-1.075521611036111408e-01
-1.180020878254067318e+00,-1.075521611036111408e-01
-1.180020878254067318e+00,-1.075521611036111408e-01
-1.180020878254067318e+00,-1.075521611036111408e-01
-1.180020878254067318e+00,-1.075521611036111408e-01
-1.180020878254067318e+00,-1.075521611036111408e-01
-1.180020878254067318e+00,-1.075521611036111408e-01
-1.137429721392848370e+00,-9.287387649354481023e-03
-1.137429721392848370e+00,-9.287387649354481023e-03
-1.137429721392848370e+00,-9.287387649354481023e-03
-1.110001686159800549e+00,1.391758183892802814e-01
-1.110001686159800549e+00,1.391758183892802814e-01
-1.110001686159800549e+00,1.391758183892802814e-01
-1.110001686159800549e+00,1.391758183892802814e-01
-1.110001686159800549e+00,1.391758183892802814e-01
-1.023804713286218693e+00,2.851460377898262788e-02
-1.005059184590709531e+00,-1.534507838478341157e-02
-1.005059184590709531e+00,-1.534507838478341157e-02
-1.116080214171724760e+00,1.635075586139927983e-02
-1.116080214171724760e+00,1.635075586139927983e-02
-1.194080616481070001e+00,3.910762994851826185e-02
-1.194080616481070001e+00,3.910762994851826185e-02
-1.194080616481070001e+00,3.910762994851826185e-02
-1.063152630259589726e+00,1.135341357210038482e-01
-1.078525255284303874e+00,6.119907658221596103e-03
-1.078525255284303874e+00,6.119907658221596103e-03
-1.268811185547473519e+00,-5.959214441625092229e-02
-1.268811185547473519e+00,-5.959214441625092229e-02
-1.249856257104551727e+00,-2.854932835535510180e-02
-1.249856257104551727e+00,-2.854932835535510180e-02
-1.249856257104551727e+00,-2.854932835535510180e-02
-1.249856257104551727e+00,-2.854932835535510180e-02
-1.249856257104551727e+00,-2.854932835535510180e-02
-1.249856257104551727e+00,-2.854932835535510180e-02
-1.249856257104551727e+00,-2.854932835535510180e-02
-1.249856257104551727e+00,-2.854932835535510180e-02
-1.249856257104551727e+00,-2.854932835535510180e-02
-1.249856257104551727e+00,-2.854932835535510180e-02
-1.249856257104551727e+00,-2.854932835535510180e-02
-1.249856257104551727e+00,-2.854932835535510180e-02
-1.249856257104551727e+00,-2.854932835535510180e-02
-1.122296601215463596e+00,-1.419700387722642454e-01
-1.122296601215463596e+00,-1.419700387722642454e-01
-1.122296601215463596e+00,-1.419700387722642454e-01
-1.122296601215463596e+00,-1.419700387722642454e-01
-1.122296601215463596e+00,-1.419700387722642454e-01
-1.122296601215463596e+00,-1.419700387722642454e-01
-1.122296601215463596e+00,-1.419700387722642454e-01
-1.122296601215463596e+00,-1.419700387722642454e-01
-1.122296601215463596e+00,-1.419700387722642454e-01
-1.147233305485223509e+00,9.130599863801183713e-02
-1.147233305485223509e+00,9.130599863801183713e-02
-1.194188762512447433e+00,-2.278221075894062975e-02
-1.194188762512447433e+00,-2.278221075894062975e-02
-1.205640400432652637e+00,-1.434717070565290631e-01
-1.205640400432652637e+00,-1.434717070565290631e-01
-1.205640400432652637e+00,-1.434717070565290631e-01
-1.205640400432652637e+00,-1.434717070565290631e-01
-1.205640400432652637e+00,-1.434717070565290631e-01
-1.201768998557342538e+00,-8.660546095638402275e-02
-1.265032232276099400e+00,-1.483761014849543924e-02
-1.198171184481328755e+00,-1.150186346954655409e-01
-1.199259250248565944e+00,-1.530612112441516182e-01
-1.199259250248565944e+00,-1.530612112441516182e-01
-1.199259250248565944e+00,-1.530612112441516182e-01
-1.241965749367012872e+00,-1.818690919281437113e-01
-1.449019789410186165e+00,2.891132342708813141e-02
-1.449019789410186165e+00,2.891132342708813141e-02
-1.327399197815524401e+00,-7.021440882921441140e-03
-1.327399197815524401e+00,-7.021440882921441140e-03
-1.279659075638976296e+00,1.180691227181251135e-01
-1.343996086008725221e+00,-3.195564456672822518e-03
-1.343996086008725221e+00,-3.195564456672822518e-03
-1.343996086008725221e+00,-3.195564456672822518e-03
-1.120459147717897563e+00,-3.903979861882189012e-02
-1.194081642846436031e+00,1.872170629308633483e-01
-1.010042165308229656e+00,-6.427474843983918551e-02
-1.010042165308229656e+00,-6.427474843983918551e-02
-1.010042165308229656e+00,-6.427474843983918551e-02
-1.010042165308229656e+00,-6.427474843983918551e-02
-1.036833876719841951e+00,1.194244982210150019e-01
-1.036833876719841951e+00,1.194244982210150019e-01
-1.036833876719841951e+00,1.194244982210150019e-01
-1.244456187915921497e+00,-7.395655596434255741e-02
-1.296760866227935294e+00,7.435204453032195904e-03
-1.342927150263386382e+00,1.276585630740249833e-01
-1.342927150263386382e+00,1.276585630740249833e-01
-1.282827394546752764e+00,3.900702185805983435e-02
-1.282827394546752764e+00,3.900702185805983435e-02
-1.239842505574465070e+00,-3.277929384862750262e-02
-1.239842505574465070e+00,-3.277929384862750262e-02
-1.239842505574465070e+00,-3.277929384862750262e-02
-1.239842505574465070e+00,-3.277929384862750262e-02
-1.165451936124900945e+00,-4.252357288891892712e-02
-1.165451936124900945e+00,-4.252357288891892712e-02
-1.134675369851938731e+00,-9.050593752491976896e-02
-1.134675369851938731e+00,-9.050593752491976896e-02
-1.134675369851938731e+00,-9.050593752491976896e-02
-1.134675369851938731e+00,-9.050593752491976896e-02
-1.134675369851938731e+00,-9.050593752491976896e-02
-1.136715492400898864e+00,-2.878449953685014578e-02
-1.136715492400898864e+00,-2.878449953685014578e-02
-1.204955535212742568e+00,-1.417192095904760696e-01
-1.210161768851346853e+00,-9.248674047473051663e-02
-1.210161768851346853e+00,-9.248674047473051663e-02
-1.210161768851346853e+00,-9.248674047473051663e-02
-1.210161768851346853e+00,-9.248674047473051663e-02
-1.210161768851346853e+00,-9.248674047473051663e-02
-1.210161768851346853e+00,-9.248674047473051663e-02
-1.210161768851346853e+00,-9.248674047473051663e-02
-1.210161768851346853e+00,-9.248674047473051663e-02
-1.210161768851346853e+00,-9.248674047473051663e-02
-1.210161768851346853e+00,-9.248674047473051663e-02
-1.170838152456560755e+00,-9.229721525109688129e-02
-1.170838152456560755e+00,-9.229721525109688129e-02
-1.151423363061795602e+00,-6.665816193409627999e-02
-1.151423363061795602e+00,-6.665816193409627999e-02
-1.151423363061795602e+00,-6.665816193409627999e-02
-1.134578260506512892e+00,1.818159698844423744e-02
-1.355669857088428909e+00,-1.037472784915047241e-01
-1.141054846104929688e+00,-1.985712087750350907e-01
-9.553546607351010023e-01,-1.240899119412505608e-01
-9.553546607351010023e-01,-1.240899119412505608e-01
-9.553546607351010023e-01,-1.240899119412505608e-01
-1.108272978399173603e+00,-1.987758073606645803e-01
-1.108272978399173603e+00,-1.987758073606645803e-01
-1.108272978399173603e+00,-1.987758073606645803e-01
-1.108272978399173603e+00,-1.987758073606645803e-01
-1.033487107400653304e+00,2.828873318527100333e-02
-1.290003753159050692e+00,1.119900507616517216e-01
-1.181914054203510922e+00,1.654815665193626328e-03
-1.264794998567800421e+00,-9.571107675112827326e-03
-1.264794998567800421e+00,-9.571107675112827326e-03
-1.264794998567800421e+00,-9.571107675112827326e-03
-1.264794998567800421e+00,-9.571107675112827326e-03
-1.264794998567800421e+00,-9.571107675112827326e-03
-1.264794998567800421e+00,-9.571107675112827326e-03
-1.264794998567800421e+00,-9.571107675112827326e-03
-1.264794998567800421e+00,-9.571107675112827326e-03
-1.264794998567800421e+00,-9.571107675112827326e-03
-1.264794998567800421e+00,-9.571107675112827326e-03
-1.264794998567800421e+00,-9.571107675112827326e-03
-1.264794998567800421e+00,-9.571107675112827326e-03
-1.133934256210314961e+00,2.797149951496486625e-02
-1.133934256210314961e+00,2.797149951496486625e-02
-1.133934256210314961e+00,2.797149951496486625e-02
-1.133934256210314961e+00,2.797149951496486625e-02
-1.182598145462059103e+00,-9.719880874015357497e-02
-1.134802035698289080e+00,-1.183537240229767806e-02
-1.161580464492044218e+00,-8.025119979465895892e-02
-1.161580464492044218e+00,-8.025119979465895892e-02
-1.189989980261744851e+00,1.219395476265432154e-02
-1.189989980261744851e+00,1.219395476265432154e-02
-1.189989980261744851e+00,1.219395476265432154e-02
-1.371498644273126288e+00,-1.049969646043084209e-02
-1.371498644273126288e+00,-1.049969646043084209e-02
-1.371498644273126288e+00,-1.049969646043084209e-02
-1.371498644273126288e+00,-1.049969646043084209e-02
-1.371498644273126288e+00,-1.049969646043084209e-02
-1.192877719821300309e+00,-1.295007154112066960e-01
-1.276334297619268865e+00,-1.370449598934209146e-01
-1.276334297619268865e+00,-1.370449598934209146e-01
-1.276334297619268865e+00,-1.370449598934209146e-01
-1.220410595461008274e+00,-6.283112959684261645e-02
-1.220410595461008274e+00,-6.283112959684261645e-02
-1.293395596355762400e+00,-4.101297286786018126e-02
-1.293395596355762400e+00,-4.101297286786018126e-02
-1.293395596355762400e+00,-4.101297286786018126e-02
-1.293395596355762400e+00,-4.101297286786018126e-02
-1.293395596355762400e+00,-4.101297286786018126e-02
-1.293395596355762400e+00,-4.101297286786018126e-02
-1.293395596355762400e+00,-4.101297286786018126e-02
-1.293395596355762400e+00,-4.101297286786018126e-02
-1.293395596355762400e+00,-4.101297286786018126e-02
-1.088889678979027442e+00,-6.693398249050831750e-03
-1.088889678979027442e+00,-6.693398249050831750e-03
-1.088889678979027442e+00,-6.693398249050831750e-03
-1.088889678979027442e+00,-6.693398249050831750e-03
-1.088889678979027442e+00,-6.693398249050831750e-03
-1.234108620995614691e+00,-9.902731092516475764e-02
-1.234108620995614691e+00,-9.902731092516475764e-02
-1.234108620995614691e+00,-9.902731092516475764e-02
-1.211825630777208396e+00,8.536650472548759638e-02
-1.278828849448556237e+00,9.502629089646066896e-02
-1.373357879196223763e+00,-4.854708525791076590e-02
-1.373357879196223763e+00,-4.854708525791076590e-02
-1.373357879196223763e+00,-4.854708525791076590e-02
-1.333274229206689476e+00,-3.998645666193069437e-02
-1.333274229206689476e+00,-3.998645666193069437e-02
-1.151522849938828141e+00,-3.003971231711330403e-02
-1.151522849938828141e+00,-3.003971231711330403e-02
-1.151522849938828141e+00,-3.003971231711330403e-02
-1.151522849938828141e+00,-3.003971231711330403e-02
-1.353366166591470243e+00,4.942446091135901942e-02
-1.353366166591470243e+00,4.942446091135901942e-02
-1.353366166591470243e+00,4.942446091135901942e-02
-1.353366166591470243e+00,4.942446091135901942e-02
-1.353366166591470243e+00,4.942446091135901942e-02
-1.353366166591470243e+00,4.942446091135901942e-02
-1.353366166591470243e+00,4.942446091135901942e-02
-1.353366166591470243e+00,4.942446091135901942e-02
-1.244022355217501596e+00,3.203231264877726830e-02
-1.244665341616812304e+00,-2.404318616382753598e-02
-9.907731199914440179e-01,-5.745286629914764243e-02
-9.907731199914440179e-01,-5.745286629914764243e-02
-1.034889415078258379e+00,-9.132906160982200150e-02
-9.472564758620847236e-01,-2.199017954056474156e-01
-1.105772432529000149e+00,-3.240631922017295774e-01
-1.105772432529000149e+00,-3.240631922017295774e-01
-1.105772432529000149e+00,-3.240631922017295774e-01
-1.105772432529000149e+00,-3.240631922017295774e-01
-1.105772432529000149e+00,-3.240631922017295774e-01
-1.113250070837535244e+00,-2.778124851340725288e-01
-1.372163570872687366e+00,-2.604439830603705319e-01
-1.372163570872687366e+00,-2.604439830603705319e-01
-1.372163570872687366e+00,-2.604439830603705319e-01
-1.372163570872687366e+00,-2.604439830603705319e-01
-1.516455498823845671e+00,-9.985695579697470570e-02
-1.516455498823845671e+00,-9.985695579697470570e-02
-1.516455498823845671e+00,-9.985695579697470570e-02
-1.535028590548639160e+00,6.500895592232200371e-02
-1.535028590548639160e+00,6.500895592232200371e-02
-1.535028590548639160e+00,6.500895592232200371e-02
-1.535028590548639160e+00,6.500895592232200371e-02
-1.535028590548639160e+00,6.500895592232200371e-02
-1.495364789061522703e+00,9.393977176280587926e-02
-1.495364789061522703e+00,9.393977176280587926e-02
-1.495364789061522703e+00,9.393977176280587926e-02
-1.458645402051978790e+00,-4.219418515788195267e-02
-1.458645402051978790e+00,-4.219418515788195267e-02
-1.257889787985892571e+00,-3.459919216416853377e-02
-1.257889787985892571e+00,-3.459919216416853377e-02
-1.318581298193591378e+00,-4.923728542027384913e-02
-1.318581298193591378e+00,-4.923728542027384913e-02
-1.318581298193591378e+00,-4.923728542027384913e-02
-1.224650307333329025e+00,2.062507909005396878e-02
-1.224650307333329025e+00,2.062507909005396878e-02
-1.224650307333329025e+00,2.062507909005396878e-02
-1.224650307333329025e+00,2.062507909005396878e-02
-1.224650307333329025e+00,2.062507909005396878e-02
-1.246161475953437847e+00,8.038109378835903499e-03
-1.246161475953437847e+00,8.038109378835903499e-03
-1.246161475953437847e+00,8.038109378835903499e-03
-1.245691210221980816e+00,-5.552044151556443513e-02
-1.245691210221980816e+00,-5.552044151556443513e-02
-1.245691210221980816e+00,-5.552044151556443513e-02
-1.245691210221980816e+00,-5.552044151556443513e-02
-1.245691210221980816e+00,-5.552044151556443513e-02
-1.245691210221980816e+00,-5.552044151556443513e-02
-1.243473113856756962e+00,-3.343304078502114945e-02
-1.443986496026175681e+00,-1.803892019999019103e-01
-1.443986496026175681e+00,-1.803892019999019103e-01
-1.443986496026175681e+00,-1.803892019999019103e-01
-1.473054407293099111e+00,3.943464527490175842e-02
-1.473054407293099111e+00,3.943464527490175842e-02
-1.473054407293099111e+00,3.943464527490175842e-02
-1.216015633603198420e+00,1.241921088447653712e-02
-1.353456445850892198e+00,2.285337266937797485e-01
-1.353456445850892198e+00,2.285337266937797485e-01
-1.366380954300153050e+00,2.146892948962358383e-01
-1.366380954300153050e+00,2.146892948962358383e-01
-1.366380954300153050e+00,2.146892948962358383e-01
-1.366380954300153050e+00,2.146892948962358383e-01
-1.323436679199315735e+00,1.545761408576974416e-01
-1.323436679199315735e+00,1.545761408576974416e-01
-1.323436679199315735e+00,1.545761408576974416e-01
-1.323436679199315735e+00,1.545761408576974416e-01
-1.323436679199315735e+00,1.545761408576974416e-01
-1.314346533584038745e+00,3.765534404820752856e-02
-1.278969257921870550e+00,-1.843540340174875530e-02
-1.278969257921870550e+00,-1.843540340174875530e-02
-1.278969257921870550e+00,-1.843540340174875530e-02
-1.278969257921870550e+00,-1.843540340174875530e-02
-1.278969257921870550e+00,-1.843540340174875530e-02
-1.315677956752356659e+00,-1.627785233971261458e-02
-1.181341024945561147e+00,1.725510442163917246e-01
-1.243490961761887892e+00,2.074449224784967738e-01
-1.259837209139438086e+00,2.228681804001828581e-01
-1.353106352615633279e+00,-1.008625312708755217e-02
-1.353106352615633279e+00,-1.008625312708755217e-02
-1.353106352615633279e+00,-1.008625312708755217e-02
-1.286721876476731197e+00,-8.111139620292301747e-03
-1.286721876476731197e+00,-8.111139620292301747e-03
-1.311149270345310480e+00,1.047366878034757115e-01
-1.221720951628146201e+00,-3.140383599826269967e-02
-1.369198836187204948e+00,-2.606534181643941836e-02
-1.369198836187204948e+00,-2.606534181643941836e-02
-1.369198836187204948e+00,-2.606534181643941836e-02
-1.369198836187204948e+00,-2.606534181643941836e-02
-1.369198836187204948e+00,-2.606534181643941836e-02
-1.369198836187204948e+00,-2.606534181643941836e-02
-1.369198836187204948e+00,-2.606534181643941836e-02
-1.301966891399605419e+00,-1.013002341609853252e-01
-1.183977261079217413e+00,-1.698709653669877584e-02
-1.232407617524937438e+00,1.572275196816096954e-01
-1.232407617524937438e+00,1.572275196816096954e-01
-1.339312199356229582e+00,-3.132159735708489601e-02
-1.339312199356229582e+00,-3.132159735708489601e-02
-1.339312199356229582e+00,-3.132159735708489601e-02
-1.222446593112978208e+00,-4.931172788346287195e-02
-1.227376132477595583e+00,-7.728561452560528400e-02
-1.426518998188081255e+00,-3.263880536915689939e-02
-1.394277326909644232e+00,-6.121762639723803134e-02
-1.394277326909644232e+00,-6.121762639723803134e-02
-1.394277326909644232e+00,-6.121762639723803134e-02
-1.347269171561616741e+00,1.253392573211625782e-01
-1.347269171561616741e+00,1.253392573211625782e-01
-1.171449742537814309e+00,1.318095174795604341e-01
-1.271528410228216943e+00,1.767847273421596921e-01
-1.271528410228216943e+00,1.767847273421596921e-01
-1.271528410228216943e+00,1.767847273421596921e-01
-1.382421618209871861e+00,1.284452521246650936e-01
-1.268667153188283825e+00,7.388655745983635503e-02
-1.268667153188283825e+00,7.388655745983635503e-02
-1.268667153188283825e+00,7.388655745983635503e-02
-1.076385600562541622e+00,-1.638854772011667793e-02
-9.707207418469354643e-01,9.835780879945694999e-02
-9.707207418469354643e-01,9.835780879945694999e-02
-9.202494902693965084e-01,4.994209412587938962e-02
-1.082963254712772327e+00,5.629800447917924361e-02
-1.082963254712772327e+00,5.629800447917924361e-02
-1.257274911360023673e+00,-2.106940681549953481e-02
-1.257274911360023673e+00,-2.106940681549953481e-02
-1.257274911360023673e+00,-2.106940681549953481e-02
-1.257274911360023673e+00,-2.106940681549953481e-02
-1.241448789025626054e+00,6.825316912784845647e-02
-1.241448789025626054e+00,6.825316912784845647e-02
-1.225385226263991045e+00,-3.785666719633648536e-02
-1.134652100270323594e+00,1.587381628216988638e-01
-1.226210284897349290e+00,1.682820015694196647e-01
-1.226210284897349290e+00,1.682820015694196647e-01
-1.226210284897349290e+00,1.682820015694196647e-01
-1.226210284897349290e+00,1.682820015694196647e-01
-1.226210284897349290e+00,1.682820015694196647e-01
-1.226210284897349290e+00,1.682820015694196647e-01
-1.226210284897349290e+00,1.682820015694196647e-01
-1.107886184691543097e+00,6.063049446760242212e-02
-1.107886184691543097e+00,6.063049446760242212e-02
-1.244343090878903713e+00,-8.682693103995216266e-02
-1.244343090878903713e+00,-8.682693103995216266e-02
-1.244343090878903713e+00,-8.682693103995216266e-02
-1.314085652384011427e+00,-4.140786186579455824e-02
-1.314085652384011427e+00,-4.140786186579455824e-02
-1.314085652384011427e+00,-4.140786186579455824e-02
-1.314085652384011427e+00,-4.140786186579455824e-02
-1.356761064840365183e+00,1.580689579373349002e-02
-1.412148047455872302e+00,-2.288703305014266193e-02
-1.412148047455872302e+00,-2.288703305014266193e-02
-1.412148047455872302e+00,-2.288703305014266193e-02
-1.412148047455872302e+00,-2.288703305014266193e-02
-1.252836699003069931e+00,7.016281504143437320e-02
-1.252836699003069931e+00,7.016281504143437320e-02
-1.342894810451801924e+00,-3.189409333463867624e-02
-1.337850118184657822e+00,-3.320244756601099106e-02
-1.337850118184657822e+00,-3.320244756601099106e-02
-1.253863240732391748e+00,1.456529291606351029e-01
-1.253863240732391748e+00,1.456529291606351029e-01
-1.369135430088391336e+00,-1.027935282663091920e-01
-1.353101476287785765e+00,-1.555070843099020661e-01
-1.353101476287785765e+00,-1.555070843099020661e-01
-1.353101476287785765e+00,-1.555070843099020661e-01
-1.353101476287785765e+00,-1.555070843099020661e-01
-1.353101476287785765e+00,-1.555070843099020661e-01
-1.424631133275735539e+00,2.953624953765832117e-03
-1.424631133275735539e+00,2.953624953765832117e-03
-1.424631133275735539e+00,2.953624953765832117e-03
-1.424631133275735539e+00,2.953624953765832117e-03
-1.357339249184622343e+00,-1.511637125944644347e-02
-1.357339249184622343e+00,-1.511637125944644347e-02
-1.357339249184622343e+00,-1.511637125944644347e-02
-1.357339249184622343e+00,-1.511637125944644347e-02
-1.357339249184622343e+00,-1.511637125944644347e-02
-1.357339249184622343e+00,-1.511637125944644347e-02
-1.357339249184622343e+00,-1.511637125944644347e-02
-1.357339249184622343e+00,-1.511637125944644347e-02
-1.105931267415730002e+00,-2.052495463631374625e-02
-1.105931267415730002e+00,-2.052495463631374625e-02
-1.279079822317105375e+00,1.058296130195003487e-01
-1.342509972757228054e+00,1.190859367030556865e-01
-1.342509972757228054e+00,1.190859367030556865e-01
-1.342509972757228054e+00,1.190859367030556865e-01
-1.178928277002311953e+00,-3.883252727411608263e-02
-1.178928277002311953e+00,-3.883252727411608263e-02
-1.178928277002311953e+00,-3.883252727411608263e-02
-1.178928277002311953e+00,-3.883252727411608263e-02
-1.197966382688533393e+00,3.577845256377157335e-02
-1.197966382688533393e+00,3.577845256377157335e-02
-1.197966382688533393e+00,3.577845256377157335e-02
-1.197966382688533393e+00,3.577845256377157335e-02
-1.173725385827021572e+00,1.266925241695588400e-01
-1.173725385827021572e+00,1.266925241695588400e-01
-1.173725385827021572e+00,1.266925241695588400e-01
-1.173725385827021572e+00,1.266925241695588400e-01
-1.173725385827021572e+00,1.266925241695588400e-01
-1.173725385827021572e+00,1.266925241695588400e-01
-1.170766269290305139e+00,1.752540750111437617e-01
-1.305810783129506714e+00,5.364957267493364323e-03
-1.305810783129506714e+00,5.364957267493364323e-03
-1.305810783129506714e+00,5.364957267493364323e-03
-1.305810783129506714e+00,5.364957267493364323e-03
-1.312216915518537474e+00,6.922259978442994732e-02
-1.312216915518537474e+00,6.922259978442994732e-02
-1.216996615423460826e+00,1.050530723747375578e-01
-1.326865699126630549e+00,4.165327541059768435e-02
-1.269203295058977332e+00,-6.101293876674497574e-03
-1.282121021195481880e+00,5.801646493772042584e-02
-1.282121021195481880e+00,5.801646493772042584e-02
-1.282121021195481880e+00,5.801646493772042584e-02
-1.282121021195481880e+00,5.801646493772042584e-02
-1.282121021195481880e+00,5.801646493772042584e-02
-1.106003865238818218e+00,-3.811695022603033695e-02
-1.146148795677011112e+00,6.989307698469515717e-02
-1.146148795677011112e+00,6.989307698469515717e-02
-1.146148795677011112e+00,6.989307698469515717e-02
-1.408341813985674040e+00,1.004606702679183561e-01
-1.408341813985674040e+00,1.004606702679183561e-01
-1.352527920758455293e+00,1.067536548757623688e-01
-1.352527920758455293e+00,1.067536548757623688e-01
-1.352527920758455293e+00,1.067536548757623688e-01
-1.352527920758455293e+00,1.067536548757623688e-01
-1.238585093941535709e+00,-2.628736867809929045e-02
-1.238585093941535709e+00,-2.628736867809929045e-02
-1.238585093941535709e+00,-2.628736867809929045e-02
-1.238585093941535709e+00,-2.628736867809929045e-02
-1.238585093941535709e+00,-2.628736867809929045e-02
-1.365110947663185303e+00,-2.112141511181554049e-02
-1.351893138186238907e+00,-1.331784111752869898e-03
-1.260307944095380828e+00,-6.738965316004612294e-02
-1.260307944095380828e+00,-6.738965316004612294e-02
-1.260307944095380828e+00,-6.738965316004612294e-02
-1.260307944095380828e+00,-6.738965316004612294e-02
-1.182598470821900616e+00,-7.180592870054217092e-02
-1.182598470821900616e+00,-7.180592870054217092e-02
-1.182598470821900616e+00,-7.180592870054217092e-02
-1.182598470821900616e+00,-7.180592870054217092e-02
-1.182598470821900616e+00,-7.180592870054217092e-02
-1.241456993663937025e+00,-6.906604173599814600e-02
-1.240990248167133103e+00,-9.717499245707410249e-02
-1.240990248167133103e+00,-9.717499245707410249e-02
-1.148490571516236569e+00,-1.535567421753793182e-02
-1.148490571516236569e+00,-1.535567421753793182e-02
-1.158204786501032535e+00,-5.185202087590251585e-02
-1.158204786501032535e+00,-5.185202087590251585e-02
-1.158204786501032535e+00,-5.185202087590251585e-02
-1.158204786501032535e+00,-5.185202087590251585e-02
-1.158204786501032535e+00,-5.185202087590251585e-02
-1.158204786501032535e+00,-5.185202087590251585e-02
-1.158204786501032535e+00,-5.185202087590251585e-02
-1.302251033099605770e+00,-3.806424780658925616e-02
-1.302251033099605770e+00,-3.806424780658925616e-02
-1.302251033099605770e+00,-3.806424780658925616e-02
-1.302251033099605770e+00,-3.806424780658925616e-02
-1.302251033099605770e+00,-3.806424780658925616e-02
-1.302251033099605770e+00,-3.806424780658925616e-02
-1.302251033099605770e+00,-3.806424780658925616e-02
-1.302251033099605770e+00,-3.806424780658925616e-02
-1.302251033099605770e+00,-3.806424780658925616e-02
-1.302251033099605770e+00,-3.806424780658925616e-02
-1.302251033099605770e+00,-3.806424780658925616e-02
-1.302251033099605770e+00,-3.806424780658925616e-02
-1.302251033099605770e+00,-3.806424780658925616e-02
-1.302251033099605770e+00,-3.806424780658925616e-02
-1.214766977023159722e+00,1.022098375885657773e-01
-1.189449653874273372e+00,7.292780334306075973e-02
-1.189449653874273372e+00,7.292780334306075973e-02
-1.189449653874273372e+00,7.292780334306075973e-02
-1.189449653874273372e+00,7.292780334306075973e-02
-1.449413680950262462e+00,-6.106838065114439384e-02
-1.019980279309371074e+00,1.334217751558321174e-01
-1.019980279309371074e+00,1.334217751558321174e-01
-1.174258102260701486e+00,8.495456078030552693e-03
-1.034748409783769585e+00,4.468616764182480050e-02
-1.034748409783769585e+00,4.468616764182480050e-02
-1.184174697975192592e+00,-1.419312282737931752e-01
-1.140315737355874770e+00,-8.154924941657448745e-02
-1.140315737355874770e+00,-8.154924941657448745e-02
-1.140315737355874770e+00,-8.154924941657448745e-02
-1.140315737355874770e+00,-8.154924941657448745e-02
-1.140315737355874770e+00,-8.154924941657448745e-02
-1.389799534257025071e+00,-8.216921608628025009e-03
-1.141161103434959800e+00,-2.797077054583399502e-01
-1.141161103434959800e+00,-2.797077054583399502e-01
-1.016358607530852831e+00,-9.828400856632243943e-02
-1.133466357401176516e+00,-6.079319309000571353e-02
-1.105007148485394497e+00,9.601167794177939419e-02
-1.105007148485394497e+00,9.601167794177939419e-02
-1.379748369135742836e+00,7.980422411739265809e-02
-1.214998213075302536e+00,1.091840399474108686e-01
-1.436247223893744041e+00,4.401111848917324543e-02
-1.436247223893744041e+00,4.401111848917324543e-02
-1.436247223893744041e+00,4.401111848917324543e-02
-1.490122636223514707e+00,-4.168820673737751170e-02
-1.490122636223514707e+00,-4.168820673737751170e-02
-1.547126269250419739e+00,7.271947121606087139e-03
-1.465687568900521320e+00,-6.704732060881336830e-02
-1.415920750689831253e+00,-1.393649697242269891e-01
-1.415920750689831253e+00,-1.393649697242269891e-01
-1.415920750689831253e+00,-1.393649697242269891e-01
-1.350372649451257789e+00,-7.251716829326507185e-02
-1.350372649451257789e+00,-7.251716829326507185e-02
-1.481464127439645839e+00,-1.223417211151837936e-02
-1.481464127439645839e+00,-1.223417211151837936e-02
-1.229551179116242343e+00,2.361930525183916774e-02
-1.229551179116242343e+00,2.361930525183916774e-02
-1.229551179116242343e+00,2.361930525183916774e-02
-1.229551179116242343e+00,2.361930525183916774e-02
-1.229551179116242343e+00,2.361930525183916774e-02
-1.229551179116242343e+00,2.361930525183916774e-02
-1.229551179116242343e+00,2.361930525183916774e-02
-1.198163776348680765e+00,1.148741154443126411e-01
-1.198163776348680765e+00,1.148741154443126411e-01
-1.174676223889173698e+00,-1.451767366042505669e-02
-1.174676223889173698e+00,-1.451767366042505669e-02
-1.260719816766671997e+00,-8.521547724485611930e-02
-1.304536942774777053e+00,-4.657710209877694019e-03
-1.491376318677177126e+00,6.459616982622183590e-02
-1.352334518596102209e+00,1.623139512702030940e-01
-1.311829181160259594e+00,4.982914473928416743e-02
-1.272144787556349410e+00,2.087824326787068308e-01
-1.342688240026152391e+00,1.310968992790427223e-01
-1.411095189738509115e+00,-9.006872092793424822e-02
-1.411095189738509115e+00,-9.006872092793424822e-02
-1.111901690105690177e+00,5.524711628615466830e-02
-1.111901690105690177e+00,5.524711628615466830e-02
-1.177377940867063488e+00,1.258890812480928934e-01
-1.416715186599231791e+00,4.546604838242536417e-02
-1.416715186599231791e+00,4.546604838242536417e-02
-1.416715186599231791e+00,4.546604838242536417e-02
-1.416715186599231791e+00,4.546604838242536417e-02
-1.416715186599231791e+00,4.546604838242536417e-02
-1.416715186599231791e+00,4.546604838242536417e-02
-1.416715186599231791e+00,4.546604838242536417e-02
-1.416715186599231791e+00,4.546604838242536417e-02
-1.416715186599231791e+00,4.546604838242536417e-02
-1.414484230149726018e+00,-7.037606282444194838e-02
-1.414484230149726018e+00,-7.037606282444194838e-02
-1.414484230149726018e+00,-7.037606282444194838e-02
-1.414484230149726018e+00,-7.037606282444194838e-02
-1.459903490297723039e+00,9.156453220769580903e-02
-1.459903490297723039e+00,9.156453220769580903e-02
-1.459903490297723039e+00,9.156453220769580903e-02
-1.286152365918671325e+00,1.613759120114513501e-01
-1.286152365918671325e+00,1.613759120114513501e-01
-1.286152365918671325e+00,1.613759120114513501e-01
-1.261378620046251564e+00,-1.846493987490244182e-02
-1.261378620046251564e+00,-1.846493987490244182e-02
-1.261378620046251564e+00,-1.846493987490244182e-02
-1.261378620046251564e+00,-1.846493987490244182e-02
-1.261378620046251564e+00,-1.846493987490244182e-02
-1.261378620046251564e+00,-1.846493987490244182e-02
-1.184744926040748103e+00,-1.870820221571317110e-01
-1.184744926040748103e+00,-1.870820221571317110e-01
-1.184744926040748103e+00,-1.870820221571317110e-01
-1.184744926040748103e+00,-1.870820221571317110e-01
-1.184744926040748103e+00,-1.870820221571317110e-01
-1.184744926040748103e+00,-1.870820221571317110e-01
-1.184744926040748103e+00,-1.870820221571317110e-01
-1.184744926040748103e+00,-1.870820221571317110e-01
-1.402118398591317927e+00,1.242247845459109046e-01
-9.916246164155567699e-01,1.268235766101513950e-01
-1.102644371944725643e+00,1.288104138097742324e-01
-1.102644371944725643e+00,1.288104138097742324e-01
-1.102644371944725643e+00,1.288104138097742324e-01
-1.102644371944725643e+00,1.288104138097742324e-01
-1.102644371944725643e+00,1.288104138097742324e-01
-1.063486974665766471e+00,-8.273197949163799136e-02
-1.063486974665766471e+00,-8.273197949163799136e-02
-1.163320363347926989e+00,-2.814631164422243259e-01
-1.341555355402672456e+00,-1.939549794383738646e-01
-1.297298127359765241e+00,-2.154680732981270608e-02
-1.421205716330739666e+00,-4.607674019599439230e-02
-1.421205716330739666e+00,-4.607674019599439230e-02
-1.421205716330739666e+00,-4.607674019599439230e-02
-1.348840454653116527e+00,3.388946977618810530e-02
-1.348840454653116527e+00,3.388946977618810530e-02
-1.139077962049972248e+00,2.007977654721271321e-03
-1.139077962049972248e+00,2.007977654721271321e-03
-1.139077962049972248e+00,2.007977654721271321e-03
-1.139077962049972248e+00,2.007977654721271321e-03
-1.139077962049972248e+00,2.007977654721271321e-03
-1.139077962049972248e+00,2.007977654721271321e-03
-1.139077962049972248e+00,2.007977654721271321e-03
-1.183330723953466057e+00,1.143367420172485271e-01
-1.405605591168954227e+00,-3.046176227049365859e-02
-1.357585089066854822e+00,-1.477330298799583996e-01
-1.241492721936905630e+00,-1.499427926703522373e-01
-1.431484829058259578e+00,1.160501189706099334e-01
-1.431484829058259578e+00,1.160501189706099334e-01
-1.431484829058259578e+00,1.160501189706099334e-01
-1.447097913139806069e+00,1.121838923118569226e-01
-1.218123800376581300e+00,1.598930382511844495e-01
-1.218123800376581300e+00,1.598930382511844495e-01
-1.339488607775058071e+00,1.308838215528999038e-01
-1.339488607775058071e+00,1.308838215528999038e-01
-1.339488607775058071e+00,1.308838215528999038e-01
-1.043560441965557306e+00,2.153562015651392381e-01
-1.043560441965557306e+00,2.153562015651392381e-01
-1.043560441965557306e+00,2.153562015651392381e-01
-1.277833289743174783e+00,-3.392374031287617719e-02
-1.277833289743174783e+00,-3.392374031287617719e-02
-1.277833289743174783e+00,-3.392374031287617719e-02
-1.277833289743174783e+00,-3.392374031287617719e-02
-1.237453245751777731e+00,1.196346481861236544e-01
-1.237453245751777731e+00,1.196346481861236544e-01
-1.237453245751777731e+00,1.196346481861236544e-01
-1.442825048664019061e+00,1.342200302283728386e-01
-1.311005967534403904e+00,-2.216824052709059911e-02
-1.311005967534403904e+00,-2.216824052709059911e-02
-1.311005967534403904e+00,-2.216824052709059911e-02
-1.300149375518758532e+00,6.867409339976135452e-04
-1.300149375518758532e+00,6.867409339976135452e-04
-1.300149375518758532e+00,6.867409339976135452e-04
-1.300149375518758532e+00,6.867409339976135452e-04
-1.300149375518758532e+00,6.867409339976135452e-04
-1.301564234990450375e+00,4.208430875556005979e-02
-1.121903196060732855e+00,1.042172493969043268e-01
-1.121903196060732855e+00,1.042172493969043268e-01
-1.030400522242906236e+00,1.040736300539557152e-01
-1.021086428224194931e+00,8.491346658375478751e-02
-1.045961719716194560e+00,6.255781792182249501e-02
-1.045961719716194560e+00,6.255781792182249501e-02
-1.069327303202945112e+00,-6.192135525564769483e-02
-1.069327303202945112e+00,-6.192135525564769483e-02
-1.069327303202945112e+00,-6.192135525564769483e-02
-1.140005876349208691e+00,-8.250604697296028134e-02
-1.140005876349208691e+00,-8.250604697296028134e-02
-1.140005876349208691e+00,-8.250604697296028134e-02
-1.248819275521249939e+00,-5.543866691448667144e-02
-1.248819275521249939e+00,-5.543866691448667144e-02
-9.412742387772992103e-01,-8.897296095546361472e-02
-1.120286907732352066e+00,-1.271184468962875402e-01
-1.120286907732352066e+00,-1.271184468962875402e-01
-1.164589104726762248e+00,-1.294611640335262548e-01
-1.164589104726762248e+00,-1.294611640335262548e-01
-1.164589104726762248e+00,-1.294611640335262548e-01
-1.209081559117077376e+00,-7.354761344802600298e-02
-1.222713532074559462e+00,-5.136756211835659391e-02
-1.222713532074559462e+00,-5.136756211835659391e-02
-1.222713532074559462e+00,-5.136756211835659391e-02
-1.222713532074559462e+00,-5.136756211835659391e-02
-1.307930973692946752e+00,-7.797286748538095891e-02
-1.238156688872741551e+00,9.688394420509685578e-02
-1.096430733533097168e+00,-4.242866742196552132e-03
-1.096430733533097168e+00,-4.242866742196552132e-03
-1.096430733533097168e+00,-4.242866742196552132e-03
-1.212345135624563364e+00,4.023163583679449998e-03
-1.212345135624563364e+00,4.023163583679449998e-03
-1.212345135624563364e+00,4.023163583679449998e-03
-1.212345135624563364e+00,4.023163583679449998e-03
-1.212345135624563364e+00,4.023163583679449998e-03
-1.212345135624563364e+00,4.023163583679449998e-03
-1.212345135624563364e+00,4.023163583679449998e-03
-1.191589028258914995e+00,5.387288379469614558e-02
-1.191589028258914995e+00,5.387288379469614558e-02
-1.154158722313505026e+00,1.549818760087557368e-01
-1.154158722313505026e+00,1.549818760087557368e-01
-1.154158722313505026e+00,1.549818760087557368e-01
-1.154158722313505026e+00,1.549818760087557368e-01
-1.154158722313505026e+00,1.549818760087557368e-01
-1.154158722313505026e+00,1.549818760087557368e-01
-1.223208232180734045e+00,-1.576066162184988628e-01
-1.223208232180734045e+00,-1.576066162184988628e-01
-1.326073161374261566e+00,-1.123074337800980260e-01
-1.326073161374261566e+00,-1.123074337800980260e-01
-1.239639824887351027e+00,4.353811445775460087e-02
-1.239639824887351027e+00,4.353811445775460087e-02
-1.239639824887351027e+00,4.353811445775460087e-02
-1.239639824887351027e+00,4.353811445775460087e-02
-1.326404537093156755e+00,-5.284237419945314596e-02
-1.412034196161854105e+00,-2.764446897580307913e-02
-1.348834256725071956e+00,1.996649499473708567e-03
-1.348834256725071956e+00,1.996649499473708567e-03
-1.265724564801750329e+00,4.468805830448282362e-02
-1.213541518853739731e+00,6.186596237892769135e-02
-1.310650823099037243e+00,-9.569763315604457032e-02
-1.310650823099037243e+00,-9.569763315604457032e-02
-1.310650823099037243e+00,-9.569763315604457032e-02
-1.310650823099037243e+00,-9.569763315604457032e-02
-1.310650823099037243e+00,-9.569763315604457032e-02
-1.310650823099037243e+00,-9.569763315604457032e-02
-1.504109073214409342e+00,-1.101924933928329908e-01
-1.504109073214409342e+00,-1.101924933928329908e-01
-1.504109073214409342e+00,-1.101924933928329908e-01
-1.523999137215928945e+00,2.853252289443583556e-02
-1.500833696584067622e+00,4.572172582556092990e-03
-1.500833696584067622e+00,4.572172582556092990e-03
-1.500833696584067622e+00,4.572172582556092990e-03
-1.438002802301902028e+00,7.610079669807784386e-02
-1.438002802301902028e+00,7.610079669807784386e-02
-1.438002802301902028e+00,7.610079669807784386e-02
-1.438002802301902028e+00,7.610079669807784386e-02
-1.457540177573396489e+00,-1.702564033469475546e-01
-1.457540177573396489e+00,-1.702564033469475546e-01
-1.457540177573396489e+00,-1.702564033469475546e-01
-1.457540177573396489e+00,-1.702564033469475546e-01
-1.457540177573396489e+00,-1.702564033469475546e-01
-1.324517016767871702e+00,-2.597808393314626763e-02
-1.324517016767871702e+00,-2.597808393314626763e-02
-1.324517016767871702e+00,-2.597808393314626763e-02
-1.126607139761713894e+00,1.199136507917629435e-01
-1.098567815116538338e+00,1.827396919827675714e-01
-1.098567815116538338e+00,1.827396919827675714e-01
-1.098567815116538338e+00,1.827396919827675714e-01
-1.067590677693111889e+00,-1.941382900844168535e-03
-1.093060768891731316e+00,-9.051853378777674486e-02
-1.253655324919014324e+00,-1.195194066704553942e-01
-1.368778637616968386e+00,6.476211978208533393e-02
-1.331531117166777189e+00,-1.168898571678765597e-02
-1.331531117166777189e+00,-1.168898571678765597e-02
-1.224541136103537431e+00,3.035895502942638213e-01
-1.034233403229064097e+00,1.868152743470542221e-01
-1.034233403229064097e+00,1.868152743470542221e-01
-1.124647238956850703e+00,4.892829309108087665e-03
-1.161096146934011086e+00,-8.948679756676475305e-02
-1.129671827202423096e+00,3.191549162679592488e-02
-1.129671827202423096e+00,3.191549162679592488e-02
-1.129671827202423096e+00,3.191549162679592488e-02
-1.234103220710194293e+00,-1.308386829314147626e-01
-1.157515646366178652e+00,7.086560715120332477e-02
-1.157515646366178652e+00,7.086560715120332477e-02
-1.157515646366178652e+00,7.086560715120332477e-02
-1.157515646366178652e+00,7.086560715120332477e-02
-1.157515646366178652e+00,7.086560715120332477e-02
-1.157515646366178652e+00,7.086560715120332477e-02
-1.157515646366178652e+00,7.086560715120332477e-02
-1.412703805825486381e+00,8.826381337878447253e-02
-1.381001942867839283e+00,-2.330281912071265060e-02
-1.381001942867839283e+00,-2.330281912071265060e-02
-1.381001942867839283e+00,-2.330281912071265060e-02
-1.381001942867839283e+00,-2.330281912071265060e-02
-1.381001942867839283e+00,-2.330281912071265060e-02
-1.312214820437025864e+00,1.678381522276632676e-02
-1.304264625760165552e+00,-9.789046208233007085e-02
-1.304264625760165552e+00,-9.789046208233007085e-02
-1.431780172381304617e+00,3.886558605413883982e-02
-1.431780172381304617e+00,3.886558605413883982e-02
-1.431780172381304617e+00,3.886558605413883982e-02
-1.431780172381304617e+00,3.886558605413883982e-02
-1.410087868837046843e+00,2.790734023486842741e-01
-1.354632969801033315e+00,2.821043756300342653e-01
-1.115816261952170541e+00,1.839794143240165991e-01
-1.115816261952170541e+00,1.839794143240165991e-01
-1.094276700691671822e+00,-8.295780012557640859e-02
-1.222062414607038017e+00,-4.760804688267637058e-02
-1.222062414607038017e+00,-4.760804688267637058e-02
-1.222062414607038017e+00,-4.760804688267637058e-02
-1.314075001502350126e+00,3.864970929512685088e-02
-1.314075001502350126e+00,3.864970929512685088e-02
-1.314075001502350126e+00,3.864970929512685088e-02
-1.210378918123143688e+00,-9.408640318673885949e-02
-1.210378918123143688e+00,-9.408640318673885949e-02
-1.277997973129610276e+00,3.963417030054114387e-02
-1.191315874341004166e+00,-1.260012650934404232e-02
-1.191315874341004166e+00,-1.260012650934404232e-02
-1.120739726319123886e+00,-3.974377938997929183e-02
-1.330344040018529794e+00,-1.192225538532140222e-01
-1.390386829117580048e+00,-8.245235493228887658e-02
-1.299472242516750864e+00,2.334492793103142838e-01
-1.254270476972614290e+00,1.489248347818719065e-01
-1.151872882128277764e+00,1.254662522044871498e-01
-1.151872882128277764e+00,1.254662522044871498e-01
-1.176545416434696456e+00,-5.099714521045406457e-02
-1.252516445970619730e+00,8.775765931233603379e-02
-1.252516445970619730e+00,8.775765931233603379e-02
-1.252516445970619730e+00,8.775765931233603379e-02
-1.252516445970619730e+00,8.775765931233603379e-02
-1.252516445970619730e+00,8.775765931233603379e-02
-1.394800179887716984e+00,1.984426884743337727e-01
-1.394800179887716984e+00,1.984426884743337727e-01
-1.394800179887716984e+00,1.984426884743337727e-01
-1.395574521476965701e+00,1.474381978501191348e-01
-1.216276305417363091e+00,1.068997304898866851e-01
-1.216276305417363091e+00,1.068997304898866851e-01
-1.062369864677382703e+00,1.016409474332598262e-01
-1.062369864677382703e+00,1.016409474332598262e-01
-9.779441138967828184e-01,-6.500708638553340246e-02
-9.730816720148003363e-01,-5.987443210930093462e-02
-9.730816720148003363e-01,-5.987443210930093462e-02
-9.730816720148003363e-01,-5.987443210930093462e-02
-9.730816720148003363e-01,-5.987443210930093462e-02
-9.730816720148003363e-01,-5.987443210930093462e-02
-1.118451972881900680e+00,-8.584309300422224287e-02
-1.118451972881900680e+00,-8.584309300422224287e-02
-1.118451972881900680e+00,-8.584309300422224287e-02
-1.118451972881900680e+00,-8.584309300422224287e-02
-1.266270951900853259e+00,-5.217852317816517455e-02
-1.266270951900853259e+00,-5.217852317816517455e-02
-1.269473617718947844e+00,-8.995282942642311708e-03
-1.423341630034719030e+00,-1.246421191794391536e-01
-1.423341630034719030e+00,-1.246421191794391536e-01
-1.423341630034719030e+00,-1.246421191794391536e-01
-1.325442420206078387e+00,-7.281744466630168944e-02
-1.343199119342590953e+00,-1.288931197774803028e-01
-1.343199119342590953e+00,-1.288931197774803028e-01
-1.280410416139363683e+00,9.780860608600364103e-02
-1.280410416139363683e+00,9.780860608600364103e-02
-1.280410416139363683e+00,9.780860608600364103e-02
-1.280410416139363683e+00,9.780860608600364103e-02
-1.106214952956876996e+00,1.831434830619473875e-01
-1.312253915738008647e+00,4.929373500208134029e-02
-1.312253915738008647e+00,4.929373500208134029e-02
-1.312253915738008647e+00,4.929373500208134029e-02
-1.153979480083903830e+00,1.319736889553932979e-01
-1.153979480083903830e+00,1.319736889553932979e-01
-1.153979480083903830e+00,1.319736889553932979e-01
-1.153979480083903830e+00,1.319736889553932979e-01
-1.175384239857417246e+00,7.575814246900935967e-02
-1.188429757456488156e+00,-3.904243276441381194e-02
-1.197134602259037450e+00,-8.238227882010071279e-02
-1.041869051319753270e+00,-8.270462504028512629e-02
-1.150238498617648597e+00,-3.156527501284304288e-02
-1.150238498617648597e+00,-3.156527501284304288e-02
-1.150238498617648597e+00,-3.156527501284304288e-02
-1.150238498617648597e+00,-3.156527501284304288e-02
-1.089487253393506050e+00,4.813930051905573188e-02
-1.203233444248851480e+00,9.621819651630664216e-02
-1.203233444248851480e+00,9.621819651630664216e-02
-1.063429843912601980e+00,-3.051277581154360208e-02
-1.063429843912601980e+00,-3.051277581154360208e-02
-1.063429843912601980e+00,-3.051277581154360208e-02
-1.176522772788400673e+00,-1.240990789926315341e-01
-1.176522772788400673e+00,-1.240990789926315341e-01
-1.056799027266126512e+00,-5.792113781601820888e-02
-1.056799027266126512e+00,-5.792113781601820888e-02
-1.177792797007678249e+00,-4.107109114339588252e-02
-1.177792797007678249e+00,-4.107109114339588252e-02
-1.177792797007678249e+00,-4.107109114339588252e-02
-1.177792797007678249e+00,-4.107109114339588252e-02
-1.177792797007678249e+00,-4.107109114339588252e-02
-1.177792797007678249e+00,-4.107109114339588252e-02
-1.177792797007678249e+00,-4.107109114339588252e-02
-1.177792797007678249e+00,-4.107109114339588252e-02
-1.177792797007678249e+00,-4.107109114339588252e-02
-1.177792797007678249e+00,-4.107109114339588252e-02
-1.290746484146976902e+00,2.228444854998040681e-03
-1.290746484146976902e+00,2.228444854998040681e-03
-1.289341305487519351e+00,-4.379677981473482917e-02
-1.289341305487519351e+00,-4.379677981473482917e-02
-1.222380184669545011e+00,3.181826487929351188e-02
-1.221067096071755786e+00,-1.312525616655885741e-01
-1.221067096071755786e+00,-1.312525616655885741e-01
-1.199927882108660526e+00,-1.312789826061926124e-01
-1.286253967699305001e+00,-4.357853848823585452e-02
-1.276930147128846782e+00,-5.240601861499849523e-02
-1.276930147128846782e+00,-5.240601861499849523e-02
-1.128101876874692655e+00,7.684033336109341583e-03
-1.128101876874692655e+00,7.684033336109341583e-03
-1.128101876874692655e+00,7.684033336109341583e-03
-1.144090919429855413e+00,-3.429828121883313208e-02
-1.144090919429855413e+00,-3.429828121883313208e-02
-1.203033130086715641e+00,-7.587737248756123987e-03
-1.203033130086715641e+00,-7.587737248756123987e-03
-1.203033130086715641e+00,-7.587737248756123987e-03
-1.203033130086715641e+00,-7.587737248756123987e-03
-1.246834319619443798e+00,-1.409755608724324594e-01
-1.246834319619443798e+00,-1.409755608724324594e-01
-1.428484738909185703e+00,1.169031641094497864e-02
-1.428484738909185703e+00,1.169031641094497864e-02
-1.428484738909185703e+00,1.169031641094497864e-02
-1.428484738909185703e+00,1.169031641094497864e-02
-1.296000975114351306e+00,-4.586645044395351589e-02
-1.296000975114351306e+00,-4.586645044395351589e-02
-1.296000975114351306e+00,-4.586645044395351589e-02
-1.296000975114351306e+00,-4.586645044395351589e-02
-1.296000975114351306e+00,-4.586645044395351589e-02
-1.187982456855666946e+00,1.518965304108280123e-02
-1.187982456855666946e+00,1.518965304108280123e-02
-1.114257128957987897e+00,4.085465365734734788e-02
-1.114257128957987897e+00,4.085465365734734788e-02
-1.114257128957987897e+00,4.085465365734734788e-02
-1.172702994484191796e+00,-6.089624674537853777e-02
-1.426538768541249169e+00,-7.589178393395969169e-02
-1.298503895662692864e+00,2.013333816167042767e-03
-1.298503895662692864e+00,2.013333816167042767e-03
-1.264450809369234152e+00,8.807993087810059296e-02
-1.314006246379464393e+00,1.075105336021459079e-01
-1.314006246379464393e+00,1.075105336021459079e-01
-1.314006246379464393e+00,1.075105336021459079e-01
-1.314006246379464393e+00,1.075105336021459079e-01
-1.314006246379464393e+00,1.075105336021459079e-01
-1.314006246379464393e+00,1.075105336021459079e-01
-1.307628642374150107e+00,1.213582302781286981e-01
-1.358028873720501295e+00,8.520582964771206136e-03
-1.470248029895872222e+00,-1.372903528683417848e-02
-1.444938675467043465e+00,-5.408856717289850513e-02
-1.398055313788840293e+00,-2.506863270359082074e-01
-1.136082978497644502e+00,-1.714597496643232022e-01
-1.415833851101196306e+00,-7.173895396172808026e-02
-1.415833851101196306e+00,-7.173895396172808026e-02
-1.415833851101196306e+00,-7.173895396172808026e-02
-1.381099098780453671e+00,-1.292936789546900167e-01
-1.381099098780453671e+00,-1.292936789546900167e-01
-1.381099098780453671e+00,-1.292936789546900167e-01
-1.381099098780453671e+00,-1.292936789546900167e-01
-1.427380077799253133e+00,5.567697272935270836e-02
-1.427380077799253133e+00,5.567697272935270836e-02
-1.427380077799253133e+00,5.567697272935270836e-02
-1.427380077799253133e+00,5.567697272935270836e-02
-1.401178108556981661e+00,1.238017425596892040e-01
-1.401178108556981661e+00,1.238017425596892040e-01
-1.238703058576659188e+00,-5.298724482580516315e-02
-1.404144227523250521e+00,2.804701445879100030e-02
-1.404144227523250521e+00,2.804701445879100030e-02
-1.404144227523250521e+00,2.804701445879100030e-02
-1.404144227523250521e+00,2.804701445879100030e-02
-1.404144227523250521e+00,2.804701445879100030e-02
-1.177295364408012635e+00,2.759716776184205703e-02
-1.298200824109583040e+00,9.037725180428468619e-02
-1.298200824109583040e+00,9.037725180428468619e-02
-1.167348430768663903e+00,-1.102669356287977465e-01
-1.098626712288830465e+00,-8.171035610799604054e-02
-1.227829764272383217e+00,-8.713029256431673031e-02
-1.227829764272383217e+00,-8.713029256431673031e-02
-1.227829764272383217e+00,-8.713029256431673031e-02
-1.227829764272383217e+00,-8.713029256431673031e-02
-1.290548725662190588e+00,-9.986458714220217137e-02
-1.290548725662190588e+00,-9.986458714220217137e-02
-1.290548725662190588e+00,-9.986458714220217137e-02
-1.364161177098638378e+00,9.751422161581249637e-02
-1.364161177098638378e+00,9.751422161581249637e-02
-1.364161177098638378e+00,9.751422161581249637e-02
-1.364161177098638378e+00,9.751422161581249637e-02
-1.364161177098638378e+00,9.751422161581249637e-02
-1.364161177098638378e+00,9.751422161581249637e-02
-1.190995108655685808e+00,1.606133242156022600e-01
-1.190995108655685808e+00,1.606133242156022600e-01
-1.381837443588096459e+00,-6.633057871579783882e-02
-1.381837443588096459e+00,-6.633057871579783882e-02
-1.381837443588096459e+00,-6.633057871579783882e-02
-1.381837443588096459e+00,-6.633057871579783882e-02
-1.285357867107400631e+00,-4.926731908004781946e-02
-1.285357867107400631e+00,-4.926731908004781946e-02
-1.285357867107400631e+00,-4.926731908004781946e-02
-1.285357867107400631e+00,-4.926731908004781946e-02
-1.285357867107400631e+00,-4.926731908004781946e-02
-1.285357867107400631e+00,-4.926731908004781946e-02
-1.285357867107400631e+00,-4.926731908004781946e-02
