x_model,y_model
1.074454594517310735e+00,2.547351061596745195e-02
1.133905086224392234e+00,-3.654138447612957641e-02
1.133905086224392234e+00,-3.654138447612957641e-02
1.133905086224392234e+00,-3.654138447612957641e-02
1.133905086224392234e+00,-3.654138447612957641e-02
1.141941292500251670e+00,5.645959103437712956e-02
1.141941292500251670e+00,5.645959103437712956e-02
1.141941292500251670e+00,5.645959103437712956e-02
1.141941292500251670e+00,5.645959103437712956e-02
1.141941292500251670e+00,5.645959103437712956e-02
1.054582067983631744e+00,5.290597171661450687e-02
1.054582067983631744e+00,5.290597171661450687e-02
1.011260696044307794e+00,5.165744178991333452e-02
1.144754658327899799e+00,3.435736397611750814e-03
1.144754658327899799e+00,3.435736397611750814e-03
1.144754658327899799e+00,3.435736397611750814e-03
1.188895018442958751e+00,8.749091558831606497e-02
1.188895018442958751e+00,8.749091558831606497e-02
1.188895018442958751e+00,8.749091558831606497e-02
1.188895018442958751e+00,8.749091558831606497e-02
1.341381814904740954e+00,8.532011193655639203e-02
1.341381814904740954e+00,8.532011193655639203e-02
1.341381814904740954e+00,8.532011193655639203e-02
1.341381814904740954e+00,8.532011193655639203e-02
1.341381814904740954e+00,8.532011193655639203e-02
1.069164317684315524e+00,1.235443267773464471e-02
1.069164317684315524e+00,1.235443267773464471e-02
1.069164317684315524e+00,1.235443267773464471e-02
1.175189334508106143e+00,1.660129397696049613e-01
1.227465781781463816e+00,-2.031640912478556715e-01
1.227465781781463816e+00,-2.031640912478556715e-01
1.207332233302319091e+00,-1.740049057777877106e-01
1.207332233302319091e+00,-1.740049057777877106e-01
1.207332233302319091e+00,-1.740049057777877106e-01
1.207332233302319091e+00,-1.740049057777877106e-01
1.207332233302319091e+00,-1.740049057777877106e-01
1.125059196927623351e+00,-9.825181665497807748e-02
1.125059196927623351e+00,-9.825181665497807748e-02
1.039014957637833803e+00,-1.412349797353960879e-02
1.039014957637833803e+00,-1.412349797353960879e-02
1.039014957637833803e+00,-1.412349797353960879e-02
1.004230147286879760e+00,1.558053425505358247e-02
1.004230147286879760e+00,1.558053425505358247e-02
9.859153875248782839e-01,-4.072360738248347045e-02
9.859153875248782839e-01,-4.072360738248347045e-02
9.859153875248782839e-01,-4.072360738248347045e-02
9.859153875248782839e-01,-4.072360738248347045e-02
1.023452013495411705e+00,5.396567418576467268e-02
1.061132619400518839e+00,1.849867595509131768e-01
1.061132619400518839e+00,1.849867595509131768e-01
1.061132619400518839e+00,1.849867595509131768e-01
1.061132619400518839e+00,1.849867595509131768e-01
1.068595049708789713e+00,3.302589977524314491e-02
1.068595049708789713e+00,3.302589977524314491e-02
1.068595049708789713e+00,3.302589977524314491e-02
1.068595049708789713e+00,3.302589977524314491e-02
1.068595049708789713e+00,3.302589977524314491e-02
1.068595049708789713e+00,3.302589977524314491e-02
1.203842048314154090e+00,1.645463478212586816e-01
1.203842048314154090e+00,1.645463478212586816e-01
1.099241875657653633e+00,7.914008429144712975e-02
1.099241875657653633e+00,7.914008429144712975e-02
1.099241875657653633e+00,7.914008429144712975e-02
1.365813564621314757e+00,-5.082653923466198820e-03
1.365813564621314757e+00,-5.082653923466198820e-03
1.365813564621314757e+00,-5.082653923466198820e-03
1.365813564621314757e+00,-5.082653923466198820e-03
1.365813564621314757e+00,-5.082653923466198820e-03
1.320146110253964666e+00,2.752056288387250832e-02
1.320146110253964666e+00,2.752056288387250832e-02
1.142661486379487723e+00,9.141875221973788657e-02
1.142661486379487723e+00,9.141875221973788657e-02
1.142661486379487723e+00,9.141875221973788657e-02
1.142661486379487723e+00,9.141875221973788657e-02
1.142661486379487723e+00,9.141875221973788657e-02
1.387247709075170254e+00,1.499708280666963434e-01
1.387247709075170254e+00,1.499708280666963434e-01
1.344655768104739080e+00,-8.990495212632967914e-02
1.333787203212877248e+00,-8.982158958923038006e-02
1.094379489308242803e+00,9.754759464455753371e-03
1.094379489308242803e+00,9.754759464455753371e-03
1.105259989305630075e+00,6.118721775183265377e-03
1.105259989305630075e+00,6.118721775183265377e-03
1.105259989305630075e+00,6.118721775183265377e-03
1.290003654562059232e+00,8.631132188746551415e-02
1.174769834683289771e+00,-7.024954686300896589e-02
1.111971777389352489e+00,-9.822409523434280643e-02
1.158165749707895209e+00,-5.958188654917123683e-02
1.355649749554662442e+00,1.457381844250771608e-01
1.355649749554662442e+00,1.457381844250771608e-01
1.355649749554662442e+00,1.457381844250771608e-01
1.355649749554662442e+00,1.457381844250771608e-01
1.355649749554662442e+00,1.457381844250771608e-01
1.355649749554662442e+00,1.457381844250771608e-01
1.311173317528600668e+00,3.375961048985681723e-02
1.311173317528600668e+00,3.375961048985681723e-02
1.311173317528600668e+00,3.375961048985681723e-02
1.404243417813843875e+00,1.835601520678466561e-02
1.404243417813843875e+00,1.835601520678466561e-02
1.246778009778726659e+00,-1.104837863666576908e-01
1.338609254132894666e+00,-2.225522277634087165e-02
1.338609254132894666e+00,-2.225522277634087165e-02
1.338609254132894666e+00,-2.225522277634087165e-02
1.338609254132894666e+00,-2.225522277634087165e-02
1.338609254132894666e+00,-2.225522277634087165e-02
1.338609254132894666e+00,-2.225522277634087165e-02
1.338609254132894666e+00,-2.225522277634087165e-02
1.338609254132894666e+00,-2.225522277634087165e-02
1.338609254132894666e+00,-2.225522277634087165e-02
1.235795420178762871e+00,1.203917114852352255e-01
1.235795420178762871e+00,1.203917114852352255e-01
1.302303203068027937e+00,2.435229221051163351e-02
1.302303203068027937e+00,2.435229221051163351e-02
1.302303203068027937e+00,2.435229221051163351e-02
1.445093812824705060e+00,-1.686964803338519558e-01
1.445093812824705060e+00,-1.686964803338519558e-01
1.445093812824705060e+00,-1.686964803338519558e-01
1.445093812824705060e+00,-1.686964803338519558e-01
1.322702776887056286e+00,-7.524451572317650272e-02
1.040237099382155694e+00,-2.382532579287222757e-02
1.040237099382155694e+00,-2.382532579287222757e-02
1.040237099382155694e+00,-2.382532579287222757e-02
1.040237099382155694e+00,-2.382532579287222757e-02
1.040237099382155694e+00,-2.382532579287222757e-02
1.040237099382155694e+00,-2.382532579287222757e-02
1.040237099382155694e+00,-2.382532579287222757e-02
1.069168685011004261e+00,-5.565813115938260391e-02
1.069168685011004261e+00,-5.565813115938260391e-02
1.109523665507981205e+00,-3.733378789970636519e-02
1.113741687365152666e+00,-4.936023578563335928e-02
1.113741687365152666e+00,-4.936023578563335928e-02
1.113741687365152666e+00,-4.936023578563335928e-02
1.113741687365152666e+00,-4.936023578563335928e-02
1.113741687365152666e+00,-4.936023578563335928e-02
1.122803769132302509e+00,2.161332869485915742e-03
1.122803769132302509e+00,2.161332869485915742e-03
1.122803769132302509e+00,2.161332869485915742e-03
1.216474729143007805e+00,1.671914886853826110e-01
1.204327100082661417e+00,1.596724028806681683e-01
1.204327100082661417e+00,1.596724028806681683e-01
1.204327100082661417e+00,1.596724028806681683e-01
1.225044790207433953e+00,-8.741798064489234021e-02
1.225044790207433953e+00,-8.741798064489234021e-02
1.154271582084165360e+00,-4.316860814704379101e-03
1.154271582084165360e+00,-4.316860814704379101e-03
1.154271582084165360e+00,-4.316860814704379101e-03
1.154271582084165360e+00,-4.316860814704379101e-03
1.154271582084165360e+00,-4.316860814704379101e-03
1.279251095865779897e+00,-2.678809267041555864e-01
1.279251095865779897e+00,-2.678809267041555864e-01
1.266644076438127486e+00,-1.315784167063815679e-01
1.266644076438127486e+00,-1.315784167063815679e-01
1.266644076438127486e+00,-1.315784167063815679e-01
1.347498590085792314e+00,1.284457433892056410e-01
1.264274718439797551e+00,1.638821958831395420e-01
1.264274718439797551e+00,1.638821958831395420e-01
1.264274718439797551e+00,1.638821958831395420e-01
1.264274718439797551e+00,1.638821958831395420e-01
1.420810326688496161e+00,-1.630990495461892564e-03
1.197075472900188897e+00,-1.312795198283492892e-01
1.197075472900188897e+00,-1.312795198283492892e-01
1.197075472900188897e+00,-1.312795198283492892e-01
1.247972282896699481e+00,-1.295894200210295222e-01
1.384380767870264206e+00,-6.441473078941385710e-02
1.263161619579324269e+00,-1.171542778200597296e-01
1.263161619579324269e+00,-1.171542778200597296e-01
1.126452764649558125e+00,-2.607767865294957632e-02
1.222322575054330285e+00,1.083887170311765291e-01
1.246857463209758432e+00,-8.966422394532241880e-03
1.246857463209758432e+00,-8.966422394532241880e-03
1.246857463209758432e+00,-8.966422394532241880e-03
1.417945906338575757e+00,6.851414640889288976e-02
1.338068511000591432e+00,-2.579878723944335761e-02
1.379036542751928662e+00,6.013414599351300793e-02
1.379036542751928662e+00,6.013414599351300793e-02
1.379036542751928662e+00,6.013414599351300793e-02
1.392592637620218898e+00,3.510347627210294585e-03
1.299914697503994798e+00,-1.163112195258329123e-01
1.187323604635584617e+00,-6.225140323059353414e-02
1.194928460216668542e+00,6.501118807711384062e-04
1.441316847670485179e+00,-7.009284836182291811e-02
1.441316847670485179e+00,-7.009284836182291811e-02
1.441316847670485179e+00,-7.009284836182291811e-02
1.441316847670485179e+00,-7.009284836182291811e-02
1.188717550361954478e+00,5.829205917202515130e-02
1.188717550361954478e+00,5.829205917202515130e-02
1.188717550361954478e+00,5.829205917202515130e-02
1.188717550361954478e+00,5.829205917202515130e-02
1.188717550361954478e+00,5.829205917202515130e-02
1.188717550361954478e+00,5.829205917202515130e-02
1.188717550361954478e+00,5.829205917202515130e-02
1.188717550361954478e+00,5.829205917202515130e-02
1.123124462509790700e+00,-5.183569678194971386e-03
1.123124462509790700e+00,-5.183569678194971386e-03
1.123124462509790700e+00,-5.183569678194971386e-03
1.123124462509790700e+00,-5.183569678194971386e-03
9.859509443952052532e-01,1.115307024427812793e-01
9.859509443952052532e-01,1.115307024427812793e-01
9.859509443952052532e-01,1.115307024427812793e-01
9.859509443952052532e-01,1.115307024427812793e-01
1.032177596239032713e+00,2.276764901862240453e-01
1.367082160136861901e+00,1.957051483471249353e-01
1.367082160136861901e+00,1.957051483471249353e-01
1.206993433093846102e+00,1.216830267449527797e-01
1.206993433093846102e+00,1.216830267449527797e-01
1.232893427071689807e+00,-5.594301369835859294e-02
1.232893427071689807e+00,-5.594301369835859294e-02
1.232893427071689807e+00,-5.594301369835859294e-02
1.232893427071689807e+00,-5.594301369835859294e-02
1.232893427071689807e+00,-5.594301369835859294e-02
1.232893427071689807e+00,-5.594301369835859294e-02
1.117209446324254563e+00,-3.935227047964660191e-02
1.117209446324254563e+00,-3.935227047964660191e-02
1.117209446324254563e+00,-3.935227047964660191e-02
1.117209446324254563e+00,-3.935227047964660191e-02
1.262465318713603013e+00,8.908435095466699094e-02
1.262465318713603013e+00,8.908435095466699094e-02
1.262465318713603013e+00,8.908435095466699094e-02
1.262465318713603013e+00,8.908435095466699094e-02
1.262465318713603013e+00,8.908435095466699094e-02
1.304885793195793342e+00,6.759499543517663578e-02
1.222209394353397149e+00,-5.405430987315301694e-03
1.222209394353397149e+00,-5.405430987315301694e-03
1.222209394353397149e+00,-5.405430987315301694e-03
1.281421679453838225e+00,-1.452583962675205453e-01
1.184196023699113143e+00,7.895299509695805074e-02
1.203200763145734653e+00,-9.753012988352821599e-02
1.190487925201104469e+00,-9.311491302316342311e-02
1.247922498008567249e+00,1.390498728869017375e-01
1.223786766843366847e+00,1.823128326754901440e-01
1.169187883614392298e+00,-4.186192946151659489e-02
1.169187883614392298e+00,-4.186192946151659489e-02
1.169187883614392298e+00,-4.186192946151659489e-02
1.169187883614392298e+00,-4.186192946151659489e-02
1.169187883614392298e+00,-4.186192946151659489e-02
1.169187883614392298e+00,-4.186192946151659489e-02
1.169187883614392298e+00,-4.186192946151659489e-02
1.353517523533024791e+00,7.221265133797617752e-02
1.353517523533024791e+00,7.221265133797617752e-02
1.092731989417370819e+00,-1.629642229936680009e-02
1.092731989417370819e+00,-1.629642229936680009e-02
1.245894346247520046e+00,-1.200152781685778491e-01
1.381359223064376973e+00,1.177207734523467442e-01
1.194604377179328658e+00,-4.715424285783573199e-02
1.194604377179328658e+00,-4.715424285783573199e-02
1.344936407275361345e+00,-1.625232577200770301e-01
1.344936407275361345e+00,-1.625232577200770301e-01
1.460771150262000884e+00,-1.635287170106888843e-02
1.460771150262000884e+00,-1.635287170106888843e-02
1.460771150262000884e+00,-1.635287170106888843e-02
1.401775738802063964e+00,4.686918581142510837e-03
1.401775738802063964e+00,4.686918581142510837e-03
1.401775738802063964e+00,4.686918581142510837e-03
1.401775738802063964e+00,4.686918581142510837e-03
1.401775738802063964e+00,4.686918581142510837e-03
1.236165390515113760e+00,-1.035512507091876089e-01
1.236165390515113760e+00,-1.035512507091876089e-01
1.236165390515113760e+00,-1.035512507091876089e-01
1.236165390515113760e+00,-1.035512507091876089e-01
1.318170096638362931e+00,-1.400163298358629294e-01
1.318170096638362931e+00,-1.400163298358629294e-01
1.161462252295863973e+00,-4.132683083680646630e-02
1.161462252295863973e+00,-4.132683083680646630e-02
1.161462252295863973e+00,-4.132683083680646630e-02
1.282688246179423119e+00,-8.104930477717008086e-03
1.341358895745357271e+00,-5.160047012069966105e-02
1.202336846321415909e+00,-1.049144295486547918e-01
1.273660699720821743e+00,1.206199400023593438e-01
1.228256162222387315e+00,-1.895012849212990291e-02
1.228256162222387315e+00,-1.895012849212990291e-02
1.019262023629080804e+00,1.774200170595983117e-01
1.109324506961820500e+00,6.459466371849854893e-02
1.109324506961820500e+00,6.459466371849854893e-02
1.109324506961820500e+00,6.459466371849854893e-02
1.109324506961820500e+00,6.459466371849854893e-02
1.324241912111297159e+00,-1.294506713838832201e-01
1.324241912111297159e+00,-1.294506713838832201e-01
1.234263660929662443e+00,-7.026533137622788250e-02
1.234263660929662443e+00,-7.026533137622788250e-02
1.163073222720239830e+00,3.714893122834173056e-02
1.098605829388859867e+00,9.821207874576914909e-02
1.108266677060169902e+00,-3.696712880620978137e-02
1.232615092420160208e+00,-7.043213320283117640e-02
1.279198325554034232e+00,2.058974964406900254e-01
1.279198325554034232e+00,2.058974964406900254e-01
1.279198325554034232e+00,2.058974964406900254e-01
1.142708684702444799e+00,4.141096281504846877e-02
1.142708684702444799e+00,4.141096281504846877e-02
1.220232027892450111e+00,2.091993608172408592e-03
1.283065587291552845e+00,4.561867557189396016e-02
1.283065587291552845e+00,4.561867557189396016e-02
1.130367936869761003e+00,-1.235291741356552703e-01
1.130367936869761003e+00,-1.235291741356552703e-01
1.210544336540559485e+00,-8.934433749694475901e-02
1.038447608169965841e+00,-1.584196709693553584e-01
1.140041676539259141e+00,-2.406715248802926421e-02
1.140041676539259141e+00,-2.406715248802926421e-02
1.297107970467016536e+00,-1.800948795196110341e-01
1.236405382484729643e+00,-1.923912032785635440e-01
1.365026491241968065e+00,-1.481001048804050646e-01
1.365026491241968065e+00,-1.481001048804050646e-01
1.365026491241968065e+00,-1.481001048804050646e-01
1.227023602223395127e+00,-2.673152852093130250e-02
1.115149573017445439e+00,-1.838843409459525041e-02
1.115149573017445439e+00,-1.838843409459525041e-02
1.115149573017445439e+00,-1.838843409459525041e-02
1.115149573017445439e+00,-1.838843409459525041e-02
1.383956429801175947e+00,-7.219413334562292672e-02
1.383956429801175947e+00,-7.219413334562292672e-02
1.383956429801175947e+00,-7.219413334562292672e-02
1.379754897221818544e+00,-6.797093815168600561e-02
1.379754897221818544e+00,-6.797093815168600561e-02
1.277752358164064184e+00,3.049284549202599393e-02
1.277752358164064184e+00,3.049284549202599393e-02
1.277752358164064184e+00,3.049284549202599393e-02
1.277752358164064184e+00,3.049284549202599393e-02
1.277752358164064184e+00,3.049284549202599393e-02
1.241125125884738223e+00,-7.701393443059349753e-02
1.241125125884738223e+00,-7.701393443059349753e-02
1.241125125884738223e+00,-7.701393443059349753e-02
1.241125125884738223e+00,-7.701393443059349753e-02
1.228937010190506385e+00,1.273012233398364279e-02
1.419392579243497599e+00,-2.540951352937010493e-02
1.419392579243497599e+00,-2.540951352937010493e-02
1.419392579243497599e+00,-2.540951352937010493e-02
1.439607101506881870e+00,8.685823303454792699e-02
1.439607101506881870e+00,8.685823303454792699e-02
1.389884592246666273e+00,-4.291044116886619242e-02
1.327584497064990376e+00,1.703018611062291632e-01
1.267181789652545909e+00,2.113075564940856688e-01
1.081035631907077521e+00,1.083142623678053362e-01
1.081035631907077521e+00,1.083142623678053362e-01
1.221271901077226385e+00,6.990470107640131547e-02
1.221271901077226385e+00,6.990470107640131547e-02
1.348698051978729717e+00,4.066676192286741709e-02
1.348476294856058910e+00,-8.237408133108257979e-02
1.477761475106765143e+00,-1.614573452360527905e-02
1.477761475106765143e+00,-1.614573452360527905e-02
1.477761475106765143e+00,-1.614573452360527905e-02
1.139410754844191409e+00,-1.452600382677821655e-01
1.142165790926345625e+00,-1.766654734436296503e-01
1.142165790926345625e+00,-1.766654734436296503e-01
1.048769632823116194e+00,-9.614499292441684719e-02
1.048769632823116194e+00,-9.614499292441684719e-02
1.076832818190855745e+00,-2.751165272979451404e-02
1.076832818190855745e+00,-2.751165272979451404e-02
1.076832818190855745e+00,-2.751165272979451404e-02
1.161091755480726961e+00,-4.714186235861976548e-02
1.181877370544188954e+00,-5.043237259875167633e-02
1.181877370544188954e+00,-5.043237259875167633e-02
1.181877370544188954e+00,-5.043237259875167633e-02
1.181877370544188954e+00,-5.043237259875167633e-02
1.181877370544188954e+00,-5.043237259875167633e-02
1.181877370544188954e+00,-5.043237259875167633e-02
1.181877370544188954e+00,-5.043237259875167633e-02
1.207698700523694546e+00,-3.594330933924312632e-02
1.207698700523694546e+00,-3.594330933924312632e-02
1.347653635549172613e+00,-8.871950890928156919e-02
1.347653635549172613e+00,-8.871950890928156919e-02
1.347653635549172613e+00,-8.871950890928156919e-02
1.363837511203697117e+00,3.690981406700505341e-02
1.363837511203697117e+00,3.690981406700505341e-02
1.363837511203697117e+00,3.690981406700505341e-02
1.317606844299319846e+00,1.107209207813019264e-01
1.369250821098330739e+00,1.204175693299604222e-02
1.326462259230225982e+00,-4.301579188368169493e-02
1.253976409019510463e+00,1.064421680015925631e-02
1.253976409019510463e+00,1.064421680015925631e-02
1.253976409019510463e+00,1.064421680015925631e-02
1.253976409019510463e+00,1.064421680015925631e-02
1.253976409019510463e+00,1.064421680015925631e-02
1.304072394100912691e+00,-6.945496510055559208e-03
1.304072394100912691e+00,-6.945496510055559208e-03
1.303517380915840018e+00,1.126336893764462097e-02
1.281936112883045542e+00,-6.456928790449166511e-02
1.281936112883045542e+00,-6.456928790449166511e-02
1.343521732169917104e+00,-3.741573017719075633e-02
1.343521732169917104e+00,-3.741573017719075633e-02
1.343521732169917104e+00,-3.741573017719075633e-02
1.343521732169917104e+00,-3.741573017719075633e-02
1.343521732169917104e+00,-3.741573017719075633e-02
1.343521732169917104e+00,-3.741573017719075633e-02
1.285047951199265182e+00,-9.206455000051642912e-02
1.285047951199265182e+00,-9.206455000051642912e-02
1.285047951199265182e+00,-9.206455000051642912e-02
1.285047951199265182e+00,-9.206455000051642912e-02
1.096669627000830927e+00,-5.931276690001670987e-02
1.096669627000830927e+00,-5.931276690001670987e-02
1.096669627000830927e+00,-5.931276690001670987e-02
1.115998648161811824e+00,5.602048099213192273e-02
1.115998648161811824e+00,5.602048099213192273e-02
1.110269008552786651e+00,-9.502205377015565668e-02
1.110269008552786651e+00,-9.502205377015565668e-02
1.110269008552786651e+00,-9.502205377015565668e-02
1.186889075030668650e+00,-9.052450214217273861e-02
1.167127609756164253e+00,-1.074554009076463257e-01
1.167127609756164253e+00,-1.074554009076463257e-01
1.167127609756164253e+00,-1.074554009076463257e-01
1.167127609756164253e+00,-1.074554009076463257e-01
1.167127609756164253e+00,-1.074554009076463257e-01
1.167127609756164253e+00,-1.074554009076463257e-01
1.323462284862539029e+00,-8.058543897655363886e-02
1.323462284862539029e+00,-8.058543897655363886e-02
1.217374741305148556e+00,-1.401475058489402570e-01
1.217374741305148556e+00,-1.401475058489402570e-01
1.217374741305148556e+00,-1.401475058489402570e-01
1.217374741305148556e+00,-1.401475058489402570e-01
1.217374741305148556e+00,-1.401475058489402570e-01
1.239093862842050253e+00,1.339309997928966323e-01
1.173204984206820622e+00,6.289247839384887184e-02
1.173204984206820622e+00,6.289247839384887184e-02
1.173204984206820622e+00,6.289247839384887184e-02
1.173204984206820622e+00,6.289247839384887184e-02
1.173204984206820622e+00,6.289247839384887184e-02
1.173204984206820622e+00,6.289247839384887184e-02
1.282845493564009232e+00,1.570465682000753982e-01
1.282845493564009232e+00,1.570465682000753982e-01
1.397188986911283903e+00,4.423151563715646550e-02
1.397188986911283903e+00,4.423151563715646550e-02
1.379445745428710346e+00,-2.710808605262701731e-02
1.379445745428710346e+00,-2.710808605262701731e-02
1.206630216897754071e+00,4.355255662436444131e-02
1.131303911743569257e+00,3.968356945455151635e-02
1.145707014158739545e+00,-1.148476965679630646e-01
1.331396865432456389e+00,-1.635905743947481394e-01
1.160786353948003891e+00,1.589388161618973949e-01
1.236631626268037021e+00,-3.969778278241042901e-02
1.236846498118513438e+00,5.724971725635863429e-02
1.236846498118513438e+00,5.724971725635863429e-02
1.236846498118513438e+00,5.724971725635863429e-02
1.179088223504115795e+00,9.274370851322502607e-02
1.320565149657292991e+00,-9.487511433479423051e-02
1.437169167083759191e+00,-4.893738693546657859e-02
1.437169167083759191e+00,-4.893738693546657859e-02
1.437169167083759191e+00,-4.893738693546657859e-02
1.437169167083759191e+00,-4.893738693546657859e-02
1.352279981491409488e+00,-3.179981793818493357e-02
1.352279981491409488e+00,-3.179981793818493357e-02
1.352279981491409488e+00,-3.179981793818493357e-02
1.352279981491409488e+00,-3.179981793818493357e-02
1.432562496011902331e+00,2.245589084248818534e-01
1.087374714163559686e+00,2.355209156221756972e-01
1.051033872028514615e+00,5.338394872629551036e-02
1.051033872028514615e+00,5.338394872629551036e-02
1.051033872028514615e+00,5.338394872629551036e-02
1.051033872028514615e+00,5.338394872629551036e-02
1.197146809219883146e+00,-1.275667042972614962e-01
1.082999057158682277e+00,4.591807615944998311e-02
1.094657859545745016e+00,-6.627841588234992254e-02
1.094657859545745016e+00,-6.627841588234992254e-02
1.094657859545745016e+00,-6.627841588234992254e-02
1.094657859545745016e+00,-6.627841588234992254e-02
1.301554811290427383e+00,-1.359195437184769206e-01
1.301554811290427383e+00,-1.359195437184769206e-01
1.301554811290427383e+00,-1.359195437184769206e-01
1.390743386736235543e+00,3.939396473863676640e-02
1.390743386736235543e+00,3.939396473863676640e-02
1.390743386736235543e+00,3.939396473863676640e-02
1.390743386736235543e+00,3.939396473863676640e-02
1.390743386736235543e+00,3.939396473863676640e-02
1.189461320553893087e+00,7.369880747036046398e-03
1.189461320553893087e+00,7.369880747036046398e-03
1.226979374676019141e+00,8.510976485379967080e-03
1.226979374676019141e+00,8.510976485379967080e-03
1.226979374676019141e+00,8.510976485379967080e-03
1.226979374676019141e+00,8.510976485379967080e-03
1.237267607110434708e+00,2.173153324881111834e-02
1.237267607110434708e+00,2.173153324881111834e-02
1.237267607110434708e+00,2.173153324881111834e-02
1.158503040766258874e+00,-6.011966614568799161e-03
1.158503040766258874e+00,-6.011966614568799161e-03
1.309914881737920034e+00,3.465410868561528274e-02
1.309914881737920034e+00,3.465410868561528274e-02
1.309914881737920034e+00,3.465410868561528274e-02
1.309914881737920034e+00,3.465410868561528274e-02
1.309914881737920034e+00,3.465410868561528274e-02
1.319996636127733769e+00,3.762736716501832723e-03
1.319996636127733769e+00,3.762736716501832723e-03
1.319996636127733769e+00,3.762736716501832723e-03
1.473476765635690855e+00,-3.503843605507540870e-02
1.361548326071134518e+00,-1.475057094569249827e-01
1.038906989333261865e+00,-4.114310298075243844e-02
1.038906989333261865e+00,-4.114310298075243844e-02
1.038906989333261865e+00,-4.114310298075243844e-02
9.305972307628308515e-01,1.163170490272557311e-01
1.191531896626956133e+00,2.836638019944437428e-01
1.191531896626956133e+00,2.836638019944437428e-01
1.321551329169142086e+00,2.422227391442267619e-01
1.321551329169142086e+00,2.422227391442267619e-01
1.321551329169142086e+00,2.422227391442267619e-01
1.321551329169142086e+00,2.422227391442267619e-01
1.321551329169142086e+00,2.422227391442267619e-01
1.294464682516682563e+00,-1.071856177713320646e-02
1.294464682516682563e+00,-1.071856177713320646e-02
1.294464682516682563e+00,-1.071856177713320646e-02
1.395030478281047426e+00,-4.564837013166919699e-02
1.395030478281047426e+00,-4.564837013166919699e-02
1.299049368491731249e+00,9.543618268007394989e-02
1.299049368491731249e+00,9.543618268007394989e-02
1.362256827559645611e+00,-3.107676272731965672e-03
1.362256827559645611e+00,-3.107676272731965672e-03
1.362256827559645611e+00,-3.107676272731965672e-03
1.362256827559645611e+00,-3.107676272731965672e-03
1.362256827559645611e+00,-3.107676272731965672e-03
1.362256827559645611e+00,-3.107676272731965672e-03
1.362256827559645611e+00,-3.107676272731965672e-03
1.316131272139473340e+00,-7.293724516258591473e-02
1.316131272139473340e+00,-7.293724516258591473e-02
1.165224829227128778e+00,1.619553198225009982e-02
1.165224829227128778e+00,1.619553198225009982e-02
1.165224829227128778e+00,1.619553198225009982e-02
1.165224829227128778e+00,1.619553198225009982e-02
1.165224829227128778e+00,1.619553198225009982e-02
1.065720990183326888e+00,-2.632283808463449226e-01
1.065720990183326888e+00,-2.632283808463449226e-01
1.065720990183326888e+00,-2.632283808463449226e-01
1.065720990183326888e+00,-2.632283808463449226e-01
1.119900774664774001e+00,4.567555777368098591e-02
1.119900774664774001e+00,4.567555777368098591e-02
1.240674634819950217e+00,3.614493859761077482e-02
1.329226135483470905e+00,8.605092211648887601e-02
1.329226135483470905e+00,8.605092211648887601e-02
1.212995948942057423e+00,-7.115585093058918176e-02
1.212995948942057423e+00,-7.115585093058918176e-02
1.200607596102078345e+00,-8.713576368722504573e-03
1.200607596102078345e+00,-8.713576368722504573e-03
1.200607596102078345e+00,-8.713576368722504573e-03
1.200607596102078345e+00,-8.713576368722504573e-03
1.200607596102078345e+00,-8.713576368722504573e-03
1.287445564830159483e+00,-1.096492314770750875e-01
1.287445564830159483e+00,-1.096492314770750875e-01
1.225253999024076723e+00,-4.710168466886141547e-02
1.193738258588233014e+00,-9.580957452338378921e-02
1.193738258588233014e+00,-9.580957452338378921e-02
1.308663459814365160e+00,6.575010401385286696e-02
1.221962315276069688e+00,-9.779598528997726636e-02
1.221962315276069688e+00,-9.779598528997726636e-02
1.282805367899391813e+00,-6.665705013357142716e-02
1.282805367899391813e+00,-6.665705013357142716e-02
1.282805367899391813e+00,-6.665705013357142716e-02
1.282805367899391813e+00,-6.665705013357142716e-02
1.204382313104420454e+00,-1.178038991522632195e-01
1.363772565974910478e+00,-6.891144277917714278e-02
1.063744180915639603e+00,8.238221159278469319e-03
1.063744180915639603e+00,8.238221159278469319e-03
1.189996850765775882e+00,3.129442650278314170e-02
1.181097909596709350e+00,1.279113699692820821e-02
1.181097909596709350e+00,1.279113699692820821e-02
1.181097909596709350e+00,1.279113699692820821e-02
1.181097909596709350e+00,1.279113699692820821e-02
1.280200890839245709e+00,8.685949600499354162e-02
1.280200890839245709e+00,8.685949600499354162e-02
1.248395274047350512e+00,1.146558417783810763e-01
1.189406232059837976e+00,-5.489071487034748176e-02
1.189406232059837976e+00,-5.489071487034748176e-02
1.189406232059837976e+00,-5.489071487034748176e-02
1.189406232059837976e+00,-5.489071487034748176e-02
1.298590323435836247e+00,-1.511066055987895229e-01
1.230497438439639657e+00,7.944921454405254324e-02
1.230497438439639657e+00,7.944921454405254324e-02
1.230497438439639657e+00,7.944921454405254324e-02
1.230497438439639657e+00,7.944921454405254324e-02
1.310188285116120621e+00,-1.274802990538310976e-02
1.310188285116120621e+00,-1.274802990538310976e-02
1.310188285116120621e+00,-1.274802990538310976e-02
1.310188285116120621e+00,-1.274802990538310976e-02
1.310188285116120621e+00,-1.274802990538310976e-02
1.310188285116120621e+00,-1.274802990538310976e-02
1.310188285116120621e+00,-1.274802990538310976e-02
1.401702215849135458e+00,-1.224650749443069800e-02
1.401702215849135458e+00,-1.224650749443069800e-02
1.112040225718132103e+00,-1.106677192231308726e-01
1.112040225718132103e+00,-1.106677192231308726e-01
1.112040225718132103e+00,-1.106677192231308726e-01
1.225832992953724832e+00,-1.268554934536970380e-01
1.225832992953724832e+00,-1.268554934536970380e-01
1.225832992953724832e+00,-1.268554934536970380e-01
1.177237090964074806e+00,4.032768648769619046e-02
1.252934992614693099e+00,1.902284216394723240e-02
1.335253435041668713e+00,5.208149494046447614e-02
1.335253435041668713e+00,5.208149494046447614e-02
1.221170580966358887e+00,1.796255715672110398e-01
1.221170580966358887e+00,1.796255715672110398e-01
1.270570477961981304e+00,1.172142920476052230e-01
1.219773256915897885e+00,1.177103497238811691e-01
1.219773256915897885e+00,1.177103497238811691e-01
1.256556654418260477e+00,1.546080579405361421e-01
1.114741829800147022e+00,-2.967907777514158796e-02
1.169018055424693392e+00,-2.093525123131201593e-01
1.169018055424693392e+00,-2.093525123131201593e-01
1.203752224361909429e+00,1.699639704504668503e-02
1.205972073678410084e+00,-4.718012672570845445e-02
1.205972073678410084e+00,-4.718012672570845445e-02
1.205972073678410084e+00,-4.718012672570845445e-02
1.205972073678410084e+00,-4.718012672570845445e-02
1.205972073678410084e+00,-4.718012672570845445e-02
1.062544001026035634e+00,4.266471882538148963e-02
1.062544001026035634e+00,4.266471882538148963e-02
1.234940219424402574e+00,3.222166123206797461e-03
1.266624692432953392e+00,-6.388506489197756655e-02
1.266624692432953392e+00,-6.388506489197756655e-02
1.352289292487818040e+00,3.324446753513995989e-02
1.352289292487818040e+00,3.324446753513995989e-02
1.352289292487818040e+00,3.324446753513995989e-02
1.352289292487818040e+00,3.324446753513995989e-02
1.320776484711212007e+00,-1.658485944782293886e-02
1.250329348725871093e+00,-1.439136036561233234e-01
1.256333635711549546e+00,-2.299608896764318566e-02
1.256333635711549546e+00,-2.299608896764318566e-02
1.256333635711549546e+00,-2.299608896764318566e-02
1.233322154134113724e+00,-5.219124359291602011e-02
1.233322154134113724e+00,-5.219124359291602011e-02
1.233322154134113724e+00,-5.219124359291602011e-02
1.233322154134113724e+00,-5.219124359291602011e-02
1.233322154134113724e+00,-5.219124359291602011e-02
1.233322154134113724e+00,-5.219124359291602011e-02
1.564057859807891804e+00,-1.418309084758864747e-01
1.564057859807891804e+00,-1.418309084758864747e-01
1.564057859807891804e+00,-1.418309084758864747e-01
1.570708689463736762e+00,-1.666868902185923984e-01
1.570708689463736762e+00,-1.666868902185923984e-01
1.570708689463736762e+00,-1.666868902185923984e-01
1.485301091108045313e+00,-2.597444655359643084e-01
1.283085473437619140e+00,-2.448612312025468252e-01
1.283085473437619140e+00,-2.448612312025468252e-01
1.283085473437619140e+00,-2.448612312025468252e-01
1.145361990150510101e+00,-7.341703531338722444e-02
1.137825624991543272e+00,5.229757498588480380e-02
1.137825624991543272e+00,5.229757498588480380e-02
1.264195671935159471e+00,1.063937258960140630e-01
1.264195671935159471e+00,1.063937258960140630e-01
1.044191679391633709e+00,7.781144777949043634e-02
1.044191679391633709e+00,7.781144777949043634e-02
1.044191679391633709e+00,7.781144777949043634e-02
1.044191679391633709e+00,7.781144777949043634e-02
1.044191679391633709e+00,7.781144777949043634e-02
1.044191679391633709e+00,7.781144777949043634e-02
1.201185470127592136e+00,1.760146093695943437e-01
1.201185470127592136e+00,1.760146093695943437e-01
1.113539908218230234e+00,7.245322548112632932e-02
1.113539908218230234e+00,7.245322548112632932e-02
1.211646993904433423e+00,5.728706454248444491e-02
1.381630119491817243e+00,-4.249386767782148411e-02
1.301052302137539973e+00,-3.470752889806980046e-02
1.301052302137539973e+00,-3.470752889806980046e-02
1.301052302137539973e+00,-3.470752889806980046e-02
1.301052302137539973e+00,-3.470752889806980046e-02
1.301052302137539973e+00,-3.470752889806980046e-02
1.301052302137539973e+00,-3.470752889806980046e-02
1.259568632707272373e+00,9.092849138251635210e-02
1.259568632707272373e+00,9.092849138251635210e-02
1.212025517800707775e+00,6.817630661751426790e-02
1.328523961618790050e+00,-8.302168686205606274e-02
1.328523961618790050e+00,-8.302168686205606274e-02
1.328523961618790050e+00,-8.302168686205606274e-02
1.143373762525408122e+00,5.106113294897844657e-02
1.143373762525408122e+00,5.106113294897844657e-02
1.097860151800827744e+00,-3.641281224255153715e-02
1.312352328036120008e+00,1.162033896463390142e-01
1.312352328036120008e+00,1.162033896463390142e-01
1.154426265197060042e+00,1.431216969539310102e-01
1.467431633431141247e+00,-5.841290628016138076e-04
1.201629498932838658e+00,-9.372777578975556578e-02
1.201629498932838658e+00,-9.372777578975556578e-02
1.201629498932838658e+00,-9.372777578975556578e-02
1.167570521086176205e+00,1.280327661117482974e-01
1.209252575463855450e+00,2.546732863334826291e-01
1.221270724775301630e+00,2.147997466346072692e-01
1.147313977544169417e+00,1.940206675937031777e-01
1.147313977544169417e+00,1.940206675937031777e-01
1.147313977544169417e+00,1.940206675937031777e-01
1.402221817091661826e+00,2.432780265022886357e-01
1.402221817091661826e+00,2.432780265022886357e-01
1.275659919383783425e+00,3.664919900652124363e-01
1.275659919383783425e+00,3.664919900652124363e-01
1.275659919383783425e+00,3.664919900652124363e-01
1.275659919383783425e+00,3.664919900652124363e-01
1.203415101969808720e+00,3.429514896947855052e-01
1.082058513807776956e+00,3.524580422420926507e-01
1.134130531016503740e+00,3.090460321582877423e-01
1.280713852882671588e+00,2.320122650824656407e-01
1.373767994638251055e+00,1.318155844848480918e-01
1.171631667854342806e+00,1.336498115498149786e-02
1.171631667854342806e+00,1.336498115498149786e-02
1.171631667854342806e+00,1.336498115498149786e-02
1.386569549360154641e+00,1.190382710674724523e-02
1.386569549360154641e+00,1.190382710674724523e-02
1.191089110941553120e+00,4.246876193028567559e-02
1.287396235612368711e+00,5.299290242071459656e-02
1.287396235612368711e+00,5.299290242071459656e-02
1.212419275869558444e+00,1.716063755379768629e-01
1.551602288857367951e+00,4.466645323813195345e-02
1.324001427463960656e+00,-2.198711238424355119e-01
1.324001427463960656e+00,-2.198711238424355119e-01
1.324001427463960656e+00,-2.198711238424355119e-01
1.036588173306356664e+00,1.110544030137014526e-01
1.036588173306356664e+00,1.110544030137014526e-01
1.230551317455351956e+00,1.154238763462098333e-01
1.230551317455351956e+00,1.154238763462098333e-01
1.230551317455351956e+00,1.154238763462098333e-01
1.200643630761041747e+00,-3.532603891566514498e-02
1.248435620097442467e+00,-6.526009459381110211e-02
1.238833929683088586e+00,-4.468807618875060561e-03
1.257574985728853179e+00,-8.716123686049720432e-02
1.224249512543553742e+00,3.116493175896373202e-02
1.224249512543553742e+00,3.116493175896373202e-02
1.224249512543553742e+00,3.116493175896373202e-02
1.175081658577669552e+00,-1.615620566465437308e-02
1.175081658577669552e+00,-1.615620566465437308e-02
1.277090878399923746e+00,3.792668095340689938e-02
1.277090878399923746e+00,3.792668095340689938e-02
1.277090878399923746e+00,3.792668095340689938e-02
1.277090878399923746e+00,3.792668095340689938e-02
1.277090878399923746e+00,3.792668095340689938e-02
1.259876632772561900e+00,6.338173466890942298e-02
1.259876632772561900e+00,6.338173466890942298e-02
1.405981633431224731e+00,4.640574662289900787e-02
1.405981633431224731e+00,4.640574662289900787e-02
1.421311006244687203e+00,-1.843463633031031113e-01
1.051185227285274859e+00,-2.411173421900595359e-01
1.113296868782677640e+00,-9.981381173379660909e-02
1.113296868782677640e+00,-9.981381173379660909e-02
1.113296868782677640e+00,-9.981381173379660909e-02
1.113296868782677640e+00,-9.981381173379660909e-02
1.213265041075179740e+00,-7.655653305165274758e-02
1.213265041075179740e+00,-7.655653305165274758e-02
1.213265041075179740e+00,-7.655653305165274758e-02
1.127858523978992000e+00,-1.105279389377096522e-01
1.256636943480156532e+00,-1.806161272445737653e-01
1.256636943480156532e+00,-1.806161272445737653e-01
1.256636943480156532e+00,-1.806161272445737653e-01
1.249933834669272326e+00,-9.569359771470145604e-02
1.249933834669272326e+00,-9.569359771470145604e-02
1.249933834669272326e+00,-9.569359771470145604e-02
1.249933834669272326e+00,-9.569359771470145604e-02
1.249933834669272326e+00,-9.569359771470145604e-02
1.237349066704269251e+00,-2.131895241699778565e-02
1.210434349883738214e+00,-7.417571099714632965e-02
1.245188374873624548e+00,7.074895426924739106e-02
1.236485621387004796e+00,6.877994553599330041e-02
1.181744815822560968e+00,-1.382647791892449018e-01
1.181744815822560968e+00,-1.382647791892449018e-01
1.246417925548697347e+00,-7.760814651859376800e-02
1.246417925548697347e+00,-7.760814651859376800e-02
1.246417925548697347e+00,-7.760814651859376800e-02
1.196703373396813319e+00,2.113120468408230535e-02
1.231542458905135584e+00,-4.117743047097668918e-02
1.231542458905135584e+00,-4.117743047097668918e-02
1.231542458905135584e+00,-4.117743047097668918e-02
1.231542458905135584e+00,-4.117743047097668918e-02
1.327563038303430032e+00,8.854334924712492505e-04
1.327563038303430032e+00,8.854334924712492505e-04
1.327563038303430032e+00,8.854334924712492505e-04
1.327563038303430032e+00,8.854334924712492505e-04
1.327563038303430032e+00,8.854334924712492505e-04
1.327563038303430032e+00,8.854334924712492505e-04
1.320057315989443314e+00,-4.235153586561152955e-02
1.307637487080719696e+00,4.997823446665797947e-02
1.408562276443507955e+00,8.654024285275949135e-02
1.408562276443507955e+00,8.654024285275949135e-02
1.408562276443507955e+00,8.654024285275949135e-02
1.408562276443507955e+00,8.654024285275949135e-02
1.280166020634398993e+00,1.207814505571928321e-01
1.280166020634398993e+00,1.207814505571928321e-01
1.280166020634398993e+00,1.207814505571928321e-01
1.280166020634398993e+00,1.207814505571928321e-01
1.280166020634398993e+00,1.207814505571928321e-01
1.280166020634398993e+00,1.207814505571928321e-01
1.280166020634398993e+00,1.207814505571928321e-01
1.392279275099753244e+00,9.883727963931282501e-02
1.392279275099753244e+00,9.883727963931282501e-02
1.392279275099753244e+00,9.883727963931282501e-02
1.392279275099753244e+00,9.883727963931282501e-02
1.392279275099753244e+00,9.883727963931282501e-02
1.392279275099753244e+00,9.883727963931282501e-02
1.369889106570159054e+00,1.371425401037624781e-01
1.369889106570159054e+00,1.371425401037624781e-01
1.229146445008172606e+00,1.021109438058732111e-01
1.229146445008172606e+00,1.021109438058732111e-01
1.229146445008172606e+00,1.021109438058732111e-01
1.219278648621345829e+00,-6.692533358470970084e-02
1.219278648621345829e+00,-6.692533358470970084e-02
1.219278648621345829e+00,-6.692533358470970084e-02
1.219278648621345829e+00,-6.692533358470970084e-02
1.341384193636519839e+00,-1.616250270988012910e-02
1.341384193636519839e+00,-1.616250270988012910e-02
1.341384193636519839e+00,-1.616250270988012910e-02
1.298758241029489335e+00,8.925564473720788705e-03
1.298758241029489335e+00,8.925564473720788705e-03
1.298758241029489335e+00,8.925564473720788705e-03
1.168710413420146255e+00,1.060133581935864266e-01
1.168710413420146255e+00,1.060133581935864266e-01
1.168710413420146255e+00,1.060133581935864266e-01
1.168710413420146255e+00,1.060133581935864266e-01
1.168710413420146255e+00,1.060133581935864266e-01
1.168710413420146255e+00,1.060133581935864266e-01
1.127107963795042966e+00,-5.665048741244660402e-02
1.291872060747728979e+00,2.087587440452434717e-02
1.291872060747728979e+00,2.087587440452434717e-02
1.291872060747728979e+00,2.087587440452434717e-02
1.291872060747728979e+00,2.087587440452434717e-02
1.166597657257731013e+00,1.490609045532193533e-01
1.129854108777475385e+00,1.408378663635951322e-01
1.129854108777475385e+00,1.408378663635951322e-01
1.139944883328656511e+00,9.786567526448707033e-02
1.139944883328656511e+00,9.786567526448707033e-02
1.139944883328656511e+00,9.786567526448707033e-02
1.278822545290165813e+00,7.719941004923902561e-04
1.189850834374913457e+00,-3.071681414309602315e-02
1.240572497424374365e+00,-1.026184013953725660e-01
1.240572497424374365e+00,-1.026184013953725660e-01
1.240572497424374365e+00,-1.026184013953725660e-01
1.240572497424374365e+00,-1.026184013953725660e-01
1.201320488478661463e+00,-7.344908356173246444e-02
1.201320488478661463e+00,-7.344908356173246444e-02
1.186694928828430973e+00,1.308660349304981152e-02
1.210226711588471726e+00,-8.127173312864918731e-02
1.354621271019400774e+00,-1.473773799753537173e-01
1.393135510559736945e+00,-5.212345431022127884e-02
1.378638642146357007e+00,-3.858189211779987360e-02
1.378638642146357007e+00,-3.858189211779987360e-02
1.350556366048929258e+00,-1.767591654195023732e-01
1.310617710844357076e+00,7.017321887265745572e-02
1.267857517186726346e+00,2.231576071363886860e-01
1.213267327441295507e+00,2.970650767240856638e-01
1.213267327441295507e+00,2.970650767240856638e-01
1.213267327441295507e+00,2.970650767240856638e-01
1.240658456867868464e+00,1.492055602140541226e-01
1.259532466756939639e+00,2.079471769327440045e-02
1.259532466756939639e+00,2.079471769327440045e-02
1.208201333488967411e+00,3.668848483790652232e-03
1.208201333488967411e+00,3.668848483790652232e-03
1.208201333488967411e+00,3.668848483790652232e-03
1.208201333488967411e+00,3.668848483790652232e-03
1.208201333488967411e+00,3.668848483790652232e-03
1.178384620639960634e+00,-5.194624656223245651e-02
1.393788101119477041e+00,-4.867049202943043301e-02
1.435913744091485533e+00,-1.053511902736573580e-01
1.435913744091485533e+00,-1.053511902736573580e-01
1.161088985087135317e+00,-7.171298275029969194e-02
1.161088985087135317e+00,-7.171298275029969194e-02
1.384417462258530129e+00,-1.012875547027247691e-01
1.384417462258530129e+00,-1.012875547027247691e-01
1.384417462258530129e+00,-1.012875547027247691e-01
1.384417462258530129e+00,-1.012875547027247691e-01
1.248909603021089554e+00,1.823992624295262543e-01
1.248909603021089554e+00,1.823992624295262543e-01
1.238423068667350524e+00,1.105990020520822015e-01
1.238423068667350524e+00,1.105990020520822015e-01
9.869263400902817951e-01,2.509813938161072067e-02
9.869263400902817951e-01,2.509813938161072067e-02
9.869263400902817951e-01,2.509813938161072067e-02
9.869263400902817951e-01,2.509813938161072067e-02
1.432963912552889241e+00,1.455743901820839292e-01
1.432963912552889241e+00,1.455743901820839292e-01
1.215307673075170625e+00,1.757502028174224296e-01
1.122613401699023239e+00,6.534354578107719191e-02
1.122613401699023239e+00,6.534354578107719191e-02
1.122613401699023239e+00,6.534354578107719191e-02
1.186552466958878060e+00,1.330073612054734900e-01
1.130503185356119822e+00,9.960712736684376734e-03
1.121933334587662756e+00,-2.277006024812788798e-02
1.121933334587662756e+00,-2.277006024812788798e-02
1.165246597688877506e+00,-1.088034347271246011e-01
1.357173187420840588e+00,2.074878101018809984e-01
1.357173187420840588e+00,2.074878101018809984e-01
1.357173187420840588e+00,2.074878101018809984e-01
1.287707526180770223e+00,1.073982777012046225e-01
1.287707526180770223e+00,1.073982777012046225e-01
1.367262955372345434e+00,-3.710053506160825021e-02
1.367262955372345434e+00,-3.710053506160825021e-02
1.301488588600910434e+00,7.202578145531136899e-02
1.301488588600910434e+00,7.202578145531136899e-02
1.262821713006254454e+00,9.375840076495690900e-02
1.210362319062393555e+00,-1.208379111903355868e-01
1.208295440179034452e+00,1.340803160502047064e-01
1.208295440179034452e+00,1.340803160502047064e-01
1.208295440179034452e+00,1.340803160502047064e-01
1.208295440179034452e+00,1.340803160502047064e-01
1.132384902246045932e+00,-7.982384980456613821e-02
1.132384902246045932e+00,-7.982384980456613821e-02
1.132384902246045932e+00,-7.982384980456613821e-02
1.132384902246045932e+00,-7.982384980456613821e-02
1.132384902246045932e+00,-7.982384980456613821e-02
1.132384902246045932e+00,-7.982384980456613821e-02
1.140608109361871181e+00,-1.733901870081886454e-01
1.157570975291998039e+00,-1.287845150702966179e-01
1.151108627812542640e+00,3.089378880551413298e-03
1.135784787752007308e+00,-7.204616933005333207e-03
1.135784787752007308e+00,-7.204616933005333207e-03
1.274333837629366251e+00,-1.908935669859322670e-01
1.274333837629366251e+00,-1.908935669859322670e-01
1.274333837629366251e+00,-1.908935669859322670e-01
1.274333837629366251e+00,-1.908935669859322670e-01
1.258413450814509504e+00,-2.973057758862306943e-01
1.164317439134056498e+00,-2.416686679537581317e-01
1.014998065899456847e+00,-2.139169478171865091e-01
1.014998065899456847e+00,-2.139169478171865091e-01
1.014998065899456847e+00,-2.139169478171865091e-01
1.218332601248092617e+00,-1.656133636098002238e-01
1.218332601248092617e+00,-1.656133636098002238e-01
1.218332601248092617e+00,-1.656133636098002238e-01
1.218332601248092617e+00,-1.656133636098002238e-01
1.321616824712217753e+00,-3.481411015352875449e-02
1.321616824712217753e+00,-3.481411015352875449e-02
1.321616824712217753e+00,-3.481411015352875449e-02
1.321616824712217753e+00,-3.481411015352875449e-02
1.321616824712217753e+00,-3.481411015352875449e-02
1.232637677085093530e+00,1.386185471246764445e-01
1.245130435861012463e+00,2.136300333967416920e-01
1.282128593496934199e+00,-3.576425712252512268e-02
1.337662608413057841e+00,-1.038098531507950645e-01
1.337662608413057841e+00,-1.038098531507950645e-01
1.185411240649741016e+00,-1.411403442393263929e-01
1.185411240649741016e+00,-1.411403442393263929e-01
1.185411240649741016e+00,-1.411403442393263929e-01
1.247058828914367590e+00,-2.172947530848482467e-01
1.247058828914367590e+00,-2.172947530848482467e-01
1.388234577358050670e+00,-1.296784413279101211e-01
1.445817191536945767e+00,-3.352151144345866252e-02
1.275494158250199739e+00,-2.315543395304721364e-01
1.206401183486016215e+00,-1.485380517439057191e-01
1.206401183486016215e+00,-1.485380517439057191e-01
1.042844540050480662e+00,9.834179654286706596e-03
9.718752227446002534e-01,1.450487642315876347e-01
9.718752227446002534e-01,1.450487642315876347e-01
1.119080924702556601e+00,7.423629542392939928e-02
1.189510860711018969e+00,8.403467721479332408e-03
1.189510860711018969e+00,8.403467721479332408e-03
1.189510860711018969e+00,8.403467721479332408e-03
1.189510860711018969e+00,8.403467721479332408e-03
1.218146217675452725e+00,1.168199545354728919e-01
1.270527309145850658e+00,1.183350752565870412e-02
1.270527309145850658e+00,1.183350752565870412e-02
1.270527309145850658e+00,1.183350752565870412e-02
1.270527309145850658e+00,1.183350752565870412e-02
1.270527309145850658e+00,1.183350752565870412e-02
1.270527309145850658e+00,1.183350752565870412e-02
1.369210346249507326e+00,1.108454164779744122e-01
1.369210346249507326e+00,1.108454164779744122e-01
1.369210346249507326e+00,1.108454164779744122e-01
1.369210346249507326e+00,1.108454164779744122e-01
1.329400965402159018e+00,-2.111473228829605087e-02
1.329400965402159018e+00,-2.111473228829605087e-02
1.329400965402159018e+00,-2.111473228829605087e-02
1.329400965402159018e+00,-2.111473228829605087e-02
1.329400965402159018e+00,-2.111473228829605087e-02
1.329400965402159018e+00,-2.111473228829605087e-02
1.329400965402159018e+00,-2.111473228829605087e-02
1.329400965402159018e+00,-2.111473228829605087e-02
1.249547085774532995e+00,2.600257878855181948e-02
1.311679008549522463e+00,-2.064459715185965744e-02
1.311679008549522463e+00,-2.064459715185965744e-02
1.298745840728759982e+00,-1.130492732399338007e-01
1.191581747971159677e+00,-1.543769686470418123e-01
1.295227090211127363e+00,-1.026801842150013161e-01
1.295227090211127363e+00,-1.026801842150013161e-01
1.295227090211127363e+00,-1.026801842150013161e-01
1.295227090211127363e+00,-1.026801842150013161e-01
1.295227090211127363e+00,-1.026801842150013161e-01
1.295227090211127363e+00,-1.026801842150013161e-01
1.175232883640072057e+00,-2.089671809241859246e-01
1.175232883640072057e+00,-2.089671809241859246e-01
1.175232883640072057e+00,-2.089671809241859246e-01
1.175232883640072057e+00,-2.089671809241859246e-01
1.175232883640072057e+00,-2.089671809241859246e-01
1.168807394847025227e+00,-1.277118316836149126e-01
1.398824396884346566e+00,-1.188077614376525093e-01
1.398824396884346566e+00,-1.188077614376525093e-01
1.398824396884346566e+00,-1.188077614376525093e-01
1.379846371043969011e+00,-8.518451891627173977e-02
1.356092609557554285e+00,-1.145542821634843167e-01
1.192359701880733036e+00,-1.547065735179926627e-01
1.192359701880733036e+00,-1.547065735179926627e-01
1.192359701880733036e+00,-1.547065735179926627e-01
1.154998330524541705e+00,-1.673256915581748383e-01
1.154998330524541705e+00,-1.673256915581748383e-01
1.154998330524541705e+00,-1.673256915581748383e-01
1.154998330524541705e+00,-1.673256915581748383e-01
1.154998330524541705e+00,-1.673256915581748383e-01
1.154998330524541705e+00,-1.673256915581748383e-01
1.127098832194021183e+00,1.340864038541548231e-01
1.441754801423829946e+00,1.177198517861612059e-01
1.337702210421039206e+00,1.329322230844336428e-01
1.276015258527707141e+00,1.983272607182018921e-01
1.459286138842970315e+00,8.551362724679861804e-02
1.459286138842970315e+00,8.551362724679861804e-02
1.459286138842970315e+00,8.551362724679861804e-02
1.459286138842970315e+00,8.551362724679861804e-02
1.459286138842970315e+00,8.551362724679861804e-02
1.461365390447206591e+00,-9.286720997951655732e-02
1.415404022247463312e+00,2.983022092848136575e-02
1.454570499192880506e+00,-2.187060087547699344e-02
1.131501693224699068e+00,7.476652229389899040e-02
1.131501693224699068e+00,7.476652229389899040e-02
1.131501693224699068e+00,7.476652229389899040e-02
1.131501693224699068e+00,7.476652229389899040e-02
1.237909121657233547e+00,5.145397500904419497e-02
1.237909121657233547e+00,5.145397500904419497e-02
1.383802892336607693e+00,-9.923418087308072399e-02
1.383802892336607693e+00,-9.923418087308072399e-02
1.213369975854105220e+00,-7.464021182015806444e-02
1.213369975854105220e+00,-7.464021182015806444e-02
1.269347372517236394e+00,2.249182464359733569e-03
1.269347372517236394e+00,2.249182464359733569e-03
1.269347372517236394e+00,2.249182464359733569e-03
1.413791360008106679e+00,8.908021721644546198e-02
1.413791360008106679e+00,8.908021721644546198e-02
1.324713817522170878e+00,-5.064318314128002374e-02
1.277254426054891256e+00,-5.110158745547401654e-02
1.140786493353610043e+00,8.223128146239791492e-02
1.140786493353610043e+00,8.223128146239791492e-02
1.140786493353610043e+00,8.223128146239791492e-02
1.140786493353610043e+00,8.223128146239791492e-02
1.140786493353610043e+00,8.223128146239791492e-02
1.140786493353610043e+00,8.223128146239791492e-02
1.213017705622319031e+00,1.695170682393584705e-01
1.213017705622319031e+00,1.695170682393584705e-01
1.213017705622319031e+00,1.695170682393584705e-01
1.213017705622319031e+00,1.695170682393584705e-01
1.213017705622319031e+00,1.695170682393584705e-01
1.213017705622319031e+00,1.695170682393584705e-01
1.392740440996923512e+00,5.101228234319640786e-02
1.392740440996923512e+00,5.101228234319640786e-02
1.392740440996923512e+00,5.101228234319640786e-02
1.392740440996923512e+00,5.101228234319640786e-02
1.423520559930481433e+00,-3.253565408523376168e-02
1.423520559930481433e+00,-3.253565408523376168e-02
1.423520559930481433e+00,-3.253565408523376168e-02
1.423520559930481433e+00,-3.253565408523376168e-02
1.431651451594259772e+00,-1.236845933547604387e-01
1.431651451594259772e+00,-1.236845933547604387e-01
1.431651451594259772e+00,-1.236845933547604387e-01
1.431651451594259772e+00,-1.236845933547604387e-01
1.431651451594259772e+00,-1.236845933547604387e-01
1.431651451594259772e+00,-1.236845933547604387e-01
1.349967940728846294e+00,-2.498765851555592721e-01
1.238670543263189927e+00,-1.876340823012522807e-01
1.238670543263189927e+00,-1.876340823012522807e-01
1.203471511131777083e+00,-9.234172953935149142e-02
1.203471511131777083e+00,-9.234172953935149142e-02
1.146062574678214263e+00,-2.304198248895945877e-01
1.146062574678214263e+00,-2.304198248895945877e-01
1.146062574678214263e+00,-2.304198248895945877e-01
1.386382529627230076e+00,-1.391301169391628012e-01
1.386382529627230076e+00,-1.391301169391628012e-01
1.386382529627230076e+00,-1.391301169391628012e-01
1.386382529627230076e+00,-1.391301169391628012e-01
1.386382529627230076e+00,-1.391301169391628012e-01
1.362020219966580292e+00,-1.059680844708184438e-01
1.362020219966580292e+00,-1.059680844708184438e-01
1.362020219966580292e+00,-1.059680844708184438e-01
1.309367984344460778e+00,-5.474937560531528691e-02
1.309367984344460778e+00,-5.474937560531528691e-02
1.309367984344460778e+00,-5.474937560531528691e-02
1.123355427980269994e+00,-1.801992144009058328e-01
1.123355427980269994e+00,-1.801992144009058328e-01
1.123355427980269994e+00,-1.801992144009058328e-01
1.123355427980269994e+00,-1.801992144009058328e-01
1.123355427980269994e+00,-1.801992144009058328e-01
1.092109029181588697e+00,-2.331119874502114442e-01
9.049420665546999976e-01,-8.648660062387178438e-02
1.095769601731382714e+00,5.390878507837620903e-02
1.224375238265989596e+00,-5.908578426957508678e-03
1.224375238265989596e+00,-5.908578426957508678e-03
1.224375238265989596e+00,-5.908578426957508678e-03
1.224375238265989596e+00,-5.908578426957508678e-03
1.224375238265989596e+00,-5.908578426957508678e-03
1.205979770287033848e+00,1.703345523971028785e-01
1.205979770287033848e+00,1.703345523971028785e-01
1.297446456508765777e+00,1.178626002521644262e-01
1.297446456508765777e+00,1.178626002521644262e-01
1.297446456508765777e+00,1.178626002521644262e-01
1.297446456508765777e+00,1.178626002521644262e-01
1.297446456508765777e+00,1.178626002521644262e-01
1.297446456508765777e+00,1.178626002521644262e-01
1.349186451085276683e+00,7.700978687053314231e-03
1.349186451085276683e+00,7.700978687053314231e-03
1.286068219273358570e+00,1.417470818427000491e-02
1.286068219273358570e+00,1.417470818427000491e-02
1.286068219273358570e+00,1.417470818427000491e-02
1.177591121089150539e+00,1.765515633683118965e-02
1.177591121089150539e+00,1.765515633683118965e-02
1.177591121089150539e+00,1.765515633683118965e-02
1.285665240721705516e+00,3.078609953513193331e-01
1.537493032268592241e+00,1.850974821232179712e-01
1.365610348140449126e+00,3.326839983053331840e-01
1.365610348140449126e+00,3.326839983053331840e-01
1.279121954154836427e+00,2.485335216653323798e-01
1.279121954154836427e+00,2.485335216653323798e-01
1.279121954154836427e+00,2.485335216653323798e-01
1.279121954154836427e+00,2.485335216653323798e-01
1.206668003476554007e+00,1.679844133376698079e-01
1.206668003476554007e+00,1.679844133376698079e-01
1.206668003476554007e+00,1.679844133376698079e-01
1.206668003476554007e+00,1.679844133376698079e-01
1.206668003476554007e+00,1.679844133376698079e-01
1.057757829818350759e+00,1.653077170005703977e-02
1.164968622829820832e+00,1.967748136695944561e-03
1.164968622829820832e+00,1.967748136695944561e-03
1.353002816034045264e+00,4.436103841095519890e-03
1.353002816034045264e+00,4.436103841095519890e-03
1.353002816034045264e+00,4.436103841095519890e-03
1.353002816034045264e+00,4.436103841095519890e-03
1.353002816034045264e+00,4.436103841095519890e-03
1.303454111812466731e+00,4.835307835250407527e-02
1.277169125430736907e+00,1.086698091343628048e-01
1.106901188326560703e+00,1.819246817885731560e-01
1.055497764437476116e+00,4.691947483645173000e-02
1.162258258096016128e+00,3.494321229439271981e-02
1.162258258096016128e+00,3.494321229439271981e-02
1.178568543453732520e+00,-1.840316754216129724e-01
1.310242915871365765e+00,-1.881269819662070852e-02
1.310242915871365765e+00,-1.881269819662070852e-02
1.310242915871365765e+00,-1.881269819662070852e-02
1.338155722545673498e+00,-1.103189162763150710e-01
1.338155722545673498e+00,-1.103189162763150710e-01
1.374912905021464571e+00,-8.203380355300984861e-02
1.119609247117171913e+00,9.040024875609120603e-03
1.119609247117171913e+00,9.040024875609120603e-03
1.119609247117171913e+00,9.040024875609120603e-03
1.205423442441591941e+00,3.169224148547408748e-02
1.205423442441591941e+00,3.169224148547408748e-02
1.205423442441591941e+00,3.169224148547408748e-02
1.205423442441591941e+00,3.169224148547408748e-02
1.291263317587782344e+00,8.446129591598239283e-02
1.291263317587782344e+00,8.446129591598239283e-02
1.127559175542699688e+00,5.351316931274417710e-02
1.102810337693990839e+00,-1.299817588660605316e-02
1.102810337693990839e+00,-1.299817588660605316e-02
1.104279713261727913e+00,2.569769227734612638e-02
1.317581197826287909e+00,-1.800740722336287569e-01
1.161846897388737476e+00,1.695148735362043690e-01
1.161846897388737476e+00,1.695148735362043690e-01
1.161846897388737476e+00,1.695148735362043690e-01
9.873584088575091400e-01,-7.908170933859509644e-02
9.873584088575091400e-01,-7.908170933859509644e-02
9.873584088575091400e-01,-7.908170933859509644e-02
8.966096765305486826e-01,8.261194006111774457e-02
1.245340403343937474e+00,2.486361321505168448e-02
1.349039309518158980e+00,2.991080073821334590e-03
1.349039309518158980e+00,2.991080073821334590e-03
1.349039309518158980e+00,2.991080073821334590e-03
1.349039309518158980e+00,2.991080073821334590e-03
1.349039309518158980e+00,2.991080073821334590e-03
1.349039309518158980e+00,2.991080073821334590e-03
1.349039309518158980e+00,2.991080073821334590e-03
1.131334191819195256e+00,-1.245193995280269444e-01
1.131334191819195256e+00,-1.245193995280269444e-01
1.173558893057025543e+00,-3.875389366382467338e-02
1.173558893057025543e+00,-3.875389366382467338e-02
1.277455147893636012e+00,-1.571796586611774738e-02
1.277455147893636012e+00,-1.571796586611774738e-02
1.249319082864102537e+00,-1.488905579500189869e-01
1.249319082864102537e+00,-1.488905579500189869e-01
1.249319082864102537e+00,-1.488905579500189869e-01
1.259692052577781274e+00,-1.677050410854619422e-01
1.212986617040289428e+00,6.086460638942567392e-02
1.212986617040289428e+00,6.086460638942567392e-02
1.167542518256285744e+00,-1.504655635699019001e-01
1.167542518256285744e+00,-1.504655635699019001e-01
1.167542518256285744e+00,-1.504655635699019001e-01
1.182675712152035263e+00,2.704855448495682713e-02
1.182675712152035263e+00,2.704855448495682713e-02
1.182675712152035263e+00,2.704855448495682713e-02
1.182675712152035263e+00,2.704855448495682713e-02
1.182675712152035263e+00,2.704855448495682713e-02
1.336526107570517485e+00,-1.402706304131692838e-01
1.336526107570517485e+00,-1.402706304131692838e-01
1.336526107570517485e+00,-1.402706304131692838e-01
1.011866446921082963e+00,-1.524925460888142958e-01
1.011866446921082963e+00,-1.524925460888142958e-01
9.857891984145682462e-01,-7.323809580994532220e-02
1.063170403121000085e+00,-2.499114143948021893e-01
1.192551845150736867e+00,-2.376479184584981141e-01
9.618354846128143176e-01,-2.444219671162720098e-02
1.024652266038419635e+00,-2.738178733845523793e-01
9.540894723835897651e-01,-5.374938168214429823e-02
9.540894723835897651e-01,-5.374938168214429823e-02
9.540894723835897651e-01,-5.374938168214429823e-02
1.043196585754198047e+00,-2.370201359146211495e-01
1.043196585754198047e+00,-2.370201359146211495e-01
1.043196585754198047e+00,-2.370201359146211495e-01
1.043196585754198047e+00,-2.370201359146211495e-01
1.043196585754198047e+00,-2.370201359146211495e-01
1.043196585754198047e+00,-2.370201359146211495e-01
1.149168626164219331e+00,-2.146573562369202826e-01
1.149168626164219331e+00,-2.146573562369202826e-01
1.149168626164219331e+00,-2.146573562369202826e-01
1.149168626164219331e+00,-2.146573562369202826e-01
1.428599825819799607e+00,-1.308428100842527475e-01
1.428599825819799607e+00,-1.308428100842527475e-01
1.428599825819799607e+00,-1.308428100842527475e-01
1.309012770369753387e+00,-9.094110452717210635e-02
1.309012770369753387e+00,-9.094110452717210635e-02
1.309012770369753387e+00,-9.094110452717210635e-02
1.309012770369753387e+00,-9.094110452717210635e-02
1.170176965860958651e+00,-6.544750682623752536e-02
1.148690656327139514e+00,-2.897050662644881647e-03
1.118324957311145118e+00,-1.317045489670244998e-02
1.003602648009734422e+00,-9.627312473751048483e-02
1.003602648009734422e+00,-9.627312473751048483e-02
1.003602648009734422e+00,-9.627312473751048483e-02
1.127579964987391437e+00,-2.894426557432940028e-02
1.127579964987391437e+00,-2.894426557432940028e-02
1.080014722394067705e+00,-7.856469837141055734e-02
1.080014722394067705e+00,-7.856469837141055734e-02
1.086132565292543983e+00,-1.359142408000444946e-01
1.180060376666698163e+00,1.319658219787461784e-02
1.180060376666698163e+00,1.319658219787461784e-02
1.180060376666698163e+00,1.319658219787461784e-02
1.180060376666698163e+00,1.319658219787461784e-02
1.182189278459091497e+00,1.392483393311226003e-01
1.118132008466655058e+00,-8.388186233923289326e-04
1.118132008466655058e+00,-8.388186233923289326e-04
1.161199530773927791e+00,-4.751695015434877212e-02
1.161199530773927791e+00,-4.751695015434877212e-02
1.161199530773927791e+00,-4.751695015434877212e-02
1.277477852897649147e+00,1.865145135246042141e-03
1.277477852897649147e+00,1.865145135246042141e-03
1.037614182834051269e+00,-1.160202264666815031e-01
1.037614182834051269e+00,-1.160202264666815031e-01
1.037614182834051269e+00,-1.160202264666815031e-01
1.037614182834051269e+00,-1.160202264666815031e-01
1.037614182834051269e+00,-1.160202264666815031e-01
1.043616608661276146e+00,-9.651883554150535172e-02
1.043616608661276146e+00,-9.651883554150535172e-02
1.043616608661276146e+00,-9.651883554150535172e-02
1.043616608661276146e+00,-9.651883554150535172e-02
1.015744253964186550e+00,-8.527090235086547121e-02
1.093633833924958942e+00,8.734895285559919620e-02
1.143193639304081355e+00,7.134608843099760067e-02
1.355742531963245234e+00,9.017723700132443398e-02
1.407065604750317833e+00,1.498349754483175866e-01
1.407065604750317833e+00,1.498349754483175866e-01
1.407065604750317833e+00,1.498349754483175866e-01
1.407065604750317833e+00,1.498349754483175866e-01
1.291271843331361469e+00,1.047922813419668864e-02
1.291271843331361469e+00,1.047922813419668864e-02
1.417012792390551112e+00,-4.759552451989784022e-02
1.417012792390551112e+00,-4.759552451989784022e-02
1.417012792390551112e+00,-4.759552451989784022e-02
1.417012792390551112e+00,-4.759552451989784022e-02
1.417012792390551112e+00,-4.759552451989784022e-02
1.417012792390551112e+00,-4.759552451989784022e-02
1.417012792390551112e+00,-4.759552451989784022e-02
1.419640970990494466e+00,1.098242452219764381e-02
1.409582644288075670e+00,-5.621002913924410399e-02
1.188540112358960954e+00,-2.946433481907058116e-01
1.188540112358960954e+00,-2.946433481907058116e-01
1.180073999302746257e+00,-2.938386761997421326e-01
1.180073999302746257e+00,-2.938386761997421326e-01
1.180073999302746257e+00,-2.938386761997421326e-01
1.157712042884721848e+00,-2.452597746781643440e-01
1.157712042884721848e+00,-2.452597746781643440e-01
1.351036037580054527e+00,-1.120432014559196165e-01
1.341946783367016893e+00,-1.119464591779903428e-03
1.341946783367016893e+00,-1.119464591779903428e-03
1.341946783367016893e+00,-1.119464591779903428e-03
1.301417078079597056e+00,-1.058246999270562316e-01
1.301417078079597056e+00,-1.058246999270562316e-01
1.301417078079597056e+00,-1.058246999270562316e-01
1.301417078079597056e+00,-1.058246999270562316e-01
1.301417078079597056e+00,-1.058246999270562316e-01
1.224111085384966380e+00,4.948444791565065337e-02
1.224111085384966380e+00,4.948444791565065337e-02
1.311432555129991018e+00,9.926153849307045585e-02
1.311432555129991018e+00,9.926153849307045585e-02
1.311432555129991018e+00,9.926153849307045585e-02
1.311432555129991018e+00,9.926153849307045585e-02
1.311432555129991018e+00,9.926153849307045585e-02
1.350260123073082408e+00,4.632225168008211741e-02
1.350260123073082408e+00,4.632225168008211741e-02
1.275080167013452836e+00,8.664308801749502631e-02
1.271491558919715548e+00,4.511102212510579440e-02
1.271491558919715548e+00,4.511102212510579440e-02
1.271491558919715548e+00,4.511102212510579440e-02
1.447977387869074928e+00,1.807560372807074656e-01
1.447977387869074928e+00,1.807560372807074656e-01
1.315278401125758112e+00,2.042146138448496517e-01
1.315278401125758112e+00,2.042146138448496517e-01
1.315278401125758112e+00,2.042146138448496517e-01
1.315278401125758112e+00,2.042146138448496517e-01
1.315278401125758112e+00,2.042146138448496517e-01
1.453430736604977014e+00,1.471159381320331916e-01
1.453430736604977014e+00,1.471159381320331916e-01
1.524377091543445584e+00,8.675147453867515512e-02
1.312196650293905531e+00,5.768401605998202397e-03
1.367592098987480354e+00,1.234853549641232173e-01
1.352539355685645539e+00,1.554470575909169816e-02
1.352539355685645539e+00,1.554470575909169816e-02
1.371236539386108788e+00,-1.105776735169248792e-01
1.413156567064484337e+00,7.956750442838755877e-02
1.413156567064484337e+00,7.956750442838755877e-02
1.376355365948989329e+00,-1.335489466022982685e-01
1.371312468392117179e+00,1.184408283997481770e-01
1.357819950893408789e+00,-2.447743233730327872e-01
1.357819950893408789e+00,-2.447743233730327872e-01
1.357819950893408789e+00,-2.447743233730327872e-01
1.363922110439277358e+00,-1.642144351149191217e-01
1.293165355849571707e+00,-1.152543143556628291e-01
1.293165355849571707e+00,-1.152543143556628291e-01
1.293165355849571707e+00,-1.152543143556628291e-01
1.293165355849571707e+00,-1.152543143556628291e-01
1.293165355849571707e+00,-1.152543143556628291e-01
1.315867126690812849e+00,3.827645787727626536e-02
1.315867126690812849e+00,3.827645787727626536e-02
1.315867126690812849e+00,3.827645787727626536e-02
1.330087379930247282e+00,3.720363078978430882e-02
1.330087379930247282e+00,3.720363078978430882e-02
1.330087379930247282e+00,3.720363078978430882e-02
1.330087379930247282e+00,3.720363078978430882e-02
1.269613624661048989e+00,6.440961677410582398e-02
1.296504293664376917e+00,-7.968974575850230890e-02
1.296504293664376917e+00,-7.968974575850230890e-02
1.296504293664376917e+00,-7.968974575850230890e-02
1.296504293664376917e+00,-7.968974575850230890e-02
1.275579265283690589e+00,1.345081902393584494e-01
1.130774191691566344e+00,1.939425183211877790e-02
1.179674884520254485e+00,-9.595208179781773705e-03
1.179674884520254485e+00,-9.595208179781773705e-03
1.179674884520254485e+00,-9.595208179781773705e-03
1.179674884520254485e+00,-9.595208179781773705e-03
1.179674884520254485e+00,-9.595208179781773705e-03
1.290517136675872534e+00,-5.579624805342862752e-03
1.290517136675872534e+00,-5.579624805342862752e-03
1.290517136675872534e+00,-5.579624805342862752e-03
1.290517136675872534e+00,-5.579624805342862752e-03
1.360590013285843058e+00,1.757037426163671895e-02
1.360590013285843058e+00,1.757037426163671895e-02
1.360590013285843058e+00,1.757037426163671895e-02
1.360590013285843058e+00,1.757037426163671895e-02
1.360590013285843058e+00,1.757037426163671895e-02
1.360590013285843058e+00,1.757037426163671895e-02
1.360590013285843058e+00,1.757037426163671895e-02
1.360590013285843058e+00,1.757037426163671895e-02
1.360590013285843058e+00,1.757037426163671895e-02
1.360590013285843058e+00,1.757037426163671895e-02
1.360590013285843058e+00,1.757037426163671895e-02
1.224040479194557829e+00,-4.384735238479771369e-03
1.224040479194557829e+00,-4.384735238479771369e-03
1.433162565752772455e+00,6.121129418903068636e-02
1.393382700737359592e+00,1.232538105621119318e-01
1.393382700737359592e+00,1.232538105621119318e-01
1.393382700737359592e+00,1.232538105621119318e-01
1.368224016198681614e+00,1.122507412382960090e-01
1.368224016198681614e+00,1.122507412382960090e-01
1.368224016198681614e+00,1.122507412382960090e-01
1.404607447899295369e+00,1.403829666959038602e-01
1.404607447899295369e+00,1.403829666959038602e-01
1.404607447899295369e+00,1.403829666959038602e-01
1.548597552042132452e+00,4.734229042165444268e-02
1.548597552042132452e+00,4.734229042165444268e-02
1.548597552042132452e+00,4.734229042165444268e-02
1.548597552042132452e+00,4.734229042165444268e-02
1.564672278237673630e+00,-5.563753067446947087e-02
1.372235178136953948e+00,-1.786068099411496912e-01
1.119102913288883006e+00,-1.473715455916809747e-01
1.141222203391559775e+00,-2.432036708821926074e-02
1.141222203391559775e+00,-2.432036708821926074e-02
1.141222203391559775e+00,-2.432036708821926074e-02
1.141222203391559775e+00,-2.432036708821926074e-02
1.181293303042139309e+00,6.573012947891854890e-03
1.181293303042139309e+00,6.573012947891854890e-03
1.181293303042139309e+00,6.573012947891854890e-03
1.181293303042139309e+00,6.573012947891854890e-03
1.181293303042139309e+00,6.573012947891854890e-03
1.210245872986520643e+00,9.717969302703683213e-03
1.210245872986520643e+00,9.717969302703683213e-03
1.210245872986520643e+00,9.717969302703683213e-03
1.210245872986520643e+00,9.717969302703683213e-03
1.210245872986520643e+00,9.717969302703683213e-03
1.210245872986520643e+00,9.717969302703683213e-03
1.210245872986520643e+00,9.717969302703683213e-03
1.210245872986520643e+00,9.717969302703683213e-03
1.210245872986520643e+00,9.717969302703683213e-03
1.260380113262490998e+00,-2.797720558145400105e-02
1.260380113262490998e+00,-2.797720558145400105e-02
1.271083601819536835e+00,4.095498179473403000e-02
1.202683625228791575e+00,1.647393268543491038e-02
1.202683625228791575e+00,1.647393268543491038e-02
1.202683625228791575e+00,1.647393268543491038e-02
1.202683625228791575e+00,1.647393268543491038e-02
1.202683625228791575e+00,1.647393268543491038e-02
1.202683625228791575e+00,1.647393268543491038e-02
1.202683625228791575e+00,1.647393268543491038e-02
1.202683625228791575e+00,1.647393268543491038e-02
1.329517987428452619e+00,7.073150597460677036e-02
1.239696649090221925e+00,-1.091300229398019933e-01
1.145481071138241713e+00,-1.473383317083722666e-01
1.145481071138241713e+00,-1.473383317083722666e-01
1.155743501176938359e+00,-1.686738219899080460e-01
1.390101062292001144e+00,-1.564832131068373267e-01
1.235864278336569866e+00,-3.087372538078169137e-01
1.235864278336569866e+00,-3.087372538078169137e-01
1.235864278336569866e+00,-3.087372538078169137e-01
1.235864278336569866e+00,-3.087372538078169137e-01
1.235864278336569866e+00,-3.087372538078169137e-01
1.235864278336569866e+00,-3.087372538078169137e-01
1.235864278336569866e+00,-3.087372538078169137e-01
1.235864278336569866e+00,-3.087372538078169137e-01
1.235864278336569866e+00,-3.087372538078169137e-01
1.235864278336569866e+00,-3.087372538078169137e-01
1.334671051937794228e+00,-2.773100950265453002e-01
1.267498846077220964e+00,-1.675629769945644332e-01
1.194397615877821117e+00,-1.087064702611124645e-01
1.194397615877821117e+00,-1.087064702611124645e-01
1.194397615877821117e+00,-1.087064702611124645e-01
1.194397615877821117e+00,-1.087064702611124645e-01
1.194397615877821117e+00,-1.087064702611124645e-01
1.194397615877821117e+00,-1.087064702611124645e-01
1.198912617068071063e+00,-2.608560995439866692e-02
1.189016243594110733e+00,6.718411850429889531e-02
1.218648752843727534e+00,-2.645105278606131594e-02
1.218648752843727534e+00,-2.645105278606131594e-02
1.218648752843727534e+00,-2.645105278606131594e-02
1.241380181936839078e+00,1.776800054417495417e-02
1.203542463978734434e+00,-5.498292227030283225e-02
1.377542655400290306e+00,-1.261963133679109283e-01
1.377542655400290306e+00,-1.261963133679109283e-01
1.377542655400290306e+00,-1.261963133679109283e-01
1.377542655400290306e+00,-1.261963133679109283e-01
1.153890950860607889e+00,-1.306531018278425660e-02
1.153890950860607889e+00,-1.306531018278425660e-02
1.091181082113650946e+00,-4.641598594647658449e-02
1.091181082113650946e+00,-4.641598594647658449e-02
1.091181082113650946e+00,-4.641598594647658449e-02
1.091181082113650946e+00,-4.641598594647658449e-02
1.091181082113650946e+00,-4.641598594647658449e-02
1.091181082113650946e+00,-4.641598594647658449e-02
1.091181082113650946e+00,-4.641598594647658449e-02
1.091181082113650946e+00,-4.641598594647658449e-02
1.091181082113650946e+00,-4.641598594647658449e-02
1.128358151716483571e+00,-6.993585657916379095e-02
1.193782156840222486e+00,-6.233145467529822153e-02
1.331351853686197462e+00,1.909195732226994791e-01
1.331351853686197462e+00,1.909195732226994791e-01
1.331351853686197462e+00,1.909195732226994791e-01
1.331351853686197462e+00,1.909195732226994791e-01
1.331351853686197462e+00,1.909195732226994791e-01
1.331351853686197462e+00,1.909195732226994791e-01
1.331351853686197462e+00,1.909195732226994791e-01
1.331351853686197462e+00,1.909195732226994791e-01
1.331351853686197462e+00,1.909195732226994791e-01
1.331351853686197462e+00,1.909195732226994791e-01
1.331351853686197462e+00,1.909195732226994791e-01
1.331351853686197462e+00,1.909195732226994791e-01
1.331351853686197462e+00,1.909195732226994791e-01
1.172935941563294282e+00,2.009748401189519196e-01
1.187557254819097796e+00,1.839448167915657406e-01
1.187557254819097796e+00,1.839448167915657406e-01
1.187557254819097796e+00,1.839448167915657406e-01
1.187557254819097796e+00,1.839448167915657406e-01
1.187557254819097796e+00,1.839448167915657406e-01
1.312982380857592224e+00,8.643451825374848241e-02
1.159133676158801141e+00,1.520266622731825112e-02
1.442364668851650045e+00,3.493257813084731794e-02
1.442364668851650045e+00,3.493257813084731794e-02
1.442364668851650045e+00,3.493257813084731794e-02
1.374992204153359321e+00,5.395515753299799655e-02
1.535674005954373644e+00,8.516301521744219782e-02
1.535674005954373644e+00,8.516301521744219782e-02
1.486283549602875231e+00,1.556556402770135072e-01
1.531030527066133073e+00,7.032809044642496232e-02
1.531030527066133073e+00,7.032809044642496232e-02
1.531030527066133073e+00,7.032809044642496232e-02
1.364412095393945368e+00,1.072674463510609189e-01
1.364412095393945368e+00,1.072674463510609189e-01
1.364412095393945368e+00,1.072674463510609189e-01
1.365765960242168120e+00,6.434811044790214596e-02
1.365765960242168120e+00,6.434811044790214596e-02
1.365765960242168120e+00,6.434811044790214596e-02
1.121756454390080204e+00,5.573849142366427145e-02
1.299195753075518711e+00,-2.118817134028935789e-02
1.299195753075518711e+00,-2.118817134028935789e-02
1.379541385858841451e+00,-9.094167768672364871e-02
1.379541385858841451e+00,-9.094167768672364871e-02
1.379541385858841451e+00,-9.094167768672364871e-02
1.379541385858841451e+00,-9.094167768672364871e-02
1.379541385858841451e+00,-9.094167768672364871e-02
1.202265595701497380e+00,-1.069982433752478534e-01
1.078582126855224033e+00,-7.570461514130435998e-02
1.172321680458941806e+00,-9.836476100524733923e-02
1.199241045979923426e+00,1.428689138287037586e-01
1.476726357930261857e+00,9.280944798929463557e-02
1.476726357930261857e+00,9.280944798929463557e-02
1.476726357930261857e+00,9.280944798929463557e-02
1.476726357930261857e+00,9.280944798929463557e-02
1.416548467733049987e+00,1.349347762364798420e-01
1.416548467733049987e+00,1.349347762364798420e-01
1.416548467733049987e+00,1.349347762364798420e-01
1.231320967795714649e+00,2.657736351569289779e-02
1.055027865649329932e+00,1.181187416487787661e-01
1.068790191417466229e+00,6.282939788956425076e-02
1.115075575358688065e+00,1.429043634642248040e-01
1.115075575358688065e+00,1.429043634642248040e-01
1.115075575358688065e+00,1.429043634642248040e-01
1.256113380312808614e+00,1.331300869511499729e-01
1.116586517646004806e+00,2.961151856071653210e-03
1.224566496786899883e+00,1.488490442987724649e-01
1.087360802120957759e+00,2.055163902993045744e-02
1.087360802120957759e+00,2.055163902993045744e-02
1.087360802120957759e+00,2.055163902993045744e-02
1.068759393941348002e+00,-1.133558011630368678e-02
1.204489872202532563e+00,3.968353265112375960e-02
1.066012778486301382e+00,1.481254810269619637e-01
1.164381706742523948e+00,2.506193653789385856e-01
1.103418964737636232e+00,2.328427486562074655e-01
1.103418964737636232e+00,2.328427486562074655e-01
9.630089566696979908e-01,8.982278277386410159e-02
9.630089566696979908e-01,8.982278277386410159e-02
1.139697583190559804e+00,5.043990848261556414e-02
1.263848891309247158e+00,-1.485488384833549835e-02
1.263848891309247158e+00,-1.485488384833549835e-02
1.263848891309247158e+00,-1.485488384833549835e-02
1.263848891309247158e+00,-1.485488384833549835e-02
1.263848891309247158e+00,-1.485488384833549835e-02
1.263848891309247158e+00,-1.485488384833549835e-02
1.263848891309247158e+00,-1.485488384833549835e-02
1.263848891309247158e+00,-1.485488384833549835e-02
1.263848891309247158e+00,-1.485488384833549835e-02
1.333219826924677331e+00,-8.898428222193675852e-02
1.180017854860396342e+00,-2.917195505212712148e-02
1.180017854860396342e+00,-2.917195505212712148e-02
1.180017854860396342e+00,-2.917195505212712148e-02
1.180017854860396342e+00,-2.917195505212712148e-02
1.180017854860396342e+00,-2.917195505212712148e-02
1.180017854860396342e+00,-2.917195505212712148e-02
1.180017854860396342e+00,-2.917195505212712148e-02
1.222784479613522324e+00,-8.991135926273993717e-02
1.222784479613522324e+00,-8.991135926273993717e-02
1.300915215841510264e+00,8.680623369563100766e-02
1.324916665621367340e+00,2.725652548977565148e-01
1.220507612375676176e+00,2.043342885706586620e-01
1.325295298016637702e+00,1.699139253297592411e-01
1.325295298016637702e+00,1.699139253297592411e-01
1.325295298016637702e+00,1.699139253297592411e-01
1.325295298016637702e+00,1.699139253297592411e-01
1.325295298016637702e+00,1.699139253297592411e-01
1.166049090408095568e+00,1.189554581477931250e-01
1.156263069291071810e+00,8.897691084118862503e-02
1.108769246548511944e+00,-9.849218729208118750e-02
1.108769246548511944e+00,-9.849218729208118750e-02
1.108769246548511944e+00,-9.849218729208118750e-02
1.147998242782389600e+00,-1.061264268192535082e-01
1.147998242782389600e+00,-1.061264268192535082e-01
1.147998242782389600e+00,-1.061264268192535082e-01
1.147998242782389600e+00,-1.061264268192535082e-01
1.075820062034115843e+00,-1.969042546814257777e-01
1.075820062034115843e+00,-1.969042546814257777e-01
1.075820062034115843e+00,-1.969042546814257777e-01
1.075820062034115843e+00,-1.969042546814257777e-01
1.075820062034115843e+00,-1.969042546814257777e-01
9.875455920617588479e-01,-9.196255367189193342e-02
9.875455920617588479e-01,-9.196255367189193342e-02
9.875455920617588479e-01,-9.196255367189193342e-02
9.875455920617588479e-01,-9.196255367189193342e-02
9.875455920617588479e-01,-9.196255367189193342e-02
9.875455920617588479e-01,-9.196255367189193342e-02
9.875455920617588479e-01,-9.196255367189193342e-02
1.066659677809984164e+00,-1.032001601570982363e-02
1.066659677809984164e+00,-1.032001601570982363e-02
1.306766616292160066e+00,7.221297455342093330e-02
1.306766616292160066e+00,7.221297455342093330e-02
1.157974124270052751e+00,-4.827955989192268815e-02
1.157974124270052751e+00,-4.827955989192268815e-02
1.157974124270052751e+00,-4.827955989192268815e-02
1.157974124270052751e+00,-4.827955989192268815e-02
1.294664497067223863e+00,5.478777341016198565e-03
1.328733515053497571e+00,-1.061623926934897322e-01
1.253561686294059285e+00,2.193938389188945792e-02
1.253561686294059285e+00,2.193938389188945792e-02
1.253561686294059285e+00,2.193938389188945792e-02
1.253561686294059285e+00,2.193938389188945792e-02
1.253561686294059285e+00,2.193938389188945792e-02
1.253561686294059285e+00,2.193938389188945792e-02
1.345444457251100179e+00,-7.125816257422655509e-02
1.200441825087923187e+00,-1.179139411217661471e-01
1.200441825087923187e+00,-1.179139411217661471e-01
1.319413052308988865e+00,-8.305996605444718184e-03
1.231183583599723130e+00,-5.129769235978738628e-02
1.231183583599723130e+00,-5.129769235978738628e-02
1.085050355810812661e+00,-1.938777237226290556e-02
1.085050355810812661e+00,-1.938777237226290556e-02
1.085050355810812661e+00,-1.938777237226290556e-02
1.085050355810812661e+00,-1.938777237226290556e-02
1.249319354669893301e+00,-1.061754060345863337e-01
1.249319354669893301e+00,-1.061754060345863337e-01
1.198717210321448290e+00,-1.128515648506962787e-01
1.198717210321448290e+00,-1.128515648506962787e-01
1.136694196182149730e+00,2.138604680221211363e-01
1.136694196182149730e+00,2.138604680221211363e-01
1.136694196182149730e+00,2.138604680221211363e-01
1.136694196182149730e+00,2.138604680221211363e-01
1.136694196182149730e+00,2.138604680221211363e-01
1.136694196182149730e+00,2.138604680221211363e-01
1.136694196182149730e+00,2.138604680221211363e-01
1.316328614547889186e+00,-1.836074375354786736e-01
1.316328614547889186e+00,-1.836074375354786736e-01
1.381848362234643801e+00,-1.541956678705307116e-01
1.381848362234643801e+00,-1.541956678705307116e-01
1.381848362234643801e+00,-1.541956678705307116e-01
1.381848362234643801e+00,-1.541956678705307116e-01
1.381848362234643801e+00,-1.541956678705307116e-01
1.381848362234643801e+00,-1.541956678705307116e-01
1.203743837895531410e+00,-7.911843683432094598e-02
1.219876883134411338e+00,7.211419832915373640e-02
1.219876883134411338e+00,7.211419832915373640e-02
1.392101318196854454e+00,7.630153066809836071e-02
1.392101318196854454e+00,7.630153066809836071e-02
1.392101318196854454e+00,7.630153066809836071e-02
1.392101318196854454e+00,7.630153066809836071e-02
1.392101318196854454e+00,7.630153066809836071e-02
1.392101318196854454e+00,7.630153066809836071e-02
1.392101318196854454e+00,7.630153066809836071e-02
1.196182583614309181e+00,1.619682340033554158e-01
1.254544085330803194e+00,9.550507863586998880e-02
1.254544085330803194e+00,9.550507863586998880e-02
1.254544085330803194e+00,9.550507863586998880e-02
1.254544085330803194e+00,9.550507863586998880e-02
1.254544085330803194e+00,9.550507863586998880e-02
1.395721143907871831e+00,2.214538285646540372e-02
1.395721143907871831e+00,2.214538285646540372e-02
1.395721143907871831e+00,2.214538285646540372e-02
1.395721143907871831e+00,2.214538285646540372e-02
1.395721143907871831e+00,2.214538285646540372e-02
1.395721143907871831e+00,2.214538285646540372e-02
1.363298066291719790e+00,4.983894597350294053e-02
1.363298066291719790e+00,4.983894597350294053e-02
1.363298066291719790e+00,4.983894597350294053e-02
1.363298066291719790e+00,4.983894597350294053e-02
1.363298066291719790e+00,4.983894597350294053e-02
1.363298066291719790e+00,4.983894597350294053e-02
1.411218628051840396e+00,1.599802061762848338e-01
1.325534134159618072e+00,1.167512790999180594e-01
1.325534134159618072e+00,1.167512790999180594e-01
1.325534134159618072e+00,1.167512790999180594e-01
1.258818767531225902e+00,1.153790295279138595e-01
1.258818767531225902e+00,1.153790295279138595e-01
1.258818767531225902e+00,1.153790295279138595e-01
1.258818767531225902e+00,1.153790295279138595e-01
1.268355903789889272e+00,1.811542543226714597e-01
1.268355903789889272e+00,1.811542543226714597e-01
1.268355903789889272e+00,1.811542543226714597e-01
1.268355903789889272e+00,1.811542543226714597e-01
1.268355903789889272e+00,1.811542543226714597e-01
1.408440683829240259e+00,5.791930577303984473e-02
1.099602738669103852e+00,-3.378628218615715995e-02
1.099602738669103852e+00,-3.378628218615715995e-02
1.099602738669103852e+00,-3.378628218615715995e-02
1.099602738669103852e+00,-3.378628218615715995e-02
1.099602738669103852e+00,-3.378628218615715995e-02
1.248498936725210839e+00,1.151290447802213318e-01
1.228173374928412498e+00,-1.095420165133940971e-02
1.228173374928412498e+00,-1.095420165133940971e-02
1.152949640685453581e+00,7.154256186885636637e-03
1.401774693461366184e+00,2.828684445076924681e-03
1.401774693461366184e+00,2.828684445076924681e-03
1.401774693461366184e+00,2.828684445076924681e-03
1.401774693461366184e+00,2.828684445076924681e-03
1.461053598086899497e+00,-6.276545988178150459e-02
1.461053598086899497e+00,-6.276545988178150459e-02
1.461053598086899497e+00,-6.276545988178150459e-02
1.461053598086899497e+00,-6.276545988178150459e-02
1.436908103835963235e+00,-1.432154659518170003e-01
1.399348608899958935e+00,-1.840561696538417502e-01
1.399348608899958935e+00,-1.840561696538417502e-01
1.399348608899958935e+00,-1.840561696538417502e-01
1.399348608899958935e+00,-1.840561696538417502e-01
1.399348608899958935e+00,-1.840561696538417502e-01
1.064348338278510164e+00,5.262188060708619664e-02
1.064348338278510164e+00,5.262188060708619664e-02
1.097490084971446844e+00,3.060166743705165782e-02
1.046113087021479426e+00,-1.238438271891946635e-01
1.151931492705821514e+00,1.673601465566646462e-01
1.309319994497364359e+00,2.270485852741176147e-01
1.389015748398368055e+00,-3.011614650350100120e-02
1.389015748398368055e+00,-3.011614650350100120e-02
1.389015748398368055e+00,-3.011614650350100120e-02
1.389015748398368055e+00,-3.011614650350100120e-02
1.389015748398368055e+00,-3.011614650350100120e-02
1.389015748398368055e+00,-3.011614650350100120e-02
1.389015748398368055e+00,-3.011614650350100120e-02
1.360424843539939088e+00,3.827975191815505274e-02
1.291695130673144121e+00,-3.846109996046537249e-03
1.291695130673144121e+00,-3.846109996046537249e-03
1.291695130673144121e+00,-3.846109996046537249e-03
1.258377816536334848e+00,-1.523431331227753129e-02
1.258377816536334848e+00,-1.523431331227753129e-02
1.258377816536334848e+00,-1.523431331227753129e-02
1.258377816536334848e+00,-1.523431331227753129e-02
1.258377816536334848e+00,-1.523431331227753129e-02
1.342508938286486542e+00,9.446553803239403357e-02
1.342508938286486542e+00,9.446553803239403357e-02
1.342508938286486542e+00,9.446553803239403357e-02
1.342508938286486542e+00,9.446553803239403357e-02
1.342508938286486542e+00,9.446553803239403357e-02
1.359081199424233333e+00,-1.445431514936189599e-01
1.154826333666082228e+00,-7.144136269540977968e-02
1.154826333666082228e+00,-7.144136269540977968e-02
1.154826333666082228e+00,-7.144136269540977968e-02
1.050438575257612861e+00,-9.908243791278743828e-02
1.058771327068579460e+00,-1.507934716668285213e-01
1.026360145115648326e+00,5.271271426149265471e-02
1.212867116582501570e+00,1.114530428221689462e-01
1.212867116582501570e+00,1.114530428221689462e-01
1.074941634169067406e+00,2.959629558682143058e-01
1.074941634169067406e+00,2.959629558682143058e-01
1.074941634169067406e+00,2.959629558682143058e-01
1.074941634169067406e+00,2.959629558682143058e-01
1.074941634169067406e+00,2.959629558682143058e-01
1.298724722397282205e+00,2.488579528153005149e-01
1.298724722397282205e+00,2.488579528153005149e-01
1.241912082793110716e+00,1.051873531352064961e-01
1.171011508263423373e+00,6.586584182123786380e-02
1.171011508263423373e+00,6.586584182123786380e-02
1.194249105726675531e+00,5.526490158828811783e-02
1.351271297672697269e+00,-7.369538777027898058e-02
1.197912930227953643e+00,6.786744803820626837e-02
1.197912930227953643e+00,6.786744803820626837e-02
1.197912930227953643e+00,6.786744803820626837e-02
1.197912930227953643e+00,6.786744803820626837e-02
1.197912930227953643e+00,6.786744803820626837e-02
1.197912930227953643e+00,6.786744803820626837e-02
1.197912930227953643e+00,6.786744803820626837e-02
1.454304998713490837e+00,4.013085707254542001e-02
1.454304998713490837e+00,4.013085707254542001e-02
1.313725749992742164e+00,2.316270076428388405e-02
1.313725749992742164e+00,2.316270076428388405e-02
1.175369636240422011e+00,2.830778533206586289e-02
1.175369636240422011e+00,2.830778533206586289e-02
1.117241562111687569e+00,-5.306564609154906798e-02
1.332356444843757703e+00,1.002523826339367374e-01
1.225263099858028504e+00,1.565340840032144742e-01
1.225263099858028504e+00,1.565340840032144742e-01
1.262886698818523667e+00,1.414715524881547393e-01
1.262886698818523667e+00,1.414715524881547393e-01
1.262886698818523667e+00,1.414715524881547393e-01
1.262886698818523667e+00,1.414715524881547393e-01
1.262886698818523667e+00,1.414715524881547393e-01
1.262886698818523667e+00,1.414715524881547393e-01
1.262886698818523667e+00,1.414715524881547393e-01
1.124974894298131689e+00,-3.088298564271102498e-02
1.124974894298131689e+00,-3.088298564271102498e-02
1.124974894298131689e+00,-3.088298564271102498e-02
1.309849400903916106e+00,6.548819850437384571e-03
1.309849400903916106e+00,6.548819850437384571e-03
1.309849400903916106e+00,6.548819850437384571e-03
1.309849400903916106e+00,6.548819850437384571e-03
1.363002427509041103e+00,-3.520903457346523380e-02
1.274797572854415639e+00,8.270641025073566244e-02
1.274797572854415639e+00,8.270641025073566244e-02
1.274797572854415639e+00,8.270641025073566244e-02
1.274797572854415639e+00,8.270641025073566244e-02
1.274797572854415639e+00,8.270641025073566244e-02
1.274797572854415639e+00,8.270641025073566244e-02
1.285047972158798624e+00,1.076569662154286400e-02
1.285047972158798624e+00,1.076569662154286400e-02
1.285047972158798624e+00,1.076569662154286400e-02
1.312175407218765466e+00,6.692849827347682745e-02
1.305696901074950400e+00,4.556004084277568561e-02
1.408485199471235516e+00,9.755490569540711809e-03
1.408485199471235516e+00,9.755490569540711809e-03
1.408485199471235516e+00,9.755490569540711809e-03
1.408485199471235516e+00,9.755490569540711809e-03
1.408663568022307189e+00,-8.942211096656314806e-02
1.408663568022307189e+00,-8.942211096656314806e-02
1.408663568022307189e+00,-8.942211096656314806e-02
1.367393628123539706e+00,4.014119313686538570e-02
1.367393628123539706e+00,4.014119313686538570e-02
1.364067177972145606e+00,2.634581686171245107e-01
1.364067177972145606e+00,2.634581686171245107e-01
1.364067177972145606e+00,2.634581686171245107e-01
1.364067177972145606e+00,2.634581686171245107e-01
1.334122863246888668e+00,1.044533541716596015e-01
1.334122863246888668e+00,1.044533541716596015e-01
1.309118924842290088e+00,-6.246168759339235099e-02
1.309118924842290088e+00,-6.246168759339235099e-02
1.309118924842290088e+00,-6.246168759339235099e-02
1.309118924842290088e+00,-6.246168759339235099e-02
1.337562640288747273e+00,-4.064440318021370069e-02
1.165894273896761257e+00,-1.220777585186666875e-01
1.351549788736827074e+00,-1.477258405368237215e-01
1.195395841605754850e+00,6.950014370187485024e-02
1.195395841605754850e+00,6.950014370187485024e-02
1.304143936396307879e+00,-1.146734752463357820e-01
1.304143936396307879e+00,-1.146734752463357820e-01
1.257945776756265399e+00,-6.186043220967421541e-02
1.257945776756265399e+00,-6.186043220967421541e-02
1.260171221372008432e+00,2.022512394112199741e-02
1.276179793195099110e+00,8.626628179501505400e-02
1.212047918645005495e+00,-4.194963255333702956e-02
1.212047918645005495e+00,-4.194963255333702956e-02
1.212047918645005495e+00,-4.194963255333702956e-02
1.212047918645005495e+00,-4.194963255333702956e-02
1.212047918645005495e+00,-4.194963255333702956e-02
1.212047918645005495e+00,-4.194963255333702956e-02
1.212047918645005495e+00,-4.194963255333702956e-02
1.212047918645005495e+00,-4.194963255333702956e-02
1.212047918645005495e+00,-4.194963255333702956e-02
1.212047918645005495e+00,-4.194963255333702956e-02
1.212047918645005495e+00,-4.194963255333702956e-02
1.393404507746361265e+00,6.406311442841927661e-03
1.408493063288225766e+00,2.008888120908824612e-02
1.248258565626789052e+00,-1.083720583181362399e-02
1.256482527328240506e+00,-4.670722203753160939e-02
1.256482527328240506e+00,-4.670722203753160939e-02
1.256482527328240506e+00,-4.670722203753160939e-02
1.256482527328240506e+00,-4.670722203753160939e-02
1.056043341651429435e+00,-4.668743351049734619e-02
1.056043341651429435e+00,-4.668743351049734619e-02
1.056043341651429435e+00,-4.668743351049734619e-02
1.056043341651429435e+00,-4.668743351049734619e-02
1.056043341651429435e+00,-4.668743351049734619e-02
1.080099927373327384e+00,-1.935547364120729710e-02
1.080099927373327384e+00,-1.935547364120729710e-02
1.058563203499926386e+00,-2.526134804542262344e-02
1.467910178019315337e+00,-8.216804106432427923e-02
1.467910178019315337e+00,-8.216804106432427923e-02
1.467910178019315337e+00,-8.216804106432427923e-02
1.391895433077145583e+00,-1.672020226504767892e-01
1.332162140196443190e+00,-4.066342825372701308e-02
1.332162140196443190e+00,-4.066342825372701308e-02
1.450978795145494438e+00,-1.091317720227144572e-01
1.450978795145494438e+00,-1.091317720227144572e-01
1.450978795145494438e+00,-1.091317720227144572e-01
1.416108190168937853e+00,-1.034402176302388759e-01
1.416108190168937853e+00,-1.034402176302388759e-01
1.416108190168937853e+00,-1.034402176302388759e-01
1.519481570286632000e+00,-9.774851731287989565e-02
1.519481570286632000e+00,-9.774851731287989565e-02
1.519481570286632000e+00,-9.774851731287989565e-02
1.519481570286632000e+00,-9.774851731287989565e-02
1.519481570286632000e+00,-9.774851731287989565e-02
1.493661850064468277e+00,-3.842419332329752302e-02
1.493661850064468277e+00,-3.842419332329752302e-02
1.493661850064468277e+00,-3.842419332329752302e-02
1.493661850064468277e+00,-3.842419332329752302e-02
1.493661850064468277e+00,-3.842419332329752302e-02
1.493661850064468277e+00,-3.842419332329752302e-02
1.112328132306013906e+00,1.539244452341655689e-01
1.112328132306013906e+00,1.539244452341655689e-01
1.112328132306013906e+00,1.539244452341655689e-01
1.112328132306013906e+00,1.539244452341655689e-01
1.109073813622006410e+00,-5.898426900918513072e-02
1.064191393149570786e+00,-6.668884865485463775e-02
1.064191393149570786e+00,-6.668884865485463775e-02
1.064191393149570786e+00,-6.668884865485463775e-02
1.210789087304712686e+00,3.931669710175733634e-02
1.210789087304712686e+00,3.931669710175733634e-02
1.177804527225308151e+00,-1.064032138606827715e-01
1.177804527225308151e+00,-1.064032138606827715e-01
1.177804527225308151e+00,-1.064032138606827715e-01
1.155765107192946894e+00,-1.207754876349461937e-01
1.155765107192946894e+00,-1.207754876349461937e-01
1.152955693270979909e+00,1.526449294576133486e-01
1.152955693270979909e+00,1.526449294576133486e-01
1.152955693270979909e+00,1.526449294576133486e-01
1.090149147154670928e+00,3.662467722504375578e-02
1.090149147154670928e+00,3.662467722504375578e-02
1.186911986088113657e+00,4.511544298236858097e-04
1.186911986088113657e+00,4.511544298236858097e-04
1.186911986088113657e+00,4.511544298236858097e-04
1.157538154816276421e+00,6.688633275365777307e-03
1.159391935130851925e+00,1.285054318509403215e-01
1.274035593600669980e+00,-9.980475224279403146e-02
1.274035593600669980e+00,-9.980475224279403146e-02
1.298442632819889919e+00,-1.620667145426516742e-01
1.335818607409446246e+00,1.255644731562080840e-01
1.205049193574376343e+00,1.761253298645739651e-01
1.219897788659529247e+00,-4.841605053930816971e-02
1.219897788659529247e+00,-4.841605053930816971e-02
1.219897788659529247e+00,-4.841605053930816971e-02
1.189422951473044332e+00,-4.225484306004320678e-02
1.189422951473044332e+00,-4.225484306004320678e-02
1.189422951473044332e+00,-4.225484306004320678e-02
1.368238218050475741e+00,-1.192068272280157881e-01
1.368238218050475741e+00,-1.192068272280157881e-01
1.368238218050475741e+00,-1.192068272280157881e-01
1.405106461208933011e+00,-1.417060831481655181e-01
1.476613524295307567e+00,7.718309807130604994e-02
1.309432446814211559e+00,-4.445353761240235235e-02
1.309432446814211559e+00,-4.445353761240235235e-02
1.289011542528366139e+00,1.007951222562354227e-01
1.289011542528366139e+00,1.007951222562354227e-01
1.368631758136336751e+00,-7.212745045163347635e-02
1.368631758136336751e+00,-7.212745045163347635e-02
1.298568825328751508e+00,1.513479569556110127e-02
1.298568825328751508e+00,1.513479569556110127e-02
1.298568825328751508e+00,1.513479569556110127e-02
1.298568825328751508e+00,1.513479569556110127e-02
1.226065483545536017e+00,8.695048579919206766e-02
1.226065483545536017e+00,8.695048579919206766e-02
1.297991614788297277e+00,4.169796539536704122e-02
1.297991614788297277e+00,4.169796539536704122e-02
1.405435007728490948e+00,-7.345835110832535375e-02
1.405435007728490948e+00,-7.345835110832535375e-02
1.405435007728490948e+00,-7.345835110832535375e-02
1.405435007728490948e+00,-7.345835110832535375e-02
1.207388457946720006e+00,5.896992408070464431e-02
1.207388457946720006e+00,5.896992408070464431e-02
1.244369839119823684e+00,1.221475114168369402e-01
1.263304747781019977e+00,-6.385408541769047042e-02
1.263304747781019977e+00,-6.385408541769047042e-02
1.178341930704635665e+00,3.503686919295982971e-01
1.178341930704635665e+00,3.503686919295982971e-01
9.932006128019394975e-01,2.649477263023707341e-01
1.123901883549346392e+00,2.825154558351632983e-01
1.123901883549346392e+00,2.825154558351632983e-01
1.123901883549346392e+00,2.825154558351632983e-01
1.293206507875291233e+00,1.671274181840979867e-01
1.373918418978688827e+00,3.872681851930237507e-02
1.373918418978688827e+00,3.872681851930237507e-02
1.422012074784756885e+00,3.317677212384811253e-02
1.545137763420786570e+00,-3.788140163688399203e-02
1.545137763420786570e+00,-3.788140163688399203e-02
1.353784086824143529e+00,-9.573178738515805697e-04
1.353784086824143529e+00,-9.573178738515805697e-04
1.353784086824143529e+00,-9.573178738515805697e-04
1.353784086824143529e+00,-9.573178738515805697e-04
1.353784086824143529e+00,-9.573178738515805697e-04
1.353784086824143529e+00,-9.573178738515805697e-04
1.353494883188397946e+00,-3.679484242645441466e-02
1.353494883188397946e+00,-3.679484242645441466e-02
1.269346347270892128e+00,-1.201055619690677423e-01
1.269346347270892128e+00,-1.201055619690677423e-01
1.269346347270892128e+00,-1.201055619690677423e-01
1.026707442153388827e+00,-7.863472137635102444e-02
1.026707442153388827e+00,-7.863472137635102444e-02
1.096840072191574089e+00,1.836642488213993119e-01
1.096840072191574089e+00,1.836642488213993119e-01
1.096840072191574089e+00,1.836642488213993119e-01
1.096840072191574089e+00,1.836642488213993119e-01
1.096840072191574089e+00,1.836642488213993119e-01
1.162295809466541874e+00,1.318060377332442579e-01
1.162295809466541874e+00,1.318060377332442579e-01
1.220518018004310923e+00,-1.844593337125513821e-01
1.040360472775626377e+00,-2.276710975410711768e-03
1.040360472775626377e+00,-2.276710975410711768e-03
1.218952357624344174e+00,-1.551794250360884753e-01
1.218952357624344174e+00,-1.551794250360884753e-01
1.071926385940713988e+00,-7.124859917551340516e-02
1.346394660941994337e+00,-1.075451889297804609e-01
1.346394660941994337e+00,-1.075451889297804609e-01
1.214579671916012904e+00,1.092906519077505023e-01
1.214579671916012904e+00,1.092906519077505023e-01
1.214579671916012904e+00,1.092906519077505023e-01
1.090262039914810632e+00,-2.323800000375472741e-02
1.245019610472519078e+00,1.081358629502292834e-01
1.245475292464129913e+00,9.705186800239141987e-02
1.212871994625117411e+00,9.333845020049510999e-02
1.336235398940120112e+00,-9.585632521969247866e-02
1.278339806983714189e+00,6.726707142501206493e-02
1.278339806983714189e+00,6.726707142501206493e-02
1.133186320106590594e+00,1.030217523027920912e-02
1.133186320106590594e+00,1.030217523027920912e-02
1.133186320106590594e+00,1.030217523027920912e-02
1.133186320106590594e+00,1.030217523027920912e-02
1.133186320106590594e+00,1.030217523027920912e-02
1.133186320106590594e+00,1.030217523027920912e-02
1.133186320106590594e+00,1.030217523027920912e-02
1.133186320106590594e+00,1.030217523027920912e-02
1.116537108522480448e+00,-1.383179772377260697e-01
1.116537108522480448e+00,-1.383179772377260697e-01
1.116537108522480448e+00,-1.383179772377260697e-01
1.063636076162453925e+00,-1.865166803268747675e-01
1.063636076162453925e+00,-1.865166803268747675e-01
1.063636076162453925e+00,-1.865166803268747675e-01
1.063636076162453925e+00,-1.865166803268747675e-01
1.063636076162453925e+00,-1.865166803268747675e-01
1.030254618613545725e+00,1.526394460766364314e-02
1.030254618613545725e+00,1.526394460766364314e-02
1.030254618613545725e+00,1.526394460766364314e-02
1.030254618613545725e+00,1.526394460766364314e-02
1.030254618613545725e+00,1.526394460766364314e-02
1.141380113934879592e+00,-1.027442117146975739e-02
1.141380113934879592e+00,-1.027442117146975739e-02
1.222315562898597774e+00,1.044408339093626653e-01
1.222315562898597774e+00,1.044408339093626653e-01
1.222315562898597774e+00,1.044408339093626653e-01
1.222315562898597774e+00,1.044408339093626653e-01
1.222315562898597774e+00,1.044408339093626653e-01
1.222315562898597774e+00,1.044408339093626653e-01
1.222315562898597774e+00,1.044408339093626653e-01
1.222315562898597774e+00,1.044408339093626653e-01
1.222315562898597774e+00,1.044408339093626653e-01
1.222315562898597774e+00,1.044408339093626653e-01
1.222315562898597774e+00,1.044408339093626653e-01
1.222315562898597774e+00,1.044408339093626653e-01
1.242076429709725760e+00,1.289027888766177687e-01
1.242076429709725760e+00,1.289027888766177687e-01
1.242076429709725760e+00,1.289027888766177687e-01
1.242076429709725760e+00,1.289027888766177687e-01
1.242076429709725760e+00,1.289027888766177687e-01
1.225136644003247843e+00,-2.976462895903417283e-02
1.258327595214773220e+00,6.930012601612280110e-02
1.099072721503869143e+00,1.714647131308500438e-01
1.099072721503869143e+00,1.714647131308500438e-01
1.161565545645137920e+00,1.232265184164811067e-01
1.161565545645137920e+00,1.232265184164811067e-01
1.161565545645137920e+00,1.232265184164811067e-01
1.161565545645137920e+00,1.232265184164811067e-01
1.161565545645137920e+00,1.232265184164811067e-01
1.228827497905190524e+00,-8.364710286127860495e-02
1.228827497905190524e+00,-8.364710286127860495e-02
1.228827497905190524e+00,-8.364710286127860495e-02
1.228827497905190524e+00,-8.364710286127860495e-02
1.228827497905190524e+00,-8.364710286127860495e-02
1.228827497905190524e+00,-8.364710286127860495e-02
1.166345094537273752e+00,-6.204621330219630554e-02
1.166345094537273752e+00,-6.204621330219630554e-02
1.166345094537273752e+00,-6.204621330219630554e-02
1.384020051737651080e+00,-3.695787746453042810e-02
1.305382581992611257e+00,-9.898008435109828529e-02
1.305382581992611257e+00,-9.898008435109828529e-02
1.305382581992611257e+00,-9.898008435109828529e-02
1.305382581992611257e+00,-9.898008435109828529e-02
1.401425599566200164e+00,-9.776685954030094050e-02
1.401425599566200164e+00,-9.776685954030094050e-02
1.401425599566200164e+00,-9.776685954030094050e-02
1.401425599566200164e+00,-9.776685954030094050e-02
1.401425599566200164e+00,-9.776685954030094050e-02
1.257832497871227417e+00,-3.225426188381665393e-01
1.257832497871227417e+00,-3.225426188381665393e-01
1.257832497871227417e+00,-3.225426188381665393e-01
1.257832497871227417e+00,-3.225426188381665393e-01
1.062063100164895246e+00,-6.636188120718206074e-02
1.179571097120906131e+00,-9.417751538258793687e-02
1.179571097120906131e+00,-9.417751538258793687e-02
1.179571097120906131e+00,-9.417751538258793687e-02
1.179571097120906131e+00,-9.417751538258793687e-02
1.179571097120906131e+00,-9.417751538258793687e-02
1.179571097120906131e+00,-9.417751538258793687e-02
1.179571097120906131e+00,-9.417751538258793687e-02
1.263683878324747933e+00,1.505433120654680046e-01
1.263683878324747933e+00,1.505433120654680046e-01
1.263683878324747933e+00,1.505433120654680046e-01
1.263683878324747933e+00,1.505433120654680046e-01
1.416742855581548444e+00,-8.245520245461554487e-02
1.416742855581548444e+00,-8.245520245461554487e-02
1.416742855581548444e+00,-8.245520245461554487e-02
1.416742855581548444e+00,-8.245520245461554487e-02
1.416742855581548444e+00,-8.245520245461554487e-02
1.416742855581548444e+00,-8.245520245461554487e-02
1.364026525625383846e+00,-5.354719015540992250e-02
1.378909443186597139e+00,5.945619774287241172e-02
1.378909443186597139e+00,5.945619774287241172e-02
1.211116416979329591e+00,1.986594034683494547e-01
1.211116416979329591e+00,1.986594034683494547e-01
1.211116416979329591e+00,1.986594034683494547e-01
1.178948665315395994e+00,1.128391577519874817e-01
1.178948665315395994e+00,1.128391577519874817e-01
1.178948665315395994e+00,1.128391577519874817e-01
1.178948665315395994e+00,1.128391577519874817e-01
1.181862064922819977e+00,4.479025131042414787e-02
1.181862064922819977e+00,4.479025131042414787e-02
1.181862064922819977e+00,4.479025131042414787e-02
1.413159452223588630e+00,1.531826974671020303e-01
1.413159452223588630e+00,1.531826974671020303e-01
1.356026372437528993e+00,-2.278051069470249101e-01
1.029190213076881744e+00,-1.849524893741422149e-01
1.081263526700765309e+00,-1.624778883069264712e-01
1.081263526700765309e+00,-1.624778883069264712e-01
1.081263526700765309e+00,-1.624778883069264712e-01
1.085101552661390301e+00,-7.994602636937388207e-02
1.085101552661390301e+00,-7.994602636937388207e-02
1.297286813752901891e+00,1.057207935607038102e-01
1.297286813752901891e+00,1.057207935607038102e-01
1.297286813752901891e+00,1.057207935607038102e-01
1.297286813752901891e+00,1.057207935607038102e-01
1.297286813752901891e+00,1.057207935607038102e-01
1.297286813752901891e+00,1.057207935607038102e-01
1.297286813752901891e+00,1.057207935607038102e-01
1.227833329807729745e+00,-1.384806807502889092e-01
1.316594462590896963e+00,-1.220331435251243296e-01
1.316594462590896963e+00,-1.220331435251243296e-01
1.316594462590896963e+00,-1.220331435251243296e-01
1.316594462590896963e+00,-1.220331435251243296e-01
1.316062845641432499e+00,3.909311969611643789e-02
1.316062845641432499e+00,3.909311969611643789e-02
1.316062845641432499e+00,3.909311969611643789e-02
1.316062845641432499e+00,3.909311969611643789e-02
1.316062845641432499e+00,3.909311969611643789e-02
1.316062845641432499e+00,3.909311969611643789e-02
1.447332804617234236e+00,-1.015757865679153410e-01
1.509313524662735384e+00,5.919368650066091087e-02
1.509313524662735384e+00,5.919368650066091087e-02
1.509313524662735384e+00,5.919368650066091087e-02
1.509313524662735384e+00,5.919368650066091087e-02
1.494568923565562368e+00,7.956507952460041555e-02
1.543438207013573482e+00,-1.087229660366795247e-02
1.543438207013573482e+00,-1.087229660366795247e-02
1.543438207013573482e+00,-1.087229660366795247e-02
1.368021485763093237e+00,-1.070353431111307208e-01
1.368021485763093237e+00,-1.070353431111307208e-01
1.271351798557099677e+00,-1.406292891498533981e-02
1.271351798557099677e+00,-1.406292891498533981e-02
1.271351798557099677e+00,-1.406292891498533981e-02
1.271351798557099677e+00,-1.406292891498533981e-02
1.356613028104446173e+00,-2.573429655546527473e-02
1.274964268693865810e+00,-1.140274143614914831e-01
1.298511393545073389e+00,7.112307474610850277e-02
1.298511393545073389e+00,7.112307474610850277e-02
1.298511393545073389e+00,7.112307474610850277e-02
1.298511393545073389e+00,7.112307474610850277e-02
1.298511393545073389e+00,7.112307474610850277e-02
1.298511393545073389e+00,7.112307474610850277e-02
1.298511393545073389e+00,7.112307474610850277e-02
1.230981301534632255e+00,-1.591493235484038871e-01
1.230981301534632255e+00,-1.591493235484038871e-01
1.230981301534632255e+00,-1.591493235484038871e-01
1.329874450246765871e+00,-1.946177250607564746e-01
1.212157822916050121e+00,-2.323129599564693892e-01
1.153912566605902468e+00,-1.692436607555001249e-01
1.256472855677831513e+00,-2.253478033745269227e-01
1.316564891160114881e+00,-1.773446368317378175e-01
1.316564891160114881e+00,-1.773446368317378175e-01
1.184681778560326970e+00,-5.093330091955644567e-02
1.184681778560326970e+00,-5.093330091955644567e-02
1.184681778560326970e+00,-5.093330091955644567e-02
1.184681778560326970e+00,-5.093330091955644567e-02
1.286477437710928040e+00,-8.565334384849507265e-02
1.286477437710928040e+00,-8.565334384849507265e-02
1.242825282109332408e+00,-8.791395736837734343e-02
1.242825282109332408e+00,-8.791395736837734343e-02
1.320860920362880941e+00,-7.096884187705246316e-02
1.320860920362880941e+00,-7.096884187705246316e-02
1.320860920362880941e+00,-7.096884187705246316e-02
1.320860920362880941e+00,-7.096884187705246316e-02
1.320860920362880941e+00,-7.096884187705246316e-02
1.320860920362880941e+00,-7.096884187705246316e-02
1.410830712917262142e+00,-1.124090163185632596e-01
1.220078156273933567e+00,2.591919952215510081e-02
1.238438122642711470e+00,-9.787034850987555434e-02
1.238438122642711470e+00,-9.787034850987555434e-02
1.294870100070682817e+00,3.379732373742971863e-02
1.294870100070682817e+00,3.379732373742971863e-02
1.294870100070682817e+00,3.379732373742971863e-02
1.288223623196737444e+00,4.413257644222166876e-02
1.288223623196737444e+00,4.413257644222166876e-02
1.288223623196737444e+00,4.413257644222166876e-02
1.288223623196737444e+00,4.413257644222166876e-02
1.288223623196737444e+00,4.413257644222166876e-02
1.288223623196737444e+00,4.413257644222166876e-02
1.388547340661488105e+00,-5.347120182542168532e-02
1.388547340661488105e+00,-5.347120182542168532e-02
1.216389617973725246e+00,-9.870593131040363011e-02
1.374397391246966027e+00,-1.342991102639726764e-01
1.374397391246966027e+00,-1.342991102639726764e-01
1.326062153332198124e+00,5.791940068959600119e-02
1.326062153332198124e+00,5.791940068959600119e-02
1.326062153332198124e+00,5.791940068959600119e-02
1.326062153332198124e+00,5.791940068959600119e-02
1.326062153332198124e+00,5.791940068959600119e-02
1.326062153332198124e+00,5.791940068959600119e-02
1.211562526735662004e+00,-3.441623526922320264e-02
1.211562526735662004e+00,-3.441623526922320264e-02
1.392067230619307372e+00,2.602171098067304622e-03
1.191046551686345323e+00,6.686313801663831824e-02
1.191046551686345323e+00,6.686313801663831824e-02
1.191046551686345323e+00,6.686313801663831824e-02
1.191046551686345323e+00,6.686313801663831824e-02
1.191046551686345323e+00,6.686313801663831824e-02
1.175606323662225394e+00,-2.077189188835394662e-02
1.241680706424327596e+00,-8.247969667995647125e-02
1.241680706424327596e+00,-8.247969667995647125e-02
1.241680706424327596e+00,-8.247969667995647125e-02
1.241680706424327596e+00,-8.247969667995647125e-02
1.287122085002786465e+00,-7.172816987149216450e-02
1.302473917729495057e+00,-9.547295847931712431e-02
1.442195252915218218e+00,8.869157734830206141e-02
1.154702637017009925e+00,-3.948849707939049158e-02
1.154702637017009925e+00,-3.948849707939049158e-02
1.154702637017009925e+00,-3.948849707939049158e-02
1.154702637017009925e+00,-3.948849707939049158e-02
1.154702637017009925e+00,-3.948849707939049158e-02
1.198583962920593660e+00,-1.423107259609295572e-01
1.198583962920593660e+00,-1.423107259609295572e-01
1.339521481866082553e+00,-1.040463401755378769e-02
1.339521481866082553e+00,-1.040463401755378769e-02
1.339521481866082553e+00,-1.040463401755378769e-02
1.178129321924034301e+00,1.324960296611737143e-01
1.161809838129381989e+00,3.977493878394885995e-02
1.161809838129381989e+00,3.977493878394885995e-02
1.161809838129381989e+00,3.977493878394885995e-02
1.161809838129381989e+00,3.977493878394885995e-02
1.301291899801215068e+00,9.172750937511759545e-03
1.401785827830190456e+00,1.143363379728483398e-01
1.254218751361464657e+00,-8.398035987308233308e-03
1.254218751361464657e+00,-8.398035987308233308e-03
1.254218751361464657e+00,-8.398035987308233308e-03
1.254218751361464657e+00,-8.398035987308233308e-03
1.254218751361464657e+00,-8.398035987308233308e-03
1.224456468271887921e+00,-7.314806570151091702e-02
1.224456468271887921e+00,-7.314806570151091702e-02
1.118954634508595225e+00,-9.438035648111128828e-02
1.118954634508595225e+00,-9.438035648111128828e-02
1.118954634508595225e+00,-9.438035648111128828e-02
1.135707620885066271e+00,-3.651969781784633606e-02
1.135707620885066271e+00,-3.651969781784633606e-02
1.135707620885066271e+00,-3.651969781784633606e-02
1.358310613477184514e+00,-1.713118819257419823e-01
1.358310613477184514e+00,-1.713118819257419823e-01
1.299278849983200645e+00,-1.814929544419999208e-01
1.299278849983200645e+00,-1.814929544419999208e-01
1.299278849983200645e+00,-1.814929544419999208e-01
1.299278849983200645e+00,-1.814929544419999208e-01
1.299278849983200645e+00,-1.814929544419999208e-01
1.072880402926424281e+00,-1.228379461445901211e-01
1.327776472750600734e+00,-7.167963495027021570e-02
1.327776472750600734e+00,-7.167963495027021570e-02
1.327776472750600734e+00,-7.167963495027021570e-02
1.327776472750600734e+00,-7.167963495027021570e-02
1.312155442413305062e+00,-9.036278394451337237e-02
1.312155442413305062e+00,-9.036278394451337237e-02
1.312155442413305062e+00,-9.036278394451337237e-02
1.312155442413305062e+00,-9.036278394451337237e-02
1.346711689135580814e+00,-6.499048799003007137e-02
1.346711689135580814e+00,-6.499048799003007137e-02
1.209944529331587360e+00,-1.348247251480626241e-01
1.209944529331587360e+00,-1.348247251480626241e-01
1.223335216527988489e+00,-1.128318335123875416e-01
1.326655063632104392e+00,-1.576322881843894574e-01
1.326655063632104392e+00,-1.576322881843894574e-01
1.385830150205561440e+00,-1.676173917061279939e-02
1.269805091083547222e+00,-9.912912668051740428e-02
1.269805091083547222e+00,-9.912912668051740428e-02
1.269805091083547222e+00,-9.912912668051740428e-02
1.181554925299193703e+00,-1.279566589315007941e-01
1.126362122739258842e+00,-1.036823429873817287e-01
1.126362122739258842e+00,-1.036823429873817287e-01
1.126362122739258842e+00,-1.036823429873817287e-01
1.126362122739258842e+00,-1.036823429873817287e-01
1.351510872063374169e+00,1.487675467190108236e-02
1.309965523061898729e+00,-6.470036781098236628e-03
1.309965523061898729e+00,-6.470036781098236628e-03
1.314763122588644251e+00,-8.064980527326297277e-02
1.314763122588644251e+00,-8.064980527326297277e-02
1.285615939375138961e+00,4.183093239523298645e-02
1.285615939375138961e+00,4.183093239523298645e-02
1.105346797840042861e+00,4.424242061149136207e-03
1.105346797840042861e+00,4.424242061149136207e-03
1.217796284649129257e+00,5.081695411150896624e-02
1.217796284649129257e+00,5.081695411150896624e-02
1.217796284649129257e+00,5.081695411150896624e-02
1.217796284649129257e+00,5.081695411150896624e-02
1.217796284649129257e+00,5.081695411150896624e-02
1.217796284649129257e+00,5.081695411150896624e-02
1.217796284649129257e+00,5.081695411150896624e-02
1.062601594146745487e+00,1.077602204712757583e-01
1.276468584587157062e+00,1.987658532122577038e-01
1.276468584587157062e+00,1.987658532122577038e-01
1.276468584587157062e+00,1.987658532122577038e-01
1.246582400689052239e+00,1.468311173503511480e-01
1.218410894917852261e+00,-3.484351731679935504e-03
1.218410894917852261e+00,-3.484351731679935504e-03
1.164078560817596975e+00,5.755707723208866589e-03
1.164078560817596975e+00,5.755707723208866589e-03
1.164078560817596975e+00,5.755707723208866589e-03
1.164078560817596975e+00,5.755707723208866589e-03
1.392652293559295318e+00,-6.296214550865422699e-02
1.385351688501983869e+00,1.514345175078067596e-02
1.385351688501983869e+00,1.514345175078067596e-02
1.385351688501983869e+00,1.514345175078067596e-02
1.385351688501983869e+00,1.514345175078067596e-02
1.385351688501983869e+00,1.514345175078067596e-02
1.262758096748575865e+00,-1.350559218789077476e-01
1.262758096748575865e+00,-1.350559218789077476e-01
1.262758096748575865e+00,-1.350559218789077476e-01
1.300142501973253539e+00,1.337463385465031962e-01
1.300142501973253539e+00,1.337463385465031962e-01
1.300142501973253539e+00,1.337463385465031962e-01
1.180641203395854877e+00,-4.055860863908050673e-03
1.180641203395854877e+00,-4.055860863908050673e-03
1.180641203395854877e+00,-4.055860863908050673e-03
1.024151258901348172e+00,-1.241422529538613317e-01
1.024151258901348172e+00,-1.241422529538613317e-01
1.024151258901348172e+00,-1.241422529538613317e-01
1.024151258901348172e+00,-1.241422529538613317e-01
1.024151258901348172e+00,-1.241422529538613317e-01
9.644487765000564483e-01,4.623492172544213519e-02
1.127766674070177721e+00,-9.793708342120124866e-02
1.227127656073419670e+00,1.086905286262347947e-01
1.173314547919964923e+00,5.051791481099731501e-02
1.161072109914552453e+00,-7.274767902034948164e-02
1.257790860817850520e+00,1.179973055580705588e-01
1.257790860817850520e+00,1.179973055580705588e-01
1.250526654567722717e+00,3.985699404668016643e-03
1.250526654567722717e+00,3.985699404668016643e-03
1.250526654567722717e+00,3.985699404668016643e-03
1.250526654567722717e+00,3.985699404668016643e-03
1.250526654567722717e+00,3.985699404668016643e-03
1.250526654567722717e+00,3.985699404668016643e-03
1.250526654567722717e+00,3.985699404668016643e-03
1.250526654567722717e+00,3.985699404668016643e-03
1.250526654567722717e+00,3.985699404668016643e-03
1.262332818667865286e+00,-6.453724092891714725e-02
1.262332818667865286e+00,-6.453724092891714725e-02
1.228426759330620843e+00,-7.179922993280508925e-02
1.228426759330620843e+00,-7.179922993280508925e-02
1.302553930918261216e+00,-4.580358924301698720e-02
1.302553930918261216e+00,-4.580358924301698720e-02
1.291248024385360349e+00,-6.546248985182405444e-02
1.316355309178897093e+00,-1.442958464071091018e-01
1.402053827583091605e+00,1.676995578248971219e-01
1.402053827583091605e+00,1.676995578248971219e-01
1.402053827583091605e+00,1.676995578248971219e-01
1.402053827583091605e+00,1.676995578248971219e-01
1.402053827583091605e+00,1.676995578248971219e-01
1.317242216669479937e+00,1.469451821413422510e-01
1.317242216669479937e+00,1.469451821413422510e-01
1.213197058530302908e+00,-1.207692989171280928e-01
1.125919916337765558e+00,-8.898038927849874491e-02
1.125919916337765558e+00,-8.898038927849874491e-02
1.198745570999659060e+00,-1.145118717501395073e-01
1.198745570999659060e+00,-1.145118717501395073e-01
1.198745570999659060e+00,-1.145118717501395073e-01
1.198745570999659060e+00,-1.145118717501395073e-01
1.198745570999659060e+00,-1.145118717501395073e-01
1.198745570999659060e+00,-1.145118717501395073e-01
1.198745570999659060e+00,-1.145118717501395073e-01
1.198745570999659060e+00,-1.145118717501395073e-01
1.399275114915272678e+00,6.676317860829728001e-03
1.399275114915272678e+00,6.676317860829728001e-03
1.399275114915272678e+00,6.676317860829728001e-03
1.351012747429253258e+00,-2.029384370993123077e-02
1.342495348757973606e+00,-1.222562498851056112e-01
1.342495348757973606e+00,-1.222562498851056112e-01
1.342495348757973606e+00,-1.222562498851056112e-01
1.342495348757973606e+00,-1.222562498851056112e-01
1.354355969542100802e+00,1.560046027184747996e-01
1.182673644619786080e+00,-8.978901669407529651e-02
1.182673644619786080e+00,-8.978901669407529651e-02
1.182673644619786080e+00,-8.978901669407529651e-02
1.182673644619786080e+00,-8.978901669407529651e-02
1.182673644619786080e+00,-8.978901669407529651e-02
1.182673644619786080e+00,-8.978901669407529651e-02
1.179880186212061366e+00,8.803117471615418133e-02
1.179880186212061366e+00,8.803117471615418133e-02
1.179880186212061366e+00,8.803117471615418133e-02
1.245887173173092055e+00,1.069236949789524604e-01
1.245887173173092055e+00,1.069236949789524604e-01
1.054489181812215071e+00,1.895347849135180507e-01
1.092195952262475567e+00,4.937264354882009432e-02
1.092195952262475567e+00,4.937264354882009432e-02
1.092195952262475567e+00,4.937264354882009432e-02
1.151350879342299294e+00,-3.511586378572041645e-02
1.151350879342299294e+00,-3.511586378572041645e-02
1.151350879342299294e+00,-3.511586378572041645e-02
1.146021885311444333e+00,1.258670952627957140e-01
1.146021885311444333e+00,1.258670952627957140e-01
1.211524608756854970e+00,1.590205164237819546e-01
1.211524608756854970e+00,1.590205164237819546e-01
1.211524608756854970e+00,1.590205164237819546e-01
1.091565287376465632e+00,1.470989975610668132e-01
1.040650855173149703e+00,1.238492568439232278e-01
1.036653043526133411e+00,-1.183108996556535009e-01
1.036653043526133411e+00,-1.183108996556535009e-01
1.123467048254315204e+00,-1.664599211894922381e-02
1.123467048254315204e+00,-1.664599211894922381e-02
1.123467048254315204e+00,-1.664599211894922381e-02
1.134070057469150905e+00,-7.166843841486927880e-02
1.134070057469150905e+00,-7.166843841486927880e-02
1.134070057469150905e+00,-7.166843841486927880e-02
1.134070057469150905e+00,-7.166843841486927880e-02
1.388055394781871454e+00,4.822386910313382347e-02
1.322700222283029081e+00,-1.343421441471596700e-01
1.322700222283029081e+00,-1.343421441471596700e-01
1.282426203434454459e+00,-1.654426499317074861e-01
1.226353220303564973e+00,-6.050337193649030221e-02
1.226353220303564973e+00,-6.050337193649030221e-02
1.226353220303564973e+00,-6.050337193649030221e-02
1.226353220303564973e+00,-6.050337193649030221e-02
1.226353220303564973e+00,-6.050337193649030221e-02
1.226353220303564973e+00,-6.050337193649030221e-02
1.226353220303564973e+00,-6.050337193649030221e-02
1.186718419140310177e+00,-1.674534467327002535e-02
1.167838022655290686e+00,4.273827965850635763e-02
1.167838022655290686e+00,4.273827965850635763e-02
1.287832900393591551e+00,2.334046567508457973e-02
1.287832900393591551e+00,2.334046567508457973e-02
1.287832900393591551e+00,2.334046567508457973e-02
1.287832900393591551e+00,2.334046567508457973e-02
1.219770226383079859e+00,-6.323404413237841692e-02
1.264608676416645539e+00,-3.887691739784791822e-02
1.264608676416645539e+00,-3.887691739784791822e-02
1.264608676416645539e+00,-3.887691739784791822e-02
1.192848033105409211e+00,9.284451514841220165e-02
1.192848033105409211e+00,9.284451514841220165e-02
1.192848033105409211e+00,9.284451514841220165e-02
1.192848033105409211e+00,9.284451514841220165e-02
1.208629362339936897e+00,-3.573399140041021160e-02
1.208629362339936897e+00,-3.573399140041021160e-02
1.208629362339936897e+00,-3.573399140041021160e-02
1.208629362339936897e+00,-3.573399140041021160e-02
1.208629362339936897e+00,-3.573399140041021160e-02
1.157559242360426177e+00,-1.146013398954915663e-01
1.328210723265117688e+00,-8.020713165862708438e-02
1.197226215899690249e+00,1.317433290522276590e-01
1.197226215899690249e+00,1.317433290522276590e-01
1.294974720172456628e+00,1.291782645239118177e-01
1.294974720172456628e+00,1.291782645239118177e-01
1.294974720172456628e+00,1.291782645239118177e-01
1.294974720172456628e+00,1.291782645239118177e-01
1.294974720172456628e+00,1.291782645239118177e-01
1.294974720172456628e+00,1.291782645239118177e-01
1.294974720172456628e+00,1.291782645239118177e-01
1.397410973794060318e+00,-3.394496214948558577e-02
1.188215411681372347e+00,-5.052795003071255953e-02
1.188215411681372347e+00,-5.052795003071255953e-02
1.188215411681372347e+00,-5.052795003071255953e-02
1.188215411681372347e+00,-5.052795003071255953e-02
1.188215411681372347e+00,-5.052795003071255953e-02
1.188215411681372347e+00,-5.052795003071255953e-02
1.188215411681372347e+00,-5.052795003071255953e-02
1.188215411681372347e+00,-5.052795003071255953e-02
1.188215411681372347e+00,-5.052795003071255953e-02
1.151551135739659504e+00,3.385879849867115543e-03
1.281757779391066832e+00,-3.359555698623293424e-02
1.281757779391066832e+00,-3.359555698623293424e-02
1.281757779391066832e+00,-3.359555698623293424e-02
1.203019084122256999e+00,-6.053671652715732210e-02
1.203019084122256999e+00,-6.053671652715732210e-02
1.163248831580966591e+00,-5.624487755972674974e-02
1.163248831580966591e+00,-5.624487755972674974e-02
1.163248831580966591e+00,-5.624487755972674974e-02
1.163248831580966591e+00,-5.624487755972674974e-02
1.163248831580966591e+00,-5.624487755972674974e-02
1.163248831580966591e+00,-5.624487755972674974e-02
1.163248831580966591e+00,-5.624487755972674974e-02
1.163248831580966591e+00,-5.624487755972674974e-02
1.058363261459899896e+00,-1.447867484207563532e-02
1.079010365146056083e+00,-9.021246852913164527e-02
1.079010365146056083e+00,-9.021246852913164527e-02
1.268750511255799962e+00,-1.641276248253113745e-02
1.268750511255799962e+00,-1.641276248253113745e-02
1.268750511255799962e+00,-1.641276248253113745e-02
1.268750511255799962e+00,-1.641276248253113745e-02
1.268750511255799962e+00,-1.641276248253113745e-02
1.268750511255799962e+00,-1.641276248253113745e-02
1.267472678623429161e+00,-7.656381913147565499e-02
1.267472678623429161e+00,-7.656381913147565499e-02
1.267472678623429161e+00,-7.656381913147565499e-02
1.267472678623429161e+00,-7.656381913147565499e-02
1.298332983120311868e+00,7.650235615486018770e-02
1.418957673680223408e+00,4.731371401890524520e-02
1.418957673680223408e+00,4.731371401890524520e-02
1.418957673680223408e+00,4.731371401890524520e-02
1.418957673680223408e+00,4.731371401890524520e-02
1.418957673680223408e+00,4.731371401890524520e-02
1.384467620691006040e+00,2.683893811485091874e-01
1.273385754086415522e+00,3.807365813176105673e-01
1.273385754086415522e+00,3.807365813176105673e-01
1.046446599528622734e+00,2.589092596269109148e-01
1.046446599528622734e+00,2.589092596269109148e-01
1.046446599528622734e+00,2.589092596269109148e-01
1.166379020631348018e+00,3.007526674942173073e-01
1.166379020631348018e+00,3.007526674942173073e-01
1.140782077961981278e+00,-5.464799482794213681e-02
1.140782077961981278e+00,-5.464799482794213681e-02
1.140782077961981278e+00,-5.464799482794213681e-02
1.099638642005684730e+00,6.182439678204126876e-02
1.153227954150486401e+00,7.288252995232141762e-02
1.153227954150486401e+00,7.288252995232141762e-02
1.148792960362104987e+00,2.890602633849279762e-02
1.148792960362104987e+00,2.890602633849279762e-02
1.407471942411909538e+00,2.865251676829911817e-02
1.407471942411909538e+00,2.865251676829911817e-02
1.407471942411909538e+00,2.865251676829911817e-02
1.407471942411909538e+00,2.865251676829911817e-02
1.407471942411909538e+00,2.865251676829911817e-02
1.374160541545661252e+00,-1.143072557438890996e-01
1.374160541545661252e+00,-1.143072557438890996e-01
1.224260370569821621e+00,-1.711363645043352810e-01
1.062506675553367419e+00,-2.210398212346468827e-01
1.139171469983180085e+00,6.781446800622681348e-02
1.165074853469840521e+00,-1.026139015871876947e-01
1.143694930052399306e+00,-4.851374517366872224e-02
1.143694930052399306e+00,-4.851374517366872224e-02
1.143694930052399306e+00,-4.851374517366872224e-02
1.143694930052399306e+00,-4.851374517366872224e-02
1.177960404075963252e+00,4.628843063222767840e-03
1.177960404075963252e+00,4.628843063222767840e-03
1.173412745690743053e+00,8.001866893439198158e-02
1.173412745690743053e+00,8.001866893439198158e-02
1.173412745690743053e+00,8.001866893439198158e-02
1.225352813162446708e+00,-2.123857932887696087e-01
1.222651746731121314e+00,-2.842122243302738771e-02
1.222651746731121314e+00,-2.842122243302738771e-02
1.222651746731121314e+00,-2.842122243302738771e-02
1.222651746731121314e+00,-2.842122243302738771e-02
1.222651746731121314e+00,-2.842122243302738771e-02
1.310587817996109683e+00,8.172576067658306187e-02
1.310587817996109683e+00,8.172576067658306187e-02
1.310587817996109683e+00,8.172576067658306187e-02
1.242619321823791312e+00,8.077940932233873550e-02
1.242619321823791312e+00,8.077940932233873550e-02
1.232079976684774758e+00,6.289206726453475116e-02
1.232079976684774758e+00,6.289206726453475116e-02
1.464839614594785511e+00,-1.445349133823981003e-02
1.464839614594785511e+00,-1.445349133823981003e-02
1.464839614594785511e+00,-1.445349133823981003e-02
1.388264036371511967e+00,4.109879708843416218e-02
1.388264036371511967e+00,4.109879708843416218e-02
1.388264036371511967e+00,4.109879708843416218e-02
1.388264036371511967e+00,4.109879708843416218e-02
1.388264036371511967e+00,4.109879708843416218e-02
1.428895764546687097e+00,1.176347773510209860e-01
1.428895764546687097e+00,1.176347773510209860e-01
1.428895764546687097e+00,1.176347773510209860e-01
1.428895764546687097e+00,1.176347773510209860e-01
1.218977084134842848e+00,1.830642455341947583e-01
1.218977084134842848e+00,1.830642455341947583e-01
1.218977084134842848e+00,1.830642455341947583e-01
1.338387937745648237e+00,9.436947605348090795e-02
1.338387937745648237e+00,9.436947605348090795e-02
1.231962297480205359e+00,-6.695376263746617707e-02
1.231962297480205359e+00,-6.695376263746617707e-02
1.231962297480205359e+00,-6.695376263746617707e-02
1.231962297480205359e+00,-6.695376263746617707e-02
1.231962297480205359e+00,-6.695376263746617707e-02
1.231962297480205359e+00,-6.695376263746617707e-02
1.182389038435714079e+00,-9.460931848320003335e-02
1.182389038435714079e+00,-9.460931848320003335e-02
1.182389038435714079e+00,-9.460931848320003335e-02
1.167373697375569952e+00,4.290370961091780067e-02
1.167373697375569952e+00,4.290370961091780067e-02
1.167373697375569952e+00,4.290370961091780067e-02
1.167373697375569952e+00,4.290370961091780067e-02
1.241583553617766622e+00,1.431469477519409228e-01
1.241583553617766622e+00,1.431469477519409228e-01
1.241583553617766622e+00,1.431469477519409228e-01
1.377737323585779716e+00,1.867596698256846766e-01
1.377737323585779716e+00,1.867596698256846766e-01
1.377737323585779716e+00,1.867596698256846766e-01
1.366047493871300755e+00,1.366543119900685832e-01
1.366047493871300755e+00,1.366543119900685832e-01
1.259240172121228518e+00,7.717464759874964608e-02
1.259240172121228518e+00,7.717464759874964608e-02
1.259240172121228518e+00,7.717464759874964608e-02
1.259240172121228518e+00,7.717464759874964608e-02
1.259240172121228518e+00,7.717464759874964608e-02
1.461193747427925960e+00,-8.990454346945925268e-02
1.461193747427925960e+00,-8.990454346945925268e-02
1.374429012005470296e+00,-1.307592368059675714e-01
1.367818529921348780e+00,-1.116913188306150467e-01
1.313079887969223591e+00,-5.508546983201095121e-02
1.313079887969223591e+00,-5.508546983201095121e-02
1.397170920184882092e+00,-1.890486587805825514e-01
1.232947919003474668e+00,-1.195866006091212685e-01
1.232947919003474668e+00,-1.195866006091212685e-01
1.232947919003474668e+00,-1.195866006091212685e-01
1.095275461680189855e+00,-1.038959667065685460e-01
1.095275461680189855e+00,-1.038959667065685460e-01
1.095275461680189855e+00,-1.038959667065685460e-01
1.286195362162339872e+00,-1.298254964944023926e-01
1.286195362162339872e+00,-1.298254964944023926e-01
1.286195362162339872e+00,-1.298254964944023926e-01
1.286195362162339872e+00,-1.298254964944023926e-01
1.286195362162339872e+00,-1.298254964944023926e-01
1.265547832621136237e+00,-6.914809394609387760e-02
1.265547832621136237e+00,-6.914809394609387760e-02
1.265547832621136237e+00,-6.914809394609387760e-02
1.265547832621136237e+00,-6.914809394609387760e-02
1.265547832621136237e+00,-6.914809394609387760e-02
1.322992677053703492e+00,1.968209758692952838e-02
1.322992677053703492e+00,1.968209758692952838e-02
1.487723214699844476e+00,5.781372959788998872e-02
1.487723214699844476e+00,5.781372959788998872e-02
1.487723214699844476e+00,5.781372959788998872e-02
1.412413223015221764e+00,1.519021946832352365e-02
1.412413223015221764e+00,1.519021946832352365e-02
1.412413223015221764e+00,1.519021946832352365e-02
1.412413223015221764e+00,1.519021946832352365e-02
1.388409866490614597e+00,2.524259857936873158e-02
1.388409866490614597e+00,2.524259857936873158e-02
1.190488740971427539e+00,-5.273005914049682524e-02
1.161582301791688421e+00,8.242751883417520631e-02
1.161582301791688421e+00,8.242751883417520631e-02
1.161582301791688421e+00,8.242751883417520631e-02
1.161582301791688421e+00,8.242751883417520631e-02
1.161582301791688421e+00,8.242751883417520631e-02
1.161582301791688421e+00,8.242751883417520631e-02
1.161582301791688421e+00,8.242751883417520631e-02
1.161582301791688421e+00,8.242751883417520631e-02
1.290833213327325035e+00,-9.535770810868857139e-03
1.296495253140868664e+00,-8.300731404450126250e-02
1.243222254366445512e+00,6.843552650198511667e-02
1.243222254366445512e+00,6.843552650198511667e-02
1.295141490847300902e+00,1.914121008035650495e-02
1.295141490847300902e+00,1.914121008035650495e-02
1.164587985738265052e+00,-1.241817041715576470e-01
1.164587985738265052e+00,-1.241817041715576470e-01
1.164686180659538328e+00,8.507307327772047068e-02
1.435870023640714699e+00,2.493826022956009691e-02
1.435870023640714699e+00,2.493826022956009691e-02
1.162494600873905659e+00,1.582653627308636679e-01
1.162494600873905659e+00,1.582653627308636679e-01
1.042570431745993398e+00,-1.997845551138707765e-02
1.042570431745993398e+00,-1.997845551138707765e-02
1.042570431745993398e+00,-1.997845551138707765e-02
1.137810400964971214e+00,-9.311700999264910239e-02
1.137810400964971214e+00,-9.311700999264910239e-02
1.130638995727423879e+00,-4.457087639978197374e-02
1.130638995727423879e+00,-4.457087639978197374e-02
1.130638995727423879e+00,-4.457087639978197374e-02
1.167744161338107434e+00,3.423644701494255038e-03
9.946196336220587408e-01,-5.193453865476731907e-02
9.946196336220587408e-01,-5.193453865476731907e-02
1.002350949885427056e+00,-5.688913763063248308e-02
1.002350949885427056e+00,-5.688913763063248308e-02
1.002350949885427056e+00,-5.688913763063248308e-02
1.002350949885427056e+00,-5.688913763063248308e-02
1.096046075262287811e+00,-1.343484369774960163e-01
1.096046075262287811e+00,-1.343484369774960163e-01
1.108578809309755497e+00,-7.623966385141975333e-02
1.103348720653160031e+00,3.551725539053182668e-03
1.103348720653160031e+00,3.551725539053182668e-03
1.249504175736708689e+00,1.321501687149591042e-01
1.249504175736708689e+00,1.321501687149591042e-01
1.249504175736708689e+00,1.321501687149591042e-01
1.249504175736708689e+00,1.321501687149591042e-01
1.564857426547086039e+00,4.625272728545376522e-03
1.564857426547086039e+00,4.625272728545376522e-03
1.579911361643602685e+00,-4.404535105380410348e-02
1.579911361643602685e+00,-4.404535105380410348e-02
1.490076253110385274e+00,1.739341917894957068e-01
1.250537968188430549e+00,3.460073105142334460e-01
1.250537968188430549e+00,3.460073105142334460e-01
1.175082158494537010e+00,-4.762630237196718852e-02
1.175082158494537010e+00,-4.762630237196718852e-02
1.230797956096678636e+00,1.552429922244076277e-01
1.230797956096678636e+00,1.552429922244076277e-01
1.185984439261112966e+00,-1.015600513478420175e-01
1.185984439261112966e+00,-1.015600513478420175e-01
1.135192907754861258e+00,4.990202959945436167e-02
1.135192907754861258e+00,4.990202959945436167e-02
1.175155492120758982e+00,-8.597744379537991533e-02
1.219979616937338029e+00,-1.371537002961893681e-02
1.270632159761840629e+00,9.526784688344545893e-02
1.324517606879977771e+00,1.196616764478200534e-01
1.364972252552197896e+00,9.643189103846917798e-02
1.364972252552197896e+00,9.643189103846917798e-02
1.202853461267532564e+00,8.073404818351037626e-02
1.202853461267532564e+00,8.073404818351037626e-02
1.128999846768957260e+00,4.228407808582450300e-02
1.128999846768957260e+00,4.228407808582450300e-02
1.128999846768957260e+00,4.228407808582450300e-02
1.128999846768957260e+00,4.228407808582450300e-02
1.128999846768957260e+00,4.228407808582450300e-02
1.128999846768957260e+00,4.228407808582450300e-02
1.128999846768957260e+00,4.228407808582450300e-02
1.391024562998181224e+00,-4.186331296457707074e-02
1.391024562998181224e+00,-4.186331296457707074e-02
1.581332139279262972e+00,-7.015139695205402370e-02
1.210087545298484057e+00,-2.456669604303954868e-01
1.210087545298484057e+00,-2.456669604303954868e-01
1.210087545298484057e+00,-2.456669604303954868e-01
1.306849945419736425e+00,-2.709506752324730150e-01
1.306849945419736425e+00,-2.709506752324730150e-01
1.306849945419736425e+00,-2.709506752324730150e-01
1.191689703645630427e+00,-2.080801992149930724e-01
1.191689703645630427e+00,-2.080801992149930724e-01
1.407074513191467924e+00,-7.222437320943314587e-02
1.407074513191467924e+00,-7.222437320943314587e-02
1.441983071398046823e+00,-5.371201782722244411e-02
1.441983071398046823e+00,-5.371201782722244411e-02
1.441983071398046823e+00,-5.371201782722244411e-02
1.503554470659634434e+00,-3.701296941072139413e-02
1.503554470659634434e+00,-3.701296941072139413e-02
1.503554470659634434e+00,-3.701296941072139413e-02
1.503554470659634434e+00,-3.701296941072139413e-02
1.503554470659634434e+00,-3.701296941072139413e-02
1.503554470659634434e+00,-3.701296941072139413e-02
1.378041902033597887e+00,2.954846287325736676e-02
1.378041902033597887e+00,2.954846287325736676e-02
1.261918776617102056e+00,-1.535031633137593637e-02
1.309727803175392280e+00,-1.888196392645908051e-01
1.309727803175392280e+00,-1.888196392645908051e-01
1.255547491157093409e+00,-3.013927040884528674e-02
1.210520375571134233e+00,6.796528302193373394e-02
1.210520375571134233e+00,6.796528302193373394e-02
1.210520375571134233e+00,6.796528302193373394e-02
1.213665225433240957e+00,1.978206882670052180e-01
1.065353974533384873e+00,1.460535207861451967e-02
1.065353974533384873e+00,1.460535207861451967e-02
1.065353974533384873e+00,1.460535207861451967e-02
1.065353974533384873e+00,1.460535207861451967e-02
1.296720217779973261e+00,-1.240722563911666743e-01
1.296720217779973261e+00,-1.240722563911666743e-01
1.296720217779973261e+00,-1.240722563911666743e-01
1.092438011063611158e+00,-1.403599861392140769e-02
1.092438011063611158e+00,-1.403599861392140769e-02
1.092438011063611158e+00,-1.403599861392140769e-02
1.092438011063611158e+00,-1.403599861392140769e-02
1.092438011063611158e+00,-1.403599861392140769e-02
1.092438011063611158e+00,-1.403599861392140769e-02
1.092438011063611158e+00,-1.403599861392140769e-02
1.129552179645940235e+00,-2.891126552672497463e-02
1.129552179645940235e+00,-2.891126552672497463e-02
1.129552179645940235e+00,-2.891126552672497463e-02
1.164199902973270140e+00,3.906193253694542622e-02
1.314784507897404531e+00,-3.883891973139917686e-02
1.314784507897404531e+00,-3.883891973139917686e-02
1.314784507897404531e+00,-3.883891973139917686e-02
1.314784507897404531e+00,-3.883891973139917686e-02
1.289287451350513036e+00,-1.482096241734507935e-01
1.216912276177758656e+00,1.560588763326573591e-01
1.318679885363758464e+00,8.555927075402808279e-02
1.318679885363758464e+00,8.555927075402808279e-02
1.318679885363758464e+00,8.555927075402808279e-02
1.256727380718232645e+00,5.492271138824920268e-02
1.256727380718232645e+00,5.492271138824920268e-02
1.256727380718232645e+00,5.492271138824920268e-02
1.230162396320404250e+00,1.217189027319241779e-02
1.114916848480171030e+00,4.762512966946397946e-04
1.114916848480171030e+00,4.762512966946397946e-04
1.114916848480171030e+00,4.762512966946397946e-04
1.094581863823163692e+00,2.531144375236493022e-02
1.241949753751304675e+00,1.417339563721202456e-02
1.127797277328466352e+00,-1.767135708889573942e-01
1.046114242739195177e+00,-7.351968125420597910e-02
1.062065014257706164e+00,4.007465502157878112e-02
1.168093829331539935e+00,1.282925221174424368e-01
1.356466636499384260e+00,8.494269925211818395e-02
1.356466636499384260e+00,8.494269925211818395e-02
1.268799052385024329e+00,6.344188578371888487e-02
1.268799052385024329e+00,6.344188578371888487e-02
1.268799052385024329e+00,6.344188578371888487e-02
1.405166971244957042e+00,1.596535517376092977e-02
1.305455497541493370e+00,9.159348675598613654e-02
1.305455497541493370e+00,9.159348675598613654e-02
1.360797245273213996e+00,-7.922741553582046681e-02
1.197373316877585525e+00,1.424366519286645871e-01
1.197373316877585525e+00,1.424366519286645871e-01
1.197373316877585525e+00,1.424366519286645871e-01
1.296226607908480100e+00,1.124908201440046884e-01
1.296226607908480100e+00,1.124908201440046884e-01
1.296226607908480100e+00,1.124908201440046884e-01
1.296226607908480100e+00,1.124908201440046884e-01
1.218880388379389057e+00,-2.596422971331874274e-02
1.198609395501923691e+00,5.972911390636019557e-02
1.198609395501923691e+00,5.972911390636019557e-02
1.250970892232962761e+00,-6.088171255727761744e-03
1.325811539536230432e+00,9.506224510255061044e-02
1.325811539536230432e+00,9.506224510255061044e-02
1.279759643074439568e+00,-6.395716527515221683e-03
1.221757335079437956e+00,-1.381116000204557492e-01
1.221757335079437956e+00,-1.381116000204557492e-01
1.284918268462785562e+00,-1.219337546470415923e-01
1.224211444556371653e+00,-1.533607661089557428e-01
1.264929892939912204e+00,1.976810362675843480e-01
1.292260735434112018e+00,1.328266808807503641e-01
1.043738592700273804e+00,8.816367111738067364e-02
1.080472392772090506e+00,1.502401211782511403e-01
1.274233942299350053e+00,-5.501100805106870495e-02
1.274233942299350053e+00,-5.501100805106870495e-02
1.274233942299350053e+00,-5.501100805106870495e-02
1.068625534493615747e+00,-8.993583165121327161e-02
1.068625534493615747e+00,-8.993583165121327161e-02
1.068625534493615747e+00,-8.993583165121327161e-02
1.193322872129169543e+00,-9.403072484852420532e-02
1.371067674857656682e+00,4.493432063035127100e-02
1.181935427506577430e+00,-7.949604301386449523e-03
1.179060813068036673e+00,-6.367574935435939276e-02
1.198123388834379410e+00,-7.636183025375617439e-02
1.198123388834379410e+00,-7.636183025375617439e-02
1.138995130810332324e+00,-9.146478390174188344e-02
1.138995130810332324e+00,-9.146478390174188344e-02
1.138995130810332324e+00,-9.146478390174188344e-02
1.138995130810332324e+00,-9.146478390174188344e-02
1.138995130810332324e+00,-9.146478390174188344e-02
1.327456490133407829e+00,-8.487237987419758711e-02
1.303377044622527459e+00,-1.593919320923233851e-01
1.303377044622527459e+00,-1.593919320923233851e-01
1.303849484065406239e+00,5.474448692283695461e-02
1.303849484065406239e+00,5.474448692283695461e-02
1.381766806282271220e+00,2.563347019770429933e-02
1.313798987349865000e+00,-3.017514631113021872e-04
1.313798987349865000e+00,-3.017514631113021872e-04
1.313798987349865000e+00,-3.017514631113021872e-04
1.313798987349865000e+00,-3.017514631113021872e-04
1.313798987349865000e+00,-3.017514631113021872e-04
1.313798987349865000e+00,-3.017514631113021872e-04
1.313798987349865000e+00,-3.017514631113021872e-04
1.309331797205570247e+00,-1.708168094226699893e-02
1.345018537035842066e+00,-2.821929708469739229e-02
1.345018537035842066e+00,-2.821929708469739229e-02
1.327510434891269409e+00,-8.229740048090883331e-02
1.284401575048822686e+00,-1.065101353144806695e-02
1.284401575048822686e+00,-1.065101353144806695e-02
1.180478544076817293e+00,-2.505205164723398742e-02
1.186491089298044921e+00,-7.698147138179609050e-02
1.192721851885500728e+00,1.832504390048257659e-01
1.400848260610831231e+00,1.443253545291888207e-01
1.249467275481412010e+00,1.358754556299722194e-01
1.249467275481412010e+00,1.358754556299722194e-01
1.249467275481412010e+00,1.358754556299722194e-01
1.231271664196713411e+00,-3.985001894702389080e-02
1.167854053285162674e+00,5.808405631085082621e-03
1.167854053285162674e+00,5.808405631085082621e-03
1.167854053285162674e+00,5.808405631085082621e-03
1.167854053285162674e+00,5.808405631085082621e-03
1.167854053285162674e+00,5.808405631085082621e-03
1.167854053285162674e+00,5.808405631085082621e-03
1.167854053285162674e+00,5.808405631085082621e-03
1.142790776906128514e+00,-3.769696734777755465e-03
1.142790776906128514e+00,-3.769696734777755465e-03
1.142790776906128514e+00,-3.769696734777755465e-03
1.251446879071643092e+00,9.255600676212456801e-02
1.169544751629012058e+00,1.059519128731958443e-01
1.169544751629012058e+00,1.059519128731958443e-01
1.169544751629012058e+00,1.059519128731958443e-01
1.169544751629012058e+00,1.059519128731958443e-01
1.255501259030246342e+00,-9.214369064130145670e-03
1.177537230567292870e+00,-1.430441668137741318e-01
1.177537230567292870e+00,-1.430441668137741318e-01
1.177537230567292870e+00,-1.430441668137741318e-01
1.159195009417222977e+00,-4.275049114773227243e-02
1.083273042530499275e+00,2.973317273067491162e-02
1.174789837251019931e+00,-2.186257860789779239e-01
1.091534526186993315e+00,-1.457645450372130336e-01
1.044877630508892485e+00,-8.678271219286484706e-02
9.848985251425553811e-01,9.968398801553890465e-02
9.848985251425553811e-01,9.968398801553890465e-02
9.848985251425553811e-01,9.968398801553890465e-02
9.848985251425553811e-01,9.968398801553890465e-02
9.848985251425553811e-01,9.968398801553890465e-02
9.848985251425553811e-01,9.968398801553890465e-02
9.848985251425553811e-01,9.968398801553890465e-02
9.848985251425553811e-01,9.968398801553890465e-02
1.081131697399087876e+00,1.156056211685600327e-01
1.147652787080717385e+00,8.222376270041326096e-04
1.147652787080717385e+00,8.222376270041326096e-04
1.147652787080717385e+00,8.222376270041326096e-04
1.147652787080717385e+00,8.222376270041326096e-04
1.147652787080717385e+00,8.222376270041326096e-04
1.370812309689449116e+00,5.255339492706864041e-02
1.370812309689449116e+00,5.255339492706864041e-02
1.192395902268703622e+00,-1.492770502794766307e-01
1.192395902268703622e+00,-1.492770502794766307e-01
1.192395902268703622e+00,-1.492770502794766307e-01
1.192395902268703622e+00,-1.492770502794766307e-01
1.179010974225922714e+00,-6.833015599754042879e-02
1.179010974225922714e+00,-6.833015599754042879e-02
1.062883269355275884e+00,-9.115049942592451382e-02
1.333872053988608197e+00,-1.573134506632323515e-01
1.333872053988608197e+00,-1.573134506632323515e-01
1.093051317252968557e+00,5.314424316817695226e-03
1.103851772511897700e+00,5.492949604610184583e-02
1.131922722706503404e+00,1.413638516935585565e-01
1.052683549801191720e+00,4.853581605611136107e-02
1.052683549801191720e+00,4.853581605611136107e-02
1.052683549801191720e+00,4.853581605611136107e-02
1.052683549801191720e+00,4.853581605611136107e-02
1.258808049918327843e+00,1.523102178421548714e-01
1.258808049918327843e+00,1.523102178421548714e-01
1.258808049918327843e+00,1.523102178421548714e-01
1.358017594903991654e+00,-1.817751215732366088e-01
1.267549688179828937e+00,-1.644034973971803815e-01
1.267549688179828937e+00,-1.644034973971803815e-01
1.267549688179828937e+00,-1.644034973971803815e-01
1.267549688179828937e+00,-1.644034973971803815e-01
1.199298929226123800e+00,2.064314445211669347e-01
1.199298929226123800e+00,2.064314445211669347e-01
1.199298929226123800e+00,2.064314445211669347e-01
1.022961333007653906e+00,-8.699215735199325450e-02
1.022961333007653906e+00,-8.699215735199325450e-02
1.172793596867214294e+00,-5.527151378394599274e-02
1.207847416653368144e+00,4.403962363005694408e-02
1.207847416653368144e+00,4.403962363005694408e-02
1.374849692527646106e+00,2.225478159764831751e-02
1.374849692527646106e+00,2.225478159764831751e-02
1.374849692527646106e+00,2.225478159764831751e-02
1.374849692527646106e+00,2.225478159764831751e-02
1.374849692527646106e+00,2.225478159764831751e-02
1.389123669012506612e+00,-1.743894947385462788e-02
1.389123669012506612e+00,-1.743894947385462788e-02
1.389123669012506612e+00,-1.743894947385462788e-02
1.389123669012506612e+00,-1.743894947385462788e-02
1.389123669012506612e+00,-1.743894947385462788e-02
1.389123669012506612e+00,-1.743894947385462788e-02
1.389123669012506612e+00,-1.743894947385462788e-02
1.389123669012506612e+00,-1.743894947385462788e-02
1.389123669012506612e+00,-1.743894947385462788e-02
1.389123669012506612e+00,-1.743894947385462788e-02
1.389123669012506612e+00,-1.743894947385462788e-02
1.389123669012506612e+00,-1.743894947385462788e-02
1.389123669012506612e+00,-1.743894947385462788e-02
1.389123669012506612e+00,-1.743894947385462788e-02
1.389123669012506612e+00,-1.743894947385462788e-02
1.389123669012506612e+00,-1.743894947385462788e-02
1.389123669012506612e+00,-1.743894947385462788e-02
1.323390573917862190e+00,1.100762121491560136e-02
1.323390573917862190e+00,1.100762121491560136e-02
1.323390573917862190e+00,1.100762121491560136e-02
1.237013683047270440e+00,1.061928382702604159e-03
1.278086107355710821e+00,8.355103062940325009e-02
1.278086107355710821e+00,8.355103062940325009e-02
1.278086107355710821e+00,8.355103062940325009e-02
1.151941745667237615e+00,4.173921280743639328e-02
1.151941745667237615e+00,4.173921280743639328e-02
1.149710902909722332e+00,-3.343362093383903111e-02
1.357706032390907147e+00,1.533690694283855183e-01
1.401818797263060024e+00,-1.260841699331456400e-01
1.181067490854701640e+00,-1.547407606928525303e-01
1.181067490854701640e+00,-1.547407606928525303e-01
1.181067490854701640e+00,-1.547407606928525303e-01
1.181067490854701640e+00,-1.547407606928525303e-01
1.181067490854701640e+00,-1.547407606928525303e-01
1.158902595706252425e+00,-9.331320563349684849e-02
1.158902595706252425e+00,-9.331320563349684849e-02
1.406252241571588124e+00,-3.015318026044479238e-02
1.405115314706154139e+00,-2.668596216339183883e-02
1.097549369156160637e+00,-8.348949295240826185e-02
1.097549369156160637e+00,-8.348949295240826185e-02
1.097549369156160637e+00,-8.348949295240826185e-02
1.097549369156160637e+00,-8.348949295240826185e-02
1.097549369156160637e+00,-8.348949295240826185e-02
1.097549369156160637e+00,-8.348949295240826185e-02
1.103106918587921204e+00,-1.501348286678785837e-01
1.103106918587921204e+00,-1.501348286678785837e-01
9.879788363007712126e-01,-1.722422948826546896e-01
9.879788363007712126e-01,-1.722422948826546896e-01
9.879788363007712126e-01,-1.722422948826546896e-01
9.879788363007712126e-01,-1.722422948826546896e-01
9.879788363007712126e-01,-1.722422948826546896e-01
1.165774527012110040e+00,1.798593481556725049e-01
1.032580483875779942e+00,-2.116351778834257846e-02
1.032580483875779942e+00,-2.116351778834257846e-02
1.032580483875779942e+00,-2.116351778834257846e-02
1.131767103387937734e+00,3.021581739005214928e-02
1.131767103387937734e+00,3.021581739005214928e-02
1.131767103387937734e+00,3.021581739005214928e-02
1.172679313785531363e+00,-4.882297651542526207e-02
1.150603485527434078e+00,-8.576124132645841780e-02
1.317609831375496476e+00,1.230825154945314193e-02
1.237382209343905304e+00,9.013069396302215985e-02
1.237382209343905304e+00,9.013069396302215985e-02
1.480948244249792101e+00,1.327278266521616512e-01
1.228100650937603788e+00,1.363078522944979054e-01
1.177674561185449997e+00,4.873651306314691345e-02
1.177674561185449997e+00,4.873651306314691345e-02
1.345556843271282998e+00,-8.012500687352011597e-02
1.345556843271282998e+00,-8.012500687352011597e-02
1.345556843271282998e+00,-8.012500687352011597e-02
1.161796428777645662e+00,-1.347938143861406035e-01
1.270636335605342282e+00,3.084508616378428547e-02
1.277407807608164081e+00,2.165461876265701441e-02
1.349874523524274617e+00,2.322537978842026396e-02
1.338448507060850945e+00,-6.390981055363158247e-02
1.338448507060850945e+00,-6.390981055363158247e-02
1.338448507060850945e+00,-6.390981055363158247e-02
1.276595068477587747e+00,-5.946301230604699589e-02
1.276595068477587747e+00,-5.946301230604699589e-02
1.276595068477587747e+00,-5.946301230604699589e-02
1.276595068477587747e+00,-5.946301230604699589e-02
1.276595068477587747e+00,-5.946301230604699589e-02
1.217361378664334692e+00,6.146955354575215497e-02
1.217361378664334692e+00,6.146955354575215497e-02
1.217361378664334692e+00,6.146955354575215497e-02
1.232945389750901954e+00,1.643351934623470817e-02
1.232945389750901954e+00,1.643351934623470817e-02
1.232945389750901954e+00,1.643351934623470817e-02
1.232945389750901954e+00,1.643351934623470817e-02
1.232945389750901954e+00,1.643351934623470817e-02
1.302974718322182035e+00,1.168115224825005960e-01
1.368838976008305064e+00,-4.990536000451459286e-02
1.447936144759912169e+00,-1.804296893578903604e-02
1.521966058172691483e+00,-4.278466723288045642e-03
1.521966058172691483e+00,-4.278466723288045642e-03
1.521966058172691483e+00,-4.278466723288045642e-03
1.397737270264098886e+00,-1.504353631357600307e-01
1.397737270264098886e+00,-1.504353631357600307e-01
1.366312493564503017e+00,-1.993804750885082577e-01
1.366312493564503017e+00,-1.993804750885082577e-01
1.106902842173448143e+00,7.578488154091805873e-02
1.333699587960442301e+00,2.947229657738048569e-02
1.224184340640521063e+00,7.891487520795378852e-02
1.224184340640521063e+00,7.891487520795378852e-02
1.114029021911942863e+00,-1.205000097982802665e-01
1.114029021911942863e+00,-1.205000097982802665e-01
1.087349311119306439e+00,5.264830671062559198e-02
1.210959721003746825e+00,-1.880780076135112056e-01
1.210959721003746825e+00,-1.880780076135112056e-01
1.399691080579635649e+00,-6.047023771069071074e-02
1.399691080579635649e+00,-6.047023771069071074e-02
1.425795092338412839e+00,7.373121286253647710e-02
1.169955760789749277e+00,6.296243244447211063e-02
1.069976958547983470e+00,-1.404450846414403153e-01
1.069976958547983470e+00,-1.404450846414403153e-01
1.143177790167337227e+00,-1.653978360428902672e-01
1.143177790167337227e+00,-1.653978360428902672e-01
1.143177790167337227e+00,-1.653978360428902672e-01
1.143177790167337227e+00,-1.653978360428902672e-01
1.143177790167337227e+00,-1.653978360428902672e-01
1.143177790167337227e+00,-1.653978360428902672e-01
1.157075192629285709e+00,-1.722382754171213337e-01
1.138946539671875868e+00,2.432786850148170865e-01
1.138946539671875868e+00,2.432786850148170865e-01
1.044167933542705207e+00,8.016509320942341588e-02
1.044167933542705207e+00,8.016509320942341588e-02
1.044167933542705207e+00,8.016509320942341588e-02
1.044167933542705207e+00,8.016509320942341588e-02
1.115597936480660746e+00,-1.493836239795688359e-01
1.339739506652679601e+00,-8.575218321896338480e-03
1.339739506652679601e+00,-8.575218321896338480e-03
1.404550646544227011e+00,8.309610097789148220e-02
1.404550646544227011e+00,8.309610097789148220e-02
1.161225098912709974e+00,1.390068264141753329e-01
1.309935962578217428e+00,8.602855786623762879e-02
1.294855146518060662e+00,-1.824756886466215311e-02
1.294855146518060662e+00,-1.824756886466215311e-02
1.284297613592592757e+00,1.464092836205212883e-03
1.302730493722786154e+00,-1.827359723146287640e-01
1.302730493722786154e+00,-1.827359723146287640e-01
1.302730493722786154e+00,-1.827359723146287640e-01
1.474327011779604346e+00,-2.680328110204377445e-02
1.275352771837041210e+00,-7.750667251067277358e-03
1.082821010323354427e+00,1.268058233043236130e-02
1.415568202429155376e+00,-3.593007390751720709e-02
1.415568202429155376e+00,-3.593007390751720709e-02
1.415568202429155376e+00,-3.593007390751720709e-02
1.415568202429155376e+00,-3.593007390751720709e-02
1.415568202429155376e+00,-3.593007390751720709e-02
1.296485141851077216e+00,-5.356678825131089283e-02
1.296485141851077216e+00,-5.356678825131089283e-02
1.296485141851077216e+00,-5.356678825131089283e-02
1.296485141851077216e+00,-5.356678825131089283e-02
1.296485141851077216e+00,-5.356678825131089283e-02
1.408210477654220583e+00,-2.433760087630358268e-02
1.408210477654220583e+00,-2.433760087630358268e-02
1.319148060287315349e+00,8.009686213651033559e-02
1.319148060287315349e+00,8.009686213651033559e-02
1.319148060287315349e+00,8.009686213651033559e-02
1.239342563776377748e+00,-5.791439630874815891e-02
1.239342563776377748e+00,-5.791439630874815891e-02
1.239342563776377748e+00,-5.791439630874815891e-02
1.239342563776377748e+00,-5.791439630874815891e-02
1.239342563776377748e+00,-5.791439630874815891e-02
1.249724699630108793e+00,-6.106806304796144613e-02
1.312336841242331742e+00,9.293289673507204585e-05
1.312336841242331742e+00,9.293289673507204585e-05
1.312336841242331742e+00,9.293289673507204585e-05
1.195578183698253527e+00,5.213369800511548358e-02
1.048379135647703686e+00,-9.366493522128700733e-02
1.048379135647703686e+00,-9.366493522128700733e-02
1.048379135647703686e+00,-9.366493522128700733e-02
1.134461063117900403e+00,-6.380360075794379304e-02
1.249606733322413232e+00,-1.104221556251680364e-01
1.249606733322413232e+00,-1.104221556251680364e-01
1.249606733322413232e+00,-1.104221556251680364e-01
1.265467429970985380e+00,-3.595410315856530092e-02
1.265467429970985380e+00,-3.595410315856530092e-02
1.265467429970985380e+00,-3.595410315856530092e-02
1.265467429970985380e+00,-3.595410315856530092e-02
1.265467429970985380e+00,-3.595410315856530092e-02
1.265467429970985380e+00,-3.595410315856530092e-02
1.265467429970985380e+00,-3.595410315856530092e-02
1.370405688811526135e+00,1.651068528783770084e-01
1.246332715831033555e+00,1.947459725779486506e-01
1.318384930166972779e+00,1.521892971413680296e-01
1.217950568217637475e+00,1.538360194819920757e-01
1.196102406018725750e+00,1.179749277454738565e-01
1.143927873927094607e+00,1.259533636305555648e-01
1.143927873927094607e+00,1.259533636305555648e-01
1.143927873927094607e+00,1.259533636305555648e-01
1.143927873927094607e+00,1.259533636305555648e-01
1.186819657175900211e+00,-8.018230513280960592e-03
1.186819657175900211e+00,-8.018230513280960592e-03
1.186819657175900211e+00,-8.018230513280960592e-03
1.186819657175900211e+00,-8.018230513280960592e-03
1.316494298875526603e+00,2.942983278266654221e-03
1.316494298875526603e+00,2.942983278266654221e-03
1.316494298875526603e+00,2.942983278266654221e-03
1.316494298875526603e+00,2.942983278266654221e-03
1.319985425014604585e+00,-6.510359663356475590e-02
1.319985425014604585e+00,-6.510359663356475590e-02
1.414466462243043843e+00,-8.781490752320411652e-02
1.414466462243043843e+00,-8.781490752320411652e-02
1.210613955746591142e+00,2.137465492187300142e-01
1.210613955746591142e+00,2.137465492187300142e-01
1.210613955746591142e+00,2.137465492187300142e-01
1.210613955746591142e+00,2.137465492187300142e-01
1.204676103730147885e+00,2.211650501948008163e-01
1.204676103730147885e+00,2.211650501948008163e-01
1.204676103730147885e+00,2.211650501948008163e-01
1.204676103730147885e+00,2.211650501948008163e-01
1.204676103730147885e+00,2.211650501948008163e-01
1.174091765675868704e+00,-2.053065394216654904e-02
1.174091765675868704e+00,-2.053065394216654904e-02
1.174091765675868704e+00,-2.053065394216654904e-02
1.248298915483127436e+00,-6.860793776635874808e-02
1.197575308301112251e+00,-2.385716438915597148e-01
1.197575308301112251e+00,-2.385716438915597148e-01
1.328489626844211013e+00,-2.337207827947603289e-01
1.328489626844211013e+00,-2.337207827947603289e-01
1.328489626844211013e+00,-2.337207827947603289e-01
1.328489626844211013e+00,-2.337207827947603289e-01
1.328489626844211013e+00,-2.337207827947603289e-01
1.328489626844211013e+00,-2.337207827947603289e-01
1.120285308726149065e+00,-2.597241772728534071e-02
1.272000966912540942e+00,-3.253880277039209457e-01
1.232047661924274395e+00,-2.503407288680709608e-01
1.228325852274050334e+00,-2.495066742390548153e-01
1.264134924792932102e+00,5.757889972063218176e-02
1.365313666195014486e+00,-9.591613082008759728e-02
1.337144550239091734e+00,-7.781781800872875077e-02
1.337144550239091734e+00,-7.781781800872875077e-02
1.337144550239091734e+00,-7.781781800872875077e-02
1.129578084490676204e+00,7.992289920151676719e-03
1.151343937557364194e+00,1.016345493021355711e-01
1.151343937557364194e+00,1.016345493021355711e-01
1.151343937557364194e+00,1.016345493021355711e-01
1.151343937557364194e+00,1.016345493021355711e-01
1.151343937557364194e+00,1.016345493021355711e-01
1.151343937557364194e+00,1.016345493021355711e-01
1.219571684508935272e+00,2.606243310377166778e-02
1.219571684508935272e+00,2.606243310377166778e-02
1.219571684508935272e+00,2.606243310377166778e-02
1.219571684508935272e+00,2.606243310377166778e-02
1.219571684508935272e+00,2.606243310377166778e-02
1.219571684508935272e+00,2.606243310377166778e-02
1.219571684508935272e+00,2.606243310377166778e-02
1.226038003378403296e+00,-4.361585248861550579e-02
1.226038003378403296e+00,-4.361585248861550579e-02
1.226038003378403296e+00,-4.361585248861550579e-02
1.226038003378403296e+00,-4.361585248861550579e-02
1.226038003378403296e+00,-4.361585248861550579e-02
1.226038003378403296e+00,-4.361585248861550579e-02
1.226038003378403296e+00,-4.361585248861550579e-02
1.226038003378403296e+00,-4.361585248861550579e-02
1.226038003378403296e+00,-4.361585248861550579e-02
1.226038003378403296e+00,-4.361585248861550579e-02
1.226038003378403296e+00,-4.361585248861550579e-02
1.090060717939522972e+00,1.352681204189297715e-01
1.407983698605149048e+00,3.004246695232612452e-02
1.407983698605149048e+00,3.004246695232612452e-02
1.407983698605149048e+00,3.004246695232612452e-02
1.407983698605149048e+00,3.004246695232612452e-02
1.405842268425719244e+00,-7.008943486959931524e-02
1.390411977616076822e+00,3.752517747182335106e-02
1.289114437491164056e+00,-9.904646820728835177e-02
1.170967705830123329e+00,-4.680618518015772223e-02
1.092621077289446685e+00,1.575403566995592919e-01
1.049588187434063569e+00,2.259190686257498137e-01
1.049588187434063569e+00,2.259190686257498137e-01
1.049588187434063569e+00,2.259190686257498137e-01
1.049588187434063569e+00,2.259190686257498137e-01
9.465697104967421005e-01,1.426552734671787392e-01
1.051326405530176311e+00,1.424572865518261289e-01
1.258807856983369167e+00,3.502957045992625973e-02
1.258807856983369167e+00,3.502957045992625973e-02
1.412119115131364788e+00,3.579365700765590325e-02
1.412119115131364788e+00,3.579365700765590325e-02
1.412119115131364788e+00,3.579365700765590325e-02
1.161409216760044050e+00,6.800707174664742671e-02
1.161409216760044050e+00,6.800707174664742671e-02
1.197509258443341107e+00,-3.975125109511677690e-02
1.159784022255832214e+00,-3.348317689062992042e-02
1.159784022255832214e+00,-3.348317689062992042e-02
1.346750770672175745e+00,-4.669667746649790174e-02
1.346750770672175745e+00,-4.669667746649790174e-02
1.429418572274768540e+00,-1.232976589531251388e-01
1.429418572274768540e+00,-1.232976589531251388e-01
1.429418572274768540e+00,-1.232976589531251388e-01
1.326419019951458278e+00,-1.894565563297026245e-01
1.326419019951458278e+00,-1.894565563297026245e-01
1.326419019951458278e+00,-1.894565563297026245e-01
1.326419019951458278e+00,-1.894565563297026245e-01
1.255123746008328878e+00,-9.823552264492865782e-02
1.242231260056679387e+00,-6.040875404534226667e-02
1.363425412421657379e+00,1.886007632618454111e-01
1.192032303396615145e+00,1.373010011917183970e-01
1.192032303396615145e+00,1.373010011917183970e-01
1.156610737238655151e+00,-5.745285653060955289e-02
1.156610737238655151e+00,-5.745285653060955289e-02
1.156610737238655151e+00,-5.745285653060955289e-02
1.156610737238655151e+00,-5.745285653060955289e-02
1.156610737238655151e+00,-5.745285653060955289e-02
1.320122936206102437e+00,-7.824855921970902406e-02
1.320122936206102437e+00,-7.824855921970902406e-02
1.320122936206102437e+00,-7.824855921970902406e-02
1.313289617113641894e+00,1.693486336650133761e-02
1.254672840605609130e+00,-2.309145456253042933e-02
1.384020823894652530e+00,2.801987066370418417e-03
1.384020823894652530e+00,2.801987066370418417e-03
1.384020823894652530e+00,2.801987066370418417e-03
1.316008029436866789e+00,1.649808369890871651e-01
1.361040201443896924e+00,-4.070321625819783851e-02
1.361040201443896924e+00,-4.070321625819783851e-02
1.361040201443896924e+00,-4.070321625819783851e-02
1.361040201443896924e+00,-4.070321625819783851e-02
1.361040201443896924e+00,-4.070321625819783851e-02
1.361040201443896924e+00,-4.070321625819783851e-02
1.361040201443896924e+00,-4.070321625819783851e-02
1.361040201443896924e+00,-4.070321625819783851e-02
1.361040201443896924e+00,-4.070321625819783851e-02
1.361040201443896924e+00,-4.070321625819783851e-02
1.361040201443896924e+00,-4.070321625819783851e-02
1.314456100282118456e+00,-1.587368987249077046e-01
1.282918761413897712e+00,-7.750049419514956628e-02
1.130846413167526876e+00,9.344654779674277378e-03
1.377021587668094238e+00,5.951124191012138742e-02
1.254307501093308908e+00,-1.096020524161182286e-01
1.254307501093308908e+00,-1.096020524161182286e-01
1.254307501093308908e+00,-1.096020524161182286e-01
1.254307501093308908e+00,-1.096020524161182286e-01
1.254307501093308908e+00,-1.096020524161182286e-01
1.254307501093308908e+00,-1.096020524161182286e-01
1.394300720817843509e+00,-8.455484038448438100e-02
1.394300720817843509e+00,-8.455484038448438100e-02
1.283907608781447829e+00,-5.268707247555453471e-02
1.120197512167428133e+00,9.233975425050812424e-03
1.271005758654681239e+00,-7.938004809332763201e-02
1.271005758654681239e+00,-7.938004809332763201e-02
1.210544541771577665e+00,4.132150273541264351e-02
1.210544541771577665e+00,4.132150273541264351e-02
1.210544541771577665e+00,4.132150273541264351e-02
1.210544541771577665e+00,4.132150273541264351e-02
1.224637906805663645e+00,-1.276393034737531573e-02
1.224637906805663645e+00,-1.276393034737531573e-02
1.224637906805663645e+00,-1.276393034737531573e-02
1.224637906805663645e+00,-1.276393034737531573e-02
1.395092949229097101e+00,8.325704268971105548e-02
1.399489126442772902e+00,-6.184007581398100195e-02
1.265580139775619894e+00,-2.402916973147467550e-02
1.265580139775619894e+00,-2.402916973147467550e-02
1.265580139775619894e+00,-2.402916973147467550e-02
1.265580139775619894e+00,-2.402916973147467550e-02
1.302707725638504677e+00,1.309247203556583028e-01
1.302707725638504677e+00,1.309247203556583028e-01
1.302707725638504677e+00,1.309247203556583028e-01
1.302707725638504677e+00,1.309247203556583028e-01
1.302707725638504677e+00,1.309247203556583028e-01
1.115636077074481980e+00,1.213088229127552431e-01
1.114089123040110874e+00,9.195798627843869422e-02
1.114089123040110874e+00,9.195798627843869422e-02
1.242950274020300006e+00,1.937326444714650986e-01
1.242950274020300006e+00,1.937326444714650986e-01
1.330629929711379500e+00,-1.584901378151448159e-01
1.334186405269097708e+00,1.760954465428850590e-01
1.079601067276241944e+00,9.770400538845495919e-02
1.079601067276241944e+00,9.770400538845495919e-02
1.115842187866710411e+00,-3.463036280111338183e-02
1.449773239789473145e+00,3.225079485644645472e-02
1.449773239789473145e+00,3.225079485644645472e-02
1.317569800291342963e+00,3.633989573568106174e-02
1.317569800291342963e+00,3.633989573568106174e-02
1.317569800291342963e+00,3.633989573568106174e-02
1.317569800291342963e+00,3.633989573568106174e-02
1.317569800291342963e+00,3.633989573568106174e-02
1.317569800291342963e+00,3.633989573568106174e-02
1.317569800291342963e+00,3.633989573568106174e-02
1.317569800291342963e+00,3.633989573568106174e-02
1.307512787983545977e+00,-7.361784305758292679e-02
1.307512787983545977e+00,-7.361784305758292679e-02
1.307512787983545977e+00,-7.361784305758292679e-02
1.307512787983545977e+00,-7.361784305758292679e-02
1.149593715574791730e+00,1.410774721385305019e-02
1.047968371988314162e+00,1.071680465029959187e-02
1.104721478539018253e+00,-1.305696460553481542e-01
1.104721478539018253e+00,-1.305696460553481542e-01
1.104721478539018253e+00,-1.305696460553481542e-01
1.104721478539018253e+00,-1.305696460553481542e-01
1.104721478539018253e+00,-1.305696460553481542e-01
9.768002347905289096e-01,-1.590830327318691895e-01
9.818354662814089417e-01,-8.819153633146287197e-02
1.176346552778244181e+00,-1.598027724687917095e-01
1.176346552778244181e+00,-1.598027724687917095e-01
1.176346552778244181e+00,-1.598027724687917095e-01
1.176346552778244181e+00,-1.598027724687917095e-01
1.176346552778244181e+00,-1.598027724687917095e-01
1.176346552778244181e+00,-1.598027724687917095e-01
1.030102472672169922e+00,-6.867982297777654177e-02
1.030102472672169922e+00,-6.867982297777654177e-02
1.030102472672169922e+00,-6.867982297777654177e-02
9.846525494345145235e-01,-6.681461805566335510e-04
9.846525494345145235e-01,-6.681461805566335510e-04
9.846525494345145235e-01,-6.681461805566335510e-04
1.132827934044004392e+00,-1.211098659327024818e-01
1.132827934044004392e+00,-1.211098659327024818e-01
1.132827934044004392e+00,-1.211098659327024818e-01
1.080712335773078570e+00,1.847166660994661869e-02
1.174442843004253723e+00,1.422096666587514824e-01
1.301816620952152670e+00,2.277004039518075729e-01
1.301816620952152670e+00,2.277004039518075729e-01
1.093968446523472693e+00,2.186096378928034656e-01
1.207352478939304641e+00,1.729765329839862420e-01
1.334094881817261324e+00,9.544483997198927039e-02
1.334094881817261324e+00,9.544483997198927039e-02
1.334094881817261324e+00,9.544483997198927039e-02
1.245435853578366503e+00,-7.365736862294525178e-02
1.379437133667064552e+00,-9.719272787288868454e-02
1.379437133667064552e+00,-9.719272787288868454e-02
1.363000672690149129e+00,-1.120597894088145169e-01
1.363000672690149129e+00,-1.120597894088145169e-01
1.363000672690149129e+00,-1.120597894088145169e-01
1.363000672690149129e+00,-1.120597894088145169e-01
1.363000672690149129e+00,-1.120597894088145169e-01
1.363000672690149129e+00,-1.120597894088145169e-01
1.418602766907374413e+00,4.031752386731048132e-02
1.334407236563064147e+00,-5.777852989907644732e-02
1.323890060812181746e+00,-1.134301690011730035e-01
1.323890060812181746e+00,-1.134301690011730035e-01
1.168257195508648483e+00,4.280624334964680533e-02
1.168257195508648483e+00,4.280624334964680533e-02
1.168257195508648483e+00,4.280624334964680533e-02
1.168257195508648483e+00,4.280624334964680533e-02
1.403486018262248169e+00,2.200353695217196481e-01
1.403486018262248169e+00,2.200353695217196481e-01
1.506870979373190256e+00,2.124608376586887837e-01
1.506870979373190256e+00,2.124608376586887837e-01
1.506870979373190256e+00,2.124608376586887837e-01
1.157843255907515800e+00,2.803983244472423308e-01
1.157843255907515800e+00,2.803983244472423308e-01
1.157843255907515800e+00,2.803983244472423308e-01
1.344614496208014653e+00,2.621320477010601890e-01
1.344614496208014653e+00,2.621320477010601890e-01
1.344614496208014653e+00,2.621320477010601890e-01
1.366291948448463023e+00,3.493537872004859324e-02
1.366291948448463023e+00,3.493537872004859324e-02
1.288894976844860540e+00,-4.793080165619174882e-02
1.288894976844860540e+00,-4.793080165619174882e-02
1.116868488454887620e+00,6.881596522337334043e-02
1.116868488454887620e+00,6.881596522337334043e-02
1.116868488454887620e+00,6.881596522337334043e-02
1.116868488454887620e+00,6.881596522337334043e-02
1.116868488454887620e+00,6.881596522337334043e-02
1.070576982299042745e+00,-1.288788769157445113e-03
1.070576982299042745e+00,-1.288788769157445113e-03
1.077022801426730680e+00,-1.561075173870709321e-01
1.077022801426730680e+00,-1.561075173870709321e-01
1.129182770925992951e+00,-1.357994905226465598e-01
1.129182770925992951e+00,-1.357994905226465598e-01
1.157350804715341352e+00,-6.967410197275747397e-02
1.157350804715341352e+00,-6.967410197275747397e-02
1.157350804715341352e+00,-6.967410197275747397e-02
1.157350804715341352e+00,-6.967410197275747397e-02
1.082616112043056411e+00,-1.132069472605903432e-01
1.082616112043056411e+00,-1.132069472605903432e-01
1.082616112043056411e+00,-1.132069472605903432e-01
1.082616112043056411e+00,-1.132069472605903432e-01
1.082616112043056411e+00,-1.132069472605903432e-01
1.082616112043056411e+00,-1.132069472605903432e-01
1.082616112043056411e+00,-1.132069472605903432e-01
1.150972294447818012e+00,3.934417136611199906e-02
1.150972294447818012e+00,3.934417136611199906e-02
1.150972294447818012e+00,3.934417136611199906e-02
1.150972294447818012e+00,3.934417136611199906e-02
1.213085231107363882e+00,-5.170011794658714577e-02
1.213085231107363882e+00,-5.170011794658714577e-02
1.213085231107363882e+00,-5.170011794658714577e-02
1.213085231107363882e+00,-5.170011794658714577e-02
1.213085231107363882e+00,-5.170011794658714577e-02
1.213085231107363882e+00,-5.170011794658714577e-02
1.232903490332303287e+00,2.859032676022270070e-01
1.250900271829658905e+00,3.253886418897198318e-01
1.412170130526011036e+00,2.929563085264026423e-01
1.412170130526011036e+00,2.929563085264026423e-01
1.351334355863451853e+00,5.234839092328455457e-02
1.351334355863451853e+00,5.234839092328455457e-02
1.351334355863451853e+00,5.234839092328455457e-02
1.463388957832021831e+00,1.108284875349299509e-01
1.463388957832021831e+00,1.108284875349299509e-01
1.085081109791563803e+00,1.071567824101025967e-01
1.085081109791563803e+00,1.071567824101025967e-01
1.135574254766633651e+00,-3.261270924299708440e-02
1.282865048283523546e+00,-2.052875939608683059e-02
1.282865048283523546e+00,-2.052875939608683059e-02
1.282865048283523546e+00,-2.052875939608683059e-02
1.191756483948469780e+00,1.534529530038542672e-02
1.191756483948469780e+00,1.534529530038542672e-02
1.430360074957360395e+00,-2.307792956130465950e-02
1.430360074957360395e+00,-2.307792956130465950e-02
1.430360074957360395e+00,-2.307792956130465950e-02
1.430360074957360395e+00,-2.307792956130465950e-02
1.430360074957360395e+00,-2.307792956130465950e-02
1.330098759218325100e+00,-1.280188110811118773e-01
1.406465629274194162e+00,-4.584001945427361446e-02
1.406465629274194162e+00,-4.584001945427361446e-02
1.406465629274194162e+00,-4.584001945427361446e-02
1.343455759373180403e+00,-1.142445864757850177e-01
1.343455759373180403e+00,-1.142445864757850177e-01
1.401366872922211959e+00,-1.606431198099268765e-02
1.304711297291145655e+00,1.391412852818604134e-02
1.304711297291145655e+00,1.391412852818604134e-02
1.304711297291145655e+00,1.391412852818604134e-02
1.102524984565310229e+00,5.815205674221604615e-02
1.258366307075566404e+00,-1.009055925100043605e-01
1.134819567717861410e+00,-3.157506834888215708e-02
1.343318487785286619e+00,-1.258508931219574911e-01
1.343318487785286619e+00,-1.258508931219574911e-01
1.343318487785286619e+00,-1.258508931219574911e-01
1.343318487785286619e+00,-1.258508931219574911e-01
1.369257309015093682e+00,7.007093797122979084e-02
1.187968541188621385e+00,-8.724408658353380308e-02
1.160131273133739205e+00,-3.860307538139872569e-02
1.390443135937211805e+00,-3.379759572220573244e-02
1.332556228717457492e+00,-1.450243881042158900e-01
1.351897661553174590e+00,4.032490384364509350e-02
1.351897661553174590e+00,4.032490384364509350e-02
1.495668409974440394e+00,-1.217885653304854876e-01
1.198804302360084506e+00,8.463700608647653501e-02
1.198804302360084506e+00,8.463700608647653501e-02
1.198804302360084506e+00,8.463700608647653501e-02
1.130175740069520929e+00,1.352045419543784766e-02
1.130175740069520929e+00,1.352045419543784766e-02
1.130175740069520929e+00,1.352045419543784766e-02
1.130175740069520929e+00,1.352045419543784766e-02
1.130175740069520929e+00,1.352045419543784766e-02
1.363808726601837717e+00,-6.033913863782613962e-02
1.279324930592649956e+00,-1.683328406702332830e-02
1.314395505220072868e+00,-1.228773591106048224e-01
1.314395505220072868e+00,-1.228773591106048224e-01
1.307644261259020890e+00,-1.947116922754343893e-01
1.227829322401361667e+00,-2.481904646217608368e-01
1.036367812400464050e+00,-6.910917222132348381e-02
1.036367812400464050e+00,-6.910917222132348381e-02
1.036367812400464050e+00,-6.910917222132348381e-02
1.036367812400464050e+00,-6.910917222132348381e-02
1.036367812400464050e+00,-6.910917222132348381e-02
1.244364429185063736e+00,-2.177719299610797465e-01
1.244364429185063736e+00,-2.177719299610797465e-01
1.145414409862228755e+00,5.571508752510473395e-02
1.145414409862228755e+00,5.571508752510473395e-02
1.211414375867176929e+00,6.346520500548796795e-02
1.211414375867176929e+00,6.346520500548796795e-02
1.211414375867176929e+00,6.346520500548796795e-02
1.211414375867176929e+00,6.346520500548796795e-02
1.211414375867176929e+00,6.346520500548796795e-02
1.211414375867176929e+00,6.346520500548796795e-02
1.180946405996544879e+00,7.802586852028187137e-02
1.180946405996544879e+00,7.802586852028187137e-02
1.180946405996544879e+00,7.802586852028187137e-02
1.180946405996544879e+00,7.802586852028187137e-02
1.180946405996544879e+00,7.802586852028187137e-02
1.180946405996544879e+00,7.802586852028187137e-02
1.180946405996544879e+00,7.802586852028187137e-02
1.192097855751024671e+00,1.321565521975756885e-01
1.192097855751024671e+00,1.321565521975756885e-01
1.192097855751024671e+00,1.321565521975756885e-01
1.202485992052084729e+00,1.043280034209675966e-01
1.207419877433306699e+00,8.146163300784590999e-02
1.207419877433306699e+00,8.146163300784590999e-02
1.207419877433306699e+00,8.146163300784590999e-02
1.207419877433306699e+00,8.146163300784590999e-02
1.207419877433306699e+00,8.146163300784590999e-02
1.207419877433306699e+00,8.146163300784590999e-02
1.207419877433306699e+00,8.146163300784590999e-02
1.132138372322705200e+00,-1.311530047870876903e-01
1.181266525780442667e+00,-2.039304785570677792e-01
1.148171124858696324e+00,-1.323297625150124390e-02
1.148171124858696324e+00,-1.323297625150124390e-02
1.148171124858696324e+00,-1.323297625150124390e-02
1.334409356324459894e+00,-8.350126956924484867e-02
1.334409356324459894e+00,-8.350126956924484867e-02
1.334409356324459894e+00,-8.350126956924484867e-02
1.334409356324459894e+00,-8.350126956924484867e-02
1.334409356324459894e+00,-8.350126956924484867e-02
1.334409356324459894e+00,-8.350126956924484867e-02
1.391868256400873971e+00,-1.819199869348907261e-02
1.362847965880973788e+00,-5.666828394838010000e-03
1.362847965880973788e+00,-5.666828394838010000e-03
1.362847965880973788e+00,-5.666828394838010000e-03
1.344852194187190486e+00,-4.635553622861895463e-03
1.424101220063065609e+00,-1.922313795348468135e-02
1.424101220063065609e+00,-1.922313795348468135e-02
1.213381208760459185e+00,2.321850615457362599e-01
1.213381208760459185e+00,2.321850615457362599e-01
1.304235656321016901e+00,2.799124478230147206e-01
1.178931661117462504e+00,1.717100646075386261e-01
1.178931661117462504e+00,1.717100646075386261e-01
1.245626370252873150e+00,8.786841123334529491e-02
1.189101386017012985e+00,3.696475419516046662e-02
1.246079597680242346e+00,5.397687890887243461e-02
1.246079597680242346e+00,5.397687890887243461e-02
1.081083644329819959e+00,-2.257369876688975624e-02
1.081083644329819959e+00,-2.257369876688975624e-02
1.061410212725844238e+00,-4.465437060851014384e-02
1.063829923567783942e+00,6.825262952802405025e-04
1.063829923567783942e+00,6.825262952802405025e-04
1.063829923567783942e+00,6.825262952802405025e-04
1.302345893927055576e+00,1.564984022409252745e-02
1.302345893927055576e+00,1.564984022409252745e-02
1.250997283843292784e+00,-2.346167513594109993e-02
1.250997283843292784e+00,-2.346167513594109993e-02
1.250997283843292784e+00,-2.346167513594109993e-02
1.250997283843292784e+00,-2.346167513594109993e-02
1.250997283843292784e+00,-2.346167513594109993e-02
1.175877005217579985e+00,-7.647997530625291751e-02
1.175877005217579985e+00,-7.647997530625291751e-02
1.175877005217579985e+00,-7.647997530625291751e-02
1.175877005217579985e+00,-7.647997530625291751e-02
1.175877005217579985e+00,-7.647997530625291751e-02
1.191932663090424560e+00,1.278721657734542549e-02
1.191932663090424560e+00,1.278721657734542549e-02
1.173626169794523832e+00,8.787634859460605186e-02
1.140488319160817499e+00,-8.700246964992700005e-02
1.334869312267683350e+00,-1.835962388169014303e-01
1.562614319468218271e+00,3.995533846393006794e-02
1.557820933253744267e+00,1.735994868989846340e-01
1.557820933253744267e+00,1.735994868989846340e-01
1.414004532101238887e+00,2.156891847566758114e-01
1.220568463047078556e+00,3.042978881610473585e-01
1.404827025714252997e+00,1.207845432288361387e-01
1.404827025714252997e+00,1.207845432288361387e-01
1.423346028461956791e+00,2.183609885353952895e-02
1.423346028461956791e+00,2.183609885353952895e-02
1.423346028461956791e+00,2.183609885353952895e-02
1.444209916715265773e+00,5.293058038489104056e-02
1.444209916715265773e+00,5.293058038489104056e-02
1.444209916715265773e+00,5.293058038489104056e-02
1.444209916715265773e+00,5.293058038489104056e-02
1.374316844316021857e+00,-8.237790177023190941e-02
1.374316844316021857e+00,-8.237790177023190941e-02
1.374316844316021857e+00,-8.237790177023190941e-02
1.374316844316021857e+00,-8.237790177023190941e-02
1.374316844316021857e+00,-8.237790177023190941e-02
1.268289240624537406e+00,-1.075646770962008780e-01
1.268289240624537406e+00,-1.075646770962008780e-01
1.273564000197157542e+00,-5.635973545577674382e-02
1.273564000197157542e+00,-5.635973545577674382e-02
1.195512082639811569e+00,-9.758378455100046034e-02
1.358692657963161077e+00,-9.855483416401575325e-02
1.358692657963161077e+00,-9.855483416401575325e-02
1.358692657963161077e+00,-9.855483416401575325e-02
1.358692657963161077e+00,-9.855483416401575325e-02
1.358692657963161077e+00,-9.855483416401575325e-02
1.421446486569234668e+00,3.075828350600731675e-03
1.359920624303910808e+00,-8.886248904089301404e-02
1.359920624303910808e+00,-8.886248904089301404e-02
1.195222415334765476e+00,-1.462430266350083219e-01
1.195222415334765476e+00,-1.462430266350083219e-01
1.195222415334765476e+00,-1.462430266350083219e-01
1.195222415334765476e+00,-1.462430266350083219e-01
1.227354548069194085e+00,4.068604757977478670e-02
1.227354548069194085e+00,4.068604757977478670e-02
1.302960809607964787e+00,7.706468156237339384e-02
1.302960809607964787e+00,7.706468156237339384e-02
1.302960809607964787e+00,7.706468156237339384e-02
1.302960809607964787e+00,7.706468156237339384e-02
1.315829711976907346e+00,3.868263792682053587e-02
1.315829711976907346e+00,3.868263792682053587e-02
1.315829711976907346e+00,3.868263792682053587e-02
1.315829711976907346e+00,3.868263792682053587e-02
1.315829711976907346e+00,3.868263792682053587e-02
1.315829711976907346e+00,3.868263792682053587e-02
1.315829711976907346e+00,3.868263792682053587e-02
1.221051049261802524e+00,1.260665250081179356e-01
1.221051049261802524e+00,1.260665250081179356e-01
1.221051049261802524e+00,1.260665250081179356e-01
1.181182246696706795e+00,6.970126074098326185e-02
1.181182246696706795e+00,6.970126074098326185e-02
1.181182246696706795e+00,6.970126074098326185e-02
1.344826214594541991e+00,-3.017752595881552369e-02
1.245569523222981978e+00,7.264372830851793805e-02
1.245569523222981978e+00,7.264372830851793805e-02
1.241082224556316449e+00,1.857110736491099368e-01
1.175995246771630587e+00,-2.469382217344381902e-02
1.175995246771630587e+00,-2.469382217344381902e-02
1.175995246771630587e+00,-2.469382217344381902e-02
1.175995246771630587e+00,-2.469382217344381902e-02
1.167774361976597897e+00,-7.765442163625835281e-02
1.167774361976597897e+00,-7.765442163625835281e-02
1.305093267542495106e+00,1.085826861631367379e-01
1.305093267542495106e+00,1.085826861631367379e-01
1.305093267542495106e+00,1.085826861631367379e-01
1.136389955604039104e+00,3.789862566942633904e-02
1.142948686222786003e+00,-6.819161141975896290e-02
1.161638666994609048e+00,-1.195370116866201760e-01
1.161638666994609048e+00,-1.195370116866201760e-01
1.252592907500575503e+00,-5.572491151846803437e-02
1.252592907500575503e+00,-5.572491151846803437e-02
1.252592907500575503e+00,-5.572491151846803437e-02
1.389390394584476551e+00,-3.162851051852842710e-02
1.389390394584476551e+00,-3.162851051852842710e-02
1.389390394584476551e+00,-3.162851051852842710e-02
1.219422443630325814e+00,-1.296932007533042608e-01
1.219422443630325814e+00,-1.296932007533042608e-01
1.219422443630325814e+00,-1.296932007533042608e-01
1.219422443630325814e+00,-1.296932007533042608e-01
1.215170918002669076e+00,-1.726948196879753428e-01
1.215170918002669076e+00,-1.726948196879753428e-01
1.215170918002669076e+00,-1.726948196879753428e-01
1.263902315495390782e+00,2.851128538763553211e-02
1.263902315495390782e+00,2.851128538763553211e-02
1.263902315495390782e+00,2.851128538763553211e-02
1.263902315495390782e+00,2.851128538763553211e-02
1.263902315495390782e+00,2.851128538763553211e-02
1.275875102233573033e+00,2.502383603972951898e-03
1.275875102233573033e+00,2.502383603972951898e-03
1.285950109707742373e+00,-5.843952826821379593e-02
1.285950109707742373e+00,-5.843952826821379593e-02
1.285950109707742373e+00,-5.843952826821379593e-02
1.285950109707742373e+00,-5.843952826821379593e-02
1.246093408709930017e+00,-1.166388579891137756e-01
1.367738688965623117e+00,-5.298030402250072934e-02
1.367738688965623117e+00,-5.298030402250072934e-02
1.367738688965623117e+00,-5.298030402250072934e-02
1.367738688965623117e+00,-5.298030402250072934e-02
1.367738688965623117e+00,-5.298030402250072934e-02
1.367738688965623117e+00,-5.298030402250072934e-02
1.224612625316195302e+00,-1.192052322332520786e-03
1.166323960783625102e+00,5.922885597216522024e-03
1.166323960783625102e+00,5.922885597216522024e-03
1.166323960783625102e+00,5.922885597216522024e-03
1.166323960783625102e+00,5.922885597216522024e-03
1.166323960783625102e+00,5.922885597216522024e-03
1.180263581130814199e+00,7.173699815608197694e-02
1.180263581130814199e+00,7.173699815608197694e-02
1.180263581130814199e+00,7.173699815608197694e-02
1.080547237262641902e+00,-8.329056863219552742e-03
1.182078777274859771e+00,1.055972882532890122e-01
1.155288411416595773e+00,1.137094393809186532e-01
1.119812449250190411e+00,-9.419136536536992788e-02
1.119812449250190411e+00,-9.419136536536992788e-02
1.119812449250190411e+00,-9.419136536536992788e-02
1.277061363627146839e+00,-4.578415304496506744e-02
1.109713793703458018e+00,-6.736063592760035967e-02
1.109713793703458018e+00,-6.736063592760035967e-02
1.109713793703458018e+00,-6.736063592760035967e-02
1.328275781619237206e+00,1.413938877909573788e-01
1.294734968114294560e+00,1.797988828898641755e-02
1.242259920191264300e+00,2.232165544941815127e-01
1.242259920191264300e+00,2.232165544941815127e-01
1.242259920191264300e+00,2.232165544941815127e-01
1.124554110919086192e+00,1.107479642255271290e-03
1.255112925718806283e+00,2.457448256690581909e-02
1.255112925718806283e+00,2.457448256690581909e-02
1.255112925718806283e+00,2.457448256690581909e-02
1.255112925718806283e+00,2.457448256690581909e-02
1.336431734210830280e+00,8.746552217315935185e-02
1.336431734210830280e+00,8.746552217315935185e-02
1.336431734210830280e+00,8.746552217315935185e-02
1.336431734210830280e+00,8.746552217315935185e-02
1.336431734210830280e+00,8.746552217315935185e-02
1.314919369607566946e+00,-4.938595006881980887e-02
1.354838991628902312e+00,-2.456131593472352104e-02
1.354838991628902312e+00,-2.456131593472352104e-02
1.354838991628902312e+00,-2.456131593472352104e-02
1.354838991628902312e+00,-2.456131593472352104e-02
1.354838991628902312e+00,-2.456131593472352104e-02
1.354838991628902312e+00,-2.456131593472352104e-02
1.162581051663457599e+00,1.954278071686424423e-04
1.162581051663457599e+00,1.954278071686424423e-04
1.362890150982398740e+00,1.319920727592196752e-01
1.362890150982398740e+00,1.319920727592196752e-01
1.362890150982398740e+00,1.319920727592196752e-01
1.362890150982398740e+00,1.319920727592196752e-01
1.467419791724008826e+00,3.052029869213629398e-03
1.467419791724008826e+00,3.052029869213629398e-03
1.215857149745986465e+00,1.343274797751773386e-01
1.416550907180556651e+00,-3.558272276513074761e-02
1.416550907180556651e+00,-3.558272276513074761e-02
1.416550907180556651e+00,-3.558272276513074761e-02
1.416550907180556651e+00,-3.558272276513074761e-02
1.416550907180556651e+00,-3.558272276513074761e-02
1.416550907180556651e+00,-3.558272276513074761e-02
1.416550907180556651e+00,-3.558272276513074761e-02
1.416550907180556651e+00,-3.558272276513074761e-02
1.416550907180556651e+00,-3.558272276513074761e-02
1.386039532256657658e+00,1.718186247322782967e-01
1.546083546675394382e+00,3.478701312959103786e-02
1.552759010955483188e+00,3.123338008866466398e-03
1.552759010955483188e+00,3.123338008866466398e-03
1.552759010955483188e+00,3.123338008866466398e-03
1.433281386496881193e+00,-8.633394285382429978e-02
1.433281386496881193e+00,-8.633394285382429978e-02
1.316237227969802914e+00,-6.027609640708236904e-02
1.316237227969802914e+00,-6.027609640708236904e-02
1.316237227969802914e+00,-6.027609640708236904e-02
1.316237227969802914e+00,-6.027609640708236904e-02
1.316237227969802914e+00,-6.027609640708236904e-02
1.316237227969802914e+00,-6.027609640708236904e-02
1.316237227969802914e+00,-6.027609640708236904e-02
1.345405554461792441e+00,-3.391627942328203499e-02
1.345405554461792441e+00,-3.391627942328203499e-02
1.345405554461792441e+00,-3.391627942328203499e-02
1.345405554461792441e+00,-3.391627942328203499e-02
1.345405554461792441e+00,-3.391627942328203499e-02
1.052655043625471798e+00,1.009336616646474005e-01
1.044783384197246034e+00,2.591026923752449973e-02
1.044783384197246034e+00,2.591026923752449973e-02
1.044783384197246034e+00,2.591026923752449973e-02
1.327456820784904012e+00,-1.051456708127248146e-01
1.175610832630882063e+00,-2.058832058003559617e-02
1.175610832630882063e+00,-2.058832058003559617e-02
1.175610832630882063e+00,-2.058832058003559617e-02
1.175610832630882063e+00,-2.058832058003559617e-02
1.175610832630882063e+00,-2.058832058003559617e-02
1.175610832630882063e+00,-2.058832058003559617e-02
1.264830003704016548e+00,-6.120121085466053573e-02
1.264830003704016548e+00,-6.120121085466053573e-02
1.264830003704016548e+00,-6.120121085466053573e-02
1.264830003704016548e+00,-6.120121085466053573e-02
1.264830003704016548e+00,-6.120121085466053573e-02
1.264830003704016548e+00,-6.120121085466053573e-02
1.264830003704016548e+00,-6.120121085466053573e-02
1.264830003704016548e+00,-6.120121085466053573e-02
1.264830003704016548e+00,-6.120121085466053573e-02
1.264830003704016548e+00,-6.120121085466053573e-02
1.264830003704016548e+00,-6.120121085466053573e-02
1.264830003704016548e+00,-6.120121085466053573e-02
1.264830003704016548e+00,-6.120121085466053573e-02
1.264830003704016548e+00,-6.120121085466053573e-02
1.160174749125820748e+00,-1.271605181358119452e-01
1.160174749125820748e+00,-1.271605181358119452e-01
1.143672095890783336e+00,-6.065554149092325376e-02
1.143672095890783336e+00,-6.065554149092325376e-02
1.256470830356500867e+00,-1.302713049900250109e-01
1.242707242000223866e+00,4.726894821678179204e-02
1.146083541926335547e+00,4.870078497905254433e-02
1.105043392488622711e+00,1.455041979917267858e-01
1.105043392488622711e+00,1.455041979917267858e-01
1.105043392488622711e+00,1.455041979917267858e-01
1.105043392488622711e+00,1.455041979917267858e-01
1.121121576003529130e+00,9.727074841760756374e-02
1.096056909265395563e+00,6.614768077458610396e-02
1.096056909265395563e+00,6.614768077458610396e-02
1.061300398644064114e+00,-8.863423252899060856e-02
1.061300398644064114e+00,-8.863423252899060856e-02
1.061300398644064114e+00,-8.863423252899060856e-02
1.265473808039458525e+00,-1.756465451318677817e-01
1.265473808039458525e+00,-1.756465451318677817e-01
1.265473808039458525e+00,-1.756465451318677817e-01
1.189068662769343421e+00,-4.412425891226753882e-02
1.292670602976574212e+00,1.623131385196978360e-03
1.292670602976574212e+00,1.623131385196978360e-03
1.299874055437251874e+00,3.169815132048715844e-02
9.441149063504197247e-01,-4.523872579110514713e-02
1.239065227766489530e+00,-2.094142601080429267e-01
1.178657905504418624e+00,-2.163975991973884627e-01
1.409818743503766569e+00,1.175998422710454461e-01
1.409818743503766569e+00,1.175998422710454461e-01
1.409818743503766569e+00,1.175998422710454461e-01
1.326448158198783256e+00,-4.241020377478940673e-02
1.341371328387616080e+00,-7.664398511802852920e-02
1.341371328387616080e+00,-7.664398511802852920e-02
1.228021757998059904e+00,1.245223672847841356e-01
1.228021757998059904e+00,1.245223672847841356e-01
1.228021757998059904e+00,1.245223672847841356e-01
1.228021757998059904e+00,1.245223672847841356e-01
1.228021757998059904e+00,1.245223672847841356e-01
1.228021757998059904e+00,1.245223672847841356e-01
1.228021757998059904e+00,1.245223672847841356e-01
1.222932679766332908e+00,7.617284194297711808e-02
1.222932679766332908e+00,7.617284194297711808e-02
1.438228489245405139e+00,-3.211584309726596420e-02
1.438228489245405139e+00,-3.211584309726596420e-02
1.438228489245405139e+00,-3.211584309726596420e-02
1.438228489245405139e+00,-3.211584309726596420e-02
1.323712236859778901e+00,-1.240390620352209566e-01
1.323712236859778901e+00,-1.240390620352209566e-01
1.324146073262314705e+00,-3.142099307786382079e-02
1.351752190255781416e+00,-1.281029066415676279e-02
1.351752190255781416e+00,-1.281029066415676279e-02
1.351752190255781416e+00,-1.281029066415676279e-02
1.236409929345428260e+00,1.055476557616142133e-02
1.143658800235035855e+00,-3.681211296180353365e-02
1.143658800235035855e+00,-3.681211296180353365e-02
1.104814148386618289e+00,-9.660160148154531279e-02
1.217735155802103453e+00,-1.613760083821315083e-01
1.171906567906968899e+00,-1.743970241229804707e-01
1.171906567906968899e+00,-1.743970241229804707e-01
1.171906567906968899e+00,-1.743970241229804707e-01
1.171906567906968899e+00,-1.743970241229804707e-01
1.279941741075536266e+00,-1.711222026937310459e-01
1.371511538029101418e+00,-6.498375071606779518e-02
1.359533050234259743e+00,-8.977486509417410832e-02
1.359533050234259743e+00,-8.977486509417410832e-02
1.359533050234259743e+00,-8.977486509417410832e-02
1.359533050234259743e+00,-8.977486509417410832e-02
1.359533050234259743e+00,-8.977486509417410832e-02
1.135450314424267360e+00,-3.554106322604422968e-02
1.135450314424267360e+00,-3.554106322604422968e-02
1.135450314424267360e+00,-3.554106322604422968e-02
1.402241111578821586e+00,1.165518960097687295e-01
1.225466380942246580e+00,8.694806100901923684e-02
1.294323982287564734e+00,1.735411752685971087e-02
1.294323982287564734e+00,1.735411752685971087e-02
1.294323982287564734e+00,1.735411752685971087e-02
1.294323982287564734e+00,1.735411752685971087e-02
1.294323982287564734e+00,1.735411752685971087e-02
1.294323982287564734e+00,1.735411752685971087e-02
1.328853217517726115e+00,-1.473409998355876827e-01
1.328853217517726115e+00,-1.473409998355876827e-01
1.425193473421756618e+00,5.579512704633579623e-02
1.425193473421756618e+00,5.579512704633579623e-02
1.319057246521045723e+00,5.480072810438927494e-02
1.319057246521045723e+00,5.480072810438927494e-02
1.160310999471155791e+00,1.462872956251997925e-01
1.094856157211774983e+00,-1.426853512845063787e-02
1.094856157211774983e+00,-1.426853512845063787e-02
1.094856157211774983e+00,-1.426853512845063787e-02
1.250353369004490567e+00,-8.440528651610021416e-02
1.265676584494969559e+00,-1.637379312595980685e-01
1.417419393128623861e+00,-1.806305646358613570e-02
1.417419393128623861e+00,-1.806305646358613570e-02
1.417419393128623861e+00,-1.806305646358613570e-02
1.268741790278629766e+00,1.135330520087645123e-01
1.268741790278629766e+00,1.135330520087645123e-01
1.390243033448780752e+00,1.333085949014974070e-01
1.321656318422519405e+00,4.872303385752035920e-02
1.321656318422519405e+00,4.872303385752035920e-02
1.321656318422519405e+00,4.872303385752035920e-02
1.321656318422519405e+00,4.872303385752035920e-02
1.321656318422519405e+00,4.872303385752035920e-02
1.321656318422519405e+00,4.872303385752035920e-02
1.321656318422519405e+00,4.872303385752035920e-02
1.322458025969631690e+00,1.210918850270737424e-01
1.322458025969631690e+00,1.210918850270737424e-01
1.079950170274540211e+00,-4.490763641545753027e-02
1.306523030822795750e+00,-5.591386884495688769e-03
1.306523030822795750e+00,-5.591386884495688769e-03
1.306523030822795750e+00,-5.591386884495688769e-03
1.306523030822795750e+00,-5.591386884495688769e-03
1.306523030822795750e+00,-5.591386884495688769e-03
1.306523030822795750e+00,-5.591386884495688769e-03
1.306523030822795750e+00,-5.591386884495688769e-03
1.209516557099380440e+00,-6.733205737156063540e-03
1.209516557099380440e+00,-6.733205737156063540e-03
1.209516557099380440e+00,-6.733205737156063540e-03
1.149405473215051599e+00,-9.980016405745043007e-03
1.149405473215051599e+00,-9.980016405745043007e-03
1.245405561095676905e+00,6.613597345954159989e-02
1.266318179469112959e+00,5.886458478550569973e-02
1.266318179469112959e+00,5.886458478550569973e-02
1.266318179469112959e+00,5.886458478550569973e-02
1.266318179469112959e+00,5.886458478550569973e-02
1.257731693757676350e+00,5.787730739117178530e-02
1.285607825970449314e+00,-5.355955084832652452e-02
1.285607825970449314e+00,-5.355955084832652452e-02
1.285607825970449314e+00,-5.355955084832652452e-02
1.285607825970449314e+00,-5.355955084832652452e-02
1.285607825970449314e+00,-5.355955084832652452e-02
1.367053088671404737e+00,1.216691566287195492e-01
1.385175300372277318e+00,5.206808146530636505e-02
1.385175300372277318e+00,5.206808146530636505e-02
1.354018791625816842e+00,8.081419986942808831e-02
1.354018791625816842e+00,8.081419986942808831e-02
1.354018791625816842e+00,8.081419986942808831e-02
1.354018791625816842e+00,8.081419986942808831e-02
1.354018791625816842e+00,8.081419986942808831e-02
1.354018791625816842e+00,8.081419986942808831e-02
1.354018791625816842e+00,8.081419986942808831e-02
1.332884463152519405e+00,-1.457676133856981859e-01
1.332884463152519405e+00,-1.457676133856981859e-01
1.332884463152519405e+00,-1.457676133856981859e-01
1.169121207743626378e+00,-1.136485685815665087e-01
1.169121207743626378e+00,-1.136485685815665087e-01
1.169121207743626378e+00,-1.136485685815665087e-01
1.239075023649507390e+00,1.235333533421094365e-02
1.239075023649507390e+00,1.235333533421094365e-02
1.239075023649507390e+00,1.235333533421094365e-02
1.239075023649507390e+00,1.235333533421094365e-02
1.239075023649507390e+00,1.235333533421094365e-02
1.377111861432171569e+00,-1.259434970227352180e-01
1.158202243455046077e+00,-1.214163108522018086e-01
9.805588995560095000e-01,-9.363839358158429493e-02
9.805588995560095000e-01,-9.363839358158429493e-02
9.805588995560095000e-01,-9.363839358158429493e-02
9.304564237985858410e-01,-3.927272890679132239e-02
1.101904088851169528e+00,-1.076290297646361610e-02
1.111093421766987888e+00,5.652125037689897241e-02
1.111093421766987888e+00,5.652125037689897241e-02
1.111093421766987888e+00,5.652125037689897241e-02
1.111093421766987888e+00,5.652125037689897241e-02
1.111093421766987888e+00,5.652125037689897241e-02
1.108479603713483863e+00,1.437312639625585448e-02
1.108479603713483863e+00,1.437312639625585448e-02
1.277887516028813675e+00,-6.756243692679478330e-02
1.277887516028813675e+00,-6.756243692679478330e-02
1.326907796966124709e+00,-6.642753840887172245e-02
1.326907796966124709e+00,-6.642753840887172245e-02
1.221151016371423204e+00,-7.618044403465093484e-02
1.221151016371423204e+00,-7.618044403465093484e-02
1.223418726979930815e+00,1.019877374719799223e-01
1.495346241551877453e+00,6.994637079662416324e-02
1.495346241551877453e+00,6.994637079662416324e-02
1.495346241551877453e+00,6.994637079662416324e-02
1.362563189778467354e+00,1.521683944144639478e-01
1.362563189778467354e+00,1.521683944144639478e-01
1.362563189778467354e+00,1.521683944144639478e-01
1.362563189778467354e+00,1.521683944144639478e-01
1.373596049868234470e+00,3.054655964960779901e-02
1.373596049868234470e+00,3.054655964960779901e-02
1.392020625111598964e+00,-7.882898223000130156e-02
1.392020625111598964e+00,-7.882898223000130156e-02
1.392020625111598964e+00,-7.882898223000130156e-02
1.388272295025529735e+00,-1.854414672023811661e-02
1.298891724233743661e+00,1.335450635391694507e-01
1.319424212940905949e+00,4.451673991369697880e-04
1.319424212940905949e+00,4.451673991369697880e-04
1.319424212940905949e+00,4.451673991369697880e-04
1.319424212940905949e+00,4.451673991369697880e-04
1.319424212940905949e+00,4.451673991369697880e-04
1.364650732945151379e+00,6.954948712157435486e-02
1.364650732945151379e+00,6.954948712157435486e-02
1.364650732945151379e+00,6.954948712157435486e-02
1.279694725900641483e+00,-2.914932632940167578e-03
1.279694725900641483e+00,-2.914932632940167578e-03
1.279694725900641483e+00,-2.914932632940167578e-03
1.279694725900641483e+00,-2.914932632940167578e-03
1.202891055620935790e+00,-6.519775910122303786e-02
1.202891055620935790e+00,-6.519775910122303786e-02
1.202891055620935790e+00,-6.519775910122303786e-02
1.202891055620935790e+00,-6.519775910122303786e-02
1.202891055620935790e+00,-6.519775910122303786e-02
1.407665221386763310e+00,1.397377599265893777e-01
1.456764476612923298e+00,3.946368844800245135e-02
1.456764476612923298e+00,3.946368844800245135e-02
1.278955881581388399e+00,4.740779678571818700e-02
1.235745107281746247e+00,-5.100953402811460313e-02
1.235745107281746247e+00,-5.100953402811460313e-02
1.377005304571192967e+00,-2.148875341142526124e-02
1.164709651833329973e+00,2.604403426599589261e-02
1.199588653190670762e+00,6.323846817960759176e-03
1.199588653190670762e+00,6.323846817960759176e-03
1.199588653190670762e+00,6.323846817960759176e-03
1.199588653190670762e+00,6.323846817960759176e-03
1.199588653190670762e+00,6.323846817960759176e-03
1.199588653190670762e+00,6.323846817960759176e-03
1.285954483984526941e+00,8.567135939978892667e-02
1.285954483984526941e+00,8.567135939978892667e-02
1.285954483984526941e+00,8.567135939978892667e-02
1.285954483984526941e+00,8.567135939978892667e-02
1.285954483984526941e+00,8.567135939978892667e-02
1.285954483984526941e+00,8.567135939978892667e-02
1.159314638069421033e+00,-1.133366991610865182e-01
1.159314638069421033e+00,-1.133366991610865182e-01
1.072985395004441678e+00,-3.034063244038436025e-02
1.072985395004441678e+00,-3.034063244038436025e-02
1.072985395004441678e+00,-3.034063244038436025e-02
1.072985395004441678e+00,-3.034063244038436025e-02
1.072985395004441678e+00,-3.034063244038436025e-02
1.069282209322923505e+00,-1.205591139263538641e-01
1.069282209322923505e+00,-1.205591139263538641e-01
1.296789223841910310e+00,-1.029266713417152368e-01
1.296789223841910310e+00,-1.029266713417152368e-01
1.266767925978495857e+00,-9.823600355887610047e-02
1.266767925978495857e+00,-9.823600355887610047e-02
1.266767925978495857e+00,-9.823600355887610047e-02
1.176275208600180200e+00,-2.253327322568247915e-02
1.176275208600180200e+00,-2.253327322568247915e-02
1.391014952224744361e+00,-1.054920540872059803e-02
1.391014952224744361e+00,-1.054920540872059803e-02
1.391014952224744361e+00,-1.054920540872059803e-02
1.361091470730250830e+00,5.675895490779427760e-03
1.361091470730250830e+00,5.675895490779427760e-03
1.361091470730250830e+00,5.675895490779427760e-03
1.361091470730250830e+00,5.675895490779427760e-03
1.318617919087630153e+00,1.440651144234287029e-01
1.396718135535040428e+00,-7.948449495609671844e-02
1.143556627905843337e+00,-2.751717546083102400e-02
1.208695419763061496e+00,3.211249494759516043e-02
1.208695419763061496e+00,3.211249494759516043e-02
1.105716613358995737e+00,-7.297022742283373886e-03
1.075807361430989761e+00,1.300681713637660830e-01
1.075807361430989761e+00,1.300681713637660830e-01
1.075807361430989761e+00,1.300681713637660830e-01
1.075807361430989761e+00,1.300681713637660830e-01
1.075807361430989761e+00,1.300681713637660830e-01
1.253119646936019960e+00,1.372058651435769105e-01
1.253119646936019960e+00,1.372058651435769105e-01
1.253119646936019960e+00,1.372058651435769105e-01
1.253119646936019960e+00,1.372058651435769105e-01
1.253119646936019960e+00,1.372058651435769105e-01
1.167350287003486642e+00,6.658532984169127089e-02
1.167350287003486642e+00,6.658532984169127089e-02
1.167350287003486642e+00,6.658532984169127089e-02
1.167350287003486642e+00,6.658532984169127089e-02
1.167350287003486642e+00,6.658532984169127089e-02
1.234027568643158101e+00,1.042308687336855194e-01
1.309391914347612929e+00,2.177900720543030633e-01
1.238674756140391686e+00,4.420318458436769959e-02
1.238674756140391686e+00,4.420318458436769959e-02
1.238674756140391686e+00,4.420318458436769959e-02
1.292976841015755163e+00,7.217189511311106198e-02
1.292976841015755163e+00,7.217189511311106198e-02
1.292976841015755163e+00,7.217189511311106198e-02
1.292976841015755163e+00,7.217189511311106198e-02
1.292976841015755163e+00,7.217189511311106198e-02
1.292976841015755163e+00,7.217189511311106198e-02
1.292976841015755163e+00,7.217189511311106198e-02
1.292976841015755163e+00,7.217189511311106198e-02
1.292976841015755163e+00,7.217189511311106198e-02
1.211235514239761057e+00,1.679050648757225428e-01
1.211235514239761057e+00,1.679050648757225428e-01
1.094241345640877938e+00,1.188725871865178862e-02
1.220130783899490590e+00,-5.552394066534942219e-02
1.220130783899490590e+00,-5.552394066534942219e-02
1.220130783899490590e+00,-5.552394066534942219e-02
1.156167719269973082e+00,-1.283015777168541871e-01
1.211208518128860323e+00,-1.783587089388943281e-01
1.143716786472773528e+00,-8.951241588208953825e-02
1.143716786472773528e+00,-8.951241588208953825e-02
1.143716786472773528e+00,-8.951241588208953825e-02
1.143716786472773528e+00,-8.951241588208953825e-02
1.396715327223301939e+00,8.215865712411660193e-03
1.396715327223301939e+00,8.215865712411660193e-03
1.396715327223301939e+00,8.215865712411660193e-03
1.396715327223301939e+00,8.215865712411660193e-03
1.375460709885391264e+00,-3.180598471578085368e-02
1.219573015157166651e+00,6.729849517224839595e-02
1.219573015157166651e+00,6.729849517224839595e-02
1.229160635158403458e+00,-5.769411603420590562e-02
1.229160635158403458e+00,-5.769411603420590562e-02
1.173204489200950329e+00,-1.298783679096219834e-01
1.173821528332642750e+00,-7.645049460701153210e-02
1.173821528332642750e+00,-7.645049460701153210e-02
1.173821528332642750e+00,-7.645049460701153210e-02
1.173821528332642750e+00,-7.645049460701153210e-02
1.173821528332642750e+00,-7.645049460701153210e-02
1.267023312102778965e+00,2.584296505828578838e-02
1.164352241288814760e+00,-1.115764767418533365e-01
1.164352241288814760e+00,-1.115764767418533365e-01
1.164352241288814760e+00,-1.115764767418533365e-01
1.241422081512629783e+00,1.909135860049177014e-03
1.241422081512629783e+00,1.909135860049177014e-03
1.241422081512629783e+00,1.909135860049177014e-03
1.241422081512629783e+00,1.909135860049177014e-03
1.241422081512629783e+00,1.909135860049177014e-03
1.241422081512629783e+00,1.909135860049177014e-03
1.346410621625969695e+00,4.258641355334850248e-02
1.178025337508377568e+00,1.782208783541616021e-02
1.306634786271076321e+00,-4.862709905280613448e-02
1.306634786271076321e+00,-4.862709905280613448e-02
1.306634786271076321e+00,-4.862709905280613448e-02
1.306634786271076321e+00,-4.862709905280613448e-02
1.232165862479634777e+00,2.265174655867504411e-02
1.154083085121414332e+00,-1.678183549902417804e-02
1.154083085121414332e+00,-1.678183549902417804e-02
1.154083085121414332e+00,-1.678183549902417804e-02
1.154083085121414332e+00,-1.678183549902417804e-02
1.090726524844359613e+00,-2.463743074151289111e-02
1.090726524844359613e+00,-2.463743074151289111e-02
1.090726524844359613e+00,-2.463743074151289111e-02
1.090726524844359613e+00,-2.463743074151289111e-02
1.090726524844359613e+00,-2.463743074151289111e-02
1.255952314778404633e+00,3.078947004103639584e-03
1.255952314778404633e+00,3.078947004103639584e-03
1.255952314778404633e+00,3.078947004103639584e-03
1.255952314778404633e+00,3.078947004103639584e-03
1.255952314778404633e+00,3.078947004103639584e-03
1.218963979291776578e+00,2.863450028083071308e-02
1.218963979291776578e+00,2.863450028083071308e-02
1.218963979291776578e+00,2.863450028083071308e-02
1.218963979291776578e+00,2.863450028083071308e-02
1.218963979291776578e+00,2.863450028083071308e-02
1.233172591792953909e+00,1.155589595211811149e-01
1.251745571341107199e+00,-1.528059131115946934e-02
1.221484297692379206e+00,-2.221772967628790341e-01
1.221484297692379206e+00,-2.221772967628790341e-01
1.449485896737190638e+00,-1.444665011818531131e-01
1.449485896737190638e+00,-1.444665011818531131e-01
1.293716005205379105e+00,-2.956729248655873277e-02
1.293716005205379105e+00,-2.956729248655873277e-02
1.293716005205379105e+00,-2.956729248655873277e-02
1.293716005205379105e+00,-2.956729248655873277e-02
1.293716005205379105e+00,-2.956729248655873277e-02
1.293716005205379105e+00,-2.956729248655873277e-02
1.223382000607965425e+00,-6.655227798379591275e-03
1.223382000607965425e+00,-6.655227798379591275e-03
1.198042123625138178e+00,6.184322167185670599e-02
1.283766408015858840e+00,7.793675063423803617e-02
1.252315515495650455e+00,2.500717467478755784e-01
1.252315515495650455e+00,2.500717467478755784e-01
1.233270849381539191e+00,1.775686420211308736e-01
1.233270849381539191e+00,1.775686420211308736e-01
1.218419373414247664e+00,-5.867689145090798641e-02
1.218419373414247664e+00,-5.867689145090798641e-02
1.218419373414247664e+00,-5.867689145090798641e-02
1.218419373414247664e+00,-5.867689145090798641e-02
1.218419373414247664e+00,-5.867689145090798641e-02
1.383805489752346407e+00,4.730961442009394557e-02
1.245660307284442547e+00,4.329877511934816792e-03
1.245660307284442547e+00,4.329877511934816792e-03
1.245660307284442547e+00,4.329877511934816792e-03
1.245660307284442547e+00,4.329877511934816792e-03
1.245660307284442547e+00,4.329877511934816792e-03
1.245660307284442547e+00,4.329877511934816792e-03
1.266815456930333372e+00,-1.253081835055956383e-01
1.266815456930333372e+00,-1.253081835055956383e-01
1.266815456930333372e+00,-1.253081835055956383e-01
1.510070540990502863e+00,-1.359622097185992085e-01
1.343109845999236107e+00,1.287285448682248534e-01
1.524378364248433204e+00,3.198362578062496908e-02
1.524378364248433204e+00,3.198362578062496908e-02
1.524378364248433204e+00,3.198362578062496908e-02
1.343564829047292575e+00,5.890685889360362804e-02
1.331243814613837895e+00,1.157246630029697826e-02
1.272330381636766372e+00,4.361594232398360166e-02
1.272330381636766372e+00,4.361594232398360166e-02
1.272330381636766372e+00,4.361594232398360166e-02
1.246953960539943562e+00,1.033789039595005843e-01
1.262409497086791843e+00,-4.045000063590706296e-02
1.262409497086791843e+00,-4.045000063590706296e-02
1.262409497086791843e+00,-4.045000063590706296e-02
1.369575035901850812e+00,3.530917575856921953e-02
1.350548236865448226e+00,-2.543069113448648277e-03
1.341445373081694648e+00,-2.378534397004640130e-02
1.289511635505079967e+00,-1.034855939684402870e-01
1.375054078559999615e+00,-8.833841751831872369e-02
1.375054078559999615e+00,-8.833841751831872369e-02
1.375054078559999615e+00,-8.833841751831872369e-02
1.375054078559999615e+00,-8.833841751831872369e-02
1.375054078559999615e+00,-8.833841751831872369e-02
1.375054078559999615e+00,-8.833841751831872369e-02
1.462738872245507471e+00,-1.013855719459308968e-01
1.397400414383345613e+00,-1.513071945417907016e-01
1.302465351976670460e+00,-1.994754781524252507e-01
1.122168266796318203e+00,-1.605498279873192879e-01
1.293384465979839915e+00,-1.171793052543617236e-01
1.154764714598770281e+00,-1.298269576009060400e-02
1.154764714598770281e+00,-1.298269576009060400e-02
1.154764714598770281e+00,-1.298269576009060400e-02
1.166271914761193518e+00,1.564265558287300517e-01
1.210371266102918675e+00,-6.387186187334983889e-02
1.257749503261402335e+00,3.087935557927898311e-03
1.257749503261402335e+00,3.087935557927898311e-03
1.257749503261402335e+00,3.087935557927898311e-03
1.381389560222763269e+00,-6.892413701172006579e-02
1.302692673070824148e+00,1.385652172099601231e-01
1.371552373587134444e+00,-8.731841034345336205e-02
1.371552373587134444e+00,-8.731841034345336205e-02
1.272681120993776283e+00,-2.476327843360128234e-01
1.272681120993776283e+00,-2.476327843360128234e-01
1.191182152817046758e+00,-2.331154219125218252e-01
1.033283442191262003e+00,7.480496049061757802e-03
1.028018632387682540e+00,5.566773435932018815e-02
1.028018632387682540e+00,5.566773435932018815e-02
1.075593159724933079e+00,1.977253196701563576e-01
1.075593159724933079e+00,1.977253196701563576e-01
1.054331337233414434e+00,1.336273796110492573e-01
1.054331337233414434e+00,1.336273796110492573e-01
1.054331337233414434e+00,1.336273796110492573e-01
1.054331337233414434e+00,1.336273796110492573e-01
1.054331337233414434e+00,1.336273796110492573e-01
1.228529632807414451e+00,-6.293871616290389048e-02
1.285929357011757368e+00,7.108065271278382613e-02
1.285929357011757368e+00,7.108065271278382613e-02
1.285929357011757368e+00,7.108065271278382613e-02
1.285929357011757368e+00,7.108065271278382613e-02
1.285929357011757368e+00,7.108065271278382613e-02
1.236488352567859161e+00,1.734723682036423409e-01
1.141027199494612399e+00,-8.928616209774195567e-02
1.243176360995450258e+00,2.309631017992877511e-03
1.243176360995450258e+00,2.309631017992877511e-03
1.243176360995450258e+00,2.309631017992877511e-03
1.243176360995450258e+00,2.309631017992877511e-03
1.243176360995450258e+00,2.309631017992877511e-03
1.243176360995450258e+00,2.309631017992877511e-03
1.243176360995450258e+00,2.309631017992877511e-03
1.142606718158276191e+00,-1.878975881998779518e-01
1.079289800739105409e+00,-5.249246235276741612e-02
1.079289800739105409e+00,-5.249246235276741612e-02
1.088920352161683702e+00,-7.091345624595124519e-02
1.186095038986453076e+00,1.550802370854794110e-01
1.186095038986453076e+00,1.550802370854794110e-01
1.173024228187782958e+00,1.100921829221102322e-01
1.129983012485830551e+00,1.124205862707558928e-01
1.129983012485830551e+00,1.124205862707558928e-01
1.129983012485830551e+00,1.124205862707558928e-01
1.129983012485830551e+00,1.124205862707558928e-01
1.154707504571262699e+00,1.008536374480277636e-01
1.315868502366795756e+00,2.287867897231231629e-01
1.315868502366795756e+00,2.287867897231231629e-01
1.315868502366795756e+00,2.287867897231231629e-01
1.201290911755779955e+00,-1.535625038533982023e-01
1.201290911755779955e+00,-1.535625038533982023e-01
1.201290911755779955e+00,-1.535625038533982023e-01
1.349116930938982994e+00,-2.525854317335167187e-01
1.349116930938982994e+00,-2.525854317335167187e-01
1.349116930938982994e+00,-2.525854317335167187e-01
1.349116930938982994e+00,-2.525854317335167187e-01
1.349116930938982994e+00,-2.525854317335167187e-01
1.137196083405214164e+00,-2.178670773724738496e-01
1.137196083405214164e+00,-2.178670773724738496e-01
1.286741376032756623e+00,-1.642942104562311600e-02
1.286741376032756623e+00,-1.642942104562311600e-02
1.437526651562953894e+00,-1.757888421759630157e-02
1.414567566747763072e+00,-4.667281571440588805e-02
1.414567566747763072e+00,-4.667281571440588805e-02
1.336981104131409248e+00,-4.667409907598137064e-02
1.336981104131409248e+00,-4.667409907598137064e-02
1.322272371203162100e+00,-1.022580196765816157e-02
1.380034477120209102e+00,5.304556629546918617e-02
1.226755400963256637e+00,-2.361191447041405961e-02
1.226755400963256637e+00,-2.361191447041405961e-02
1.226755400963256637e+00,-2.361191447041405961e-02
1.226755400963256637e+00,-2.361191447041405961e-02
1.226755400963256637e+00,-2.361191447041405961e-02
1.226755400963256637e+00,-2.361191447041405961e-02
1.226755400963256637e+00,-2.361191447041405961e-02
1.333329719915638201e+00,-1.123967981641579295e-01
1.333329719915638201e+00,-1.123967981641579295e-01
1.333945153660826222e+00,1.182072509409336780e-01
1.333945153660826222e+00,1.182072509409336780e-01
1.249474901462520826e+00,2.394953216515578742e-02
1.129744074252066577e+00,5.076115996087779414e-02
1.129744074252066577e+00,5.076115996087779414e-02
1.402321340361241342e+00,5.552137963889827721e-03
1.402321340361241342e+00,5.552137963889827721e-03
1.402321340361241342e+00,5.552137963889827721e-03
1.402321340361241342e+00,5.552137963889827721e-03
1.509360338144883684e+00,-2.257191499821695896e-02
1.509360338144883684e+00,-2.257191499821695896e-02
1.509360338144883684e+00,-2.257191499821695896e-02
1.380562043833306385e+00,1.909106593005992225e-02
1.231937870943332625e+00,1.273620035369709136e-01
1.266706052936980686e+00,-2.950800491002980586e-02
1.266706052936980686e+00,-2.950800491002980586e-02
1.266706052936980686e+00,-2.950800491002980586e-02
1.266706052936980686e+00,-2.950800491002980586e-02
1.200639847919664494e+00,-4.189390073323176478e-02
1.232741027122246757e+00,1.112871651093605974e-01
1.232741027122246757e+00,1.112871651093605974e-01
1.279970080507230268e+00,5.391011593996969387e-02
1.279970080507230268e+00,5.391011593996969387e-02
1.289670908515701653e+00,4.444234194607808025e-02
1.289670908515701653e+00,4.444234194607808025e-02
1.289670908515701653e+00,4.444234194607808025e-02
1.147267529204279102e+00,1.009220938504388071e-01
1.101069272589133563e+00,-2.775704698891758027e-02
1.101069272589133563e+00,-2.775704698891758027e-02
1.101069272589133563e+00,-2.775704698891758027e-02
1.190915653140784736e+00,-1.420062109288250385e-01
1.190915653140784736e+00,-1.420062109288250385e-01
1.190915653140784736e+00,-1.420062109288250385e-01
1.208247839416124236e+00,1.059649334692613354e-01
1.226495810204758508e+00,9.852018002823634268e-03
1.226495810204758508e+00,9.852018002823634268e-03
1.226495810204758508e+00,9.852018002823634268e-03
1.226495810204758508e+00,9.852018002823634268e-03
1.226495810204758508e+00,9.852018002823634268e-03
1.226495810204758508e+00,9.852018002823634268e-03
1.296292926493620712e+00,6.776668164508276027e-02
1.296292926493620712e+00,6.776668164508276027e-02
1.296292926493620712e+00,6.776668164508276027e-02
1.337524945045586389e+00,-1.052512090349956020e-01
1.337524945045586389e+00,-1.052512090349956020e-01
1.337524945045586389e+00,-1.052512090349956020e-01
1.222500341115833722e+00,2.823192684177078249e-02
1.222500341115833722e+00,2.823192684177078249e-02
1.222500341115833722e+00,2.823192684177078249e-02
1.337421611083052131e+00,-1.648370439179119851e-02
1.337421611083052131e+00,-1.648370439179119851e-02
1.337421611083052131e+00,-1.648370439179119851e-02
1.337421611083052131e+00,-1.648370439179119851e-02
1.337421611083052131e+00,-1.648370439179119851e-02
1.337421611083052131e+00,-1.648370439179119851e-02
1.258675612228388863e+00,2.654817907484739031e-02
1.258675612228388863e+00,2.654817907484739031e-02
1.208257602045601287e+00,-1.959630844777479897e-01
1.208257602045601287e+00,-1.959630844777479897e-01
1.369609327836327939e+00,-5.806010782773532442e-02
1.369609327836327939e+00,-5.806010782773532442e-02
1.229825966287605876e+00,1.129759805698822839e-01
1.268695166629268956e+00,-6.542167929836498197e-02
1.268695166629268956e+00,-6.542167929836498197e-02
1.268695166629268956e+00,-6.542167929836498197e-02
1.186633242727689996e+00,5.887449935323059436e-02
1.102544137698529214e+00,5.084179182305706424e-03
1.102544137698529214e+00,5.084179182305706424e-03
1.166738519844671806e+00,5.650144114590627265e-02
1.126370290201892388e+00,3.784316442747298614e-02
1.181331345640891595e+00,1.583016180230148728e-01
1.181331345640891595e+00,1.583016180230148728e-01
1.426218836064263584e+00,1.190299002052247340e-01
1.300679316865475776e+00,2.951592161768490374e-02
1.300679316865475776e+00,2.951592161768490374e-02
1.300679316865475776e+00,2.951592161768490374e-02
1.300679316865475776e+00,2.951592161768490374e-02
1.282895240778869406e+00,3.422363636994640856e-02
1.282895240778869406e+00,3.422363636994640856e-02
1.282895240778869406e+00,3.422363636994640856e-02
1.282895240778869406e+00,3.422363636994640856e-02
1.282895240778869406e+00,3.422363636994640856e-02
1.282895240778869406e+00,3.422363636994640856e-02
1.282895240778869406e+00,3.422363636994640856e-02
1.125078540764559154e+00,-3.224574725856248214e-02
1.125078540764559154e+00,-3.224574725856248214e-02
1.125078540764559154e+00,-3.224574725856248214e-02
1.125078540764559154e+00,-3.224574725856248214e-02
1.125078540764559154e+00,-3.224574725856248214e-02
1.125078540764559154e+00,-3.224574725856248214e-02
1.211724949577445143e+00,-1.034736040358207182e-01
1.211724949577445143e+00,-1.034736040358207182e-01
1.178447674102874432e+00,-6.222158725133308810e-02
1.272153156184294920e+00,-7.960906937351999724e-02
1.210296440399184714e+00,-6.754254702188650095e-02
1.388210905467571754e+00,-3.153662569169648350e-02
1.388210905467571754e+00,-3.153662569169648350e-02
1.198846129988474285e+00,6.077337650106786476e-02
1.178301297616766607e+00,5.444418642765076755e-03
1.178301297616766607e+00,5.444418642765076755e-03
1.218110663044712050e+00,3.567021762038195820e-02
1.218110663044712050e+00,3.567021762038195820e-02
1.218110663044712050e+00,3.567021762038195820e-02
1.218110663044712050e+00,3.567021762038195820e-02
1.218110663044712050e+00,3.567021762038195820e-02
1.218110663044712050e+00,3.567021762038195820e-02
1.450247836372151378e+00,-1.397634637608528851e-02
1.450247836372151378e+00,-1.397634637608528851e-02
1.450247836372151378e+00,-1.397634637608528851e-02
1.236095861753201186e+00,-1.320678795777326629e-02
1.236095861753201186e+00,-1.320678795777326629e-02
1.236095861753201186e+00,-1.320678795777326629e-02
1.379046153485133264e+00,5.468083232715261616e-02
1.379046153485133264e+00,5.468083232715261616e-02
1.379046153485133264e+00,5.468083232715261616e-02
1.189485948704622764e+00,5.757765815430405942e-02
1.189485948704622764e+00,5.757765815430405942e-02
1.149245906837420339e+00,1.511321623067095332e-02
1.349838761277016186e+00,-2.326961648445463604e-02
1.366241259809276354e+00,-3.210695495041981234e-02
1.366241259809276354e+00,-3.210695495041981234e-02
1.366241259809276354e+00,-3.210695495041981234e-02
1.366241259809276354e+00,-3.210695495041981234e-02
1.366241259809276354e+00,-3.210695495041981234e-02
1.306908393464682794e+00,-1.119136854703914885e-01
1.306908393464682794e+00,-1.119136854703914885e-01
1.306908393464682794e+00,-1.119136854703914885e-01
1.306908393464682794e+00,-1.119136854703914885e-01
1.306908393464682794e+00,-1.119136854703914885e-01
1.370390326592257901e+00,-6.119664483486537965e-02
1.370390326592257901e+00,-6.119664483486537965e-02
1.370390326592257901e+00,-6.119664483486537965e-02
1.370390326592257901e+00,-6.119664483486537965e-02
1.291495805825606968e+00,-3.095852747333184204e-02
1.291495805825606968e+00,-3.095852747333184204e-02
1.310224807428644889e+00,-1.218382687938563969e-01
1.310224807428644889e+00,-1.218382687938563969e-01
1.310224807428644889e+00,-1.218382687938563969e-01
1.310224807428644889e+00,-1.218382687938563969e-01
1.310224807428644889e+00,-1.218382687938563969e-01
1.236582253977952517e+00,-1.802652352010090664e-01
1.236582253977952517e+00,-1.802652352010090664e-01
1.236582253977952517e+00,-1.802652352010090664e-01
1.111418092814386416e+00,-1.391726623356423498e-01
1.122220845118490073e+00,-1.391998858814738338e-01
1.295544625629480473e+00,2.479574310560739292e-02
1.295544625629480473e+00,2.479574310560739292e-02
1.295544625629480473e+00,2.479574310560739292e-02
1.295544625629480473e+00,2.479574310560739292e-02
1.163333081159713789e+00,1.456300062320037558e-01
1.163333081159713789e+00,1.456300062320037558e-01
1.405790342859801534e+00,1.646278646386716560e-01
1.405790342859801534e+00,1.646278646386716560e-01
1.335585283472731533e+00,1.973671329771074512e-01
1.335585283472731533e+00,1.973671329771074512e-01
1.281496580613351144e+00,3.400117634497927810e-01
1.281496580613351144e+00,3.400117634497927810e-01
1.469616646819774886e+00,1.501268976747533734e-01
1.355628995906966949e+00,1.562236406684608392e-02
1.352889128078311742e+00,-1.089290699580130056e-01
1.352889128078311742e+00,-1.089290699580130056e-01
1.475830427109356080e+00,1.663382225911218260e-02
1.413172591900127006e+00,-9.975703726855493503e-02
1.413172591900127006e+00,-9.975703726855493503e-02
1.393900571126569510e+00,1.365898774040227859e-01
1.273830708160825331e+00,1.028922223908510236e-01
1.273830708160825331e+00,1.028922223908510236e-01
1.342214425568664327e+00,1.377627786175145141e-02
1.342214425568664327e+00,1.377627786175145141e-02
1.342214425568664327e+00,1.377627786175145141e-02
1.224677051085415247e+00,6.337762787398969200e-03
1.224677051085415247e+00,6.337762787398969200e-03
1.224677051085415247e+00,6.337762787398969200e-03
1.224677051085415247e+00,6.337762787398969200e-03
1.224677051085415247e+00,6.337762787398969200e-03
1.128416270567239366e+00,4.594723016884925265e-02
1.229702048289485150e+00,-5.739375813620049144e-02
1.326420718449481173e+00,9.812287744716655102e-02
1.326420718449481173e+00,9.812287744716655102e-02
1.304629466697983631e+00,3.690061692990972975e-02
1.304629466697983631e+00,3.690061692990972975e-02
1.304629466697983631e+00,3.690061692990972975e-02
1.304629466697983631e+00,3.690061692990972975e-02
1.253968764482949583e+00,6.905340479210313187e-02
1.253968764482949583e+00,6.905340479210313187e-02
1.253968764482949583e+00,6.905340479210313187e-02
1.246040114711383762e+00,1.044736680781629540e-01
1.246040114711383762e+00,1.044736680781629540e-01
1.297540181662328429e+00,-2.259862746781539367e-02
1.285384984088248306e+00,7.340670579471356150e-02
1.333132850240590361e+00,-5.797332702574112262e-03
1.333132850240590361e+00,-5.797332702574112262e-03
1.340761267868597395e+00,-1.188924732991007184e-02
1.340761267868597395e+00,-1.188924732991007184e-02
1.340761267868597395e+00,-1.188924732991007184e-02
1.348980879496415541e+00,-4.038139737130830298e-02
1.325838761089771278e+00,-8.470536772658053548e-02
1.325838761089771278e+00,-8.470536772658053548e-02
1.325838761089771278e+00,-8.470536772658053548e-02
1.325838761089771278e+00,-8.470536772658053548e-02
1.325838761089771278e+00,-8.470536772658053548e-02
1.325838761089771278e+00,-8.470536772658053548e-02
1.325838761089771278e+00,-8.470536772658053548e-02
1.278887386339096377e+00,-2.140688344153933442e-02
1.278887386339096377e+00,-2.140688344153933442e-02
1.278887386339096377e+00,-2.140688344153933442e-02
1.278887386339096377e+00,-2.140688344153933442e-02
1.278887386339096377e+00,-2.140688344153933442e-02
1.214066216081823857e+00,-4.379009614000968498e-02
1.214066216081823857e+00,-4.379009614000968498e-02
1.214066216081823857e+00,-4.379009614000968498e-02
1.214066216081823857e+00,-4.379009614000968498e-02
1.214066216081823857e+00,-4.379009614000968498e-02
1.214066216081823857e+00,-4.379009614000968498e-02
1.214066216081823857e+00,-4.379009614000968498e-02
1.214066216081823857e+00,-4.379009614000968498e-02
1.194865520495087985e+00,-1.248915033957957027e-02
1.301500755872344817e+00,-9.797207570040836200e-02
1.301500755872344817e+00,-9.797207570040836200e-02
1.301500755872344817e+00,-9.797207570040836200e-02
1.057749433731885347e+00,6.139335441760465639e-02
1.057749433731885347e+00,6.139335441760465639e-02
1.057749433731885347e+00,6.139335441760465639e-02
1.057749433731885347e+00,6.139335441760465639e-02
1.056192503766712365e+00,-3.402466106526864931e-02
1.056192503766712365e+00,-3.402466106526864931e-02
1.182747059005145429e+00,3.916963570439760400e-03
1.182747059005145429e+00,3.916963570439760400e-03
1.134006265158474802e+00,6.845489606163615570e-02
1.079408895878216423e+00,-8.915826278555386009e-02
1.109343252299018534e+00,-1.398826732378781468e-02
1.109343252299018534e+00,-1.398826732378781468e-02
1.204197838972296708e+00,1.087717826312693814e-01
1.204197838972296708e+00,1.087717826312693814e-01
1.149910035088226090e+00,5.545724030944553656e-02
1.209098044002696160e+00,1.103233220235612100e-01
1.200864263888376415e+00,3.015962494605481381e-02
1.265466984918609539e+00,6.109850226381215166e-02
1.265466984918609539e+00,6.109850226381215166e-02
1.265466984918609539e+00,6.109850226381215166e-02
1.265466984918609539e+00,6.109850226381215166e-02
1.265466984918609539e+00,6.109850226381215166e-02
1.265466984918609539e+00,6.109850226381215166e-02
1.265466984918609539e+00,6.109850226381215166e-02
1.265466984918609539e+00,6.109850226381215166e-02
1.265466984918609539e+00,6.109850226381215166e-02
1.244293748648628961e+00,-3.733435534542473011e-03
1.244293748648628961e+00,-3.733435534542473011e-03
1.244293748648628961e+00,-3.733435534542473011e-03
1.244293748648628961e+00,-3.733435534542473011e-03
1.244293748648628961e+00,-3.733435534542473011e-03
1.177688058080331945e+00,1.662737396730799150e-02
1.177688058080331945e+00,1.662737396730799150e-02
1.327588946776898204e+00,3.156937531707542516e-02
1.236870156378839347e+00,-1.172543745979853502e-01
1.236870156378839347e+00,-1.172543745979853502e-01
1.236870156378839347e+00,-1.172543745979853502e-01
1.236870156378839347e+00,-1.172543745979853502e-01
1.236870156378839347e+00,-1.172543745979853502e-01
1.236870156378839347e+00,-1.172543745979853502e-01
1.308147482263935180e+00,1.685896641416037567e-02
1.249901053996968603e+00,-7.669910202847787795e-02
1.249901053996968603e+00,-7.669910202847787795e-02
1.356882337655990201e+00,-5.638366104200120965e-02
1.254340432553595175e+00,8.107187861402925799e-02
1.254340432553595175e+00,8.107187861402925799e-02
1.196877095969118621e+00,-4.619623176636072914e-02
1.232849779001428114e+00,-9.491242978174867229e-02
1.232849779001428114e+00,-9.491242978174867229e-02
1.171525107035378932e+00,-1.609074694418325957e-01
1.152288280781418095e+00,-1.848792500678927975e-02
1.152919335511450427e+00,2.143399605146926318e-02
1.335409735121820596e+00,9.194874866395136292e-02
1.335409735121820596e+00,9.194874866395136292e-02
1.335409735121820596e+00,9.194874866395136292e-02
1.277940510426895937e+00,1.109833257154652919e-01
1.277940510426895937e+00,1.109833257154652919e-01
1.277940510426895937e+00,1.109833257154652919e-01
1.297168292724667937e+00,-2.979412581556822870e-02
1.297168292724667937e+00,-2.979412581556822870e-02
1.297168292724667937e+00,-2.979412581556822870e-02
1.297168292724667937e+00,-2.979412581556822870e-02
1.255470102618819528e+00,-1.511104335833163004e-01
1.147774361245981423e+00,-1.425527991225186419e-01
1.165130867884622612e+00,1.097634703485358132e-01
1.349264938249979728e+00,-3.960707572575350444e-02
1.288147171207216335e+00,-1.066572891056191547e-01
1.366909932962508734e+00,-4.154776848062277650e-02
1.366909932962508734e+00,-4.154776848062277650e-02
1.366909932962508734e+00,-4.154776848062277650e-02
1.366909932962508734e+00,-4.154776848062277650e-02
1.366909932962508734e+00,-4.154776848062277650e-02
1.366909932962508734e+00,-4.154776848062277650e-02
1.251804779969658998e+00,-7.266531048371382973e-02
1.164364140459426267e+00,-1.633826270771625011e-01
1.233853899854625125e+00,-2.164908285095528961e-01
1.127359384171944034e+00,-2.083088387010689213e-01
1.206632818321610845e+00,-1.490498029632007504e-01
1.206632818321610845e+00,-1.490498029632007504e-01
1.168299840955175695e+00,-6.731292664571143780e-02
1.168299840955175695e+00,-6.731292664571143780e-02
1.168299840955175695e+00,-6.731292664571143780e-02
1.168299840955175695e+00,-6.731292664571143780e-02
1.168299840955175695e+00,-6.731292664571143780e-02
1.133940196664624978e+00,-7.577147293281800977e-03
1.178124672984420584e+00,1.388935836370814442e-02
1.178124672984420584e+00,1.388935836370814442e-02
1.294558823226003241e+00,-1.198249466131169061e-01
1.349437424238557393e+00,-1.501904823548081136e-01
1.069935556491830253e+00,-4.658518013193459206e-02
1.069935556491830253e+00,-4.658518013193459206e-02
1.069935556491830253e+00,-4.658518013193459206e-02
1.069935556491830253e+00,-4.658518013193459206e-02
1.069935556491830253e+00,-4.658518013193459206e-02
1.069935556491830253e+00,-4.658518013193459206e-02
1.087368768414445963e+00,-1.814073128842429439e-01
1.087368768414445963e+00,-1.814073128842429439e-01
1.087368768414445963e+00,-1.814073128842429439e-01
1.087368768414445963e+00,-1.814073128842429439e-01
1.087368768414445963e+00,-1.814073128842429439e-01
1.087368768414445963e+00,-1.814073128842429439e-01
1.057656139269884221e+00,-2.787242604932486101e-01
1.057656139269884221e+00,-2.787242604932486101e-01
1.057656139269884221e+00,-2.787242604932486101e-01
9.707090952839628750e-01,-5.305905632072710487e-02
1.197986333566947170e+00,-2.008722623569495214e-01
1.062645581852243559e+00,2.036456699254985125e-01
9.799962413987568510e-01,2.242325606992666698e-01
9.799962413987568510e-01,2.242325606992666698e-01
9.799962413987568510e-01,2.242325606992666698e-01
1.198181919590307620e+00,1.844348871142323931e-01
1.198181919590307620e+00,1.844348871142323931e-01
1.256602041533786407e+00,1.893880055530878515e-01
1.256602041533786407e+00,1.893880055530878515e-01
1.256602041533786407e+00,1.893880055530878515e-01
1.256602041533786407e+00,1.893880055530878515e-01
1.256602041533786407e+00,1.893880055530878515e-01
1.256602041533786407e+00,1.893880055530878515e-01
1.256602041533786407e+00,1.893880055530878515e-01
1.256602041533786407e+00,1.893880055530878515e-01
1.256602041533786407e+00,1.893880055530878515e-01
1.256602041533786407e+00,1.893880055530878515e-01
1.256602041533786407e+00,1.893880055530878515e-01
1.256602041533786407e+00,1.893880055530878515e-01
1.256780862937396659e+00,1.702217348620324311e-01
1.158753281526890389e+00,1.665713883064282030e-02
1.158753281526890389e+00,1.665713883064282030e-02
1.221689191787556750e+00,1.281968839113562519e-01
1.221689191787556750e+00,1.281968839113562519e-01
1.221689191787556750e+00,1.281968839113562519e-01
1.221689191787556750e+00,1.281968839113562519e-01
1.221689191787556750e+00,1.281968839113562519e-01
1.221689191787556750e+00,1.281968839113562519e-01
1.221689191787556750e+00,1.281968839113562519e-01
1.221689191787556750e+00,1.281968839113562519e-01
1.221689191787556750e+00,1.281968839113562519e-01
1.372190050765956126e+00,2.095607083387162617e-01
1.372190050765956126e+00,2.095607083387162617e-01
1.383906952223328934e+00,1.782552188469285759e-01
1.227858173049785506e+00,1.742931471016206102e-01
1.203586817061217618e+00,9.825781570360529737e-02
1.203586817061217618e+00,9.825781570360529737e-02
1.203586817061217618e+00,9.825781570360529737e-02
1.203586817061217618e+00,9.825781570360529737e-02
1.170872217926168357e+00,-4.645188783487409767e-02
1.120625049736136969e+00,-4.735966790962051892e-02
1.254381387729164521e+00,-4.157100333722648505e-02
1.254381387729164521e+00,-4.157100333722648505e-02
1.254381387729164521e+00,-4.157100333722648505e-02
1.269914460406076806e+00,-3.876602935032598396e-02
1.308867794852449640e+00,-5.647553349414389384e-02
1.308867794852449640e+00,-5.647553349414389384e-02
1.308867794852449640e+00,-5.647553349414389384e-02
1.308867794852449640e+00,-5.647553349414389384e-02
1.308867794852449640e+00,-5.647553349414389384e-02
1.308867794852449640e+00,-5.647553349414389384e-02
1.308867794852449640e+00,-5.647553349414389384e-02
1.308867794852449640e+00,-5.647553349414389384e-02
1.308867794852449640e+00,-5.647553349414389384e-02
1.308867794852449640e+00,-5.647553349414389384e-02
1.308867794852449640e+00,-5.647553349414389384e-02
1.308867794852449640e+00,-5.647553349414389384e-02
1.308867794852449640e+00,-5.647553349414389384e-02
1.324424563792391485e+00,1.235237574571497465e-01
1.473137655173704763e+00,3.871465938404757001e-02
1.473137655173704763e+00,3.871465938404757001e-02
1.313731091408548712e+00,1.475449927041103115e-01
1.434788520479481022e+00,8.930455816500565414e-02
1.434788520479481022e+00,8.930455816500565414e-02
1.434788520479481022e+00,8.930455816500565414e-02
1.434788520479481022e+00,8.930455816500565414e-02
1.434788520479481022e+00,8.930455816500565414e-02
1.434788520479481022e+00,8.930455816500565414e-02
1.536771560284568627e+00,2.557772609814236431e-02
1.533609992703606428e+00,9.590850859507893400e-02
1.533609992703606428e+00,9.590850859507893400e-02
1.533609992703606428e+00,9.590850859507893400e-02
1.533609992703606428e+00,9.590850859507893400e-02
1.351699502451067847e+00,-1.595084722051792747e-02
1.351699502451067847e+00,-1.595084722051792747e-02
1.337056599408031676e+00,9.393317054681907252e-02
1.337056599408031676e+00,9.393317054681907252e-02
1.337056599408031676e+00,9.393317054681907252e-02
1.337056599408031676e+00,9.393317054681907252e-02
1.337056599408031676e+00,9.393317054681907252e-02
1.337056599408031676e+00,9.393317054681907252e-02
1.337056599408031676e+00,9.393317054681907252e-02
1.224828686855933269e+00,4.291813199102585685e-02
1.224828686855933269e+00,4.291813199102585685e-02
1.224828686855933269e+00,4.291813199102585685e-02
1.224828686855933269e+00,4.291813199102585685e-02
1.322714477755990714e+00,3.771022835616491542e-02
1.322714477755990714e+00,3.771022835616491542e-02
1.322714477755990714e+00,3.771022835616491542e-02
1.322714477755990714e+00,3.771022835616491542e-02
1.322714477755990714e+00,3.771022835616491542e-02
1.322714477755990714e+00,3.771022835616491542e-02
1.322714477755990714e+00,3.771022835616491542e-02
1.322714477755990714e+00,3.771022835616491542e-02
1.322714477755990714e+00,3.771022835616491542e-02
1.322714477755990714e+00,3.771022835616491542e-02
1.322714477755990714e+00,3.771022835616491542e-02
1.322714477755990714e+00,3.771022835616491542e-02
1.322714477755990714e+00,3.771022835616491542e-02
1.421471131254273379e+00,-6.036162386977629579e-02
1.320596517454400765e+00,4.036616888587460372e-03
1.320596517454400765e+00,4.036616888587460372e-03
1.320596517454400765e+00,4.036616888587460372e-03
1.320596517454400765e+00,4.036616888587460372e-03
1.320596517454400765e+00,4.036616888587460372e-03
1.098967060676241836e+00,-7.981736494085635292e-02
1.098967060676241836e+00,-7.981736494085635292e-02
1.098967060676241836e+00,-7.981736494085635292e-02
1.291507296252774273e+00,-1.740034036860961808e-01
1.291507296252774273e+00,-1.740034036860961808e-01
1.291507296252774273e+00,-1.740034036860961808e-01
1.097066906778733308e+00,-1.500851621402490566e-01
1.236333354249676164e+00,-1.431981970812121197e-01
1.236333354249676164e+00,-1.431981970812121197e-01
1.236333354249676164e+00,-1.431981970812121197e-01
1.281390247109243985e+00,-4.925475173822389807e-02
1.281390247109243985e+00,-4.925475173822389807e-02
1.411330710552942014e+00,-6.293024305321601175e-02
1.411330710552942014e+00,-6.293024305321601175e-02
1.411330710552942014e+00,-6.293024305321601175e-02
1.411330710552942014e+00,-6.293024305321601175e-02
1.411330710552942014e+00,-6.293024305321601175e-02
1.411330710552942014e+00,-6.293024305321601175e-02
1.427548576199497932e+00,5.277468397205452300e-02
1.427548576199497932e+00,5.277468397205452300e-02
1.276225940693918037e+00,-7.019809726944867267e-02
1.276225940693918037e+00,-7.019809726944867267e-02
1.276225940693918037e+00,-7.019809726944867267e-02
1.276225940693918037e+00,-7.019809726944867267e-02
1.276225940693918037e+00,-7.019809726944867267e-02
1.276225940693918037e+00,-7.019809726944867267e-02
1.276225940693918037e+00,-7.019809726944867267e-02
1.276225940693918037e+00,-7.019809726944867267e-02
1.307181032515033481e+00,-1.170245895665732866e-02
1.242861570356093015e+00,4.405578303212574071e-02
1.241547009418533243e+00,2.049186862032897904e-02
1.241547009418533243e+00,2.049186862032897904e-02
1.241547009418533243e+00,2.049186862032897904e-02
1.281406763173760233e+00,2.073885641137804270e-02
1.281406763173760233e+00,2.073885641137804270e-02
1.281406763173760233e+00,2.073885641137804270e-02
1.290534786054629235e+00,-1.428245860243431559e-02
1.270262551110654448e+00,2.909324214499772743e-02
1.270262551110654448e+00,2.909324214499772743e-02
1.270262551110654448e+00,2.909324214499772743e-02
1.270262551110654448e+00,2.909324214499772743e-02
1.285208518977295489e+00,3.799079488716244901e-03
1.168087728249467272e+00,1.241804697097896454e-01
1.385453077090337271e+00,1.241731543634660984e-01
1.248205860175954252e+00,-6.694896763981100785e-02
1.248205860175954252e+00,-6.694896763981100785e-02
1.248205860175954252e+00,-6.694896763981100785e-02
1.248205860175954252e+00,-6.694896763981100785e-02
1.248205860175954252e+00,-6.694896763981100785e-02
1.248205860175954252e+00,-6.694896763981100785e-02
1.248205860175954252e+00,-6.694896763981100785e-02
1.248205860175954252e+00,-6.694896763981100785e-02
1.248205860175954252e+00,-6.694896763981100785e-02
1.325648354798143913e+00,6.139591554101997417e-02
1.325648354798143913e+00,6.139591554101997417e-02
1.325648354798143913e+00,6.139591554101997417e-02
1.206145709809040678e+00,1.599513923356615797e-01
1.206145709809040678e+00,1.599513923356615797e-01
1.206145709809040678e+00,1.599513923356615797e-01
1.206145709809040678e+00,1.599513923356615797e-01
1.377230163197903146e+00,1.071364128784564884e-01
1.288540282161244610e+00,-4.963026764325373374e-02
1.288540282161244610e+00,-4.963026764325373374e-02
1.288540282161244610e+00,-4.963026764325373374e-02
1.361567877036844454e+00,4.449713521885312328e-02
1.361567877036844454e+00,4.449713521885312328e-02
1.361567877036844454e+00,4.449713521885312328e-02
1.260182863233221040e+00,-6.642957344843905543e-02
1.265243988649220830e+00,-4.279603898074064994e-02
1.265243988649220830e+00,-4.279603898074064994e-02
1.274629728561774034e+00,-1.417194365067294126e-01
1.355955896662458748e+00,-1.001954344439830447e-01
1.343012811140241514e+00,-1.448727860967537195e-02
1.306671486660269776e+00,-4.779302185270715292e-02
1.306671486660269776e+00,-4.779302185270715292e-02
1.306671486660269776e+00,-4.779302185270715292e-02
1.306671486660269776e+00,-4.779302185270715292e-02
1.306671486660269776e+00,-4.779302185270715292e-02
1.278730487595456600e+00,-3.600694089338178638e-02
1.278730487595456600e+00,-3.600694089338178638e-02
1.247808165880183395e+00,-1.341417333209483920e-02
1.247808165880183395e+00,-1.341417333209483920e-02
1.247808165880183395e+00,-1.341417333209483920e-02
1.247808165880183395e+00,-1.341417333209483920e-02
1.239987314992694323e+00,1.298264725611711357e-02
1.239987314992694323e+00,1.298264725611711357e-02
1.340426656012244422e+00,1.107296845601131799e-02
1.440177505450770168e+00,2.574220144137151500e-02
1.495848680766822536e+00,-1.301418519470643742e-01
1.495848680766822536e+00,-1.301418519470643742e-01
1.495848680766822536e+00,-1.301418519470643742e-01
1.495848680766822536e+00,-1.301418519470643742e-01
1.495848680766822536e+00,-1.301418519470643742e-01
1.495848680766822536e+00,-1.301418519470643742e-01
1.495848680766822536e+00,-1.301418519470643742e-01
1.495848680766822536e+00,-1.301418519470643742e-01
1.495848680766822536e+00,-1.301418519470643742e-01
1.495848680766822536e+00,-1.301418519470643742e-01
1.495848680766822536e+00,-1.301418519470643742e-01
1.495848680766822536e+00,-1.301418519470643742e-01
1.495848680766822536e+00,-1.301418519470643742e-01
1.355913322592166015e+00,-8.895657382438350302e-02
1.214150285520351202e+00,-2.200702520972252496e-01
1.331783178296039871e+00,-5.186257016377546214e-02
1.331783178296039871e+00,-5.186257016377546214e-02
1.331783178296039871e+00,-5.186257016377546214e-02
1.331783178296039871e+00,-5.186257016377546214e-02
1.331783178296039871e+00,-5.186257016377546214e-02
1.331783178296039871e+00,-5.186257016377546214e-02
1.331783178296039871e+00,-5.186257016377546214e-02
1.227602666467517034e+00,-1.585959866449795641e-01
1.178374969329728517e+00,-1.979312827799207808e-01
1.178374969329728517e+00,-1.979312827799207808e-01
1.178374969329728517e+00,-1.979312827799207808e-01
1.178374969329728517e+00,-1.979312827799207808e-01
1.178374969329728517e+00,-1.979312827799207808e-01
1.342830075307758886e+00,-2.464444490128045451e-02
1.390455662127686232e+00,-8.414202420890068423e-02
1.187103890264806783e+00,5.037264042378966633e-02
1.187103890264806783e+00,5.037264042378966633e-02
1.187103890264806783e+00,5.037264042378966633e-02
1.187103890264806783e+00,5.037264042378966633e-02
1.315544986002979533e+00,4.208465072639347437e-02
1.315544986002979533e+00,4.208465072639347437e-02
1.315544986002979533e+00,4.208465072639347437e-02
1.315544986002979533e+00,4.208465072639347437e-02
1.315544986002979533e+00,4.208465072639347437e-02
1.315544986002979533e+00,4.208465072639347437e-02
1.361752698266320838e+00,1.296970991188786670e-01
1.389001713506852198e+00,3.330620156610622495e-02
1.261063934285458599e+00,-4.540757347970518498e-02
1.191177923637969593e+00,1.286882496933842990e-02
1.191177923637969593e+00,1.286882496933842990e-02
1.191177923637969593e+00,1.286882496933842990e-02
1.282729202297433924e+00,3.948936476861363704e-02
1.282729202297433924e+00,3.948936476861363704e-02
1.282729202297433924e+00,3.948936476861363704e-02
1.282729202297433924e+00,3.948936476861363704e-02
1.315024534419409585e+00,6.733275910179301049e-02
1.315024534419409585e+00,6.733275910179301049e-02
1.315024534419409585e+00,6.733275910179301049e-02
1.315024534419409585e+00,6.733275910179301049e-02
1.315024534419409585e+00,6.733275910179301049e-02
1.315024534419409585e+00,6.733275910179301049e-02
1.281891876228605565e+00,-2.742320969790115748e-02
1.281891876228605565e+00,-2.742320969790115748e-02
1.281891876228605565e+00,-2.742320969790115748e-02
1.281891876228605565e+00,-2.742320969790115748e-02
1.281891876228605565e+00,-2.742320969790115748e-02
1.256876366596807904e+00,-9.761631982750940129e-02
1.256876366596807904e+00,-9.761631982750940129e-02
1.256876366596807904e+00,-9.761631982750940129e-02
1.256876366596807904e+00,-9.761631982750940129e-02
1.256876366596807904e+00,-9.761631982750940129e-02
1.209060385998419473e+00,-4.002885653343921796e-02
1.209060385998419473e+00,-4.002885653343921796e-02
1.181527904571731735e+00,-7.095724687806995168e-02
1.181527904571731735e+00,-7.095724687806995168e-02
1.181527904571731735e+00,-7.095724687806995168e-02
1.181527904571731735e+00,-7.095724687806995168e-02
1.198210502533161748e+00,3.953723646317196250e-02
1.198210502533161748e+00,3.953723646317196250e-02
1.198210502533161748e+00,3.953723646317196250e-02
1.242110147958486621e+00,4.154943943060138839e-02
1.168359268226929704e+00,4.193787607765119690e-02
1.071379517975728168e+00,5.919741436728127859e-02
1.064657737649182145e+00,2.184609586800235204e-01
1.064657737649182145e+00,2.184609586800235204e-01
1.094176998944777157e+00,1.969889080508135382e-01
9.099506240672000645e-01,8.232862663718661100e-02
9.861745087080417971e-01,1.307253122817432778e-01
9.932327623388926829e-01,5.358036643478052141e-02
1.135908673354475873e+00,-1.292511716301487090e-01
1.135908673354475873e+00,-1.292511716301487090e-01
1.135908673354475873e+00,-1.292511716301487090e-01
1.135908673354475873e+00,-1.292511716301487090e-01
1.135908673354475873e+00,-1.292511716301487090e-01
1.149028876417937717e+00,-7.993902448014328366e-02
1.234614060573532068e+00,8.087606140915312714e-02
1.234614060573532068e+00,8.087606140915312714e-02
1.234614060573532068e+00,8.087606140915312714e-02
1.234614060573532068e+00,8.087606140915312714e-02
1.277002522785823269e+00,1.031424776614150302e-01
1.357889618969555956e+00,4.840109582395002441e-03
1.357889618969555956e+00,4.840109582395002441e-03
1.282027807720061974e+00,-8.036362540540160915e-02
1.282027807720061974e+00,-8.036362540540160915e-02
1.400696896681203230e+00,-1.234850624123184776e-01
1.307823901003819067e+00,-1.190335321840101240e-01
1.307823901003819067e+00,-1.190335321840101240e-01
1.409510291555491346e+00,-7.145982978746537317e-03
1.409510291555491346e+00,-7.145982978746537317e-03
1.409510291555491346e+00,-7.145982978746537317e-03
1.409510291555491346e+00,-7.145982978746537317e-03
1.420827461808230607e+00,2.304480863681663272e-01
1.420827461808230607e+00,2.304480863681663272e-01
1.239093372733549359e+00,8.645004213701640294e-02
1.239093372733549359e+00,8.645004213701640294e-02
1.183931171326574994e+00,8.742928683385442490e-03
1.183931171326574994e+00,8.742928683385442490e-03
1.183931171326574994e+00,8.742928683385442490e-03
1.080524180915274579e+00,1.643891003032771636e-01
1.080524180915274579e+00,1.643891003032771636e-01
1.080524180915274579e+00,1.643891003032771636e-01
1.109218196606515550e+00,2.201768621962175432e-01
1.109218196606515550e+00,2.201768621962175432e-01
1.063367848090417622e+00,-4.824477055371592660e-02
9.413865071724316635e-01,-1.295912983051269451e-01
9.413865071724316635e-01,-1.295912983051269451e-01
1.091913255140636307e+00,-3.396051442121504893e-01
1.091913255140636307e+00,-3.396051442121504893e-01
1.091913255140636307e+00,-3.396051442121504893e-01
1.056843014507764744e+00,-1.892449629153366841e-01
1.035753147115601625e+00,-1.705883850172912053e-01
1.035753147115601625e+00,-1.705883850172912053e-01
1.020384070187031700e+00,-1.211027070278852258e-01
1.020384070187031700e+00,-1.211027070278852258e-01
1.154334581214790934e+00,-2.179928133847765237e-02
1.154334581214790934e+00,-2.179928133847765237e-02
1.154334581214790934e+00,-2.179928133847765237e-02
1.154334581214790934e+00,-2.179928133847765237e-02
1.154334581214790934e+00,-2.179928133847765237e-02
1.154334581214790934e+00,-2.179928133847765237e-02
1.154334581214790934e+00,-2.179928133847765237e-02
1.226795158743124947e+00,9.518833356632765141e-02
1.226795158743124947e+00,9.518833356632765141e-02
1.266121381242978128e+00,-1.239465555282219106e-01
1.368348456467384677e+00,-6.074719166487356492e-02
1.368348456467384677e+00,-6.074719166487356492e-02
1.368348456467384677e+00,-6.074719166487356492e-02
1.206501440620815657e+00,1.472959550626674607e-01
1.206501440620815657e+00,1.472959550626674607e-01
1.271225714822911357e+00,1.419901011407375679e-01
1.271225714822911357e+00,1.419901011407375679e-01
1.271225714822911357e+00,1.419901011407375679e-01
1.271225714822911357e+00,1.419901011407375679e-01
1.343521259425275005e+00,6.044406616116027031e-02
1.318132270709301057e+00,1.122000390158952449e-01
1.318132270709301057e+00,1.122000390158952449e-01
1.318132270709301057e+00,1.122000390158952449e-01
1.329739550848500151e+00,7.436887839487008045e-02
1.325507099452467363e+00,2.606634386110055074e-02
1.352602557064331412e+00,-9.703240572281757181e-02
1.352602557064331412e+00,-9.703240572281757181e-02
1.212309073143333693e+00,-1.757676123573055360e-01
1.287563130716874449e+00,-8.367410074818990018e-02
1.210523193897906635e+00,2.378648667765646818e-02
1.173428527072323035e+00,-7.122920487309694626e-02
1.283930517376585811e+00,-7.755776078953917352e-02
1.283930517376585811e+00,-7.755776078953917352e-02
1.283930517376585811e+00,-7.755776078953917352e-02
1.332329433197227964e+00,-8.975532401856226028e-02
1.332329433197227964e+00,-8.975532401856226028e-02
1.208868039669636074e+00,2.434510359249621725e-01
1.215568030263551647e+00,-6.005255266754619403e-02
1.215568030263551647e+00,-6.005255266754619403e-02
1.215568030263551647e+00,-6.005255266754619403e-02
1.215568030263551647e+00,-6.005255266754619403e-02
1.326779059534980210e+00,-8.728584672416939139e-03
1.326779059534980210e+00,-8.728584672416939139e-03
1.177106518734821750e+00,-3.048638246098171571e-03
1.177106518734821750e+00,-3.048638246098171571e-03
1.177106518734821750e+00,-3.048638246098171571e-03
1.177106518734821750e+00,-3.048638246098171571e-03
1.177106518734821750e+00,-3.048638246098171571e-03
1.177106518734821750e+00,-3.048638246098171571e-03
1.258156848300396646e+00,1.395674620713387992e-01
1.258156848300396646e+00,1.395674620713387992e-01
1.368837749586331087e+00,8.163395546636244282e-02
1.368837749586331087e+00,8.163395546636244282e-02
1.158372717148577369e+00,9.917075063108835020e-02
1.158372717148577369e+00,9.917075063108835020e-02
1.158372717148577369e+00,9.917075063108835020e-02
1.123988108179404311e+00,1.221079566356918777e-01
1.162439091902073285e+00,-6.847279217652604832e-02
1.113110124002847812e+00,-1.086988111516912214e-01
1.159530759595191141e+00,-1.335534101626940640e-01
1.050737961202581339e+00,-7.557265889021813621e-02
1.050737961202581339e+00,-7.557265889021813621e-02
1.050737961202581339e+00,-7.557265889021813621e-02
1.050737961202581339e+00,-7.557265889021813621e-02
1.050737961202581339e+00,-7.557265889021813621e-02
1.050737961202581339e+00,-7.557265889021813621e-02
1.088857337326122554e+00,2.454351009947729201e-02
1.088857337326122554e+00,2.454351009947729201e-02
1.088857337326122554e+00,2.454351009947729201e-02
1.088857337326122554e+00,2.454351009947729201e-02
1.088857337326122554e+00,2.454351009947729201e-02
1.072133848918380927e+00,-1.756004946587053084e-01
1.077409039143051972e+00,-1.517801255441125763e-03
1.342280758768851001e+00,-9.195926766579269607e-02
1.342280758768851001e+00,-9.195926766579269607e-02
1.342280758768851001e+00,-9.195926766579269607e-02
1.336609961932488488e+00,4.171040955857711896e-02
1.288530320436464649e+00,-5.393415721704922228e-02
1.133723722176728010e+00,-1.586867642377665782e-02
1.133723722176728010e+00,-1.586867642377665782e-02
1.373122394672068980e+00,-1.166567924315690674e-01
1.275403580660464220e+00,-8.395645260714708347e-02
1.275403580660464220e+00,-8.395645260714708347e-02
1.177413606152520442e+00,-2.423804608976305036e-02
1.177413606152520442e+00,-2.423804608976305036e-02
1.177413606152520442e+00,-2.423804608976305036e-02
1.177413606152520442e+00,-2.423804608976305036e-02
1.177413606152520442e+00,-2.423804608976305036e-02
1.177413606152520442e+00,-2.423804608976305036e-02
1.177413606152520442e+00,-2.423804608976305036e-02
1.177413606152520442e+00,-2.423804608976305036e-02
1.177413606152520442e+00,-2.423804608976305036e-02
1.177413606152520442e+00,-2.423804608976305036e-02
1.177413606152520442e+00,-2.423804608976305036e-02
1.177413606152520442e+00,-2.423804608976305036e-02
1.177413606152520442e+00,-2.423804608976305036e-02
1.177413606152520442e+00,-2.423804608976305036e-02
1.177413606152520442e+00,-2.423804608976305036e-02
1.177413606152520442e+00,-2.423804608976305036e-02
1.173677821160886259e+00,-1.026630095249687902e-01
1.262844527700570429e+00,9.863332101114069550e-02
1.262844527700570429e+00,9.863332101114069550e-02
1.262844527700570429e+00,9.863332101114069550e-02
1.080976822201202170e+00,-2.431958518188601093e-03
1.080976822201202170e+00,-2.431958518188601093e-03
1.080976822201202170e+00,-2.431958518188601093e-03
1.080976822201202170e+00,-2.431958518188601093e-03
1.080976822201202170e+00,-2.431958518188601093e-03
1.044712688007994883e+00,4.068324771499783749e-02
1.044712688007994883e+00,4.068324771499783749e-02
1.158907693850713683e+00,-4.229173813500496787e-02
1.158907693850713683e+00,-4.229173813500496787e-02
1.158907693850713683e+00,-4.229173813500496787e-02
1.158907693850713683e+00,-4.229173813500496787e-02
1.158907693850713683e+00,-4.229173813500496787e-02
1.158907693850713683e+00,-4.229173813500496787e-02
1.138822161767661711e+00,3.678495919769845385e-02
1.181657321955676965e+00,-1.269292925249993764e-01
1.373381515688771204e+00,3.818311881130792562e-02
1.373381515688771204e+00,3.818311881130792562e-02
1.373381515688771204e+00,3.818311881130792562e-02
1.373381515688771204e+00,3.818311881130792562e-02
1.373381515688771204e+00,3.818311881130792562e-02
1.373381515688771204e+00,3.818311881130792562e-02
1.373381515688771204e+00,3.818311881130792562e-02
1.402972843451158136e+00,6.993803418112269632e-02
1.372782628530551996e+00,1.754327552186577682e-02
1.372782628530551996e+00,1.754327552186577682e-02
1.372782628530551996e+00,1.754327552186577682e-02
1.372782628530551996e+00,1.754327552186577682e-02
1.372782628530551996e+00,1.754327552186577682e-02
1.372782628530551996e+00,1.754327552186577682e-02
1.372782628530551996e+00,1.754327552186577682e-02
1.206762357610749570e+00,-4.402715159370266390e-02
1.121259819012558223e+00,-6.956578342816388538e-02
1.368844173626914129e+00,6.630679004848835656e-02
1.327940092463782085e+00,1.758207729157686972e-01
1.385855564660370076e+00,1.181162882331369957e-01
1.385855564660370076e+00,1.181162882331369957e-01
1.100814636410829994e+00,6.095721779775088028e-02
1.173003949820017766e+00,-1.268781781388568231e-01
1.196659441834615478e+00,-5.924982989184970905e-02
1.106022680700831984e+00,-1.622685898756838774e-01
1.149453282538412724e+00,-2.161561138446382313e-01
1.085427879430335807e+00,-6.839153097000894022e-02
1.085427879430335807e+00,-6.839153097000894022e-02
1.236608766549689875e+00,3.347058607535700891e-02
1.310724980194363898e+00,5.393878994290943196e-02
1.310724980194363898e+00,5.393878994290943196e-02
1.310724980194363898e+00,5.393878994290943196e-02
1.310724980194363898e+00,5.393878994290943196e-02
1.310724980194363898e+00,5.393878994290943196e-02
1.205593657314495859e+00,8.524721201674935467e-02
1.205593657314495859e+00,8.524721201674935467e-02
1.060070243400587309e+00,2.660023838533534524e-02
1.168648642211887356e+00,5.911350409844424308e-02
1.215789822650258367e+00,-5.731458524663492898e-02
1.215789822650258367e+00,-5.731458524663492898e-02
1.215789822650258367e+00,-5.731458524663492898e-02
1.215789822650258367e+00,-5.731458524663492898e-02
1.215789822650258367e+00,-5.731458524663492898e-02
1.459419539157079004e+00,-6.896134862053766856e-02
1.459419539157079004e+00,-6.896134862053766856e-02
1.459419539157079004e+00,-6.896134862053766856e-02
1.459419539157079004e+00,-6.896134862053766856e-02
1.466313962254808256e+00,5.848995039165903742e-02
1.466313962254808256e+00,5.848995039165903742e-02
1.466313962254808256e+00,5.848995039165903742e-02
1.466313962254808256e+00,5.848995039165903742e-02
1.270482253459048527e+00,1.098224328750991297e-01
1.270482253459048527e+00,1.098224328750991297e-01
1.270482253459048527e+00,1.098224328750991297e-01
1.223243223913324185e+00,6.547375272624811338e-02
1.223243223913324185e+00,6.547375272624811338e-02
1.223243223913324185e+00,6.547375272624811338e-02
1.366030363881579168e+00,-3.236507900768223478e-03
1.268799283891146601e+00,-2.126976170863871252e-01
1.343184508648437081e+00,1.763467396862495873e-01
1.444712973900650343e+00,3.921946464892739348e-02
1.488763532998176542e+00,4.915306579057943104e-02
1.488763532998176542e+00,4.915306579057943104e-02
1.488763532998176542e+00,4.915306579057943104e-02
1.488763532998176542e+00,4.915306579057943104e-02
1.488763532998176542e+00,4.915306579057943104e-02
1.488763532998176542e+00,4.915306579057943104e-02
1.251062098422306645e+00,1.769496296162285098e-01
1.437164421575902296e+00,1.067863597138761361e-01
1.239689469931303245e+00,-5.219651985943860040e-03
1.239689469931303245e+00,-5.219651985943860040e-03
1.239689469931303245e+00,-5.219651985943860040e-03
1.239689469931303245e+00,-5.219651985943860040e-03
1.239689469931303245e+00,-5.219651985943860040e-03
1.211636816781948900e+00,7.491009515396505891e-02
1.211636816781948900e+00,7.491009515396505891e-02
1.301031238110119226e+00,2.846433786022140033e-02
1.301031238110119226e+00,2.846433786022140033e-02
1.301031238110119226e+00,2.846433786022140033e-02
1.301031238110119226e+00,2.846433786022140033e-02
1.301031238110119226e+00,2.846433786022140033e-02
1.301031238110119226e+00,2.846433786022140033e-02
1.278988743745399947e+00,1.254305051413062005e-02
1.278988743745399947e+00,1.254305051413062005e-02
1.378617848803343815e+00,1.148606936080648067e-01
1.431583622099062536e+00,5.842865900460851580e-02
1.431583622099062536e+00,5.842865900460851580e-02
1.431583622099062536e+00,5.842865900460851580e-02
1.431583622099062536e+00,5.842865900460851580e-02
1.431583622099062536e+00,5.842865900460851580e-02
1.431583622099062536e+00,5.842865900460851580e-02
1.309131467728569920e+00,2.242372600138138883e-01
1.309131467728569920e+00,2.242372600138138883e-01
1.309131467728569920e+00,2.242372600138138883e-01
1.309131467728569920e+00,2.242372600138138883e-01
1.047935964047272073e+00,1.246327188899046673e-01
1.047935964047272073e+00,1.246327188899046673e-01
9.996871687828865483e-01,4.633992447477354448e-02
9.996871687828865483e-01,4.633992447477354448e-02
9.996871687828865483e-01,4.633992447477354448e-02
1.216361062637724810e+00,-9.084444497752099112e-02
1.234322903846803099e+00,-8.278163611578735759e-02
1.234322903846803099e+00,-8.278163611578735759e-02
1.146859688361746121e+00,-5.589011879106041414e-02
1.146859688361746121e+00,-5.589011879106041414e-02
1.146859688361746121e+00,-5.589011879106041414e-02
1.146859688361746121e+00,-5.589011879106041414e-02
1.146859688361746121e+00,-5.589011879106041414e-02
1.146859688361746121e+00,-5.589011879106041414e-02
1.146859688361746121e+00,-5.589011879106041414e-02
1.208506428752801565e+00,5.206082168270835531e-02
1.208506428752801565e+00,5.206082168270835531e-02
1.208506428752801565e+00,5.206082168270835531e-02
1.208506428752801565e+00,5.206082168270835531e-02
1.208506428752801565e+00,5.206082168270835531e-02
1.208506428752801565e+00,5.206082168270835531e-02
1.208506428752801565e+00,5.206082168270835531e-02
1.208506428752801565e+00,5.206082168270835531e-02
1.208506428752801565e+00,5.206082168270835531e-02
1.208506428752801565e+00,5.206082168270835531e-02
1.221120561992545372e+00,7.946106542018044339e-02
1.061938357363396035e+00,1.094586904265105465e-01
1.170237064684021888e+00,-5.153518524981706705e-02
1.170237064684021888e+00,-5.153518524981706705e-02
1.170237064684021888e+00,-5.153518524981706705e-02
1.170237064684021888e+00,-5.153518524981706705e-02
1.237912685115756473e+00,9.830474057456731196e-02
1.237912685115756473e+00,9.830474057456731196e-02
1.237912685115756473e+00,9.830474057456731196e-02
1.237912685115756473e+00,9.830474057456731196e-02
1.237912685115756473e+00,9.830474057456731196e-02
1.214800785018759210e+00,1.761118129394192988e-01
1.214800785018759210e+00,1.761118129394192988e-01
1.214800785018759210e+00,1.761118129394192988e-01
1.214800785018759210e+00,1.761118129394192988e-01
1.214800785018759210e+00,1.761118129394192988e-01
1.211289768588365234e+00,4.430153263289191012e-02
1.211289768588365234e+00,4.430153263289191012e-02
1.211289768588365234e+00,4.430153263289191012e-02
1.211289768588365234e+00,4.430153263289191012e-02
1.211289768588365234e+00,4.430153263289191012e-02
1.211289768588365234e+00,4.430153263289191012e-02
1.185207347013055301e+00,1.210434909157940692e-01
1.214299048638350476e+00,-1.158611520956430441e-02
1.303963420211066371e+00,-3.052830635714575899e-03
1.303963420211066371e+00,-3.052830635714575899e-03
1.159486344006079861e+00,-6.608957838681285557e-02
1.159486344006079861e+00,-6.608957838681285557e-02
1.159486344006079861e+00,-6.608957838681285557e-02
1.159486344006079861e+00,-6.608957838681285557e-02
1.358277665052553651e+00,-2.095315523852724071e-02
1.358277665052553651e+00,-2.095315523852724071e-02
1.235713503633453891e+00,4.952077686086250874e-02
1.235713503633453891e+00,4.952077686086250874e-02
1.235713503633453891e+00,4.952077686086250874e-02
1.235713503633453891e+00,4.952077686086250874e-02
1.317457367663389167e+00,-1.456285005046294156e-02
1.317457367663389167e+00,-1.456285005046294156e-02
1.317457367663389167e+00,-1.456285005046294156e-02
1.317457367663389167e+00,-1.456285005046294156e-02
1.244809352821149684e+00,3.017001469954615211e-02
1.244809352821149684e+00,3.017001469954615211e-02
1.244809352821149684e+00,3.017001469954615211e-02
1.244809352821149684e+00,3.017001469954615211e-02
1.197764016013959099e+00,2.234477630244043889e-01
1.197764016013959099e+00,2.234477630244043889e-01
1.197764016013959099e+00,2.234477630244043889e-01
1.226267568747345438e+00,8.870220881982340821e-02
1.247919802411670664e+00,1.475981155731697081e-01
1.173657789467641432e+00,1.268133670060993812e-01
1.058774550094464306e+00,3.164455141466782084e-02
1.254708173543363614e+00,5.153521837466122635e-02
1.315506503784470427e+00,2.030575949403965949e-02
1.315506503784470427e+00,2.030575949403965949e-02
1.315506503784470427e+00,2.030575949403965949e-02
1.171585253893474565e+00,-1.628777562582529037e-01
1.262591486334750934e+00,5.763566028967176402e-02
1.303782646216563368e+00,-2.785855707560962180e-02
1.303782646216563368e+00,-2.785855707560962180e-02
1.303782646216563368e+00,-2.785855707560962180e-02
1.303782646216563368e+00,-2.785855707560962180e-02
1.303782646216563368e+00,-2.785855707560962180e-02
1.343163383248151543e+00,-4.590760156335325914e-02
1.343163383248151543e+00,-4.590760156335325914e-02
1.343163383248151543e+00,-4.590760156335325914e-02
1.354281233632322223e+00,6.005358629420372296e-02
1.422448660563546463e+00,-1.464343512574170503e-03
1.293666979943041584e+00,2.313403232952036120e-02
1.311594617390864803e+00,3.859046134978659504e-02
1.311594617390864803e+00,3.859046134978659504e-02
1.311594617390864803e+00,3.859046134978659504e-02
1.308160233271120410e+00,-1.216111268242056204e-01
1.314820793605729010e+00,-7.451832513479667019e-03
1.098760467785530714e+00,-6.061486979641056427e-02
1.304077073726636504e+00,6.251130812556074390e-02
1.304077073726636504e+00,6.251130812556074390e-02
1.206959142129256701e+00,6.647518012457769021e-02
1.270841772687683280e+00,1.243696529676906193e-01
1.270841772687683280e+00,1.243696529676906193e-01
1.270841772687683280e+00,1.243696529676906193e-01
1.270841772687683280e+00,1.243696529676906193e-01
1.270841772687683280e+00,1.243696529676906193e-01
1.326846702467553429e+00,-6.388120709867101121e-02
1.391631243218579561e+00,-1.559135402143337762e-02
1.335017759380478619e+00,3.561076935524015719e-03
1.335017759380478619e+00,3.561076935524015719e-03
1.335017759380478619e+00,3.561076935524015719e-03
1.335017759380478619e+00,3.561076935524015719e-03
1.335017759380478619e+00,3.561076935524015719e-03
1.335017759380478619e+00,3.561076935524015719e-03
1.448635518814958667e+00,3.766623411451224673e-02
1.425232344571260246e+00,7.915722218886730999e-02
1.425232344571260246e+00,7.915722218886730999e-02
1.404845214647800766e+00,-8.193360260593968158e-02
1.377148375339049213e+00,-4.382770125314343346e-02
1.102549388670680530e+00,-4.914815871782923784e-02
1.106356213108163900e+00,-1.672183490432459230e-03
1.106356213108163900e+00,-1.672183490432459230e-03
1.126542196262063422e+00,3.883395923111209423e-03
1.072847801023849357e+00,-2.277671256699255187e-01
1.072847801023849357e+00,-2.277671256699255187e-01
1.072847801023849357e+00,-2.277671256699255187e-01
1.072847801023849357e+00,-2.277671256699255187e-01
1.073889683400345074e+00,-1.848223620207370410e-01
1.073889683400345074e+00,-1.848223620207370410e-01
1.073889683400345074e+00,-1.848223620207370410e-01
1.073889683400345074e+00,-1.848223620207370410e-01
1.073889683400345074e+00,-1.848223620207370410e-01
1.073889683400345074e+00,-1.848223620207370410e-01
1.178184447796784440e+00,-2.106676735623896068e-01
1.178184447796784440e+00,-2.106676735623896068e-01
9.963313810007955462e-01,-7.753831557742324465e-02
9.963313810007955462e-01,-7.753831557742324465e-02
9.963313810007955462e-01,-7.753831557742324465e-02
1.008250798721171071e+00,4.847285843981943843e-02
1.262348981981348262e+00,1.408757505755132700e-01
1.262348981981348262e+00,1.408757505755132700e-01
1.262348981981348262e+00,1.408757505755132700e-01
1.262348981981348262e+00,1.408757505755132700e-01
1.212166612366812890e+00,1.212674907787111012e-01
1.334174078334785074e+00,3.443007293776070843e-02
1.334174078334785074e+00,3.443007293776070843e-02
1.334174078334785074e+00,3.443007293776070843e-02
1.334174078334785074e+00,3.443007293776070843e-02
1.334174078334785074e+00,3.443007293776070843e-02
1.334174078334785074e+00,3.443007293776070843e-02
1.180973946557515308e+00,5.994087500296153836e-03
1.221500200636564948e+00,-5.377230207432549119e-02
1.221500200636564948e+00,-5.377230207432549119e-02
1.221500200636564948e+00,-5.377230207432549119e-02
1.124709154474714090e+00,3.450051607282009908e-02
1.189006551993523342e+00,1.537815028968457232e-01
1.382281739375384122e+00,6.925206923658774882e-02
1.198636491555895800e+00,1.238740626737499934e-01
1.198636491555895800e+00,1.238740626737499934e-01
1.198636491555895800e+00,1.238740626737499934e-01
1.198636491555895800e+00,1.238740626737499934e-01
1.198636491555895800e+00,1.238740626737499934e-01
1.246740802629477729e+00,-4.943286108238272025e-02
1.246740802629477729e+00,-4.943286108238272025e-02
1.320989217975063967e+00,-4.413592887322822372e-02
1.320989217975063967e+00,-4.413592887322822372e-02
1.320989217975063967e+00,-4.413592887322822372e-02
1.320989217975063967e+00,-4.413592887322822372e-02
1.405585932835679897e+00,4.656360739629009787e-02
1.388401438515179276e+00,1.321760067068148969e-01
1.437491817840878650e+00,-5.087557390174185512e-02
1.437491817840878650e+00,-5.087557390174185512e-02
1.437491817840878650e+00,-5.087557390174185512e-02
1.437491817840878650e+00,-5.087557390174185512e-02
1.391453964329199655e+00,-5.388351914118419406e-03
1.201649489789058611e+00,-7.619218138716145339e-02
1.208176149379275532e+00,5.874257710224305151e-02
1.208176149379275532e+00,5.874257710224305151e-02
1.027830169454188480e+00,1.045962952129234624e-01
1.008660753569965651e+00,-1.770073070810798121e-01
1.008660753569965651e+00,-1.770073070810798121e-01
1.300798399292403928e+00,-2.016723052728056631e-01
1.051567021781927291e+00,4.616061216793196365e-02
1.051567021781927291e+00,4.616061216793196365e-02
1.086051836776706914e+00,9.661373933265401948e-02
1.056426320147402009e+00,2.742468083127340417e-02
1.234015408929692637e+00,-1.386592296587257356e-01
1.234015408929692637e+00,-1.386592296587257356e-01
1.241468460220804149e+00,-8.352015887786679027e-02
1.149383472423984642e+00,-3.868527915329714184e-02
1.149383472423984642e+00,-3.868527915329714184e-02
1.149383472423984642e+00,-3.868527915329714184e-02
1.312341337762626514e+00,4.721029211975827367e-02
1.312341337762626514e+00,4.721029211975827367e-02
1.312341337762626514e+00,4.721029211975827367e-02
1.301314360624043820e+00,-1.906993978332032491e-01
1.301314360624043820e+00,-1.906993978332032491e-01
1.242073605079128340e+00,-2.026963097103006983e-01
1.242073605079128340e+00,-2.026963097103006983e-01
1.378103429173454852e+00,-1.024842788825870155e-01
1.378103429173454852e+00,-1.024842788825870155e-01
1.453937290579226715e+00,3.481355827804991088e-02
1.099559738406037379e+00,-1.153460638205563715e-01
1.099559738406037379e+00,-1.153460638205563715e-01
1.077817974698668246e+00,3.236684716684989915e-02
1.077817974698668246e+00,3.236684716684989915e-02
1.077817974698668246e+00,3.236684716684989915e-02
1.130194723614175611e+00,1.811577742604375540e-01
1.085322690918540278e+00,3.239342057028607447e-01
1.085322690918540278e+00,3.239342057028607447e-01
1.025626500123779872e+00,8.267117100697260468e-02
1.025626500123779872e+00,8.267117100697260468e-02
1.025626500123779872e+00,8.267117100697260468e-02
1.025626500123779872e+00,8.267117100697260468e-02
1.025626500123779872e+00,8.267117100697260468e-02
1.069385419695103590e+00,-2.519299116687891971e-01
9.887185298431989677e-01,-1.540162548144029531e-01
9.887185298431989677e-01,-1.540162548144029531e-01
9.887185298431989677e-01,-1.540162548144029531e-01
9.887185298431989677e-01,-1.540162548144029531e-01
9.887185298431989677e-01,-1.540162548144029531e-01
9.887185298431989677e-01,-1.540162548144029531e-01
9.986496846934841409e-01,-1.352944832945351394e-01
9.986496846934841409e-01,-1.352944832945351394e-01
9.986496846934841409e-01,-1.352944832945351394e-01
1.091166369522530433e+00,2.316418750513917768e-01
1.091166369522530433e+00,2.316418750513917768e-01
9.219582069498376553e-01,1.099984509666573212e-01
1.222234784068698232e+00,1.562153576377412478e-01
1.155098822891480248e+00,5.592477406366672121e-02
1.104757167676517993e+00,-4.948041199672603696e-02
1.346390840233762765e+00,-1.528467061074140487e-01
1.401306302638295698e+00,6.730448654281662169e-02
1.401306302638295698e+00,6.730448654281662169e-02
1.252159787827693327e+00,-6.169714434847733964e-02
1.246473110339080703e+00,-2.254642724978401375e-02
1.246473110339080703e+00,-2.254642724978401375e-02
1.246473110339080703e+00,-2.254642724978401375e-02
1.246473110339080703e+00,-2.254642724978401375e-02
1.142692239611377447e+00,-3.273097568995366607e-02
1.314269456487672461e+00,5.480287899991825168e-02
1.314269456487672461e+00,5.480287899991825168e-02
1.314269456487672461e+00,5.480287899991825168e-02
1.314269456487672461e+00,5.480287899991825168e-02
1.314269456487672461e+00,5.480287899991825168e-02
1.453817105676032950e+00,1.909690280812060409e-02
1.354349166937259819e+00,2.899618681266765557e-02
1.354349166937259819e+00,2.899618681266765557e-02
1.354349166937259819e+00,2.899618681266765557e-02
1.354349166937259819e+00,2.899618681266765557e-02
1.310770111431256879e+00,-2.535483839393216920e-02
1.141432313989162228e+00,1.223779814121938730e-01
1.141432313989162228e+00,1.223779814121938730e-01
1.239414237277670638e+00,-5.963753359705377399e-02
1.239414237277670638e+00,-5.963753359705377399e-02
1.239414237277670638e+00,-5.963753359705377399e-02
1.348612968167024695e+00,-9.317263119934487969e-02
1.348612968167024695e+00,-9.317263119934487969e-02
1.348612968167024695e+00,-9.317263119934487969e-02
1.348612968167024695e+00,-9.317263119934487969e-02
1.348612968167024695e+00,-9.317263119934487969e-02
1.348612968167024695e+00,-9.317263119934487969e-02
1.348612968167024695e+00,-9.317263119934487969e-02
1.319415105338209937e+00,-1.444897382274881459e-01
1.319415105338209937e+00,-1.444897382274881459e-01
1.203397811853021970e+00,-1.617043538243733702e-01
1.203397811853021970e+00,-1.617043538243733702e-01
1.308643472387533757e+00,-2.206840975577687436e-01
1.451137938290820939e+00,-5.110904524312767649e-02
1.451137938290820939e+00,-5.110904524312767649e-02
1.216731744895812817e+00,1.393901161119633914e-01
1.442355586873706796e+00,1.549038230320271270e-01
1.315759495604038598e+00,1.349060605419934167e-01
1.315759495604038598e+00,1.349060605419934167e-01
1.315759495604038598e+00,1.349060605419934167e-01
1.315759495604038598e+00,1.349060605419934167e-01
1.331535237096628466e+00,1.158138814797604749e-01
1.365884309513500483e+00,1.025132844674725152e-01
1.318796754403834370e+00,9.759922437079580904e-02
1.318796754403834370e+00,9.759922437079580904e-02
1.358622212890149283e+00,8.821177208870285835e-02
1.358622212890149283e+00,8.821177208870285835e-02
1.358622212890149283e+00,8.821177208870285835e-02
1.433501892648528342e+00,3.790977219613688581e-02
1.306415077540246106e+00,1.624328776404073416e-01
1.306415077540246106e+00,1.624328776404073416e-01
1.306415077540246106e+00,1.624328776404073416e-01
1.347920938710268857e+00,-7.530244998286023117e-02
1.347920938710268857e+00,-7.530244998286023117e-02
1.347920938710268857e+00,-7.530244998286023117e-02
1.347920938710268857e+00,-7.530244998286023117e-02
1.347920938710268857e+00,-7.530244998286023117e-02
1.347920938710268857e+00,-7.530244998286023117e-02
1.140595489372876470e+00,-1.024998344704376452e-01
1.140595489372876470e+00,-1.024998344704376452e-01
1.108746324186429266e+00,6.416375159547782481e-02
1.108746324186429266e+00,6.416375159547782481e-02
1.108746324186429266e+00,6.416375159547782481e-02
1.134915129010988899e+00,-5.912684651538495373e-02
1.134915129010988899e+00,-5.912684651538495373e-02
1.046867145962367296e+00,5.631653644917912482e-02
1.213366683234791576e+00,8.134526157849064631e-02
1.213366683234791576e+00,8.134526157849064631e-02
1.213366683234791576e+00,8.134526157849064631e-02
1.236863883747564730e+00,5.220357179837827738e-02
1.236863883747564730e+00,5.220357179837827738e-02
1.236863883747564730e+00,5.220357179837827738e-02
1.158726109659151682e+00,2.594342026520645925e-02
1.117504527600811981e+00,1.311361700648000853e-02
1.046367291212746409e+00,-2.203252090171694752e-02
1.046367291212746409e+00,-2.203252090171694752e-02
1.083942780232366454e+00,3.813312829450148100e-02
1.083942780232366454e+00,3.813312829450148100e-02
1.083942780232366454e+00,3.813312829450148100e-02
1.083942780232366454e+00,3.813312829450148100e-02
1.083942780232366454e+00,3.813312829450148100e-02
1.083942780232366454e+00,3.813312829450148100e-02
1.157606466323243710e+00,-7.025977717260163680e-03
1.157606466323243710e+00,-7.025977717260163680e-03
1.042397622510310429e+00,-1.206229182809852307e-01
1.113802988260789384e+00,-1.162663701634016888e-01
1.315925116523905425e+00,6.333358134576413945e-02
1.315925116523905425e+00,6.333358134576413945e-02
1.315925116523905425e+00,6.333358134576413945e-02
1.315925116523905425e+00,6.333358134576413945e-02
1.254823719568265661e+00,4.103835849618921172e-02
1.254823719568265661e+00,4.103835849618921172e-02
1.254823719568265661e+00,4.103835849618921172e-02
1.254823719568265661e+00,4.103835849618921172e-02
1.254823719568265661e+00,4.103835849618921172e-02
1.254823719568265661e+00,4.103835849618921172e-02
1.254823719568265661e+00,4.103835849618921172e-02
1.254823719568265661e+00,4.103835849618921172e-02
1.254823719568265661e+00,4.103835849618921172e-02
1.254823719568265661e+00,4.103835849618921172e-02
1.254823719568265661e+00,4.103835849618921172e-02
1.254823719568265661e+00,4.103835849618921172e-02
1.254823719568265661e+00,4.103835849618921172e-02
1.359052843261273624e+00,1.008685491256026412e-01
1.359052843261273624e+00,1.008685491256026412e-01
1.359052843261273624e+00,1.008685491256026412e-01
1.359052843261273624e+00,1.008685491256026412e-01
1.410896372853532421e+00,3.940732635858455041e-02
1.201241158533405740e+00,-1.594069023445579270e-01
1.201241158533405740e+00,-1.594069023445579270e-01
1.201241158533405740e+00,-1.594069023445579270e-01
1.201241158533405740e+00,-1.594069023445579270e-01
1.201241158533405740e+00,-1.594069023445579270e-01
1.201241158533405740e+00,-1.594069023445579270e-01
1.101313118873672003e+00,6.655892622741355069e-02
1.121473348680727344e+00,-1.792458022708094956e-01
1.121473348680727344e+00,-1.792458022708094956e-01
1.121473348680727344e+00,-1.792458022708094956e-01
1.203519230311776100e+00,-1.638906221148862530e-01
1.231935774958280438e+00,-2.158621040621598319e-01
1.249452044946706808e+00,-9.274852243430835308e-02
1.249452044946706808e+00,-9.274852243430835308e-02
1.249452044946706808e+00,-9.274852243430835308e-02
1.249452044946706808e+00,-9.274852243430835308e-02
1.249452044946706808e+00,-9.274852243430835308e-02
1.249452044946706808e+00,-9.274852243430835308e-02
1.212677842994591915e+00,3.488877232726543542e-02
1.212677842994591915e+00,3.488877232726543542e-02
1.212677842994591915e+00,3.488877232726543542e-02
1.212677842994591915e+00,3.488877232726543542e-02
1.242996224714340014e+00,4.063769221646661850e-02
1.242996224714340014e+00,4.063769221646661850e-02
1.242996224714340014e+00,4.063769221646661850e-02
1.242996224714340014e+00,4.063769221646661850e-02
1.252830335689684382e+00,-1.847176506279397251e-02
1.252830335689684382e+00,-1.847176506279397251e-02
1.252830335689684382e+00,-1.847176506279397251e-02
1.395294990797561585e+00,5.417679263056910527e-02
1.395294990797561585e+00,5.417679263056910527e-02
1.416180241573061105e+00,1.781423444013184587e-03
1.425415060127030564e+00,-9.411028103922103316e-02
1.404715552773759590e+00,1.231268764816506600e-01
1.179610494381839958e+00,-4.936348344036139979e-03
1.179610494381839958e+00,-4.936348344036139979e-03
1.296552839345487484e+00,1.451731213455621228e-01
1.129422442838553753e+00,-6.544180286108861044e-02
1.129422442838553753e+00,-6.544180286108861044e-02
1.197354728482933783e+00,-1.591700598231783892e-01
1.197354728482933783e+00,-1.591700598231783892e-01
1.312178751102122343e+00,-1.210126846064554784e-01
1.111320612915310813e+00,-1.386400545466571765e-01
1.111320612915310813e+00,-1.386400545466571765e-01
1.380260474532742698e+00,-1.623023683828771768e-01
1.380260474532742698e+00,-1.623023683828771768e-01
1.380260474532742698e+00,-1.623023683828771768e-01
1.380260474532742698e+00,-1.623023683828771768e-01
1.263881374234689270e+00,-2.987668291665040998e-01
1.263881374234689270e+00,-2.987668291665040998e-01
1.263881374234689270e+00,-2.987668291665040998e-01
1.263881374234689270e+00,-2.987668291665040998e-01
1.263881374234689270e+00,-2.987668291665040998e-01
1.417405868240343203e+00,-1.991354019403759334e-01
1.239065190377978132e+00,4.185518428337245411e-02
1.239065190377978132e+00,4.185518428337245411e-02
1.221647406670231861e+00,-3.324772297249688202e-02
1.221647406670231861e+00,-3.324772297249688202e-02
1.354579528553622181e+00,-5.465331518011663781e-02
1.354579528553622181e+00,-5.465331518011663781e-02
1.175361058572608641e+00,-1.045427821090393339e-01
1.131717388027118965e+00,4.614449651269672548e-02
1.131717388027118965e+00,4.614449651269672548e-02
1.131717388027118965e+00,4.614449651269672548e-02
1.131717388027118965e+00,4.614449651269672548e-02
1.131717388027118965e+00,4.614449651269672548e-02
1.356772923179589752e+00,9.561802271752282978e-02
1.101562922557792978e+00,1.146975672527015405e-01
1.208974344522415700e+00,4.366716380814202048e-02
1.350253424332081620e+00,8.696127121781280223e-02
1.350253424332081620e+00,8.696127121781280223e-02
1.350253424332081620e+00,8.696127121781280223e-02
1.350253424332081620e+00,8.696127121781280223e-02
1.389126221178398790e+00,4.956432254057023534e-02
1.389126221178398790e+00,4.956432254057023534e-02
1.230688016305186316e+00,4.972635565552117887e-02
1.230688016305186316e+00,4.972635565552117887e-02
1.230688016305186316e+00,4.972635565552117887e-02
1.230688016305186316e+00,4.972635565552117887e-02
1.230688016305186316e+00,4.972635565552117887e-02
1.119098893849616250e+00,1.218078447619268950e-02
1.263794734743931336e+00,-1.446928659563442021e-01
1.402109024368815460e+00,3.462912239360546596e-02
1.402109024368815460e+00,3.462912239360546596e-02
1.402109024368815460e+00,3.462912239360546596e-02
1.402109024368815460e+00,3.462912239360546596e-02
1.402109024368815460e+00,3.462912239360546596e-02
1.402109024368815460e+00,3.462912239360546596e-02
1.284275012877373445e+00,5.668892555047801152e-02
1.344439652631142845e+00,1.196553552485927624e-01
1.344439652631142845e+00,1.196553552485927624e-01
1.344439652631142845e+00,1.196553552485927624e-01
1.398952546799118402e+00,4.552251039908242203e-02
1.398952546799118402e+00,4.552251039908242203e-02
1.159824665659644927e+00,9.892833728449570985e-02
1.159824665659644927e+00,9.892833728449570985e-02
1.101508716339114402e+00,1.067492900634942066e-02
1.150832072189699851e+00,-2.492373800212803192e-01
1.362029523270597231e+00,-1.700444918614548717e-01
1.374415904444196590e+00,-1.771678524126143739e-01
1.218986867791348461e+00,-3.346914323632677046e-02
1.218986867791348461e+00,-3.346914323632677046e-02
1.218986867791348461e+00,-3.346914323632677046e-02
1.218986867791348461e+00,-3.346914323632677046e-02
1.218986867791348461e+00,-3.346914323632677046e-02
1.218986867791348461e+00,-3.346914323632677046e-02
1.133762161562635873e+00,1.801039084383931205e-02
1.184408961855297537e+00,8.716413223626251483e-02
1.142513463393368234e+00,8.582356427473432359e-02
1.373518956818632120e+00,1.153563058768109911e-01
1.299541472617951721e+00,-1.021753283349770142e-01
1.320951527188472419e+00,-1.551948002549350947e-01
1.320951527188472419e+00,-1.551948002549350947e-01
1.379630797809511478e+00,-1.661712688753566314e-01
1.398885434627389568e+00,8.483956513832255353e-02
1.398885434627389568e+00,8.483956513832255353e-02
1.161759794477960073e+00,-4.991154408790046682e-02
1.252415155023691495e+00,-8.381549735009138913e-02
1.252415155023691495e+00,-8.381549735009138913e-02
1.252415155023691495e+00,-8.381549735009138913e-02
1.129310863612495108e+00,-4.535011065244565209e-02
1.005727565536780332e+00,7.990008454807207006e-02
9.811254665414188558e-01,5.714187151729156061e-02
9.811254665414188558e-01,5.714187151729156061e-02
1.281199449640939569e+00,-9.234130452475763917e-02
1.281199449640939569e+00,-9.234130452475763917e-02
1.281199449640939569e+00,-9.234130452475763917e-02
1.281199449640939569e+00,-9.234130452475763917e-02
1.250588476870072130e+00,-8.380022904263834116e-02
1.250588476870072130e+00,-8.380022904263834116e-02
1.250588476870072130e+00,-8.380022904263834116e-02
1.250588476870072130e+00,-8.380022904263834116e-02
1.309435463867860028e+00,-8.347234656821615750e-02
1.309435463867860028e+00,-8.347234656821615750e-02
1.309435463867860028e+00,-8.347234656821615750e-02
1.309435463867860028e+00,-8.347234656821615750e-02
1.309435463867860028e+00,-8.347234656821615750e-02
1.309435463867860028e+00,-8.347234656821615750e-02
1.309435463867860028e+00,-8.347234656821615750e-02
1.309435463867860028e+00,-8.347234656821615750e-02
1.309435463867860028e+00,-8.347234656821615750e-02
1.257732895671058504e+00,-6.518353462396279940e-02
1.174972010488136709e+00,7.981696900455785559e-02
1.174972010488136709e+00,7.981696900455785559e-02
1.174972010488136709e+00,7.981696900455785559e-02
1.174972010488136709e+00,7.981696900455785559e-02
1.174972010488136709e+00,7.981696900455785559e-02
1.174972010488136709e+00,7.981696900455785559e-02
1.174972010488136709e+00,7.981696900455785559e-02
1.114439773043389925e+00,1.384723904777729331e-01
1.361068328958562779e+00,9.176074246687518365e-02
1.361068328958562779e+00,9.176074246687518365e-02
1.361068328958562779e+00,9.176074246687518365e-02
1.361068328958562779e+00,9.176074246687518365e-02
1.361068328958562779e+00,9.176074246687518365e-02
1.231069684017494392e+00,1.050027263171498526e-01
1.125270656257515434e+00,-7.313415987396731932e-02
1.125270656257515434e+00,-7.313415987396731932e-02
1.125270656257515434e+00,-7.313415987396731932e-02
1.125270656257515434e+00,-7.313415987396731932e-02
1.125270656257515434e+00,-7.313415987396731932e-02
1.125270656257515434e+00,-7.313415987396731932e-02
1.125270656257515434e+00,-7.313415987396731932e-02
1.125270656257515434e+00,-7.313415987396731932e-02
1.125270656257515434e+00,-7.313415987396731932e-02
1.125270656257515434e+00,-7.313415987396731932e-02
1.235565980019282861e+00,1.328057035283293497e-01
1.365501288337877650e+00,2.077610397308055079e-03
1.365501288337877650e+00,2.077610397308055079e-03
1.365501288337877650e+00,2.077610397308055079e-03
1.365501288337877650e+00,2.077610397308055079e-03
1.245300176818210813e+00,-3.597651581766167506e-02
1.245300176818210813e+00,-3.597651581766167506e-02
1.245300176818210813e+00,-3.597651581766167506e-02
1.245300176818210813e+00,-3.597651581766167506e-02
1.324780651768063144e+00,-9.382242714303903885e-02
1.324780651768063144e+00,-9.382242714303903885e-02
1.324780651768063144e+00,-9.382242714303903885e-02
1.324780651768063144e+00,-9.382242714303903885e-02
1.331017764031268813e+00,-2.328387294663600282e-03
1.454333184396232381e+00,-7.124294611284773260e-02
1.454333184396232381e+00,-7.124294611284773260e-02
1.315455389303982869e+00,-2.633270890461573283e-02
1.315455389303982869e+00,-2.633270890461573283e-02
1.315455389303982869e+00,-2.633270890461573283e-02
1.315455389303982869e+00,-2.633270890461573283e-02
1.315455389303982869e+00,-2.633270890461573283e-02
1.315455389303982869e+00,-2.633270890461573283e-02
1.350588725850303096e+00,-5.236418714218846887e-03
1.350588725850303096e+00,-5.236418714218846887e-03
1.350588725850303096e+00,-5.236418714218846887e-03
1.264816341580927705e+00,7.836114557929427238e-02
1.264816341580927705e+00,7.836114557929427238e-02
1.264816341580927705e+00,7.836114557929427238e-02
1.264816341580927705e+00,7.836114557929427238e-02
1.316075142719205004e+00,3.739584325091095673e-02
1.357720203319450425e+00,1.294267694189806805e-01
1.357720203319450425e+00,1.294267694189806805e-01
1.281952673346301808e+00,2.443230214116856036e-01
1.281952673346301808e+00,2.443230214116856036e-01
1.281952673346301808e+00,2.443230214116856036e-01
1.028065260151858507e+00,2.159757251114675647e-01
1.028065260151858507e+00,2.159757251114675647e-01
1.028065260151858507e+00,2.159757251114675647e-01
1.191144970904506106e+00,2.217417700532215985e-01
1.191144970904506106e+00,2.217417700532215985e-01
1.191144970904506106e+00,2.217417700532215985e-01
1.191144970904506106e+00,2.217417700532215985e-01
1.139716789468986358e+00,1.796288198281303095e-01
1.069229956726264419e+00,1.147944441034347285e-01
1.069229956726264419e+00,1.147944441034347285e-01
1.234194592109186361e+00,2.117406735619315472e-01
1.234194592109186361e+00,2.117406735619315472e-01
1.234194592109186361e+00,2.117406735619315472e-01
1.234194592109186361e+00,2.117406735619315472e-01
1.133500123000739990e+00,1.077660451481735476e-01
1.303244619172667207e+00,1.324073202566784513e-01
1.195336398886824636e+00,-1.015339015419311208e-01
1.195336398886824636e+00,-1.015339015419311208e-01
1.195336398886824636e+00,-1.015339015419311208e-01
1.195336398886824636e+00,-1.015339015419311208e-01
1.195336398886824636e+00,-1.015339015419311208e-01
1.195336398886824636e+00,-1.015339015419311208e-01
1.232516156736820356e+00,-1.385999434682602949e-01
1.232516156736820356e+00,-1.385999434682602949e-01
1.232516156736820356e+00,-1.385999434682602949e-01
1.232516156736820356e+00,-1.385999434682602949e-01
1.232516156736820356e+00,-1.385999434682602949e-01
1.232516156736820356e+00,-1.385999434682602949e-01
1.144110698022600348e+00,-1.968683320590002284e-01
1.144110698022600348e+00,-1.968683320590002284e-01
1.136837285786469920e+00,8.967978965781764344e-02
1.136837285786469920e+00,8.967978965781764344e-02
1.260063835572712510e+00,3.315367426299091480e-02
1.260063835572712510e+00,3.315367426299091480e-02
1.260063835572712510e+00,3.315367426299091480e-02
1.260063835572712510e+00,3.315367426299091480e-02
1.260063835572712510e+00,3.315367426299091480e-02
1.205012434656284270e+00,-7.067958888265704620e-02
1.123854215319963323e+00,-4.552677433031616927e-02
1.076178987071465531e+00,-4.399621511207151697e-02
1.076178987071465531e+00,-4.399621511207151697e-02
1.076178987071465531e+00,-4.399621511207151697e-02
1.076178987071465531e+00,-4.399621511207151697e-02
1.076178987071465531e+00,-4.399621511207151697e-02
1.168217055505141211e+00,-2.642452558523663425e-02
1.168217055505141211e+00,-2.642452558523663425e-02
1.168217055505141211e+00,-2.642452558523663425e-02
1.349506560133430400e+00,-1.424647857800052653e-01
1.408047677498607042e+00,-3.945295589635443301e-02
1.408047677498607042e+00,-3.945295589635443301e-02
1.408047677498607042e+00,-3.945295589635443301e-02
1.287771581364998141e+00,-2.753457064123193687e-01
1.058912557129350285e+00,-3.931784404618307582e-02
9.959223216690318292e-01,-1.437324170193493567e-01
9.959223216690318292e-01,-1.437324170193493567e-01
1.070562278268923473e+00,-2.235821881381944154e-01
1.070562278268923473e+00,-2.235821881381944154e-01
1.070562278268923473e+00,-2.235821881381944154e-01
1.070562278268923473e+00,-2.235821881381944154e-01
1.294827227284343518e+00,1.956106860289963389e-03
1.263275507151518040e+00,-8.234356807467173300e-02
1.263275507151518040e+00,-8.234356807467173300e-02
1.407478649316712405e+00,4.165848264760506348e-02
1.325591287978082011e+00,-1.371534995215714092e-01
1.325591287978082011e+00,-1.371534995215714092e-01
1.169608718761964372e+00,1.017217330513552620e-01
1.159959441290156823e+00,-2.206213729505807908e-01
1.200511618991018992e+00,3.612139719393428483e-02
1.250887809805105055e+00,9.569619313174768105e-02
1.250887809805105055e+00,9.569619313174768105e-02
1.250887809805105055e+00,9.569619313174768105e-02
1.385954600514309298e+00,-1.015869209593793232e-01
1.385954600514309298e+00,-1.015869209593793232e-01
1.194961757613069331e+00,8.675089119762444123e-02
1.194961757613069331e+00,8.675089119762444123e-02
1.187538597392219675e+00,-1.474102569995346113e-02
1.187538597392219675e+00,-1.474102569995346113e-02
1.176580453281697691e+00,4.279939608720029903e-02
1.173257201166703734e+00,-5.425276582281417237e-03
1.173257201166703734e+00,-5.425276582281417237e-03
1.402357640570899511e+00,9.872573791903996310e-02
1.402357640570899511e+00,9.872573791903996310e-02
1.244762702268951360e+00,1.947722061938452209e-01
1.230804719224819710e+00,1.440777816817875867e-01
1.230804719224819710e+00,1.440777816817875867e-01
1.230804719224819710e+00,1.440777816817875867e-01
1.230804719224819710e+00,1.440777816817875867e-01
1.230804719224819710e+00,1.440777816817875867e-01
1.316176922232211943e+00,-1.612574612757457504e-01
1.316176922232211943e+00,-1.612574612757457504e-01
1.316176922232211943e+00,-1.612574612757457504e-01
1.316176922232211943e+00,-1.612574612757457504e-01
1.316176922232211943e+00,-1.612574612757457504e-01
1.316176922232211943e+00,-1.612574612757457504e-01
1.400090158475671309e+00,1.406186988438754004e-01
1.320710903185013940e+00,1.525995718681419089e-01
1.320710903185013940e+00,1.525995718681419089e-01
1.219583201484522261e+00,1.779120798206854093e-01
1.219583201484522261e+00,1.779120798206854093e-01
1.244380008974130369e+00,1.928846798606307367e-01
1.244380008974130369e+00,1.928846798606307367e-01
1.413102844773901134e+00,9.365491592348663963e-02
1.413102844773901134e+00,9.365491592348663963e-02
1.413102844773901134e+00,9.365491592348663963e-02
1.278119149239655306e+00,-7.780641811014461784e-02
1.278119149239655306e+00,-7.780641811014461784e-02
1.278119149239655306e+00,-7.780641811014461784e-02
1.278119149239655306e+00,-7.780641811014461784e-02
1.199695185923692620e+00,-6.887148248927645044e-02
1.126856042694034832e+00,6.200800836247101488e-02
1.255586224053566236e+00,-1.466559316308361782e-01
1.255586224053566236e+00,-1.466559316308361782e-01
1.250853757948464873e+00,-1.425164219723591696e-01
1.250853757948464873e+00,-1.425164219723591696e-01
1.250853757948464873e+00,-1.425164219723591696e-01
1.250853757948464873e+00,-1.425164219723591696e-01
1.250853757948464873e+00,-1.425164219723591696e-01
1.250853757948464873e+00,-1.425164219723591696e-01
1.043945555484686150e+00,9.177658019365000919e-02
1.043945555484686150e+00,9.177658019365000919e-02
1.043945555484686150e+00,9.177658019365000919e-02
1.023567309934633851e+00,-4.561562276218386613e-02
1.023567309934633851e+00,-4.561562276218386613e-02
1.060347684095513721e+00,-2.103440805404235836e-01
1.060347684095513721e+00,-2.103440805404235836e-01
1.239104420337316714e+00,-2.595519249736256695e-01
1.239104420337316714e+00,-2.595519249736256695e-01
1.394687385013647862e+00,-2.986096382765359158e-01
1.630799484160295743e+00,-1.068049409720923104e-01
1.371460334302500472e+00,-7.872305295722981100e-02
1.290988635285039265e+00,5.369185202463214179e-02
1.290988635285039265e+00,5.369185202463214179e-02
1.290988635285039265e+00,5.369185202463214179e-02
1.290988635285039265e+00,5.369185202463214179e-02
1.260114987798779840e+00,-1.087397336475703913e-02
1.260114987798779840e+00,-1.087397336475703913e-02
1.314989094384759971e+00,6.435824980292201292e-03
1.314989094384759971e+00,6.435824980292201292e-03
1.310193750811421642e+00,1.126098408161985559e-01
1.431682322703992316e+00,4.928077932736540934e-02
1.411641451648913304e+00,4.908941015452292222e-04
1.213198950506880314e+00,4.513546391375144323e-02
1.248275292443118634e+00,1.309188122767067364e-01
1.248275292443118634e+00,1.309188122767067364e-01
1.248275292443118634e+00,1.309188122767067364e-01
1.248275292443118634e+00,1.309188122767067364e-01
1.248275292443118634e+00,1.309188122767067364e-01
1.248275292443118634e+00,1.309188122767067364e-01
1.248275292443118634e+00,1.309188122767067364e-01
1.201187783575244916e+00,2.119531068684965824e-01
1.201187783575244916e+00,2.119531068684965824e-01
1.345186610577139286e+00,1.908294383401690497e-01
1.453003058176611129e+00,1.823072718013973026e-01
1.332458221564039258e+00,1.732291518953607834e-01
1.030051731342712884e+00,-1.162244628145909509e-01
1.246122458293720703e+00,-9.411443357349628946e-02
1.173677594166269822e+00,1.228654021657491630e-01
1.104687048813269623e+00,8.518479533447770313e-02
1.104687048813269623e+00,8.518479533447770313e-02
1.119133445628457180e+00,-4.503949355697844936e-02
1.119133445628457180e+00,-4.503949355697844936e-02
1.178015575101735823e+00,8.143329423042675042e-02
1.178015575101735823e+00,8.143329423042675042e-02
1.178015575101735823e+00,8.143329423042675042e-02
1.178015575101735823e+00,8.143329423042675042e-02
1.178015575101735823e+00,8.143329423042675042e-02
1.178015575101735823e+00,8.143329423042675042e-02
1.178015575101735823e+00,8.143329423042675042e-02
1.178015575101735823e+00,8.143329423042675042e-02
1.178015575101735823e+00,8.143329423042675042e-02
1.366022379363871275e+00,8.267787071442904423e-02
1.366022379363871275e+00,8.267787071442904423e-02
1.366022379363871275e+00,8.267787071442904423e-02
1.366022379363871275e+00,8.267787071442904423e-02
1.417106185027958043e+00,1.227242299390580715e-01
1.487051993808684358e+00,5.923327239695581892e-02
1.487051993808684358e+00,5.923327239695581892e-02
1.487051993808684358e+00,5.923327239695581892e-02
1.431892055541407638e+00,9.384324747181141402e-02
1.431892055541407638e+00,9.384324747181141402e-02
1.431892055541407638e+00,9.384324747181141402e-02
1.431892055541407638e+00,9.384324747181141402e-02
1.431892055541407638e+00,9.384324747181141402e-02
1.316312756854572275e+00,1.681431109637711030e-01
1.316312756854572275e+00,1.681431109637711030e-01
1.477381667596363801e+00,-6.366828592932627373e-02
1.323423887951770572e+00,-2.256948845183580910e-01
1.323423887951770572e+00,-2.256948845183580910e-01
1.380066367297806407e+00,2.113838062512662930e-02
1.380066367297806407e+00,2.113838062512662930e-02
1.380066367297806407e+00,2.113838062512662930e-02
1.305333696297033219e+00,-8.151512686092522719e-03
1.305333696297033219e+00,-8.151512686092522719e-03
1.383829821338004029e+00,4.985296286277110522e-02
1.151389141215285017e+00,-5.598769022478465585e-02
1.161521582261793251e+00,3.985271608580018277e-03
1.241840693316714539e+00,4.770293314906539489e-02
1.241840693316714539e+00,4.770293314906539489e-02
1.163029232804167812e+00,9.970273927727557606e-02
1.163029232804167812e+00,9.970273927727557606e-02
1.200340693529403646e+00,-1.513287392832072253e-01
1.200340693529403646e+00,-1.513287392832072253e-01
1.295077142468425091e+00,-1.652573499114260436e-01
1.295077142468425091e+00,-1.652573499114260436e-01
1.295077142468425091e+00,-1.652573499114260436e-01
1.320925034608569693e+00,-5.708696810319244253e-02
1.320925034608569693e+00,-5.708696810319244253e-02
1.320925034608569693e+00,-5.708696810319244253e-02
1.320925034608569693e+00,-5.708696810319244253e-02
1.320925034608569693e+00,-5.708696810319244253e-02
1.320925034608569693e+00,-5.708696810319244253e-02
1.320925034608569693e+00,-5.708696810319244253e-02
1.203585884544971618e+00,5.850165385910215121e-02
1.203585884544971618e+00,5.850165385910215121e-02
1.203585884544971618e+00,5.850165385910215121e-02
1.401756366969672429e+00,-6.499508825875535689e-02
1.401756366969672429e+00,-6.499508825875535689e-02
1.385080010967550512e+00,1.492263178924048972e-01
1.364825093500473319e+00,-1.529031915746772163e-01
1.364825093500473319e+00,-1.529031915746772163e-01
1.163949700404019350e+00,-1.165391265592603115e-01
1.163949700404019350e+00,-1.165391265592603115e-01
1.163949700404019350e+00,-1.165391265592603115e-01
1.083360023979612841e+00,9.729644062710500474e-02
1.371634158592977881e+00,-6.468286870119042964e-02
1.371634158592977881e+00,-6.468286870119042964e-02
1.371634158592977881e+00,-6.468286870119042964e-02
1.371634158592977881e+00,-6.468286870119042964e-02
1.371634158592977881e+00,-6.468286870119042964e-02
1.371634158592977881e+00,-6.468286870119042964e-02
1.371634158592977881e+00,-6.468286870119042964e-02
1.371634158592977881e+00,-6.468286870119042964e-02
1.330834397698627214e+00,4.022282668316431997e-02
1.330834397698627214e+00,4.022282668316431997e-02
1.243111823285742545e+00,2.895683809017311761e-02
1.243111823285742545e+00,2.895683809017311761e-02
1.243111823285742545e+00,2.895683809017311761e-02
1.243111823285742545e+00,2.895683809017311761e-02
1.243111823285742545e+00,2.895683809017311761e-02
1.243111823285742545e+00,2.895683809017311761e-02
1.081504718230738238e+00,2.517279367830041470e-02
1.081504718230738238e+00,2.517279367830041470e-02
1.081504718230738238e+00,2.517279367830041470e-02
1.099192877258918566e+00,-1.855125601837214616e-02
1.099192877258918566e+00,-1.855125601837214616e-02
1.099192877258918566e+00,-1.855125601837214616e-02
1.020038196680239651e+00,1.437157113067699388e-01
1.020038196680239651e+00,1.437157113067699388e-01
1.020038196680239651e+00,1.437157113067699388e-01
1.020038196680239651e+00,1.437157113067699388e-01
1.411186072971203131e+00,1.759254381282585600e-01
1.342328898166350371e+00,-6.145098530001918968e-03
1.342328898166350371e+00,-6.145098530001918968e-03
1.342328898166350371e+00,-6.145098530001918968e-03
1.342328898166350371e+00,-6.145098530001918968e-03
1.342328898166350371e+00,-6.145098530001918968e-03
1.342328898166350371e+00,-6.145098530001918968e-03
1.363804288613052362e+00,-1.897119774732557163e-02
1.363804288613052362e+00,-1.897119774732557163e-02
1.282210998547435032e+00,7.985512340577755053e-02
1.218618502989423202e+00,1.444520167850302239e-02
1.356492816219605047e+00,3.526841379008270605e-02
1.356492816219605047e+00,3.526841379008270605e-02
1.356492816219605047e+00,3.526841379008270605e-02
1.356492816219605047e+00,3.526841379008270605e-02
1.356492816219605047e+00,3.526841379008270605e-02
1.341735640704980081e+00,-9.749680909585055344e-02
1.216671067657562055e+00,8.048246964641291024e-02
1.216671067657562055e+00,8.048246964641291024e-02
1.216671067657562055e+00,8.048246964641291024e-02
1.216671067657562055e+00,8.048246964641291024e-02
1.179226810358571687e+00,6.687901404362542324e-02
1.179226810358571687e+00,6.687901404362542324e-02
1.179226810358571687e+00,6.687901404362542324e-02
1.087598131111940924e+00,8.914321395649871249e-02
1.117243264615142229e+00,2.231859373803509738e-01
1.208240305706043349e+00,5.520608433217438771e-02
1.208240305706043349e+00,5.520608433217438771e-02
1.319750029070902553e+00,7.233161191563344805e-02
1.410215920478059992e+00,4.341754290105080683e-02
1.410215920478059992e+00,4.341754290105080683e-02
1.131967596378177454e+00,-5.794641982206800990e-02
1.144436166260522025e+00,-2.408193492962879684e-02
1.291613151870640408e+00,7.823882131478565594e-02
1.291613151870640408e+00,7.823882131478565594e-02
1.291613151870640408e+00,7.823882131478565594e-02
1.291613151870640408e+00,7.823882131478565594e-02
1.089756541933843970e+00,-2.576982233812970258e-02
1.165006739083787490e+00,-1.743897867631015730e-01
1.190603363602268816e+00,2.109045177704541030e-01
1.190603363602268816e+00,2.109045177704541030e-01
1.190603363602268816e+00,2.109045177704541030e-01
1.190603363602268816e+00,2.109045177704541030e-01
1.190603363602268816e+00,2.109045177704541030e-01
1.179933867172325623e+00,2.229383421532353249e-01
1.179933867172325623e+00,2.229383421532353249e-01
1.191613067262321746e+00,3.018817460871688896e-01
1.038112156311927547e+00,1.668232438492594782e-01
1.198456200339796496e+00,-1.367792108903777282e-01
1.198456200339796496e+00,-1.367792108903777282e-01
1.152790269664182743e+00,-1.167264713341445298e-01
1.152790269664182743e+00,-1.167264713341445298e-01
1.152790269664182743e+00,-1.167264713341445298e-01
1.303293307775876375e+00,5.468818934081867700e-03
1.303293307775876375e+00,5.468818934081867700e-03
1.303293307775876375e+00,5.468818934081867700e-03
1.303293307775876375e+00,5.468818934081867700e-03
1.303293307775876375e+00,5.468818934081867700e-03
1.303293307775876375e+00,5.468818934081867700e-03
1.303293307775876375e+00,5.468818934081867700e-03
1.303293307775876375e+00,5.468818934081867700e-03
1.303293307775876375e+00,5.468818934081867700e-03
1.303293307775876375e+00,5.468818934081867700e-03
1.303293307775876375e+00,5.468818934081867700e-03
1.303293307775876375e+00,5.468818934081867700e-03
1.303293307775876375e+00,5.468818934081867700e-03
1.234267271148632661e+00,1.149290671864630284e-02
1.234267271148632661e+00,1.149290671864630284e-02
1.234267271148632661e+00,1.149290671864630284e-02
1.234267271148632661e+00,1.149290671864630284e-02
1.234267271148632661e+00,1.149290671864630284e-02
1.234267271148632661e+00,1.149290671864630284e-02
1.201546567702053148e+00,-9.395952921328314805e-04
1.201546567702053148e+00,-9.395952921328314805e-04
1.194491584884777691e+00,4.510416058568283287e-02
1.194491584884777691e+00,4.510416058568283287e-02
1.194491584884777691e+00,4.510416058568283287e-02
1.194491584884777691e+00,4.510416058568283287e-02
1.194491584884777691e+00,4.510416058568283287e-02
1.194491584884777691e+00,4.510416058568283287e-02
1.275770539048403984e+00,1.093623266563753249e-01
1.428214105340858131e+00,4.209489498976498600e-02
1.428214105340858131e+00,4.209489498976498600e-02
1.428214105340858131e+00,4.209489498976498600e-02
1.428214105340858131e+00,4.209489498976498600e-02
1.255257008839105293e+00,5.827214288267214271e-02
1.255257008839105293e+00,5.827214288267214271e-02
1.255257008839105293e+00,5.827214288267214271e-02
1.263130831948174659e+00,-6.166108670202979924e-03
1.263130831948174659e+00,-6.166108670202979924e-03
1.263130831948174659e+00,-6.166108670202979924e-03
1.263130831948174659e+00,-6.166108670202979924e-03
1.263130831948174659e+00,-6.166108670202979924e-03
1.263130831948174659e+00,-6.166108670202979924e-03
1.263130831948174659e+00,-6.166108670202979924e-03
1.263130831948174659e+00,-6.166108670202979924e-03
1.263130831948174659e+00,-6.166108670202979924e-03
1.263130831948174659e+00,-6.166108670202979924e-03
1.263130831948174659e+00,-6.166108670202979924e-03
1.254080672733039359e+00,1.277584804684604447e-01
1.254080672733039359e+00,1.277584804684604447e-01
1.288791681868681760e+00,-1.131655897860703308e-01
1.288791681868681760e+00,-1.131655897860703308e-01
1.288791681868681760e+00,-1.131655897860703308e-01
1.288791681868681760e+00,-1.131655897860703308e-01
1.387481927058457076e+00,1.178607135826946484e-01
1.365865955143804156e+00,-3.704056878096140260e-02
1.365865955143804156e+00,-3.704056878096140260e-02
1.327790081518328336e+00,-1.347132934288204908e-01
1.327790081518328336e+00,-1.347132934288204908e-01
1.327790081518328336e+00,-1.347132934288204908e-01
1.327080692376936710e+00,-1.345426420131301259e-01
1.159271159324113620e+00,-9.438036616966993808e-02
1.159271159324113620e+00,-9.438036616966993808e-02
1.159271159324113620e+00,-9.438036616966993808e-02
1.159271159324113620e+00,-9.438036616966993808e-02
1.159271159324113620e+00,-9.438036616966993808e-02
1.112722400278517654e+00,-5.379715173539868084e-02
1.112722400278517654e+00,-5.379715173539868084e-02
1.150907951526887629e+00,-1.343356688514133201e-01
1.150907951526887629e+00,-1.343356688514133201e-01
1.150907951526887629e+00,-1.343356688514133201e-01
1.150907951526887629e+00,-1.343356688514133201e-01
1.052424244710989720e+00,9.881579681642016499e-02
1.052424244710989720e+00,9.881579681642016499e-02
1.052424244710989720e+00,9.881579681642016499e-02
1.052424244710989720e+00,9.881579681642016499e-02
1.144432716203334532e+00,8.909289079103142883e-02
1.005318089255893277e+00,-2.410033572529131085e-01
1.005318089255893277e+00,-2.410033572529131085e-01
1.005318089255893277e+00,-2.410033572529131085e-01
9.970216967749183645e-01,4.143840776058393960e-02
9.970216967749183645e-01,4.143840776058393960e-02
9.970216967749183645e-01,4.143840776058393960e-02
9.970216967749183645e-01,4.143840776058393960e-02
9.970216967749183645e-01,4.143840776058393960e-02
1.267915198448759551e+00,-6.862248993451591783e-02
1.262340210864242973e+00,-3.164676215921555930e-02
1.262340210864242973e+00,-3.164676215921555930e-02
1.262340210864242973e+00,-3.164676215921555930e-02
1.173253121703374813e+00,-1.640527828475677602e-02
1.173253121703374813e+00,-1.640527828475677602e-02
1.189591329609348325e+00,1.744941288281134373e-01
1.189591329609348325e+00,1.744941288281134373e-01
9.970170236755317994e-01,1.729651921943217707e-02
1.124754010109345614e+00,5.357796890626740499e-02
1.243468691087898481e+00,-1.144352389943376763e-02
1.243468691087898481e+00,-1.144352389943376763e-02
1.204063883307896710e+00,-1.891633330870874652e-01
1.166365004552229800e+00,-1.780302822253988781e-01
1.068684186302195416e+00,-1.558832351404086936e-01
1.251114719072812242e+00,2.049090186599705765e-01
1.251114719072812242e+00,2.049090186599705765e-01
1.134256490546237783e+00,1.303238784111686588e-01
1.158510817873824150e+00,6.048179877473970623e-02
1.241391744983824319e+00,1.274711491814011222e-01
1.262163886289741077e+00,7.836689655183774750e-02
1.273678684332982369e+00,2.227655519527417249e-01
1.273678684332982369e+00,2.227655519527417249e-01
1.261900790315977128e+00,3.570055224044788034e-02
1.263788260264974816e+00,2.873433156097028596e-02
1.263788260264974816e+00,2.873433156097028596e-02
1.263788260264974816e+00,2.873433156097028596e-02
1.263788260264974816e+00,2.873433156097028596e-02
1.263788260264974816e+00,2.873433156097028596e-02
1.263788260264974816e+00,2.873433156097028596e-02
1.190016222202231466e+00,1.555704402543722775e-02
1.190016222202231466e+00,1.555704402543722775e-02
1.309440354051961242e+00,-3.522812209311235176e-04
1.309440354051961242e+00,-3.522812209311235176e-04
1.385884169802051868e+00,4.000798159773618495e-02
1.385884169802051868e+00,4.000798159773618495e-02
1.385884169802051868e+00,4.000798159773618495e-02
1.385884169802051868e+00,4.000798159773618495e-02
1.385884169802051868e+00,4.000798159773618495e-02
1.385884169802051868e+00,4.000798159773618495e-02
1.354106143971320675e+00,1.988761025064739174e-01
1.354106143971320675e+00,1.988761025064739174e-01
1.141562735871041401e+00,2.187562981612291013e-01
1.141562735871041401e+00,2.187562981612291013e-01
1.141562735871041401e+00,2.187562981612291013e-01
1.141562735871041401e+00,2.187562981612291013e-01
1.141562735871041401e+00,2.187562981612291013e-01
1.141562735871041401e+00,2.187562981612291013e-01
1.141562735871041401e+00,2.187562981612291013e-01
1.141562735871041401e+00,2.187562981612291013e-01
1.093754167164553426e+00,4.550474850370103685e-02
1.093754167164553426e+00,4.550474850370103685e-02
1.093754167164553426e+00,4.550474850370103685e-02
1.418241545160337180e+00,-1.204800981692941975e-01
1.418241545160337180e+00,-1.204800981692941975e-01
1.418241545160337180e+00,-1.204800981692941975e-01
1.418241545160337180e+00,-1.204800981692941975e-01
1.125722620839889609e+00,-6.775911946049756329e-02
1.104484870183806366e+00,2.579328606966958815e-02
1.104484870183806366e+00,2.579328606966958815e-02
1.104484870183806366e+00,2.579328606966958815e-02
1.104484870183806366e+00,2.579328606966958815e-02
1.104484870183806366e+00,2.579328606966958815e-02
1.309215215045131497e+00,-1.258976455046912357e-01
1.309215215045131497e+00,-1.258976455046912357e-01
1.309215215045131497e+00,-1.258976455046912357e-01
1.275959970535963661e+00,-1.227178411889581627e-01
1.275959970535963661e+00,-1.227178411889581627e-01
1.144106483229641036e+00,-7.079886129404121264e-02
1.228201318896817940e+00,-1.290837929830189190e-01
1.288147147365096279e+00,1.444538869867732500e-01
1.288147147365096279e+00,1.444538869867732500e-01
1.306247507720963208e+00,-6.054274231201112189e-02
1.306247507720963208e+00,-6.054274231201112189e-02
1.376669448303790233e+00,-1.837938266708665641e-02
1.373579114147488900e+00,-4.895096708988713741e-02
1.373579114147488900e+00,-4.895096708988713741e-02
1.373579114147488900e+00,-4.895096708988713741e-02
1.373579114147488900e+00,-4.895096708988713741e-02
1.373579114147488900e+00,-4.895096708988713741e-02
1.373579114147488900e+00,-4.895096708988713741e-02
1.373579114147488900e+00,-4.895096708988713741e-02
1.378869155642451494e+00,-9.899272550829876782e-02
1.044018598153018562e+00,-3.505112150261427417e-02
1.095621657852753117e+00,1.471531490336734360e-01
1.095621657852753117e+00,1.471531490336734360e-01
1.076687052301885439e+00,1.125517007221883414e-01
1.253995673048286408e+00,-9.315208245039105495e-03
1.253995673048286408e+00,-9.315208245039105495e-03
1.253995673048286408e+00,-9.315208245039105495e-03
1.253995673048286408e+00,-9.315208245039105495e-03
1.253995673048286408e+00,-9.315208245039105495e-03
1.253995673048286408e+00,-9.315208245039105495e-03
1.364916621456321533e+00,6.078032815787200172e-02
1.240336691905597810e+00,5.675196332311550906e-02
1.240336691905597810e+00,5.675196332311550906e-02
1.240336691905597810e+00,5.675196332311550906e-02
1.240336691905597810e+00,5.675196332311550906e-02
1.240336691905597810e+00,5.675196332311550906e-02
1.240336691905597810e+00,5.675196332311550906e-02
1.167437405968389630e+00,3.406326251719475617e-02
1.167437405968389630e+00,3.406326251719475617e-02
1.167437405968389630e+00,3.406326251719475617e-02
1.279634395278889780e+00,-5.148978679056236130e-02
1.279634395278889780e+00,-5.148978679056236130e-02
1.309313751975338169e+00,2.603668395136678193e-02
1.309313751975338169e+00,2.603668395136678193e-02
1.309313751975338169e+00,2.603668395136678193e-02
1.309313751975338169e+00,2.603668395136678193e-02
1.331778036640601570e+00,-2.996582948244117667e-02
1.331778036640601570e+00,-2.996582948244117667e-02
1.331778036640601570e+00,-2.996582948244117667e-02
1.331778036640601570e+00,-2.996582948244117667e-02
1.331778036640601570e+00,-2.996582948244117667e-02
1.331778036640601570e+00,-2.996582948244117667e-02
1.331778036640601570e+00,-2.996582948244117667e-02
1.189214696784749670e+00,6.851982905585798922e-02
1.118548503962610630e+00,1.163176840961699932e-01
1.298394470767968434e+00,9.775634249316798863e-02
1.298394470767968434e+00,9.775634249316798863e-02
1.298394470767968434e+00,9.775634249316798863e-02
1.179913132903567252e+00,-9.633994670341310129e-02
1.179913132903567252e+00,-9.633994670341310129e-02
1.179913132903567252e+00,-9.633994670341310129e-02
1.329194739058647379e+00,-1.162442920813773761e-01
1.330849281275233942e+00,-6.975248609131200206e-02
1.395391378532348403e+00,-8.300005255465858767e-02
1.395391378532348403e+00,-8.300005255465858767e-02
1.395391378532348403e+00,-8.300005255465858767e-02
1.339716430916944034e+00,8.687990317554977748e-02
1.279894721263905133e+00,1.056980252562501610e-01
1.384566316041470513e+00,8.073558173034965646e-02
1.218120720470472707e+00,-1.675066454743602551e-02
1.411278589733311550e+00,3.933115757666912765e-03
1.411278589733311550e+00,3.933115757666912765e-03
1.450656790666016160e+00,-2.568007673681610425e-02
1.437155668870874425e+00,-3.000969017013725704e-02
1.375059541490745829e+00,1.838638633449513060e-02
1.375059541490745829e+00,1.838638633449513060e-02
1.375059541490745829e+00,1.838638633449513060e-02
1.350070623740114106e+00,1.357148234717180657e-01
1.350070623740114106e+00,1.357148234717180657e-01
1.350070623740114106e+00,1.357148234717180657e-01
1.350070623740114106e+00,1.357148234717180657e-01
1.353060842256432084e+00,2.756763622357268073e-02
1.263744184462955555e+00,1.035719149709591752e-01
1.144285069870007998e+00,-6.223037661274452570e-03
1.144285069870007998e+00,-6.223037661274452570e-03
1.144285069870007998e+00,-6.223037661274452570e-03
1.091159111418338989e+00,-1.260647721794874443e-01
1.123669179756751069e+00,-7.132902359223053379e-02
1.123669179756751069e+00,-7.132902359223053379e-02
1.123669179756751069e+00,-7.132902359223053379e-02
1.123669179756751069e+00,-7.132902359223053379e-02
1.123669179756751069e+00,-7.132902359223053379e-02
1.280788318966212147e+00,4.329138091519246778e-03
1.280788318966212147e+00,4.329138091519246778e-03
1.273574325217629921e+00,-7.301878852180673785e-02
1.273574325217629921e+00,-7.301878852180673785e-02
1.273574325217629921e+00,-7.301878852180673785e-02
1.267400015243197675e+00,4.703590287485084898e-03
1.267400015243197675e+00,4.703590287485084898e-03
1.267400015243197675e+00,4.703590287485084898e-03
1.444986932887509123e+00,1.078722679350450214e-01
1.444986932887509123e+00,1.078722679350450214e-01
1.444986932887509123e+00,1.078722679350450214e-01
1.349089240399248713e+00,2.262201635474989647e-01
1.349089240399248713e+00,2.262201635474989647e-01
1.377430296697221168e+00,1.714029251679903276e-01
1.076792235624241201e+00,1.168580593863972339e-01
1.246401078060674461e+00,-2.316102238278522352e-02
1.246401078060674461e+00,-2.316102238278522352e-02
1.246401078060674461e+00,-2.316102238278522352e-02
1.246401078060674461e+00,-2.316102238278522352e-02
1.246401078060674461e+00,-2.316102238278522352e-02
1.433120215155674115e+00,-1.207545207698560719e-01
1.111018567664457946e+00,-1.254469767064794183e-01
1.090462754040236515e+00,1.967412983844921137e-02
1.090462754040236515e+00,1.967412983844921137e-02
1.230690762879844247e+00,-2.031862928734914087e-01
1.158506990956764238e+00,-9.845166333625501864e-02
1.158506990956764238e+00,-9.845166333625501864e-02
1.158506990956764238e+00,-9.845166333625501864e-02
1.158506990956764238e+00,-9.845166333625501864e-02
1.158506990956764238e+00,-9.845166333625501864e-02
1.158506990956764238e+00,-9.845166333625501864e-02
1.158506990956764238e+00,-9.845166333625501864e-02
1.158506990956764238e+00,-9.845166333625501864e-02
1.158506990956764238e+00,-9.845166333625501864e-02
1.190114824583743403e+00,-5.424277319603666714e-02
1.283831629283722409e+00,1.105254312067828065e-01
1.092875816676094347e+00,-2.158552363459252665e-02
1.092875816676094347e+00,-2.158552363459252665e-02
1.284459145231168220e+00,2.954689776974780968e-02
1.284459145231168220e+00,2.954689776974780968e-02
1.370550255092773506e+00,-7.142881283239239931e-02
1.370550255092773506e+00,-7.142881283239239931e-02
1.370550255092773506e+00,-7.142881283239239931e-02
1.370550255092773506e+00,-7.142881283239239931e-02
1.370550255092773506e+00,-7.142881283239239931e-02
1.370550255092773506e+00,-7.142881283239239931e-02
1.118609263144484611e+00,-9.755964755609536354e-02
1.118609263144484611e+00,-9.755964755609536354e-02
1.118609263144484611e+00,-9.755964755609536354e-02
1.239833365172037460e+00,-1.089273024642997967e-01
1.325426956715159532e+00,-1.069243246273993836e-01
1.325426956715159532e+00,-1.069243246273993836e-01
1.415254376837215222e+00,-2.737892588490295487e-02
1.214618337726755648e+00,9.013404290233578697e-02
1.214618337726755648e+00,9.013404290233578697e-02
1.214618337726755648e+00,9.013404290233578697e-02
1.309879393948357063e+00,1.449777949857565806e-01
1.349164112251918235e+00,1.426889633272036273e-01
1.349164112251918235e+00,1.426889633272036273e-01
1.323668411225955799e+00,2.340278164642559666e-01
1.232405558434080284e+00,1.378138681560264200e-01
1.232405558434080284e+00,1.378138681560264200e-01
1.146143039089774884e+00,5.199475684610123383e-02
1.146143039089774884e+00,5.199475684610123383e-02
1.195837244437550018e+00,2.153860539217981040e-01
1.104172813778067752e+00,1.241435185600271024e-01
1.104172813778067752e+00,1.241435185600271024e-01
1.104172813778067752e+00,1.241435185600271024e-01
1.104172813778067752e+00,1.241435185600271024e-01
1.104172813778067752e+00,1.241435185600271024e-01
1.210142503031785166e+00,5.021058796291474891e-02
1.210142503031785166e+00,5.021058796291474891e-02
1.210142503031785166e+00,5.021058796291474891e-02
1.210142503031785166e+00,5.021058796291474891e-02
1.210142503031785166e+00,5.021058796291474891e-02
1.210142503031785166e+00,5.021058796291474891e-02
1.125932158362915603e+00,1.610048961435571746e-01
1.116513724202821578e+00,2.750896166541430543e-01
1.116513724202821578e+00,2.750896166541430543e-01
1.116513724202821578e+00,2.750896166541430543e-01
1.037683650253955037e+00,1.493716556418752395e-01
9.078524147008522061e-01,1.669579316886568299e-01
1.023475307187572181e+00,1.521752515280177243e-01
9.927911255393870871e-01,5.792160854322429830e-02
9.648588704120532045e-01,-1.788044940726658816e-02
1.023274899160078188e+00,-7.623047494610160624e-02
1.107345439785596408e+00,3.724456666015710238e-02
1.107345439785596408e+00,3.724456666015710238e-02
1.026880279592083944e+00,-2.821759645279721396e-02
1.026880279592083944e+00,-2.821759645279721396e-02
1.026880279592083944e+00,-2.821759645279721396e-02
8.718740306019401309e-01,-5.076079319185729244e-02
1.120261929388504107e+00,-1.804234068637518562e-01
1.120261929388504107e+00,-1.804234068637518562e-01
1.120261929388504107e+00,-1.804234068637518562e-01
1.212770168817170813e+00,-1.048910959787938135e-02
1.212770168817170813e+00,-1.048910959787938135e-02
1.277083556828779276e+00,-1.305431848686756935e-01
1.274325075152030751e+00,-1.133137924153562737e-02
1.274325075152030751e+00,-1.133137924153562737e-02
1.274325075152030751e+00,-1.133137924153562737e-02
1.274325075152030751e+00,-1.133137924153562737e-02
1.274325075152030751e+00,-1.133137924153562737e-02
1.274325075152030751e+00,-1.133137924153562737e-02
1.274325075152030751e+00,-1.133137924153562737e-02
1.274325075152030751e+00,-1.133137924153562737e-02
1.126218610537881970e+00,6.921276546515035821e-02
1.126218610537881970e+00,6.921276546515035821e-02
1.126218610537881970e+00,6.921276546515035821e-02
1.126218610537881970e+00,6.921276546515035821e-02
1.126218610537881970e+00,6.921276546515035821e-02
1.203348551768232744e+00,-1.209874118350513644e-01
1.203348551768232744e+00,-1.209874118350513644e-01
1.285088728525615176e+00,1.042944309294190075e-02
1.311559592193077384e+00,1.351664739823192907e-01
1.263749820504158627e+00,1.138413876156384036e-01
1.263749820504158627e+00,1.138413876156384036e-01
1.263749820504158627e+00,1.138413876156384036e-01
1.263749820504158627e+00,1.138413876156384036e-01
1.296370458758461686e+00,-2.038055960698832714e-02
1.272713737208742479e+00,-2.361588609052451410e-02
1.272713737208742479e+00,-2.361588609052451410e-02
1.272713737208742479e+00,-2.361588609052451410e-02
1.222669594646829561e+00,-1.109076660062408536e-02
1.222669594646829561e+00,-1.109076660062408536e-02
1.222669594646829561e+00,-1.109076660062408536e-02
1.288624461954064992e+00,-1.822172324594150197e-02
1.145286743702340182e+00,-1.759185616135692798e-01
1.055870047290461411e+00,-1.473977476786234309e-01
1.033752426188445650e+00,-7.861749880250849809e-02
1.033752426188445650e+00,-7.861749880250849809e-02
1.033752426188445650e+00,-7.861749880250849809e-02
1.033752426188445650e+00,-7.861749880250849809e-02
1.033752426188445650e+00,-7.861749880250849809e-02
1.027849114718161871e+00,-4.060997769673761054e-02
1.027849114718161871e+00,-4.060997769673761054e-02
9.563996299084569497e-01,8.470332481916767464e-02
1.103565538612408581e+00,2.730621776328437944e-01
1.103565538612408581e+00,2.730621776328437944e-01
1.022946609774842974e+00,1.056634711295962870e-01
1.022946609774842974e+00,1.056634711295962870e-01
1.131653346978460206e+00,1.767953508302934074e-01
1.131653346978460206e+00,1.767953508302934074e-01
1.131653346978460206e+00,1.767953508302934074e-01
1.131653346978460206e+00,1.767953508302934074e-01
1.131653346978460206e+00,1.767953508302934074e-01
1.215546617578465938e+00,5.266242970282440650e-02
1.215546617578465938e+00,5.266242970282440650e-02
1.194550332471695064e+00,-1.239396789356312228e-01
1.194550332471695064e+00,-1.239396789356312228e-01
1.268613163172712444e+00,-2.099195653952566631e-02
1.268613163172712444e+00,-2.099195653952566631e-02
1.268613163172712444e+00,-2.099195653952566631e-02
1.268613163172712444e+00,-2.099195653952566631e-02
1.194803534788306587e+00,-4.157634554455899578e-02
1.099302739217530966e+00,-1.527201048323643673e-01
1.099302739217530966e+00,-1.527201048323643673e-01
1.099302739217530966e+00,-1.527201048323643673e-01
1.099302739217530966e+00,-1.527201048323643673e-01
1.099302739217530966e+00,-1.527201048323643673e-01
1.099302739217530966e+00,-1.527201048323643673e-01
1.385709288879080958e+00,8.715155253001649616e-03
1.385709288879080958e+00,8.715155253001649616e-03
1.405000655986869074e+00,2.518022285671158711e-01
1.532922917473804159e+00,1.354490857635656798e-01
1.532922917473804159e+00,1.354490857635656798e-01
1.532922917473804159e+00,1.354490857635656798e-01
1.269479644480272507e+00,1.288514904969413621e-01
1.269479644480272507e+00,1.288514904969413621e-01
1.384935073170237674e+00,8.437936867916911998e-02
1.384935073170237674e+00,8.437936867916911998e-02
1.384935073170237674e+00,8.437936867916911998e-02
1.332420911106486194e+00,7.309046736217857110e-02
1.332420911106486194e+00,7.309046736217857110e-02
1.332420911106486194e+00,7.309046736217857110e-02
1.134884153056664013e+00,1.565148135742598368e-01
1.119708568922909375e+00,1.430343233950762682e-01
1.119708568922909375e+00,1.430343233950762682e-01
1.147454925465777986e+00,2.430668958385436007e-02
1.147454925465777986e+00,2.430668958385436007e-02
1.147454925465777986e+00,2.430668958385436007e-02
1.147454925465777986e+00,2.430668958385436007e-02
1.101586587341061962e+00,8.071885094916395054e-03
1.125786874375218849e+00,-6.310379133334370616e-02
1.125786874375218849e+00,-6.310379133334370616e-02
1.125786874375218849e+00,-6.310379133334370616e-02
1.125786874375218849e+00,-6.310379133334370616e-02
1.125786874375218849e+00,-6.310379133334370616e-02
1.125786874375218849e+00,-6.310379133334370616e-02
1.227995469939428874e+00,-2.014571926512132294e-01
1.245846400640108431e+00,-7.004684341489486599e-03
1.194919200449598318e+00,-1.325691854999081279e-02
1.194919200449598318e+00,-1.325691854999081279e-02
1.194919200449598318e+00,-1.325691854999081279e-02
1.140807560869072868e+00,4.643652660516135733e-02
1.140807560869072868e+00,4.643652660516135733e-02
1.140807560869072868e+00,4.643652660516135733e-02
1.140807560869072868e+00,4.643652660516135733e-02
1.140807560869072868e+00,4.643652660516135733e-02
1.248195481126327167e+00,-1.129968312422335169e-01
1.248195481126327167e+00,-1.129968312422335169e-01
1.248195481126327167e+00,-1.129968312422335169e-01
1.209837612903454485e+00,-1.321264964015048948e-01
1.030707118810558098e+00,-5.852902313504274034e-02
1.030707118810558098e+00,-5.852902313504274034e-02
1.030707118810558098e+00,-5.852902313504274034e-02
1.149602921803147382e+00,-1.766237534843480006e-01
1.149602921803147382e+00,-1.766237534843480006e-01
1.149602921803147382e+00,-1.766237534843480006e-01
1.107363922037910342e+00,5.588953191406575982e-02
1.107363922037910342e+00,5.588953191406575982e-02
1.107363922037910342e+00,5.588953191406575982e-02
1.352309574741327403e+00,4.443055979823706120e-02
1.352309574741327403e+00,4.443055979823706120e-02
1.352309574741327403e+00,4.443055979823706120e-02
1.352309574741327403e+00,4.443055979823706120e-02
1.144858522460019179e+00,-1.014568523847673293e-02
1.144858522460019179e+00,-1.014568523847673293e-02
1.144858522460019179e+00,-1.014568523847673293e-02
1.144858522460019179e+00,-1.014568523847673293e-02
1.144858522460019179e+00,-1.014568523847673293e-02
1.203541601782228687e+00,-1.740445329922313614e-03
1.203541601782228687e+00,-1.740445329922313614e-03
1.203541601782228687e+00,-1.740445329922313614e-03
1.203541601782228687e+00,-1.740445329922313614e-03
1.369371713420950210e+00,1.193856153777854076e-02
1.369371713420950210e+00,1.193856153777854076e-02
1.312804364965584281e+00,-6.508194857772048314e-02
1.175287890795052137e+00,3.101133622591538408e-02
1.168109099689738306e+00,1.547096478851934902e-02
1.176855804321360610e+00,6.253923455864980607e-02
1.176855804321360610e+00,6.253923455864980607e-02
1.148807476780477677e+00,8.487752927264170799e-02
1.148807476780477677e+00,8.487752927264170799e-02
1.148807476780477677e+00,8.487752927264170799e-02
1.148807476780477677e+00,8.487752927264170799e-02
1.148807476780477677e+00,8.487752927264170799e-02
1.148807476780477677e+00,8.487752927264170799e-02
1.148807476780477677e+00,8.487752927264170799e-02
1.343093230428357376e+00,6.643808410637407069e-02
1.341992020687836851e+00,1.974376207261534233e-02
1.227421879525676607e+00,-1.114800400234774655e-02
1.249687247948230384e+00,1.235703681956030475e-01
1.249687247948230384e+00,1.235703681956030475e-01
1.249687247948230384e+00,1.235703681956030475e-01
1.249687247948230384e+00,1.235703681956030475e-01
1.249687247948230384e+00,1.235703681956030475e-01
1.249687247948230384e+00,1.235703681956030475e-01
1.278701153876164565e+00,-1.657584116166324617e-02
1.278701153876164565e+00,-1.657584116166324617e-02
1.278701153876164565e+00,-1.657584116166324617e-02
1.278701153876164565e+00,-1.657584116166324617e-02
1.171236828862773249e+00,4.336421855177109014e-02
1.171236828862773249e+00,4.336421855177109014e-02
1.171236828862773249e+00,4.336421855177109014e-02
1.318454539472750264e+00,1.860612872533333809e-02
1.354352232689790103e+00,2.047803204645065045e-01
1.354352232689790103e+00,2.047803204645065045e-01
1.172465063866199086e+00,1.151362349507920046e-02
1.172465063866199086e+00,1.151362349507920046e-02
1.172465063866199086e+00,1.151362349507920046e-02
1.297579143617241249e+00,1.340453591957532775e-01
1.297579143617241249e+00,1.340453591957532775e-01
1.297579143617241249e+00,1.340453591957532775e-01
1.297579143617241249e+00,1.340453591957532775e-01
1.297579143617241249e+00,1.340453591957532775e-01
1.297579143617241249e+00,1.340453591957532775e-01
1.297579143617241249e+00,1.340453591957532775e-01
1.335604102988258379e+00,1.232069950956315441e-01
1.335604102988258379e+00,1.232069950956315441e-01
1.422540481692549097e+00,5.462329979411435776e-02
1.226089575296444023e+00,-1.882294001392937899e-01
1.226089575296444023e+00,-1.882294001392937899e-01
1.286674776176084167e+00,-1.443307270908648354e-01
1.286674776176084167e+00,-1.443307270908648354e-01
1.286674776176084167e+00,-1.443307270908648354e-01
1.366166625792324396e+00,-1.862479686674501367e-01
1.366166625792324396e+00,-1.862479686674501367e-01
1.366166625792324396e+00,-1.862479686674501367e-01
1.366166625792324396e+00,-1.862479686674501367e-01
1.443339845104563812e+00,3.010846336576725180e-02
1.443339845104563812e+00,3.010846336576725180e-02
1.310821121387723442e+00,1.421691736486424273e-01
1.310821121387723442e+00,1.421691736486424273e-01
1.310821121387723442e+00,1.421691736486424273e-01
1.310821121387723442e+00,1.421691736486424273e-01
1.310821121387723442e+00,1.421691736486424273e-01
1.210315963099421799e+00,1.487219228883126798e-01
1.210315963099421799e+00,1.487219228883126798e-01
1.233093540299258661e+00,8.800766819905325722e-03
1.183698331809876603e+00,-6.550775979366247823e-03
1.183698331809876603e+00,-6.550775979366247823e-03
1.183698331809876603e+00,-6.550775979366247823e-03
1.183698331809876603e+00,-6.550775979366247823e-03
1.146903192859972886e+00,-1.051193407524491329e-02
1.146903192859972886e+00,-1.051193407524491329e-02
1.138499336629303471e+00,7.333467147987764168e-02
1.138499336629303471e+00,7.333467147987764168e-02
1.138499336629303471e+00,7.333467147987764168e-02
1.138499336629303471e+00,7.333467147987764168e-02
1.205904751216912318e+00,-8.091256716189751397e-03
1.205904751216912318e+00,-8.091256716189751397e-03
1.205904751216912318e+00,-8.091256716189751397e-03
1.202650765313462822e+00,1.400752439898950152e-01
1.202650765313462822e+00,1.400752439898950152e-01
1.202650765313462822e+00,1.400752439898950152e-01
1.283977849382082592e+00,8.337353413453132966e-02
1.221583703295672896e+00,-1.132228510345489603e-01
1.221583703295672896e+00,-1.132228510345489603e-01
1.221583703295672896e+00,-1.132228510345489603e-01
1.221583703295672896e+00,-1.132228510345489603e-01
1.112720736430308888e+00,-2.952147178441889841e-02
1.383094991896244075e+00,-1.157208050833778562e-01
1.144258803861120333e+00,-3.728081862378375411e-02
1.194438452724203570e+00,7.099125337144188141e-02
1.194438452724203570e+00,7.099125337144188141e-02
1.194438452724203570e+00,7.099125337144188141e-02
1.174954124890382090e+00,-2.865899563050743060e-02
1.174954124890382090e+00,-2.865899563050743060e-02
1.151579268379424592e+00,-2.163626715169577053e-01
1.151579268379424592e+00,-2.163626715169577053e-01
1.151579268379424592e+00,-2.163626715169577053e-01
1.140725916362060000e+00,5.635931400457505625e-02
1.140725916362060000e+00,5.635931400457505625e-02
1.140725916362060000e+00,5.635931400457505625e-02
1.140725916362060000e+00,5.635931400457505625e-02
1.140725916362060000e+00,5.635931400457505625e-02
1.140725916362060000e+00,5.635931400457505625e-02
1.201392317988174474e+00,1.537479169375388643e-01
1.243111030923981675e+00,2.752813472771978298e-02
1.243111030923981675e+00,2.752813472771978298e-02
1.243111030923981675e+00,2.752813472771978298e-02
1.243111030923981675e+00,2.752813472771978298e-02
1.391226773545311657e+00,1.115339485755081766e-01
1.391226773545311657e+00,1.115339485755081766e-01
1.391226773545311657e+00,1.115339485755081766e-01
1.391226773545311657e+00,1.115339485755081766e-01
1.391226773545311657e+00,1.115339485755081766e-01
1.284664215138364929e+00,2.725827537989189420e-02
1.284664215138364929e+00,2.725827537989189420e-02
1.214016160832180224e+00,1.029398759057286589e-01
1.214016160832180224e+00,1.029398759057286589e-01
1.214016160832180224e+00,1.029398759057286589e-01
1.214016160832180224e+00,1.029398759057286589e-01
1.309750227668451839e+00,-2.543983672400361440e-02
1.309750227668451839e+00,-2.543983672400361440e-02
1.270312744432099183e+00,1.137246878336342637e-02
1.270312744432099183e+00,1.137246878336342637e-02
1.349111363163521871e+00,1.547914719094156503e-02
1.349111363163521871e+00,1.547914719094156503e-02
1.349111363163521871e+00,1.547914719094156503e-02
1.188891526118200481e+00,-3.098712744795538432e-02
1.188891526118200481e+00,-3.098712744795538432e-02
1.188891526118200481e+00,-3.098712744795538432e-02
1.188891526118200481e+00,-3.098712744795538432e-02
1.188891526118200481e+00,-3.098712744795538432e-02
1.295429049977805835e+00,-5.932779815031852255e-02
1.295429049977805835e+00,-5.932779815031852255e-02
1.295429049977805835e+00,-5.932779815031852255e-02
1.295429049977805835e+00,-5.932779815031852255e-02
1.295429049977805835e+00,-5.932779815031852255e-02
1.295429049977805835e+00,-5.932779815031852255e-02
1.276956786992158088e+00,-5.768509820882859046e-02
1.276956786992158088e+00,-5.768509820882859046e-02
1.276956786992158088e+00,-5.768509820882859046e-02
1.171250605072069018e+00,8.521088695690054449e-02
1.171250605072069018e+00,8.521088695690054449e-02
1.171250605072069018e+00,8.521088695690054449e-02
1.150020607585005683e+00,-1.058671148890151792e-01
1.278086962203033972e+00,1.805768056828477297e-01
1.278086962203033972e+00,1.805768056828477297e-01
1.278086962203033972e+00,1.805768056828477297e-01
1.394001953285342488e+00,7.694946534289981432e-02
1.394001953285342488e+00,7.694946534289981432e-02
1.394001953285342488e+00,7.694946534289981432e-02
1.394001953285342488e+00,7.694946534289981432e-02
1.394001953285342488e+00,7.694946534289981432e-02
1.354171583172288917e+00,-1.244005139687746897e-02
1.250114063466981840e+00,-1.256118723038550551e-02
1.250114063466981840e+00,-1.256118723038550551e-02
1.250114063466981840e+00,-1.256118723038550551e-02
1.250114063466981840e+00,-1.256118723038550551e-02
1.250114063466981840e+00,-1.256118723038550551e-02
1.347478813033662792e+00,8.789024540693743393e-02
1.347478813033662792e+00,8.789024540693743393e-02
1.311931607258908006e+00,-3.281653649615190460e-03
1.311931607258908006e+00,-3.281653649615190460e-03
1.311931607258908006e+00,-3.281653649615190460e-03
1.311931607258908006e+00,-3.281653649615190460e-03
1.462167722360927513e+00,2.691013809777400081e-02
1.422897300127020426e+00,8.765298325464677964e-02
1.320704633563262176e+00,1.032903144593307065e-01
1.320704633563262176e+00,1.032903144593307065e-01
1.292407221690753172e+00,-3.333047541097253208e-02
1.292407221690753172e+00,-3.333047541097253208e-02
1.292407221690753172e+00,-3.333047541097253208e-02
1.237377601946622940e+00,-5.863232808033477794e-02
1.237377601946622940e+00,-5.863232808033477794e-02
1.237377601946622940e+00,-5.863232808033477794e-02
1.172840872935183798e+00,-8.635883075741290771e-02
1.172840872935183798e+00,-8.635883075741290771e-02
1.167222033478541032e+00,-2.871650049691731876e-02
1.167222033478541032e+00,-2.871650049691731876e-02
1.238109122376952920e+00,-5.515173466645541256e-02
1.428929599346151491e+00,-1.276596792697337335e-01
1.433090399097745493e+00,-1.019544697057924443e-01
1.272008053558241203e+00,-2.546100482189786463e-02
1.284374643151428463e+00,-1.313101643357542959e-02
1.284374643151428463e+00,-1.313101643357542959e-02
1.340745823816166027e+00,-3.129254163259713450e-02
1.340745823816166027e+00,-3.129254163259713450e-02
1.359280192834310563e+00,-1.069675528226171207e-01
1.331011354408931036e+00,-7.728352444961220091e-02
1.331011354408931036e+00,-7.728352444961220091e-02
1.326000790987740485e+00,-1.267957131194302756e-01
1.326000790987740485e+00,-1.267957131194302756e-01
1.326000790987740485e+00,-1.267957131194302756e-01
1.246010756986127621e+00,2.402329335415331335e-01
1.246010756986127621e+00,2.402329335415331335e-01
1.246010756986127621e+00,2.402329335415331335e-01
9.752559617586412655e-01,1.086655458806408403e-01
9.752559617586412655e-01,1.086655458806408403e-01
9.752559617586412655e-01,1.086655458806408403e-01
1.222318165001607726e+00,1.285025055692625706e-01
1.222318165001607726e+00,1.285025055692625706e-01
1.222318165001607726e+00,1.285025055692625706e-01
1.222318165001607726e+00,1.285025055692625706e-01
1.315847821035756038e+00,1.371370002723976134e-02
1.315847821035756038e+00,1.371370002723976134e-02
1.241194124337185567e+00,1.368334377379455957e-01
1.271012863923360214e+00,9.418662551097695124e-02
1.271012863923360214e+00,9.418662551097695124e-02
1.267166354785474791e+00,9.449135958790388923e-02
1.155051037869734065e+00,5.550587266718539498e-02
1.155051037869734065e+00,5.550587266718539498e-02
1.091828642093671808e+00,2.328310449348475197e-03
1.091828642093671808e+00,2.328310449348475197e-03
1.091828642093671808e+00,2.328310449348475197e-03
1.091828642093671808e+00,2.328310449348475197e-03
1.304755814729808394e+00,-7.496258190233362484e-02
1.304755814729808394e+00,-7.496258190233362484e-02
1.304755814729808394e+00,-7.496258190233362484e-02
1.337553146868970977e+00,-1.208220797063835061e-01
1.253496563675410291e+00,-1.508366891589154324e-01
1.290779571351308164e+00,-1.799972106877245626e-02
1.290779571351308164e+00,-1.799972106877245626e-02
1.290779571351308164e+00,-1.799972106877245626e-02
1.290779571351308164e+00,-1.799972106877245626e-02
1.338115404316813084e+00,8.638200238370145889e-02
1.211592132031963365e+00,-1.797992726935759844e-03
1.211592132031963365e+00,-1.797992726935759844e-03
1.211592132031963365e+00,-1.797992726935759844e-03
1.196179394948154950e+00,3.754243395645680270e-02
1.196179394948154950e+00,3.754243395645680270e-02
1.196179394948154950e+00,3.754243395645680270e-02
1.196179394948154950e+00,3.754243395645680270e-02
1.051661098200743050e+00,8.296022165037217344e-02
1.051661098200743050e+00,8.296022165037217344e-02
1.051661098200743050e+00,8.296022165037217344e-02
1.077901733127378137e+00,-1.350311194562348605e-01
1.077901733127378137e+00,-1.350311194562348605e-01
1.077901733127378137e+00,-1.350311194562348605e-01
1.077901733127378137e+00,-1.350311194562348605e-01
1.246952356949895480e+00,-1.572153980637851778e-01
1.102874114410188344e+00,-1.431145821954415975e-03
1.102874114410188344e+00,-1.431145821954415975e-03
1.115647850369938743e+00,7.736455069504574733e-02
1.187004903802729938e+00,3.800451591864232453e-02
1.187004903802729938e+00,3.800451591864232453e-02
1.187004903802729938e+00,3.800451591864232453e-02
1.187004903802729938e+00,3.800451591864232453e-02
1.187004903802729938e+00,3.800451591864232453e-02
1.179190095671072802e+00,1.512634022937422440e-01
1.187817897288953262e+00,8.381497257178757709e-02
1.093477169247072389e+00,2.082353471449009397e-01
1.006136237212177820e+00,1.240804032016421810e-01
1.142874130563116930e+00,2.992482951772776345e-03
1.142874130563116930e+00,2.992482951772776345e-03
1.229952132688945321e+00,-1.175817480327547015e-01
1.264161657190806531e+00,-1.089088257252048136e-01
1.264161657190806531e+00,-1.089088257252048136e-01
1.264161657190806531e+00,-1.089088257252048136e-01
1.223363530513548181e+00,-5.144632426546048853e-02
1.223363530513548181e+00,-5.144632426546048853e-02
1.223363530513548181e+00,-5.144632426546048853e-02
1.223363530513548181e+00,-5.144632426546048853e-02
1.223363530513548181e+00,-5.144632426546048853e-02
1.223363530513548181e+00,-5.144632426546048853e-02
1.388255880549309040e+00,-5.704212544268391638e-02
1.366915189877119907e+00,-3.779433650311384008e-02
1.366915189877119907e+00,-3.779433650311384008e-02
1.366915189877119907e+00,-3.779433650311384008e-02
1.275597568904760282e+00,-2.316019035086650316e-02
1.275597568904760282e+00,-2.316019035086650316e-02
1.275597568904760282e+00,-2.316019035086650316e-02
1.210999195389796279e+00,-1.492688246647636829e-01
1.210999195389796279e+00,-1.492688246647636829e-01
1.074526562306197697e+00,-4.725743408168781023e-04
1.074526562306197697e+00,-4.725743408168781023e-04
1.255620726952294319e+00,-7.329400162162190424e-02
1.255620726952294319e+00,-7.329400162162190424e-02
1.255620726952294319e+00,-7.329400162162190424e-02
1.255620726952294319e+00,-7.329400162162190424e-02
1.255620726952294319e+00,-7.329400162162190424e-02
1.255620726952294319e+00,-7.329400162162190424e-02
1.255620726952294319e+00,-7.329400162162190424e-02
1.335148501195242865e+00,1.059045571868509200e-01
1.335148501195242865e+00,1.059045571868509200e-01
1.370686487038819790e+00,-1.499088854348225031e-01
1.370686487038819790e+00,-1.499088854348225031e-01
1.370686487038819790e+00,-1.499088854348225031e-01
1.370686487038819790e+00,-1.499088854348225031e-01
1.370686487038819790e+00,-1.499088854348225031e-01
1.370686487038819790e+00,-1.499088854348225031e-01
1.356285698884612367e+00,-1.610523553025037247e-01
1.356285698884612367e+00,-1.610523553025037247e-01
1.356285698884612367e+00,-1.610523553025037247e-01
1.356285698884612367e+00,-1.610523553025037247e-01
1.333362949868633462e+00,-1.514504574767182032e-01
1.233294562422902807e+00,1.305360310352062236e-01
1.384320587010338111e+00,4.240476341608437338e-02
1.201489147175902161e+00,3.610872381466737752e-02
1.186929701515303970e+00,1.151435735262040516e-01
1.186929701515303970e+00,1.151435735262040516e-01
1.257639438369380303e+00,-2.513701236140306050e-02
1.257639438369380303e+00,-2.513701236140306050e-02
1.257639438369380303e+00,-2.513701236140306050e-02
1.180924856325053618e+00,-2.393886785853396176e-02
1.185752467912860819e+00,2.648437363443397613e-02
1.185752467912860819e+00,2.648437363443397613e-02
1.185752467912860819e+00,2.648437363443397613e-02
1.185752467912860819e+00,2.648437363443397613e-02
1.185752467912860819e+00,2.648437363443397613e-02
1.185752467912860819e+00,2.648437363443397613e-02
1.185752467912860819e+00,2.648437363443397613e-02
1.185752467912860819e+00,2.648437363443397613e-02
1.115827354172707064e+00,-7.858321314803876079e-02
1.115827354172707064e+00,-7.858321314803876079e-02
1.196386260623722331e+00,-1.113786268490821324e-01
1.196386260623722331e+00,-1.113786268490821324e-01
1.196386260623722331e+00,-1.113786268490821324e-01
1.321570951196354926e+00,9.384513448924085288e-02
1.321570951196354926e+00,9.384513448924085288e-02
1.442552827644500546e+00,3.046463798604484574e-02
1.442552827644500546e+00,3.046463798604484574e-02
1.427492395249051249e+00,-1.234828120098558635e-01
1.427492395249051249e+00,-1.234828120098558635e-01
1.436197398374744916e+00,-1.842357522800728009e-01
1.436197398374744916e+00,-1.842357522800728009e-01
1.436197398374744916e+00,-1.842357522800728009e-01
1.436197398374744916e+00,-1.842357522800728009e-01
1.293946291133638571e+00,-2.186190134294073717e-01
1.293946291133638571e+00,-2.186190134294073717e-01
1.293946291133638571e+00,-2.186190134294073717e-01
1.293946291133638571e+00,-2.186190134294073717e-01
1.284242466914489178e+00,-1.653317121357012198e-01
1.130164509326606614e+00,-1.732085890748525092e-01
1.130164509326606614e+00,-1.732085890748525092e-01
1.130164509326606614e+00,-1.732085890748525092e-01
1.088695562531807992e+00,-1.418906362901768137e-01
1.088695562531807992e+00,-1.418906362901768137e-01
1.135334724489746927e+00,-2.481805089208068138e-02
1.135334724489746927e+00,-2.481805089208068138e-02
1.135334724489746927e+00,-2.481805089208068138e-02
1.135334724489746927e+00,-2.481805089208068138e-02
1.216865917955091136e+00,-3.064296508439533911e-02
1.216865917955091136e+00,-3.064296508439533911e-02
1.231901870896231044e+00,7.358550086583168226e-02
1.090860703357822814e+00,4.747237029985890144e-02
1.090860703357822814e+00,4.747237029985890144e-02
1.402185786059321870e+00,-9.533661848980234943e-02
1.402185786059321870e+00,-9.533661848980234943e-02
1.402185786059321870e+00,-9.533661848980234943e-02
1.402185786059321870e+00,-9.533661848980234943e-02
1.441624206341376002e+00,-1.557605071569150013e-01
1.321079069692282726e+00,-8.364461621332543173e-02
1.321079069692282726e+00,-8.364461621332543173e-02
1.321079069692282726e+00,-8.364461621332543173e-02
1.321079069692282726e+00,-8.364461621332543173e-02
1.321079069692282726e+00,-8.364461621332543173e-02
1.321079069692282726e+00,-8.364461621332543173e-02
1.284264502016914333e+00,1.013775580263473891e-01
1.284264502016914333e+00,1.013775580263473891e-01
1.284264502016914333e+00,1.013775580263473891e-01
1.353855143365144453e+00,7.807153708651895507e-02
1.377334631647755492e+00,-6.016441277886863670e-02
1.345009320464143121e+00,-9.727207120113395833e-02
1.345009320464143121e+00,-9.727207120113395833e-02
1.427613423149882710e+00,-2.103940364084407044e-02
1.427613423149882710e+00,-2.103940364084407044e-02
1.371198287639221469e+00,1.145392302942167956e-01
1.195714198009014240e+00,4.522832097836508580e-02
1.195714198009014240e+00,4.522832097836508580e-02
1.296975656219968798e+00,1.109021814552536567e-01
1.326710044988049120e+00,-4.886650938135861377e-02
1.326710044988049120e+00,-4.886650938135861377e-02
1.326710044988049120e+00,-4.886650938135861377e-02
1.199159467431522019e+00,1.057163420600974735e-01
1.199159467431522019e+00,1.057163420600974735e-01
1.234338372638235537e+00,2.449106888243700320e-01
1.234338372638235537e+00,2.449106888243700320e-01
1.234338372638235537e+00,2.449106888243700320e-01
1.234338372638235537e+00,2.449106888243700320e-01
1.234338372638235537e+00,2.449106888243700320e-01
1.229167180580872376e+00,1.014551561116311396e-01
1.214105667376655262e+00,1.028098530170053065e-01
1.365940520658023072e+00,1.168278300612791698e-01
1.365940520658023072e+00,1.168278300612791698e-01
1.365940520658023072e+00,1.168278300612791698e-01
1.365940520658023072e+00,1.168278300612791698e-01
1.209253777376714689e+00,1.217567293795852601e-01
1.030054677875781088e+00,-1.765305104287187565e-02
1.030054677875781088e+00,-1.765305104287187565e-02
1.030054677875781088e+00,-1.765305104287187565e-02
1.030054677875781088e+00,-1.765305104287187565e-02
1.030054677875781088e+00,-1.765305104287187565e-02
1.030054677875781088e+00,-1.765305104287187565e-02
9.928385480738115554e-01,1.108790528991324409e-01
9.928385480738115554e-01,1.108790528991324409e-01
9.928385480738115554e-01,1.108790528991324409e-01
9.928385480738115554e-01,1.108790528991324409e-01
9.928385480738115554e-01,1.108790528991324409e-01
1.076861524801468128e+00,2.391803886780321797e-01
1.076861524801468128e+00,2.391803886780321797e-01
1.042888274934979043e+00,-3.298952470585289620e-02
1.042888274934979043e+00,-3.298952470585289620e-02
1.213195834849913446e+00,-1.251490275458354562e-01
1.189784469107578735e+00,-1.134678206710623971e-01
1.189784469107578735e+00,-1.134678206710623971e-01
1.138120658644891092e+00,-2.034158328940939564e-02
1.138120658644891092e+00,-2.034158328940939564e-02
1.138120658644891092e+00,-2.034158328940939564e-02
1.257753751962051858e+00,-1.431607491733760673e-01
1.257753751962051858e+00,-1.431607491733760673e-01
1.257753751962051858e+00,-1.431607491733760673e-01
1.396529264511421564e+00,-2.333584037682810697e-02
1.396529264511421564e+00,-2.333584037682810697e-02
1.396529264511421564e+00,-2.333584037682810697e-02
1.396529264511421564e+00,-2.333584037682810697e-02
1.396529264511421564e+00,-2.333584037682810697e-02
1.281751360758666802e+00,-5.387310422956263084e-02
1.274436986428621577e+00,1.513779171915619060e-01
1.274436986428621577e+00,1.513779171915619060e-01
1.274436986428621577e+00,1.513779171915619060e-01
1.148873410506762838e+00,-6.767626437337165290e-02
1.291955240355310286e+00,-1.040199224892650876e-01
1.201188488785160935e+00,4.137382521547217085e-02
1.232249139117738146e+00,4.410339338976969337e-02
1.218141779576968897e+00,1.469493074505528324e-02
1.218141779576968897e+00,1.469493074505528324e-02
1.218141779576968897e+00,1.469493074505528324e-02
1.206482148832453305e+00,2.369602500113168059e-03
1.206482148832453305e+00,2.369602500113168059e-03
1.206482148832453305e+00,2.369602500113168059e-03
1.206482148832453305e+00,2.369602500113168059e-03
1.206482148832453305e+00,2.369602500113168059e-03
1.214648224166046786e+00,5.013748515124960559e-02
1.214648224166046786e+00,5.013748515124960559e-02
1.214648224166046786e+00,5.013748515124960559e-02
1.181777656174063384e+00,1.737896609044094209e-02
1.181777656174063384e+00,1.737896609044094209e-02
1.181777656174063384e+00,1.737896609044094209e-02
1.181777656174063384e+00,1.737896609044094209e-02
1.395041373877428326e+00,2.553552681659609913e-02
1.395041373877428326e+00,2.553552681659609913e-02
1.395041373877428326e+00,2.553552681659609913e-02
1.395041373877428326e+00,2.553552681659609913e-02
1.395041373877428326e+00,2.553552681659609913e-02
1.395041373877428326e+00,2.553552681659609913e-02
1.395041373877428326e+00,2.553552681659609913e-02
1.395041373877428326e+00,2.553552681659609913e-02
1.395041373877428326e+00,2.553552681659609913e-02
1.382614381423247885e+00,-2.413922010764742165e-02
1.322560335469653348e+00,-1.965205120917412618e-01
1.294400829634026140e+00,-4.451738267148816486e-02
1.294400829634026140e+00,-4.451738267148816486e-02
1.044634335010269810e+00,3.076423288674774714e-02
1.044634335010269810e+00,3.076423288674774714e-02
9.493742739417523335e-01,1.096566705560616042e-02
9.493742739417523335e-01,1.096566705560616042e-02
9.570478632919828810e-01,1.643475128589506201e-02
9.570478632919828810e-01,1.643475128589506201e-02
9.570478632919828810e-01,1.643475128589506201e-02
9.553100092449933189e-01,7.327973807721376021e-02
9.553100092449933189e-01,7.327973807721376021e-02
9.553100092449933189e-01,7.327973807721376021e-02
9.765662388170600616e-01,1.914497165781364196e-01
1.054260931514871436e+00,2.475030227551861528e-01
1.054260931514871436e+00,2.475030227551861528e-01
1.054260931514871436e+00,2.475030227551861528e-01
1.054260931514871436e+00,2.475030227551861528e-01
1.054260931514871436e+00,2.475030227551861528e-01
1.054260931514871436e+00,2.475030227551861528e-01
1.044746179714970635e+00,2.084143380111322108e-01
1.102102242863516324e+00,1.685506463531860621e-02
1.102102242863516324e+00,1.685506463531860621e-02
1.158888974609845190e+00,-4.723880716104855715e-04
1.202311476034416460e+00,-1.133143703830994803e-01
1.202311476034416460e+00,-1.133143703830994803e-01
1.265493799296017352e+00,4.779370311366519519e-02
1.265493799296017352e+00,4.779370311366519519e-02
1.248345211294863422e+00,-1.027777373891537310e-01
1.203748826072475353e+00,-2.577547177588743188e-02
1.203748826072475353e+00,-2.577547177588743188e-02
1.203748826072475353e+00,-2.577547177588743188e-02
1.290705945785793896e+00,-9.108380733389896677e-03
1.290705945785793896e+00,-9.108380733389896677e-03
1.138285460518711600e+00,-7.278097135415778629e-02
1.099614444199039198e+00,4.118170447855748484e-02
1.185968674694615421e+00,9.998770583916710697e-02
1.223176130417024332e+00,1.359002222732391130e-01
1.223176130417024332e+00,1.359002222732391130e-01
1.283516784453669013e+00,3.669236012982174389e-02
1.153624767083314850e+00,5.437423162784247449e-02
1.153624767083314850e+00,5.437423162784247449e-02
1.153624767083314850e+00,5.437423162784247449e-02
1.153624767083314850e+00,5.437423162784247449e-02
1.153624767083314850e+00,5.437423162784247449e-02
1.153624767083314850e+00,5.437423162784247449e-02
1.153624767083314850e+00,5.437423162784247449e-02
1.153624767083314850e+00,5.437423162784247449e-02
1.146640895746013022e+00,6.100738518222442036e-02
1.146640895746013022e+00,6.100738518222442036e-02
1.161747347999761981e+00,-2.385079483184109062e-03
1.303922622839103651e+00,-1.503173548033439055e-01
1.070297433173223789e+00,-1.680662514161579413e-02
1.070297433173223789e+00,-1.680662514161579413e-02
1.070297433173223789e+00,-1.680662514161579413e-02
1.082878786446755726e+00,9.791408263569084669e-02
1.259129771525272279e+00,1.957317218259364000e-01
1.259129771525272279e+00,1.957317218259364000e-01
1.194667242886279679e+00,2.112837242317085751e-01
1.280077274493126582e+00,-3.077415905683780761e-02
1.280077274493126582e+00,-3.077415905683780761e-02
1.280077274493126582e+00,-3.077415905683780761e-02
1.280077274493126582e+00,-3.077415905683780761e-02
1.104615641360222611e+00,4.664645965578052833e-02
1.104615641360222611e+00,4.664645965578052833e-02
1.104615641360222611e+00,4.664645965578052833e-02
1.104615641360222611e+00,4.664645965578052833e-02
1.104615641360222611e+00,4.664645965578052833e-02
1.222585600917368787e+00,1.065443623748343893e-02
1.222585600917368787e+00,1.065443623748343893e-02
1.189877931452893556e+00,8.110137749767491050e-03
1.189877931452893556e+00,8.110137749767491050e-03
1.252641524378156346e+00,2.658582734499685407e-01
1.252641524378156346e+00,2.658582734499685407e-01
1.252641524378156346e+00,2.658582734499685407e-01
1.252641524378156346e+00,2.658582734499685407e-01
1.317841539398492134e+00,1.753642510566686963e-01
1.317841539398492134e+00,1.753642510566686963e-01
1.317841539398492134e+00,1.753642510566686963e-01
1.262744883475685365e+00,1.048898471735813798e-01
1.379610479494603137e+00,1.977590723182503230e-01
1.158087542950797300e+00,1.909606392413884801e-01
1.158087542950797300e+00,1.909606392413884801e-01
1.158087542950797300e+00,1.909606392413884801e-01
1.158087542950797300e+00,1.909606392413884801e-01
1.158087542950797300e+00,1.909606392413884801e-01
1.158087542950797300e+00,1.909606392413884801e-01
1.244878537546733721e+00,8.736721777695982682e-02
1.244878537546733721e+00,8.736721777695982682e-02
1.211932513186837923e+00,-3.127062559406740272e-02
1.211932513186837923e+00,-3.127062559406740272e-02
1.211932513186837923e+00,-3.127062559406740272e-02
1.329891391628245545e+00,3.470004971923254522e-02
1.329891391628245545e+00,3.470004971923254522e-02
1.223124279359560029e+00,1.528576331082534545e-01
1.223124279359560029e+00,1.528576331082534545e-01
1.223124279359560029e+00,1.528576331082534545e-01
1.223124279359560029e+00,1.528576331082534545e-01
1.223124279359560029e+00,1.528576331082534545e-01
1.244752381244168538e+00,1.820256002609100809e-01
1.244752381244168538e+00,1.820256002609100809e-01
1.244752381244168538e+00,1.820256002609100809e-01
1.244752381244168538e+00,1.820256002609100809e-01
1.244752381244168538e+00,1.820256002609100809e-01
1.244752381244168538e+00,1.820256002609100809e-01
1.296900752022550396e+00,-1.413799412111333420e-01
1.296900752022550396e+00,-1.413799412111333420e-01
1.426218234257731199e+00,2.687273150755434270e-02
1.446387591846310494e+00,-2.097621211173234662e-02
1.446387591846310494e+00,-2.097621211173234662e-02
1.446387591846310494e+00,-2.097621211173234662e-02
1.401879430613111932e+00,6.091394316152484029e-02
1.551443089658515628e+00,4.152792266665453202e-02
1.551443089658515628e+00,4.152792266665453202e-02
1.551443089658515628e+00,4.152792266665453202e-02
1.551443089658515628e+00,4.152792266665453202e-02
1.334019669956888920e+00,2.014059455838120849e-01
1.334019669956888920e+00,2.014059455838120849e-01
1.291310501651112164e+00,1.319951922339506201e-01
1.043469209823890242e+00,-1.561226793624981291e-01
1.029690021745599982e+00,-4.982296010065170866e-02
1.029690021745599982e+00,-4.982296010065170866e-02
1.029690021745599982e+00,-4.982296010065170866e-02
1.029690021745599982e+00,-4.982296010065170866e-02
1.070602619617425422e+00,-1.691132545840032531e-01
1.304021165588915343e+00,-5.285030634052997889e-02
1.304550548139250088e+00,-2.080487751817920034e-02
1.304550548139250088e+00,-2.080487751817920034e-02
1.304550548139250088e+00,-2.080487751817920034e-02
1.342890371597044163e+00,1.119313846544602725e-02
1.342890371597044163e+00,1.119313846544602725e-02
1.342890371597044163e+00,1.119313846544602725e-02
1.342890371597044163e+00,1.119313846544602725e-02
1.238252003017803249e+00,-1.630426034007362857e-01
1.238252003017803249e+00,-1.630426034007362857e-01
1.431768260581450569e+00,-3.555723331396634657e-02
1.282110455596812804e+00,-6.840646070743937324e-02
1.282110455596812804e+00,-6.840646070743937324e-02
1.282110455596812804e+00,-6.840646070743937324e-02
1.282110455596812804e+00,-6.840646070743937324e-02
1.282110455596812804e+00,-6.840646070743937324e-02
1.282110455596812804e+00,-6.840646070743937324e-02
1.282110455596812804e+00,-6.840646070743937324e-02
1.282110455596812804e+00,-6.840646070743937324e-02
1.282110455596812804e+00,-6.840646070743937324e-02
1.200511606258383823e+00,9.593971057351118048e-02
1.202031473357865643e+00,4.033452384590263673e-02
1.236754727073018811e+00,-7.818987722483498881e-02
1.236754727073018811e+00,-7.818987722483498881e-02
1.362554114697800411e+00,7.544394244231729385e-02
1.362554114697800411e+00,7.544394244231729385e-02
1.362554114697800411e+00,7.544394244231729385e-02
1.362554114697800411e+00,7.544394244231729385e-02
1.425933516011780311e+00,1.017554086524144613e-01
1.364873824011223480e+00,1.432410561400475069e-01
1.076388248877061082e+00,-1.715214984278279342e-02
1.165243647350874046e+00,-7.573924174863178038e-02
1.253885451122377592e+00,-2.806476681228544517e-02
1.253885451122377592e+00,-2.806476681228544517e-02
1.253885451122377592e+00,-2.806476681228544517e-02
1.213943618970998672e+00,-1.356681549769432268e-02
1.213943618970998672e+00,-1.356681549769432268e-02
1.198734861144912900e+00,4.009435574054545648e-02
1.280186763195085620e+00,1.281491063924108942e-01
1.306831094788519776e+00,8.201319430738358840e-02
1.306831094788519776e+00,8.201319430738358840e-02
1.306831094788519776e+00,8.201319430738358840e-02
1.306831094788519776e+00,8.201319430738358840e-02
1.431848586974186155e+00,8.303798372544665685e-02
1.299704845912853068e+00,5.319478239741218251e-02
1.299704845912853068e+00,5.319478239741218251e-02
1.299704845912853068e+00,5.319478239741218251e-02
1.299704845912853068e+00,5.319478239741218251e-02
1.299704845912853068e+00,5.319478239741218251e-02
1.299704845912853068e+00,5.319478239741218251e-02
1.299704845912853068e+00,5.319478239741218251e-02
1.299704845912853068e+00,5.319478239741218251e-02
1.299704845912853068e+00,5.319478239741218251e-02
1.299704845912853068e+00,5.319478239741218251e-02
1.219664887630233618e+00,1.343708249807533395e-02
1.219664887630233618e+00,1.343708249807533395e-02
1.288778798758412947e+00,-3.522650896836346940e-02
1.392624257922341791e+00,-1.098912730583314068e-01
1.392624257922341791e+00,-1.098912730583314068e-01
1.392624257922341791e+00,-1.098912730583314068e-01
1.392624257922341791e+00,-1.098912730583314068e-01
1.177219411486105205e+00,-4.189224937358555778e-02
1.177219411486105205e+00,-4.189224937358555778e-02
1.177219411486105205e+00,-4.189224937358555778e-02
1.341201939229352824e+00,-3.396295755864917748e-02
1.341201939229352824e+00,-3.396295755864917748e-02
1.341201939229352824e+00,-3.396295755864917748e-02
1.341201939229352824e+00,-3.396295755864917748e-02
1.341201939229352824e+00,-3.396295755864917748e-02
1.341201939229352824e+00,-3.396295755864917748e-02
1.258009898268935167e+00,8.736836767277519900e-02
1.258009898268935167e+00,8.736836767277519900e-02
1.258009898268935167e+00,8.736836767277519900e-02
1.328922487346104520e+00,-1.266028516502493151e-02
1.328922487346104520e+00,-1.266028516502493151e-02
1.276034855691988934e+00,1.056351728651430399e-01
1.245256775199553356e+00,1.217611208030455749e-01
1.245256775199553356e+00,1.217611208030455749e-01
1.245256775199553356e+00,1.217611208030455749e-01
1.245256775199553356e+00,1.217611208030455749e-01
1.231509132070585766e+00,-1.732644487024612157e-02
1.231509132070585766e+00,-1.732644487024612157e-02
1.267292408000818105e+00,-2.042984624146397532e-01
1.410289143754337227e+00,-1.192079480580060524e-02
1.365333307218606018e+00,1.431505871941025909e-01
1.365333307218606018e+00,1.431505871941025909e-01
1.365333307218606018e+00,1.431505871941025909e-01
1.365333307218606018e+00,1.431505871941025909e-01
1.365333307218606018e+00,1.431505871941025909e-01
1.259470447507500035e+00,1.727225101310685684e-01
1.259470447507500035e+00,1.727225101310685684e-01
1.286041603483889739e+00,1.911036819076708526e-01
1.019123438018521899e+00,1.301836028453144112e-01
1.019123438018521899e+00,1.301836028453144112e-01
1.003571268110638570e+00,1.287908570919621409e-01
1.003571268110638570e+00,1.287908570919621409e-01
1.003571268110638570e+00,1.287908570919621409e-01
1.003571268110638570e+00,1.287908570919621409e-01
1.003571268110638570e+00,1.287908570919621409e-01
1.003571268110638570e+00,1.287908570919621409e-01
1.003571268110638570e+00,1.287908570919621409e-01
1.003571268110638570e+00,1.287908570919621409e-01
1.051207757113218122e+00,1.958453951678534311e-01
1.149127582417467819e+00,2.162266751029471024e-01
1.149127582417467819e+00,2.162266751029471024e-01
1.149127582417467819e+00,2.162266751029471024e-01
1.035356485534174364e+00,1.927850884603492521e-01
1.035356485534174364e+00,1.927850884603492521e-01
1.035356485534174364e+00,1.927850884603492521e-01
1.249806287187748888e+00,1.869636746853140796e-01
1.374945037970403572e+00,1.511507172069428417e-01
1.374945037970403572e+00,1.511507172069428417e-01
1.374945037970403572e+00,1.511507172069428417e-01
1.289818863344330602e+00,7.017561951930845199e-03
1.289818863344330602e+00,7.017561951930845199e-03
1.289818863344330602e+00,7.017561951930845199e-03
1.289818863344330602e+00,7.017561951930845199e-03
1.289818863344330602e+00,7.017561951930845199e-03
1.289818863344330602e+00,7.017561951930845199e-03
1.310538531091059333e+00,-7.965637325468132024e-02
1.271979325817726769e+00,-5.388919657016787851e-02
1.271979325817726769e+00,-5.388919657016787851e-02
1.271979325817726769e+00,-5.388919657016787851e-02
1.319581460967268249e+00,-7.863490768342593085e-02
1.319581460967268249e+00,-7.863490768342593085e-02
1.319581460967268249e+00,-7.863490768342593085e-02
1.281227329087647915e+00,-2.708981052864303796e-02
1.281227329087647915e+00,-2.708981052864303796e-02
1.281227329087647915e+00,-2.708981052864303796e-02
1.281227329087647915e+00,-2.708981052864303796e-02
1.281227329087647915e+00,-2.708981052864303796e-02
1.281227329087647915e+00,-2.708981052864303796e-02
1.281227329087647915e+00,-2.708981052864303796e-02
1.281227329087647915e+00,-2.708981052864303796e-02
1.281227329087647915e+00,-2.708981052864303796e-02
1.281227329087647915e+00,-2.708981052864303796e-02
1.180299581996880676e+00,1.291370039632708522e-01
1.180299581996880676e+00,1.291370039632708522e-01
1.167049356666602922e+00,1.781451184199879523e-01
1.167049356666602922e+00,1.781451184199879523e-01
1.258093609160463089e+00,1.139529369209159454e-01
1.258093609160463089e+00,1.139529369209159454e-01
1.260214826422318080e+00,1.575960866813062022e-01
1.260214826422318080e+00,1.575960866813062022e-01
1.441162585134118768e+00,1.110215546881970355e-01
1.441162585134118768e+00,1.110215546881970355e-01
1.441162585134118768e+00,1.110215546881970355e-01
1.158878558280633353e+00,3.508131094936042804e-03
1.158878558280633353e+00,3.508131094936042804e-03
1.158878558280633353e+00,3.508131094936042804e-03
1.250869921067951474e+00,1.002014858543508469e-01
1.447607958778587722e+00,1.277449336535242674e-02
1.215748229231907063e+00,4.072021814059078454e-02
1.273934272282654545e+00,-4.911085592746222001e-02
1.273934272282654545e+00,-4.911085592746222001e-02
1.273934272282654545e+00,-4.911085592746222001e-02
1.273934272282654545e+00,-4.911085592746222001e-02
1.273934272282654545e+00,-4.911085592746222001e-02
1.190448044587350651e+00,-3.040413416710115169e-02
1.190448044587350651e+00,-3.040413416710115169e-02
1.190448044587350651e+00,-3.040413416710115169e-02
1.190448044587350651e+00,-3.040413416710115169e-02
1.210805673012328443e+00,2.320668014391018968e-02
1.241800230665481841e+00,-5.377518282867154581e-03
1.241800230665481841e+00,-5.377518282867154581e-03
1.241800230665481841e+00,-5.377518282867154581e-03
1.259733976074670636e+00,-4.145008200028777769e-03
1.401804096485417039e+00,-2.078642429893021171e-02
1.370937094212181684e+00,1.956662262106752953e-02
1.370937094212181684e+00,1.956662262106752953e-02
1.370937094212181684e+00,1.956662262106752953e-02
1.370937094212181684e+00,1.956662262106752953e-02
1.370937094212181684e+00,1.956662262106752953e-02
1.413810626041730689e+00,-5.375971057331579289e-02
1.413810626041730689e+00,-5.375971057331579289e-02
1.413810626041730689e+00,-5.375971057331579289e-02
1.413810626041730689e+00,-5.375971057331579289e-02
1.413810626041730689e+00,-5.375971057331579289e-02
1.413810626041730689e+00,-5.375971057331579289e-02
1.355376031560176830e+00,-1.580275260946047422e-01
1.355376031560176830e+00,-1.580275260946047422e-01
1.379940187146509123e+00,-2.060572874254565368e-01
1.379940187146509123e+00,-2.060572874254565368e-01
1.337663750676126195e+00,-1.982387313272896412e-01
1.337663750676126195e+00,-1.982387313272896412e-01
1.337663750676126195e+00,-1.982387313272896412e-01
1.337663750676126195e+00,-1.982387313272896412e-01
1.281416141582360613e+00,-1.418608868147696600e-01
1.281416141582360613e+00,-1.418608868147696600e-01
1.281416141582360613e+00,-1.418608868147696600e-01
1.155589592861749226e+00,-1.267830426366756968e-01
1.155589592861749226e+00,-1.267830426366756968e-01
1.155589592861749226e+00,-1.267830426366756968e-01
1.155589592861749226e+00,-1.267830426366756968e-01
1.155589592861749226e+00,-1.267830426366756968e-01
1.172450889958993825e+00,3.324649042464850046e-02
1.172450889958993825e+00,3.324649042464850046e-02
1.172450889958993825e+00,3.324649042464850046e-02
1.172450889958993825e+00,3.324649042464850046e-02
1.172450889958993825e+00,3.324649042464850046e-02
1.172450889958993825e+00,3.324649042464850046e-02
1.172450889958993825e+00,3.324649042464850046e-02
1.237839556408260266e+00,-1.155880865328410279e-01
1.203667113536440070e+00,-1.730383432579095382e-02
1.304476225363871755e+00,9.640214968628720016e-02
1.304476225363871755e+00,9.640214968628720016e-02
1.222524409390921774e+00,9.389720260085868131e-02
1.314726900124753683e+00,1.766271339042507216e-01
1.314726900124753683e+00,1.766271339042507216e-01
1.017039146777263481e+00,1.726972764503959257e-01
1.017039146777263481e+00,1.726972764503959257e-01
1.038625196800514905e+00,1.555503307758971387e-01
1.257370300503473315e+00,1.466351489404840724e-01
1.257370300503473315e+00,1.466351489404840724e-01
1.257370300503473315e+00,1.466351489404840724e-01
1.257370300503473315e+00,1.466351489404840724e-01
1.313248242245263819e+00,1.246805677903948945e-01
1.313248242245263819e+00,1.246805677903948945e-01
1.204946515407731900e+00,8.779493653555722754e-02
1.204946515407731900e+00,8.779493653555722754e-02
1.204946515407731900e+00,8.779493653555722754e-02
1.157915739895106988e+00,1.418759565578302795e-01
1.157915739895106988e+00,1.418759565578302795e-01
1.120697455524317210e+00,-3.492731914563804163e-02
1.120697455524317210e+00,-3.492731914563804163e-02
1.120697455524317210e+00,-3.492731914563804163e-02
1.120697455524317210e+00,-3.492731914563804163e-02
1.245898477831351325e+00,-1.395773736911713400e-02
1.245898477831351325e+00,-1.395773736911713400e-02
1.245898477831351325e+00,-1.395773736911713400e-02
1.245898477831351325e+00,-1.395773736911713400e-02
1.244623107605091095e+00,-2.185623368331331140e-02
1.244623107605091095e+00,-2.185623368331331140e-02
1.244623107605091095e+00,-2.185623368331331140e-02
1.244623107605091095e+00,-2.185623368331331140e-02
1.244623107605091095e+00,-2.185623368331331140e-02
1.242332098269252949e+00,8.182226648753318510e-02
1.242332098269252949e+00,8.182226648753318510e-02
1.242332098269252949e+00,8.182226648753318510e-02
1.242332098269252949e+00,8.182226648753318510e-02
1.242332098269252949e+00,8.182226648753318510e-02
1.242332098269252949e+00,8.182226648753318510e-02
1.153626389308740618e+00,1.046420492883427117e-01
1.135797982004770335e+00,-1.036944004218230825e-01
1.073279585885373422e+00,9.624992703925965010e-02
1.297643106854686756e+00,-1.705177088580045464e-02
1.297643106854686756e+00,-1.705177088580045464e-02
1.297643106854686756e+00,-1.705177088580045464e-02
1.523706324504483511e+00,-2.404054012659880696e-02
1.464513403770270950e+00,5.085383621825222134e-03
1.464513403770270950e+00,5.085383621825222134e-03
1.358355086454582583e+00,4.917689318166606344e-02
1.358355086454582583e+00,4.917689318166606344e-02
1.372625764095395828e+00,-1.885590495567530250e-02
1.372625764095395828e+00,-1.885590495567530250e-02
1.330464759062887303e+00,-6.717761084748563594e-02
1.330464759062887303e+00,-6.717761084748563594e-02
1.330464759062887303e+00,-6.717761084748563594e-02
1.330464759062887303e+00,-6.717761084748563594e-02
1.330464759062887303e+00,-6.717761084748563594e-02
1.330464759062887303e+00,-6.717761084748563594e-02
1.330464759062887303e+00,-6.717761084748563594e-02
1.371619539459457693e+00,-2.880609530704234672e-02
1.371619539459457693e+00,-2.880609530704234672e-02
1.507711384844508506e+00,-6.603046822464261889e-02
1.507711384844508506e+00,-6.603046822464261889e-02
1.475338732667269781e+00,-1.750002782171693888e-02
1.475338732667269781e+00,-1.750002782171693888e-02
1.360032508642536886e+00,-1.540395198111464969e-01
1.360032508642536886e+00,-1.540395198111464969e-01
1.067061232296545370e+00,-7.654505256254064138e-02
9.662369497977071342e-01,-5.585416823005782960e-02
9.662369497977071342e-01,-5.585416823005782960e-02
1.126231958447358350e+00,-1.556715027253236516e-01
1.126231958447358350e+00,-1.556715027253236516e-01
1.404052430454847400e+00,6.630551943044069030e-02
1.404052430454847400e+00,6.630551943044069030e-02
1.327056786258419496e+00,7.651242908092831252e-02
1.327056786258419496e+00,7.651242908092831252e-02
1.327056786258419496e+00,7.651242908092831252e-02
1.240914552733446197e+00,1.521218256233963090e-02
1.240914552733446197e+00,1.521218256233963090e-02
1.240914552733446197e+00,1.521218256233963090e-02
1.240914552733446197e+00,1.521218256233963090e-02
1.240914552733446197e+00,1.521218256233963090e-02
1.188993090939062691e+00,-1.168561943421120297e-02
1.188993090939062691e+00,-1.168561943421120297e-02
1.171160682772894202e+00,-6.273359425345960416e-02
1.444773009874294800e+00,6.281572570346917461e-02
1.264462650772662844e+00,-1.175873837393717619e-01
1.227697793698800499e+00,1.259329941498421035e-01
1.128823478286243853e+00,1.250609249613416907e-01
1.128823478286243853e+00,1.250609249613416907e-01
1.128823478286243853e+00,1.250609249613416907e-01
1.128823478286243853e+00,1.250609249613416907e-01
1.128823478286243853e+00,1.250609249613416907e-01
1.139639966676588179e+00,2.812580457921592947e-01
9.320128829161644646e-01,2.574860893276955109e-01
9.320128829161644646e-01,2.574860893276955109e-01
1.097267498088550397e+00,2.491629654148891926e-01
1.177210715686712872e+00,-3.533610981153956221e-02
1.177210715686712872e+00,-3.533610981153956221e-02
1.242893612775120227e+00,-2.791458399029930759e-03
1.242893612775120227e+00,-2.791458399029930759e-03
1.242893612775120227e+00,-2.791458399029930759e-03
1.300305910109790686e+00,3.753844211387128565e-02
1.300305910109790686e+00,3.753844211387128565e-02
1.300305910109790686e+00,3.753844211387128565e-02
1.300305910109790686e+00,3.753844211387128565e-02
1.339825864570477476e+00,2.258300708826759540e-01
1.314485437295891845e+00,1.132308047610494223e-01
1.314485437295891845e+00,1.132308047610494223e-01
1.354479030287694341e+00,8.507861433906915849e-02
1.354479030287694341e+00,8.507861433906915849e-02
1.354479030287694341e+00,8.507861433906915849e-02
1.354479030287694341e+00,8.507861433906915849e-02
1.354479030287694341e+00,8.507861433906915849e-02
1.354479030287694341e+00,8.507861433906915849e-02
1.354479030287694341e+00,8.507861433906915849e-02
1.354479030287694341e+00,8.507861433906915849e-02
1.193084577045116834e+00,5.845997494520253218e-02
1.025613571677012281e+00,1.169833359264617345e-01
1.025613571677012281e+00,1.169833359264617345e-01
1.025613571677012281e+00,1.169833359264617345e-01
1.094554631839680825e+00,2.426617722108199704e-01
1.094554631839680825e+00,2.426617722108199704e-01
1.037696427236230345e+00,2.562764382410782082e-01
1.037696427236230345e+00,2.562764382410782082e-01
1.037696427236230345e+00,2.562764382410782082e-01
1.037696427236230345e+00,2.562764382410782082e-01
1.037696427236230345e+00,2.562764382410782082e-01
1.037696427236230345e+00,2.562764382410782082e-01
1.115093077920126907e+00,1.659863640606532020e-01
1.115093077920126907e+00,1.659863640606532020e-01
1.227090254334418873e+00,1.309010582086791441e-01
1.227090254334418873e+00,1.309010582086791441e-01
1.379598403754387137e+00,-6.130933209374944681e-02
1.379598403754387137e+00,-6.130933209374944681e-02
1.379598403754387137e+00,-6.130933209374944681e-02
1.379598403754387137e+00,-6.130933209374944681e-02
1.379598403754387137e+00,-6.130933209374944681e-02
1.379598403754387137e+00,-6.130933209374944681e-02
1.301683321951146555e+00,-7.404285323589616941e-02
1.354795108646732915e+00,-9.279102246010283161e-02
1.354795108646732915e+00,-9.279102246010283161e-02
1.277416227379539526e+00,7.497335236875511677e-02
1.277416227379539526e+00,7.497335236875511677e-02
1.331589742018798317e+00,-1.257035105385789775e-02
1.325179011314844280e+00,-1.575606509140626277e-01
1.325179011314844280e+00,-1.575606509140626277e-01
1.325179011314844280e+00,-1.575606509140626277e-01
1.325179011314844280e+00,-1.575606509140626277e-01
1.325179011314844280e+00,-1.575606509140626277e-01
1.181020333647644582e+00,-2.110253348583673583e-01
1.181020333647644582e+00,-2.110253348583673583e-01
1.157466525360108411e+00,-1.072645574405981794e-01
1.157466525360108411e+00,-1.072645574405981794e-01
1.157466525360108411e+00,-1.072645574405981794e-01
1.157466525360108411e+00,-1.072645574405981794e-01
1.157466525360108411e+00,-1.072645574405981794e-01
1.270710462280987718e+00,-1.272667860145238750e-01
1.270710462280987718e+00,-1.272667860145238750e-01
1.308420882476001523e+00,1.537781583076670289e-01
1.433114723331040619e+00,1.825060131751419790e-01
1.433114723331040619e+00,1.825060131751419790e-01
1.190162927775381130e+00,1.821336961666543686e-01
1.190162927775381130e+00,1.821336961666543686e-01
1.190162927775381130e+00,1.821336961666543686e-01
1.256673841897884891e+00,1.088884192253731231e-01
1.256673841897884891e+00,1.088884192253731231e-01
1.242260505064771703e+00,-5.067764552633374775e-02
1.196350180512842920e+00,7.266663532137414283e-02
1.196350180512842920e+00,7.266663532137414283e-02
1.387172004538739900e+00,-3.894348866203145576e-02
1.387172004538739900e+00,-3.894348866203145576e-02
1.379805623539340331e+00,-7.325594291618298115e-02
1.413855444703341790e+00,2.408852925779261800e-03
1.413855444703341790e+00,2.408852925779261800e-03
1.118257256955260681e+00,-1.160959174058605742e-01
1.118257256955260681e+00,-1.160959174058605742e-01
1.118257256955260681e+00,-1.160959174058605742e-01
1.065430824561204526e+00,-1.224491703590499248e-01
1.303146717941458421e+00,-1.111319140791126037e-01
1.303146717941458421e+00,-1.111319140791126037e-01
1.303146717941458421e+00,-1.111319140791126037e-01
1.303146717941458421e+00,-1.111319140791126037e-01
1.303146717941458421e+00,-1.111319140791126037e-01
1.303146717941458421e+00,-1.111319140791126037e-01
1.419570337405360538e+00,1.076415401381043691e-02
1.419570337405360538e+00,1.076415401381043691e-02
1.419570337405360538e+00,1.076415401381043691e-02
1.419570337405360538e+00,1.076415401381043691e-02
1.409498196827665417e+00,4.741511373861019563e-02
1.409498196827665417e+00,4.741511373861019563e-02
1.409498196827665417e+00,4.741511373861019563e-02
1.378147967210831881e+00,6.351146926661671577e-02
1.378147967210831881e+00,6.351146926661671577e-02
1.378147967210831881e+00,6.351146926661671577e-02
1.252508155936426171e+00,9.608421518710591469e-02
1.269462753450399717e+00,-3.751163343710728348e-02
1.269462753450399717e+00,-3.751163343710728348e-02
1.269462753450399717e+00,-3.751163343710728348e-02
1.269462753450399717e+00,-3.751163343710728348e-02
1.269462753450399717e+00,-3.751163343710728348e-02
1.269462753450399717e+00,-3.751163343710728348e-02
1.269462753450399717e+00,-3.751163343710728348e-02
1.234043673422573484e+00,-1.319877953533307377e-02
1.234043673422573484e+00,-1.319877953533307377e-02
1.234043673422573484e+00,-1.319877953533307377e-02
1.234043673422573484e+00,-1.319877953533307377e-02
1.234043673422573484e+00,-1.319877953533307377e-02
1.234043673422573484e+00,-1.319877953533307377e-02
1.234043673422573484e+00,-1.319877953533307377e-02
1.234043673422573484e+00,-1.319877953533307377e-02
1.234043673422573484e+00,-1.319877953533307377e-02
1.234043673422573484e+00,-1.319877953533307377e-02
1.234043673422573484e+00,-1.319877953533307377e-02
1.335146153893926879e+00,-1.138827148595617511e-01
1.335146153893926879e+00,-1.138827148595617511e-01
1.215390856936856778e+00,-8.556118505485196812e-02
1.323214859423849754e+00,-1.072826847853260018e-01
1.323214859423849754e+00,-1.072826847853260018e-01
1.323214859423849754e+00,-1.072826847853260018e-01
1.223480548727615247e+00,7.263043220968511127e-02
1.293837101599320416e+00,8.184105210089681615e-02
1.293837101599320416e+00,8.184105210089681615e-02
1.293837101599320416e+00,8.184105210089681615e-02
1.220227357197055440e+00,-6.107943036050883512e-02
1.368807975436555191e+00,1.363273188548505543e-02
1.368807975436555191e+00,1.363273188548505543e-02
1.368807975436555191e+00,1.363273188548505543e-02
1.373397406850897839e+00,-5.061653114289497296e-03
1.373397406850897839e+00,-5.061653114289497296e-03
1.373397406850897839e+00,-5.061653114289497296e-03
1.373397406850897839e+00,-5.061653114289497296e-03
1.373397406850897839e+00,-5.061653114289497296e-03
1.373397406850897839e+00,-5.061653114289497296e-03
1.373397406850897839e+00,-5.061653114289497296e-03
1.373397406850897839e+00,-5.061653114289497296e-03
1.427439964777783343e+00,-8.324457913535977804e-02
1.427439964777783343e+00,-8.324457913535977804e-02
1.437081630756381845e+00,-3.673250946691464236e-03
1.437081630756381845e+00,-3.673250946691464236e-03
1.374289073775324610e+00,9.926067461127348335e-03
1.374289073775324610e+00,9.926067461127348335e-03
1.374289073775324610e+00,9.926067461127348335e-03
1.327710553364592094e+00,-6.636334125001155937e-02
1.327710553364592094e+00,-6.636334125001155937e-02
1.105097823192964235e+00,-6.034410755079125388e-02
1.163534321152306372e+00,-2.674636012641941341e-02
1.163534321152306372e+00,-2.674636012641941341e-02
1.115154593234820801e+00,1.285061490345374424e-01
1.091096760401543575e+00,6.331149182829799715e-02
1.091096760401543575e+00,6.331149182829799715e-02
1.097596462601257761e+00,-1.043479138602812911e-01
1.097596462601257761e+00,-1.043479138602812911e-01
1.097596462601257761e+00,-1.043479138602812911e-01
8.797058258310124224e-01,-2.368698072635451735e-01
8.797058258310124224e-01,-2.368698072635451735e-01
8.797058258310124224e-01,-2.368698072635451735e-01
8.797058258310124224e-01,-2.368698072635451735e-01
9.727895253400781206e-01,-3.078477154329418708e-01
1.113280950114600598e+00,-2.492074551078996003e-01
1.113280950114600598e+00,-2.492074551078996003e-01
1.113280950114600598e+00,-2.492074551078996003e-01
9.487506765687871990e-01,-1.216637369416676828e-01
1.100999744356891963e+00,-5.598155913919596049e-02
1.155093281451104792e+00,-4.847918977906998106e-03
1.214572821705691030e+00,2.610244438654478819e-02
1.214572821705691030e+00,2.610244438654478819e-02
1.214572821705691030e+00,2.610244438654478819e-02
1.214572821705691030e+00,2.610244438654478819e-02
1.214572821705691030e+00,2.610244438654478819e-02
1.214572821705691030e+00,2.610244438654478819e-02
1.226703407398009427e+00,1.339012633091516136e-01
1.109222803311985750e+00,-6.543337008355537554e-02
1.130197651043966633e+00,-5.714253486634556650e-02
1.130197651043966633e+00,-5.714253486634556650e-02
1.107014009063919335e+00,-6.439097463395837551e-02
1.107014009063919335e+00,-6.439097463395837551e-02
1.107014009063919335e+00,-6.439097463395837551e-02
1.107014009063919335e+00,-6.439097463395837551e-02
9.619809173549069836e-01,-4.086616625155204546e-02
9.494722708964508096e-01,-1.678407758478362710e-01
9.494722708964508096e-01,-1.678407758478362710e-01
9.784757447638858796e-01,-1.624803140846620697e-01
9.784757447638858796e-01,-1.624803140846620697e-01
9.784757447638858796e-01,-1.624803140846620697e-01
1.001318703948201660e+00,-1.154101072951704554e-01
1.025943716278872264e+00,1.860303607489274813e-03
1.025943716278872264e+00,1.860303607489274813e-03
1.181450019918177441e+00,4.100670491904028631e-02
1.181450019918177441e+00,4.100670491904028631e-02
1.181450019918177441e+00,4.100670491904028631e-02
1.209604373887234630e+00,-1.266355321166915682e-01
1.209604373887234630e+00,-1.266355321166915682e-01
1.279150404681902220e+00,-5.726123916374711853e-02
1.218726656594310898e+00,-5.059939537677340948e-02
1.218726656594310898e+00,-5.059939537677340948e-02
1.218726656594310898e+00,-5.059939537677340948e-02
1.218726656594310898e+00,-5.059939537677340948e-02
1.218726656594310898e+00,-5.059939537677340948e-02
1.218726656594310898e+00,-5.059939537677340948e-02
1.218726656594310898e+00,-5.059939537677340948e-02
1.127693225744246019e+00,-1.412847163607879319e-01
1.153760888994895151e+00,-1.410697939693169312e-01
1.153760888994895151e+00,-1.410697939693169312e-01
1.240327142923228543e+00,-4.754241064653950966e-02
1.138309197782596538e+00,-7.945873853817711496e-02
1.138309197782596538e+00,-7.945873853817711496e-02
1.154970101507379665e+00,-1.015946653339836470e-01
1.154970101507379665e+00,-1.015946653339836470e-01
1.154970101507379665e+00,-1.015946653339836470e-01
1.154970101507379665e+00,-1.015946653339836470e-01
1.340344309038389969e+00,7.285006096215065896e-02
1.340344309038389969e+00,7.285006096215065896e-02
1.340344309038389969e+00,7.285006096215065896e-02
1.340344309038389969e+00,7.285006096215065896e-02
1.320040372678672025e+00,1.104265098058484357e-01
1.320040372678672025e+00,1.104265098058484357e-01
1.208458327217434736e+00,9.835107289012490206e-03
1.208458327217434736e+00,9.835107289012490206e-03
1.208458327217434736e+00,9.835107289012490206e-03
1.208458327217434736e+00,9.835107289012490206e-03
1.208458327217434736e+00,9.835107289012490206e-03
1.208458327217434736e+00,9.835107289012490206e-03
1.170839554709882213e+00,6.420324797742693601e-02
1.221430196738497065e+00,9.651265910936911163e-02
1.092913611317125611e+00,1.466535529105797986e-01
1.092913611317125611e+00,1.466535529105797986e-01
1.092913611317125611e+00,1.466535529105797986e-01
1.160203301439015622e+00,-4.351656323198749288e-02
1.160203301439015622e+00,-4.351656323198749288e-02
1.167401392121544257e+00,-1.016662253443967878e-01
1.097065401736382784e+00,4.311700753657402019e-02
1.097065401736382784e+00,4.311700753657402019e-02
1.106956343894997863e+00,4.874361106210134409e-02
1.106956343894997863e+00,4.874361106210134409e-02
1.106956343894997863e+00,4.874361106210134409e-02
1.205358260117896929e+00,-4.531838024910575524e-02
1.205358260117896929e+00,-4.531838024910575524e-02
1.205358260117896929e+00,-4.531838024910575524e-02
1.205358260117896929e+00,-4.531838024910575524e-02
1.205358260117896929e+00,-4.531838024910575524e-02
1.194081394795238449e+00,1.272034242193462727e-01
1.194081394795238449e+00,1.272034242193462727e-01
1.194081394795238449e+00,1.272034242193462727e-01
1.194081394795238449e+00,1.272034242193462727e-01
1.251887825489918171e+00,8.439654882112050671e-02
1.251887825489918171e+00,8.439654882112050671e-02
1.402925028588662748e+00,2.085906923064960450e-02
1.402925028588662748e+00,2.085906923064960450e-02
1.225690164898550538e+00,1.055830993617772051e-01
1.225690164898550538e+00,1.055830993617772051e-01
1.225690164898550538e+00,1.055830993617772051e-01
1.225690164898550538e+00,1.055830993617772051e-01
1.225690164898550538e+00,1.055830993617772051e-01
1.225690164898550538e+00,1.055830993617772051e-01
1.248039267662440333e+00,9.042195230908127435e-02
1.266916622432730177e+00,-3.484459099503504909e-02
1.266916622432730177e+00,-3.484459099503504909e-02
1.266916622432730177e+00,-3.484459099503504909e-02
1.266916622432730177e+00,-3.484459099503504909e-02
1.336674645202344358e+00,-7.315277139387281469e-02
1.336674645202344358e+00,-7.315277139387281469e-02
1.336674645202344358e+00,-7.315277139387281469e-02
1.336674645202344358e+00,-7.315277139387281469e-02
1.365121681665582898e+00,1.252562007794382204e-01
1.211444810380401194e+00,9.557922734862986380e-03
1.211444810380401194e+00,9.557922734862986380e-03
1.211444810380401194e+00,9.557922734862986380e-03
1.211444810380401194e+00,9.557922734862986380e-03
1.273905028195075229e+00,1.361537304188743108e-02
1.174526746321972182e+00,8.708723590026190564e-02
1.098490439458180701e+00,-3.373274607796027114e-02
1.098490439458180701e+00,-3.373274607796027114e-02
1.098490439458180701e+00,-3.373274607796027114e-02
1.231624937137623998e+00,-1.366444798575523756e-02
1.231624937137623998e+00,-1.366444798575523756e-02
1.231624937137623998e+00,-1.366444798575523756e-02
1.241247613822028528e+00,-8.956697974101310300e-02
1.241247613822028528e+00,-8.956697974101310300e-02
1.403127666536004625e+00,1.771748877579175374e-02
1.403127666536004625e+00,1.771748877579175374e-02
1.403127666536004625e+00,1.771748877579175374e-02
1.403127666536004625e+00,1.771748877579175374e-02
1.403127666536004625e+00,1.771748877579175374e-02
1.171073683448709879e+00,7.916204714720304070e-02
1.171073683448709879e+00,7.916204714720304070e-02
1.202012026605156603e+00,-4.428768251949934120e-02
1.202012026605156603e+00,-4.428768251949934120e-02
1.202012026605156603e+00,-4.428768251949934120e-02
1.202012026605156603e+00,-4.428768251949934120e-02
1.213777910700032825e+00,8.526957147296480855e-02
1.268588931866106106e+00,1.511486077057286326e-02
1.268588931866106106e+00,1.511486077057286326e-02
1.192885333386655811e+00,8.745825381982728908e-02
1.206394112917983819e+00,4.189596509623421533e-02
1.220448624620239508e+00,-1.848665578456053227e-02
1.220448624620239508e+00,-1.848665578456053227e-02
1.277597028567796222e+00,-1.089725068188049789e-01
1.277597028567796222e+00,-1.089725068188049789e-01
1.277597028567796222e+00,-1.089725068188049789e-01
1.244854086589354702e+00,1.273471778151430978e-01
1.401726656860320386e+00,1.115362650193636174e-01
1.401726656860320386e+00,1.115362650193636174e-01
1.334161683023306733e+00,8.968481273760753325e-02
1.346932373817452122e+00,1.099787922365662446e-01
1.319209525139997785e+00,-2.779884163500991046e-02
1.319209525139997785e+00,-2.779884163500991046e-02
1.319209525139997785e+00,-2.779884163500991046e-02
1.306405410541386480e+00,3.310227819192108900e-02
1.306405410541386480e+00,3.310227819192108900e-02
1.306405410541386480e+00,3.310227819192108900e-02
1.306405410541386480e+00,3.310227819192108900e-02
1.482576194484635845e+00,1.812440331514388742e-02
1.482576194484635845e+00,1.812440331514388742e-02
1.482576194484635845e+00,1.812440331514388742e-02
1.426708338904003837e+00,-1.483692056244903523e-01
1.426708338904003837e+00,-1.483692056244903523e-01
1.349814650831730800e+00,-2.085500438067946771e-01
1.349814650831730800e+00,-2.085500438067946771e-01
1.298353580739986191e+00,-1.411631959475145304e-01
1.298353580739986191e+00,-1.411631959475145304e-01
1.298353580739986191e+00,-1.411631959475145304e-01
1.231787027020220471e+00,5.601754067095193745e-02
1.231787027020220471e+00,5.601754067095193745e-02
1.079845783514560509e+00,2.076359687129572529e-01
9.841996722728890701e-01,1.653921254074369740e-02
9.841996722728890701e-01,1.653921254074369740e-02
1.108702679005232783e+00,-1.727873963593093976e-01
1.233758646643514867e+00,-2.286533221710757569e-01
1.374936532699468028e+00,-8.293622053745455802e-02
1.374936532699468028e+00,-8.293622053745455802e-02
1.374936532699468028e+00,-8.293622053745455802e-02
1.374936532699468028e+00,-8.293622053745455802e-02
1.372495448442237809e+00,8.382076055560272465e-02
1.372495448442237809e+00,8.382076055560272465e-02
1.303429813055465569e+00,-2.751116857628664591e-02
1.303429813055465569e+00,-2.751116857628664591e-02
1.356237823671090803e+00,-1.317242258010389300e-01
1.356237823671090803e+00,-1.317242258010389300e-01
1.356237823671090803e+00,-1.317242258010389300e-01
1.356237823671090803e+00,-1.317242258010389300e-01
1.344769428588998617e+00,-1.231004829360640151e-01
1.344769428588998617e+00,-1.231004829360640151e-01
1.389320851152156644e+00,2.608544148178543187e-02
1.307726460471901886e+00,7.373948173505756598e-03
1.292194605058370138e+00,-1.415700774631181366e-02
1.292194605058370138e+00,-1.415700774631181366e-02
1.292194605058370138e+00,-1.415700774631181366e-02
1.292194605058370138e+00,-1.415700774631181366e-02
1.292194605058370138e+00,-1.415700774631181366e-02
1.292194605058370138e+00,-1.415700774631181366e-02
1.292194605058370138e+00,-1.415700774631181366e-02
1.332867683430006611e+00,6.299532909330879393e-02
1.178135545855664157e+00,7.435180201098241792e-02
1.178135545855664157e+00,7.435180201098241792e-02
1.212096685234179239e+00,-1.105639092856507827e-01
1.212096685234179239e+00,-1.105639092856507827e-01
1.223336276376482123e+00,-8.962127686110622771e-02
1.223336276376482123e+00,-8.962127686110622771e-02
1.262482149050216274e+00,-1.699872955314552514e-01
1.262482149050216274e+00,-1.699872955314552514e-01
1.261645968383435568e+00,1.650323643338559298e-01
1.213066289716915769e+00,-9.970759400812412299e-02
1.304391778071226193e+00,2.325826894182789206e-01
1.221054036627731376e+00,2.540364711799862341e-01
1.266085868958906957e+00,2.861790924337994091e-01
1.266085868958906957e+00,2.861790924337994091e-01
1.285348418916003155e+00,2.003886041958833075e-01
1.285348418916003155e+00,2.003886041958833075e-01
1.285348418916003155e+00,2.003886041958833075e-01
1.285348418916003155e+00,2.003886041958833075e-01
1.285348418916003155e+00,2.003886041958833075e-01
1.400214341805856577e+00,1.193216323106935511e-01
1.279613412929801797e+00,7.476395074604291757e-04
1.279613412929801797e+00,7.476395074604291757e-04
1.279613412929801797e+00,7.476395074604291757e-04
1.279613412929801797e+00,7.476395074604291757e-04
1.279613412929801797e+00,7.476395074604291757e-04
1.375125046370051951e+00,7.231385196909706492e-02
1.375125046370051951e+00,7.231385196909706492e-02
1.289682385464562708e+00,-1.321751447013390368e-02
1.139636897868927745e+00,1.037738834943198879e-01
1.258640345233224211e+00,1.158448519800216181e-02
1.272186628840275224e+00,-2.177397696129371174e-02
1.272186628840275224e+00,-2.177397696129371174e-02
1.272186628840275224e+00,-2.177397696129371174e-02
1.272186628840275224e+00,-2.177397696129371174e-02
1.160768989822811514e+00,-3.652171983369188746e-02
1.154683617419740127e+00,-9.054447770219030411e-02
1.154683617419740127e+00,-9.054447770219030411e-02
1.154683617419740127e+00,-9.054447770219030411e-02
1.154683617419740127e+00,-9.054447770219030411e-02
1.154683617419740127e+00,-9.054447770219030411e-02
1.154683617419740127e+00,-9.054447770219030411e-02
1.093613036993348775e+00,-4.493078362635728740e-02
9.504350166858996918e-01,-1.819307442056203317e-01
9.504350166858996918e-01,-1.819307442056203317e-01
1.076740618246026848e+00,9.870304976588095691e-02
1.076740618246026848e+00,9.870304976588095691e-02
1.076740618246026848e+00,9.870304976588095691e-02
1.076740618246026848e+00,9.870304976588095691e-02
1.201045266440272652e+00,6.832632613407543798e-02
1.392112396003874153e+00,-6.482368649973599406e-02
1.392112396003874153e+00,-6.482368649973599406e-02
1.229794584270595736e+00,3.007430476357442206e-02
1.229794584270595736e+00,3.007430476357442206e-02
1.229794584270595736e+00,3.007430476357442206e-02
1.229794584270595736e+00,3.007430476357442206e-02
1.403422826495107856e+00,4.265717649283556206e-03
1.171210234439724163e+00,8.826918997419301582e-02
1.268512459495901412e+00,-4.481662068884657846e-02
1.268512459495901412e+00,-4.481662068884657846e-02
1.268512459495901412e+00,-4.481662068884657846e-02
1.268512459495901412e+00,-4.481662068884657846e-02
1.268512459495901412e+00,-4.481662068884657846e-02
1.268512459495901412e+00,-4.481662068884657846e-02
1.268512459495901412e+00,-4.481662068884657846e-02
1.268512459495901412e+00,-4.481662068884657846e-02
1.268512459495901412e+00,-4.481662068884657846e-02
1.268512459495901412e+00,-4.481662068884657846e-02
1.175518623650190220e+00,-1.047275478859620024e-01
1.114982873698364907e+00,-1.768773526524108353e-01
1.295883085565564308e+00,-1.526403934909004445e-01
1.295883085565564308e+00,-1.526403934909004445e-01
1.295217369983129974e+00,-1.733821525879436498e-01
1.295217369983129974e+00,-1.733821525879436498e-01
1.285342451301502820e+00,-2.143738248414581160e-01
1.302216650644990592e+00,-2.222436205674363507e-01
1.302216650644990592e+00,-2.222436205674363507e-01
1.302216650644990592e+00,-2.222436205674363507e-01
1.207949628137967357e+00,-1.056440836532721028e-02
1.373319431857321415e+00,-6.714680154823637892e-02
1.373319431857321415e+00,-6.714680154823637892e-02
1.373319431857321415e+00,-6.714680154823637892e-02
1.373319431857321415e+00,-6.714680154823637892e-02
1.354344042687959826e+00,2.496868329366408457e-03
1.354344042687959826e+00,2.496868329366408457e-03
1.248030571768382835e+00,8.802579643492078332e-02
1.248030571768382835e+00,8.802579643492078332e-02
1.248030571768382835e+00,8.802579643492078332e-02
1.068435254852289074e+00,-8.509725355532518631e-02
1.068435254852289074e+00,-8.509725355532518631e-02
1.068435254852289074e+00,-8.509725355532518631e-02
1.021609163469120674e+00,-1.368332544387439176e-01
1.021609163469120674e+00,-1.368332544387439176e-01
1.021609163469120674e+00,-1.368332544387439176e-01
1.021609163469120674e+00,-1.368332544387439176e-01
9.903640800009982925e-01,-1.446293050685632242e-01
1.182099674501720710e+00,-2.141039893260751337e-01
1.196900249277529804e+00,-5.391766804331141194e-02
1.196900249277529804e+00,-5.391766804331141194e-02
1.196900249277529804e+00,-5.391766804331141194e-02
1.196900249277529804e+00,-5.391766804331141194e-02
1.196900249277529804e+00,-5.391766804331141194e-02
1.062799631461234240e+00,1.609892985138727528e-01
1.062799631461234240e+00,1.609892985138727528e-01
1.172072101618372164e+00,-4.344645565256108344e-02
1.229047198400861962e+00,7.533007202336920727e-02
1.229047198400861962e+00,7.533007202336920727e-02
1.229047198400861962e+00,7.533007202336920727e-02
1.018400725676541274e+00,-2.759491764920131429e-02
1.202669950005082145e+00,9.394341809658213194e-02
1.291577128184911993e+00,-2.447295999355386664e-02
1.146915236253673420e+00,-4.154956053414820411e-02
1.146915236253673420e+00,-4.154956053414820411e-02
1.206093260463269923e+00,-1.086243300693137126e-01
1.206093260463269923e+00,-1.086243300693137126e-01
1.206093260463269923e+00,-1.086243300693137126e-01
1.404379370528183957e+00,4.255951015674966365e-02
1.475109475478231680e+00,-4.432031221368662455e-03
1.296928089599422185e+00,8.692806112089000725e-02
1.470978798089435990e+00,1.300921908910346314e-01
1.351367821826354065e+00,-5.346907383340981923e-03
1.209996294008651496e+00,-6.894078205262124670e-02
1.287964547128872983e+00,-1.263383161760287532e-01
1.341126077887650592e+00,-9.246265144675325232e-02
1.341126077887650592e+00,-9.246265144675325232e-02
1.341126077887650592e+00,-9.246265144675325232e-02
1.282540880454015930e+00,6.725081178252081959e-02
1.282540880454015930e+00,6.725081178252081959e-02
1.282540880454015930e+00,6.725081178252081959e-02
1.282540880454015930e+00,6.725081178252081959e-02
1.343298152290643088e+00,9.732229054187449546e-02
1.343298152290643088e+00,9.732229054187449546e-02
1.343298152290643088e+00,9.732229054187449546e-02
1.163253862397794380e+00,-1.894719275441949236e-01
1.163253862397794380e+00,-1.894719275441949236e-01
1.147090691091770864e+00,-9.851649976829077171e-02
1.414728280528798621e+00,-5.724731001841846384e-02
1.414728280528798621e+00,-5.724731001841846384e-02
1.408936984078197119e+00,-8.244031820130925947e-02
1.408936984078197119e+00,-8.244031820130925947e-02
1.408936984078197119e+00,-8.244031820130925947e-02
1.397817521262947338e+00,-2.525032551601461561e-01
1.397817521262947338e+00,-2.525032551601461561e-01
1.077053304377180609e+00,-9.248687304646185936e-02
1.198975657497235447e+00,-1.151837558109879700e-01
1.199094740929828262e+00,-8.342288793039345784e-02
1.199094740929828262e+00,-8.342288793039345784e-02
1.199094740929828262e+00,-8.342288793039345784e-02
1.199094740929828262e+00,-8.342288793039345784e-02
1.171319783557844385e+00,1.238013424035957766e-01
1.331077012323440778e+00,8.293200194398300806e-02
1.331077012323440778e+00,8.293200194398300806e-02
1.147420339195991623e+00,8.148539454520320469e-03
1.147420339195991623e+00,8.148539454520320469e-03
1.147420339195991623e+00,8.148539454520320469e-03
1.147420339195991623e+00,8.148539454520320469e-03
1.147420339195991623e+00,8.148539454520320469e-03
1.147420339195991623e+00,8.148539454520320469e-03
1.147420339195991623e+00,8.148539454520320469e-03
1.147420339195991623e+00,8.148539454520320469e-03
1.147420339195991623e+00,8.148539454520320469e-03
1.241853055013093732e+00,9.281580241528357422e-02
1.149415692644495834e+00,-3.425588300333733127e-02
1.149415692644495834e+00,-3.425588300333733127e-02
1.149415692644495834e+00,-3.425588300333733127e-02
1.149415692644495834e+00,-3.425588300333733127e-02
1.149415692644495834e+00,-3.425588300333733127e-02
1.115997490365390199e+00,-4.866991070306961320e-02
1.115997490365390199e+00,-4.866991070306961320e-02
1.115997490365390199e+00,-4.866991070306961320e-02
1.115997490365390199e+00,-4.866991070306961320e-02
1.115997490365390199e+00,-4.866991070306961320e-02
1.116338173274386891e+00,2.727500868864624062e-02
1.146392257610933552e+00,5.456194731504530882e-02
1.152937095537613033e+00,4.632418711364896802e-02
1.152937095537613033e+00,4.632418711364896802e-02
1.152937095537613033e+00,4.632418711364896802e-02
1.152937095537613033e+00,4.632418711364896802e-02
1.152937095537613033e+00,4.632418711364896802e-02
1.204107019436723158e+00,3.676518421013809379e-02
1.204107019436723158e+00,3.676518421013809379e-02
1.204107019436723158e+00,3.676518421013809379e-02
1.204107019436723158e+00,3.676518421013809379e-02
1.204107019436723158e+00,3.676518421013809379e-02
1.228922341389451889e+00,-4.633174979977630614e-02
1.228922341389451889e+00,-4.633174979977630614e-02
1.228922341389451889e+00,-4.633174979977630614e-02
1.228922341389451889e+00,-4.633174979977630614e-02
1.228922341389451889e+00,-4.633174979977630614e-02
1.228922341389451889e+00,-4.633174979977630614e-02
1.228922341389451889e+00,-4.633174979977630614e-02
1.228922341389451889e+00,-4.633174979977630614e-02
1.228922341389451889e+00,-4.633174979977630614e-02
1.228922341389451889e+00,-4.633174979977630614e-02
1.228922341389451889e+00,-4.633174979977630614e-02
1.228922341389451889e+00,-4.633174979977630614e-02
1.310555355682906820e+00,6.742238927548901972e-02
1.310555355682906820e+00,6.742238927548901972e-02
1.183337779680109003e+00,2.619395504050782419e-02
1.385380074448157472e+00,-1.321448812065895151e-01
1.385380074448157472e+00,-1.321448812065895151e-01
1.385380074448157472e+00,-1.321448812065895151e-01
1.310972244327692326e+00,1.554198102929091885e-01
1.297644909324843665e+00,5.090252788291181607e-02
1.088475035469838481e+00,-1.102593733018877725e-01
1.088475035469838481e+00,-1.102593733018877725e-01
1.236524126673766544e+00,-7.440865683517647322e-02
1.236524126673766544e+00,-7.440865683517647322e-02
1.236524126673766544e+00,-7.440865683517647322e-02
1.362804496397647780e+00,-1.298413421945322499e-01
1.362804496397647780e+00,-1.298413421945322499e-01
1.362804496397647780e+00,-1.298413421945322499e-01
1.362804496397647780e+00,-1.298413421945322499e-01
1.356971021576971914e+00,-6.644251311997724507e-02
1.137521546277505902e+00,-6.209387145424574705e-02
1.216214117648023896e+00,4.240184825054338358e-03
1.216214117648023896e+00,4.240184825054338358e-03
1.216214117648023896e+00,4.240184825054338358e-03
1.216214117648023896e+00,4.240184825054338358e-03
1.395438639996608776e+00,-5.791528356091860119e-02
1.395438639996608776e+00,-5.791528356091860119e-02
1.395438639996608776e+00,-5.791528356091860119e-02
1.402925163173443845e+00,1.895976963430628659e-01
1.402925163173443845e+00,1.895976963430628659e-01
1.402925163173443845e+00,1.895976963430628659e-01
1.402925163173443845e+00,1.895976963430628659e-01
9.696528203019605385e-01,1.117617206255487744e-01
9.696528203019605385e-01,1.117617206255487744e-01
9.696528203019605385e-01,1.117617206255487744e-01
9.696528203019605385e-01,1.117617206255487744e-01
9.554737396676060701e-01,-4.077306309931520711e-02
1.112773863067345159e+00,-3.403981252894034554e-02
1.112773863067345159e+00,-3.403981252894034554e-02
1.206614457268281981e+00,-6.003927094431116274e-02
1.223539097781412011e+00,-1.028493029087146349e-02
1.336798282424886519e+00,-6.265012825196540625e-02
1.435520842479539150e+00,1.956683835380514103e-02
1.435520842479539150e+00,1.956683835380514103e-02
1.435520842479539150e+00,1.956683835380514103e-02
1.435520842479539150e+00,1.956683835380514103e-02
1.435520842479539150e+00,1.956683835380514103e-02
1.435520842479539150e+00,1.956683835380514103e-02
1.435520842479539150e+00,1.956683835380514103e-02
1.415500537429022598e+00,4.980661877982803243e-02
1.415500537429022598e+00,4.980661877982803243e-02
1.415500537429022598e+00,4.980661877982803243e-02
1.415500537429022598e+00,4.980661877982803243e-02
1.427903556525490503e+00,6.886207419440512623e-02
1.288760562826142042e+00,-1.637788652916150611e-01
1.288760562826142042e+00,-1.637788652916150611e-01
1.141835211956731877e+00,-1.974786111672932609e-02
1.141835211956731877e+00,-1.974786111672932609e-02
1.141835211956731877e+00,-1.974786111672932609e-02
1.141835211956731877e+00,-1.974786111672932609e-02
1.157105503192273455e+00,4.763179081133049608e-02
1.157105503192273455e+00,4.763179081133049608e-02
1.201274203572346932e+00,1.251034433786060718e-03
1.201274203572346932e+00,1.251034433786060718e-03
1.201274203572346932e+00,1.251034433786060718e-03
1.201274203572346932e+00,1.251034433786060718e-03
1.201274203572346932e+00,1.251034433786060718e-03
1.201274203572346932e+00,1.251034433786060718e-03
1.201274203572346932e+00,1.251034433786060718e-03
1.201274203572346932e+00,1.251034433786060718e-03
1.343147407977649532e+00,1.193319622196043622e-01
1.343147407977649532e+00,1.193319622196043622e-01
1.343147407977649532e+00,1.193319622196043622e-01
1.343147407977649532e+00,1.193319622196043622e-01
1.343147407977649532e+00,1.193319622196043622e-01
1.454023050278024698e+00,1.591050632716369262e-01
1.519235006136861799e+00,2.174770016984595156e-02
1.519235006136861799e+00,2.174770016984595156e-02
1.470662972835580895e+00,7.418691919410023636e-03
1.439990010042077051e+00,1.785899222141753839e-01
1.244380719217917486e+00,4.191597768931076828e-03
1.203062558102148794e+00,-2.674901991169452084e-02
1.342137928611293329e+00,7.255468447567411244e-03
1.342137928611293329e+00,7.255468447567411244e-03
1.390543870100800383e+00,1.104545528906125257e-01
1.390543870100800383e+00,1.104545528906125257e-01
1.390543870100800383e+00,1.104545528906125257e-01
1.390543870100800383e+00,1.104545528906125257e-01
1.390543870100800383e+00,1.104545528906125257e-01
1.419927684155102954e+00,8.012046305985651151e-02
1.390123747733722714e+00,8.852408115395844768e-02
1.390123747733722714e+00,8.852408115395844768e-02
1.232014686965579919e+00,4.732854904605287433e-02
1.232014686965579919e+00,4.732854904605287433e-02
1.403792083198821761e+00,7.413246506529039270e-02
1.357772743739793952e+00,7.761141458442906427e-02
1.357772743739793952e+00,7.761141458442906427e-02
1.357772743739793952e+00,7.761141458442906427e-02
1.357772743739793952e+00,7.761141458442906427e-02
1.357772743739793952e+00,7.761141458442906427e-02
1.357772743739793952e+00,7.761141458442906427e-02
1.357772743739793952e+00,7.761141458442906427e-02
1.357772743739793952e+00,7.761141458442906427e-02
1.357772743739793952e+00,7.761141458442906427e-02
1.198353787282552485e+00,-9.832370602800093173e-02
1.338364999976444869e+00,-6.173640091724256346e-02
1.338364999976444869e+00,-6.173640091724256346e-02
1.338364999976444869e+00,-6.173640091724256346e-02
1.338364999976444869e+00,-6.173640091724256346e-02
1.338364999976444869e+00,-6.173640091724256346e-02
1.277190185301615433e+00,-9.151444486014440050e-02
1.277190185301615433e+00,-9.151444486014440050e-02
1.277190185301615433e+00,-9.151444486014440050e-02
1.277190185301615433e+00,-9.151444486014440050e-02
1.277190185301615433e+00,-9.151444486014440050e-02
1.277190185301615433e+00,-9.151444486014440050e-02
1.277190185301615433e+00,-9.151444486014440050e-02
1.253251905800075949e+00,4.268847526458216524e-02
1.344954453345369672e+00,-1.200168402718166105e-01
1.185784073641845682e+00,1.457039696503628912e-01
1.227003939039575942e+00,-1.095584030804695186e-01
1.319023006428325706e+00,-9.502999934982589436e-03
1.319023006428325706e+00,-9.502999934982589436e-03
1.358987857683412015e+00,1.871827594771160452e-01
1.338614616840876570e+00,2.062559111395378952e-01
1.338614616840876570e+00,2.062559111395378952e-01
1.338614616840876570e+00,2.062559111395378952e-01
1.127666252256009916e+00,2.765710386651414887e-01
1.127666252256009916e+00,2.765710386651414887e-01
1.127666252256009916e+00,2.765710386651414887e-01
1.017491268358352574e+00,1.116635616291569988e-01
1.017491268358352574e+00,1.116635616291569988e-01
1.017491268358352574e+00,1.116635616291569988e-01
1.017491268358352574e+00,1.116635616291569988e-01
1.017491268358352574e+00,1.116635616291569988e-01
1.017491268358352574e+00,1.116635616291569988e-01
1.017491268358352574e+00,1.116635616291569988e-01
1.164320009039797377e+00,2.500016536879985929e-01
1.164320009039797377e+00,2.500016536879985929e-01
1.223360980453424007e+00,2.077884009814358057e-01
1.174917423029465446e+00,2.555773416754102967e-01
1.174917423029465446e+00,2.555773416754102967e-01
1.174917423029465446e+00,2.555773416754102967e-01
1.174917423029465446e+00,2.555773416754102967e-01
1.174917423029465446e+00,2.555773416754102967e-01
1.544998649642568056e+00,-2.401494938994941375e-02
1.544998649642568056e+00,-2.401494938994941375e-02
1.544998649642568056e+00,-2.401494938994941375e-02
1.544998649642568056e+00,-2.401494938994941375e-02
1.593104675648249202e+00,1.448831311079371020e-02
1.593104675648249202e+00,1.448831311079371020e-02
1.493132548334626275e+00,-1.759716479356484009e-01
1.418438504775551889e+00,-1.326187633610665384e-01
1.418438504775551889e+00,-1.326187633610665384e-01
1.331903870272884038e+00,2.394215256955226079e-02
1.331903870272884038e+00,2.394215256955226079e-02
1.331903870272884038e+00,2.394215256955226079e-02
1.304973107737360527e+00,2.481036794512467628e-02
1.307223715143473797e+00,3.565938161944665064e-02
1.463730801840186668e+00,1.086302624781843584e-01
1.217627037309619409e+00,-1.973162305516015791e-02
1.179161223053877938e+00,-9.167758298775333103e-02
1.391143488508837622e+00,-3.614405740923203741e-02
1.391143488508837622e+00,-3.614405740923203741e-02
1.352615333329041158e+00,2.962763278906698633e-02
1.352615333329041158e+00,2.962763278906698633e-02
1.238725348180942376e+00,-6.610926209085046801e-02
1.238725348180942376e+00,-6.610926209085046801e-02
1.252293363409752169e+00,3.711531899772833876e-02
1.252293363409752169e+00,3.711531899772833876e-02
1.252293363409752169e+00,3.711531899772833876e-02
1.252293363409752169e+00,3.711531899772833876e-02
1.240640843202147403e+00,-1.279147012479563417e-01
1.240640843202147403e+00,-1.279147012479563417e-01
1.240640843202147403e+00,-1.279147012479563417e-01
1.240640843202147403e+00,-1.279147012479563417e-01
1.235641678647299679e+00,-2.888505269020814892e-02
1.235641678647299679e+00,-2.888505269020814892e-02
1.235641678647299679e+00,-2.888505269020814892e-02
1.235641678647299679e+00,-2.888505269020814892e-02
1.364029350421253950e+00,-9.185099375731160809e-02
1.364029350421253950e+00,-9.185099375731160809e-02
1.428428093076755889e+00,-7.803257152964601651e-02
1.272710024472659907e+00,7.514783290014112604e-02
1.272710024472659907e+00,7.514783290014112604e-02
1.272710024472659907e+00,7.514783290014112604e-02
1.272710024472659907e+00,7.514783290014112604e-02
1.272710024472659907e+00,7.514783290014112604e-02
1.272710024472659907e+00,7.514783290014112604e-02
1.237066128373333296e+00,6.178864756158572447e-03
1.294387112820746477e+00,-7.375331584903223325e-02
1.294387112820746477e+00,-7.375331584903223325e-02
1.294387112820746477e+00,-7.375331584903223325e-02
1.336663881631224182e+00,5.551607973082160752e-02
1.280222348748324412e+00,4.673432881494303526e-02
1.280013878175508157e+00,1.101280948776569152e-01
1.280013878175508157e+00,1.101280948776569152e-01
1.335248204470666389e+00,6.745384200911930250e-02
1.335248204470666389e+00,6.745384200911930250e-02
1.371512619356998863e+00,-1.344186102976630548e-01
1.371512619356998863e+00,-1.344186102976630548e-01
1.371512619356998863e+00,-1.344186102976630548e-01
1.371512619356998863e+00,-1.344186102976630548e-01
1.371512619356998863e+00,-1.344186102976630548e-01
1.371512619356998863e+00,-1.344186102976630548e-01
1.371512619356998863e+00,-1.344186102976630548e-01
1.371512619356998863e+00,-1.344186102976630548e-01
1.371512619356998863e+00,-1.344186102976630548e-01
1.203083440696258277e+00,-1.387164201896883553e-01
1.359351704726017740e+00,8.730616883433953146e-02
1.359351704726017740e+00,8.730616883433953146e-02
1.359351704726017740e+00,8.730616883433953146e-02
1.129469837072258009e+00,1.894859684110098696e-01
1.253524205148926596e+00,1.931641781645017653e-01
1.450153109813940411e+00,-5.283303557638172054e-02
1.450153109813940411e+00,-5.283303557638172054e-02
1.450153109813940411e+00,-5.283303557638172054e-02
1.423237479820572249e+00,-6.200720468356202969e-02
1.452974433199459181e+00,-3.912532904856443061e-02
1.541725459880903371e+00,2.280854182181758089e-02
1.541725459880903371e+00,2.280854182181758089e-02
1.150216915026307962e+00,2.198716528943911452e-02
1.150216915026307962e+00,2.198716528943911452e-02
1.150216915026307962e+00,2.198716528943911452e-02
1.150216915026307962e+00,2.198716528943911452e-02
1.201195576856225689e+00,-1.071834291033670339e-01
1.201195576856225689e+00,-1.071834291033670339e-01
1.227937389081446673e+00,7.220938859157940981e-02
1.131668862729933389e+00,2.952894114629543709e-02
1.131668862729933389e+00,2.952894114629543709e-02
1.131668862729933389e+00,2.952894114629543709e-02
1.313051593943887152e+00,1.044458553322431954e-01
1.313051593943887152e+00,1.044458553322431954e-01
1.313051593943887152e+00,1.044458553322431954e-01
1.274241856325206701e+00,-1.101437241803849970e-01
1.274241856325206701e+00,-1.101437241803849970e-01
1.302688781570026322e+00,-8.769759630132044348e-02
1.142884540277534722e+00,-2.389177709202167654e-01
1.142884540277534722e+00,-2.389177709202167654e-01
1.142884540277534722e+00,-2.389177709202167654e-01
1.142884540277534722e+00,-2.389177709202167654e-01
1.058019592939736020e+00,1.529325033475753548e-02
1.058019592939736020e+00,1.529325033475753548e-02
1.058019592939736020e+00,1.529325033475753548e-02
1.104551200175267978e+00,8.469269059868758664e-02
1.104551200175267978e+00,8.469269059868758664e-02
1.104551200175267978e+00,8.469269059868758664e-02
1.260522502783155696e+00,-1.523663250028740590e-01
1.179941951762557562e+00,-2.002045866221134340e-01
1.179941951762557562e+00,-2.002045866221134340e-01
1.062898841030605723e+00,-2.975485137267749880e-02
1.062898841030605723e+00,-2.975485137267749880e-02
1.182213504895085476e+00,2.242087405408724893e-02
1.182213504895085476e+00,2.242087405408724893e-02
1.182213504895085476e+00,2.242087405408724893e-02
1.182213504895085476e+00,2.242087405408724893e-02
1.182213504895085476e+00,2.242087405408724893e-02
1.182213504895085476e+00,2.242087405408724893e-02
1.194108853051656149e+00,-2.121241501681387365e-01
1.194108853051656149e+00,-2.121241501681387365e-01
1.194108853051656149e+00,-2.121241501681387365e-01
1.194108853051656149e+00,-2.121241501681387365e-01
1.323626914025919143e+00,-1.850252748291383864e-01
1.332331385479159191e+00,-3.606783330418115718e-01
1.332331385479159191e+00,-3.606783330418115718e-01
1.332331385479159191e+00,-3.606783330418115718e-01
1.312450532546183490e+00,-4.446276865268403156e-01
1.312450532546183490e+00,-4.446276865268403156e-01
1.312450532546183490e+00,-4.446276865268403156e-01
1.312450532546183490e+00,-4.446276865268403156e-01
1.326280762654110879e+00,-3.871750457234933163e-01
1.464867422821418241e+00,-2.292834947182887662e-01
1.317408371262115185e+00,-4.199407782893940788e-02
1.317408371262115185e+00,-4.199407782893940788e-02
1.317408371262115185e+00,-4.199407782893940788e-02
1.317408371262115185e+00,-4.199407782893940788e-02
1.206722434297225810e+00,4.939217943405252442e-02
1.206722434297225810e+00,4.939217943405252442e-02
1.409090496256901748e+00,3.160554111380042830e-02
1.279763062532889073e+00,-6.530553302612568389e-02
1.279763062532889073e+00,-6.530553302612568389e-02
1.260411610569204033e+00,-7.551075489843017685e-02
1.260411610569204033e+00,-7.551075489843017685e-02
1.260411610569204033e+00,-7.551075489843017685e-02
1.260411610569204033e+00,-7.551075489843017685e-02
1.260411610569204033e+00,-7.551075489843017685e-02
1.260411610569204033e+00,-7.551075489843017685e-02
1.260411610569204033e+00,-7.551075489843017685e-02
1.260411610569204033e+00,-7.551075489843017685e-02
1.260411610569204033e+00,-7.551075489843017685e-02
1.260411610569204033e+00,-7.551075489843017685e-02
1.081321931559712679e+00,-2.670077374388193925e-01
1.083170822470285399e+00,-1.921584764221302422e-01
1.083170822470285399e+00,-1.921584764221302422e-01
1.081110353285193115e+00,-2.397419529024572282e-01
1.081110353285193115e+00,-2.397419529024572282e-01
9.878802016494038218e-01,3.135777083249011166e-02
9.878802016494038218e-01,3.135777083249011166e-02
9.878802016494038218e-01,3.135777083249011166e-02
1.036442848096977842e+00,1.005123287934073933e-01
1.036442848096977842e+00,1.005123287934073933e-01
1.286937256121990281e+00,-1.258031207866728840e-01
1.286937256121990281e+00,-1.258031207866728840e-01
1.286937256121990281e+00,-1.258031207866728840e-01
1.190118785643706989e+00,-1.260715310275190293e-01
1.190118785643706989e+00,-1.260715310275190293e-01
1.367549396173225684e+00,-9.373890710216782607e-02
1.367549396173225684e+00,-9.373890710216782607e-02
1.478355714912044316e+00,1.742158200879792562e-02
1.271596237231745530e+00,-1.235127750119026924e-01
1.165811884960455513e+00,-1.307924726882866984e-02
1.276664614470070402e+00,-5.018319991925282442e-02
1.276664614470070402e+00,-5.018319991925282442e-02
1.276664614470070402e+00,-5.018319991925282442e-02
1.272591309550057170e+00,1.425126505325326753e-01
1.192817236081155752e+00,1.399041898197111722e-01
1.192817236081155752e+00,1.399041898197111722e-01
1.328862877668474107e+00,1.415813566316248273e-01
1.083294478688664242e+00,5.200528941954996043e-03
1.287699128140769922e+00,9.439243441075888252e-02
1.287699128140769922e+00,9.439243441075888252e-02
1.287699128140769922e+00,9.439243441075888252e-02
1.287699128140769922e+00,9.439243441075888252e-02
1.287699128140769922e+00,9.439243441075888252e-02
1.287699128140769922e+00,9.439243441075888252e-02
1.200668049215528610e+00,1.373313778141884989e-01
1.200668049215528610e+00,1.373313778141884989e-01
1.202396534825268537e+00,1.114287326189416227e-01
1.202396534825268537e+00,1.114287326189416227e-01
1.340022438747612066e+00,4.458135882080040135e-02
1.340022438747612066e+00,4.458135882080040135e-02
1.321758546106911902e+00,-2.069980629948474371e-02
1.391574754558235094e+00,-1.786145413373925739e-01
1.580479969486785929e+00,-5.747321003310823517e-03
1.596963885368585023e+00,6.254754097638669241e-02
1.596963885368585023e+00,6.254754097638669241e-02
1.497822277851962758e+00,5.924769934698900092e-02
1.497822277851962758e+00,5.924769934698900092e-02
1.497822277851962758e+00,5.924769934698900092e-02
1.497822277851962758e+00,5.924769934698900092e-02
1.497822277851962758e+00,5.924769934698900092e-02
1.497822277851962758e+00,5.924769934698900092e-02
1.421843876430977982e+00,-3.910874485254447336e-02
1.400156144062576047e+00,-1.259297880809704950e-01
1.400156144062576047e+00,-1.259297880809704950e-01
1.400156144062576047e+00,-1.259297880809704950e-01
1.241780151735010884e+00,-1.506441175490740858e-01
1.241780151735010884e+00,-1.506441175490740858e-01
1.241780151735010884e+00,-1.506441175490740858e-01
1.241780151735010884e+00,-1.506441175490740858e-01
1.330945511170554152e+00,1.108776568834139442e-01
1.330945511170554152e+00,1.108776568834139442e-01
1.201833986142637478e+00,1.546379949395224329e-01
1.243222956383498667e+00,1.194958737713265606e-01
1.243222956383498667e+00,1.194958737713265606e-01
1.243222956383498667e+00,1.194958737713265606e-01
1.243222956383498667e+00,1.194958737713265606e-01
1.378676834269444207e+00,2.967136408386174262e-02
1.418124931847253967e+00,8.133203748816965339e-03
1.262552008972658957e+00,1.821515179909877769e-01
1.262552008972658957e+00,1.821515179909877769e-01
1.390516168322714075e+00,1.065512589931785215e-01
1.390516168322714075e+00,1.065512589931785215e-01
1.390516168322714075e+00,1.065512589931785215e-01
1.355431666120499479e+00,-8.366793767882985122e-02
1.410835662321973771e+00,-1.582843056643654100e-01
1.410835662321973771e+00,-1.582843056643654100e-01
1.410835662321973771e+00,-1.582843056643654100e-01
1.456803715130163823e+00,9.489665025400767506e-02
1.456803715130163823e+00,9.489665025400767506e-02
1.456803715130163823e+00,9.489665025400767506e-02
1.456803715130163823e+00,9.489665025400767506e-02
1.270031165168368892e+00,2.267511705103935626e-01
1.270031165168368892e+00,2.267511705103935626e-01
1.270031165168368892e+00,2.267511705103935626e-01
1.393723205833914403e+00,5.904142632439066118e-02
1.393723205833914403e+00,5.904142632439066118e-02
1.393723205833914403e+00,5.904142632439066118e-02
1.393723205833914403e+00,5.904142632439066118e-02
1.393723205833914403e+00,5.904142632439066118e-02
1.359601393405018843e+00,-1.466870289778356706e-01
1.360364969918797406e+00,2.233304254133983147e-03
1.360364969918797406e+00,2.233304254133983147e-03
1.360364969918797406e+00,2.233304254133983147e-03
1.360364969918797406e+00,2.233304254133983147e-03
1.277260570184376443e+00,2.395437414988879285e-02
1.277260570184376443e+00,2.395437414988879285e-02
1.298355768434100721e+00,7.519945891451082498e-02
1.298355768434100721e+00,7.519945891451082498e-02
1.294282286015294048e+00,9.942358764767326995e-02
1.333094389317741157e+00,-6.496032857062990218e-02
1.333094389317741157e+00,-6.496032857062990218e-02
1.366936414373480346e+00,4.193487580648372348e-02
1.349962848193681841e+00,-2.136950757977579274e-02
1.349962848193681841e+00,-2.136950757977579274e-02
1.348986227580761588e+00,-3.466283158091276045e-02
1.229956854957006129e+00,4.806259767160544344e-02
1.229956854957006129e+00,4.806259767160544344e-02
1.391685377310244665e+00,1.117255253464991688e-02
1.391685377310244665e+00,1.117255253464991688e-02
1.391685377310244665e+00,1.117255253464991688e-02
1.253482098614774332e+00,5.802538744447640479e-02
1.349245617803009223e+00,-3.311660986653498090e-02
1.349245617803009223e+00,-3.311660986653498090e-02
1.349245617803009223e+00,-3.311660986653498090e-02
1.368871475408885985e+00,1.507058338533743408e-02
1.261936762758270270e+00,6.231374313828143621e-03
1.217682941967773935e+00,-1.789469011615473643e-02
1.217682941967773935e+00,-1.789469011615473643e-02
1.217682941967773935e+00,-1.789469011615473643e-02
1.217682941967773935e+00,-1.789469011615473643e-02
1.217682941967773935e+00,-1.789469011615473643e-02
1.217682941967773935e+00,-1.789469011615473643e-02
1.217682941967773935e+00,-1.789469011615473643e-02
1.217682941967773935e+00,-1.789469011615473643e-02
1.217682941967773935e+00,-1.789469011615473643e-02
1.217682941967773935e+00,-1.789469011615473643e-02
1.245035355561937784e+00,1.022099685049522866e-01
1.245035355561937784e+00,1.022099685049522866e-01
1.245035355561937784e+00,1.022099685049522866e-01
1.185227257768854736e+00,1.333127330023992640e-01
1.185227257768854736e+00,1.333127330023992640e-01
1.185227257768854736e+00,1.333127330023992640e-01
1.185227257768854736e+00,1.333127330023992640e-01
1.185227257768854736e+00,1.333127330023992640e-01
1.185227257768854736e+00,1.333127330023992640e-01
1.219806431121131851e+00,-1.587965999067420531e-01
1.219806431121131851e+00,-1.587965999067420531e-01
1.219806431121131851e+00,-1.587965999067420531e-01
1.219806431121131851e+00,-1.587965999067420531e-01
1.219806431121131851e+00,-1.587965999067420531e-01
1.378979885744016975e+00,-7.736820212734890623e-03
1.378979885744016975e+00,-7.736820212734890623e-03
1.378979885744016975e+00,-7.736820212734890623e-03
1.400726704433104652e+00,1.047120440834364841e-01
1.417466557037568187e+00,2.203856596998667039e-02
1.417466557037568187e+00,2.203856596998667039e-02
1.118634996319767705e+00,-7.375436283492987910e-02
1.118634996319767705e+00,-7.375436283492987910e-02
1.118634996319767705e+00,-7.375436283492987910e-02
1.171621370917798277e+00,1.220165054579727265e-01
1.171621370917798277e+00,1.220165054579727265e-01
1.171621370917798277e+00,1.220165054579727265e-01
1.355836104849180046e+00,1.671354657840513624e-01
1.355836104849180046e+00,1.671354657840513624e-01
1.309100573439649251e+00,7.756309331204475077e-02
1.309100573439649251e+00,7.756309331204475077e-02
1.309100573439649251e+00,7.756309331204475077e-02
1.183941354700102089e+00,2.320324095796804514e-02
1.351132242810046513e+00,-6.334374081781254939e-02
1.351132242810046513e+00,-6.334374081781254939e-02
1.351132242810046513e+00,-6.334374081781254939e-02
1.289408544201898765e+00,-1.343350301440537353e-01
1.359048844896257879e+00,-1.536987458501502535e-01
1.248670797055974946e+00,-1.297896714385386452e-01
1.248670797055974946e+00,-1.297896714385386452e-01
1.208494331582012693e+00,-8.808620430845502669e-02
1.297986585823233785e+00,-6.439782487161467561e-02
1.218689766525664409e+00,-1.267111529723789765e-01
1.218689766525664409e+00,-1.267111529723789765e-01
1.218689766525664409e+00,-1.267111529723789765e-01
1.218689766525664409e+00,-1.267111529723789765e-01
1.218689766525664409e+00,-1.267111529723789765e-01
1.218689766525664409e+00,-1.267111529723789765e-01
1.218689766525664409e+00,-1.267111529723789765e-01
1.154260408497334689e+00,-4.765396632221848006e-02
1.154260408497334689e+00,-4.765396632221848006e-02
1.154260408497334689e+00,-4.765396632221848006e-02
1.200853990683143246e+00,2.656818771068930607e-02
1.200853990683143246e+00,2.656818771068930607e-02
1.270019691210030111e+00,-1.112203105509874668e-01
1.270019691210030111e+00,-1.112203105509874668e-01
1.401799689583586916e+00,-1.235823883575516702e-02
1.401799689583586916e+00,-1.235823883575516702e-02
1.352388814558728392e+00,-4.194434323601264197e-02
1.352388814558728392e+00,-4.194434323601264197e-02
1.297308856059235183e+00,6.693682041051210452e-02
1.297308856059235183e+00,6.693682041051210452e-02
1.301607535853326114e+00,-9.676370901654518519e-02
1.373655302010270640e+00,5.399691679067439298e-03
1.122392728057997946e+00,3.193014706319703688e-02
1.122392728057997946e+00,3.193014706319703688e-02
1.122392728057997946e+00,3.193014706319703688e-02
1.122392728057997946e+00,3.193014706319703688e-02
1.169233111550046722e+00,1.116941971200057226e-01
1.435116890094377151e+00,-8.814057545450876274e-02
1.328062280690499142e+00,-1.195371357103757193e-01
1.328062280690499142e+00,-1.195371357103757193e-01
1.328062280690499142e+00,-1.195371357103757193e-01
1.257227826478032551e+00,-5.270042184294404519e-02
1.257227826478032551e+00,-5.270042184294404519e-02
1.354778231808178246e+00,4.522977787747345380e-02
1.252683632063428032e+00,-4.461315037272438333e-02
1.252683632063428032e+00,-4.461315037272438333e-02
1.252683632063428032e+00,-4.461315037272438333e-02
1.237041367958670035e+00,-5.916324255099163210e-02
1.237041367958670035e+00,-5.916324255099163210e-02
1.237041367958670035e+00,-5.916324255099163210e-02
1.237041367958670035e+00,-5.916324255099163210e-02
1.428212684762108386e+00,-1.499932920100363054e-01
1.428212684762108386e+00,-1.499932920100363054e-01
1.148254176429431617e+00,1.768453099923010807e-01
1.148254176429431617e+00,1.768453099923010807e-01
1.148254176429431617e+00,1.768453099923010807e-01
1.148254176429431617e+00,1.768453099923010807e-01
1.083502960992913211e+00,-9.735153372058324983e-03
1.083502960992913211e+00,-9.735153372058324983e-03
1.134347943481524235e+00,7.506459658976814830e-02
1.325150871385687434e+00,7.501628929960924008e-04
1.315554667557607527e+00,2.518431632290621738e-02
1.315554667557607527e+00,2.518431632290621738e-02
1.315554667557607527e+00,2.518431632290621738e-02
1.315554667557607527e+00,2.518431632290621738e-02
1.315554667557607527e+00,2.518431632290621738e-02
1.315554667557607527e+00,2.518431632290621738e-02
1.250093429311832871e+00,-6.893750544547402881e-02
1.318784969724238865e+00,-4.914637230437005067e-02
1.318784969724238865e+00,-4.914637230437005067e-02
1.318784969724238865e+00,-4.914637230437005067e-02
1.133404889024432149e+00,-5.487881293510611658e-02
1.244201249026391620e+00,-1.259297316340304285e-01
1.244201249026391620e+00,-1.259297316340304285e-01
1.244201249026391620e+00,-1.259297316340304285e-01
1.253476361722647869e+00,-1.891707723037285849e-01
1.253476361722647869e+00,-1.891707723037285849e-01
1.253476361722647869e+00,-1.891707723037285849e-01
1.253476361722647869e+00,-1.891707723037285849e-01
1.253476361722647869e+00,-1.891707723037285849e-01
1.253476361722647869e+00,-1.891707723037285849e-01
1.158808459003271896e+00,-5.200144742347034832e-03
1.341320641160420157e+00,-9.972377289055464611e-02
1.386826068425509817e+00,1.210175475669900136e-02
1.346799668443462217e+00,6.377516141510816694e-02
1.073702565332786296e+00,-8.788006094089736986e-03
1.107004388704325715e+00,3.625265826852192008e-02
1.271140327521932178e+00,-1.236898234750639369e-01
1.271140327521932178e+00,-1.236898234750639369e-01
1.166814542370516072e+00,-4.896638619045690088e-02
1.166814542370516072e+00,-4.896638619045690088e-02
1.166814542370516072e+00,-4.896638619045690088e-02
1.186652225658531679e+00,-4.444905910955584960e-02
1.186652225658531679e+00,-4.444905910955584960e-02
1.186652225658531679e+00,-4.444905910955584960e-02
1.186652225658531679e+00,-4.444905910955584960e-02
1.186652225658531679e+00,-4.444905910955584960e-02
1.186652225658531679e+00,-4.444905910955584960e-02
1.186652225658531679e+00,-4.444905910955584960e-02
1.186652225658531679e+00,-4.444905910955584960e-02
1.186652225658531679e+00,-4.444905910955584960e-02
1.186652225658531679e+00,-4.444905910955584960e-02
1.186652225658531679e+00,-4.444905910955584960e-02
1.186652225658531679e+00,-4.444905910955584960e-02
1.186652225658531679e+00,-4.444905910955584960e-02
1.186652225658531679e+00,-4.444905910955584960e-02
1.212913643793648966e+00,-3.242334805821652649e-02
1.270117487772695508e+00,-4.758749951215161811e-03
1.270117487772695508e+00,-4.758749951215161811e-03
1.231721390074493439e+00,-8.597695903909655102e-02
1.231721390074493439e+00,-8.597695903909655102e-02
1.231721390074493439e+00,-8.597695903909655102e-02
1.064904526120898698e+00,-3.464331635558833000e-02
1.064904526120898698e+00,-3.464331635558833000e-02
1.091720075196957129e+00,6.346817374245607157e-02
1.091720075196957129e+00,6.346817374245607157e-02
1.283511148260497947e+00,1.156651635038160458e-02
1.283511148260497947e+00,1.156651635038160458e-02
1.283511148260497947e+00,1.156651635038160458e-02
1.283511148260497947e+00,1.156651635038160458e-02
1.292998057243546661e+00,-6.222802672512072614e-02
1.292998057243546661e+00,-6.222802672512072614e-02
1.292998057243546661e+00,-6.222802672512072614e-02
1.292998057243546661e+00,-6.222802672512072614e-02
1.342993601541802917e+00,1.100567817388869718e-01
1.341038506593043911e+00,4.134276198020819804e-02
1.341038506593043911e+00,4.134276198020819804e-02
1.341038506593043911e+00,4.134276198020819804e-02
1.341038506593043911e+00,4.134276198020819804e-02
1.341038506593043911e+00,4.134276198020819804e-02
1.341038506593043911e+00,4.134276198020819804e-02
1.341038506593043911e+00,4.134276198020819804e-02
1.341038506593043911e+00,4.134276198020819804e-02
1.341038506593043911e+00,4.134276198020819804e-02
1.238652628268211986e+00,-3.193547886251393852e-02
1.238652628268211986e+00,-3.193547886251393852e-02
1.238652628268211986e+00,-3.193547886251393852e-02
1.238652628268211986e+00,-3.193547886251393852e-02
1.238652628268211986e+00,-3.193547886251393852e-02
1.457700518314856364e+00,5.707979068268595468e-02
1.330940364621490568e+00,5.334749042951195813e-02
1.330940364621490568e+00,5.334749042951195813e-02
1.330940364621490568e+00,5.334749042951195813e-02
1.330940364621490568e+00,5.334749042951195813e-02
1.430140219756192543e+00,1.858359608373355565e-03
1.430140219756192543e+00,1.858359608373355565e-03
1.430140219756192543e+00,1.858359608373355565e-03
1.430140219756192543e+00,1.858359608373355565e-03
1.430140219756192543e+00,1.858359608373355565e-03
1.430140219756192543e+00,1.858359608373355565e-03
1.430140219756192543e+00,1.858359608373355565e-03
1.414169822234292440e+00,5.668977493031700232e-02
1.384115421602751361e+00,8.300715524955516733e-02
1.384115421602751361e+00,8.300715524955516733e-02
1.104234589942246325e+00,-1.278912049460665945e-01
1.104234589942246325e+00,-1.278912049460665945e-01
1.104234589942246325e+00,-1.278912049460665945e-01
1.104234589942246325e+00,-1.278912049460665945e-01
1.104234589942246325e+00,-1.278912049460665945e-01
1.305004317953145643e+00,1.287522042400368605e-02
1.305004317953145643e+00,1.287522042400368605e-02
1.175380670431424024e+00,-1.316772143374392995e-02
1.045078573226464025e+00,-3.598934419423048536e-02
1.045078573226464025e+00,-3.598934419423048536e-02
1.045078573226464025e+00,-3.598934419423048536e-02
1.045078573226464025e+00,-3.598934419423048536e-02
1.045078573226464025e+00,-3.598934419423048536e-02
1.287247761574507265e+00,-1.337564421617843669e-01
1.198362501036168926e+00,4.476853810210645879e-02
1.198362501036168926e+00,4.476853810210645879e-02
1.198362501036168926e+00,4.476853810210645879e-02
1.198362501036168926e+00,4.476853810210645879e-02
1.198362501036168926e+00,4.476853810210645879e-02
1.274069405020957779e+00,8.047187379516110295e-02
1.274069405020957779e+00,8.047187379516110295e-02
1.308891748392443155e+00,-5.894285831897902450e-02
1.308891748392443155e+00,-5.894285831897902450e-02
1.305719865027527460e+00,-1.825904204171055478e-02
1.305719865027527460e+00,-1.825904204171055478e-02
1.305719865027527460e+00,-1.825904204171055478e-02
1.305719865027527460e+00,-1.825904204171055478e-02
1.305719865027527460e+00,-1.825904204171055478e-02
1.127271413661521837e+00,-7.396574040677311723e-03
1.127271413661521837e+00,-7.396574040677311723e-03
1.401201841776807289e+00,-3.747907019231860870e-04
1.401201841776807289e+00,-3.747907019231860870e-04
1.272740058751623105e+00,1.329185695971850101e-01
1.272740058751623105e+00,1.329185695971850101e-01
1.272740058751623105e+00,1.329185695971850101e-01
1.272740058751623105e+00,1.329185695971850101e-01
1.276662132614591938e+00,9.780271596798137401e-02
1.125839601635398646e+00,3.792164112851631463e-03
1.125839601635398646e+00,3.792164112851631463e-03
1.125839601635398646e+00,3.792164112851631463e-03
1.081364816042580390e+00,6.441075027930889818e-02
1.081364816042580390e+00,6.441075027930889818e-02
1.081364816042580390e+00,6.441075027930889818e-02
1.081364816042580390e+00,6.441075027930889818e-02
1.081364816042580390e+00,6.441075027930889818e-02
1.081364816042580390e+00,6.441075027930889818e-02
1.081364816042580390e+00,6.441075027930889818e-02
1.401736236157026472e+00,-1.360246203129647224e-01
1.367424441650403333e+00,-1.671554241174628141e-01
1.367424441650403333e+00,-1.671554241174628141e-01
1.333390924030820601e+00,-1.989082938902247966e-01
1.333390924030820601e+00,-1.989082938902247966e-01
1.196163526834527868e+00,-7.647657304717092597e-02
1.371612809024455260e+00,-8.995435194827096359e-02
1.371612809024455260e+00,-8.995435194827096359e-02
1.371612809024455260e+00,-8.995435194827096359e-02
1.371612809024455260e+00,-8.995435194827096359e-02
1.069519649247899329e+00,5.450888513174809158e-03
1.225671315937242101e+00,-1.236262411930769481e-02
1.207020399995240245e+00,-7.946223785944409035e-02
1.204023167235359626e+00,1.421474305397985860e-01
1.327984391404545272e+00,7.830390021043276416e-02
1.226899850154060667e+00,-1.619819565521485316e-02
1.226899850154060667e+00,-1.619819565521485316e-02
1.226899850154060667e+00,-1.619819565521485316e-02
1.226899850154060667e+00,-1.619819565521485316e-02
1.226899850154060667e+00,-1.619819565521485316e-02
1.135606404510049128e+00,-4.316508239873866754e-02
1.166871818582522646e+00,-2.719658803998436028e-02
1.322516714325627563e+00,5.129424983312425024e-02
1.322516714325627563e+00,5.129424983312425024e-02
1.320547052023823387e+00,3.265473799257302689e-02
1.320547052023823387e+00,3.265473799257302689e-02
1.320547052023823387e+00,3.265473799257302689e-02
1.320547052023823387e+00,3.265473799257302689e-02
1.320547052023823387e+00,3.265473799257302689e-02
1.320547052023823387e+00,3.265473799257302689e-02
1.320547052023823387e+00,3.265473799257302689e-02
1.320547052023823387e+00,3.265473799257302689e-02
1.320547052023823387e+00,3.265473799257302689e-02
1.320547052023823387e+00,3.265473799257302689e-02
1.320547052023823387e+00,3.265473799257302689e-02
1.348755520075890058e+00,-1.222194715849994479e-01
1.348755520075890058e+00,-1.222194715849994479e-01
1.348755520075890058e+00,-1.222194715849994479e-01
1.348755520075890058e+00,-1.222194715849994479e-01
1.311825269098110480e+00,-2.643172335279761476e-01
1.229264612398447420e+00,-2.668376949316798585e-01
1.243580692807589871e+00,-2.071701779914959796e-01
1.243580692807589871e+00,-2.071701779914959796e-01
1.153787810259865765e+00,-1.451082012329715787e-02
1.153787810259865765e+00,-1.451082012329715787e-02
1.270621550597244021e+00,-4.292334682536217555e-02
1.270621550597244021e+00,-4.292334682536217555e-02
1.270621550597244021e+00,-4.292334682536217555e-02
1.270621550597244021e+00,-4.292334682536217555e-02
1.270621550597244021e+00,-4.292334682536217555e-02
1.270621550597244021e+00,-4.292334682536217555e-02
1.394967093619723597e+00,4.744053064939780101e-02
1.293712566396894914e+00,-1.557969762224006155e-02
1.293712566396894914e+00,-1.557969762224006155e-02
1.293712566396894914e+00,-1.557969762224006155e-02
1.293712566396894914e+00,-1.557969762224006155e-02
1.212612022924452360e+00,-3.009891138610340522e-02
1.212612022924452360e+00,-3.009891138610340522e-02
1.212612022924452360e+00,-3.009891138610340522e-02
1.152835617791906575e+00,-2.791641838192731456e-03
1.138570985526679458e+00,-7.805272061361088337e-03
1.138570985526679458e+00,-7.805272061361088337e-03
1.138570985526679458e+00,-7.805272061361088337e-03
1.291287969674667080e+00,1.452428709097698112e-01
1.291287969674667080e+00,1.452428709097698112e-01
1.266860593911744548e+00,1.952329642578336522e-01
1.266860593911744548e+00,1.952329642578336522e-01
1.266860593911744548e+00,1.952329642578336522e-01
1.098757524882862935e+00,1.433152768466551819e-01
1.139496302538644645e+00,9.032783978344394171e-03
1.222726248000599591e+00,-7.849628161256662351e-02
1.222726248000599591e+00,-7.849628161256662351e-02
1.231117495357656910e+00,5.315259320354731587e-03
1.231117495357656910e+00,5.315259320354731587e-03
1.231117495357656910e+00,5.315259320354731587e-03
1.231117495357656910e+00,5.315259320354731587e-03
1.377508915496143516e+00,-6.117047603951186741e-02
1.378335505485274393e+00,-8.634293029732688363e-02
1.378335505485274393e+00,-8.634293029732688363e-02
1.297834941204208503e+00,1.982766831265301288e-01
1.195008916221036888e+00,1.659841271418745212e-01
1.195008916221036888e+00,1.659841271418745212e-01
1.195008916221036888e+00,1.659841271418745212e-01
1.195008916221036888e+00,1.659841271418745212e-01
1.195008916221036888e+00,1.659841271418745212e-01
1.185722283253433318e+00,1.046213480687904068e-01
1.260719235317769193e+00,1.285783312329659422e-01
1.280411553126086011e+00,1.058645819496427803e-01
1.280411553126086011e+00,1.058645819496427803e-01
1.280411553126086011e+00,1.058645819496427803e-01
1.280411553126086011e+00,1.058645819496427803e-01
1.283444988441169832e+00,4.976653054979097296e-02
1.385820265182613920e+00,9.116582731377145810e-02
1.261130482775213002e+00,-1.514532634110835052e-02
1.284149935269671694e+00,-2.767092763494569119e-02
1.275979438614924799e+00,-3.403405556037064628e-02
1.275979438614924799e+00,-3.403405556037064628e-02
1.284517533275242096e+00,4.171748692543315873e-02
1.258793219235484040e+00,6.256826849062405160e-02
1.258793219235484040e+00,6.256826849062405160e-02
1.290887769482428338e+00,2.635982012174323819e-01
1.290887769482428338e+00,2.635982012174323819e-01
1.290887769482428338e+00,2.635982012174323819e-01
1.089823416716517501e+00,-2.237085181928589739e-01
1.089823416716517501e+00,-2.237085181928589739e-01
1.089823416716517501e+00,-2.237085181928589739e-01
1.089823416716517501e+00,-2.237085181928589739e-01
1.089823416716517501e+00,-2.237085181928589739e-01
9.737097542023086527e-01,-1.835790140312916208e-01
9.737097542023086527e-01,-1.835790140312916208e-01
9.737097542023086527e-01,-1.835790140312916208e-01
9.737097542023086527e-01,-1.835790140312916208e-01
9.737097542023086527e-01,-1.835790140312916208e-01
9.737097542023086527e-01,-1.835790140312916208e-01
9.675030416151225721e-01,-1.308589680485091611e-01
9.675030416151225721e-01,-1.308589680485091611e-01
9.675030416151225721e-01,-1.308589680485091611e-01
1.068441472858976171e+00,-4.006718670021613971e-02
1.068441472858976171e+00,-4.006718670021613971e-02
1.084682692318916342e+00,7.643703256658646028e-02
1.092915774674683815e+00,1.081256089387382380e-01
1.092915774674683815e+00,1.081256089387382380e-01
1.092915774674683815e+00,1.081256089387382380e-01
1.092915774674683815e+00,1.081256089387382380e-01
1.019935018985307806e+00,1.045553886307811348e-01
1.019935018985307806e+00,1.045553886307811348e-01
9.937168468408525968e-01,-8.777590900327551793e-02
1.006245561531958765e+00,-3.324176587254388388e-02
1.181630300219727703e+00,2.939613387744671041e-02
1.186996248578335855e+00,-6.712355471232114845e-02
1.103487510037963970e+00,5.738722195561472839e-02
1.103487510037963970e+00,5.738722195561472839e-02
1.253639177033164298e+00,-1.075026540935973968e-01
1.253639177033164298e+00,-1.075026540935973968e-01
1.253639177033164298e+00,-1.075026540935973968e-01
9.825767159020608599e-01,1.461640907407358303e-01
9.825767159020608599e-01,1.461640907407358303e-01
1.054357186759528719e+00,-1.311127397538919825e-01
1.073088403265030077e+00,-3.647643127226538051e-02
1.073088403265030077e+00,-3.647643127226538051e-02
1.131062513005579584e+00,-7.808000632922213607e-03
1.131062513005579584e+00,-7.808000632922213607e-03
1.131062513005579584e+00,-7.808000632922213607e-03
1.131062513005579584e+00,-7.808000632922213607e-03
1.131062513005579584e+00,-7.808000632922213607e-03
1.131062513005579584e+00,-7.808000632922213607e-03
1.131062513005579584e+00,-7.808000632922213607e-03
1.349579092663754532e+00,8.567485230337432145e-02
1.349579092663754532e+00,8.567485230337432145e-02
1.285736401916588889e+00,-2.590177986837511881e-01
1.220990134129403826e+00,5.727684462941068366e-02
1.405834768813897018e+00,3.154572720532598795e-02
1.405834768813897018e+00,3.154572720532598795e-02
1.419027697813364242e+00,9.069792100756808584e-02
1.419027697813364242e+00,9.069792100756808584e-02
1.231777086384775233e+00,-4.199211416571600741e-02
1.231777086384775233e+00,-4.199211416571600741e-02
1.231777086384775233e+00,-4.199211416571600741e-02
1.270886140612980775e+00,-2.802773460394263755e-02
1.270886140612980775e+00,-2.802773460394263755e-02
1.270886140612980775e+00,-2.802773460394263755e-02
1.270886140612980775e+00,-2.802773460394263755e-02
1.270886140612980775e+00,-2.802773460394263755e-02
1.270886140612980775e+00,-2.802773460394263755e-02
1.270886140612980775e+00,-2.802773460394263755e-02
1.270886140612980775e+00,-2.802773460394263755e-02
1.270886140612980775e+00,-2.802773460394263755e-02
1.270886140612980775e+00,-2.802773460394263755e-02
1.264662497363683080e+00,-1.624139763288309501e-01
1.264662497363683080e+00,-1.624139763288309501e-01
1.342715342607497142e+00,4.673466563129841100e-02
1.457267494312239009e+00,-5.840264726323096678e-02
1.426182380829845275e+00,-7.608909983819650558e-02
1.426182380829845275e+00,-7.608909983819650558e-02
1.449041104470515373e+00,-6.040335078103883232e-02
1.449041104470515373e+00,-6.040335078103883232e-02
1.449041104470515373e+00,-6.040335078103883232e-02
1.449041104470515373e+00,-6.040335078103883232e-02
1.449041104470515373e+00,-6.040335078103883232e-02
1.449041104470515373e+00,-6.040335078103883232e-02
1.449041104470515373e+00,-6.040335078103883232e-02
1.449041104470515373e+00,-6.040335078103883232e-02
1.324485498238525238e+00,1.080203201591801304e-02
1.324485498238525238e+00,1.080203201591801304e-02
1.324485498238525238e+00,1.080203201591801304e-02
1.324485498238525238e+00,1.080203201591801304e-02
1.324485498238525238e+00,1.080203201591801304e-02
1.324485498238525238e+00,1.080203201591801304e-02
1.324485498238525238e+00,1.080203201591801304e-02
1.241192519044657327e+00,-1.884595004180408817e-03
1.241192519044657327e+00,-1.884595004180408817e-03
1.241192519044657327e+00,-1.884595004180408817e-03
1.241192519044657327e+00,-1.884595004180408817e-03
1.241192519044657327e+00,-1.884595004180408817e-03
1.263597633551067911e+00,-3.164638268333236359e-02
1.263597633551067911e+00,-3.164638268333236359e-02
1.263597633551067911e+00,-3.164638268333236359e-02
1.284639388725133058e+00,-2.778732474423858401e-01
1.284639388725133058e+00,-2.778732474423858401e-01
1.292656225292517114e+00,-9.612611776000185015e-02
1.292656225292517114e+00,-9.612611776000185015e-02
1.410337317529016365e+00,-7.558105738575024435e-02
1.410337317529016365e+00,-7.558105738575024435e-02
1.410337317529016365e+00,-7.558105738575024435e-02
1.410337317529016365e+00,-7.558105738575024435e-02
1.461029799880452895e+00,3.123868184709784057e-02
1.368567877952577394e+00,-5.290762680461619238e-02
1.338163682152999190e+00,-7.346809810895715831e-02
1.338163682152999190e+00,-7.346809810895715831e-02
1.338163682152999190e+00,-7.346809810895715831e-02
1.338163682152999190e+00,-7.346809810895715831e-02
1.338163682152999190e+00,-7.346809810895715831e-02
1.407122310526349063e+00,-8.924780799626852446e-02
1.310007349481914440e+00,-8.426191299703746085e-02
1.310007349481914440e+00,-8.426191299703746085e-02
1.310007349481914440e+00,-8.426191299703746085e-02
1.354092761409786183e+00,2.188224655290726961e-03
1.391897442830349885e+00,2.390796755077021635e-02
1.205488247477930486e+00,-6.217216084569309603e-02
1.205488247477930486e+00,-6.217216084569309603e-02
1.188589805851244297e+00,-4.674727675693990392e-03
1.389347909288092930e+00,-5.515973277067319491e-02
1.389347909288092930e+00,-5.515973277067319491e-02
1.389347909288092930e+00,-5.515973277067319491e-02
1.338736034979362222e+00,-9.422169496752524909e-02
1.296485409209356954e+00,-9.498811292563794084e-02
1.330856463154535874e+00,-2.114024613767792604e-01
1.330856463154535874e+00,-2.114024613767792604e-01
1.330856463154535874e+00,-2.114024613767792604e-01
1.330856463154535874e+00,-2.114024613767792604e-01
1.330856463154535874e+00,-2.114024613767792604e-01
1.330856463154535874e+00,-2.114024613767792604e-01
1.355541051551212295e+00,-1.097845018164047837e-01
1.355541051551212295e+00,-1.097845018164047837e-01
1.355541051551212295e+00,-1.097845018164047837e-01
1.273207257101756307e+00,-1.077638218454148034e-01
1.273207257101756307e+00,-1.077638218454148034e-01
1.273207257101756307e+00,-1.077638218454148034e-01
1.205016276498380501e+00,8.810970177322025032e-02
1.205016276498380501e+00,8.810970177322025032e-02
1.189566778387762813e+00,1.144662671783894803e-01
1.189566778387762813e+00,1.144662671783894803e-01
1.109315887870770512e+00,6.530644678813346538e-02
1.103077382148227592e+00,-1.583363010859670239e-02
1.103077382148227592e+00,-1.583363010859670239e-02
1.103077382148227592e+00,-1.583363010859670239e-02
1.080915233369838191e+00,8.002677482173399526e-02
1.080915233369838191e+00,8.002677482173399526e-02
1.240626241386322715e+00,8.073382170383858192e-02
1.100512002167709724e+00,8.801886792611485211e-02
1.100512002167709724e+00,8.801886792611485211e-02
1.100512002167709724e+00,8.801886792611485211e-02
1.100512002167709724e+00,8.801886792611485211e-02
1.124821332798226825e+00,1.273498548638299088e-01
1.124821332798226825e+00,1.273498548638299088e-01
1.102399698109215676e+00,8.040534566854040666e-02
1.229813101592215574e+00,1.097959803467362522e-01
1.267380986527970155e+00,6.660701386537301594e-02
1.267380986527970155e+00,6.660701386537301594e-02
1.267380986527970155e+00,6.660701386537301594e-02
1.267380986527970155e+00,6.660701386537301594e-02
1.179596350290688100e+00,1.069724556478136579e-01
1.179596350290688100e+00,1.069724556478136579e-01
1.179596350290688100e+00,1.069724556478136579e-01
1.248599761700303068e+00,1.260409418896455136e-01
1.158299447117470127e+00,1.173824272219660958e-01
1.243358230797761088e+00,2.709472024893043451e-02
1.262481817203864543e+00,3.346137564204680614e-02
1.262481817203864543e+00,3.346137564204680614e-02
1.262481817203864543e+00,3.346137564204680614e-02
1.262481817203864543e+00,3.346137564204680614e-02
1.451012780389128176e+00,6.885492665093426168e-02
1.451012780389128176e+00,6.885492665093426168e-02
1.413556007345948107e+00,1.542293958343151083e-01
1.413556007345948107e+00,1.542293958343151083e-01
1.413556007345948107e+00,1.542293958343151083e-01
1.258429373304999821e+00,-3.142193468027909553e-02
1.258429373304999821e+00,-3.142193468027909553e-02
1.258429373304999821e+00,-3.142193468027909553e-02
1.258429373304999821e+00,-3.142193468027909553e-02
1.258429373304999821e+00,-3.142193468027909553e-02
1.247514252922882427e+00,1.896979716540138361e-02
1.247514252922882427e+00,1.896979716540138361e-02
1.266770344400397486e+00,2.426435671182541887e-02
1.266770344400397486e+00,2.426435671182541887e-02
1.266770344400397486e+00,2.426435671182541887e-02
1.266770344400397486e+00,2.426435671182541887e-02
1.221288339245566235e+00,1.758117437158672192e-01
1.204368885830058744e+00,1.714649810292084853e-02
1.204368885830058744e+00,1.714649810292084853e-02
1.204368885830058744e+00,1.714649810292084853e-02
1.204368885830058744e+00,1.714649810292084853e-02
1.204368885830058744e+00,1.714649810292084853e-02
1.104196642644325266e+00,-3.666515345995107616e-02
1.125069126268440689e+00,5.887079622868863354e-02
1.125069126268440689e+00,5.887079622868863354e-02
1.225196146453563006e+00,5.948845161990669317e-02
1.225196146453563006e+00,5.948845161990669317e-02
1.215832623166886117e+00,1.183667436305360643e-01
1.335181741231829644e+00,-5.161270693117633868e-02
1.402502391629150580e+00,6.288631407066570811e-02
1.355001012441527486e+00,3.885171365824616196e-02
1.355001012441527486e+00,3.885171365824616196e-02
1.355001012441527486e+00,3.885171365824616196e-02
1.355001012441527486e+00,3.885171365824616196e-02
1.447947752613287786e+00,-1.141509706113955080e-01
1.447947752613287786e+00,-1.141509706113955080e-01
1.447947752613287786e+00,-1.141509706113955080e-01
1.447947752613287786e+00,-1.141509706113955080e-01
1.447947752613287786e+00,-1.141509706113955080e-01
1.447947752613287786e+00,-1.141509706113955080e-01
1.435485107039759622e+00,-1.407893190005357065e-01
1.435485107039759622e+00,-1.407893190005357065e-01
1.435485107039759622e+00,-1.407893190005357065e-01
1.435485107039759622e+00,-1.407893190005357065e-01
1.435485107039759622e+00,-1.407893190005357065e-01
1.435485107039759622e+00,-1.407893190005357065e-01
1.435485107039759622e+00,-1.407893190005357065e-01
1.307371672381889560e+00,-1.295105209078583619e-01
1.307371672381889560e+00,-1.295105209078583619e-01
1.307371672381889560e+00,-1.295105209078583619e-01
1.307371672381889560e+00,-1.295105209078583619e-01
1.307371672381889560e+00,-1.295105209078583619e-01
1.147009506035688409e+00,-1.508848023850723197e-01
1.113155096675148226e+00,-2.758344699290592172e-02
1.175605115516556776e+00,-2.514026537013124840e-01
1.175605115516556776e+00,-2.514026537013124840e-01
1.106045468522656838e+00,-2.547162102430897135e-02
1.134697845000037120e+00,5.732681934632603837e-02
1.215967527338472021e+00,-5.454603463054449874e-02
1.215967527338472021e+00,-5.454603463054449874e-02
1.215967527338472021e+00,-5.454603463054449874e-02
1.215967527338472021e+00,-5.454603463054449874e-02
1.184757319565201916e+00,-1.188521084505596015e-01
1.184757319565201916e+00,-1.188521084505596015e-01
1.184757319565201916e+00,-1.188521084505596015e-01
1.184757319565201916e+00,-1.188521084505596015e-01
1.305134440329019263e+00,-1.013223082790662422e-02
1.305134440329019263e+00,-1.013223082790662422e-02
1.305134440329019263e+00,-1.013223082790662422e-02
1.305134440329019263e+00,-1.013223082790662422e-02
1.305134440329019263e+00,-1.013223082790662422e-02
1.305134440329019263e+00,-1.013223082790662422e-02
1.305134440329019263e+00,-1.013223082790662422e-02
1.305134440329019263e+00,-1.013223082790662422e-02
1.305134440329019263e+00,-1.013223082790662422e-02
1.356956702119019420e+00,-2.624089369377865730e-02
1.467617614974249030e+00,2.412087366323972457e-02
1.467617614974249030e+00,2.412087366323972457e-02
1.467617614974249030e+00,2.412087366323972457e-02
1.358409466794193943e+00,7.560133568733708176e-02
1.358409466794193943e+00,7.560133568733708176e-02
1.358409466794193943e+00,7.560133568733708176e-02
1.358409466794193943e+00,7.560133568733708176e-02
1.358409466794193943e+00,7.560133568733708176e-02
1.358409466794193943e+00,7.560133568733708176e-02
1.358409466794193943e+00,7.560133568733708176e-02
1.393076758275476168e+00,1.821517287771501348e-01
1.393076758275476168e+00,1.821517287771501348e-01
1.369300984977887659e+00,2.517708797478180882e-01
1.369300984977887659e+00,2.517708797478180882e-01
1.369300984977887659e+00,2.517708797478180882e-01
1.180389560269413440e+00,2.586215038504033337e-01
1.180389560269413440e+00,2.586215038504033337e-01
1.135238881341273043e+00,1.638167361286528845e-01
1.191789870908410709e+00,-1.157696568354602551e-01
1.191789870908410709e+00,-1.157696568354602551e-01
1.099472633057990256e+00,-2.220792880033059524e-03
1.099472633057990256e+00,-2.220792880033059524e-03
1.099472633057990256e+00,-2.220792880033059524e-03
1.099472633057990256e+00,-2.220792880033059524e-03
1.099472633057990256e+00,-2.220792880033059524e-03
1.099472633057990256e+00,-2.220792880033059524e-03
1.099472633057990256e+00,-2.220792880033059524e-03
1.099472633057990256e+00,-2.220792880033059524e-03
1.099472633057990256e+00,-2.220792880033059524e-03
1.099472633057990256e+00,-2.220792880033059524e-03
1.099472633057990256e+00,-2.220792880033059524e-03
1.099472633057990256e+00,-2.220792880033059524e-03
1.099472633057990256e+00,-2.220792880033059524e-03
1.319324484795238783e+00,-9.853481939179742355e-02
1.319381713039739612e+00,-5.205153960024786614e-02
1.319381713039739612e+00,-5.205153960024786614e-02
1.319381713039739612e+00,-5.205153960024786614e-02
1.319381713039739612e+00,-5.205153960024786614e-02
1.319381713039739612e+00,-5.205153960024786614e-02
1.149469908054534306e+00,-1.210042473223296999e-01
1.371683380764207039e+00,-1.529397720680398531e-01
1.371683380764207039e+00,-1.529397720680398531e-01
1.371683380764207039e+00,-1.529397720680398531e-01
1.371683380764207039e+00,-1.529397720680398531e-01
1.371683380764207039e+00,-1.529397720680398531e-01
1.159567070461356764e+00,-6.284262140301564992e-02
1.159567070461356764e+00,-6.284262140301564992e-02
1.159567070461356764e+00,-6.284262140301564992e-02
1.174102649062413350e+00,-6.138077185054261614e-02
1.174102649062413350e+00,-6.138077185054261614e-02
1.174102649062413350e+00,-6.138077185054261614e-02
1.360216919828263427e+00,7.523038619983830888e-03
1.360216919828263427e+00,7.523038619983830888e-03
1.398748201689799409e+00,-8.095023276384122335e-02
1.473981348603009778e+00,-1.176961072164776634e-01
1.473981348603009778e+00,-1.176961072164776634e-01
1.473981348603009778e+00,-1.176961072164776634e-01
1.473981348603009778e+00,-1.176961072164776634e-01
1.337232617438868898e+00,-1.832263322140597062e-01
1.337232617438868898e+00,-1.832263322140597062e-01
1.431702680812205308e+00,-4.954916931449104833e-02
1.431702680812205308e+00,-4.954916931449104833e-02
1.431702680812205308e+00,-4.954916931449104833e-02
1.203320083638442117e+00,-6.842246505316805505e-03
1.230720574178525872e+00,-9.646011215368985314e-02
1.230720574178525872e+00,-9.646011215368985314e-02
1.165722133803070326e+00,-1.067174658149345756e-01
1.162493873144328393e+00,-1.668635138233367510e-01
1.162493873144328393e+00,-1.668635138233367510e-01
1.162493873144328393e+00,-1.668635138233367510e-01
1.162493873144328393e+00,-1.668635138233367510e-01
1.162493873144328393e+00,-1.668635138233367510e-01
1.281738802944123012e+00,-1.532614437890509884e-01
1.281738802944123012e+00,-1.532614437890509884e-01
1.142274859523695563e+00,-2.529822308979134959e-02
1.142274859523695563e+00,-2.529822308979134959e-02
1.142274859523695563e+00,-2.529822308979134959e-02
1.142274859523695563e+00,-2.529822308979134959e-02
1.142274859523695563e+00,-2.529822308979134959e-02
1.190658649297026805e+00,2.878521424081429553e-02
1.294487892834394360e+00,6.310333828411904267e-02
1.294487892834394360e+00,6.310333828411904267e-02
1.294487892834394360e+00,6.310333828411904267e-02
1.297383964238313148e+00,1.177053295176171133e-01
1.297383964238313148e+00,1.177053295176171133e-01
1.148698868219858449e+00,-1.794395548124641249e-01
1.148698868219858449e+00,-1.794395548124641249e-01
1.251552508811670794e+00,-1.335990590891679708e-01
1.217398961502547117e+00,2.147056456353532705e-02
1.217398961502547117e+00,2.147056456353532705e-02
1.319954604174309765e+00,-1.278352398083358321e-01
1.319954604174309765e+00,-1.278352398083358321e-01
1.319954604174309765e+00,-1.278352398083358321e-01
1.319954604174309765e+00,-1.278352398083358321e-01
1.344479129472764711e+00,-2.201885127047793489e-01
1.344479129472764711e+00,-2.201885127047793489e-01
1.339806054801477408e+00,1.204791455219052509e-01
1.339806054801477408e+00,1.204791455219052509e-01
1.339806054801477408e+00,1.204791455219052509e-01
1.387143116165992396e+00,3.607119803804752223e-02
1.387143116165992396e+00,3.607119803804752223e-02
1.464846869080937974e+00,-3.572264142684863919e-02
1.464846869080937974e+00,-3.572264142684863919e-02
1.331391910524185818e+00,-1.550509562742438674e-01
1.331391910524185818e+00,-1.550509562742438674e-01
1.331391910524185818e+00,-1.550509562742438674e-01
1.331391910524185818e+00,-1.550509562742438674e-01
1.457200180907169296e+00,-2.304461899568363559e-02
1.457200180907169296e+00,-2.304461899568363559e-02
1.540837383500092805e+00,-3.001315024199352130e-02
1.540837383500092805e+00,-3.001315024199352130e-02
1.500726586285428432e+00,-1.135539448437261068e-01
1.500726586285428432e+00,-1.135539448437261068e-01
1.499078686350504341e+00,-3.862596085093215892e-02
1.499078686350504341e+00,-3.862596085093215892e-02
1.321363849850133221e+00,2.262866284740847750e-02
1.321363849850133221e+00,2.262866284740847750e-02
1.321363849850133221e+00,2.262866284740847750e-02
1.263136511363946113e+00,2.687190811794609030e-02
1.263136511363946113e+00,2.687190811794609030e-02
1.263136511363946113e+00,2.687190811794609030e-02
1.143988741320055569e+00,4.031742822277532834e-02
1.338000890078338445e+00,-1.091411392124838758e-01
1.152529343758562863e+00,-7.746940244253569530e-03
1.417942349120179912e+00,-1.202518567798711718e-01
1.417942349120179912e+00,-1.202518567798711718e-01
1.293388165192417949e+00,-1.402501862532400667e-01
1.207822179588929234e+00,-4.149878598723311107e-02
1.272770566778745671e+00,3.640023895935150244e-02
1.272770566778745671e+00,3.640023895935150244e-02
1.272770566778745671e+00,3.640023895935150244e-02
1.401446454817196763e+00,4.061629696935263600e-02
1.401446454817196763e+00,4.061629696935263600e-02
1.352534341326011580e+00,1.254649378628672207e-01
1.257252005012852392e+00,4.397992578310090661e-02
1.257252005012852392e+00,4.397992578310090661e-02
1.257252005012852392e+00,4.397992578310090661e-02
1.257252005012852392e+00,4.397992578310090661e-02
1.183886159263562998e+00,-1.748711805279236364e-02
1.183886159263562998e+00,-1.748711805279236364e-02
1.183886159263562998e+00,-1.748711805279236364e-02
1.183886159263562998e+00,-1.748711805279236364e-02
1.183886159263562998e+00,-1.748711805279236364e-02
1.183886159263562998e+00,-1.748711805279236364e-02
1.183886159263562998e+00,-1.748711805279236364e-02
1.394994217358405120e+00,4.293073456848722075e-02
1.394994217358405120e+00,4.293073456848722075e-02
1.394994217358405120e+00,4.293073456848722075e-02
1.394994217358405120e+00,4.293073456848722075e-02
1.394994217358405120e+00,4.293073456848722075e-02
1.394994217358405120e+00,4.293073456848722075e-02
1.394994217358405120e+00,4.293073456848722075e-02
1.394994217358405120e+00,4.293073456848722075e-02
1.394994217358405120e+00,4.293073456848722075e-02
1.394994217358405120e+00,4.293073456848722075e-02
1.394994217358405120e+00,4.293073456848722075e-02
1.394994217358405120e+00,4.293073456848722075e-02
1.394994217358405120e+00,4.293073456848722075e-02
1.394994217358405120e+00,4.293073456848722075e-02
1.334982532229300967e+00,7.377737001507139736e-02
1.334982532229300967e+00,7.377737001507139736e-02
1.334982532229300967e+00,7.377737001507139736e-02
1.334982532229300967e+00,7.377737001507139736e-02
1.334864097850041231e+00,6.613540981946684771e-02
1.334864097850041231e+00,6.613540981946684771e-02
1.334864097850041231e+00,6.613540981946684771e-02
1.334864097850041231e+00,6.613540981946684771e-02
1.334864097850041231e+00,6.613540981946684771e-02
1.334864097850041231e+00,6.613540981946684771e-02
1.334864097850041231e+00,6.613540981946684771e-02
1.334864097850041231e+00,6.613540981946684771e-02
1.334864097850041231e+00,6.613540981946684771e-02
1.304317242088081086e+00,3.867217533705973043e-02
1.304317242088081086e+00,3.867217533705973043e-02
1.304317242088081086e+00,3.867217533705973043e-02
1.255917276046485842e+00,-1.026139098074065198e-01
1.255917276046485842e+00,-1.026139098074065198e-01
1.255917276046485842e+00,-1.026139098074065198e-01
1.255917276046485842e+00,-1.026139098074065198e-01
1.249523190558321506e+00,-3.539179545620357858e-02
1.249523190558321506e+00,-3.539179545620357858e-02
1.053210880104473279e+00,2.422458875310615906e-02
1.392527262364029017e+00,6.074515298543105291e-02
1.217967596696267751e+00,5.244379940341452329e-02
1.203714757500177202e+00,6.981053928368756434e-02
1.203714757500177202e+00,6.981053928368756434e-02
1.203714757500177202e+00,6.981053928368756434e-02
1.370051243756817971e+00,2.142255019395752913e-02
1.370051243756817971e+00,2.142255019395752913e-02
1.220740186355300239e+00,4.039517697638068949e-02
1.288631411308942987e+00,3.546655770655333245e-02
1.288631411308942987e+00,3.546655770655333245e-02
1.288631411308942987e+00,3.546655770655333245e-02
1.202537290599456243e+00,1.371916888494092643e-02
1.202537290599456243e+00,1.371916888494092643e-02
1.221813260845035831e+00,3.682897633013991132e-03
1.218948435450812218e+00,1.708793513303317330e-02
1.218948435450812218e+00,1.708793513303317330e-02
1.218948435450812218e+00,1.708793513303317330e-02
1.218948435450812218e+00,1.708793513303317330e-02
1.218948435450812218e+00,1.708793513303317330e-02
1.218948435450812218e+00,1.708793513303317330e-02
1.218948435450812218e+00,1.708793513303317330e-02
1.367873014458308889e+00,-1.146020064826319684e-01
1.367873014458308889e+00,-1.146020064826319684e-01
1.367873014458308889e+00,-1.146020064826319684e-01
1.367873014458308889e+00,-1.146020064826319684e-01
1.367873014458308889e+00,-1.146020064826319684e-01
1.196064884836891329e+00,1.687284103014881631e-01
1.372482246149814067e+00,5.437179490472847376e-02
1.372482246149814067e+00,5.437179490472847376e-02
1.372482246149814067e+00,5.437179490472847376e-02
1.372482246149814067e+00,5.437179490472847376e-02
1.372482246149814067e+00,5.437179490472847376e-02
1.372482246149814067e+00,5.437179490472847376e-02
1.372482246149814067e+00,5.437179490472847376e-02
1.372341312634458355e+00,-1.608763537311308500e-02
1.372341312634458355e+00,-1.608763537311308500e-02
1.372341312634458355e+00,-1.608763537311308500e-02
1.372341312634458355e+00,-1.608763537311308500e-02
1.372341312634458355e+00,-1.608763537311308500e-02
1.372341312634458355e+00,-1.608763537311308500e-02
1.372341312634458355e+00,-1.608763537311308500e-02
1.372341312634458355e+00,-1.608763537311308500e-02
1.372341312634458355e+00,-1.608763537311308500e-02
1.372341312634458355e+00,-1.608763537311308500e-02
1.270302185092752723e+00,6.737759102597606908e-02
1.270302185092752723e+00,6.737759102597606908e-02
1.255746163423159034e+00,-1.875182275785829134e-02
1.255746163423159034e+00,-1.875182275785829134e-02
1.170764317976787705e+00,-4.658931854781779916e-03
1.055570547879589594e+00,-4.121089462784297691e-02
1.055570547879589594e+00,-4.121089462784297691e-02
1.144496252294867400e+00,-8.531635485573706157e-02
1.234042219997874668e+00,-2.872644170028908206e-02
1.222721609494414663e+00,8.412330013506566506e-02
1.222721609494414663e+00,8.412330013506566506e-02
1.222721609494414663e+00,8.412330013506566506e-02
1.222721609494414663e+00,8.412330013506566506e-02
1.275121503992792560e+00,9.358761071122430331e-02
1.275121503992792560e+00,9.358761071122430331e-02
1.275121503992792560e+00,9.358761071122430331e-02
1.334339531895711861e+00,-3.060621177632111278e-02
1.334339531895711861e+00,-3.060621177632111278e-02
1.317604347353326100e+00,1.538199949093611851e-01
1.159472616420125224e+00,1.933531239500847210e-01
1.332139544602416237e+00,4.381839234104639713e-02
1.537637422639719365e+00,6.531956680171403795e-03
1.537637422639719365e+00,6.531956680171403795e-03
1.537637422639719365e+00,6.531956680171403795e-03
1.537637422639719365e+00,6.531956680171403795e-03
1.537637422639719365e+00,6.531956680171403795e-03
1.537637422639719365e+00,6.531956680171403795e-03
1.503631588682119213e+00,2.300628657566283070e-02
1.503631588682119213e+00,2.300628657566283070e-02
1.405117371086607614e+00,2.437721800712836645e-02
1.405117371086607614e+00,2.437721800712836645e-02
1.405117371086607614e+00,2.437721800712836645e-02
1.430361187710442739e+00,-4.287705694095651082e-02
1.430361187710442739e+00,-4.287705694095651082e-02
1.430361187710442739e+00,-4.287705694095651082e-02
1.430361187710442739e+00,-4.287705694095651082e-02
1.430361187710442739e+00,-4.287705694095651082e-02
1.430361187710442739e+00,-4.287705694095651082e-02
1.211618862282171971e+00,-2.790687801239993132e-02
1.239129684832154021e+00,3.095163940952871257e-02
1.239129684832154021e+00,3.095163940952871257e-02
1.239129684832154021e+00,3.095163940952871257e-02
1.239129684832154021e+00,3.095163940952871257e-02
1.239129684832154021e+00,3.095163940952871257e-02
1.239129684832154021e+00,3.095163940952871257e-02
1.239129684832154021e+00,3.095163940952871257e-02
1.130238085085850441e+00,8.011133725423161267e-02
1.308276322472778030e+00,-7.105747029004955140e-02
1.308276322472778030e+00,-7.105747029004955140e-02
1.308276322472778030e+00,-7.105747029004955140e-02
1.383414737218296109e+00,-9.784772761389443074e-02
1.383414737218296109e+00,-9.784772761389443074e-02
1.204134670037189325e+00,-3.112616064557373330e-02
1.148686503940006931e+00,-1.316397818412994025e-01
1.148686503940006931e+00,-1.316397818412994025e-01
1.148686503940006931e+00,-1.316397818412994025e-01
1.262574774759501750e+00,-1.086409284223980865e-01
1.262574774759501750e+00,-1.086409284223980865e-01
1.259576000197649037e+00,-9.242502199341090519e-02
1.104827820821703499e+00,-6.536786949127071367e-02
1.104827820821703499e+00,-6.536786949127071367e-02
1.104827820821703499e+00,-6.536786949127071367e-02
1.104827820821703499e+00,-6.536786949127071367e-02
1.129696592285772683e+00,1.025159320949680097e-01
1.129696592285772683e+00,1.025159320949680097e-01
1.342252653546516683e+00,2.247588006748997558e-02
1.342252653546516683e+00,2.247588006748997558e-02
1.269516252984495663e+00,1.960718267822479377e-01
1.260377107685358267e+00,7.764072264286733804e-02
1.260377107685358267e+00,7.764072264286733804e-02
1.260377107685358267e+00,7.764072264286733804e-02
1.260377107685358267e+00,7.764072264286733804e-02
1.093145504052261519e+00,8.122096116665761256e-02
1.093145504052261519e+00,8.122096116665761256e-02
1.093145504052261519e+00,8.122096116665761256e-02
1.093145504052261519e+00,8.122096116665761256e-02
1.147018565550377511e+00,-2.526163092212221906e-02
1.147018565550377511e+00,-2.526163092212221906e-02
1.147018565550377511e+00,-2.526163092212221906e-02
1.147018565550377511e+00,-2.526163092212221906e-02
1.147018565550377511e+00,-2.526163092212221906e-02
1.224574842635356653e+00,8.283572001095917958e-02
1.224574842635356653e+00,8.283572001095917958e-02
1.274513335556801019e+00,-4.427805101788417907e-03
1.233735252133744131e+00,7.303615383202952116e-02
1.142471141446845806e+00,3.911540778965162668e-02
1.198405286677276305e+00,8.467451244080709261e-02
1.198405286677276305e+00,8.467451244080709261e-02
1.180885136227135979e+00,4.526621905052337358e-02
1.180885136227135979e+00,4.526621905052337358e-02
1.180885136227135979e+00,4.526621905052337358e-02
1.180885136227135979e+00,4.526621905052337358e-02
1.385933584374980709e+00,-1.014505593967297697e-01
1.370049717291976110e+00,-1.057768471591470638e-01
1.452383156064929182e+00,-4.931564507488114119e-02
1.327959939942682022e+00,1.093939615149510103e-01
1.333963221470338745e+00,1.813545603605387635e-02
1.333963221470338745e+00,1.813545603605387635e-02
1.342091395337599247e+00,-8.819354818896915638e-02
1.342091395337599247e+00,-8.819354818896915638e-02
1.342091395337599247e+00,-8.819354818896915638e-02
1.342091395337599247e+00,-8.819354818896915638e-02
1.354268627059330488e+00,-5.175729597913680813e-02
1.458622212590956480e+00,1.761009424034180870e-02
1.458622212590956480e+00,1.761009424034180870e-02
1.458622212590956480e+00,1.761009424034180870e-02
1.458622212590956480e+00,1.761009424034180870e-02
1.458622212590956480e+00,1.761009424034180870e-02
1.458622212590956480e+00,1.761009424034180870e-02
1.458622212590956480e+00,1.761009424034180870e-02
1.458622212590956480e+00,1.761009424034180870e-02
1.458622212590956480e+00,1.761009424034180870e-02
1.458622212590956480e+00,1.761009424034180870e-02
1.458622212590956480e+00,1.761009424034180870e-02
1.458622212590956480e+00,1.761009424034180870e-02
1.380389688045998708e+00,-8.038910023110661107e-02
1.380389688045998708e+00,-8.038910023110661107e-02
1.380389688045998708e+00,-8.038910023110661107e-02
1.380389688045998708e+00,-8.038910023110661107e-02
1.380389688045998708e+00,-8.038910023110661107e-02
1.380389688045998708e+00,-8.038910023110661107e-02
1.434650688162975474e+00,6.254030775439693712e-02
1.319992447491063592e+00,-1.238273483454960383e-01
1.350878313521579832e+00,-1.313144703477416853e-01
1.350878313521579832e+00,-1.313144703477416853e-01
1.350878313521579832e+00,-1.313144703477416853e-01
1.350878313521579832e+00,-1.313144703477416853e-01
1.374264766400347337e+00,-5.588979715552405692e-02
1.374264766400347337e+00,-5.588979715552405692e-02
1.374264766400347337e+00,-5.588979715552405692e-02
1.174023281553300269e+00,3.118266259407181940e-02
1.174023281553300269e+00,3.118266259407181940e-02
1.174023281553300269e+00,3.118266259407181940e-02
1.174023281553300269e+00,3.118266259407181940e-02
1.174023281553300269e+00,3.118266259407181940e-02
1.174023281553300269e+00,3.118266259407181940e-02
1.174023281553300269e+00,3.118266259407181940e-02
1.174023281553300269e+00,3.118266259407181940e-02
1.174023281553300269e+00,3.118266259407181940e-02
1.174023281553300269e+00,3.118266259407181940e-02
1.402426930160714180e+00,4.847656847010586856e-02
1.402426930160714180e+00,4.847656847010586856e-02
1.402426930160714180e+00,4.847656847010586856e-02
1.398373593970699380e+00,-4.919559453635108381e-02
1.398373593970699380e+00,-4.919559453635108381e-02
1.398373593970699380e+00,-4.919559453635108381e-02
1.144988213292091439e+00,-1.213252608987781395e-01
1.223052524543377428e+00,-3.904891242615217417e-02
1.223052524543377428e+00,-3.904891242615217417e-02
1.223052524543377428e+00,-3.904891242615217417e-02
1.185492541853802040e+00,3.504850112567441112e-02
1.185492541853802040e+00,3.504850112567441112e-02
1.185492541853802040e+00,3.504850112567441112e-02
1.185492541853802040e+00,3.504850112567441112e-02
1.185492541853802040e+00,3.504850112567441112e-02
1.185492541853802040e+00,3.504850112567441112e-02
1.185492541853802040e+00,3.504850112567441112e-02
1.185492541853802040e+00,3.504850112567441112e-02
1.185492541853802040e+00,3.504850112567441112e-02
1.128664893092945709e+00,1.637699904228313019e-01
1.355837449153985519e+00,1.208914574157426147e-01
1.355837449153985519e+00,1.208914574157426147e-01
1.355837449153985519e+00,1.208914574157426147e-01
1.384748348517642835e+00,1.274764885999487007e-01
1.384748348517642835e+00,1.274764885999487007e-01
1.384748348517642835e+00,1.274764885999487007e-01
1.384748348517642835e+00,1.274764885999487007e-01
1.384748348517642835e+00,1.274764885999487007e-01
1.384748348517642835e+00,1.274764885999487007e-01
1.189202347298174978e+00,9.522537325638424921e-02
1.189202347298174978e+00,9.522537325638424921e-02
1.189202347298174978e+00,9.522537325638424921e-02
1.189202347298174978e+00,9.522537325638424921e-02
1.189202347298174978e+00,9.522537325638424921e-02
1.280125022360951270e+00,-5.623281520544906598e-02
1.280125022360951270e+00,-5.623281520544906598e-02
1.280125022360951270e+00,-5.623281520544906598e-02
1.424651792677837925e+00,5.273084309478144605e-02
1.424651792677837925e+00,5.273084309478144605e-02
1.314115424186219405e+00,1.658618671276720080e-01
1.314115424186219405e+00,1.658618671276720080e-01
1.322936460000646131e+00,1.560019073674468737e-01
1.322936460000646131e+00,1.560019073674468737e-01
1.322936460000646131e+00,1.560019073674468737e-01
1.262726993145359966e+00,1.724849156916798409e-01
1.366926191656550937e+00,1.012252426622181345e-01
1.366926191656550937e+00,1.012252426622181345e-01
1.366926191656550937e+00,1.012252426622181345e-01
1.366926191656550937e+00,1.012252426622181345e-01
1.319460762124456288e+00,-1.230036943065535571e-01
1.319460762124456288e+00,-1.230036943065535571e-01
1.319460762124456288e+00,-1.230036943065535571e-01
1.344001486697940617e+00,2.538255871591205137e-03
1.344001486697940617e+00,2.538255871591205137e-03
1.344001486697940617e+00,2.538255871591205137e-03
1.344001486697940617e+00,2.538255871591205137e-03
1.344001486697940617e+00,2.538255871591205137e-03
1.344001486697940617e+00,2.538255871591205137e-03
1.344001486697940617e+00,2.538255871591205137e-03
1.344001486697940617e+00,2.538255871591205137e-03
1.393817933183088886e+00,3.479601088379692675e-02
1.349923043605798734e+00,-1.469553098009589442e-01
1.344335697523515005e+00,-1.956700466252651593e-01
1.344335697523515005e+00,-1.956700466252651593e-01
1.344335697523515005e+00,-1.956700466252651593e-01
1.344335697523515005e+00,-1.956700466252651593e-01
1.344335697523515005e+00,-1.956700466252651593e-01
1.131978519065459876e+00,-1.560351899317048985e-01
1.131978519065459876e+00,-1.560351899317048985e-01
1.406273877961984997e+00,-1.812977872536857826e-01
1.506435330794438920e+00,-7.347037775628088851e-02
1.506435330794438920e+00,-7.347037775628088851e-02
1.444800834580053595e+00,-1.113854021009890172e-01
1.444800834580053595e+00,-1.113854021009890172e-01
1.463343713004065183e+00,-1.073394785667661777e-01
1.463343713004065183e+00,-1.073394785667661777e-01
1.569191512236970842e+00,2.702421174531052794e-02
1.569191512236970842e+00,2.702421174531052794e-02
1.536952917771829741e+00,-1.448105797643885195e-01
1.536952917771829741e+00,-1.448105797643885195e-01
1.536952917771829741e+00,-1.448105797643885195e-01
1.536952917771829741e+00,-1.448105797643885195e-01
1.536952917771829741e+00,-1.448105797643885195e-01
1.274390910497570584e+00,1.492803969914274775e-02
1.296536915807491974e+00,1.140829862775320086e-01
1.296536915807491974e+00,1.140829862775320086e-01
1.185135797046201755e+00,2.131068751450804211e-02
1.309247609573464866e+00,-6.135427440539133193e-02
1.309247609573464866e+00,-6.135427440539133193e-02
1.107552059800269717e+00,5.360825383473587225e-02
1.061833125962211133e+00,-5.694607061042934737e-02
1.061833125962211133e+00,-5.694607061042934737e-02
1.078556184826298781e+00,1.442300766645615573e-01
1.318157238639463769e+00,1.423527473811388999e-01
1.318157238639463769e+00,1.423527473811388999e-01
1.318157238639463769e+00,1.423527473811388999e-01
1.061504819713007919e+00,3.001957097620415460e-02
1.058847375340301156e+00,4.003839862179343900e-02
1.228632701769230229e+00,2.346124898421060936e-02
1.258865800281983915e+00,9.169373911866310345e-02
1.258865800281983915e+00,9.169373911866310345e-02
1.258865800281983915e+00,9.169373911866310345e-02
1.342587417882009859e+00,4.247979090372770022e-02
1.181222649215748044e+00,5.075935634911481198e-03
1.379237740769443832e+00,2.595954914544491930e-03
1.379237740769443832e+00,2.595954914544491930e-03
1.342215735214900452e+00,1.084656635575594191e-01
1.102019427172385324e+00,1.352382477216983181e-02
1.102019427172385324e+00,1.352382477216983181e-02
1.102019427172385324e+00,1.352382477216983181e-02
1.304778902659054829e+00,-5.241513894040457366e-02
1.304778902659054829e+00,-5.241513894040457366e-02
1.304778902659054829e+00,-5.241513894040457366e-02
1.304778902659054829e+00,-5.241513894040457366e-02
1.284504287670071854e+00,7.920010098509108754e-03
1.284504287670071854e+00,7.920010098509108754e-03
1.152946495205013022e+00,-9.091640997854234796e-02
1.152946495205013022e+00,-9.091640997854234796e-02
1.152946495205013022e+00,-9.091640997854234796e-02
1.152946495205013022e+00,-9.091640997854234796e-02
1.152946495205013022e+00,-9.091640997854234796e-02
1.064063831528054838e+00,5.660719515588848172e-02
1.066309611450699579e+00,5.122950938914908742e-02
1.066309611450699579e+00,5.122950938914908742e-02
1.066309611450699579e+00,5.122950938914908742e-02
1.066309611450699579e+00,5.122950938914908742e-02
1.361543361504388372e+00,-6.477132830809828601e-02
1.361543361504388372e+00,-6.477132830809828601e-02
1.386149678995862056e+00,7.687570056768530669e-02
1.336250679522632989e+00,-1.477919893242945759e-01
1.336250679522632989e+00,-1.477919893242945759e-01
1.370771093943435215e+00,-4.158137201804047722e-02
1.370771093943435215e+00,-4.158137201804047722e-02
1.370771093943435215e+00,-4.158137201804047722e-02
1.370771093943435215e+00,-4.158137201804047722e-02
1.156190597222554350e+00,-1.247069371640651542e-01
1.156190597222554350e+00,-1.247069371640651542e-01
1.156190597222554350e+00,-1.247069371640651542e-01
1.159759045751714623e+00,-2.385718993642816366e-01
1.061709004358296182e+00,-1.642407207261283308e-01
8.694190652684503640e-01,-2.564510399922186323e-01
1.237140048970729822e+00,-3.198431702078081695e-01
1.066919826594393106e+00,-8.798632680414036900e-02
1.100933393571175811e+00,1.609847267881217570e-02
1.100933393571175811e+00,1.609847267881217570e-02
1.100933393571175811e+00,1.609847267881217570e-02
1.154436321481544736e+00,-1.386532236806788110e-02
1.154436321481544736e+00,-1.386532236806788110e-02
1.413977600545256896e+00,2.774785526444275424e-02
1.413977600545256896e+00,2.774785526444275424e-02
1.413977600545256896e+00,2.774785526444275424e-02
1.413977600545256896e+00,2.774785526444275424e-02
1.413977600545256896e+00,2.774785526444275424e-02
1.413977600545256896e+00,2.774785526444275424e-02
1.413977600545256896e+00,2.774785526444275424e-02
1.413977600545256896e+00,2.774785526444275424e-02
1.413977600545256896e+00,2.774785526444275424e-02
1.413977600545256896e+00,2.774785526444275424e-02
1.205546643304118204e+00,6.493226737382319647e-02
1.361496826230447210e+00,-1.847523542187554102e-02
1.361496826230447210e+00,-1.847523542187554102e-02
1.217048044087418956e+00,6.752192454578807845e-02
1.217048044087418956e+00,6.752192454578807845e-02
1.217048044087418956e+00,6.752192454578807845e-02
1.203666248091389557e+00,-1.581681484996740328e-01
1.203666248091389557e+00,-1.581681484996740328e-01
1.203666248091389557e+00,-1.581681484996740328e-01
1.203666248091389557e+00,-1.581681484996740328e-01
1.184890967360141545e+00,-1.554247196025668187e-01
1.184890967360141545e+00,-1.554247196025668187e-01
1.135701762203900067e+00,-1.914330154871019540e-01
1.102272413762810821e+00,1.755018313783943129e-02
1.102272413762810821e+00,1.755018313783943129e-02
1.102272413762810821e+00,1.755018313783943129e-02
1.102272413762810821e+00,1.755018313783943129e-02
1.102272413762810821e+00,1.755018313783943129e-02
1.102272413762810821e+00,1.755018313783943129e-02
1.102272413762810821e+00,1.755018313783943129e-02
1.102272413762810821e+00,1.755018313783943129e-02
1.102272413762810821e+00,1.755018313783943129e-02
1.076527212207647244e+00,7.758804242498716641e-02
1.076527212207647244e+00,7.758804242498716641e-02
1.153709803239892695e+00,-1.749238825166341549e-01
1.215922991174750889e+00,-6.126799803434429537e-02
1.148676602732650931e+00,-4.840326282212939479e-03
1.158955198691573596e+00,-3.452385456435376476e-02
1.208828996996698546e+00,3.336213447925849562e-02
1.208828996996698546e+00,3.336213447925849562e-02
1.096410022234987069e+00,-7.802395256200407581e-02
1.096410022234987069e+00,-7.802395256200407581e-02
1.096410022234987069e+00,-7.802395256200407581e-02
1.164116798349849713e+00,-1.027443121765287265e-01
1.164116798349849713e+00,-1.027443121765287265e-01
1.153175893739431412e+00,-1.166915898028289822e-01
1.153175893739431412e+00,-1.166915898028289822e-01
1.153175893739431412e+00,-1.166915898028289822e-01
1.153175893739431412e+00,-1.166915898028289822e-01
1.153175893739431412e+00,-1.166915898028289822e-01
1.153175893739431412e+00,-1.166915898028289822e-01
1.153175893739431412e+00,-1.166915898028289822e-01
1.153175893739431412e+00,-1.166915898028289822e-01
1.153175893739431412e+00,-1.166915898028289822e-01
1.170108546798012128e+00,-2.898545943843022221e-01
1.099633043842260127e+00,-2.747911071528685856e-01
1.126678369717601713e+00,-1.850531922856032407e-01
1.066268134717223814e+00,8.430783092419974478e-02
1.066268134717223814e+00,8.430783092419974478e-02
1.066268134717223814e+00,8.430783092419974478e-02
1.122199234971513970e+00,1.466916865610737308e-01
1.122199234971513970e+00,1.466916865610737308e-01
1.341764431460964246e+00,1.618708270180823916e-01
1.341764431460964246e+00,1.618708270180823916e-01
1.341764431460964246e+00,1.618708270180823916e-01
1.341764431460964246e+00,1.618708270180823916e-01
1.253940063544591643e+00,1.674643061046644510e-01
1.351451249649568531e+00,2.508132365187762391e-02
1.351451249649568531e+00,2.508132365187762391e-02
1.082641592197506109e+00,1.022508672094224191e-01
1.239262741507456855e+00,-1.912482129090154748e-01
1.239262741507456855e+00,-1.912482129090154748e-01
1.349129080581243700e+00,-1.152525031343830803e-01
1.364619536430926372e+00,-1.642500311442267880e-01
1.364619536430926372e+00,-1.642500311442267880e-01
1.377474696206227645e+00,-1.084450079939381639e-01
1.335600600330624221e+00,-1.931595855427224451e-01
1.251617173237287828e+00,-7.992523928356443097e-02
1.199419909861888733e+00,6.559262052190070746e-02
1.199419909861888733e+00,6.559262052190070746e-02
1.199419909861888733e+00,6.559262052190070746e-02
1.199419909861888733e+00,6.559262052190070746e-02
1.199419909861888733e+00,6.559262052190070746e-02
1.199419909861888733e+00,6.559262052190070746e-02
1.199419909861888733e+00,6.559262052190070746e-02
1.199419909861888733e+00,6.559262052190070746e-02
1.199419909861888733e+00,6.559262052190070746e-02
1.199419909861888733e+00,6.559262052190070746e-02
1.171482004160174339e+00,-4.529606584072518038e-02
1.171482004160174339e+00,-4.529606584072518038e-02
1.171482004160174339e+00,-4.529606584072518038e-02
1.163369636358765336e+00,-1.441855586534075695e-01
1.211294653475090577e+00,6.308578649420584772e-02
1.165647931811515825e+00,2.463519479079155639e-03
1.165647931811515825e+00,2.463519479079155639e-03
1.165647931811515825e+00,2.463519479079155639e-03
1.165647931811515825e+00,2.463519479079155639e-03
1.165647931811515825e+00,2.463519479079155639e-03
1.165647931811515825e+00,2.463519479079155639e-03
1.223185210443233917e+00,1.446212805968281612e-01
1.353386307163251923e+00,-8.130487691648305426e-02
1.353386307163251923e+00,-8.130487691648305426e-02
1.353386307163251923e+00,-8.130487691648305426e-02
1.353386307163251923e+00,-8.130487691648305426e-02
1.214784291473412159e+00,7.066231834886177454e-02
1.214784291473412159e+00,7.066231834886177454e-02
1.214784291473412159e+00,7.066231834886177454e-02
1.212241079786090525e+00,1.955800978201235885e-03
1.301471709937203736e+00,-1.723542692650828143e-02
1.301471709937203736e+00,-1.723542692650828143e-02
1.301471709937203736e+00,-1.723542692650828143e-02
1.277153027383099104e+00,4.427216699557240398e-02
1.332491191435530631e+00,-1.079581371064157469e-02
1.332491191435530631e+00,-1.079581371064157469e-02
1.351724316468553511e+00,-1.626996564753097063e-01
1.351724316468553511e+00,-1.626996564753097063e-01
1.351724316468553511e+00,-1.626996564753097063e-01
1.333862288996344958e+00,9.982911521067211469e-02
1.333862288996344958e+00,9.982911521067211469e-02
1.333862288996344958e+00,9.982911521067211469e-02
1.333862288996344958e+00,9.982911521067211469e-02
1.333862288996344958e+00,9.982911521067211469e-02
1.333862288996344958e+00,9.982911521067211469e-02
1.333862288996344958e+00,9.982911521067211469e-02
1.333862288996344958e+00,9.982911521067211469e-02
1.333862288996344958e+00,9.982911521067211469e-02
1.405481421016710808e+00,1.950916749573283759e-02
1.306332046464193430e+00,2.034190933009137614e-02
1.306332046464193430e+00,2.034190933009137614e-02
1.306332046464193430e+00,2.034190933009137614e-02
1.306332046464193430e+00,2.034190933009137614e-02
1.335763809132084257e+00,-7.932545993797716910e-03
1.335763809132084257e+00,-7.932545993797716910e-03
1.335763809132084257e+00,-7.932545993797716910e-03
1.394432554366636046e+00,1.185317783198833741e-01
1.331140671367877726e+00,5.599532295878098531e-02
1.331140671367877726e+00,5.599532295878098531e-02
1.331140671367877726e+00,5.599532295878098531e-02
1.331140671367877726e+00,5.599532295878098531e-02
1.331140671367877726e+00,5.599532295878098531e-02
1.211492488827031755e+00,-4.925387510850179340e-02
1.211492488827031755e+00,-4.925387510850179340e-02
1.211492488827031755e+00,-4.925387510850179340e-02
1.297147894166901905e+00,8.841339517225482725e-02
1.297147894166901905e+00,8.841339517225482725e-02
1.279500024974388639e+00,2.048676240079747024e-03
1.164716205280878603e+00,1.901216639390814964e-02
1.388836293109730224e+00,-6.518439943402809522e-02
1.388836293109730224e+00,-6.518439943402809522e-02
1.395925288170291712e+00,-8.298045749224235157e-02
1.213783086889742568e+00,-1.682392709294042166e-01
1.213783086889742568e+00,-1.682392709294042166e-01
1.277348423185510784e+00,-7.115992041167423787e-02
1.277348423185510784e+00,-7.115992041167423787e-02
1.277348423185510784e+00,-7.115992041167423787e-02
1.277348423185510784e+00,-7.115992041167423787e-02
1.277348423185510784e+00,-7.115992041167423787e-02
1.277348423185510784e+00,-7.115992041167423787e-02
1.277348423185510784e+00,-7.115992041167423787e-02
1.277348423185510784e+00,-7.115992041167423787e-02
1.353732120932536587e+00,5.020777493714781436e-03
1.353732120932536587e+00,5.020777493714781436e-03
1.353732120932536587e+00,5.020777493714781436e-03
1.353732120932536587e+00,5.020777493714781436e-03
1.242578136605489547e+00,-1.050478111093662709e-01
1.215182754869069681e+00,-7.998370641202812159e-02
1.306949610038752319e+00,-1.804578935675373724e-02
1.306949610038752319e+00,-1.804578935675373724e-02
1.306949610038752319e+00,-1.804578935675373724e-02
1.306949610038752319e+00,-1.804578935675373724e-02
1.306949610038752319e+00,-1.804578935675373724e-02
1.132820881852598216e+00,1.250418616309396380e-01
1.132820881852598216e+00,1.250418616309396380e-01
1.284038176903026685e+00,-8.332386699351362891e-02
1.284038176903026685e+00,-8.332386699351362891e-02
1.284038176903026685e+00,-8.332386699351362891e-02
1.284038176903026685e+00,-8.332386699351362891e-02
1.330140029867234563e+00,-2.026186033124584285e-02
1.330140029867234563e+00,-2.026186033124584285e-02
1.373268409632143028e+00,-1.626524358850810897e-02
1.373268409632143028e+00,-1.626524358850810897e-02
1.373268409632143028e+00,-1.626524358850810897e-02
1.373268409632143028e+00,-1.626524358850810897e-02
1.355590257831288170e+00,2.315941110714556800e-02
1.355590257831288170e+00,2.315941110714556800e-02
1.355590257831288170e+00,2.315941110714556800e-02
1.222770086743274698e+00,1.974765481594326771e-03
1.222770086743274698e+00,1.974765481594326771e-03
1.222770086743274698e+00,1.974765481594326771e-03
1.222770086743274698e+00,1.974765481594326771e-03
1.222770086743274698e+00,1.974765481594326771e-03
1.222770086743274698e+00,1.974765481594326771e-03
1.222770086743274698e+00,1.974765481594326771e-03
1.222770086743274698e+00,1.974765481594326771e-03
1.290758811319524746e+00,-1.745285400649280311e-02
1.290758811319524746e+00,-1.745285400649280311e-02
1.290758811319524746e+00,-1.745285400649280311e-02
1.290758811319524746e+00,-1.745285400649280311e-02
1.290758811319524746e+00,-1.745285400649280311e-02
1.290758811319524746e+00,-1.745285400649280311e-02
1.290758811319524746e+00,-1.745285400649280311e-02
1.290758811319524746e+00,-1.745285400649280311e-02
1.247853874922963957e+00,1.155180572590219085e-02
1.247853874922963957e+00,1.155180572590219085e-02
1.247853874922963957e+00,1.155180572590219085e-02
1.363766464621888774e+00,4.739533364466440302e-02
1.363766464621888774e+00,4.739533364466440302e-02
1.363766464621888774e+00,4.739533364466440302e-02
1.363766464621888774e+00,4.739533364466440302e-02
1.421132056563545909e+00,-4.031441607388006054e-02
1.421132056563545909e+00,-4.031441607388006054e-02
1.439005873908815181e+00,1.023739462437119885e-01
1.439005873908815181e+00,1.023739462437119885e-01
1.116732400181519758e+00,-7.262448753055511519e-03
1.116732400181519758e+00,-7.262448753055511519e-03
1.116732400181519758e+00,-7.262448753055511519e-03
1.285971261206793725e+00,-1.451214780628817813e-01
1.285971261206793725e+00,-1.451214780628817813e-01
1.318141871193173609e+00,-9.072865410151029208e-02
1.280294557415172285e+00,-1.137065670184752297e-01
1.281984325620536769e+00,-2.977601785173739080e-02
1.281984325620536769e+00,-2.977601785173739080e-02
1.281984325620536769e+00,-2.977601785173739080e-02
1.341103867819928741e+00,4.236184193778924634e-02
1.341103867819928741e+00,4.236184193778924634e-02
1.314670924936823138e+00,-1.002664997422610116e-01
1.314670924936823138e+00,-1.002664997422610116e-01
1.314670924936823138e+00,-1.002664997422610116e-01
1.314670924936823138e+00,-1.002664997422610116e-01
1.229350782252211172e+00,-7.919608528299978967e-02
1.129340859621709159e+00,5.990424291579327098e-02
1.129340859621709159e+00,5.990424291579327098e-02
1.129340859621709159e+00,5.990424291579327098e-02
1.167420520855535049e+00,6.659468370171145457e-02
1.167420520855535049e+00,6.659468370171145457e-02
1.353226753202624533e+00,-7.718828184477563581e-02
1.353226753202624533e+00,-7.718828184477563581e-02
1.353226753202624533e+00,-7.718828184477563581e-02
1.353226753202624533e+00,-7.718828184477563581e-02
1.353226753202624533e+00,-7.718828184477563581e-02
1.289981122486172138e+00,3.067587024765985881e-02
1.444609587471261447e+00,1.060343413422408371e-01
1.531229101684809413e+00,9.173646922152599303e-02
1.531229101684809413e+00,9.173646922152599303e-02
1.253797341390736175e+00,-1.171477413386948913e-01
1.108744323773609874e+00,9.916062388747172440e-02
1.091407990349358315e+00,-1.360023889307758749e-01
1.091407990349358315e+00,-1.360023889307758749e-01
1.091407990349358315e+00,-1.360023889307758749e-01
1.091407990349358315e+00,-1.360023889307758749e-01
1.091407990349358315e+00,-1.360023889307758749e-01
1.486155404793143564e+00,8.460966300445590949e-02
1.486155404793143564e+00,8.460966300445590949e-02
1.503395155688279639e+00,2.222822117691511945e-01
1.503395155688279639e+00,2.222822117691511945e-01
1.307998281407793506e+00,2.666836744192662700e-01
1.307998281407793506e+00,2.666836744192662700e-01
1.307998281407793506e+00,2.666836744192662700e-01
1.344176993088675109e+00,1.940595430361344853e-01
1.344176993088675109e+00,1.940595430361344853e-01
1.344176993088675109e+00,1.940595430361344853e-01
1.344176993088675109e+00,1.940595430361344853e-01
1.344176993088675109e+00,1.940595430361344853e-01
1.438819109408001617e+00,1.696314578400304196e-03
1.311814490483637519e+00,-1.078697892136367548e-02
1.311814490483637519e+00,-1.078697892136367548e-02
1.275980439488134444e+00,-8.766096665353753647e-02
1.275980439488134444e+00,-8.766096665353753647e-02
1.275980439488134444e+00,-8.766096665353753647e-02
1.151104506399013960e+00,1.636712733196033220e-01
1.282064670656565486e+00,1.764916368711695049e-01
1.432399122830454896e+00,2.793823068902190343e-03
1.432399122830454896e+00,2.793823068902190343e-03
1.432399122830454896e+00,2.793823068902190343e-03
1.432399122830454896e+00,2.793823068902190343e-03
1.432399122830454896e+00,2.793823068902190343e-03
1.442634320561448691e+00,-1.211890921565740402e-02
1.442634320561448691e+00,-1.211890921565740402e-02
1.442634320561448691e+00,-1.211890921565740402e-02
1.442634320561448691e+00,-1.211890921565740402e-02
1.442634320561448691e+00,-1.211890921565740402e-02
1.442634320561448691e+00,-1.211890921565740402e-02
1.442634320561448691e+00,-1.211890921565740402e-02
1.308565053277618739e+00,1.494508601338438714e-01
1.315168802778915902e+00,9.258277623111103860e-02
1.252744717047790113e+00,7.552864565938702257e-02
1.176517886239675681e+00,-5.993830591841670108e-02
1.293707909693283753e+00,-1.848917863284684771e-01
1.200800456870797506e+00,-1.413517648281348571e-01
1.312624254515236899e+00,-1.186314901928088306e-01
1.312624254515236899e+00,-1.186314901928088306e-01
1.254583561614440068e+00,-1.286235136827144909e-01
1.141610028097071128e+00,4.400689822107450855e-02
1.141610028097071128e+00,4.400689822107450855e-02
1.141610028097071128e+00,4.400689822107450855e-02
1.141610028097071128e+00,4.400689822107450855e-02
1.141610028097071128e+00,4.400689822107450855e-02
1.214117381223907222e+00,-1.655912500419007005e-01
1.307195907242451050e+00,-1.592726336388179398e-01
1.307195907242451050e+00,-1.592726336388179398e-01
1.307195907242451050e+00,-1.592726336388179398e-01
1.307195907242451050e+00,-1.592726336388179398e-01
1.307195907242451050e+00,-1.592726336388179398e-01
1.307195907242451050e+00,-1.592726336388179398e-01
1.188585633027162247e+00,-1.325937091120379940e-01
1.188585633027162247e+00,-1.325937091120379940e-01
1.297646823309154707e+00,-5.456122971836258051e-02
1.297646823309154707e+00,-5.456122971836258051e-02
1.297646823309154707e+00,-5.456122971836258051e-02
1.297646823309154707e+00,-5.456122971836258051e-02
1.297646823309154707e+00,-5.456122971836258051e-02
1.297646823309154707e+00,-5.456122971836258051e-02
1.297646823309154707e+00,-5.456122971836258051e-02
1.198024454203111766e+00,-5.292429030450074290e-03
1.198024454203111766e+00,-5.292429030450074290e-03
1.203850218222463297e+00,-1.041335794638545142e-01
1.339774909010031045e+00,1.173022906382029384e-01
1.339774909010031045e+00,1.173022906382029384e-01
1.339774909010031045e+00,1.173022906382029384e-01
1.339774909010031045e+00,1.173022906382029384e-01
1.339774909010031045e+00,1.173022906382029384e-01
1.339774909010031045e+00,1.173022906382029384e-01
1.339774909010031045e+00,1.173022906382029384e-01
1.339774909010031045e+00,1.173022906382029384e-01
1.216487200301382465e+00,-2.444328395497288864e-02
1.192904668699299231e+00,-4.293101210504253473e-04
1.192904668699299231e+00,-4.293101210504253473e-04
1.219516079312610302e+00,3.797026946446839524e-02
1.219516079312610302e+00,3.797026946446839524e-02
1.302501959245505381e+00,2.263424777432645335e-02
1.291475908182110555e+00,4.855573358858999988e-02
1.291475908182110555e+00,4.855573358858999988e-02
1.291475908182110555e+00,4.855573358858999988e-02
1.291475908182110555e+00,4.855573358858999988e-02
1.291475908182110555e+00,4.855573358858999988e-02
1.291475908182110555e+00,4.855573358858999988e-02
1.095759911489226024e+00,3.686370541286204672e-02
1.224091835056914990e+00,8.746382878677483319e-02
1.258614356179089677e+00,1.284540735148280710e-01
1.258614356179089677e+00,1.284540735148280710e-01
1.258614356179089677e+00,1.284540735148280710e-01
1.258614356179089677e+00,1.284540735148280710e-01
1.407554922629848049e+00,7.689546568112122504e-02
1.407554922629848049e+00,7.689546568112122504e-02
1.407554922629848049e+00,7.689546568112122504e-02
1.407554922629848049e+00,7.689546568112122504e-02
1.407554922629848049e+00,7.689546568112122504e-02
1.407554922629848049e+00,7.689546568112122504e-02
1.327644776379138136e+00,2.175730311054798749e-01
1.327644776379138136e+00,2.175730311054798749e-01
1.327644776379138136e+00,2.175730311054798749e-01
1.252450665672095731e+00,1.479236406176770435e-02
1.252450665672095731e+00,1.479236406176770435e-02
1.280380403158742242e+00,-1.553676195367312274e-02
1.280380403158742242e+00,-1.553676195367312274e-02
1.280380403158742242e+00,-1.553676195367312274e-02
1.280380403158742242e+00,-1.553676195367312274e-02
1.280380403158742242e+00,-1.553676195367312274e-02
1.280380403158742242e+00,-1.553676195367312274e-02
1.280380403158742242e+00,-1.553676195367312274e-02
1.280380403158742242e+00,-1.553676195367312274e-02
1.155764338927415480e+00,3.254464172785925119e-02
1.155764338927415480e+00,3.254464172785925119e-02
1.155764338927415480e+00,3.254464172785925119e-02
1.155764338927415480e+00,3.254464172785925119e-02
1.155764338927415480e+00,3.254464172785925119e-02
1.155764338927415480e+00,3.254464172785925119e-02
1.110758457568014501e+00,-1.432160259678213338e-02
1.341267213860157570e+00,-2.363982883397705848e-01
1.341267213860157570e+00,-2.363982883397705848e-01
1.152911166035492929e+00,1.101881569123032978e-01
1.263657888590788980e+00,2.955390460820411791e-02
1.263657888590788980e+00,2.955390460820411791e-02
1.435202690531844461e+00,-2.017009712846018488e-02
1.435202690531844461e+00,-2.017009712846018488e-02
1.435202690531844461e+00,-2.017009712846018488e-02
1.435202690531844461e+00,-2.017009712846018488e-02
1.211435294829312337e+00,1.585142057890200629e-01
1.211435294829312337e+00,1.585142057890200629e-01
1.186563239645552770e+00,4.943753418514439113e-02
1.186563239645552770e+00,4.943753418514439113e-02
1.186563239645552770e+00,4.943753418514439113e-02
1.157212767671752740e+00,6.052446930032657352e-02
1.157212767671752740e+00,6.052446930032657352e-02
1.157212767671752740e+00,6.052446930032657352e-02
1.248499723686210983e+00,-1.875469040990757758e-02
1.331532922141435593e+00,-7.262832589269910266e-02
1.312863808282564548e+00,-3.855049690439515259e-02
1.312863808282564548e+00,-3.855049690439515259e-02
1.312863808282564548e+00,-3.855049690439515259e-02
1.312863808282564548e+00,-3.855049690439515259e-02
1.312863808282564548e+00,-3.855049690439515259e-02
1.312863808282564548e+00,-3.855049690439515259e-02
1.270231903060200285e+00,-1.147073132032251086e-01
1.270231903060200285e+00,-1.147073132032251086e-01
9.817481284835367639e-01,-9.807198054238902563e-02
1.043927892060575235e+00,-9.144597083423577910e-02
1.043927892060575235e+00,-9.144597083423577910e-02
1.043927892060575235e+00,-9.144597083423577910e-02
1.043927892060575235e+00,-9.144597083423577910e-02
1.043927892060575235e+00,-9.144597083423577910e-02
1.283722388491890687e+00,3.012811109723360914e-02
1.244235296300502780e+00,-1.166446066768489082e-01
1.232341894270780003e+00,-1.349916306474248651e-01
1.232341894270780003e+00,-1.349916306474248651e-01
1.232341894270780003e+00,-1.349916306474248651e-01
1.232341894270780003e+00,-1.349916306474248651e-01
1.081407678287292340e+00,-2.594332832844845615e-01
1.274813222811705726e+00,-2.603764530268768418e-01
1.274813222811705726e+00,-2.603764530268768418e-01
1.431735940419376352e+00,-1.738763985765195141e-01
1.431735940419376352e+00,-1.738763985765195141e-01
1.431735940419376352e+00,-1.738763985765195141e-01
1.431735940419376352e+00,-1.738763985765195141e-01
1.431735940419376352e+00,-1.738763985765195141e-01
1.365191224588983232e+00,6.477400953633055680e-02
1.365191224588983232e+00,6.477400953633055680e-02
1.365191224588983232e+00,6.477400953633055680e-02
1.365191224588983232e+00,6.477400953633055680e-02
1.503138165826693129e+00,-7.329858737585404072e-02
1.391602655985039405e+00,1.489360113755115456e-01
1.391602655985039405e+00,1.489360113755115456e-01
1.391602655985039405e+00,1.489360113755115456e-01
1.391602655985039405e+00,1.489360113755115456e-01
1.391602655985039405e+00,1.489360113755115456e-01
1.185304678981457416e+00,-4.040610675493988557e-02
1.108705702141788318e+00,9.165574759245279091e-02
1.108705702141788318e+00,9.165574759245279091e-02
1.108705702141788318e+00,9.165574759245279091e-02
1.196844626938804446e+00,1.675856489022640172e-01
1.196844626938804446e+00,1.675856489022640172e-01
1.339157170018723031e+00,1.647962913415799979e-01
1.375749394475491050e+00,7.771708437891744481e-02
1.375749394475491050e+00,7.771708437891744481e-02
1.375749394475491050e+00,7.771708437891744481e-02
1.375749394475491050e+00,7.771708437891744481e-02
1.141626097151317909e+00,-4.214673794798176609e-02
1.239552710574160832e+00,-1.324055524316180010e-01
1.239552710574160832e+00,-1.324055524316180010e-01
1.239552710574160832e+00,-1.324055524316180010e-01
1.239552710574160832e+00,-1.324055524316180010e-01
1.239552710574160832e+00,-1.324055524316180010e-01
1.239552710574160832e+00,-1.324055524316180010e-01
1.174101098673034249e+00,-1.544349833256525861e-01
1.174101098673034249e+00,-1.544349833256525861e-01
1.174101098673034249e+00,-1.544349833256525861e-01
1.379205560859420698e+00,-1.412494493763197800e-01
1.379205560859420698e+00,-1.412494493763197800e-01
1.245133157300576388e+00,-2.089866756967788675e-01
1.245133157300576388e+00,-2.089866756967788675e-01
1.327982002995914401e+00,-1.122069536909279658e-01
1.339208462857533366e+00,-2.712541518397532103e-02
1.323356072430932340e+00,1.726722140214102114e-02
1.323356072430932340e+00,1.726722140214102114e-02
1.323356072430932340e+00,1.726722140214102114e-02
1.323356072430932340e+00,1.726722140214102114e-02
1.277017966224422763e+00,1.128419390406019129e-01
1.305706192971695989e+00,8.107323703423482963e-02
1.305706192971695989e+00,8.107323703423482963e-02
1.134310829358543327e+00,-7.583664856590865977e-02
1.134310829358543327e+00,-7.583664856590865977e-02
1.275486656976493105e+00,-1.740509112141733206e-01
1.275486656976493105e+00,-1.740509112141733206e-01
1.275486656976493105e+00,-1.740509112141733206e-01
1.275486656976493105e+00,-1.740509112141733206e-01
1.247627209512825353e+00,-1.899788175422683634e-01
1.247627209512825353e+00,-1.899788175422683634e-01
1.286565268651996385e+00,2.937140914263344782e-02
1.264045057777840597e+00,1.102587301873443060e-01
1.264045057777840597e+00,1.102587301873443060e-01
1.264045057777840597e+00,1.102587301873443060e-01
1.091942368184333878e+00,1.779208037514078411e-01
1.199306314992255595e+00,9.331137063892480654e-02
1.199306314992255595e+00,9.331137063892480654e-02
1.199306314992255595e+00,9.331137063892480654e-02
1.199306314992255595e+00,9.331137063892480654e-02
1.199306314992255595e+00,9.331137063892480654e-02
1.199306314992255595e+00,9.331137063892480654e-02
1.199306314992255595e+00,9.331137063892480654e-02
1.199306314992255595e+00,9.331137063892480654e-02
1.199306314992255595e+00,9.331137063892480654e-02
1.199306314992255595e+00,9.331137063892480654e-02
1.255744825590870084e+00,1.084470086601945216e-01
1.255744825590870084e+00,1.084470086601945216e-01
1.277236552903239231e+00,8.730609080103904351e-02
1.277236552903239231e+00,8.730609080103904351e-02
1.277236552903239231e+00,8.730609080103904351e-02
1.277236552903239231e+00,8.730609080103904351e-02
1.277236552903239231e+00,8.730609080103904351e-02
1.277236552903239231e+00,8.730609080103904351e-02
1.277236552903239231e+00,8.730609080103904351e-02
1.323110144766284746e+00,-9.293389129564078033e-02
1.276875453543978356e+00,-2.117177959612573379e-02
1.308407613605043762e+00,-8.365628201479544113e-02
1.186741203272799527e+00,-6.510039785832305581e-02
1.186741203272799527e+00,-6.510039785832305581e-02
1.186741203272799527e+00,-6.510039785832305581e-02
1.186741203272799527e+00,-6.510039785832305581e-02
1.238695847640618686e+00,-1.248735393129912497e-01
1.238695847640618686e+00,-1.248735393129912497e-01
1.136635228054084790e+00,-4.933294236080530693e-02
1.180556955520802642e+00,-1.511513748371421939e-01
1.180556955520802642e+00,-1.511513748371421939e-01
1.180556955520802642e+00,-1.511513748371421939e-01
1.109823535212770773e+00,-1.096137932602919279e-01
1.109823535212770773e+00,-1.096137932602919279e-01
1.178479223942342724e+00,-2.249977298442475404e-01
1.350838106246046166e+00,-1.485989401269871002e-01
1.350838106246046166e+00,-1.485989401269871002e-01
1.350838106246046166e+00,-1.485989401269871002e-01
1.350838106246046166e+00,-1.485989401269871002e-01
1.323726597154697648e+00,-6.260677536369366192e-02
1.323726597154697648e+00,-6.260677536369366192e-02
1.323726597154697648e+00,-6.260677536369366192e-02
1.242098245051751704e+00,3.912868958492507487e-02
1.242098245051751704e+00,3.912868958492507487e-02
1.242098245051751704e+00,3.912868958492507487e-02
1.242098245051751704e+00,3.912868958492507487e-02
1.222527977106443897e+00,1.278941169923114851e-01
1.475735181589060030e+00,1.209320232011735219e-01
1.475735181589060030e+00,1.209320232011735219e-01
1.500888556580727062e+00,-1.696038024856172388e-02
1.380760593256806112e+00,4.549110449906176856e-04
1.385819440723204954e+00,2.153853904756814486e-01
1.385819440723204954e+00,2.153853904756814486e-01
1.385819440723204954e+00,2.153853904756814486e-01
1.122608214138509641e+00,1.784220999605601321e-01
1.122608214138509641e+00,1.784220999605601321e-01
1.122608214138509641e+00,1.784220999605601321e-01
1.251285221754878885e+00,-4.325649385035515437e-02
1.246920808036938277e+00,7.302850935568597213e-02
1.358596553010779306e+00,5.441370459953873834e-02
1.190128343983227310e+00,-2.196718641724964421e-02
1.190128343983227310e+00,-2.196718641724964421e-02
1.190128343983227310e+00,-2.196718641724964421e-02
1.190128343983227310e+00,-2.196718641724964421e-02
1.258100302645917434e+00,3.992737853021864625e-03
1.373258945362779260e+00,-1.963773185358331022e-02
1.373258945362779260e+00,-1.963773185358331022e-02
1.340108077314033697e+00,8.821941099838735700e-02
1.340108077314033697e+00,8.821941099838735700e-02
1.373910230146463185e+00,3.908708736632562214e-02
1.373910230146463185e+00,3.908708736632562214e-02
1.373910230146463185e+00,3.908708736632562214e-02
1.373910230146463185e+00,3.908708736632562214e-02
1.234380228898992238e+00,-1.078404548539280694e-01
1.270943337529562678e+00,9.741212429576048826e-02
1.270943337529562678e+00,9.741212429576048826e-02
1.270943337529562678e+00,9.741212429576048826e-02
1.270943337529562678e+00,9.741212429576048826e-02
1.270943337529562678e+00,9.741212429576048826e-02
1.270943337529562678e+00,9.741212429576048826e-02
1.270943337529562678e+00,9.741212429576048826e-02
1.270943337529562678e+00,9.741212429576048826e-02
1.388343642457906757e+00,-1.275464061308205499e-02
1.388343642457906757e+00,-1.275464061308205499e-02
1.388343642457906757e+00,-1.275464061308205499e-02
1.388343642457906757e+00,-1.275464061308205499e-02
1.320327861156302962e+00,5.390835807854459094e-02
1.228620578392738416e+00,1.159694164966681706e-01
1.192541816919102660e+00,1.421099967247013707e-02
1.192541816919102660e+00,1.421099967247013707e-02
1.192541816919102660e+00,1.421099967247013707e-02
1.192541816919102660e+00,1.421099967247013707e-02
1.191064623858853810e+00,5.906274193592017663e-02
1.191064623858853810e+00,5.906274193592017663e-02
1.191064623858853810e+00,5.906274193592017663e-02
1.191064623858853810e+00,5.906274193592017663e-02
1.191064623858853810e+00,5.906274193592017663e-02
1.191064623858853810e+00,5.906274193592017663e-02
1.191064623858853810e+00,5.906274193592017663e-02
1.191064623858853810e+00,5.906274193592017663e-02
1.224113583507074443e+00,1.983855384159188134e-02
1.282422868932201254e+00,-9.732862293624688910e-02
1.282422868932201254e+00,-9.732862293624688910e-02
1.275792543760629894e+00,-7.496159965295734473e-02
1.275792543760629894e+00,-7.496159965295734473e-02
1.275792543760629894e+00,-7.496159965295734473e-02
1.294887346793265559e+00,-5.254233730869101171e-02
1.294887346793265559e+00,-5.254233730869101171e-02
1.294887346793265559e+00,-5.254233730869101171e-02
1.294887346793265559e+00,-5.254233730869101171e-02
1.329949765866548672e+00,-6.037311505198932754e-02
1.292372383586206652e+00,5.495258179285999328e-02
1.164660890498386614e+00,2.209735514412414226e-02
1.164660890498386614e+00,2.209735514412414226e-02
1.164660890498386614e+00,2.209735514412414226e-02
1.247459353728009201e+00,-1.172484147260372811e-01
1.312725308505955812e+00,1.010305878958024650e-01
1.251764761821065663e+00,1.606739564154099908e-01
1.251764761821065663e+00,1.606739564154099908e-01
1.161642423011578273e+00,7.771597558252359150e-02
1.247136426185274205e+00,-1.099587371057451773e-01
1.247136426185274205e+00,-1.099587371057451773e-01
1.247136426185274205e+00,-1.099587371057451773e-01
1.247136426185274205e+00,-1.099587371057451773e-01
1.247136426185274205e+00,-1.099587371057451773e-01
1.247136426185274205e+00,-1.099587371057451773e-01
1.289525180095943080e+00,-5.237009182876738167e-02
1.263561164796278335e+00,5.740467234386768813e-02
1.054768976314391704e+00,-6.407420639775752991e-02
1.054768976314391704e+00,-6.407420639775752991e-02
1.054768976314391704e+00,-6.407420639775752991e-02
1.054768976314391704e+00,-6.407420639775752991e-02
1.054768976314391704e+00,-6.407420639775752991e-02
1.216420169259935014e+00,-2.007133716446558025e-01
1.372023534819581725e+00,1.082699320164281498e-01
1.397132372854393401e+00,2.029806871187719852e-02
1.394732913310127165e+00,5.865661130870811896e-03
1.394732913310127165e+00,5.865661130870811896e-03
1.394732913310127165e+00,5.865661130870811896e-03
1.493479320174726510e+00,-1.684210381038528659e-01
1.366897241121159512e+00,-2.554984935899305976e-01
1.163779035070655610e+00,-1.869437488091925115e-01
1.163779035070655610e+00,-1.869437488091925115e-01
1.303009984204432259e+00,-2.799331259637455327e-01
1.303009984204432259e+00,-2.799331259637455327e-01
1.274929920956015650e+00,-3.836599495698373996e-01
1.253339449105637549e+00,-3.272590926204146378e-01
1.253339449105637549e+00,-3.272590926204146378e-01
1.264482341046816449e+00,-1.249882060331244105e-01
1.082860596520184737e+00,-1.203290709137139203e-02
1.082860596520184737e+00,-1.203290709137139203e-02
1.248917703276861468e+00,1.263884459060806986e-01
1.248917703276861468e+00,1.263884459060806986e-01
1.123593765620932050e+00,-6.616701144176048710e-02
1.228720260652435003e+00,-2.596352978120645971e-02
1.308517729082082193e+00,-1.153384660763587671e-01
1.308517729082082193e+00,-1.153384660763587671e-01
1.308517729082082193e+00,-1.153384660763587671e-01
1.308517729082082193e+00,-1.153384660763587671e-01
1.308517729082082193e+00,-1.153384660763587671e-01
1.308517729082082193e+00,-1.153384660763587671e-01
1.308517729082082193e+00,-1.153384660763587671e-01
1.238552019042724606e+00,-1.793178865457774607e-01
1.148340136678418721e+00,-4.302936665020959395e-02
1.148340136678418721e+00,-4.302936665020959395e-02
1.148340136678418721e+00,-4.302936665020959395e-02
1.381588893964291964e+00,2.784687677092227698e-02
1.307485978234327328e+00,1.757041521909888382e-01
1.358430394397437180e+00,1.067695451991174660e-01
1.075061191449945053e+00,5.541513468000248965e-02
1.075061191449945053e+00,5.541513468000248965e-02
1.075061191449945053e+00,5.541513468000248965e-02
1.075061191449945053e+00,5.541513468000248965e-02
1.410266190111774121e+00,8.474171526299878465e-02
1.226295149754981217e+00,2.542552681761479916e-02
1.138695415355452933e+00,1.197872508919187520e-02
1.056256849604480186e+00,-5.337601245008503914e-02
1.136730259876094440e+00,1.729229209907981457e-01
1.295266412835007541e+00,2.165644925732650439e-01
1.015138762304617082e+00,9.120041777057930066e-02
1.015138762304617082e+00,9.120041777057930066e-02
1.185144019943641602e+00,5.498959818127046456e-02
1.279941161802225391e+00,6.377820145047868872e-02
1.453909737455336249e+00,-3.559721897357703835e-03
1.453909737455336249e+00,-3.559721897357703835e-03
1.453909737455336249e+00,-3.559721897357703835e-03
1.453909737455336249e+00,-3.559721897357703835e-03
1.453909737455336249e+00,-3.559721897357703835e-03
1.453909737455336249e+00,-3.559721897357703835e-03
1.453909737455336249e+00,-3.559721897357703835e-03
1.453909737455336249e+00,-3.559721897357703835e-03
1.473546652490172137e+00,-3.936600080739696694e-02
1.300581433750908289e+00,-3.551305751640615460e-02
1.250618564117727205e+00,5.139978899623968978e-03
1.250618564117727205e+00,5.139978899623968978e-03
1.250618564117727205e+00,5.139978899623968978e-03
1.250618564117727205e+00,5.139978899623968978e-03
1.250618564117727205e+00,5.139978899623968978e-03
1.325397209341004023e+00,6.199937608764354013e-02
1.325397209341004023e+00,6.199937608764354013e-02
1.325397209341004023e+00,6.199937608764354013e-02
1.325397209341004023e+00,6.199937608764354013e-02
1.325397209341004023e+00,6.199937608764354013e-02
1.325397209341004023e+00,6.199937608764354013e-02
1.325397209341004023e+00,6.199937608764354013e-02
1.250251787424068839e+00,-8.180996028672625486e-02
1.190187544319530444e+00,3.347427422043450229e-02
1.083009831547632862e+00,-7.958176542801329023e-02
1.279282926091686479e+00,-8.566164735893960769e-02
1.206532319068187364e+00,8.853680372230973705e-02
1.206532319068187364e+00,8.853680372230973705e-02
1.206532319068187364e+00,8.853680372230973705e-02
1.206532319068187364e+00,8.853680372230973705e-02
1.147945647095087063e+00,-1.163214690826489262e-01
1.118584895699170634e+00,-1.680621373400394136e-02
1.113558773218362941e+00,4.171226925365437155e-03
1.113558773218362941e+00,4.171226925365437155e-03
1.178808422505175146e+00,2.912734134913627301e-02
1.178808422505175146e+00,2.912734134913627301e-02
1.238181811920628039e+00,1.261920806699029229e-01
1.458367581708990723e+00,1.920955717439957189e-01
1.325570204559896714e+00,8.609065671217240590e-02
1.413815230242100984e+00,6.842746110317796115e-02
1.328698569201141488e+00,1.303403340425070001e-01
1.328698569201141488e+00,1.303403340425070001e-01
1.328698569201141488e+00,1.303403340425070001e-01
1.466678905835275604e+00,7.101098568340735717e-02
1.088901918817600789e+00,1.064717670159629481e-01
1.088901918817600789e+00,1.064717670159629481e-01
1.040117689469749918e+00,5.102378813445155453e-02
1.124313992875382917e+00,9.865680131609848302e-02
1.124313992875382917e+00,9.865680131609848302e-02
1.124313992875382917e+00,9.865680131609848302e-02
1.124313992875382917e+00,9.865680131609848302e-02
1.173451667115588792e+00,-3.999789778819894115e-02
1.228580472143601554e+00,-2.897618816022476396e-02
1.228580472143601554e+00,-2.897618816022476396e-02
1.228580472143601554e+00,-2.897618816022476396e-02
1.349681994145087049e+00,-5.996665115664918944e-02
1.389572229764682643e+00,-1.759740745857835686e-01
1.389572229764682643e+00,-1.759740745857835686e-01
1.354522251098472907e+00,3.978568215287331400e-03
1.342168710086969918e+00,1.403186247120987405e-02
1.342168710086969918e+00,1.403186247120987405e-02
1.342168710086969918e+00,1.403186247120987405e-02
1.342168710086969918e+00,1.403186247120987405e-02
1.260206222097287831e+00,-1.898485789629116016e-02
1.260206222097287831e+00,-1.898485789629116016e-02
1.260206222097287831e+00,-1.898485789629116016e-02
1.260206222097287831e+00,-1.898485789629116016e-02
1.260206222097287831e+00,-1.898485789629116016e-02
1.320582442605094720e+00,-2.663000528497719288e-02
1.170059719546112653e+00,7.334449909052002947e-02
1.125808200332403475e+00,2.203002176273384238e-01
1.125808200332403475e+00,2.203002176273384238e-01
1.125808200332403475e+00,2.203002176273384238e-01
1.125808200332403475e+00,2.203002176273384238e-01
1.018221549380751600e+00,1.495153751456243518e-01
1.018221549380751600e+00,1.495153751456243518e-01
1.121205091621184202e+00,1.304068678717191510e-01
1.121205091621184202e+00,1.304068678717191510e-01
1.320632651836850746e+00,-9.979518987441429734e-02
1.272076356466579572e+00,-1.114429552526824130e-01
1.272076356466579572e+00,-1.114429552526824130e-01
1.272076356466579572e+00,-1.114429552526824130e-01
1.272076356466579572e+00,-1.114429552526824130e-01
1.267724026317805341e+00,-1.966708267744764205e-02
1.267724026317805341e+00,-1.966708267744764205e-02
1.267724026317805341e+00,-1.966708267744764205e-02
1.267724026317805341e+00,-1.966708267744764205e-02
1.224526961175404383e+00,-2.175431755945661863e-02
1.218501726458607770e+00,5.771035654293477091e-02
1.218501726458607770e+00,5.771035654293477091e-02
1.218501726458607770e+00,5.771035654293477091e-02
1.218501726458607770e+00,5.771035654293477091e-02
1.218501726458607770e+00,5.771035654293477091e-02
1.218501726458607770e+00,5.771035654293477091e-02
1.159564306760820562e+00,8.397172248527302874e-02
1.159564306760820562e+00,8.397172248527302874e-02
1.159564306760820562e+00,8.397172248527302874e-02
1.159564306760820562e+00,8.397172248527302874e-02
1.159564306760820562e+00,8.397172248527302874e-02
1.159564306760820562e+00,8.397172248527302874e-02
1.159564306760820562e+00,8.397172248527302874e-02
1.159564306760820562e+00,8.397172248527302874e-02
1.372508341902093365e+00,-9.609556815098956040e-02
1.258949403359869823e+00,-1.235750892085432373e-01
1.258949403359869823e+00,-1.235750892085432373e-01
1.258949403359869823e+00,-1.235750892085432373e-01
1.159468737740341426e+00,-9.341326321815809908e-02
1.159468737740341426e+00,-9.341326321815809908e-02
1.159468737740341426e+00,-9.341326321815809908e-02
1.192802123080634047e+00,-4.374171627312675031e-02
1.192802123080634047e+00,-4.374171627312675031e-02
1.192802123080634047e+00,-4.374171627312675031e-02
1.192802123080634047e+00,-4.374171627312675031e-02
1.192802123080634047e+00,-4.374171627312675031e-02
1.192802123080634047e+00,-4.374171627312675031e-02
1.192802123080634047e+00,-4.374171627312675031e-02
1.192802123080634047e+00,-4.374171627312675031e-02
1.192802123080634047e+00,-4.374171627312675031e-02
1.192802123080634047e+00,-4.374171627312675031e-02
1.192802123080634047e+00,-4.374171627312675031e-02
1.225578986926096015e+00,5.359400655723426526e-02
1.225578986926096015e+00,5.359400655723426526e-02
1.303828117754270322e+00,-5.020823694877197402e-02
1.323072930654805468e+00,-5.296346954335683088e-02
1.382674961814726489e+00,2.489507578059414750e-02
1.382674961814726489e+00,2.489507578059414750e-02
1.266306022439410484e+00,7.599223294371440507e-02
1.266306022439410484e+00,7.599223294371440507e-02
1.266306022439410484e+00,7.599223294371440507e-02
1.266306022439410484e+00,7.599223294371440507e-02
1.266306022439410484e+00,7.599223294371440507e-02
1.266306022439410484e+00,7.599223294371440507e-02
1.244539587923122026e+00,-9.473717974804299335e-02
1.244539587923122026e+00,-9.473717974804299335e-02
1.072547996195551745e+00,-4.475670037162047393e-02
1.072547996195551745e+00,-4.475670037162047393e-02
1.072547996195551745e+00,-4.475670037162047393e-02
1.072547996195551745e+00,-4.475670037162047393e-02
1.072547996195551745e+00,-4.475670037162047393e-02
1.072547996195551745e+00,-4.475670037162047393e-02
1.072547996195551745e+00,-4.475670037162047393e-02
1.268162723092884692e+00,5.264001531696854003e-02
1.268162723092884692e+00,5.264001531696854003e-02
1.129746911778192420e+00,-1.234642820079182718e-02
1.129746911778192420e+00,-1.234642820079182718e-02
1.129746911778192420e+00,-1.234642820079182718e-02
1.021578823077565978e+00,8.701825600462725907e-02
1.021578823077565978e+00,8.701825600462725907e-02
1.021578823077565978e+00,8.701825600462725907e-02
1.021578823077565978e+00,8.701825600462725907e-02
1.021578823077565978e+00,8.701825600462725907e-02
1.031292661760382368e+00,4.615186609853035027e-02
1.143552184007343264e+00,-1.975263695073929959e-01
1.193729349540186835e+00,-2.319685565147878992e-01
1.193729349540186835e+00,-2.319685565147878992e-01
1.196455626070835887e+00,-2.873659072118509017e-01
1.196455626070835887e+00,-2.873659072118509017e-01
1.212343481498773912e+00,-1.344206413797122690e-01
1.212343481498773912e+00,-1.344206413797122690e-01
1.212343481498773912e+00,-1.344206413797122690e-01
1.212343481498773912e+00,-1.344206413797122690e-01
1.212343481498773912e+00,-1.344206413797122690e-01
1.212343481498773912e+00,-1.344206413797122690e-01
1.140889067961754710e+00,-9.780656532029241568e-02
1.140889067961754710e+00,-9.780656532029241568e-02
1.140889067961754710e+00,-9.780656532029241568e-02
1.182147519879521935e+00,3.329085077545010374e-02
1.279328959590944947e+00,-7.031171720945236792e-03
1.279328959590944947e+00,-7.031171720945236792e-03
1.279328959590944947e+00,-7.031171720945236792e-03
1.163188079794136520e+00,1.787768676247771249e-01
1.163188079794136520e+00,1.787768676247771249e-01
1.163188079794136520e+00,1.787768676247771249e-01
1.163188079794136520e+00,1.787768676247771249e-01
1.336534658763205874e+00,1.677300655990122680e-01
1.037168752928467885e+00,4.934317850927844029e-02
1.037168752928467885e+00,4.934317850927844029e-02
1.037168752928467885e+00,4.934317850927844029e-02
1.037168752928467885e+00,4.934317850927844029e-02
1.037168752928467885e+00,4.934317850927844029e-02
1.037168752928467885e+00,4.934317850927844029e-02
1.214217952832540082e+00,-9.211225619616747462e-02
1.214217952832540082e+00,-9.211225619616747462e-02
1.219042870333022055e+00,-9.956781727251201586e-02
1.219042870333022055e+00,-9.956781727251201586e-02
1.276775600185612092e+00,-9.957834267569387610e-02
1.207216322608815728e+00,-1.811778644389172022e-01
1.207216322608815728e+00,-1.811778644389172022e-01
1.176314982891886851e+00,-2.451221301169848044e-02
1.176314982891886851e+00,-2.451221301169848044e-02
1.176314982891886851e+00,-2.451221301169848044e-02
1.176314982891886851e+00,-2.451221301169848044e-02
1.176314982891886851e+00,-2.451221301169848044e-02
1.176314982891886851e+00,-2.451221301169848044e-02
1.267336927247485701e+00,-2.538837980846649078e-02
1.267336927247485701e+00,-2.538837980846649078e-02
1.257452672001127647e+00,9.677838549071976493e-03
1.257452672001127647e+00,9.677838549071976493e-03
1.257452672001127647e+00,9.677838549071976493e-03
1.257452672001127647e+00,9.677838549071976493e-03
9.986629102393995705e-01,5.805155430135738870e-02
1.319593345570212017e+00,7.906400649129168012e-03
1.369097558694243100e+00,-7.087249685963512014e-02
1.259401215085909298e+00,-2.242956903717697459e-01
1.259401215085909298e+00,-2.242956903717697459e-01
1.209188805737259287e+00,-1.475374016793802312e-01
1.129160068305352205e+00,-1.130985869965487889e-01
1.129160068305352205e+00,-1.130985869965487889e-01
1.129160068305352205e+00,-1.130985869965487889e-01
1.129160068305352205e+00,-1.130985869965487889e-01
1.208068363578691073e+00,-1.412932252023019197e-02
1.208068363578691073e+00,-1.412932252023019197e-02
1.208068363578691073e+00,-1.412932252023019197e-02
1.208068363578691073e+00,-1.412932252023019197e-02
1.208068363578691073e+00,-1.412932252023019197e-02
1.208068363578691073e+00,-1.412932252023019197e-02
1.256744295605712214e+00,-4.198550666578905466e-02
1.267134648111065021e+00,4.384436540539567162e-02
1.267134648111065021e+00,4.384436540539567162e-02
1.190389270460218363e+00,-4.539788563027120916e-02
1.190389270460218363e+00,-4.539788563027120916e-02
1.190389270460218363e+00,-4.539788563027120916e-02
1.207829741014927460e+00,-2.239722957188537422e-01
1.207829741014927460e+00,-2.239722957188537422e-01
1.207829741014927460e+00,-2.239722957188537422e-01
1.207829741014927460e+00,-2.239722957188537422e-01
1.207829741014927460e+00,-2.239722957188537422e-01
1.207829741014927460e+00,-2.239722957188537422e-01
1.207829741014927460e+00,-2.239722957188537422e-01
1.272218299427080979e+00,-1.476910599885857267e-01
1.272218299427080979e+00,-1.476910599885857267e-01
1.272218299427080979e+00,-1.476910599885857267e-01
1.331920014965308319e+00,1.109882956533178033e-01
1.331920014965308319e+00,1.109882956533178033e-01
1.331893957790299954e+00,-1.261357633897571273e-01
1.302512800641625779e+00,-7.188889407251419783e-02
1.302512800641625779e+00,-7.188889407251419783e-02
1.302512800641625779e+00,-7.188889407251419783e-02
1.302512800641625779e+00,-7.188889407251419783e-02
1.196090902418045721e+00,3.571765413671290634e-02
1.158863706938537241e+00,-8.312201329926906246e-02
1.223762004608143661e+00,-4.174956584639100826e-02
1.386865586720806398e+00,-1.155438132115853556e-01
1.386865586720806398e+00,-1.155438132115853556e-01
1.258193587534454538e+00,1.344703088994874673e-01
1.258193587534454538e+00,1.344703088994874673e-01
1.258193587534454538e+00,1.344703088994874673e-01
1.258193587534454538e+00,1.344703088994874673e-01
1.258193587534454538e+00,1.344703088994874673e-01
1.350394058975167511e+00,1.220413682950496070e-01
1.392065773749103563e+00,-3.113933888006387152e-02
1.392065773749103563e+00,-3.113933888006387152e-02
1.392065773749103563e+00,-3.113933888006387152e-02
1.392065773749103563e+00,-3.113933888006387152e-02
1.392065773749103563e+00,-3.113933888006387152e-02
1.236067785208528003e+00,-8.100698126108586694e-02
1.188222363092724887e+00,1.127567215548568730e-01
1.422474552802405867e+00,1.688004122084255654e-01
1.422474552802405867e+00,1.688004122084255654e-01
1.185171740920468508e+00,2.978049764640430808e-02
1.185171740920468508e+00,2.978049764640430808e-02
1.185171740920468508e+00,2.978049764640430808e-02
1.211011398715548859e+00,8.943081676915304312e-02
1.211011398715548859e+00,8.943081676915304312e-02
1.303307103498581254e+00,-2.264865233117781262e-02
1.303307103498581254e+00,-2.264865233117781262e-02
1.303307103498581254e+00,-2.264865233117781262e-02
1.303307103498581254e+00,-2.264865233117781262e-02
1.303307103498581254e+00,-2.264865233117781262e-02
1.303307103498581254e+00,-2.264865233117781262e-02
1.303307103498581254e+00,-2.264865233117781262e-02
1.303307103498581254e+00,-2.264865233117781262e-02
1.303307103498581254e+00,-2.264865233117781262e-02
1.325792232997234255e+00,4.272797570550888879e-02
1.325792232997234255e+00,4.272797570550888879e-02
1.325792232997234255e+00,4.272797570550888879e-02
1.325792232997234255e+00,4.272797570550888879e-02
1.325792232997234255e+00,4.272797570550888879e-02
1.122999424988757378e+00,2.025072319356139294e-01
1.122999424988757378e+00,2.025072319356139294e-01
1.122999424988757378e+00,2.025072319356139294e-01
1.122999424988757378e+00,2.025072319356139294e-01
1.122999424988757378e+00,2.025072319356139294e-01
1.248984376054022682e+00,2.649655970880815392e-02
1.248984376054022682e+00,2.649655970880815392e-02
1.248984376054022682e+00,2.649655970880815392e-02
1.252314511563072941e+00,-5.561948252542424365e-02
1.252314511563072941e+00,-5.561948252542424365e-02
1.252314511563072941e+00,-5.561948252542424365e-02
1.252314511563072941e+00,-5.561948252542424365e-02
1.252314511563072941e+00,-5.561948252542424365e-02
1.252314511563072941e+00,-5.561948252542424365e-02
1.252314511563072941e+00,-5.561948252542424365e-02
1.252314511563072941e+00,-5.561948252542424365e-02
1.252314511563072941e+00,-5.561948252542424365e-02
1.252314511563072941e+00,-5.561948252542424365e-02
1.252314511563072941e+00,-5.561948252542424365e-02
1.252314511563072941e+00,-5.561948252542424365e-02
1.252314511563072941e+00,-5.561948252542424365e-02
1.126177122984944212e+00,8.966592560585294469e-02
1.201869782457497537e+00,1.097620692834610362e-01
1.331544267043215379e+00,7.876148894933082678e-02
1.286728573814595045e+00,1.129875505231900668e-01
1.286728573814595045e+00,1.129875505231900668e-01
1.308447174143012814e+00,6.268111535647380439e-03
1.308447174143012814e+00,6.268111535647380439e-03
1.403495324764504337e+00,7.389501051365664208e-02
1.242714205659415594e+00,-9.700380614216790043e-02
1.242714205659415594e+00,-9.700380614216790043e-02
1.287026366668722721e+00,8.052096471445849279e-03
1.287026366668722721e+00,8.052096471445849279e-03
1.287026366668722721e+00,8.052096471445849279e-03
1.287026366668722721e+00,8.052096471445849279e-03
1.287026366668722721e+00,8.052096471445849279e-03
1.270759524930354489e+00,-7.451745064943635088e-02
1.270759524930354489e+00,-7.451745064943635088e-02
1.270759524930354489e+00,-7.451745064943635088e-02
1.270759524930354489e+00,-7.451745064943635088e-02
1.270759524930354489e+00,-7.451745064943635088e-02
1.270759524930354489e+00,-7.451745064943635088e-02
1.270759524930354489e+00,-7.451745064943635088e-02
1.214345420840569512e+00,1.048061629514379089e-01
1.214345420840569512e+00,1.048061629514379089e-01
1.214345420840569512e+00,1.048061629514379089e-01
1.214345420840569512e+00,1.048061629514379089e-01
9.879392221568804588e-01,1.185768438306201850e-01
1.048802372227262580e+00,2.667813845300230635e-02
1.048802372227262580e+00,2.667813845300230635e-02
1.048802372227262580e+00,2.667813845300230635e-02
1.048802372227262580e+00,2.667813845300230635e-02
1.084825950164556296e+00,3.421689624205363767e-02
1.084825950164556296e+00,3.421689624205363767e-02
1.084825950164556296e+00,3.421689624205363767e-02
1.084825950164556296e+00,3.421689624205363767e-02
1.084825950164556296e+00,3.421689624205363767e-02
1.142682908873710934e+00,1.249268374799300946e-01
1.142682908873710934e+00,1.249268374799300946e-01
1.142682908873710934e+00,1.249268374799300946e-01
1.084752758552893992e+00,1.676150968391981744e-02
1.283716069206605193e+00,1.759711190231270650e-01
1.283716069206605193e+00,1.759711190231270650e-01
1.283716069206605193e+00,1.759711190231270650e-01
1.236250373120844070e+00,-1.067192016085083406e-01
1.376153213870554559e+00,-3.489244768688401499e-02
1.376153213870554559e+00,-3.489244768688401499e-02
1.382884486348704867e+00,6.990898972025551272e-02
1.382884486348704867e+00,6.990898972025551272e-02
1.382884486348704867e+00,6.990898972025551272e-02
1.304499727627739469e+00,-1.309173228676641099e-01
1.304499727627739469e+00,-1.309173228676641099e-01
1.304499727627739469e+00,-1.309173228676641099e-01
1.304499727627739469e+00,-1.309173228676641099e-01
1.304499727627739469e+00,-1.309173228676641099e-01
1.304499727627739469e+00,-1.309173228676641099e-01
1.449804846861522556e+00,-9.665528958102503898e-02
1.449804846861522556e+00,-9.665528958102503898e-02
1.300325748517865865e+00,-1.040713722794847224e-01
1.300325748517865865e+00,-1.040713722794847224e-01
1.219888060936585639e+00,-5.124801623323947675e-02
1.219888060936585639e+00,-5.124801623323947675e-02
1.219888060936585639e+00,-5.124801623323947675e-02
1.192451013685660755e+00,-3.846609098685016548e-02
1.230801618636109263e+00,4.122398691298327644e-02
1.230801618636109263e+00,4.122398691298327644e-02
1.230801618636109263e+00,4.122398691298327644e-02
1.230801618636109263e+00,4.122398691298327644e-02
1.230801618636109263e+00,4.122398691298327644e-02
1.230801618636109263e+00,4.122398691298327644e-02
1.230801618636109263e+00,4.122398691298327644e-02
1.230801618636109263e+00,4.122398691298327644e-02
1.230801618636109263e+00,4.122398691298327644e-02
1.230801618636109263e+00,4.122398691298327644e-02
1.225164320975705712e+00,-4.567516949559108363e-02
1.225164320975705712e+00,-4.567516949559108363e-02
1.225164320975705712e+00,-4.567516949559108363e-02
1.161598712526460631e+00,-5.259635245401710762e-02
1.360857334139932151e+00,-9.035072259400581118e-02
1.360857334139932151e+00,-9.035072259400581118e-02
1.215651028905001985e+00,4.415582169129592116e-02
1.215651028905001985e+00,4.415582169129592116e-02
1.215651028905001985e+00,4.415582169129592116e-02
1.131595328741442197e+00,-8.235332763787861499e-02
9.927769207651135908e-01,-3.350963823006275488e-02
9.927769207651135908e-01,-3.350963823006275488e-02
1.055747688508815063e+00,1.429772337853287834e-01
1.055747688508815063e+00,1.429772337853287834e-01
1.136153668400236683e+00,3.466582807767598640e-03
1.125590328617674274e+00,-5.524095838220546839e-02
1.253463392399236653e+00,-6.096608616068824316e-03
1.253463392399236653e+00,-6.096608616068824316e-03
1.253463392399236653e+00,-6.096608616068824316e-03
1.253463392399236653e+00,-6.096608616068824316e-03
1.253463392399236653e+00,-6.096608616068824316e-03
1.118509990247269270e+00,-6.957805692618504456e-02
1.118509990247269270e+00,-6.957805692618504456e-02
1.231770114269794547e+00,-1.528603606844314011e-01
1.231770114269794547e+00,-1.528603606844314011e-01
1.314430628236462839e+00,-7.414666477007225698e-04
1.314430628236462839e+00,-7.414666477007225698e-04
1.168247315423625476e+00,-2.168313417146185834e-02
1.168247315423625476e+00,-2.168313417146185834e-02
1.168247315423625476e+00,-2.168313417146185834e-02
1.122043803720904620e+00,-4.317817996671361597e-02
1.122043803720904620e+00,-4.317817996671361597e-02
1.122043803720904620e+00,-4.317817996671361597e-02
1.121927623783999683e+00,7.774883579277963586e-02
1.121927623783999683e+00,7.774883579277963586e-02
1.287954878837623829e+00,1.077429168774375889e-01
1.287954878837623829e+00,1.077429168774375889e-01
1.287954878837623829e+00,1.077429168774375889e-01
1.287954878837623829e+00,1.077429168774375889e-01
1.287954878837623829e+00,1.077429168774375889e-01
1.287954878837623829e+00,1.077429168774375889e-01
1.307758168412888500e+00,4.883720731782861119e-02
1.307758168412888500e+00,4.883720731782861119e-02
1.307758168412888500e+00,4.883720731782861119e-02
1.264373196187005499e+00,-1.236232598664136206e-01
1.264373196187005499e+00,-1.236232598664136206e-01
1.264373196187005499e+00,-1.236232598664136206e-01
1.264373196187005499e+00,-1.236232598664136206e-01
1.203446412080934946e+00,1.016740086337709903e-01
1.188281653054428899e+00,4.972818294697215619e-02
1.164630981282785305e+00,7.318771530320698770e-02
1.164630981282785305e+00,7.318771530320698770e-02
1.164630981282785305e+00,7.318771530320698770e-02
1.116853562105237119e+00,1.635604196034557978e-01
1.116853562105237119e+00,1.635604196034557978e-01
1.116853562105237119e+00,1.635604196034557978e-01
1.263135278906047709e+00,1.806617905728630236e-01
1.263135278906047709e+00,1.806617905728630236e-01
1.263135278906047709e+00,1.806617905728630236e-01
1.263135278906047709e+00,1.806617905728630236e-01
1.263135278906047709e+00,1.806617905728630236e-01
1.067916241752441708e+00,1.000582750695927503e-02
1.067916241752441708e+00,1.000582750695927503e-02
1.067916241752441708e+00,1.000582750695927503e-02
1.019898138703931645e+00,-5.284833443227199279e-02
1.019898138703931645e+00,-5.284833443227199279e-02
1.019898138703931645e+00,-5.284833443227199279e-02
1.133872010346614889e+00,1.881010412222405004e-01
1.385264238207263077e+00,2.178224885677362832e-02
1.445270396813183478e+00,1.082743434090985557e-01
1.183100176238558010e+00,6.807576483121965949e-02
1.183100176238558010e+00,6.807576483121965949e-02
1.183100176238558010e+00,6.807576483121965949e-02
1.183100176238558010e+00,6.807576483121965949e-02
1.183100176238558010e+00,6.807576483121965949e-02
1.177369301009140612e+00,1.299347941496353798e-01
1.177369301009140612e+00,1.299347941496353798e-01
1.177369301009140612e+00,1.299347941496353798e-01
1.177369301009140612e+00,1.299347941496353798e-01
1.424622911332174224e+00,3.102517005919239179e-02
1.391643946539073307e+00,-5.099346093067405605e-02
1.402893015956613532e+00,5.383114130188154656e-02
1.407886516364449836e+00,6.242873738465289091e-02
1.407886516364449836e+00,6.242873738465289091e-02
1.407886516364449836e+00,6.242873738465289091e-02
1.307789582301905673e+00,1.391291697349477663e-01
1.307789582301905673e+00,1.391291697349477663e-01
1.267985908161389785e+00,1.233648890205791271e-01
1.267985908161389785e+00,1.233648890205791271e-01
1.267985908161389785e+00,1.233648890205791271e-01
1.207608549953305355e+00,9.812801695667154600e-02
1.207608549953305355e+00,9.812801695667154600e-02
1.207608549953305355e+00,9.812801695667154600e-02
1.207608549953305355e+00,9.812801695667154600e-02
1.207608549953305355e+00,9.812801695667154600e-02
1.207608549953305355e+00,9.812801695667154600e-02
1.207608549953305355e+00,9.812801695667154600e-02
1.142407440995552470e+00,-1.070281324135596429e-01
1.142407440995552470e+00,-1.070281324135596429e-01
1.178077744489460565e+00,-1.163337962692920502e-01
1.178077744489460565e+00,-1.163337962692920502e-01
1.178077744489460565e+00,-1.163337962692920502e-01
1.178077744489460565e+00,-1.163337962692920502e-01
1.178077744489460565e+00,-1.163337962692920502e-01
1.178077744489460565e+00,-1.163337962692920502e-01
1.178077744489460565e+00,-1.163337962692920502e-01
1.347214941002604860e+00,-8.949190481536709041e-03
1.347214941002604860e+00,-8.949190481536709041e-03
1.218851755284469096e+00,-1.290340946775874187e-01
1.218851755284469096e+00,-1.290340946775874187e-01
1.144864517693471528e+00,-1.411371193881157116e-02
1.310023759087623807e+00,-1.638077137517244056e-03
1.310023759087623807e+00,-1.638077137517244056e-03
1.310023759087623807e+00,-1.638077137517244056e-03
1.310023759087623807e+00,-1.638077137517244056e-03
1.220891907732859272e+00,-1.655660563101143956e-01
1.220891907732859272e+00,-1.655660563101143956e-01
1.248437081990842801e+00,-9.117755387584491888e-02
1.248437081990842801e+00,-9.117755387584491888e-02
1.456363621208893511e+00,-4.844053204051047834e-02
1.456363621208893511e+00,-4.844053204051047834e-02
1.274342495275559317e+00,1.421916204696614949e-01
1.274342495275559317e+00,1.421916204696614949e-01
1.274342495275559317e+00,1.421916204696614949e-01
1.409630251010905111e+00,2.324072543057874585e-01
1.421821241435101690e+00,5.406965060632548670e-02
1.278657222663749371e+00,1.671170563489577654e-01
1.278657222663749371e+00,1.671170563489577654e-01
1.229469863559439657e+00,-6.901812816289451535e-02
1.292590924613100212e+00,-9.604985460279211185e-02
1.292590924613100212e+00,-9.604985460279211185e-02
1.292590924613100212e+00,-9.604985460279211185e-02
1.310741246737795240e+00,-2.763952201984026802e-02
1.211135320073327026e+00,6.839919721710764622e-02
1.211135320073327026e+00,6.839919721710764622e-02
1.242633627642168559e+00,-7.540276583532580512e-02
1.242633627642168559e+00,-7.540276583532580512e-02
1.242633627642168559e+00,-7.540276583532580512e-02
1.242633627642168559e+00,-7.540276583532580512e-02
1.126198057036694733e+00,6.994527503336760155e-02
1.126198057036694733e+00,6.994527503336760155e-02
1.228599964755057394e+00,1.459006835263680080e-01
1.228599964755057394e+00,1.459006835263680080e-01
1.256873868566589669e+00,9.845624059386914873e-02
1.130056319833747658e+00,-1.576038991318585991e-02
1.155909178588039099e+00,-8.030822765550270359e-02
1.155909178588039099e+00,-8.030822765550270359e-02
1.155909178588039099e+00,-8.030822765550270359e-02
1.192178582255081665e+00,1.724072847025354127e-01
1.192178582255081665e+00,1.724072847025354127e-01
1.218174893688231730e+00,2.540119111200714319e-02
1.218174893688231730e+00,2.540119111200714319e-02
1.218174893688231730e+00,2.540119111200714319e-02
1.165212925256306375e+00,-1.842915842099818874e-02
1.246721932326867455e+00,1.029216879395775941e-01
1.457588423103686193e+00,-3.952407697828036470e-02
1.557306563743742434e+00,3.358499417641329365e-02
1.364318351652269889e+00,-5.313748184158487153e-03
1.364318351652269889e+00,-5.313748184158487153e-03
1.364318351652269889e+00,-5.313748184158487153e-03
1.175882473956703311e+00,-1.326386581274243900e-02
1.169959875126556748e+00,6.715238629376653334e-02
1.165709994319171772e+00,1.981843778268867484e-01
1.165709994319171772e+00,1.981843778268867484e-01
1.172622269388427618e+00,7.538590211305642996e-02
1.162475191833470589e+00,1.196572643378363832e-01
1.103144653894497340e+00,2.057035088695577385e-03
1.195255685035089721e+00,1.536187341707425102e-01
1.178910502271222072e+00,1.700966301422033866e-01
1.168047503645552432e+00,7.622508731292010342e-02
1.168047503645552432e+00,7.622508731292010342e-02
1.168047503645552432e+00,7.622508731292010342e-02
1.168047503645552432e+00,7.622508731292010342e-02
1.168047503645552432e+00,7.622508731292010342e-02
1.168047503645552432e+00,7.622508731292010342e-02
1.168047503645552432e+00,7.622508731292010342e-02
1.168047503645552432e+00,7.622508731292010342e-02
1.176004519537786841e+00,6.076340415371163373e-02
1.176004519537786841e+00,6.076340415371163373e-02
1.176004519537786841e+00,6.076340415371163373e-02
1.176004519537786841e+00,6.076340415371163373e-02
1.232888758089920600e+00,1.271905132259706916e-01
1.232888758089920600e+00,1.271905132259706916e-01
1.298646253173070919e+00,1.440721267320854981e-01
1.298646253173070919e+00,1.440721267320854981e-01
1.298646253173070919e+00,1.440721267320854981e-01
1.298646253173070919e+00,1.440721267320854981e-01
1.298646253173070919e+00,1.440721267320854981e-01
1.307503080967325149e+00,1.129520053666011187e-01
1.422883360631535199e+00,-4.623513440127360874e-03
1.095301265105996791e+00,-7.689326708175616906e-03
1.095301265105996791e+00,-7.689326708175616906e-03
1.095301265105996791e+00,-7.689326708175616906e-03
1.095301265105996791e+00,-7.689326708175616906e-03
1.095301265105996791e+00,-7.689326708175616906e-03
1.095301265105996791e+00,-7.689326708175616906e-03
1.206327641458991629e+00,-7.632849096115073076e-03
1.095930155190480537e+00,-6.185294686908256873e-02
1.083530883471741868e+00,-1.690561190995044233e-02
1.254739221566228524e+00,-1.330956071615520264e-01
1.271295929534577374e+00,-9.425722806105957252e-02
1.271295929534577374e+00,-9.425722806105957252e-02
1.498236270890254351e+00,-8.801935265252783247e-02
1.498236270890254351e+00,-8.801935265252783247e-02
1.291048469563069068e+00,3.107172797533300224e-02
1.310125004837092932e+00,3.479018660833536891e-02
1.310125004837092932e+00,3.479018660833536891e-02
1.310125004837092932e+00,3.479018660833536891e-02
1.310125004837092932e+00,3.479018660833536891e-02
1.320490833498193073e+00,5.660571891986026366e-03
1.168455126797004695e+00,1.004469267916069386e-01
1.294236025381092947e+00,9.641766608239607517e-03
1.294236025381092947e+00,9.641766608239607517e-03
1.294236025381092947e+00,9.641766608239607517e-03
1.294236025381092947e+00,9.641766608239607517e-03
1.502493045315598685e+00,9.613725853891053053e-02
1.143567545616981374e+00,-1.058431590088910468e-01
1.143567545616981374e+00,-1.058431590088910468e-01
1.231742550316067053e+00,-1.031825117845679707e-01
1.222566637350690932e+00,1.567831986662337751e-01
1.222566637350690932e+00,1.567831986662337751e-01
1.222566637350690932e+00,1.567831986662337751e-01
1.236342565183741637e+00,-8.781832520247884188e-02
1.236342565183741637e+00,-8.781832520247884188e-02
1.236342565183741637e+00,-8.781832520247884188e-02
1.236342565183741637e+00,-8.781832520247884188e-02
1.236342565183741637e+00,-8.781832520247884188e-02
1.236342565183741637e+00,-8.781832520247884188e-02
1.236342565183741637e+00,-8.781832520247884188e-02
1.236342565183741637e+00,-8.781832520247884188e-02
1.236342565183741637e+00,-8.781832520247884188e-02
1.236342565183741637e+00,-8.781832520247884188e-02
1.236342565183741637e+00,-8.781832520247884188e-02
1.236342565183741637e+00,-8.781832520247884188e-02
1.226238299546193788e+00,2.445809611266504258e-02
1.226238299546193788e+00,2.445809611266504258e-02
1.226238299546193788e+00,2.445809611266504258e-02
1.226238299546193788e+00,2.445809611266504258e-02
1.174952717263930246e+00,-1.475227407825831921e-02
1.174952717263930246e+00,-1.475227407825831921e-02
1.220437782687998185e+00,-1.672107144603098006e-02
1.220437782687998185e+00,-1.672107144603098006e-02
1.220437782687998185e+00,-1.672107144603098006e-02
1.220437782687998185e+00,-1.672107144603098006e-02
1.220437782687998185e+00,-1.672107144603098006e-02
1.220437782687998185e+00,-1.672107144603098006e-02
1.303742519090164587e+00,-5.296652132598782259e-02
1.303742519090164587e+00,-5.296652132598782259e-02
1.303742519090164587e+00,-5.296652132598782259e-02
1.303742519090164587e+00,-5.296652132598782259e-02
1.509330058741877423e+00,-5.687096394354586304e-02
1.314815826894978334e+00,1.983069241541822181e-01
1.314815826894978334e+00,1.983069241541822181e-01
1.281911432543199281e+00,-6.093311824413055744e-02
1.281911432543199281e+00,-6.093311824413055744e-02
1.281911432543199281e+00,-6.093311824413055744e-02
1.306005145429395720e+00,-8.233927457811471284e-03
1.154071630541544602e+00,2.899813287849462712e-02
1.193251711833295037e+00,4.302947460871968388e-02
1.193251711833295037e+00,4.302947460871968388e-02
1.193251711833295037e+00,4.302947460871968388e-02
1.323018644315161918e+00,4.932739590180423156e-02
1.323018644315161918e+00,4.932739590180423156e-02
1.323018644315161918e+00,4.932739590180423156e-02
1.323018644315161918e+00,4.932739590180423156e-02
1.323018644315161918e+00,4.932739590180423156e-02
1.408111821041017064e+00,-8.760424351255510778e-02
1.408111821041017064e+00,-8.760424351255510778e-02
1.313746861252844234e+00,2.468547990912923484e-01
1.372184140288231990e+00,2.001300724272434828e-01
1.372184140288231990e+00,2.001300724272434828e-01
1.372184140288231990e+00,2.001300724272434828e-01
1.372184140288231990e+00,2.001300724272434828e-01
1.372184140288231990e+00,2.001300724272434828e-01
1.372184140288231990e+00,2.001300724272434828e-01
1.065288803909640869e+00,6.256272707431170810e-02
1.065288803909640869e+00,6.256272707431170810e-02
1.301279838734089811e+00,6.476457203652760675e-02
1.268221763539316926e+00,-5.827796743754694309e-02
1.268221763539316926e+00,-5.827796743754694309e-02
1.097758484256352141e+00,-4.497712347789750709e-02
9.737662121127694803e-01,1.861314705274344783e-01
9.737662121127694803e-01,1.861314705274344783e-01
9.737662121127694803e-01,1.861314705274344783e-01
1.194308234428511195e+00,1.384176487382960119e-01
1.194308234428511195e+00,1.384176487382960119e-01
1.194308234428511195e+00,1.384176487382960119e-01
1.194308234428511195e+00,1.384176487382960119e-01
1.395645913748134515e+00,-7.307329812410084946e-02
1.398540619055135714e+00,7.791321702139863969e-03
1.398540619055135714e+00,7.791321702139863969e-03
1.388934674707142936e+00,-3.701610700664949294e-02
1.388934674707142936e+00,-3.701610700664949294e-02
1.209094293356225869e+00,6.502093755498157546e-03
1.209094293356225869e+00,6.502093755498157546e-03
1.209094293356225869e+00,6.502093755498157546e-03
1.209094293356225869e+00,6.502093755498157546e-03
1.209094293356225869e+00,6.502093755498157546e-03
1.209094293356225869e+00,6.502093755498157546e-03
1.209094293356225869e+00,6.502093755498157546e-03
1.209094293356225869e+00,6.502093755498157546e-03
1.173419308083988533e+00,2.193856314652132579e-03
1.173419308083988533e+00,2.193856314652132579e-03
1.092206665837834656e+00,1.768434079253319025e-01
1.128455238822874351e+00,1.524624571681964247e-01
1.128455238822874351e+00,1.524624571681964247e-01
1.148878810421155583e+00,-1.454012336314352283e-01
1.185116076529330931e+00,-2.261120053259103868e-02
1.128411484391794062e+00,-1.465011160090768164e-02
1.128411484391794062e+00,-1.465011160090768164e-02
1.128411484391794062e+00,-1.465011160090768164e-02
1.138509032380433883e+00,3.878404774909018082e-02
1.407978337475677577e+00,4.649304511804249612e-02
1.337125485475523234e+00,2.137251646351155665e-02
1.337125485475523234e+00,2.137251646351155665e-02
1.337125485475523234e+00,2.137251646351155665e-02
1.337125485475523234e+00,2.137251646351155665e-02
1.337125485475523234e+00,2.137251646351155665e-02
1.337125485475523234e+00,2.137251646351155665e-02
1.373678054082537070e+00,2.338325883402760791e-02
1.373678054082537070e+00,2.338325883402760791e-02
1.373678054082537070e+00,2.338325883402760791e-02
1.373678054082537070e+00,2.338325883402760791e-02
1.373678054082537070e+00,2.338325883402760791e-02
1.373678054082537070e+00,2.338325883402760791e-02
1.373678054082537070e+00,2.338325883402760791e-02
1.373678054082537070e+00,2.338325883402760791e-02
1.373678054082537070e+00,2.338325883402760791e-02
1.373678054082537070e+00,2.338325883402760791e-02
1.373678054082537070e+00,2.338325883402760791e-02
1.373678054082537070e+00,2.338325883402760791e-02
1.287542034879932684e+00,-9.426799945371505673e-02
1.287542034879932684e+00,-9.426799945371505673e-02
1.144850696241588528e+00,-4.112275485874842401e-02
1.072863480552414206e+00,-1.273296208449976874e-02
1.120123858731160604e+00,1.020420537350166801e-01
1.086089249029700277e+00,-3.974300947030676157e-02
1.062394092935472933e+00,6.178634903895360853e-02
1.200027331054061008e+00,6.230621973813307846e-02
1.330578119081711197e+00,-1.334691764874253450e-01
1.330578119081711197e+00,-1.334691764874253450e-01
1.330578119081711197e+00,-1.334691764874253450e-01
1.330578119081711197e+00,-1.334691764874253450e-01
1.330578119081711197e+00,-1.334691764874253450e-01
1.330578119081711197e+00,-1.334691764874253450e-01
1.330578119081711197e+00,-1.334691764874253450e-01
1.330578119081711197e+00,-1.334691764874253450e-01
1.330578119081711197e+00,-1.334691764874253450e-01
1.360188533342114647e+00,-1.307571274326469191e-01
1.121550301121669868e+00,-1.150067191875172590e-01
1.121550301121669868e+00,-1.150067191875172590e-01
1.121550301121669868e+00,-1.150067191875172590e-01
1.163653507707419044e+00,2.551381819756107228e-02
1.265318926533075539e+00,1.701262125067656839e-02
1.265318926533075539e+00,1.701262125067656839e-02
1.265318926533075539e+00,1.701262125067656839e-02
1.257538528470429906e+00,-1.348422628064888662e-01
1.257538528470429906e+00,-1.348422628064888662e-01
1.257538528470429906e+00,-1.348422628064888662e-01
1.257538528470429906e+00,-1.348422628064888662e-01
1.273989215201329461e+00,-7.801178573965333873e-02
1.273989215201329461e+00,-7.801178573965333873e-02
1.301383474287490793e+00,-2.982282811099381398e-02
1.266806158785942049e+00,6.480395361455967840e-02
1.266806158785942049e+00,6.480395361455967840e-02
1.323036848061059700e+00,-1.724796201807232698e-02
1.323036848061059700e+00,-1.724796201807232698e-02
1.323036848061059700e+00,-1.724796201807232698e-02
1.344063935636947038e+00,8.177705369468625529e-02
1.435182912993716586e+00,8.718866529399674214e-02
1.435182912993716586e+00,8.718866529399674214e-02
1.435182912993716586e+00,8.718866529399674214e-02
1.435182912993716586e+00,8.718866529399674214e-02
1.435182912993716586e+00,8.718866529399674214e-02
1.292890705356404046e+00,3.664133046993429954e-02
1.292890705356404046e+00,3.664133046993429954e-02
1.292890705356404046e+00,3.664133046993429954e-02
1.402061350436332399e+00,-6.111192020241262846e-02
1.190507949662364284e+00,1.698066403624573506e-02
1.033941976050594125e+00,-7.180691817898031404e-02
1.033941976050594125e+00,-7.180691817898031404e-02
1.033941976050594125e+00,-7.180691817898031404e-02
1.113263867174404620e+00,7.272733711347074970e-02
1.113263867174404620e+00,7.272733711347074970e-02
1.113263867174404620e+00,7.272733711347074970e-02
1.113263867174404620e+00,7.272733711347074970e-02
1.113263867174404620e+00,7.272733711347074970e-02
1.329652056819522921e+00,6.032126346943501860e-02
1.258557076898963567e+00,2.836522057536159519e-02
1.258557076898963567e+00,2.836522057536159519e-02
1.258557076898963567e+00,2.836522057536159519e-02
1.258557076898963567e+00,2.836522057536159519e-02
1.258557076898963567e+00,2.836522057536159519e-02
1.260795965817964825e+00,-7.721061901986711606e-02
1.237888384765552630e+00,7.036457143600477471e-02
1.237888384765552630e+00,7.036457143600477471e-02
1.237888384765552630e+00,7.036457143600477471e-02
1.321515437403379511e+00,-6.296053916563693065e-02
1.235912325320243976e+00,-1.210578958430010565e-01
1.235912325320243976e+00,-1.210578958430010565e-01
1.235912325320243976e+00,-1.210578958430010565e-01
1.235912325320243976e+00,-1.210578958430010565e-01
1.235912325320243976e+00,-1.210578958430010565e-01
1.235912325320243976e+00,-1.210578958430010565e-01
1.235912325320243976e+00,-1.210578958430010565e-01
1.235912325320243976e+00,-1.210578958430010565e-01
1.389700477163417380e+00,-6.680770340006789154e-02
1.389700477163417380e+00,-6.680770340006789154e-02
1.389700477163417380e+00,-6.680770340006789154e-02
1.389700477163417380e+00,-6.680770340006789154e-02
1.451029061681943677e+00,-1.309471763530442590e-01
1.519426128578100776e+00,-1.205452522638701257e-01
1.651413816372443666e+00,2.276125093483592765e-02
1.651413816372443666e+00,2.276125093483592765e-02
1.651413816372443666e+00,2.276125093483592765e-02
1.651413816372443666e+00,2.276125093483592765e-02
1.651413816372443666e+00,2.276125093483592765e-02
1.369462584522369797e+00,4.656603868175478167e-02
1.366937394590433508e+00,-4.662111221526721305e-02
1.366937394590433508e+00,-4.662111221526721305e-02
1.245403541892533106e+00,7.316008354244715739e-03
1.245403541892533106e+00,7.316008354244715739e-03
1.242059584442220199e+00,-2.133534285324711552e-02
1.193899146300384073e+00,-5.388186818583984294e-02
1.193899146300384073e+00,-5.388186818583984294e-02
1.193899146300384073e+00,-5.388186818583984294e-02
1.193899146300384073e+00,-5.388186818583984294e-02
1.193899146300384073e+00,-5.388186818583984294e-02
1.299578010500077152e+00,1.258275598499204173e-01
1.299578010500077152e+00,1.258275598499204173e-01
1.299578010500077152e+00,1.258275598499204173e-01
1.299578010500077152e+00,1.258275598499204173e-01
1.299578010500077152e+00,1.258275598499204173e-01
1.299578010500077152e+00,1.258275598499204173e-01
1.299578010500077152e+00,1.258275598499204173e-01
1.299578010500077152e+00,1.258275598499204173e-01
1.299578010500077152e+00,1.258275598499204173e-01
1.299578010500077152e+00,1.258275598499204173e-01
1.356835765997015386e+00,1.764924190257337322e-02
1.242674682320727531e+00,-1.209148473403453966e-01
1.346792723043441553e+00,-2.423388247028473996e-01
1.322815485226948251e+00,-1.429299888285293640e-01
1.192602205053107545e+00,1.092556831838272235e-01
1.254625040481752052e+00,1.130182212728250007e-01
1.254625040481752052e+00,1.130182212728250007e-01
1.254625040481752052e+00,1.130182212728250007e-01
1.355539366754018982e+00,1.138545990681973930e-01
1.358681276679236660e+00,9.395639554893710221e-02
1.358681276679236660e+00,9.395639554893710221e-02
1.354281025343319733e+00,9.552687573822275791e-02
1.354281025343319733e+00,9.552687573822275791e-02
1.354281025343319733e+00,9.552687573822275791e-02
1.354281025343319733e+00,9.552687573822275791e-02
1.413499313890956843e+00,2.254754950087835275e-02
1.356871397909806820e+00,1.070757407992779797e-01
1.235839755575244281e+00,5.295388025072871041e-02
1.151245671051129849e+00,-2.491041574957088001e-01
9.283890087561461613e-01,-1.479796374136075343e-01
9.796141591191391829e-01,-2.161053631398421326e-01
9.796141591191391829e-01,-2.161053631398421326e-01
8.926449838041924378e-01,-5.814875609646749655e-02
8.926449838041924378e-01,-5.814875609646749655e-02
9.367149136951353761e-01,-1.833296144748528672e-02
1.065452099612397063e+00,-9.635699204740116874e-02
1.065452099612397063e+00,-9.635699204740116874e-02
1.065452099612397063e+00,-9.635699204740116874e-02
1.065452099612397063e+00,-9.635699204740116874e-02
1.065452099612397063e+00,-9.635699204740116874e-02
1.065452099612397063e+00,-9.635699204740116874e-02
1.065452099612397063e+00,-9.635699204740116874e-02
1.065452099612397063e+00,-9.635699204740116874e-02
1.065452099612397063e+00,-9.635699204740116874e-02
1.165163752918380036e+00,1.426735989159333140e-01
1.197735911350072735e+00,2.259228431813551374e-01
1.197735911350072735e+00,2.259228431813551374e-01
1.197735911350072735e+00,2.259228431813551374e-01
1.077897106315502507e+00,2.397741637247982061e-01
1.077897106315502507e+00,2.397741637247982061e-01
1.077897106315502507e+00,2.397741637247982061e-01
1.077897106315502507e+00,2.397741637247982061e-01
1.077897106315502507e+00,2.397741637247982061e-01
1.353798857680237555e+00,8.904937237752993950e-02
1.353798857680237555e+00,8.904937237752993950e-02
1.446697439698056309e+00,-4.020863062803323174e-02
1.446697439698056309e+00,-4.020863062803323174e-02
1.446697439698056309e+00,-4.020863062803323174e-02
1.446697439698056309e+00,-4.020863062803323174e-02
1.212572992222714641e+00,-1.194612038417217637e-01
1.212572992222714641e+00,-1.194612038417217637e-01
1.201211783411647804e+00,2.299242077416555063e-02
1.201211783411647804e+00,2.299242077416555063e-02
1.201211783411647804e+00,2.299242077416555063e-02
1.326077566226176341e+00,4.826305325724361550e-02
1.326077566226176341e+00,4.826305325724361550e-02
1.263096866125075657e+00,-7.424996226081433115e-02
1.263096866125075657e+00,-7.424996226081433115e-02
1.263096866125075657e+00,-7.424996226081433115e-02
1.263096866125075657e+00,-7.424996226081433115e-02
1.347777269582493664e+00,2.531271822198002952e-02
1.257885430999725607e+00,-2.677206648387221721e-02
1.257885430999725607e+00,-2.677206648387221721e-02
1.257885430999725607e+00,-2.677206648387221721e-02
1.263856269061834015e+00,1.685510980657301677e-02
1.263856269061834015e+00,1.685510980657301677e-02
1.221564741996388648e+00,2.464317734473422603e-02
1.221564741996388648e+00,2.464317734473422603e-02
9.703626054721866678e-01,2.047166622392785490e-02
9.703626054721866678e-01,2.047166622392785490e-02
1.034469853165738806e+00,1.603140839727306977e-01
1.034469853165738806e+00,1.603140839727306977e-01
1.034469853165738806e+00,1.603140839727306977e-01
1.034469853165738806e+00,1.603140839727306977e-01
1.034469853165738806e+00,1.603140839727306977e-01
1.034469853165738806e+00,1.603140839727306977e-01
1.034469853165738806e+00,1.603140839727306977e-01
1.094928386054206060e+00,1.474285480498914724e-01
1.094928386054206060e+00,1.474285480498914724e-01
1.242350399622228263e+00,1.287909984882736059e-01
1.242350399622228263e+00,1.287909984882736059e-01
1.242350399622228263e+00,1.287909984882736059e-01
1.242350399622228263e+00,1.287909984882736059e-01
1.238878546073145293e+00,-5.343313568945678993e-02
1.238878546073145293e+00,-5.343313568945678993e-02
1.238878546073145293e+00,-5.343313568945678993e-02
1.321138649333839288e+00,-1.887866207470730029e-01
1.321138649333839288e+00,-1.887866207470730029e-01
1.321138649333839288e+00,-1.887866207470730029e-01
1.368109937082581995e+00,-3.207234818624180028e-02
1.368109937082581995e+00,-3.207234818624180028e-02
1.368109937082581995e+00,-3.207234818624180028e-02
1.368109937082581995e+00,-3.207234818624180028e-02
1.368109937082581995e+00,-3.207234818624180028e-02
1.368109937082581995e+00,-3.207234818624180028e-02
1.368109937082581995e+00,-3.207234818624180028e-02
1.368109937082581995e+00,-3.207234818624180028e-02
1.368109937082581995e+00,-3.207234818624180028e-02
1.368109937082581995e+00,-3.207234818624180028e-02
1.368109937082581995e+00,-3.207234818624180028e-02
1.242548011640103311e+00,-1.059095572317021727e-02
1.242548011640103311e+00,-1.059095572317021727e-02
1.309020610678119034e+00,1.667159149783177877e-02
1.363687515765562797e+00,-5.220573197778541341e-02
1.343764726886016669e+00,8.640224105404575861e-02
1.144263488956593022e+00,9.787842683256281484e-02
1.154835792194758737e+00,1.960080165990824019e-02
1.154835792194758737e+00,1.960080165990824019e-02
1.332558382633498573e+00,-1.088423645448048926e-01
1.266827911385034477e+00,9.585007457228358896e-02
1.266827911385034477e+00,9.585007457228358896e-02
1.238014837380655209e+00,-1.814734583434893245e-02
1.238014837380655209e+00,-1.814734583434893245e-02
1.238014837380655209e+00,-1.814734583434893245e-02
1.225780486178112527e+00,-1.321039194020111052e-01
1.297199253296651422e+00,-1.163460561579187091e-01
1.276254163614793269e+00,9.501116325597358525e-02
1.276254163614793269e+00,9.501116325597358525e-02
1.276254163614793269e+00,9.501116325597358525e-02
1.247180473858623184e+00,-6.809797396468275643e-02
1.283691470574561233e+00,6.888641327077513199e-02
1.283691470574561233e+00,6.888641327077513199e-02
1.283691470574561233e+00,6.888641327077513199e-02
1.283691470574561233e+00,6.888641327077513199e-02
1.283691470574561233e+00,6.888641327077513199e-02
1.283691470574561233e+00,6.888641327077513199e-02
1.283691470574561233e+00,6.888641327077513199e-02
1.283691470574561233e+00,6.888641327077513199e-02
1.211088493893569984e+00,-4.256220191817994269e-02
1.110731648221294776e+00,-4.387631449767225023e-02
1.110731648221294776e+00,-4.387631449767225023e-02
1.274898973665643087e+00,1.723137930096098613e-01
1.253934206937000750e+00,-2.148813145379541156e-03
1.330602440829957267e+00,5.222590261395843036e-02
1.250521756677816620e+00,4.223847379767828314e-02
1.256024540486227137e+00,-5.644093775021961912e-02
1.256024540486227137e+00,-5.644093775021961912e-02
1.243887984739488584e+00,-4.727570061881661984e-02
1.243887984739488584e+00,-4.727570061881661984e-02
1.240057451339853234e+00,-7.723927775919897654e-02
1.240057451339853234e+00,-7.723927775919897654e-02
1.217740562586655972e+00,-1.277199597158756306e-01
1.217740562586655972e+00,-1.277199597158756306e-01
1.054295743638461680e+00,-1.044145110855171643e-01
1.100261553859985808e+00,-2.392293816832215259e-02
1.100261553859985808e+00,-2.392293816832215259e-02
1.100261553859985808e+00,-2.392293816832215259e-02
1.278075085764258212e+00,-1.193788825755610766e-01
1.126741618039952986e+00,-1.848849856902421984e-01
1.486550874471815220e+00,5.303684498665767189e-02
1.373451512591301160e+00,1.786860238117115585e-01
1.387841525064112291e+00,-5.773849775332803858e-02
1.395503178525808297e+00,-3.146234636202998453e-02
1.426895515966874584e+00,7.780508024400031863e-02
1.426895515966874584e+00,7.780508024400031863e-02
1.426895515966874584e+00,7.780508024400031863e-02
1.426895515966874584e+00,7.780508024400031863e-02
1.426895515966874584e+00,7.780508024400031863e-02
1.299923071401081431e+00,-3.659391949840828939e-03
1.276573812830771093e+00,-2.547418226356441828e-02
1.348968669109859464e+00,-2.086835471832419048e-02
1.408253783445956753e+00,-1.600411100161137218e-02
1.282770509282883165e+00,-1.045944740821520558e-01
1.282770509282883165e+00,-1.045944740821520558e-01
1.300724041396449149e+00,2.072592129254745563e-01
1.300724041396449149e+00,2.072592129254745563e-01
1.300724041396449149e+00,2.072592129254745563e-01
1.403523494682102912e+00,1.104461643265479409e-01
1.279234000450576669e+00,1.804467029831986757e-02
1.279234000450576669e+00,1.804467029831986757e-02
1.335147852245618827e+00,4.967462213792864928e-02
1.162346613071718382e+00,7.539454676161369551e-02
1.234081450091098375e+00,-9.917602145967829852e-02
1.234081450091098375e+00,-9.917602145967829852e-02
1.203648181365926995e+00,-1.614135963080878811e-02
1.203648181365926995e+00,-1.614135963080878811e-02
1.157196162333694600e+00,4.532538155448379708e-02
1.157196162333694600e+00,4.532538155448379708e-02
1.157196162333694600e+00,4.532538155448379708e-02
1.380881176152406908e+00,-4.911663829028688893e-02
1.380881176152406908e+00,-4.911663829028688893e-02
1.310699404854479777e+00,-4.238996240135545907e-02
1.310699404854479777e+00,-4.238996240135545907e-02
1.141737261651082802e+00,1.001348172345151999e-01
9.403037901905277884e-01,-4.477896421580548902e-02
9.403037901905277884e-01,-4.477896421580548902e-02
9.403037901905277884e-01,-4.477896421580548902e-02
1.116934251673851408e+00,-2.500833849333474607e-02
1.197044944466770566e+00,-3.545705073043552147e-02
1.197044944466770566e+00,-3.545705073043552147e-02
1.123539062643296171e+00,-3.490329346126470889e-02
1.123539062643296171e+00,-3.490329346126470889e-02
1.062161923836941746e+00,1.371168753676708651e-01
1.284663958313390753e+00,-8.442561760381189773e-03
1.398481177302921541e+00,2.960550844744803262e-02
1.398481177302921541e+00,2.960550844744803262e-02
1.398481177302921541e+00,2.960550844744803262e-02
1.398481177302921541e+00,2.960550844744803262e-02
1.371221349363116682e+00,-1.388371980674558276e-03
1.163237507961495165e+00,-1.888189732279354008e-02
1.163237507961495165e+00,-1.888189732279354008e-02
1.163237507961495165e+00,-1.888189732279354008e-02
1.334908291069698993e+00,-7.563672890509264002e-03
1.334908291069698993e+00,-7.563672890509264002e-03
1.334908291069698993e+00,-7.563672890509264002e-03
1.334908291069698993e+00,-7.563672890509264002e-03
1.334908291069698993e+00,-7.563672890509264002e-03
1.334908291069698993e+00,-7.563672890509264002e-03
1.334908291069698993e+00,-7.563672890509264002e-03
1.334908291069698993e+00,-7.563672890509264002e-03
1.334908291069698993e+00,-7.563672890509264002e-03
1.334908291069698993e+00,-7.563672890509264002e-03
1.334908291069698993e+00,-7.563672890509264002e-03
1.135325473001296492e+00,3.940822242137906328e-02
1.135325473001296492e+00,3.940822242137906328e-02
1.135325473001296492e+00,3.940822242137906328e-02
1.135325473001296492e+00,3.940822242137906328e-02
1.184005941216389912e+00,-9.157111113227434096e-02
1.184005941216389912e+00,-9.157111113227434096e-02
1.184005941216389912e+00,-9.157111113227434096e-02
1.184005941216389912e+00,-9.157111113227434096e-02
1.184005941216389912e+00,-9.157111113227434096e-02
1.260475187798857366e+00,7.971549929290069891e-02
1.260475187798857366e+00,7.971549929290069891e-02
1.260475187798857366e+00,7.971549929290069891e-02
1.245992516541275297e+00,7.860272078372762539e-02
1.234594302293759771e+00,-7.610145133303108933e-02
1.234594302293759771e+00,-7.610145133303108933e-02
1.234594302293759771e+00,-7.610145133303108933e-02
1.234594302293759771e+00,-7.610145133303108933e-02
1.234594302293759771e+00,-7.610145133303108933e-02
1.359198190929120642e+00,-8.297179860877873514e-02
1.317394451613156159e+00,1.036590977310117012e-01
1.317394451613156159e+00,1.036590977310117012e-01
1.317394451613156159e+00,1.036590977310117012e-01
1.317394451613156159e+00,1.036590977310117012e-01
1.317394451613156159e+00,1.036590977310117012e-01
1.207896604665762874e+00,1.287767061981745509e-01
1.005738305486793438e+00,2.864836894403557377e-01
1.005738305486793438e+00,2.864836894403557377e-01
1.005738305486793438e+00,2.864836894403557377e-01
8.836582318843920758e-01,6.283122639116106578e-02
1.032183884624730208e+00,-3.294915324667126166e-02
1.032183884624730208e+00,-3.294915324667126166e-02
1.171394075427407921e+00,-1.785758831707726646e-01
1.156701004105465502e+00,-2.287532659195391505e-01
1.156701004105465502e+00,-2.287532659195391505e-01
1.156701004105465502e+00,-2.287532659195391505e-01
1.190726163722924280e+00,-1.655770856253948597e-01
1.190726163722924280e+00,-1.655770856253948597e-01
1.190726163722924280e+00,-1.655770856253948597e-01
1.386148067209431511e+00,3.435077304256461961e-02
1.135103051811960029e+00,-1.062061213179054525e-02
1.135103051811960029e+00,-1.062061213179054525e-02
1.238206748757053610e+00,-1.268922325805748805e-02
1.238206748757053610e+00,-1.268922325805748805e-02
1.182087217733205131e+00,4.142536407804459087e-02
1.306501676632624953e+00,2.055767143570057243e-02
1.306501676632624953e+00,2.055767143570057243e-02
1.306501676632624953e+00,2.055767143570057243e-02
1.277189990216225146e+00,-1.025207216057054810e-01
1.339621292947664521e+00,-5.110662014845125667e-02
1.339621292947664521e+00,-5.110662014845125667e-02
1.339621292947664521e+00,-5.110662014845125667e-02
1.339621292947664521e+00,-5.110662014845125667e-02
1.339621292947664521e+00,-5.110662014845125667e-02
1.091779440135514534e+00,8.034364181286725304e-02
1.152242094083091306e+00,1.659531259511460299e-01
1.152242094083091306e+00,1.659531259511460299e-01
1.152242094083091306e+00,1.659531259511460299e-01
1.152242094083091306e+00,1.659531259511460299e-01
1.152242094083091306e+00,1.659531259511460299e-01
1.152242094083091306e+00,1.659531259511460299e-01
1.152242094083091306e+00,1.659531259511460299e-01
1.152242094083091306e+00,1.659531259511460299e-01
1.122730984547255284e+00,6.486876979133587851e-02
1.378288536306829792e+00,1.830750931161894135e-01
1.103608652834564108e+00,-1.407188614616228239e-02
1.103608652834564108e+00,-1.407188614616228239e-02
1.101061632807504020e+00,-1.394277441709752541e-01
1.101061632807504020e+00,-1.394277441709752541e-01
1.101061632807504020e+00,-1.394277441709752541e-01
1.101061632807504020e+00,-1.394277441709752541e-01
1.136545908204174005e+00,-1.844544218820150516e-01
1.136545908204174005e+00,-1.844544218820150516e-01
1.114822732509956227e+00,-1.078408907236703546e-01
1.114822732509956227e+00,-1.078408907236703546e-01
1.237255533090809934e+00,-1.720698919528101389e-01
1.336986914307253027e+00,-5.314898095469783312e-03
1.273008798794878382e+00,1.337840542045291847e-01
1.300972975872831450e+00,9.486678671386930550e-02
1.300972975872831450e+00,9.486678671386930550e-02
1.249245803178573366e+00,-7.729356359404868093e-02
1.224687413233762401e+00,-9.754398236680730805e-02
1.118297839411243944e+00,-4.058722027112486586e-02
1.118297839411243944e+00,-4.058722027112486586e-02
1.118297839411243944e+00,-4.058722027112486586e-02
1.312985128224521070e+00,-9.826019371908932543e-02
1.312985128224521070e+00,-9.826019371908932543e-02
1.312985128224521070e+00,-9.826019371908932543e-02
1.356851334266409470e+00,-2.353534051550088546e-01
1.356851334266409470e+00,-2.353534051550088546e-01
1.502398230479903063e+00,-6.845636096649557190e-02
1.502398230479903063e+00,-6.845636096649557190e-02
1.502398230479903063e+00,-6.845636096649557190e-02
1.502398230479903063e+00,-6.845636096649557190e-02
1.501889013839613485e+00,-1.301761544331949405e-01
1.382894633692614228e+00,8.670078451793733487e-02
1.382894633692614228e+00,8.670078451793733487e-02
1.249130515920580997e+00,2.492478697175995461e-01
1.249130515920580997e+00,2.492478697175995461e-01
1.191896713331023427e+00,3.958618468225964526e-01
9.399414422419383186e-01,2.217359778484939703e-01
8.809256810359509249e-01,4.734351925702900976e-02
9.589818520247559430e-01,-4.726159949368682889e-02
1.048478596507796956e+00,-1.469334432830622927e-01
1.048478596507796956e+00,-1.469334432830622927e-01
1.048478596507796956e+00,-1.469334432830622927e-01
1.048478596507796956e+00,-1.469334432830622927e-01
1.048478596507796956e+00,-1.469334432830622927e-01
1.048478596507796956e+00,-1.469334432830622927e-01
1.127756807356590452e+00,1.543163064222496383e-01
1.127756807356590452e+00,1.543163064222496383e-01
1.127756807356590452e+00,1.543163064222496383e-01
1.127756807356590452e+00,1.543163064222496383e-01
1.127756807356590452e+00,1.543163064222496383e-01
1.324151391423719737e+00,5.546960522466631849e-02
1.384265854631537618e+00,5.484869556035339155e-03
1.384265854631537618e+00,5.484869556035339155e-03
1.384265854631537618e+00,5.484869556035339155e-03
1.296347081137007251e+00,-1.393889500384875579e-01
1.196385083048587816e+00,-1.136442661084432204e-01
1.196385083048587816e+00,-1.136442661084432204e-01
1.282937557135714002e+00,-1.572191581187655507e-01
1.282937557135714002e+00,-1.572191581187655507e-01
1.282937557135714002e+00,-1.572191581187655507e-01
1.282937557135714002e+00,-1.572191581187655507e-01
1.164875331360269994e+00,-1.240510579084894982e-01
1.269309406705625420e+00,-2.092183147022603495e-01
1.269309406705625420e+00,-2.092183147022603495e-01
1.318720114801133603e+00,-7.677040712883759221e-02
1.318720114801133603e+00,-7.677040712883759221e-02
1.318720114801133603e+00,-7.677040712883759221e-02
1.318720114801133603e+00,-7.677040712883759221e-02
1.318720114801133603e+00,-7.677040712883759221e-02
1.318720114801133603e+00,-7.677040712883759221e-02
1.318720114801133603e+00,-7.677040712883759221e-02
1.318720114801133603e+00,-7.677040712883759221e-02
1.318720114801133603e+00,-7.677040712883759221e-02
1.252187895337584678e+00,-1.871408900163601396e-02
1.252187895337584678e+00,-1.871408900163601396e-02
1.275005474468152489e+00,-8.834785837659671348e-02
1.285781545447399976e+00,-2.528786187499869331e-02
1.285781545447399976e+00,-2.528786187499869331e-02
1.285781545447399976e+00,-2.528786187499869331e-02
1.285781545447399976e+00,-2.528786187499869331e-02
1.285781545447399976e+00,-2.528786187499869331e-02
1.285781545447399976e+00,-2.528786187499869331e-02
1.285781545447399976e+00,-2.528786187499869331e-02
1.285781545447399976e+00,-2.528786187499869331e-02
1.285781545447399976e+00,-2.528786187499869331e-02
1.132650617205310128e+00,-6.411891017771909063e-02
1.132650617205310128e+00,-6.411891017771909063e-02
1.194250705117349209e+00,-1.253055055059175693e-01
1.194250705117349209e+00,-1.253055055059175693e-01
1.416459639226379297e+00,-4.550538947925369948e-02
1.363921096934882726e+00,-7.138461810893548254e-02
1.363921096934882726e+00,-7.138461810893548254e-02
1.202979112972946352e+00,2.882817224661331224e-02
1.140913989341025392e+00,9.523227107169685013e-02
1.140913989341025392e+00,9.523227107169685013e-02
1.293304733615729063e+00,1.666672852171351416e-01
1.293304733615729063e+00,1.666672852171351416e-01
1.238358036402537055e+00,2.988004002203548115e-02
1.400779589796287139e+00,-2.501622036786523701e-02
1.260547838565806433e+00,3.400016258482219111e-02
1.260547838565806433e+00,3.400016258482219111e-02
1.260547838565806433e+00,3.400016258482219111e-02
1.260547838565806433e+00,3.400016258482219111e-02
1.260547838565806433e+00,3.400016258482219111e-02
1.260547838565806433e+00,3.400016258482219111e-02
1.260547838565806433e+00,3.400016258482219111e-02
1.279782843911021928e+00,6.943169615671224149e-02
1.279782843911021928e+00,6.943169615671224149e-02
1.329132857315590943e+00,3.419029210781057010e-02
1.329132857315590943e+00,3.419029210781057010e-02
1.223699785206437962e+00,-9.793308181290955039e-02
1.280487888638556448e+00,-1.250826398464606470e-01
1.280487888638556448e+00,-1.250826398464606470e-01
1.213282480888586923e+00,-2.378748355277574555e-01
1.213282480888586923e+00,-2.378748355277574555e-01
1.213282480888586923e+00,-2.378748355277574555e-01
1.189961400329008434e+00,-1.592565447102348153e-01
1.189961400329008434e+00,-1.592565447102348153e-01
1.189961400329008434e+00,-1.592565447102348153e-01
1.029757572766024420e+00,1.637545592179587839e-01
1.068996574588085835e+00,-1.551238468289786732e-02
1.068996574588085835e+00,-1.551238468289786732e-02
1.068996574588085835e+00,-1.551238468289786732e-02
1.286192946210074517e+00,-1.492434036695461375e-01
1.118517053797884575e+00,-5.079299972060338786e-02
1.136447346628518762e+00,1.291996961499786156e-02
1.136447346628518762e+00,1.291996961499786156e-02
1.151320989186429111e+00,-7.065546707250239256e-02
1.151320989186429111e+00,-7.065546707250239256e-02
1.151320989186429111e+00,-7.065546707250239256e-02
1.151320989186429111e+00,-7.065546707250239256e-02
1.340591291065436952e+00,-5.785313924157248211e-02
1.340591291065436952e+00,-5.785313924157248211e-02
1.340591291065436952e+00,-5.785313924157248211e-02
1.340591291065436952e+00,-5.785313924157248211e-02
1.333283640651685920e+00,7.796303948437871556e-02
1.333283640651685920e+00,7.796303948437871556e-02
1.333283640651685920e+00,7.796303948437871556e-02
1.333283640651685920e+00,7.796303948437871556e-02
1.333283640651685920e+00,7.796303948437871556e-02
1.291672120796691470e+00,-4.456946456133370482e-03
1.346415803587680537e+00,7.781869461174829861e-02
1.346415803587680537e+00,7.781869461174829861e-02
1.462538383517753005e+00,-4.975935820466846626e-02
1.462538383517753005e+00,-4.975935820466846626e-02
1.371779342975166127e+00,-2.011302193162391450e-01
1.259836499829304568e+00,5.152493723749196342e-02
1.150965781480362660e+00,-7.577610685669963764e-02
1.084080886994399640e+00,-6.495444824469551182e-02
1.084080886994399640e+00,-6.495444824469551182e-02
1.084080886994399640e+00,-6.495444824469551182e-02
1.084080886994399640e+00,-6.495444824469551182e-02
1.217165273733329389e+00,-1.759503224620572182e-01
1.161304727595389608e+00,3.166173890655227252e-02
1.161304727595389608e+00,3.166173890655227252e-02
1.161304727595389608e+00,3.166173890655227252e-02
1.161304727595389608e+00,3.166173890655227252e-02
1.161304727595389608e+00,3.166173890655227252e-02
1.161304727595389608e+00,3.166173890655227252e-02
1.200163342390254240e+00,1.134933833704072637e-01
1.200163342390254240e+00,1.134933833704072637e-01
1.328020052920026339e+00,-2.800171393307557266e-03
1.328020052920026339e+00,-2.800171393307557266e-03
1.328020052920026339e+00,-2.800171393307557266e-03
1.328020052920026339e+00,-2.800171393307557266e-03
1.300438215115838014e+00,2.118301924845886891e-03
1.324602208891756838e+00,5.125088692085348618e-02
1.324602208891756838e+00,5.125088692085348618e-02
1.324602208891756838e+00,5.125088692085348618e-02
1.427566818467882248e+00,1.396560481381830254e-01
1.324167742364716238e+00,1.491216278824742114e-01
1.074517837730255110e+00,6.194765680363299720e-02
1.135726566887080846e+00,2.626119150457849327e-02
1.135726566887080846e+00,2.626119150457849327e-02
1.135726566887080846e+00,2.626119150457849327e-02
1.135726566887080846e+00,2.626119150457849327e-02
1.247915236343682066e+00,-2.974720359864841540e-02
1.322850758899604795e+00,4.275433160597753163e-02
1.268842315027626233e+00,-7.053298430796400842e-02
1.296995210350755823e+00,1.671042602435862667e-02
1.186060515767986656e+00,-1.119092596287177971e-02
1.186060515767986656e+00,-1.119092596287177971e-02
1.247600912685791874e+00,-1.356232332383347783e-01
1.247600912685791874e+00,-1.356232332383347783e-01
1.247600912685791874e+00,-1.356232332383347783e-01
1.247600912685791874e+00,-1.356232332383347783e-01
1.228669323629062227e+00,-6.049877657205481041e-02
1.228669323629062227e+00,-6.049877657205481041e-02
1.228669323629062227e+00,-6.049877657205481041e-02
1.228669323629062227e+00,-6.049877657205481041e-02
1.228669323629062227e+00,-6.049877657205481041e-02
1.228669323629062227e+00,-6.049877657205481041e-02
1.228669323629062227e+00,-6.049877657205481041e-02
1.175074086390608841e+00,-9.243915552676312819e-02
1.175074086390608841e+00,-9.243915552676312819e-02
1.175074086390608841e+00,-9.243915552676312819e-02
1.175074086390608841e+00,-9.243915552676312819e-02
1.175074086390608841e+00,-9.243915552676312819e-02
1.175074086390608841e+00,-9.243915552676312819e-02
1.285317260113471249e+00,-8.990861627287523306e-02
1.285317260113471249e+00,-8.990861627287523306e-02
1.478093907055501699e+00,7.743805714499819859e-02
1.359809313920894880e+00,-1.459193864252893436e-01
1.416514766230402511e+00,-7.601524273660847930e-02
1.416514766230402511e+00,-7.601524273660847930e-02
1.212716195485681769e+00,-8.509599140674078965e-02
1.212716195485681769e+00,-8.509599140674078965e-02
1.110255422428267691e+00,-1.533635577894489899e-01
1.110255422428267691e+00,-1.533635577894489899e-01
1.110255422428267691e+00,-1.533635577894489899e-01
1.110255422428267691e+00,-1.533635577894489899e-01
1.337323414647191511e+00,1.046016983414196910e-02
1.398757431068307300e+00,1.078181304071043900e-01
1.398757431068307300e+00,1.078181304071043900e-01
1.398757431068307300e+00,1.078181304071043900e-01
1.404994110749066438e+00,-6.669237966369731541e-02
1.404994110749066438e+00,-6.669237966369731541e-02
1.404994110749066438e+00,-6.669237966369731541e-02
1.238051297779889870e+00,-1.019148550384750274e-01
1.238051297779889870e+00,-1.019148550384750274e-01
1.238051297779889870e+00,-1.019148550384750274e-01
1.238051297779889870e+00,-1.019148550384750274e-01
1.238051297779889870e+00,-1.019148550384750274e-01
1.357984118662878492e+00,-1.285921780511638524e-01
1.151141946041362774e+00,8.829156094578100022e-03
1.151141946041362774e+00,8.829156094578100022e-03
1.151141946041362774e+00,8.829156094578100022e-03
1.151141946041362774e+00,8.829156094578100022e-03
1.297572734173589648e+00,7.451974107901460087e-02
1.213215805106302447e+00,4.774059323298578128e-02
1.213215805106302447e+00,4.774059323298578128e-02
1.161940346264531909e+00,8.748753862882094334e-02
1.217724485151790770e+00,-5.945874798925973592e-02
1.217724485151790770e+00,-5.945874798925973592e-02
1.194496624916637106e+00,-1.885710674300637713e-01
1.194496624916637106e+00,-1.885710674300637713e-01
1.194496624916637106e+00,-1.885710674300637713e-01
1.355068522635246353e+00,-1.937919442475642684e-01
1.264462368846453355e+00,-1.187794573153413968e-02
1.283088656620334556e+00,1.049595194093501382e-01
1.283088656620334556e+00,1.049595194093501382e-01
1.291726293086753685e+00,-8.986243503438720581e-02
1.291726293086753685e+00,-8.986243503438720581e-02
1.305148077153680308e+00,-1.337663779642107309e-01
1.305148077153680308e+00,-1.337663779642107309e-01
1.270461972027029818e+00,-7.292036582460695304e-02
1.236369847062312344e+00,-1.250237535078026208e-01
1.236369847062312344e+00,-1.250237535078026208e-01
1.236369847062312344e+00,-1.250237535078026208e-01
1.379957177341250230e+00,-5.513697981870507858e-02
1.379957177341250230e+00,-5.513697981870507858e-02
1.033520086979351937e+00,2.103115199122167489e-01
1.257219358532197795e+00,1.182773232427307281e-01
1.115156674779203660e+00,-8.196837304164995841e-02
1.115156674779203660e+00,-8.196837304164995841e-02
1.143940506335862306e+00,-2.814819225641228967e-02
1.239628568879204362e+00,-1.405773132213995469e-01
1.239628568879204362e+00,-1.405773132213995469e-01
1.239628568879204362e+00,-1.405773132213995469e-01
1.239628568879204362e+00,-1.405773132213995469e-01
1.239628568879204362e+00,-1.405773132213995469e-01
1.239628568879204362e+00,-1.405773132213995469e-01
1.250844642015000119e+00,-1.600327078045201135e-01
1.288982182151930278e+00,2.064085288208576952e-01
1.216857839112823303e+00,2.286381014530085298e-01
1.298087734428225781e+00,5.261302964419883876e-02
1.298087734428225781e+00,5.261302964419883876e-02
1.298087734428225781e+00,5.261302964419883876e-02
1.298087734428225781e+00,5.261302964419883876e-02
1.298087734428225781e+00,5.261302964419883876e-02
1.298087734428225781e+00,5.261302964419883876e-02
1.162649494339028866e+00,5.094110077186856517e-02
1.162649494339028866e+00,5.094110077186856517e-02
1.316355032783472545e+00,1.419047521953472890e-01
1.316355032783472545e+00,1.419047521953472890e-01
1.316355032783472545e+00,1.419047521953472890e-01
1.294335468308630110e+00,1.396799115186770912e-01
1.415127553907896019e+00,2.622340947647558429e-02
1.202788890068916539e+00,-5.183583629974931883e-04
1.202788890068916539e+00,-5.183583629974931883e-04
1.236024999169550220e+00,-9.445953479092027150e-02
1.236024999169550220e+00,-9.445953479092027150e-02
1.236024999169550220e+00,-9.445953479092027150e-02
1.384365449969284567e+00,-8.693939158844211923e-02
1.323019469863164321e+00,4.732550500817046812e-02
1.323019469863164321e+00,4.732550500817046812e-02
1.377030200049552455e+00,6.075449405396872449e-02
1.377030200049552455e+00,6.075449405396872449e-02
1.278975320131536808e+00,-4.569105238640910893e-02
1.278975320131536808e+00,-4.569105238640910893e-02
1.278975320131536808e+00,-4.569105238640910893e-02
1.339591661540501466e+00,-2.132664376967261799e-01
1.538664472470115285e+00,-3.214893198349833003e-02
1.538664472470115285e+00,-3.214893198349833003e-02
1.538664472470115285e+00,-3.214893198349833003e-02
1.538664472470115285e+00,-3.214893198349833003e-02
1.338585260950077682e+00,-1.623483663570911284e-01
1.338585260950077682e+00,-1.623483663570911284e-01
1.338585260950077682e+00,-1.623483663570911284e-01
1.338585260950077682e+00,-1.623483663570911284e-01
1.338585260950077682e+00,-1.623483663570911284e-01
1.338585260950077682e+00,-1.623483663570911284e-01
1.015286786431748522e+00,-1.410500282936829886e-01
1.015286786431748522e+00,-1.410500282936829886e-01
1.015286786431748522e+00,-1.410500282936829886e-01
1.015286786431748522e+00,-1.410500282936829886e-01
1.153906976138292961e+00,6.268187621429777145e-03
1.153906976138292961e+00,6.268187621429777145e-03
1.153906976138292961e+00,6.268187621429777145e-03
1.287768215293999319e+00,1.275307741598431521e-01
1.287768215293999319e+00,1.275307741598431521e-01
1.232931752335662656e+00,1.779126452632155408e-01
1.232931752335662656e+00,1.779126452632155408e-01
1.232931752335662656e+00,1.779126452632155408e-01
1.398092485881591962e+00,6.912297506710864126e-02
1.398092485881591962e+00,6.912297506710864126e-02
1.398092485881591962e+00,6.912297506710864126e-02
1.397668194132277497e+00,8.826099078328507319e-02
1.397668194132277497e+00,8.826099078328507319e-02
1.397668194132277497e+00,8.826099078328507319e-02
1.397668194132277497e+00,8.826099078328507319e-02
1.428851676520642267e+00,-5.301788780183670780e-02
1.428851676520642267e+00,-5.301788780183670780e-02
1.369271762391856662e+00,-9.788942166587719096e-02
1.369271762391856662e+00,-9.788942166587719096e-02
1.115644091493748880e+00,-3.315993921563341329e-02
1.115644091493748880e+00,-3.315993921563341329e-02
1.115644091493748880e+00,-3.315993921563341329e-02
1.115644091493748880e+00,-3.315993921563341329e-02
1.115644091493748880e+00,-3.315993921563341329e-02
1.115644091493748880e+00,-3.315993921563341329e-02
1.362203706106681622e+00,-7.657649361331560212e-02
1.197629600831253027e+00,-7.974563284328037294e-02
1.197629600831253027e+00,-7.974563284328037294e-02
1.300927765121752344e+00,7.073878567272748330e-02
1.181886299751566671e+00,8.783662802051594998e-02
1.174526894124062526e+00,4.411883986849733652e-02
1.174526894124062526e+00,4.411883986849733652e-02
1.174526894124062526e+00,4.411883986849733652e-02
1.167300857505619405e+00,1.575253025836607368e-01
1.167300857505619405e+00,1.575253025836607368e-01
1.167300857505619405e+00,1.575253025836607368e-01
1.167300857505619405e+00,1.575253025836607368e-01
1.167300857505619405e+00,1.575253025836607368e-01
1.167300857505619405e+00,1.575253025836607368e-01
1.122235777000508916e+00,1.098337298918474481e-01
1.122235777000508916e+00,1.098337298918474481e-01
1.122235777000508916e+00,1.098337298918474481e-01
1.195121059452191270e+00,5.315710984297417757e-02
1.195121059452191270e+00,5.315710984297417757e-02
1.358565527888515811e+00,7.970523653035049838e-03
1.358565527888515811e+00,7.970523653035049838e-03
1.358565527888515811e+00,7.970523653035049838e-03
1.181597893632920560e+00,-8.782605219780373340e-03
1.181597893632920560e+00,-8.782605219780373340e-03
1.181597893632920560e+00,-8.782605219780373340e-03
1.143022726887982232e+00,-1.625150016128564801e-01
1.143022726887982232e+00,-1.625150016128564801e-01
1.050904998303029192e+00,3.737399378529240868e-02
1.050904998303029192e+00,3.737399378529240868e-02
1.050904998303029192e+00,3.737399378529240868e-02
1.069831348700224893e+00,-7.215353259519517726e-02
1.069831348700224893e+00,-7.215353259519517726e-02
1.083153784740090275e+00,-1.702914057760740452e-03
1.083153784740090275e+00,-1.702914057760740452e-03
1.140142658683595878e+00,5.203611036986141580e-02
1.140142658683595878e+00,5.203611036986141580e-02
1.140142658683595878e+00,5.203611036986141580e-02
1.140142658683595878e+00,5.203611036986141580e-02
1.140142658683595878e+00,5.203611036986141580e-02
1.140142658683595878e+00,5.203611036986141580e-02
1.140142658683595878e+00,5.203611036986141580e-02
1.140142658683595878e+00,5.203611036986141580e-02
1.166430801293705688e+00,1.514019330114595996e-01
1.166430801293705688e+00,1.514019330114595996e-01
1.166430801293705688e+00,1.514019330114595996e-01
1.189472323724402036e+00,1.802236966356460246e-02
1.189472323724402036e+00,1.802236966356460246e-02
1.189472323724402036e+00,1.802236966356460246e-02
1.189472323724402036e+00,1.802236966356460246e-02
1.189472323724402036e+00,1.802236966356460246e-02
1.197613203774869017e+00,-4.655068935607067915e-02
1.197613203774869017e+00,-4.655068935607067915e-02
1.197613203774869017e+00,-4.655068935607067915e-02
1.197613203774869017e+00,-4.655068935607067915e-02
1.100461794256406334e+00,-8.177263437413775926e-02
1.100461794256406334e+00,-8.177263437413775926e-02
1.100461794256406334e+00,-8.177263437413775926e-02
1.100461794256406334e+00,-8.177263437413775926e-02
1.100461794256406334e+00,-8.177263437413775926e-02
1.100461794256406334e+00,-8.177263437413775926e-02
1.154328220721991149e+00,-1.277165993975313274e-01
1.395341056918934841e+00,-4.775213805629792418e-02
1.395341056918934841e+00,-4.775213805629792418e-02
1.395341056918934841e+00,-4.775213805629792418e-02
1.395341056918934841e+00,-4.775213805629792418e-02
1.395341056918934841e+00,-4.775213805629792418e-02
1.368562867737486588e+00,-4.342586459442712016e-02
1.368562867737486588e+00,-4.342586459442712016e-02
1.368562867737486588e+00,-4.342586459442712016e-02
1.368562867737486588e+00,-4.342586459442712016e-02
1.368562867737486588e+00,-4.342586459442712016e-02
1.368562867737486588e+00,-4.342586459442712016e-02
1.234496934005693047e+00,3.139496749182885821e-02
1.234496934005693047e+00,3.139496749182885821e-02
1.234496934005693047e+00,3.139496749182885821e-02
1.234496934005693047e+00,3.139496749182885821e-02
1.234496934005693047e+00,3.139496749182885821e-02
1.234496934005693047e+00,3.139496749182885821e-02
1.234496934005693047e+00,3.139496749182885821e-02
1.234184246987725109e+00,-3.446326975046967028e-02
1.362170628081621926e+00,-6.105594620610073353e-02
1.362170628081621926e+00,-6.105594620610073353e-02
1.362170628081621926e+00,-6.105594620610073353e-02
1.362170628081621926e+00,-6.105594620610073353e-02
1.362170628081621926e+00,-6.105594620610073353e-02
1.362170628081621926e+00,-6.105594620610073353e-02
1.315018624662267266e+00,-8.197459980746148178e-02
1.359959566868449876e+00,3.023705313559449381e-02
1.359959566868449876e+00,3.023705313559449381e-02
1.221711182436255427e+00,-4.449679404287447404e-02
1.221711182436255427e+00,-4.449679404287447404e-02
1.221711182436255427e+00,-4.449679404287447404e-02
1.221711182436255427e+00,-4.449679404287447404e-02
1.221711182436255427e+00,-4.449679404287447404e-02
1.221711182436255427e+00,-4.449679404287447404e-02
1.349672069084379089e+00,-1.776598620319005603e-02
1.349672069084379089e+00,-1.776598620319005603e-02
1.349672069084379089e+00,-1.776598620319005603e-02
1.349672069084379089e+00,-1.776598620319005603e-02
1.218052609120220620e+00,-1.455942189900629458e-01
1.218052609120220620e+00,-1.455942189900629458e-01
1.218052609120220620e+00,-1.455942189900629458e-01
1.218052609120220620e+00,-1.455942189900629458e-01
1.188475550126673275e+00,-2.493717338809821049e-01
1.188475550126673275e+00,-2.493717338809821049e-01
1.188475550126673275e+00,-2.493717338809821049e-01
1.188475550126673275e+00,-2.493717338809821049e-01
1.188475550126673275e+00,-2.493717338809821049e-01
1.182349861591992290e+00,-1.110766419434872643e-01
1.282235857546187408e+00,1.571150601510833966e-01
1.282235857546187408e+00,1.571150601510833966e-01
1.282235857546187408e+00,1.571150601510833966e-01
1.282235857546187408e+00,1.571150601510833966e-01
1.282235857546187408e+00,1.571150601510833966e-01
1.282235857546187408e+00,1.571150601510833966e-01
1.282235857546187408e+00,1.571150601510833966e-01
1.379502120213171867e+00,-9.481891968926747793e-02
1.379502120213171867e+00,-9.481891968926747793e-02
1.379502120213171867e+00,-9.481891968926747793e-02
1.201392474844747316e+00,-7.658078746588900532e-02
1.201392474844747316e+00,-7.658078746588900532e-02
1.201392474844747316e+00,-7.658078746588900532e-02
1.201392474844747316e+00,-7.658078746588900532e-02
1.254736015554613004e+00,1.563957484973623746e-01
1.254736015554613004e+00,1.563957484973623746e-01
1.336460561778275880e+00,4.598530249266145897e-02
1.336460561778275880e+00,4.598530249266145897e-02
1.336460561778275880e+00,4.598530249266145897e-02
1.336460561778275880e+00,4.598530249266145897e-02
1.336460561778275880e+00,4.598530249266145897e-02
1.336460561778275880e+00,4.598530249266145897e-02
1.336460561778275880e+00,4.598530249266145897e-02
1.336460561778275880e+00,4.598530249266145897e-02
1.336460561778275880e+00,4.598530249266145897e-02
1.403726728542541879e+00,-4.062517678678735644e-02
1.403726728542541879e+00,-4.062517678678735644e-02
1.403726728542541879e+00,-4.062517678678735644e-02
1.403726728542541879e+00,-4.062517678678735644e-02
1.403726728542541879e+00,-4.062517678678735644e-02
1.403726728542541879e+00,-4.062517678678735644e-02
1.403726728542541879e+00,-4.062517678678735644e-02
1.403726728542541879e+00,-4.062517678678735644e-02
1.403726728542541879e+00,-4.062517678678735644e-02
1.393102125287559945e+00,-9.989422318802607115e-02
1.393102125287559945e+00,-9.989422318802607115e-02
1.393102125287559945e+00,-9.989422318802607115e-02
1.393102125287559945e+00,-9.989422318802607115e-02
1.426494137948426832e+00,8.208623082825497463e-02
1.426494137948426832e+00,8.208623082825497463e-02
1.426494137948426832e+00,8.208623082825497463e-02
1.426494137948426832e+00,8.208623082825497463e-02
1.126960606239391094e+00,-1.343863346370868794e-01
1.130989858528431036e+00,-8.604437482885762822e-02
1.097050327346980714e+00,5.198214426664485299e-02
1.097050327346980714e+00,5.198214426664485299e-02
1.216796643041184289e+00,-9.099033529277664178e-02
1.216796643041184289e+00,-9.099033529277664178e-02
1.369610225429566341e+00,-5.210137668137700129e-02
1.337468946681676041e+00,1.206656216767455769e-02
1.337468946681676041e+00,1.206656216767455769e-02
1.318749416450268885e+00,9.183181131911793971e-02
1.210638632402834869e+00,9.243952290914814185e-02
1.229929411283517071e+00,-1.554401729975618540e-02
1.096407275526166902e+00,5.268173893757173432e-02
1.173695420292978575e+00,9.223407579470120632e-03
1.315362892709827092e+00,-1.039875812712060255e-01
1.315362892709827092e+00,-1.039875812712060255e-01
1.315362892709827092e+00,-1.039875812712060255e-01
1.189776888488915718e+00,-1.121078671732173571e-01
1.303491231815146589e+00,-1.064241402590504482e-01
1.303491231815146589e+00,-1.064241402590504482e-01
1.303491231815146589e+00,-1.064241402590504482e-01
1.303491231815146589e+00,-1.064241402590504482e-01
1.213784140544903911e+00,-1.004615303576994467e-01
1.202272391937436291e+00,-1.517038162473183238e-01
1.202272391937436291e+00,-1.517038162473183238e-01
1.198606357206387862e+00,-3.661605392465269726e-02
1.198606357206387862e+00,-3.661605392465269726e-02
1.198606357206387862e+00,-3.661605392465269726e-02
1.198606357206387862e+00,-3.661605392465269726e-02
1.198606357206387862e+00,-3.661605392465269726e-02
1.198606357206387862e+00,-3.661605392465269726e-02
1.198606357206387862e+00,-3.661605392465269726e-02
1.198606357206387862e+00,-3.661605392465269726e-02
1.198606357206387862e+00,-3.661605392465269726e-02
1.198606357206387862e+00,-3.661605392465269726e-02
1.198606357206387862e+00,-3.661605392465269726e-02
1.198606357206387862e+00,-3.661605392465269726e-02
1.198606357206387862e+00,-3.661605392465269726e-02
1.198606357206387862e+00,-3.661605392465269726e-02
1.242126024201904766e+00,7.993158492722667041e-02
1.242126024201904766e+00,7.993158492722667041e-02
1.135901141444302764e+00,1.076861141187301918e-01
1.135901141444302764e+00,1.076861141187301918e-01
1.135901141444302764e+00,1.076861141187301918e-01
1.135901141444302764e+00,1.076861141187301918e-01
1.135901141444302764e+00,1.076861141187301918e-01
1.135901141444302764e+00,1.076861141187301918e-01
1.215897955802745178e+00,4.663395421318115852e-02
1.425412156404132213e+00,8.036225730873453044e-03
1.458554287702941821e+00,1.512918853011484786e-02
1.190428765670029865e+00,2.684754749775524266e-02
1.190428765670029865e+00,2.684754749775524266e-02
1.190428765670029865e+00,2.684754749775524266e-02
1.190428765670029865e+00,2.684754749775524266e-02
1.190428765670029865e+00,2.684754749775524266e-02
1.190428765670029865e+00,2.684754749775524266e-02
1.190428765670029865e+00,2.684754749775524266e-02
1.190428765670029865e+00,2.684754749775524266e-02
1.190428765670029865e+00,2.684754749775524266e-02
1.190428765670029865e+00,2.684754749775524266e-02
1.190428765670029865e+00,2.684754749775524266e-02
1.213217431496799836e+00,-6.658503846283229943e-02
1.209135843311159419e+00,1.762104857580951145e-02
1.179846969611133112e+00,-5.025313531496540531e-02
1.179846969611133112e+00,-5.025313531496540531e-02
1.179846969611133112e+00,-5.025313531496540531e-02
1.179846969611133112e+00,-5.025313531496540531e-02
1.210429039126791340e+00,2.476253615148017728e-02
1.210429039126791340e+00,2.476253615148017728e-02
1.145503349863755016e+00,4.319702336472583393e-02
1.145503349863755016e+00,4.319702336472583393e-02
1.145503349863755016e+00,4.319702336472583393e-02
1.145503349863755016e+00,4.319702336472583393e-02
1.145503349863755016e+00,4.319702336472583393e-02
1.145503349863755016e+00,4.319702336472583393e-02
1.380988247925719614e+00,-1.450972289327570330e-01
1.380988247925719614e+00,-1.450972289327570330e-01
1.380988247925719614e+00,-1.450972289327570330e-01
1.103181527772936876e+00,-1.655074635847226805e-01
1.075193887225629696e+00,-1.783373831213316829e-01
1.174995860019779848e+00,-6.635667262701863689e-02
1.174995860019779848e+00,-6.635667262701863689e-02
1.174995860019779848e+00,-6.635667262701863689e-02
1.174995860019779848e+00,-6.635667262701863689e-02
1.108676194947509464e+00,7.841895973760507066e-02
1.108676194947509464e+00,7.841895973760507066e-02
1.130661512034717209e+00,-4.676063300267446765e-02
1.208306982962928489e+00,3.171684767836357999e-02
1.208306982962928489e+00,3.171684767836357999e-02
1.208306982962928489e+00,3.171684767836357999e-02
1.143795281067357950e+00,7.655254778666951976e-02
1.143795281067357950e+00,7.655254778666951976e-02
1.143795281067357950e+00,7.655254778666951976e-02
1.143795281067357950e+00,7.655254778666951976e-02
1.332269445789673767e+00,-1.236575902319810155e-01
1.332269445789673767e+00,-1.236575902319810155e-01
1.332269445789673767e+00,-1.236575902319810155e-01
1.332269445789673767e+00,-1.236575902319810155e-01
1.167743218046466636e+00,-1.192873428140561326e-01
1.167743218046466636e+00,-1.192873428140561326e-01
1.167743218046466636e+00,-1.192873428140561326e-01
1.076225911633617693e+00,-6.437511014711266855e-02
1.076225911633617693e+00,-6.437511014711266855e-02
1.145404226820830207e+00,1.445852512911920962e-01
1.145404226820830207e+00,1.445852512911920962e-01
1.237199382423231908e+00,-1.578361855089505106e-02
1.089428360424188558e+00,9.840586495446833337e-02
1.325055589605091289e+00,2.704796783634958457e-01
1.331169674033142902e+00,7.486152220597552809e-02
1.269343903794783568e+00,1.072537370811392360e-01
1.269343903794783568e+00,1.072537370811392360e-01
1.269343903794783568e+00,1.072537370811392360e-01
1.353535028031254583e+00,3.284081318205889222e-02
1.244299769781846754e+00,8.051202226027284747e-02
1.244299769781846754e+00,8.051202226027284747e-02
1.244299769781846754e+00,8.051202226027284747e-02
1.244299769781846754e+00,8.051202226027284747e-02
1.244299769781846754e+00,8.051202226027284747e-02
1.244299769781846754e+00,8.051202226027284747e-02
1.244299769781846754e+00,8.051202226027284747e-02
1.271673707207841897e+00,8.869053162465381779e-02
1.271673707207841897e+00,8.869053162465381779e-02
1.195335929332402181e+00,-8.704707105952408375e-02
1.195335929332402181e+00,-8.704707105952408375e-02
1.281620979406834282e+00,1.463445477697421226e-02
1.281620979406834282e+00,1.463445477697421226e-02
1.228296278836170430e+00,-1.270636868001132069e-02
1.228296278836170430e+00,-1.270636868001132069e-02
1.278450772914680122e+00,1.307891433719668151e-01
1.278450772914680122e+00,1.307891433719668151e-01
1.278450772914680122e+00,1.307891433719668151e-01
1.278450772914680122e+00,1.307891433719668151e-01
1.278450772914680122e+00,1.307891433719668151e-01
1.278450772914680122e+00,1.307891433719668151e-01
1.334650769146510152e+00,1.078481435871920247e-01
1.334650769146510152e+00,1.078481435871920247e-01
1.334650769146510152e+00,1.078481435871920247e-01
1.334650769146510152e+00,1.078481435871920247e-01
1.334650769146510152e+00,1.078481435871920247e-01
1.472242080279465348e+00,7.360686212972430975e-02
1.248136865463870260e+00,1.959676556174713702e-02
1.248136865463870260e+00,1.959676556174713702e-02
1.248136865463870260e+00,1.959676556174713702e-02
1.248136865463870260e+00,1.959676556174713702e-02
1.269817339043036064e+00,1.155208928878034835e-02
1.269817339043036064e+00,1.155208928878034835e-02
1.269817339043036064e+00,1.155208928878034835e-02
1.269817339043036064e+00,1.155208928878034835e-02
1.316028658288700415e+00,9.329362621333994743e-02
1.316028658288700415e+00,9.329362621333994743e-02
1.317653197500985085e+00,1.151736805678242881e-01
1.317653197500985085e+00,1.151736805678242881e-01
1.317653197500985085e+00,1.151736805678242881e-01
1.091977530940970498e+00,1.509668668137326974e-01
1.204019813591526988e+00,2.391581601615819230e-02
1.267445122793705803e+00,3.229317591399015475e-02
1.267445122793705803e+00,3.229317591399015475e-02
1.267445122793705803e+00,3.229317591399015475e-02
1.267445122793705803e+00,3.229317591399015475e-02
1.241614557799071816e+00,6.435810171171957306e-02
1.241614557799071816e+00,6.435810171171957306e-02
1.241614557799071816e+00,6.435810171171957306e-02
1.241614557799071816e+00,6.435810171171957306e-02
1.241614557799071816e+00,6.435810171171957306e-02
1.241614557799071816e+00,6.435810171171957306e-02
1.241614557799071816e+00,6.435810171171957306e-02
1.241614557799071816e+00,6.435810171171957306e-02
1.296049145978988459e+00,1.400895630216573429e-01
1.231105394191885916e+00,7.969512958063926233e-02
1.231105394191885916e+00,7.969512958063926233e-02
1.231105394191885916e+00,7.969512958063926233e-02
1.231105394191885916e+00,7.969512958063926233e-02
1.208038254387835853e+00,-7.321970040052747097e-02
1.245184639718124986e+00,-4.037321086455214481e-03
1.245184639718124986e+00,-4.037321086455214481e-03
1.165370157737528167e+00,5.257310308388819797e-02
1.165370157737528167e+00,5.257310308388819797e-02
1.165370157737528167e+00,5.257310308388819797e-02
1.165370157737528167e+00,5.257310308388819797e-02
1.165370157737528167e+00,5.257310308388819797e-02
1.200891394666295131e+00,9.996573465015250182e-02
1.200891394666295131e+00,9.996573465015250182e-02
1.200891394666295131e+00,9.996573465015250182e-02
1.076721586201018210e+00,4.492248824805494117e-02
1.076721586201018210e+00,4.492248824805494117e-02
1.076721586201018210e+00,4.492248824805494117e-02
1.095527831650416450e+00,-2.997882454857760809e-02
1.095527831650416450e+00,-2.997882454857760809e-02
1.132460012605403632e+00,6.405387289526756622e-02
1.262238556912894882e+00,-2.766903955528385306e-02
1.262238556912894882e+00,-2.766903955528385306e-02
1.262238556912894882e+00,-2.766903955528385306e-02
1.273216413745048570e+00,-1.014551060296500218e-01
1.273216413745048570e+00,-1.014551060296500218e-01
1.175009097360479871e+00,-2.805356228195909907e-02
1.175009097360479871e+00,-2.805356228195909907e-02
1.277098238393906238e+00,6.195379861355983231e-02
1.277098238393906238e+00,6.195379861355983231e-02
1.277098238393906238e+00,6.195379861355983231e-02
1.277098238393906238e+00,6.195379861355983231e-02
1.330967378165029968e+00,5.281847849720359978e-02
1.330967378165029968e+00,5.281847849720359978e-02
1.330967378165029968e+00,5.281847849720359978e-02
1.194363785103602194e+00,7.549533324772630949e-02
1.194363785103602194e+00,7.549533324772630949e-02
1.292393277657470474e+00,1.557962097100109577e-01
1.292393277657470474e+00,1.557962097100109577e-01
1.292393277657470474e+00,1.557962097100109577e-01
1.123123403982956292e+00,4.535105936058575482e-03
1.123123403982956292e+00,4.535105936058575482e-03
1.123123403982956292e+00,4.535105936058575482e-03
1.123123403982956292e+00,4.535105936058575482e-03
1.123123403982956292e+00,4.535105936058575482e-03
1.305852549838858900e+00,9.047452620832076298e-02
1.305852549838858900e+00,9.047452620832076298e-02
1.305852549838858900e+00,9.047452620832076298e-02
1.305852549838858900e+00,9.047452620832076298e-02
1.305852549838858900e+00,9.047452620832076298e-02
1.158939787367071261e+00,-1.176060943788521940e-02
1.158939787367071261e+00,-1.176060943788521940e-02
1.158939787367071261e+00,-1.176060943788521940e-02
1.158939787367071261e+00,-1.176060943788521940e-02
1.257064303693042895e+00,-5.836523134184756767e-02
1.183868317238094159e+00,-2.800040574867986021e-02
1.183868317238094159e+00,-2.800040574867986021e-02
1.223884631785096211e+00,1.879063498535840648e-01
1.223884631785096211e+00,1.879063498535840648e-01
1.104640722017701693e+00,1.325669627589469712e-01
1.104640722017701693e+00,1.325669627589469712e-01
1.104640722017701693e+00,1.325669627589469712e-01
1.104640722017701693e+00,1.325669627589469712e-01
1.104640722017701693e+00,1.325669627589469712e-01
1.104640722017701693e+00,1.325669627589469712e-01
1.104640722017701693e+00,1.325669627589469712e-01
1.254611028470979939e+00,4.731269444068708641e-03
1.254611028470979939e+00,4.731269444068708641e-03
1.254611028470979939e+00,4.731269444068708641e-03
1.254611028470979939e+00,4.731269444068708641e-03
1.254611028470979939e+00,4.731269444068708641e-03
1.155381877225176046e+00,7.868428033634494723e-02
1.155381877225176046e+00,7.868428033634494723e-02
1.254520865917143402e+00,6.137979072562649296e-02
1.254520865917143402e+00,6.137979072562649296e-02
1.325403059940691630e+00,1.066313870495616822e-01
1.325403059940691630e+00,1.066313870495616822e-01
1.317100221793456649e+00,-4.845840249394287036e-02
1.388738442688627339e+00,5.631734834910037679e-02
1.388738442688627339e+00,5.631734834910037679e-02
1.388738442688627339e+00,5.631734834910037679e-02
1.127973371245473144e+00,-1.816354040596444008e-01
1.424401123613803888e+00,-2.321353687571121871e-01
1.424401123613803888e+00,-2.321353687571121871e-01
1.424401123613803888e+00,-2.321353687571121871e-01
1.560951188468746142e+00,-2.033699452079482106e-02
1.560951188468746142e+00,-2.033699452079482106e-02
1.560951188468746142e+00,-2.033699452079482106e-02
1.362913115735260750e+00,1.877158887436475992e-02
1.422845612920304204e+00,-1.737780439348975137e-03
1.456617564656439878e+00,-6.582503403596004499e-02
1.398743635895677961e+00,-1.836724931098527858e-01
1.398743635895677961e+00,-1.836724931098527858e-01
1.391040394884281550e+00,-1.669944613010476420e-01
1.469522722584458929e+00,4.134948688718478871e-02
1.469522722584458929e+00,4.134948688718478871e-02
1.469522722584458929e+00,4.134948688718478871e-02
1.469522722584458929e+00,4.134948688718478871e-02
1.359280712335098507e+00,-8.288502996294301595e-02
1.359280712335098507e+00,-8.288502996294301595e-02
1.272976925516774660e+00,1.229020724210092008e-02
1.272976925516774660e+00,1.229020724210092008e-02
1.272976925516774660e+00,1.229020724210092008e-02
1.272976925516774660e+00,1.229020724210092008e-02
1.252204391174536857e+00,3.315135385809973856e-02
1.252204391174536857e+00,3.315135385809973856e-02
1.252204391174536857e+00,3.315135385809973856e-02
1.252204391174536857e+00,3.315135385809973856e-02
1.252204391174536857e+00,3.315135385809973856e-02
1.252204391174536857e+00,3.315135385809973856e-02
1.252204391174536857e+00,3.315135385809973856e-02
1.281128732036555196e+00,7.827533990366131178e-02
1.281128732036555196e+00,7.827533990366131178e-02
1.281128732036555196e+00,7.827533990366131178e-02
1.169390080172981961e+00,6.344385995308839121e-02
1.169390080172981961e+00,6.344385995308839121e-02
1.169390080172981961e+00,6.344385995308839121e-02
1.169390080172981961e+00,6.344385995308839121e-02
1.169390080172981961e+00,6.344385995308839121e-02
1.016146032449781078e+00,1.230601728166409725e-02
1.016146032449781078e+00,1.230601728166409725e-02
1.057426669704486066e+00,3.307528785673923000e-02
1.228876017180068780e+00,-1.541952364508742956e-01
1.228876017180068780e+00,-1.541952364508742956e-01
1.228876017180068780e+00,-1.541952364508742956e-01
1.203757774820318538e+00,-1.070756892163273466e-01
1.306826840083451513e+00,-1.766351726643167197e-02
1.306826840083451513e+00,-1.766351726643167197e-02
1.306826840083451513e+00,-1.766351726643167197e-02
1.306826840083451513e+00,-1.766351726643167197e-02
1.306826840083451513e+00,-1.766351726643167197e-02
1.306826840083451513e+00,-1.766351726643167197e-02
1.267733512389046524e+00,4.972388456580217886e-02
1.267733512389046524e+00,4.972388456580217886e-02
1.127952447670931280e+00,-2.236978376684692349e-02
1.169941699278030711e+00,-1.082935225339926449e-01
1.258067939951529102e+00,1.249902570473904045e-01
1.258067939951529102e+00,1.249902570473904045e-01
1.258067939951529102e+00,1.249902570473904045e-01
1.258067939951529102e+00,1.249902570473904045e-01
1.258067939951529102e+00,1.249902570473904045e-01
1.258067939951529102e+00,1.249902570473904045e-01
1.258067939951529102e+00,1.249902570473904045e-01
1.258067939951529102e+00,1.249902570473904045e-01
1.319276148664183523e+00,-1.930519361850477345e-01
1.319276148664183523e+00,-1.930519361850477345e-01
1.319276148664183523e+00,-1.930519361850477345e-01
1.283091337502636931e+00,3.654492735862566177e-02
1.514829796458107669e+00,2.341702221581393184e-03
1.204228553565654281e+00,1.366834623276618754e-01
1.204228553565654281e+00,1.366834623276618754e-01
1.206691603210878760e+00,1.531077888216189620e-01
1.206691603210878760e+00,1.531077888216189620e-01
1.047429571508195600e+00,3.202083900568895025e-01
1.047429571508195600e+00,3.202083900568895025e-01
1.047429571508195600e+00,3.202083900568895025e-01
1.116837353836465763e+00,3.519250753219917982e-01
1.116837353836465763e+00,3.519250753219917982e-01
9.530811625007442611e-01,1.579756999891333002e-01
9.530811625007442611e-01,1.579756999891333002e-01
9.530811625007442611e-01,1.579756999891333002e-01
1.200698783453440832e+00,2.046794368787802632e-01
1.302550104259365238e+00,7.273075146866037066e-03
1.302550104259365238e+00,7.273075146866037066e-03
1.302550104259365238e+00,7.273075146866037066e-03
1.302550104259365238e+00,7.273075146866037066e-03
1.302550104259365238e+00,7.273075146866037066e-03
1.498772230298991204e+00,1.254258001944727648e-03
1.543883572619842770e+00,6.969740623330493434e-03
1.543883572619842770e+00,6.969740623330493434e-03
1.543883572619842770e+00,6.969740623330493434e-03
1.444550517582036564e+00,1.377217537319814222e-01
1.253209044089271362e+00,2.091963898485493800e-01
1.359521326539733233e+00,-1.122516878242555416e-01
1.359521326539733233e+00,-1.122516878242555416e-01
1.359521326539733233e+00,-1.122516878242555416e-01
1.359521326539733233e+00,-1.122516878242555416e-01
1.388053681492102065e+00,-1.159816001365064353e-01
1.388053681492102065e+00,-1.159816001365064353e-01
1.388053681492102065e+00,-1.159816001365064353e-01
1.388053681492102065e+00,-1.159816001365064353e-01
1.423005115686579503e+00,-2.487429835189914340e-01
1.461909172926511680e+00,-2.132533385552675687e-01
1.378860143957884477e+00,-1.034362502881911450e-01
1.378860143957884477e+00,-1.034362502881911450e-01
1.287742839406018192e+00,4.016652519249430675e-03
1.344322370444205328e+00,8.760797110474668331e-03
1.240682050687139881e+00,-2.301795596776081906e-02
1.240682050687139881e+00,-2.301795596776081906e-02
1.205930492117666564e+00,4.486498281609407890e-03
1.205930492117666564e+00,4.486498281609407890e-03
1.205930492117666564e+00,4.486498281609407890e-03
1.037766642655475691e+00,9.107272488693575474e-02
1.037766642655475691e+00,9.107272488693575474e-02
1.144116359126395643e+00,2.021966034340152985e-02
1.257212385468750693e+00,3.139463293790216436e-02
1.257212385468750693e+00,3.139463293790216436e-02
1.257212385468750693e+00,3.139463293790216436e-02
1.257212385468750693e+00,3.139463293790216436e-02
1.257212385468750693e+00,3.139463293790216436e-02
1.400547505641817958e+00,-5.805591932995443627e-04
1.400547505641817958e+00,-5.805591932995443627e-04
1.402336692523520334e+00,1.556538598370612314e-01
1.195971542986056679e+00,3.668091534621827077e-02
1.195971542986056679e+00,3.668091534621827077e-02
1.195971542986056679e+00,3.668091534621827077e-02
1.195971542986056679e+00,3.668091534621827077e-02
1.195971542986056679e+00,3.668091534621827077e-02
1.370305644887130025e+00,3.815185225942379493e-02
1.370305644887130025e+00,3.815185225942379493e-02
1.370305644887130025e+00,3.815185225942379493e-02
1.370305644887130025e+00,3.815185225942379493e-02
1.370305644887130025e+00,3.815185225942379493e-02
1.370305644887130025e+00,3.815185225942379493e-02
1.370305644887130025e+00,3.815185225942379493e-02
1.370305644887130025e+00,3.815185225942379493e-02
1.195637012637779106e+00,6.865679154460511968e-02
1.195637012637779106e+00,6.865679154460511968e-02
1.103197820867245715e+00,1.211168179588754112e-01
1.053798189636272475e+00,8.350731531669583485e-03
1.053798189636272475e+00,8.350731531669583485e-03
1.053798189636272475e+00,8.350731531669583485e-03
1.053798189636272475e+00,8.350731531669583485e-03
1.129482833190890823e+00,8.585411528257189118e-02
1.185111075056054064e+00,8.550874784409709384e-02
1.185111075056054064e+00,8.550874784409709384e-02
1.185111075056054064e+00,8.550874784409709384e-02
1.318282772153350102e+00,6.643209400294086686e-02
1.312514350496275517e+00,6.913550092648487744e-02
1.202627817853835435e+00,1.486190532055728930e-01
1.047531742131186938e+00,9.864138456877530325e-03
1.047531742131186938e+00,9.864138456877530325e-03
1.047531742131186938e+00,9.864138456877530325e-03
1.047531742131186938e+00,9.864138456877530325e-03
1.047531742131186938e+00,9.864138456877530325e-03
1.086233064511785917e+00,-1.560906743174675371e-01
1.279605310800285833e+00,-7.327901777681866680e-02
1.279605310800285833e+00,-7.327901777681866680e-02
1.279605310800285833e+00,-7.327901777681866680e-02
1.357923003932472339e+00,-1.362899261786984506e-01
1.357923003932472339e+00,-1.362899261786984506e-01
1.357923003932472339e+00,-1.362899261786984506e-01
1.357923003932472339e+00,-1.362899261786984506e-01
1.426486603762516792e+00,-7.439842862598869400e-02
1.387810100955504389e+00,-1.118307695585192552e-01
1.387810100955504389e+00,-1.118307695585192552e-01
1.387810100955504389e+00,-1.118307695585192552e-01
1.387810100955504389e+00,-1.118307695585192552e-01
1.387810100955504389e+00,-1.118307695585192552e-01
1.449188386354538061e+00,-8.565745346512913805e-02
1.250621582172562363e+00,-1.890283949597827695e-01
1.171946310536847502e+00,-2.309973026201803115e-02
1.171946310536847502e+00,-2.309973026201803115e-02
1.188147841745312849e+00,-1.007817512505643776e-01
1.188147841745312849e+00,-1.007817512505643776e-01
1.188147841745312849e+00,-1.007817512505643776e-01
1.188147841745312849e+00,-1.007817512505643776e-01
1.188147841745312849e+00,-1.007817512505643776e-01
1.156348950403678133e+00,9.635796903213211806e-02
1.102907079505803800e+00,7.109747863929867517e-02
1.229908857694837820e+00,1.058836605557514077e-01
1.280193070591404636e+00,4.469176121101955945e-02
1.226241083887696481e+00,-8.744749913675582687e-03
1.193408444949497049e+00,1.856640382796652111e-01
1.193408444949497049e+00,1.856640382796652111e-01
1.193408444949497049e+00,1.856640382796652111e-01
1.193408444949497049e+00,1.856640382796652111e-01
1.193408444949497049e+00,1.856640382796652111e-01
1.193408444949497049e+00,1.856640382796652111e-01
1.193408444949497049e+00,1.856640382796652111e-01
1.263248132847815342e+00,1.480722396793664464e-01
1.263248132847815342e+00,1.480722396793664464e-01
1.263248132847815342e+00,1.480722396793664464e-01
1.263248132847815342e+00,1.480722396793664464e-01
1.263248132847815342e+00,1.480722396793664464e-01
1.263248132847815342e+00,1.480722396793664464e-01
1.151448031427131591e+00,1.360409889018757978e-01
1.151448031427131591e+00,1.360409889018757978e-01
1.442158281867305547e+00,7.574447059515546088e-02
1.376205719193907662e+00,1.162434335209667491e-01
1.254464126047797334e+00,1.085580300834948497e-01
1.254464126047797334e+00,1.085580300834948497e-01
1.161685342408770083e+00,5.637923731748267775e-02
1.161685342408770083e+00,5.637923731748267775e-02
1.161685342408770083e+00,5.637923731748267775e-02
1.161685342408770083e+00,5.637923731748267775e-02
1.161685342408770083e+00,5.637923731748267775e-02
1.161685342408770083e+00,5.637923731748267775e-02
1.192196163989723834e+00,6.026906269334402627e-02
1.051619857092174870e+00,2.086984518484946705e-01
1.452312820581499908e+00,7.156833005999202468e-02
1.452312820581499908e+00,7.156833005999202468e-02
1.452312820581499908e+00,7.156833005999202468e-02
1.452312820581499908e+00,7.156833005999202468e-02
1.452312820581499908e+00,7.156833005999202468e-02
1.105655143196371926e+00,-1.304981173347523893e-01
1.176728476989198136e+00,-2.598887497808167746e-01
1.176728476989198136e+00,-2.598887497808167746e-01
1.176728476989198136e+00,-2.598887497808167746e-01
1.307258795899291171e+00,-9.679293210368980493e-02
1.307258795899291171e+00,-9.679293210368980493e-02
1.557646836701198190e+00,-1.371311237503103353e-02
1.557646836701198190e+00,-1.371311237503103353e-02
1.557646836701198190e+00,-1.371311237503103353e-02
1.506869957224001411e+00,-7.014033804542670059e-02
1.506869957224001411e+00,-7.014033804542670059e-02
1.506869957224001411e+00,-7.014033804542670059e-02
1.506869957224001411e+00,-7.014033804542670059e-02
1.506869957224001411e+00,-7.014033804542670059e-02
1.506869957224001411e+00,-7.014033804542670059e-02
1.453648718461378886e+00,-9.589102784324771145e-02
1.416197123885833742e+00,7.117395689851263585e-02
1.416197123885833742e+00,7.117395689851263585e-02
1.416197123885833742e+00,7.117395689851263585e-02
1.281151137305693188e+00,1.952314829084488834e-01
1.281151137305693188e+00,1.952314829084488834e-01
1.211577481535206724e+00,2.762047795870634093e-01
1.211577481535206724e+00,2.762047795870634093e-01
1.211577481535206724e+00,2.762047795870634093e-01
1.270841191211713683e+00,1.487618692347734140e-01
1.270841191211713683e+00,1.487618692347734140e-01
1.367236053775035654e+00,5.081924327521626650e-02
1.367236053775035654e+00,5.081924327521626650e-02
1.137870864468044418e+00,-6.387148023745842229e-02
1.137870864468044418e+00,-6.387148023745842229e-02
1.222683912779646054e+00,1.104939623762185574e-01
1.350585333603801175e+00,-2.906645788234968331e-02
1.350585333603801175e+00,-2.906645788234968331e-02
1.019695638714672503e+00,-2.198085816622509514e-01
1.027372133775694696e+00,-1.631183696104987202e-01
1.027372133775694696e+00,-1.631183696104987202e-01
1.131460803790331093e+00,-2.766311325163502977e-01
1.101788761168582154e+00,-7.462732166710212001e-02
1.101788761168582154e+00,-7.462732166710212001e-02
1.165098471817180847e+00,-5.674201238838603306e-02
1.165098471817180847e+00,-5.674201238838603306e-02
1.244258964516482768e+00,-2.366111059728627508e-02
1.244258964516482768e+00,-2.366111059728627508e-02
1.244258964516482768e+00,-2.366111059728627508e-02
1.244258964516482768e+00,-2.366111059728627508e-02
1.244258964516482768e+00,-2.366111059728627508e-02
1.244258964516482768e+00,-2.366111059728627508e-02
1.244258964516482768e+00,-2.366111059728627508e-02
1.244258964516482768e+00,-2.366111059728627508e-02
1.365624819272641899e+00,-4.112932550241692187e-02
1.365624819272641899e+00,-4.112932550241692187e-02
1.365624819272641899e+00,-4.112932550241692187e-02
1.365624819272641899e+00,-4.112932550241692187e-02
1.164835216447372090e+00,4.301306981509825378e-02
1.164835216447372090e+00,4.301306981509825378e-02
1.154505459659040278e+00,-6.367123787963700765e-02
1.154505459659040278e+00,-6.367123787963700765e-02
1.154505459659040278e+00,-6.367123787963700765e-02
1.154505459659040278e+00,-6.367123787963700765e-02
1.154505459659040278e+00,-6.367123787963700765e-02
1.154505459659040278e+00,-6.367123787963700765e-02
1.154505459659040278e+00,-6.367123787963700765e-02
1.154505459659040278e+00,-6.367123787963700765e-02
1.154505459659040278e+00,-6.367123787963700765e-02
1.154505459659040278e+00,-6.367123787963700765e-02
1.154505459659040278e+00,-6.367123787963700765e-02
1.481417278560389850e+00,2.544075884702064194e-02
1.382323302486739180e+00,6.513064279284490332e-03
1.265654122192680031e+00,-8.069167153658060587e-02
1.265654122192680031e+00,-8.069167153658060587e-02
1.265654122192680031e+00,-8.069167153658060587e-02
1.387057348303714743e+00,-1.145564420969350794e-01
1.387057348303714743e+00,-1.145564420969350794e-01
1.160043920970867060e+00,5.251047843264727844e-02
1.426179645029153731e+00,-5.943447364454228221e-03
1.301023936950374882e+00,3.718390812499279552e-02
1.144324755933309623e+00,-1.121940319555653903e-01
1.223532695025937977e+00,8.501906205912078407e-02
1.172772399298159574e+00,-1.173284832306319553e-01
1.088971483761873360e+00,-8.167820148098456357e-02
1.415944394955312324e+00,5.587835043694258652e-02
1.262990933969421414e+00,3.306441678784851484e-02
1.262990933969421414e+00,3.306441678784851484e-02
1.262990933969421414e+00,3.306441678784851484e-02
1.262990933969421414e+00,3.306441678784851484e-02
1.262990933969421414e+00,3.306441678784851484e-02
1.256619808393322435e+00,-1.248034549634683688e-01
1.256619808393322435e+00,-1.248034549634683688e-01
1.256619808393322435e+00,-1.248034549634683688e-01
1.124997000738271247e+00,1.193110867730062807e-01
1.124997000738271247e+00,1.193110867730062807e-01
1.124997000738271247e+00,1.193110867730062807e-01
1.124997000738271247e+00,1.193110867730062807e-01
1.124997000738271247e+00,1.193110867730062807e-01
1.124997000738271247e+00,1.193110867730062807e-01
1.124997000738271247e+00,1.193110867730062807e-01
1.124997000738271247e+00,1.193110867730062807e-01
1.303796108294587031e+00,9.342972429349927221e-02
1.303796108294587031e+00,9.342972429349927221e-02
1.296839061299247975e+00,4.356135463793466001e-02
1.218680938815816406e+00,-5.523760283690234973e-02
1.218680938815816406e+00,-5.523760283690234973e-02
1.132541825700696503e+00,-1.119655130966796530e-01
1.223874040030713983e+00,-1.965334897344923060e-01
1.200284205597750509e+00,-1.140344499132548983e-01
1.200284205597750509e+00,-1.140344499132548983e-01
1.200284205597750509e+00,-1.140344499132548983e-01
1.200284205597750509e+00,-1.140344499132548983e-01
1.200284205597750509e+00,-1.140344499132548983e-01
1.200284205597750509e+00,-1.140344499132548983e-01
1.224390375773283690e+00,5.259365334028043293e-02
1.224390375773283690e+00,5.259365334028043293e-02
1.122676020370886762e+00,-9.952802622146014744e-02
1.122676020370886762e+00,-9.952802622146014744e-02
1.356630682377040431e+00,-1.453440707098374585e-01
1.356630682377040431e+00,-1.453440707098374585e-01
1.387205080444635419e+00,-1.189652561590850283e-01
1.186086785847418446e+00,5.969096554096074703e-02
1.186086785847418446e+00,5.969096554096074703e-02
1.186086785847418446e+00,5.969096554096074703e-02
1.137116786095565768e+00,9.411493265118453522e-02
1.137116786095565768e+00,9.411493265118453522e-02
1.137116786095565768e+00,9.411493265118453522e-02
1.218803681686880136e+00,1.128299082658854313e-01
1.277539036073068068e+00,1.131092995049105404e-01
1.277539036073068068e+00,1.131092995049105404e-01
1.277539036073068068e+00,1.131092995049105404e-01
1.277539036073068068e+00,1.131092995049105404e-01
1.277539036073068068e+00,1.131092995049105404e-01
1.277539036073068068e+00,1.131092995049105404e-01
1.208549941211763512e+00,-2.364577168956559505e-02
1.106545656640424813e+00,-5.688530788403629856e-02
1.106545656640424813e+00,-5.688530788403629856e-02
1.107257653888010340e+00,-4.633233102645737539e-02
1.395479940995763446e+00,-6.843139830923126998e-03
1.164326186722495882e+00,8.125645208675277495e-03
1.164326186722495882e+00,8.125645208675277495e-03
1.274270183379762944e+00,-1.467266716431736839e-01
1.292790740310786113e+00,-7.552934366802091515e-02
1.233220062833335628e+00,-1.154368738743653811e-01
1.233220062833335628e+00,-1.154368738743653811e-01
1.108149389262960138e+00,1.011129236624057348e-01
1.108149389262960138e+00,1.011129236624057348e-01
1.108149389262960138e+00,1.011129236624057348e-01
1.108149389262960138e+00,1.011129236624057348e-01
1.264111821220382570e+00,2.330679227761167649e-02
1.264111821220382570e+00,2.330679227761167649e-02
1.264111821220382570e+00,2.330679227761167649e-02
1.264111821220382570e+00,2.330679227761167649e-02
1.264111821220382570e+00,2.330679227761167649e-02
1.264111821220382570e+00,2.330679227761167649e-02
1.264111821220382570e+00,2.330679227761167649e-02
1.264111821220382570e+00,2.330679227761167649e-02
1.103416637923815280e+00,-6.850815730911780088e-02
1.232554396264062158e+00,-2.818862478243415182e-01
1.407501850877331151e+00,-6.504280261989664469e-02
1.407501850877331151e+00,-6.504280261989664469e-02
1.407501850877331151e+00,-6.504280261989664469e-02
1.320317789836658928e+00,1.092508366319574764e-01
1.320317789836658928e+00,1.092508366319574764e-01
1.320317789836658928e+00,1.092508366319574764e-01
1.320317789836658928e+00,1.092508366319574764e-01
1.293078640376918553e+00,5.581733746083587799e-02
1.305574334538242010e+00,7.387341223156346226e-04
1.305574334538242010e+00,7.387341223156346226e-04
1.305574334538242010e+00,7.387341223156346226e-04
1.305574334538242010e+00,7.387341223156346226e-04
1.305574334538242010e+00,7.387341223156346226e-04
1.305574334538242010e+00,7.387341223156346226e-04
1.305574334538242010e+00,7.387341223156346226e-04
1.305574334538242010e+00,7.387341223156346226e-04
1.305574334538242010e+00,7.387341223156346226e-04
1.385919373727220183e+00,2.731812368243349484e-02
1.385919373727220183e+00,2.731812368243349484e-02
1.385919373727220183e+00,2.731812368243349484e-02
1.385919373727220183e+00,2.731812368243349484e-02
1.385919373727220183e+00,2.731812368243349484e-02
1.299793934960782105e+00,7.214337803472690991e-02
1.299793934960782105e+00,7.214337803472690991e-02
1.299793934960782105e+00,7.214337803472690991e-02
1.299793934960782105e+00,7.214337803472690991e-02
1.299793934960782105e+00,7.214337803472690991e-02
1.381860806642806638e+00,5.070579933773858988e-02
1.381860806642806638e+00,5.070579933773858988e-02
1.381860806642806638e+00,5.070579933773858988e-02
1.497985335792496819e+00,-2.994050462815874003e-03
1.497985335792496819e+00,-2.994050462815874003e-03
1.497985335792496819e+00,-2.994050462815874003e-03
1.497985335792496819e+00,-2.994050462815874003e-03
1.555399948515106878e+00,2.250900698155753471e-02
1.555399948515106878e+00,2.250900698155753471e-02
1.529411599598794691e+00,2.925437354241183091e-02
1.529411599598794691e+00,2.925437354241183091e-02
1.529411599598794691e+00,2.925437354241183091e-02
1.529411599598794691e+00,2.925437354241183091e-02
1.529525813577368387e+00,4.058430038260051748e-02
1.529525813577368387e+00,4.058430038260051748e-02
1.492367733199605251e+00,1.178874676946931599e-01
1.530237327811650561e+00,1.495718326424590183e-02
1.530237327811650561e+00,1.495718326424590183e-02
1.423929035229487772e+00,1.661267088768375033e-01
1.175305273906897874e+00,1.509717474321491115e-01
1.175305273906897874e+00,1.509717474321491115e-01
1.175305273906897874e+00,1.509717474321491115e-01
1.175305273906897874e+00,1.509717474321491115e-01
1.221751632233929019e+00,8.751618598351489087e-02
1.221751632233929019e+00,8.751618598351489087e-02
1.221751632233929019e+00,8.751618598351489087e-02
1.221751632233929019e+00,8.751618598351489087e-02
1.221751632233929019e+00,8.751618598351489087e-02
1.221751632233929019e+00,8.751618598351489087e-02
1.296150337308462630e+00,7.400429500972721675e-02
1.296150337308462630e+00,7.400429500972721675e-02
1.296150337308462630e+00,7.400429500972721675e-02
1.296150337308462630e+00,7.400429500972721675e-02
1.296150337308462630e+00,7.400429500972721675e-02
1.441174029180168237e+00,1.267517112959880565e-01
1.441174029180168237e+00,1.267517112959880565e-01
1.441174029180168237e+00,1.267517112959880565e-01
1.393160383974464178e+00,2.702476715079023262e-02
1.393160383974464178e+00,2.702476715079023262e-02
1.393160383974464178e+00,2.702476715079023262e-02
1.393160383974464178e+00,2.702476715079023262e-02
1.393160383974464178e+00,2.702476715079023262e-02
1.393160383974464178e+00,2.702476715079023262e-02
1.176987556005500313e+00,4.849880305389610291e-02
1.176987556005500313e+00,4.849880305389610291e-02
1.176987556005500313e+00,4.849880305389610291e-02
1.139560833461787270e+00,6.035729584336693015e-02
1.139560833461787270e+00,6.035729584336693015e-02
1.139560833461787270e+00,6.035729584336693015e-02
1.139560833461787270e+00,6.035729584336693015e-02
1.139560833461787270e+00,6.035729584336693015e-02
1.151661055789031662e+00,-8.988362780369218985e-02
1.151661055789031662e+00,-8.988362780369218985e-02
1.151661055789031662e+00,-8.988362780369218985e-02
1.151661055789031662e+00,-8.988362780369218985e-02
1.151661055789031662e+00,-8.988362780369218985e-02
1.117393588748781363e+00,1.643211920737527865e-01
1.296867904018994100e+00,-1.927334827341144474e-01
1.440544754507763425e+00,-1.281428060926720347e-01
1.110718290960945431e+00,2.281397894175971053e-02
1.110718290960945431e+00,2.281397894175971053e-02
1.110718290960945431e+00,2.281397894175971053e-02
1.110718290960945431e+00,2.281397894175971053e-02
1.044170233414119853e+00,-1.794413942607859525e-01
1.044170233414119853e+00,-1.794413942607859525e-01
1.180607366973605687e+00,-1.341351337977757241e-01
1.180607366973605687e+00,-1.341351337977757241e-01
1.185586425806387734e+00,-1.876664261340150464e-01
1.185586425806387734e+00,-1.876664261340150464e-01
1.227947991546363804e+00,6.526729790564234079e-03
1.296819607002484664e+00,-5.681103528076399123e-02
1.296819607002484664e+00,-5.681103528076399123e-02
1.296819607002484664e+00,-5.681103528076399123e-02
1.296819607002484664e+00,-5.681103528076399123e-02
1.296819607002484664e+00,-5.681103528076399123e-02
1.295836127136407612e+00,2.548688346840990993e-02
1.401040200002890534e+00,1.379763156482319009e-01
1.275991109806916546e+00,-1.560302239570462157e-01
1.064405344741475634e+00,-1.349786527184816676e-01
1.089289244407691148e+00,3.807922498895596752e-02
1.473093088234512127e+00,-1.117764186881212984e-01
1.473093088234512127e+00,-1.117764186881212984e-01
1.338911126712424737e+00,-1.309684953700051835e-01
1.338911126712424737e+00,-1.309684953700051835e-01
1.338911126712424737e+00,-1.309684953700051835e-01
1.338911126712424737e+00,-1.309684953700051835e-01
1.267897439023846218e+00,1.355100086455932884e-01
1.267897439023846218e+00,1.355100086455932884e-01
1.267897439023846218e+00,1.355100086455932884e-01
1.267897439023846218e+00,1.355100086455932884e-01
1.267897439023846218e+00,1.355100086455932884e-01
1.267897439023846218e+00,1.355100086455932884e-01
1.319925460118537064e+00,1.570859502266540586e-01
1.319925460118537064e+00,1.570859502266540586e-01
1.269946264257721502e+00,1.494959181348524402e-01
1.270375423096853362e+00,3.570598430878655360e-01
1.270375423096853362e+00,3.570598430878655360e-01
1.270375423096853362e+00,3.570598430878655360e-01
1.104509708249254540e+00,1.815070047079538340e-01
1.104509708249254540e+00,1.815070047079538340e-01
1.104509708249254540e+00,1.815070047079538340e-01
1.147157656200829212e+00,8.730360485331740972e-02
1.237695470443181733e+00,3.410006383384173168e-02
1.237695470443181733e+00,3.410006383384173168e-02
1.212976360907271678e+00,7.053718543357706539e-02
1.212976360907271678e+00,7.053718543357706539e-02
1.102066223716019477e+00,3.225423522596295584e-02
1.102066223716019477e+00,3.225423522596295584e-02
1.140665575175407120e+00,1.359511282026351978e-02
1.140665575175407120e+00,1.359511282026351978e-02
1.140665575175407120e+00,1.359511282026351978e-02
1.140665575175407120e+00,1.359511282026351978e-02
1.140665575175407120e+00,1.359511282026351978e-02
1.140665575175407120e+00,1.359511282026351978e-02
1.170985383940142732e+00,-3.159955764591913796e-02
1.261170252611636622e+00,1.707752013879848541e-02
1.261170252611636622e+00,1.707752013879848541e-02
1.163859997425883863e+00,1.345490958561738337e-01
1.211499953645937211e+00,1.231548699093798493e-02
1.211499953645937211e+00,1.231548699093798493e-02
1.211499953645937211e+00,1.231548699093798493e-02
1.211499953645937211e+00,1.231548699093798493e-02
1.211499953645937211e+00,1.231548699093798493e-02
1.192554728479328530e+00,1.291323066602956537e-01
1.192554728479328530e+00,1.291323066602956537e-01
1.192554728479328530e+00,1.291323066602956537e-01
1.191306765614098984e+00,9.658400295653507550e-02
1.237563632430838334e+00,-1.431051029450734480e-01
1.237563632430838334e+00,-1.431051029450734480e-01
1.145024272721779868e+00,-2.094928370051452049e-01
1.145024272721779868e+00,-2.094928370051452049e-01
1.269734898557187908e+00,-2.329577719229697086e-01
1.223868630627109821e+00,-2.431670922418664726e-01
1.223868630627109821e+00,-2.431670922418664726e-01
1.289699319869408889e+00,-4.986713188312633105e-02
1.289699319869408889e+00,-4.986713188312633105e-02
1.289699319869408889e+00,-4.986713188312633105e-02
1.289699319869408889e+00,-4.986713188312633105e-02
1.289699319869408889e+00,-4.986713188312633105e-02
1.289699319869408889e+00,-4.986713188312633105e-02
1.214453307048901420e+00,1.020374595559231379e-01
1.214453307048901420e+00,1.020374595559231379e-01
1.214453307048901420e+00,1.020374595559231379e-01
1.370060249813208841e+00,-1.062832749777190278e-01
1.370060249813208841e+00,-1.062832749777190278e-01
1.370060249813208841e+00,-1.062832749777190278e-01
1.361205439772452674e+00,-1.109226547492758452e-01
1.361205439772452674e+00,-1.109226547492758452e-01
1.361205439772452674e+00,-1.109226547492758452e-01
1.193896299849828146e+00,-1.437244694963274450e-02
1.152787204208625349e+00,8.368613625656658173e-02
1.152787204208625349e+00,8.368613625656658173e-02
1.152787204208625349e+00,8.368613625656658173e-02
1.152787204208625349e+00,8.368613625656658173e-02
1.152787204208625349e+00,8.368613625656658173e-02
1.091571511098486713e+00,-8.502942646551293893e-02
1.091571511098486713e+00,-8.502942646551293893e-02
1.091571511098486713e+00,-8.502942646551293893e-02
1.038262903646835822e+00,-8.368421968544109690e-02
1.038262903646835822e+00,-8.368421968544109690e-02
1.190491839798669682e+00,-2.593714558573029239e-01
1.190491839798669682e+00,-2.593714558573029239e-01
9.967005861276196921e-01,3.718672619397567214e-03
9.967005861276196921e-01,3.718672619397567214e-03
1.111824210340450314e+00,1.571287250956074633e-01
1.111824210340450314e+00,1.571287250956074633e-01
1.287425082841253676e+00,-6.915151745272646311e-02
1.115946398660849548e+00,-9.284227775457770671e-02
1.115946398660849548e+00,-9.284227775457770671e-02
1.115946398660849548e+00,-9.284227775457770671e-02
1.115946398660849548e+00,-9.284227775457770671e-02
1.115946398660849548e+00,-9.284227775457770671e-02
1.386090335955020292e+00,2.146182671658701524e-02
1.386090335955020292e+00,2.146182671658701524e-02
1.386090335955020292e+00,2.146182671658701524e-02
1.386090335955020292e+00,2.146182671658701524e-02
1.264018176686024120e+00,-9.516343574865519794e-02
1.264018176686024120e+00,-9.516343574865519794e-02
1.264018176686024120e+00,-9.516343574865519794e-02
1.130113692614036047e+00,-9.954378164172736354e-02
1.130113692614036047e+00,-9.954378164172736354e-02
1.397885459458952706e+00,9.137434210092082454e-03
1.397885459458952706e+00,9.137434210092082454e-03
1.235923989739792672e+00,-1.928017474488948058e-02
1.235923989739792672e+00,-1.928017474488948058e-02
1.235923989739792672e+00,-1.928017474488948058e-02
1.305113955601554965e+00,-7.092912566820822051e-02
1.305113955601554965e+00,-7.092912566820822051e-02
1.305113955601554965e+00,-7.092912566820822051e-02
1.305113955601554965e+00,-7.092912566820822051e-02
1.305113955601554965e+00,-7.092912566820822051e-02
1.305113955601554965e+00,-7.092912566820822051e-02
1.321416371767677234e+00,-5.481852216702713665e-02
1.321416371767677234e+00,-5.481852216702713665e-02
1.321416371767677234e+00,-5.481852216702713665e-02
1.243582499344120240e+00,-1.872379905593548610e-01
1.243582499344120240e+00,-1.872379905593548610e-01
1.243582499344120240e+00,-1.872379905593548610e-01
1.146482149947975815e+00,7.191853460295888345e-02
1.242345883749430557e+00,1.107084182015271451e-02
1.242345883749430557e+00,1.107084182015271451e-02
1.242345883749430557e+00,1.107084182015271451e-02
1.124761963429128819e+00,1.008465233948457607e-01
1.124761963429128819e+00,1.008465233948457607e-01
1.346515589913538591e+00,-4.567110053322143148e-02
1.346515589913538591e+00,-4.567110053322143148e-02
1.346515589913538591e+00,-4.567110053322143148e-02
1.434149126787735540e+00,-3.537001188368830984e-02
1.434149126787735540e+00,-3.537001188368830984e-02
1.434149126787735540e+00,-3.537001188368830984e-02
1.434149126787735540e+00,-3.537001188368830984e-02
1.434149126787735540e+00,-3.537001188368830984e-02
1.447147864346677970e+00,7.553240871233803111e-03
1.337891412678505088e+00,1.036023837933859326e-01
1.322774363306348455e+00,8.670860411601877260e-02
1.322774363306348455e+00,8.670860411601877260e-02
1.322774363306348455e+00,8.670860411601877260e-02
1.322774363306348455e+00,8.670860411601877260e-02
1.322774363306348455e+00,8.670860411601877260e-02
1.322774363306348455e+00,8.670860411601877260e-02
1.109464336399303308e+00,-1.028460063207144726e-01
1.109464336399303308e+00,-1.028460063207144726e-01
1.162203494653348379e+00,-1.147575359311222010e-01
1.410003113375558392e+00,1.330436191099921284e-01
1.410003113375558392e+00,1.330436191099921284e-01
1.204885834243903275e+00,1.452691538389572767e-01
1.204885834243903275e+00,1.452691538389572767e-01
1.204885834243903275e+00,1.452691538389572767e-01
1.204885834243903275e+00,1.452691538389572767e-01
1.188960698919726555e+00,4.131498297159341693e-02
1.188960698919726555e+00,4.131498297159341693e-02
1.188960698919726555e+00,4.131498297159341693e-02
1.188960698919726555e+00,4.131498297159341693e-02
1.188960698919726555e+00,4.131498297159341693e-02
1.207050706941057205e+00,1.034862292936813283e-01
1.207050706941057205e+00,1.034862292936813283e-01
1.167829182756496387e+00,-2.303729699917363150e-02
1.387525114235303558e+00,-4.414157930162199150e-02
1.202083637312070907e+00,-1.419426970268557534e-02
1.210086400362274661e+00,-1.414141104195098531e-01
1.268225349564208404e+00,-1.028614464496195868e-01
1.268225349564208404e+00,-1.028614464496195868e-01
1.242827603854182339e+00,-6.161331649452300718e-02
1.375444604230734669e+00,7.916944144348647683e-02
1.256402093378321316e+00,8.969684932201522909e-02
1.206210508654518510e+00,6.308330356955697826e-02
1.206210508654518510e+00,6.308330356955697826e-02
1.243163352336850380e+00,6.664086378706442215e-02
1.272545338005388382e+00,-4.103450058960823876e-02
1.272545338005388382e+00,-4.103450058960823876e-02
1.272545338005388382e+00,-4.103450058960823876e-02
1.272545338005388382e+00,-4.103450058960823876e-02
1.272545338005388382e+00,-4.103450058960823876e-02
1.272545338005388382e+00,-4.103450058960823876e-02
1.272545338005388382e+00,-4.103450058960823876e-02
1.159001320346821462e+00,1.380843929338321785e-01
1.292488223220834564e+00,1.342235471366833299e-01
1.292488223220834564e+00,1.342235471366833299e-01
1.275605519977060620e+00,2.013436568751235112e-01
1.275605519977060620e+00,2.013436568751235112e-01
1.275605519977060620e+00,2.013436568751235112e-01
1.407731018807599765e+00,1.903821240397701731e-03
1.407731018807599765e+00,1.903821240397701731e-03
1.274863665314844408e+00,1.440906575828667657e-01
1.274863665314844408e+00,1.440906575828667657e-01
1.274863665314844408e+00,1.440906575828667657e-01
1.274863665314844408e+00,1.440906575828667657e-01
1.274863665314844408e+00,1.440906575828667657e-01
1.274863665314844408e+00,1.440906575828667657e-01
1.274863665314844408e+00,1.440906575828667657e-01
1.142562026931225994e+00,-1.058360471828921900e-01
1.142562026931225994e+00,-1.058360471828921900e-01
1.272005870383902559e+00,-4.058407584201211005e-02
1.268494332320444284e+00,1.101778535341114557e-01
1.268494332320444284e+00,1.101778535341114557e-01
1.268494332320444284e+00,1.101778535341114557e-01
1.268494332320444284e+00,1.101778535341114557e-01
1.268494332320444284e+00,1.101778535341114557e-01
1.268494332320444284e+00,1.101778535341114557e-01
1.268494332320444284e+00,1.101778535341114557e-01
1.268494332320444284e+00,1.101778535341114557e-01
1.268494332320444284e+00,1.101778535341114557e-01
1.348971374951664748e+00,4.612213476165449855e-02
1.348971374951664748e+00,4.612213476165449855e-02
1.348971374951664748e+00,4.612213476165449855e-02
1.348971374951664748e+00,4.612213476165449855e-02
1.348971374951664748e+00,4.612213476165449855e-02
1.348971374951664748e+00,4.612213476165449855e-02
1.348971374951664748e+00,4.612213476165449855e-02
1.316002092801657142e+00,4.627874315945526562e-02
1.316002092801657142e+00,4.627874315945526562e-02
1.316002092801657142e+00,4.627874315945526562e-02
1.316002092801657142e+00,4.627874315945526562e-02
1.316002092801657142e+00,4.627874315945526562e-02
1.278654482820620997e+00,3.323627418666267458e-02
1.278654482820620997e+00,3.323627418666267458e-02
1.278654482820620997e+00,3.323627418666267458e-02
1.278654482820620997e+00,3.323627418666267458e-02
1.278654482820620997e+00,3.323627418666267458e-02
1.175253061900884965e+00,-1.320878487158383685e-01
1.175253061900884965e+00,-1.320878487158383685e-01
1.175253061900884965e+00,-1.320878487158383685e-01
1.144239688383091202e+00,1.499299073401408333e-02
1.144239688383091202e+00,1.499299073401408333e-02
1.144239688383091202e+00,1.499299073401408333e-02
1.144239688383091202e+00,1.499299073401408333e-02
1.144239688383091202e+00,1.499299073401408333e-02
1.188085744156857304e+00,-1.807881379464710558e-01
1.188085744156857304e+00,-1.807881379464710558e-01
1.156382293366959191e+00,-2.111538748781889019e-01
1.383293339939736022e+00,-1.053431564452010499e-01
1.383293339939736022e+00,-1.053431564452010499e-01
1.383293339939736022e+00,-1.053431564452010499e-01
1.214931720705779261e+00,-1.066751976487032433e-01
1.214931720705779261e+00,-1.066751976487032433e-01
1.214931720705779261e+00,-1.066751976487032433e-01
1.269971683945145813e+00,-1.366901586389052126e-02
1.269971683945145813e+00,-1.366901586389052126e-02
1.269971683945145813e+00,-1.366901586389052126e-02
1.255745968715535010e+00,2.279461242589007203e-02
1.251863313143784850e+00,-6.676980635279584908e-03
1.348985296062525485e+00,-3.666754937671799081e-02
1.348985296062525485e+00,-3.666754937671799081e-02
1.348985296062525485e+00,-3.666754937671799081e-02
1.348985296062525485e+00,-3.666754937671799081e-02
1.048455129849962253e+00,7.309193624462792527e-02
1.032748050865785805e+00,5.027455170193859124e-03
1.059268830709325204e+00,1.247690217125594497e-01
1.059268830709325204e+00,1.247690217125594497e-01
1.059268830709325204e+00,1.247690217125594497e-01
1.059268830709325204e+00,1.247690217125594497e-01
1.175486684006868288e+00,2.670053716035139524e-02
1.175486684006868288e+00,2.670053716035139524e-02
1.175486684006868288e+00,2.670053716035139524e-02
1.175486684006868288e+00,2.670053716035139524e-02
1.175486684006868288e+00,2.670053716035139524e-02
1.175486684006868288e+00,2.670053716035139524e-02
1.175486684006868288e+00,2.670053716035139524e-02
1.175486684006868288e+00,2.670053716035139524e-02
1.175486684006868288e+00,2.670053716035139524e-02
1.175486684006868288e+00,2.670053716035139524e-02
1.175486684006868288e+00,2.670053716035139524e-02
1.175486684006868288e+00,2.670053716035139524e-02
1.175486684006868288e+00,2.670053716035139524e-02
1.175486684006868288e+00,2.670053716035139524e-02
1.175486684006868288e+00,2.670053716035139524e-02
1.175486684006868288e+00,2.670053716035139524e-02
1.175486684006868288e+00,2.670053716035139524e-02
1.175486684006868288e+00,2.670053716035139524e-02
1.175486684006868288e+00,2.670053716035139524e-02
1.175486684006868288e+00,2.670053716035139524e-02
1.175486684006868288e+00,2.670053716035139524e-02
1.302522551752669511e+00,-1.587312356656497281e-01
1.302522551752669511e+00,-1.587312356656497281e-01
1.302522551752669511e+00,-1.587312356656497281e-01
1.302522551752669511e+00,-1.587312356656497281e-01
1.302522551752669511e+00,-1.587312356656497281e-01
1.302522551752669511e+00,-1.587312356656497281e-01
1.302522551752669511e+00,-1.587312356656497281e-01
1.424010771446610590e+00,-9.091411135703943158e-02
1.444772574933786968e+00,5.395934025158662106e-02
1.444772574933786968e+00,5.395934025158662106e-02
1.444772574933786968e+00,5.395934025158662106e-02
1.324073924253002854e+00,3.644985367034116186e-02
1.324073924253002854e+00,3.644985367034116186e-02
1.152608576629411186e+00,-8.877541708651147390e-02
1.274435467227984953e+00,-4.745436530814517440e-02
1.287002224352655544e+00,-1.088638910797817966e-01
1.287002224352655544e+00,-1.088638910797817966e-01
1.287002224352655544e+00,-1.088638910797817966e-01
1.280526510834711251e+00,1.020056836874479872e-01
1.280526510834711251e+00,1.020056836874479872e-01
1.280526510834711251e+00,1.020056836874479872e-01
1.299045629522574963e+00,2.142774295164069642e-02
1.299045629522574963e+00,2.142774295164069642e-02
1.324093199518941333e+00,-5.063105491794166191e-02
1.200535518425051906e+00,2.260110828726887011e-02
1.200535518425051906e+00,2.260110828726887011e-02
1.200535518425051906e+00,2.260110828726887011e-02
1.519487426344239278e+00,-8.038441072151959743e-02
1.519487426344239278e+00,-8.038441072151959743e-02
1.502841274305603214e+00,2.196685302592664424e-02
1.502841274305603214e+00,2.196685302592664424e-02
1.502841274305603214e+00,2.196685302592664424e-02
1.427900953542518447e+00,-4.880248087005298330e-02
1.465696603690701760e+00,-1.605494422626901896e-01
1.465696603690701760e+00,-1.605494422626901896e-01
1.465696603690701760e+00,-1.605494422626901896e-01
1.343902679651236554e+00,-1.868153724590196352e-01
1.343902679651236554e+00,-1.868153724590196352e-01
1.343902679651236554e+00,-1.868153724590196352e-01
1.117708737848875922e+00,-2.076979287954952014e-01
1.103012344026081726e+00,-1.234965759181039791e-01
1.219312572851587007e+00,-3.894011331462400582e-02
1.219312572851587007e+00,-3.894011331462400582e-02
1.219312572851587007e+00,-3.894011331462400582e-02
1.219312572851587007e+00,-3.894011331462400582e-02
1.308315523458344121e+00,-5.170146250204614435e-02
1.308315523458344121e+00,-5.170146250204614435e-02
1.308315523458344121e+00,-5.170146250204614435e-02
1.213361227412742771e+00,5.474293068753856295e-02
1.199093711730024658e+00,-8.186453534223155082e-02
1.199093711730024658e+00,-8.186453534223155082e-02
1.199093711730024658e+00,-8.186453534223155082e-02
1.318880633256019008e+00,-3.094711042981045102e-02
1.318880633256019008e+00,-3.094711042981045102e-02
1.318880633256019008e+00,-3.094711042981045102e-02
1.318880633256019008e+00,-3.094711042981045102e-02
1.318880633256019008e+00,-3.094711042981045102e-02
1.318880633256019008e+00,-3.094711042981045102e-02
1.318880633256019008e+00,-3.094711042981045102e-02
1.318880633256019008e+00,-3.094711042981045102e-02
1.318880633256019008e+00,-3.094711042981045102e-02
1.318880633256019008e+00,-3.094711042981045102e-02
1.239609811102104109e+00,-1.077278680019492368e-01
1.346221704033055966e+00,-6.782825279927615081e-02
1.266761442400405224e+00,-5.414892816286281940e-02
1.266761442400405224e+00,-5.414892816286281940e-02
1.266761442400405224e+00,-5.414892816286281940e-02
1.266761442400405224e+00,-5.414892816286281940e-02
1.266761442400405224e+00,-5.414892816286281940e-02
1.017819524752346716e+00,-5.651042145727008803e-02
1.017819524752346716e+00,-5.651042145727008803e-02
1.017819524752346716e+00,-5.651042145727008803e-02
1.017819524752346716e+00,-5.651042145727008803e-02
9.496571345639820416e-01,-1.136941412455264033e-01
9.496571345639820416e-01,-1.136941412455264033e-01
1.125569151792658484e+00,-3.912275525169187085e-02
1.111071512244438564e+00,1.410864211085894465e-02
1.111071512244438564e+00,1.410864211085894465e-02
1.111071512244438564e+00,1.410864211085894465e-02
1.111071512244438564e+00,1.410864211085894465e-02
1.289717164230911983e+00,8.779450800910337804e-02
1.289717164230911983e+00,8.779450800910337804e-02
1.289717164230911983e+00,8.779450800910337804e-02
1.289717164230911983e+00,8.779450800910337804e-02
1.214275640375155119e+00,1.202330128398153841e-01
1.332624032065953701e+00,-6.436843598934452459e-02
1.332624032065953701e+00,-6.436843598934452459e-02
1.302180474988181569e+00,-1.106168342769789370e-03
1.302180474988181569e+00,-1.106168342769789370e-03
1.302180474988181569e+00,-1.106168342769789370e-03
1.314462765169473801e+00,1.290193908086093022e-01
1.177412510220981590e+00,2.992277028131903882e-02
1.267675816886071560e+00,2.878927221845410667e-02
1.267675816886071560e+00,2.878927221845410667e-02
1.267675816886071560e+00,2.878927221845410667e-02
1.267675816886071560e+00,2.878927221845410667e-02
1.433322900720064741e+00,1.570458047879886854e-01
1.433322900720064741e+00,1.570458047879886854e-01
1.494746456192134643e+00,8.913172154388991630e-02
1.494746456192134643e+00,8.913172154388991630e-02
1.431875227760872171e+00,-8.975340018802364928e-02
1.431875227760872171e+00,-8.975340018802364928e-02
1.431875227760872171e+00,-8.975340018802364928e-02
1.431875227760872171e+00,-8.975340018802364928e-02
1.431875227760872171e+00,-8.975340018802364928e-02
1.240942495126388989e+00,-2.283058305165304169e-01
1.339051658804349287e+00,-8.450070185395366917e-02
1.365859212117249255e+00,-8.608543895070271124e-02
1.360964353061730359e+00,-1.174198624166018778e-02
1.360964353061730359e+00,-1.174198624166018778e-02
1.360964353061730359e+00,-1.174198624166018778e-02
1.479553728391290068e+00,-4.399883150437450957e-02
1.479553728391290068e+00,-4.399883150437450957e-02
1.479553728391290068e+00,-4.399883150437450957e-02
1.479553728391290068e+00,-4.399883150437450957e-02
1.479553728391290068e+00,-4.399883150437450957e-02
1.479553728391290068e+00,-4.399883150437450957e-02
1.315393195906882529e+00,-9.492508666408827622e-02
1.187004456782468020e+00,-2.530251432118253707e-02
1.236551909626898205e+00,1.479700971110145535e-02
1.236551909626898205e+00,1.479700971110145535e-02
1.236551909626898205e+00,1.479700971110145535e-02
1.174817841352622239e+00,7.523398296402873317e-03
1.336884098373382290e+00,-1.055733416349745185e-01
1.336884098373382290e+00,-1.055733416349745185e-01
1.336884098373382290e+00,-1.055733416349745185e-01
1.328983128390757606e+00,-1.073392198331949571e-01
1.233281776127711060e+00,-1.029298163053972287e-01
1.233281776127711060e+00,-1.029298163053972287e-01
1.233281776127711060e+00,-1.029298163053972287e-01
1.233281776127711060e+00,-1.029298163053972287e-01
1.233281776127711060e+00,-1.029298163053972287e-01
1.233281776127711060e+00,-1.029298163053972287e-01
1.233281776127711060e+00,-1.029298163053972287e-01
1.278451668210839998e+00,-1.361167590920215886e-01
1.278451668210839998e+00,-1.361167590920215886e-01
1.302634327567961048e+00,-2.746173840806857003e-01
1.302634327567961048e+00,-2.746173840806857003e-01
1.302634327567961048e+00,-2.746173840806857003e-01
1.302634327567961048e+00,-2.746173840806857003e-01
1.302634327567961048e+00,-2.746173840806857003e-01
1.389531125173145254e+00,-2.420292557573816006e-01
1.188079470387955805e+00,-2.161045859874428932e-01
1.188079470387955805e+00,-2.161045859874428932e-01
1.188079470387955805e+00,-2.161045859874428932e-01
1.188079470387955805e+00,-2.161045859874428932e-01
1.188079470387955805e+00,-2.161045859874428932e-01
1.354921696650384089e+00,-1.189091545852221654e-01
1.354921696650384089e+00,-1.189091545852221654e-01
1.354921696650384089e+00,-1.189091545852221654e-01
1.198781806926095594e+00,-1.200456207985332313e-01
1.192749636075401298e+00,-5.647292954372350182e-02
1.192749636075401298e+00,-5.647292954372350182e-02
1.192749636075401298e+00,-5.647292954372350182e-02
1.129011054817144810e+00,-3.228938435407931185e-02
1.129011054817144810e+00,-3.228938435407931185e-02
1.129011054817144810e+00,-3.228938435407931185e-02
1.129011054817144810e+00,-3.228938435407931185e-02
1.129011054817144810e+00,-3.228938435407931185e-02
1.221152424363999067e+00,3.976288528136544265e-02
1.221152424363999067e+00,3.976288528136544265e-02
1.221152424363999067e+00,3.976288528136544265e-02
1.221152424363999067e+00,3.976288528136544265e-02
1.221152424363999067e+00,3.976288528136544265e-02
1.221152424363999067e+00,3.976288528136544265e-02
1.207124165318460118e+00,-3.550407144860895370e-02
1.214661408184625646e+00,-9.753419734347329451e-02
1.044027044281079064e+00,-2.451502536409244648e-02
1.044027044281079064e+00,-2.451502536409244648e-02
1.044027044281079064e+00,-2.451502536409244648e-02
1.150051865956288610e+00,8.458785565715110089e-02
1.150051865956288610e+00,8.458785565715110089e-02
1.150051865956288610e+00,8.458785565715110089e-02
1.349058117248852273e+00,4.616661631664576576e-02
1.349058117248852273e+00,4.616661631664576576e-02
1.332663573584081274e+00,1.022730835971785990e-01
1.412154049912375031e+00,-9.041517501739768092e-02
1.450695948914785705e+00,1.026210507530893878e-01
1.450695948914785705e+00,1.026210507530893878e-01
1.450695948914785705e+00,1.026210507530893878e-01
1.460841078878217791e+00,6.548297840322872543e-02
1.460841078878217791e+00,6.548297840322872543e-02
1.460841078878217791e+00,6.548297840322872543e-02
1.460841078878217791e+00,6.548297840322872543e-02
1.186423277374529794e+00,-4.250219130196464246e-03
1.186423277374529794e+00,-4.250219130196464246e-03
1.311585285016147129e+00,1.708799514385808960e-01
1.081824084221786997e+00,2.129909627300886066e-01
1.411750024214064592e+00,2.542388142872398782e-01
1.326466933488225974e+00,2.040587708045957793e-01
1.359572193063816714e+00,1.440407895335430455e-01
1.295546859585732014e+00,-8.039391509733762042e-04
1.295546859585732014e+00,-8.039391509733762042e-04
1.295546859585732014e+00,-8.039391509733762042e-04
1.295546859585732014e+00,-8.039391509733762042e-04
1.258714297356327450e+00,1.628452030617893662e-02
1.292978239025197373e+00,-4.217024598410601399e-02
1.292978239025197373e+00,-4.217024598410601399e-02
1.292978239025197373e+00,-4.217024598410601399e-02
1.292978239025197373e+00,-4.217024598410601399e-02
1.226341384372937160e+00,9.458636521015825749e-02
1.226341384372937160e+00,9.458636521015825749e-02
1.226341384372937160e+00,9.458636521015825749e-02
1.226341384372937160e+00,9.458636521015825749e-02
1.226341384372937160e+00,9.458636521015825749e-02
1.226341384372937160e+00,9.458636521015825749e-02
1.226341384372937160e+00,9.458636521015825749e-02
1.041458241243998772e+00,1.846547090890731102e-01
1.041458241243998772e+00,1.846547090890731102e-01
1.041458241243998772e+00,1.846547090890731102e-01
1.104032878027819686e+00,9.686560596209564666e-03
1.104032878027819686e+00,9.686560596209564666e-03
1.104032878027819686e+00,9.686560596209564666e-03
1.181125627944882295e+00,1.152543935979606360e-01
1.181125627944882295e+00,1.152543935979606360e-01
1.181125627944882295e+00,1.152543935979606360e-01
1.373100019626483315e+00,-8.930634202651510645e-02
1.373100019626483315e+00,-8.930634202651510645e-02
1.373100019626483315e+00,-8.930634202651510645e-02
1.373100019626483315e+00,-8.930634202651510645e-02
1.278308979438425697e+00,-3.231242246044451205e-01
9.883051876481099285e-01,-3.105360112607786771e-01
1.428781266925570836e+00,-1.732383743814102650e-01
1.428781266925570836e+00,-1.732383743814102650e-01
1.114685376440231135e+00,-2.022590999831013758e-01
1.117993624066686342e+00,-1.864970394910392959e-01
1.117993624066686342e+00,-1.864970394910392959e-01
1.117993624066686342e+00,-1.864970394910392959e-01
1.117993624066686342e+00,-1.864970394910392959e-01
1.117993624066686342e+00,-1.864970394910392959e-01
1.196517568834111422e+00,-6.983282147783109739e-02
1.196517568834111422e+00,-6.983282147783109739e-02
1.196517568834111422e+00,-6.983282147783109739e-02
1.196517568834111422e+00,-6.983282147783109739e-02
1.182589876428417064e+00,1.822110517456312917e-02
1.182589876428417064e+00,1.822110517456312917e-02
1.149474216508301394e+00,-2.582904631083045299e-02
1.275277438256475326e+00,-4.511768771129043287e-02
1.463764620789512527e+00,-2.425716090952718604e-02
1.463764620789512527e+00,-2.425716090952718604e-02
1.463764620789512527e+00,-2.425716090952718604e-02
1.295920457016690452e+00,-1.126415019334382067e-01
1.295920457016690452e+00,-1.126415019334382067e-01
1.292911035594556335e+00,1.228240745048009702e-01
1.226849985731481185e+00,4.710384492446799409e-02
1.223289100727208645e+00,7.713085493164997808e-02
1.328496613842162777e+00,-4.444601871026658546e-02
1.328496613842162777e+00,-4.444601871026658546e-02
1.168828612657955901e+00,-2.915405647885847135e-02
1.336245683299714049e+00,9.681643024001548858e-02
1.061039544972294912e+00,1.095038045589531717e-02
1.061039544972294912e+00,1.095038045589531717e-02
1.061039544972294912e+00,1.095038045589531717e-02
1.061039544972294912e+00,1.095038045589531717e-02
1.061039544972294912e+00,1.095038045589531717e-02
1.050609806386155975e+00,7.723288059609925704e-02
1.050609806386155975e+00,7.723288059609925704e-02
1.106020959126854608e+00,-9.513126992456710784e-02
1.304689713664924922e+00,-9.083315308779318920e-02
1.338144924945847469e+00,1.303250464378623019e-01
1.152703091270548708e+00,-2.861749420992668047e-02
1.152703091270548708e+00,-2.861749420992668047e-02
1.296240172049522466e+00,-8.561162543384476242e-02
1.372068640974041909e+00,-1.172049770538104163e-02
1.281586429753907019e+00,-8.229455629440213249e-02
1.281586429753907019e+00,-8.229455629440213249e-02
1.281586429753907019e+00,-8.229455629440213249e-02
1.281586429753907019e+00,-8.229455629440213249e-02
1.281586429753907019e+00,-8.229455629440213249e-02
1.281586429753907019e+00,-8.229455629440213249e-02
1.281586429753907019e+00,-8.229455629440213249e-02
1.281586429753907019e+00,-8.229455629440213249e-02
1.281586429753907019e+00,-8.229455629440213249e-02
1.346451614579442291e+00,3.621634348442651086e-02
1.346451614579442291e+00,3.621634348442651086e-02
1.346451614579442291e+00,3.621634348442651086e-02
1.288901011972465982e+00,-1.090643915972060451e-01
1.343622941492765177e+00,-7.792597105617869724e-02
1.413623371634548764e+00,-6.767529997472662706e-02
1.319418501389595599e+00,4.162800449107692535e-02
1.319418501389595599e+00,4.162800449107692535e-02
1.319418501389595599e+00,4.162800449107692535e-02
1.319418501389595599e+00,4.162800449107692535e-02
1.319418501389595599e+00,4.162800449107692535e-02
1.319418501389595599e+00,4.162800449107692535e-02
1.319418501389595599e+00,4.162800449107692535e-02
1.322527647972098208e+00,-1.047139972400552566e-01
1.322527647972098208e+00,-1.047139972400552566e-01
1.342081692468774845e+00,-1.360045035280898207e-01
1.342081692468774845e+00,-1.360045035280898207e-01
1.168971440033502951e+00,-3.269033540590275677e-02
1.350434375511251339e+00,-1.263984689666213246e-01
1.383539340808918716e+00,2.861494000517356140e-03
1.383539340808918716e+00,2.861494000517356140e-03
1.394028060970227578e+00,-2.656765696202985361e-02
1.394028060970227578e+00,-2.656765696202985361e-02
1.305295111620198067e+00,-1.252792879868481757e-01
1.305295111620198067e+00,-1.252792879868481757e-01
1.305295111620198067e+00,-1.252792879868481757e-01
1.304181832905341620e+00,-5.375452555662739440e-02
1.404567542815142289e+00,-1.001856440864359876e-01
1.435695324667527473e+00,7.641670419112162049e-02
1.435695324667527473e+00,7.641670419112162049e-02
1.435695324667527473e+00,7.641670419112162049e-02
1.435695324667527473e+00,7.641670419112162049e-02
1.435695324667527473e+00,7.641670419112162049e-02
1.435695324667527473e+00,7.641670419112162049e-02
1.373657488808967875e+00,-2.550701544676639565e-02
1.373657488808967875e+00,-2.550701544676639565e-02
1.373657488808967875e+00,-2.550701544676639565e-02
1.373657488808967875e+00,-2.550701544676639565e-02
1.373657488808967875e+00,-2.550701544676639565e-02
1.373657488808967875e+00,-2.550701544676639565e-02
1.373657488808967875e+00,-2.550701544676639565e-02
1.259787664492753478e+00,6.889234957575060547e-02
1.259787664492753478e+00,6.889234957575060547e-02
1.259787664492753478e+00,6.889234957575060547e-02
1.259787664492753478e+00,6.889234957575060547e-02
1.259787664492753478e+00,6.889234957575060547e-02
1.259787664492753478e+00,6.889234957575060547e-02
1.309978839375908422e+00,1.712417412595500232e-01
1.309978839375908422e+00,1.712417412595500232e-01
1.309978839375908422e+00,1.712417412595500232e-01
1.309978839375908422e+00,1.712417412595500232e-01
1.366564004209845029e+00,4.533836277758904187e-02
1.366564004209845029e+00,4.533836277758904187e-02
1.424287667915588917e+00,7.781720656271035041e-02
1.397351582978513695e+00,4.367991934206765653e-02
1.397351582978513695e+00,4.367991934206765653e-02
1.397351582978513695e+00,4.367991934206765653e-02
1.397351582978513695e+00,4.367991934206765653e-02
1.421198170988686060e+00,1.558587884187678241e-01
1.421198170988686060e+00,1.558587884187678241e-01
1.410223634591405872e+00,1.198642381579226868e-01
1.367513258550668853e+00,2.156674601345997533e-01
1.367513258550668853e+00,2.156674601345997533e-01
1.153613158944794215e+00,4.344273545861729313e-02
1.153613158944794215e+00,4.344273545861729313e-02
1.082922726824536053e+00,-9.993354304677994071e-03
1.082922726824536053e+00,-9.993354304677994071e-03
1.096851491872433693e+00,-6.733940720978034977e-02
1.181672173578090401e+00,7.511667153329759650e-02
1.181672173578090401e+00,7.511667153329759650e-02
1.181672173578090401e+00,7.511667153329759650e-02
1.181672173578090401e+00,7.511667153329759650e-02
1.184880224151407591e+00,-1.426376561025749501e-02
1.184880224151407591e+00,-1.426376561025749501e-02
1.184880224151407591e+00,-1.426376561025749501e-02
1.192307043214754447e+00,1.332641088677885555e-02
1.192307043214754447e+00,1.332641088677885555e-02
1.192307043214754447e+00,1.332641088677885555e-02
1.356167913018814897e+00,-3.481130026395035798e-02
1.324171611688134353e+00,-9.819273015332846688e-02
1.324171611688134353e+00,-9.819273015332846688e-02
1.324171611688134353e+00,-9.819273015332846688e-02
1.202782747767672022e+00,2.551779698565893872e-02
1.367459465522483875e+00,4.422685851003919227e-02
1.255949501721853601e+00,-6.344169319510109539e-02
1.255949501721853601e+00,-6.344169319510109539e-02
1.255949501721853601e+00,-6.344169319510109539e-02
1.217821216501995263e+00,7.347492415125433940e-02
1.228971499701091874e+00,-1.383714647016012211e-01
1.161199136999371495e+00,-2.348467672197860345e-01
1.161199136999371495e+00,-2.348467672197860345e-01
1.161199136999371495e+00,-2.348467672197860345e-01
1.161199136999371495e+00,-2.348467672197860345e-01
1.161199136999371495e+00,-2.348467672197860345e-01
1.161199136999371495e+00,-2.348467672197860345e-01
1.283331974979098788e+00,-1.351216484665506701e-01
1.232213406406686529e+00,-7.330396639529412894e-02
1.320884721865232869e+00,1.657844113995119717e-01
1.320884721865232869e+00,1.657844113995119717e-01
1.320884721865232869e+00,1.657844113995119717e-01
1.320884721865232869e+00,1.657844113995119717e-01
1.146525790008536383e+00,3.044639154485620502e-02
1.146525790008536383e+00,3.044639154485620502e-02
1.146525790008536383e+00,3.044639154485620502e-02
1.146525790008536383e+00,3.044639154485620502e-02
1.146525790008536383e+00,3.044639154485620502e-02
1.146525790008536383e+00,3.044639154485620502e-02
1.112979305823514231e+00,2.299026064008433123e-03
1.112979305823514231e+00,2.299026064008433123e-03
1.098455221484910815e+00,-2.737117106028724017e-02
1.098455221484910815e+00,-2.737117106028724017e-02
1.098455221484910815e+00,-2.737117106028724017e-02
1.098455221484910815e+00,-2.737117106028724017e-02
1.098455221484910815e+00,-2.737117106028724017e-02
1.193134213155779388e+00,1.186107343771072853e-01
1.132751747443149659e+00,1.536399498913611217e-01
1.132751747443149659e+00,1.536399498913611217e-01
1.132751747443149659e+00,1.536399498913611217e-01
1.391987594855031762e+00,2.474868673344638448e-01
1.391987594855031762e+00,2.474868673344638448e-01
1.391987594855031762e+00,2.474868673344638448e-01
1.486379316604133249e+00,2.484484346654951548e-01
1.425423972954610985e+00,1.541657014133962500e-01
1.417382380996610625e+00,1.660695318377320706e-01
1.417382380996610625e+00,1.660695318377320706e-01
1.430387167649494362e+00,1.543091438975912610e-01
1.186940270092152749e+00,9.233523631697304612e-02
1.186940270092152749e+00,9.233523631697304612e-02
1.186940270092152749e+00,9.233523631697304612e-02
1.189004992668773797e+00,1.342248858265382983e-01
1.189004992668773797e+00,1.342248858265382983e-01
1.189004992668773797e+00,1.342248858265382983e-01
1.189004992668773797e+00,1.342248858265382983e-01
1.243752178923057228e+00,-1.929896994791077680e-02
1.243752178923057228e+00,-1.929896994791077680e-02
1.055724206954154809e+00,2.726806787077034472e-02
1.055724206954154809e+00,2.726806787077034472e-02
1.330586156594859126e+00,1.223783637848874228e-01
1.330586156594859126e+00,1.223783637848874228e-01
1.330586156594859126e+00,1.223783637848874228e-01
1.330586156594859126e+00,1.223783637848874228e-01
1.124747220717058127e+00,-4.716751546931369221e-02
1.286240243098982106e+00,-2.939536581272723936e-03
1.305881023851852341e+00,1.133352331801232571e-01
1.305881023851852341e+00,1.133352331801232571e-01
1.305881023851852341e+00,1.133352331801232571e-01
1.305881023851852341e+00,1.133352331801232571e-01
1.376148282825744085e+00,-1.395712303846916025e-02
1.265310389499585852e+00,-1.279757736046807926e-01
1.265310389499585852e+00,-1.279757736046807926e-01
1.265310389499585852e+00,-1.279757736046807926e-01
1.265310389499585852e+00,-1.279757736046807926e-01
1.265310389499585852e+00,-1.279757736046807926e-01
1.265310389499585852e+00,-1.279757736046807926e-01
1.265310389499585852e+00,-1.279757736046807926e-01
1.265310389499585852e+00,-1.279757736046807926e-01
1.263193473259941912e+00,-3.886588475189638181e-02
1.405129420249070060e+00,-8.633763022874132304e-03
1.405129420249070060e+00,-8.633763022874132304e-03
1.446608480596115909e+00,1.153323970818276173e-01
1.446608480596115909e+00,1.153323970818276173e-01
1.578634806854030348e+00,5.574844932130820774e-02
1.578634806854030348e+00,5.574844932130820774e-02
1.578634806854030348e+00,5.574844932130820774e-02
1.529672612119168829e+00,-5.218183393619377219e-02
1.529672612119168829e+00,-5.218183393619377219e-02
1.478495664526384035e+00,-1.890504158509546118e-01
1.341321457952940888e+00,-2.172089867855003242e-01
1.146312192838079502e+00,-1.353197862962801090e-01
1.146312192838079502e+00,-1.353197862962801090e-01
1.248746900265241822e+00,6.363003854624854627e-02
1.288935689826680164e+00,-2.155056069449882983e-02
1.288935689826680164e+00,-2.155056069449882983e-02
1.392141843115967115e+00,1.394859475983633440e-02
1.346121065702395425e+00,-7.955502416063806037e-02
1.288700646669409089e+00,-1.043899788624434721e-02
1.288700646669409089e+00,-1.043899788624434721e-02
1.288700646669409089e+00,-1.043899788624434721e-02
1.222751636300497768e+00,1.862377442442473413e-02
1.222751636300497768e+00,1.862377442442473413e-02
1.222751636300497768e+00,1.862377442442473413e-02
1.222751636300497768e+00,1.862377442442473413e-02
1.222751636300497768e+00,1.862377442442473413e-02
1.233685031988159375e+00,3.509690004389094675e-02
1.233685031988159375e+00,3.509690004389094675e-02
1.233685031988159375e+00,3.509690004389094675e-02
1.233685031988159375e+00,3.509690004389094675e-02
1.233685031988159375e+00,3.509690004389094675e-02
1.233685031988159375e+00,3.509690004389094675e-02
1.233685031988159375e+00,3.509690004389094675e-02
9.934148792728072497e-01,-2.891583634634994904e-02
1.301687372832512235e+00,-1.327591865755776701e-01
1.301687372832512235e+00,-1.327591865755776701e-01
1.301687372832512235e+00,-1.327591865755776701e-01
1.301687372832512235e+00,-1.327591865755776701e-01
1.490484131400382273e+00,-9.624324955461488473e-02
1.256928680534630249e+00,-7.863436052704216028e-02
1.227731321586682967e+00,6.366334909763181338e-02
1.227731321586682967e+00,6.366334909763181338e-02
1.227731321586682967e+00,6.366334909763181338e-02
1.227731321586682967e+00,6.366334909763181338e-02
1.227731321586682967e+00,6.366334909763181338e-02
1.227731321586682967e+00,6.366334909763181338e-02
1.165244966985419905e+00,-4.724764561356190051e-03
1.077165258351680421e+00,4.311047141567469695e-03
1.077165258351680421e+00,4.311047141567469695e-03
1.077165258351680421e+00,4.311047141567469695e-03
1.077165258351680421e+00,4.311047141567469695e-03
1.077165258351680421e+00,4.311047141567469695e-03
1.077165258351680421e+00,4.311047141567469695e-03
1.118096022800052269e+00,-1.252836559457654597e-01
1.223654165228234225e+00,1.078349265542760671e-03
1.223654165228234225e+00,1.078349265542760671e-03
1.223654165228234225e+00,1.078349265542760671e-03
1.223654165228234225e+00,1.078349265542760671e-03
1.223654165228234225e+00,1.078349265542760671e-03
1.223654165228234225e+00,1.078349265542760671e-03
1.223654165228234225e+00,1.078349265542760671e-03
1.223654165228234225e+00,1.078349265542760671e-03
1.223654165228234225e+00,1.078349265542760671e-03
1.223654165228234225e+00,1.078349265542760671e-03
1.223654165228234225e+00,1.078349265542760671e-03
1.255725505309790435e+00,-1.549500182976768989e-02
1.255725505309790435e+00,-1.549500182976768989e-02
1.295839817506799996e+00,-1.771458004990710683e-02
1.295839817506799996e+00,-1.771458004990710683e-02
1.295839817506799996e+00,-1.771458004990710683e-02
1.295839817506799996e+00,-1.771458004990710683e-02
1.288171000223724771e+00,-1.867777354092466369e-01
1.103544574207969253e+00,1.924734130028062928e-01
1.183320190746248279e+00,2.050441972096053445e-01
1.183320190746248279e+00,2.050441972096053445e-01
1.088191878022334302e+00,6.948065949568388300e-02
1.155490165673372482e+00,4.551590301324331955e-02
1.155490165673372482e+00,4.551590301324331955e-02
1.155490165673372482e+00,4.551590301324331955e-02
1.131819733067648936e+00,1.085339618985461246e-02
1.134081071257114326e+00,6.350646790999148195e-02
1.121967543438163739e+00,9.608177080330880526e-02
1.121967543438163739e+00,9.608177080330880526e-02
1.216326157216702120e+00,2.573048431672499969e-01
1.216326157216702120e+00,2.573048431672499969e-01
1.088212643067446139e+00,4.052365631029344883e-02
1.088212643067446139e+00,4.052365631029344883e-02
1.088212643067446139e+00,4.052365631029344883e-02
1.196703461607514063e+00,-1.102533555928111864e-03
1.196703461607514063e+00,-1.102533555928111864e-03
1.196703461607514063e+00,-1.102533555928111864e-03
1.196703461607514063e+00,-1.102533555928111864e-03
1.291316749745760495e+00,6.534140141564059867e-02
1.205904941533118002e+00,-8.478401990011458222e-03
1.205904941533118002e+00,-8.478401990011458222e-03
1.221246538807886806e+00,-1.044354808495961823e-01
1.233668713614680001e+00,-9.192275683486600402e-02
1.233668713614680001e+00,-9.192275683486600402e-02
1.233668713614680001e+00,-9.192275683486600402e-02
1.233668713614680001e+00,-9.192275683486600402e-02
1.233668713614680001e+00,-9.192275683486600402e-02
1.233668713614680001e+00,-9.192275683486600402e-02
1.233668713614680001e+00,-9.192275683486600402e-02
1.233668713614680001e+00,-9.192275683486600402e-02
1.233668713614680001e+00,-9.192275683486600402e-02
1.403202609724605754e+00,6.616980780029715903e-02
1.207904160321905618e+00,1.623166547212736011e-01
1.207904160321905618e+00,1.623166547212736011e-01
1.296173239998802407e+00,-4.228321515417216014e-02
1.296173239998802407e+00,-4.228321515417216014e-02
1.296173239998802407e+00,-4.228321515417216014e-02
1.249381854623419663e+00,-2.775212860818698085e-02
1.249381854623419663e+00,-2.775212860818698085e-02
1.249381854623419663e+00,-2.775212860818698085e-02
1.249381854623419663e+00,-2.775212860818698085e-02
1.249381854623419663e+00,-2.775212860818698085e-02
1.369815193183390845e+00,-1.471461707947847308e-01
1.369815193183390845e+00,-1.471461707947847308e-01
1.314134986669526217e+00,8.340044993195139256e-02
1.314134986669526217e+00,8.340044993195139256e-02
1.314134986669526217e+00,8.340044993195139256e-02
1.314134986669526217e+00,8.340044993195139256e-02
1.314134986669526217e+00,8.340044993195139256e-02
1.314134986669526217e+00,8.340044993195139256e-02
1.314134986669526217e+00,8.340044993195139256e-02
1.314134986669526217e+00,8.340044993195139256e-02
1.314134986669526217e+00,8.340044993195139256e-02
1.314134986669526217e+00,8.340044993195139256e-02
1.314134986669526217e+00,8.340044993195139256e-02
1.287517072637864191e+00,7.617524318068401301e-02
1.287517072637864191e+00,7.617524318068401301e-02
1.287517072637864191e+00,7.617524318068401301e-02
1.287517072637864191e+00,7.617524318068401301e-02
1.287517072637864191e+00,7.617524318068401301e-02
1.279033631450205766e+00,-2.779812207028266313e-02
1.279033631450205766e+00,-2.779812207028266313e-02
1.279033631450205766e+00,-2.779812207028266313e-02
1.356722712563898536e+00,6.386050043689708855e-03
1.356722712563898536e+00,6.386050043689708855e-03
1.321086865510359587e+00,-7.911434709194235804e-02
1.321086865510359587e+00,-7.911434709194235804e-02
1.321086865510359587e+00,-7.911434709194235804e-02
1.321086865510359587e+00,-7.911434709194235804e-02
1.321086865510359587e+00,-7.911434709194235804e-02
1.496574189506330255e+00,-5.570026124977636717e-02
1.496574189506330255e+00,-5.570026124977636717e-02
1.241513438094014710e+00,2.234007860599012962e-01
1.241513438094014710e+00,2.234007860599012962e-01
1.241513438094014710e+00,2.234007860599012962e-01
1.241513438094014710e+00,2.234007860599012962e-01
1.241513438094014710e+00,2.234007860599012962e-01
1.228764728886805990e+00,2.058859993521561238e-01
1.376510352609976229e+00,2.069942106163016604e-01
1.376510352609976229e+00,2.069942106163016604e-01
1.376510352609976229e+00,2.069942106163016604e-01
1.376510352609976229e+00,2.069942106163016604e-01
1.376510352609976229e+00,2.069942106163016604e-01
1.376510352609976229e+00,2.069942106163016604e-01
1.378241185420086223e+00,2.304382512129428962e-01
1.378241185420086223e+00,2.304382512129428962e-01
1.378241185420086223e+00,2.304382512129428962e-01
1.378241185420086223e+00,2.304382512129428962e-01
1.487352458859234172e+00,1.767750837318890766e-01
1.487352458859234172e+00,1.767750837318890766e-01
1.487352458859234172e+00,1.767750837318890766e-01
1.487352458859234172e+00,1.767750837318890766e-01
1.363542380810023324e+00,1.861798911884779417e-02
1.363542380810023324e+00,1.861798911884779417e-02
1.363542380810023324e+00,1.861798911884779417e-02
1.149251362227305062e+00,-1.029375248219647487e-01
1.296330959767847624e+00,8.934614055619508055e-02
1.296330959767847624e+00,8.934614055619508055e-02
1.296330959767847624e+00,8.934614055619508055e-02
1.296330959767847624e+00,8.934614055619508055e-02
1.296330959767847624e+00,8.934614055619508055e-02
1.296330959767847624e+00,8.934614055619508055e-02
1.190017004457707417e+00,2.624592674698528194e-02
1.190017004457707417e+00,2.624592674698528194e-02
1.195612771870931290e+00,2.642225010354235654e-02
1.182916567912840833e+00,9.367153267970101949e-02
1.060657853858247401e+00,9.716229202011150701e-02
1.118922591004909428e+00,-2.001130807778152554e-01
1.118922591004909428e+00,-2.001130807778152554e-01
1.246638328480062619e+00,-7.020538658774855278e-02
1.168982794269840753e+00,6.476561498689498153e-03
1.168982794269840753e+00,6.476561498689498153e-03
1.168982794269840753e+00,6.476561498689498153e-03
1.168982794269840753e+00,6.476561498689498153e-03
1.168982794269840753e+00,6.476561498689498153e-03
1.168982794269840753e+00,6.476561498689498153e-03
1.273101200624350504e+00,1.435383209563168179e-03
1.273101200624350504e+00,1.435383209563168179e-03
1.273101200624350504e+00,1.435383209563168179e-03
1.273101200624350504e+00,1.435383209563168179e-03
1.068038081629345548e+00,2.782326577456676817e-02
1.200527395726825874e+00,1.533456007187464498e-01
1.346918876883743010e+00,-5.597691480240460371e-02
1.158080206670503154e+00,1.328901962924641800e-02
1.245876856194094051e+00,8.615727361928067485e-02
1.245876856194094051e+00,8.615727361928067485e-02
1.245876856194094051e+00,8.615727361928067485e-02
1.294810999910524396e+00,8.537506410808037849e-02
1.294810999910524396e+00,8.537506410808037849e-02
1.336181353810104611e+00,-2.929635670336872000e-02
1.336181353810104611e+00,-2.929635670336872000e-02
1.336181353810104611e+00,-2.929635670336872000e-02
1.393286283811284720e+00,1.914465670233276851e-01
1.437299981931582371e+00,9.226718954888846191e-02
1.437299981931582371e+00,9.226718954888846191e-02
1.437299981931582371e+00,9.226718954888846191e-02
1.437299981931582371e+00,9.226718954888846191e-02
1.437299981931582371e+00,9.226718954888846191e-02
1.437299981931582371e+00,9.226718954888846191e-02
1.437299981931582371e+00,9.226718954888846191e-02
1.437299981931582371e+00,9.226718954888846191e-02
1.437299981931582371e+00,9.226718954888846191e-02
1.437299981931582371e+00,9.226718954888846191e-02
1.363821490825403160e+00,1.277420818165198590e-01
1.363821490825403160e+00,1.277420818165198590e-01
1.363821490825403160e+00,1.277420818165198590e-01
1.363821490825403160e+00,1.277420818165198590e-01
1.370854804308643926e+00,-1.584144521883310008e-01
1.273637734554812440e+00,-1.734383253750963194e-01
1.216030904188386996e+00,-9.533189662171516476e-02
1.185379744758641607e+00,-2.028349406017047607e-01
1.114655269405413263e+00,-1.639819766361672870e-01
1.114655269405413263e+00,-1.639819766361672870e-01
1.114655269405413263e+00,-1.639819766361672870e-01
1.113038680919822054e+00,-1.808880698093745520e-02
1.113038680919822054e+00,-1.808880698093745520e-02
1.113038680919822054e+00,-1.808880698093745520e-02
1.172827675254899171e+00,6.369492510984942762e-03
1.172827675254899171e+00,6.369492510984942762e-03
1.172827675254899171e+00,6.369492510984942762e-03
1.297842852447721906e+00,-4.259638290098853586e-02
1.270948853586542526e+00,-6.371833431557399896e-02
1.236344275593505904e+00,-1.890802738336306577e-01
1.178787981960723430e+00,-5.814847354957519698e-02
1.178787981960723430e+00,-5.814847354957519698e-02
1.178787981960723430e+00,-5.814847354957519698e-02
1.276871665071077189e+00,-6.603722994287426762e-02
1.276871665071077189e+00,-6.603722994287426762e-02
1.282913562302016697e+00,-6.457650508362386410e-02
1.282913562302016697e+00,-6.457650508362386410e-02
1.282913562302016697e+00,-6.457650508362386410e-02
1.282913562302016697e+00,-6.457650508362386410e-02
1.282913562302016697e+00,-6.457650508362386410e-02
1.406960374305567196e+00,-6.542544863411554890e-02
1.406960374305567196e+00,-6.542544863411554890e-02
1.406960374305567196e+00,-6.542544863411554890e-02
1.406960374305567196e+00,-6.542544863411554890e-02
1.363168389549378912e+00,-7.845014297450464413e-02
1.363168389549378912e+00,-7.845014297450464413e-02
1.266198341231441704e+00,9.648622349754581995e-03
1.266198341231441704e+00,9.648622349754581995e-03
1.156313282723417268e+00,-9.888099254933527260e-02
1.283752754635761661e+00,-1.839362031379100926e-01
1.283752754635761661e+00,-1.839362031379100926e-01
1.283752754635761661e+00,-1.839362031379100926e-01
1.237313709961070485e+00,-1.374686442991913671e-01
1.237313709961070485e+00,-1.374686442991913671e-01
1.237313709961070485e+00,-1.374686442991913671e-01
1.195196598731647297e+00,-1.911943087929626750e-01
1.270855833177017225e+00,-3.258369891007659169e-02
1.270855833177017225e+00,-3.258369891007659169e-02
1.177427261406890802e+00,-9.983243109152335759e-03
1.177427261406890802e+00,-9.983243109152335759e-03
1.177427261406890802e+00,-9.983243109152335759e-03
1.177427261406890802e+00,-9.983243109152335759e-03
1.177427261406890802e+00,-9.983243109152335759e-03
1.367951471531775542e+00,-2.040026951524745100e-02
1.338344878830640239e+00,8.934077057425356128e-02
1.277930393913608631e+00,4.289078153593847698e-03
1.295143796024571081e+00,5.937688060444686750e-02
1.098950948200378974e+00,-3.311114765644087438e-02
1.098950948200378974e+00,-3.311114765644087438e-02
1.098950948200378974e+00,-3.311114765644087438e-02
1.338652938314949026e+00,-6.737027433107196928e-02
1.151305244903610969e+00,-1.372290226645450084e-01
1.172009776245321433e+00,-1.939548973741234694e-01
1.172009776245321433e+00,-1.939548973741234694e-01
1.172511980813331744e+00,-1.534764174329728004e-01
1.172511980813331744e+00,-1.534764174329728004e-01
1.083936878602302256e+00,6.470502933622876429e-02
1.083936878602302256e+00,6.470502933622876429e-02
1.397023600083329598e+00,1.205723443212408375e-01
1.397023600083329598e+00,1.205723443212408375e-01
1.397023600083329598e+00,1.205723443212408375e-01
1.376035540785486067e+00,-7.447043245518897292e-02
1.376035540785486067e+00,-7.447043245518897292e-02
1.376035540785486067e+00,-7.447043245518897292e-02
1.183877022753808461e+00,2.335966455051222135e-02
1.183877022753808461e+00,2.335966455051222135e-02
1.183877022753808461e+00,2.335966455051222135e-02
1.309507434890086364e+00,3.268397835282647879e-02
1.309507434890086364e+00,3.268397835282647879e-02
1.302767121384308169e+00,-7.762154535341417305e-02
1.302767121384308169e+00,-7.762154535341417305e-02
1.194707321537125555e+00,-1.396938578838229084e-02
1.194707321537125555e+00,-1.396938578838229084e-02
1.163162394656953591e+00,-1.474071480309975812e-01
1.163162394656953591e+00,-1.474071480309975812e-01
1.163162394656953591e+00,-1.474071480309975812e-01
1.163162394656953591e+00,-1.474071480309975812e-01
1.163162394656953591e+00,-1.474071480309975812e-01
1.163162394656953591e+00,-1.474071480309975812e-01
1.318258994567760078e+00,-1.005491432971672150e-01
1.318258994567760078e+00,-1.005491432971672150e-01
1.318258994567760078e+00,-1.005491432971672150e-01
1.318258994567760078e+00,-1.005491432971672150e-01
1.318258994567760078e+00,-1.005491432971672150e-01
1.318258994567760078e+00,-1.005491432971672150e-01
1.318258994567760078e+00,-1.005491432971672150e-01
1.318258994567760078e+00,-1.005491432971672150e-01
1.318258994567760078e+00,-1.005491432971672150e-01
1.318258994567760078e+00,-1.005491432971672150e-01
1.366601616501080141e+00,1.410920855404306784e-01
1.378055223966603071e+00,6.612497982992460166e-02
1.378055223966603071e+00,6.612497982992460166e-02
1.378055223966603071e+00,6.612497982992460166e-02
1.378055223966603071e+00,6.612497982992460166e-02
1.378055223966603071e+00,6.612497982992460166e-02
1.378055223966603071e+00,6.612497982992460166e-02
1.254724204897558648e+00,1.894388479873848619e-02
1.254724204897558648e+00,1.894388479873848619e-02
1.254724204897558648e+00,1.894388479873848619e-02
1.254724204897558648e+00,1.894388479873848619e-02
1.254724204897558648e+00,1.894388479873848619e-02
1.254724204897558648e+00,1.894388479873848619e-02
1.238007283468144148e+00,4.516583447672275348e-03
1.238007283468144148e+00,4.516583447672275348e-03
1.238007283468144148e+00,4.516583447672275348e-03
1.071301098053325074e+00,1.491137086229006870e-01
1.042370356848975499e+00,9.700754246257700664e-02
1.042370356848975499e+00,9.700754246257700664e-02
1.214446702236701592e+00,-9.790567247738130030e-02
1.214446702236701592e+00,-9.790567247738130030e-02
1.186825466981311195e+00,-1.268199119727866642e-01
1.186825466981311195e+00,-1.268199119727866642e-01
1.194297599489440476e+00,2.042071953672416895e-02
1.194297599489440476e+00,2.042071953672416895e-02
1.194297599489440476e+00,2.042071953672416895e-02
1.194297599489440476e+00,2.042071953672416895e-02
1.194297599489440476e+00,2.042071953672416895e-02
1.321699599768059175e+00,-6.436507710674720106e-02
1.321699599768059175e+00,-6.436507710674720106e-02
1.321699599768059175e+00,-6.436507710674720106e-02
1.321699599768059175e+00,-6.436507710674720106e-02
1.321699599768059175e+00,-6.436507710674720106e-02
1.321699599768059175e+00,-6.436507710674720106e-02
1.321699599768059175e+00,-6.436507710674720106e-02
1.321699599768059175e+00,-6.436507710674720106e-02
1.321699599768059175e+00,-6.436507710674720106e-02
1.321699599768059175e+00,-6.436507710674720106e-02
1.245210011381846060e+00,-5.366206419442912795e-02
1.245210011381846060e+00,-5.366206419442912795e-02
1.245210011381846060e+00,-5.366206419442912795e-02
1.245210011381846060e+00,-5.366206419442912795e-02
1.245210011381846060e+00,-5.366206419442912795e-02
1.245210011381846060e+00,-5.366206419442912795e-02
1.245210011381846060e+00,-5.366206419442912795e-02
1.245210011381846060e+00,-5.366206419442912795e-02
1.245210011381846060e+00,-5.366206419442912795e-02
1.245210011381846060e+00,-5.366206419442912795e-02
1.245210011381846060e+00,-5.366206419442912795e-02
1.245210011381846060e+00,-5.366206419442912795e-02
1.211644864800508259e+00,-5.594180019274072602e-02
1.211644864800508259e+00,-5.594180019274072602e-02
1.278729595868310698e+00,3.541831801132053203e-02
1.273363985450796543e+00,1.020341117652930063e-02
1.273363985450796543e+00,1.020341117652930063e-02
1.273363985450796543e+00,1.020341117652930063e-02
1.273363985450796543e+00,1.020341117652930063e-02
1.273363985450796543e+00,1.020341117652930063e-02
1.273363985450796543e+00,1.020341117652930063e-02
1.273363985450796543e+00,1.020341117652930063e-02
1.293714562943795388e+00,2.519051812715496046e-03
1.483561923199364196e+00,-4.035426909788227684e-02
1.590418069834655723e+00,1.601307687089260218e-02
1.590418069834655723e+00,1.601307687089260218e-02
1.590418069834655723e+00,1.601307687089260218e-02
1.590418069834655723e+00,1.601307687089260218e-02
1.590418069834655723e+00,1.601307687089260218e-02
1.590418069834655723e+00,1.601307687089260218e-02
1.590418069834655723e+00,1.601307687089260218e-02
1.590418069834655723e+00,1.601307687089260218e-02
1.590418069834655723e+00,1.601307687089260218e-02
1.523829216779402529e+00,-7.232771750565711311e-02
1.523829216779402529e+00,-7.232771750565711311e-02
1.523829216779402529e+00,-7.232771750565711311e-02
1.523829216779402529e+00,-7.232771750565711311e-02
1.475172977858898005e+00,-4.161996721966548796e-02
1.475172977858898005e+00,-4.161996721966548796e-02
1.475172977858898005e+00,-4.161996721966548796e-02
1.475172977858898005e+00,-4.161996721966548796e-02
1.475172977858898005e+00,-4.161996721966548796e-02
1.198322325321386383e+00,-1.331983168727871036e-01
1.332307934782605452e+00,-7.126473511679687345e-02
1.332307934782605452e+00,-7.126473511679687345e-02
1.332307934782605452e+00,-7.126473511679687345e-02
1.298513609559845072e+00,1.134181964844447055e-01
1.298513609559845072e+00,1.134181964844447055e-01
1.298513609559845072e+00,1.134181964844447055e-01
1.164721137645081450e+00,1.227871116137194130e-01
1.164721137645081450e+00,1.227871116137194130e-01
1.164721137645081450e+00,1.227871116137194130e-01
1.279680002152890905e+00,-3.671102186253408228e-02
1.279680002152890905e+00,-3.671102186253408228e-02
1.279680002152890905e+00,-3.671102186253408228e-02
1.272280174185059787e+00,-3.510866832688641637e-03
1.272280174185059787e+00,-3.510866832688641637e-03
1.101883966919183111e+00,2.516359727109884759e-02
1.101883966919183111e+00,2.516359727109884759e-02
1.101883966919183111e+00,2.516359727109884759e-02
1.101883966919183111e+00,2.516359727109884759e-02
1.170403806130297708e+00,-1.006741371834553034e-01
1.181899805633419120e+00,-5.523031987900979545e-02
1.181899805633419120e+00,-5.523031987900979545e-02
1.209951812250290359e+00,-1.037817288463364906e-02
1.209951812250290359e+00,-1.037817288463364906e-02
1.295582365964683680e+00,5.576896772781818334e-02
1.295582365964683680e+00,5.576896772781818334e-02
1.295582365964683680e+00,5.576896772781818334e-02
1.357501295564765398e+00,-2.401837884339427798e-02
1.286807688776988812e+00,2.196911475334316355e-02
1.286807688776988812e+00,2.196911475334316355e-02
1.344105801494686947e+00,7.035478429283723023e-02
1.344105801494686947e+00,7.035478429283723023e-02
1.344105801494686947e+00,7.035478429283723023e-02
1.324233839468855090e+00,1.482883507264479150e-01
1.370447490867939599e+00,-9.218922590708217291e-02
1.370447490867939599e+00,-9.218922590708217291e-02
1.370447490867939599e+00,-9.218922590708217291e-02
1.370447490867939599e+00,-9.218922590708217291e-02
1.231091032341257829e+00,-7.900166874567286779e-02
1.130044331278329706e+00,4.070601218475466965e-04
1.130044331278329706e+00,4.070601218475466965e-04
1.130044331278329706e+00,4.070601218475466965e-04
1.130044331278329706e+00,4.070601218475466965e-04
1.130044331278329706e+00,4.070601218475466965e-04
1.318370193753166442e+00,8.964861936024517974e-02
1.318370193753166442e+00,8.964861936024517974e-02
1.318370193753166442e+00,8.964861936024517974e-02
1.318370193753166442e+00,8.964861936024517974e-02
1.318370193753166442e+00,8.964861936024517974e-02
1.115935068947567110e+00,-6.033249186252648277e-02
1.124457218066248210e+00,-7.771057944118625604e-02
1.124457218066248210e+00,-7.771057944118625604e-02
1.362371847000756198e+00,5.403912649414338576e-02
1.160491282161990156e+00,1.395517807967315282e-01
1.299910549048911346e+00,1.724063559411498359e-01
1.299910549048911346e+00,1.724063559411498359e-01
1.299910549048911346e+00,1.724063559411498359e-01
1.299910549048911346e+00,1.724063559411498359e-01
1.265219240477540197e+00,2.449035234549178930e-01
1.265219240477540197e+00,2.449035234549178930e-01
1.265219240477540197e+00,2.449035234549178930e-01
1.265219240477540197e+00,2.449035234549178930e-01
1.265219240477540197e+00,2.449035234549178930e-01
1.265219240477540197e+00,2.449035234549178930e-01
1.265219240477540197e+00,2.449035234549178930e-01
1.442809541675177387e+00,2.188739038256931335e-01
1.442809541675177387e+00,2.188739038256931335e-01
1.442809541675177387e+00,2.188739038256931335e-01
1.442809541675177387e+00,2.188739038256931335e-01
1.442809541675177387e+00,2.188739038256931335e-01
1.442809541675177387e+00,2.188739038256931335e-01
1.319630551616186809e+00,1.260846442903060804e-01
1.292235365646396295e+00,-1.433598872877250852e-03
1.292235365646396295e+00,-1.433598872877250852e-03
1.292235365646396295e+00,-1.433598872877250852e-03
1.292235365646396295e+00,-1.433598872877250852e-03
1.292235365646396295e+00,-1.433598872877250852e-03
1.292235365646396295e+00,-1.433598872877250852e-03
1.292235365646396295e+00,-1.433598872877250852e-03
1.292235365646396295e+00,-1.433598872877250852e-03
1.292235365646396295e+00,-1.433598872877250852e-03
1.292235365646396295e+00,-1.433598872877250852e-03
1.287774651462222586e+00,2.794568461927717656e-02
1.287774651462222586e+00,2.794568461927717656e-02
1.223761262430995700e+00,1.666586292286907633e-01
1.343720333098741948e+00,1.606621428950481545e-01
1.228967484709885927e+00,1.515057941739388347e-01
1.177547155358607656e+00,7.363775268644991157e-02
1.177547155358607656e+00,7.363775268644991157e-02
1.177547155358607656e+00,7.363775268644991157e-02
1.315953759644713283e+00,1.421548835598228089e-01
1.315953759644713283e+00,1.421548835598228089e-01
1.286630123075429344e+00,-7.283745767837002116e-02
1.220901986969934905e+00,-4.650823897248373279e-02
1.220901986969934905e+00,-4.650823897248373279e-02
1.333074373910609900e+00,3.777104819612508296e-02
1.132772834397012485e+00,8.225830800792997832e-02
1.132772834397012485e+00,8.225830800792997832e-02
1.162826275342077720e+00,9.038467428028769401e-02
1.297046817180219858e+00,-9.353864743976388063e-02
1.297046817180219858e+00,-9.353864743976388063e-02
1.377253667240804447e+00,8.700854571546222382e-02
1.377253667240804447e+00,8.700854571546222382e-02
1.377253667240804447e+00,8.700854571546222382e-02
1.377253667240804447e+00,8.700854571546222382e-02
1.359387255056743404e+00,-3.801835825717227169e-02
1.268024722410876270e+00,-4.009187181815247747e-02
1.268024722410876270e+00,-4.009187181815247747e-02
1.268024722410876270e+00,-4.009187181815247747e-02
1.268024722410876270e+00,-4.009187181815247747e-02
1.268024722410876270e+00,-4.009187181815247747e-02
1.268024722410876270e+00,-4.009187181815247747e-02
1.268024722410876270e+00,-4.009187181815247747e-02
1.307295137264626872e+00,-1.042858794680923268e-01
1.307295137264626872e+00,-1.042858794680923268e-01
1.104839265099332168e+00,1.685935266135585309e-03
1.197796918134660160e+00,1.696787395222198319e-02
1.197796918134660160e+00,1.696787395222198319e-02
1.111546162223549850e+00,3.654395925468380268e-02
1.142797935402718457e+00,-7.933092583332664038e-02
1.142797935402718457e+00,-7.933092583332664038e-02
1.246448314987762096e+00,-9.532790839436093566e-02
1.246448314987762096e+00,-9.532790839436093566e-02
1.246448314987762096e+00,-9.532790839436093566e-02
1.246448314987762096e+00,-9.532790839436093566e-02
1.246448314987762096e+00,-9.532790839436093566e-02
1.202781361255864656e+00,-6.948641162750107680e-02
1.202781361255864656e+00,-6.948641162750107680e-02
1.202781361255864656e+00,-6.948641162750107680e-02
1.202781361255864656e+00,-6.948641162750107680e-02
1.202781361255864656e+00,-6.948641162750107680e-02
1.020164481851577154e+00,-6.096073948495655398e-02
1.019249106914505987e+00,3.225801836593771704e-02
1.019249106914505987e+00,3.225801836593771704e-02
1.033898787021328758e+00,-1.055826273687294203e-01
1.402442663307452486e+00,8.918760648004370184e-02
1.402442663307452486e+00,8.918760648004370184e-02
1.340543866333117284e+00,6.562115417871447476e-02
1.340543866333117284e+00,6.562115417871447476e-02
1.385790035259569564e+00,1.578286747959378178e-01
1.385790035259569564e+00,1.578286747959378178e-01
1.353760061258517666e+00,2.240061165746464744e-01
1.353760061258517666e+00,2.240061165746464744e-01
1.446250881757936257e+00,-1.064279415382999305e-01
1.309530905152136659e+00,-9.879894136238104307e-03
1.309530905152136659e+00,-9.879894136238104307e-03
1.301545653193044494e+00,-1.657259331948205960e-01
1.301545653193044494e+00,-1.657259331948205960e-01
1.349465532312515981e+00,-1.811186763397701904e-01
1.291138978050266672e+00,-8.768605225214200216e-02
1.291138978050266672e+00,-8.768605225214200216e-02
1.291138978050266672e+00,-8.768605225214200216e-02
1.140426905641712896e+00,1.419875661047899085e-01
1.371220538516046306e+00,-1.011327117081301796e-01
1.371220538516046306e+00,-1.011327117081301796e-01
1.423312555754547404e+00,-3.303692743967000245e-02
1.423312555754547404e+00,-3.303692743967000245e-02
1.423312555754547404e+00,-3.303692743967000245e-02
1.423312555754547404e+00,-3.303692743967000245e-02
1.423312555754547404e+00,-3.303692743967000245e-02
1.446152384361734988e+00,8.057594326663310158e-02
1.446152384361734988e+00,8.057594326663310158e-02
1.446152384361734988e+00,8.057594326663310158e-02
1.446152384361734988e+00,8.057594326663310158e-02
1.446152384361734988e+00,8.057594326663310158e-02
1.446152384361734988e+00,8.057594326663310158e-02
1.446152384361734988e+00,8.057594326663310158e-02
1.190087496903474040e+00,1.577566123370190421e-01
1.190087496903474040e+00,1.577566123370190421e-01
1.190087496903474040e+00,1.577566123370190421e-01
1.190087496903474040e+00,1.577566123370190421e-01
1.109859895409604391e+00,6.142208976786021901e-02
1.109859895409604391e+00,6.142208976786021901e-02
1.174334462045637073e+00,3.265526215715419678e-02
1.174334462045637073e+00,3.265526215715419678e-02
1.348950700207612208e+00,-1.335560031959190375e-01
1.348950700207612208e+00,-1.335560031959190375e-01
1.445134372932601607e+00,-5.818227430651606857e-03
1.148978956276656582e+00,-6.935101303775503823e-02
1.148978956276656582e+00,-6.935101303775503823e-02
1.148978956276656582e+00,-6.935101303775503823e-02
1.148978956276656582e+00,-6.935101303775503823e-02
1.024576594489206904e+00,8.186213176614029474e-02
1.362042549137576053e+00,-2.477654775806957532e-02
1.362042549137576053e+00,-2.477654775806957532e-02
1.362042549137576053e+00,-2.477654775806957532e-02
1.319779707733744534e+00,9.699714938739033288e-02
1.319779707733744534e+00,9.699714938739033288e-02
1.358818876256635111e+00,7.297297262980782795e-02
1.358818876256635111e+00,7.297297262980782795e-02
1.358818876256635111e+00,7.297297262980782795e-02
1.380062523519212103e+00,5.168566920906625395e-02
1.361706621832725839e+00,2.833825841016168745e-02
1.361706621832725839e+00,2.833825841016168745e-02
1.361706621832725839e+00,2.833825841016168745e-02
1.361706621832725839e+00,2.833825841016168745e-02
1.361706621832725839e+00,2.833825841016168745e-02
1.361706621832725839e+00,2.833825841016168745e-02
1.361706621832725839e+00,2.833825841016168745e-02
1.361706621832725839e+00,2.833825841016168745e-02
1.361706621832725839e+00,2.833825841016168745e-02
1.318892340653357254e+00,-1.457496762354919817e-01
1.318892340653357254e+00,-1.457496762354919817e-01
1.318892340653357254e+00,-1.457496762354919817e-01
1.318892340653357254e+00,-1.457496762354919817e-01
1.180959027841570252e+00,1.330304993237706734e-01
1.180959027841570252e+00,1.330304993237706734e-01
1.180959027841570252e+00,1.330304993237706734e-01
1.180959027841570252e+00,1.330304993237706734e-01
1.180959027841570252e+00,1.330304993237706734e-01
1.180959027841570252e+00,1.330304993237706734e-01
1.181710109024997735e+00,8.261842988251247299e-02
1.181710109024997735e+00,8.261842988251247299e-02
1.181710109024997735e+00,8.261842988251247299e-02
1.264791059880887136e+00,-1.873238646376518546e-01
1.264791059880887136e+00,-1.873238646376518546e-01
1.264791059880887136e+00,-1.873238646376518546e-01
1.264791059880887136e+00,-1.873238646376518546e-01
1.264791059880887136e+00,-1.873238646376518546e-01
1.264791059880887136e+00,-1.873238646376518546e-01
1.147702609924062589e+00,6.679002714213991276e-02
1.292939935172327415e+00,1.148536910316420856e-02
1.292939935172327415e+00,1.148536910316420856e-02
1.438775585915804456e+00,-2.891517612261165077e-02
1.400805208347802422e+00,1.086988074364521883e-01
1.305018330157979189e+00,1.006792426678401603e-01
1.305018330157979189e+00,1.006792426678401603e-01
1.273620445819382052e+00,1.173533463538304900e-01
1.273620445819382052e+00,1.173533463538304900e-01
1.273620445819382052e+00,1.173533463538304900e-01
1.297911865759833194e+00,7.248875439000071474e-02
1.297911865759833194e+00,7.248875439000071474e-02
1.297911865759833194e+00,7.248875439000071474e-02
1.280904355445505516e+00,-9.156414313169672359e-03
1.280904355445505516e+00,-9.156414313169672359e-03
1.280904355445505516e+00,-9.156414313169672359e-03
1.280904355445505516e+00,-9.156414313169672359e-03
1.280904355445505516e+00,-9.156414313169672359e-03
1.280904355445505516e+00,-9.156414313169672359e-03
1.281246220744611364e+00,2.731181322615171964e-02
1.264183687387392174e+00,8.126628966773652429e-02
1.264183687387392174e+00,8.126628966773652429e-02
1.140885576964504544e+00,1.174254488189824253e-01
1.140885576964504544e+00,1.174254488189824253e-01
1.140885576964504544e+00,1.174254488189824253e-01
1.295658899166494349e+00,1.685351288586841023e-01
1.439863087035322398e+00,-8.412181482403507937e-02
1.439863087035322398e+00,-8.412181482403507937e-02
1.372020888404331673e+00,-1.031909863185199727e-01
1.372020888404331673e+00,-1.031909863185199727e-01
1.364738741102705211e+00,2.788636977121564109e-02
1.364738741102705211e+00,2.788636977121564109e-02
1.364738741102705211e+00,2.788636977121564109e-02
1.364738741102705211e+00,2.788636977121564109e-02
1.364738741102705211e+00,2.788636977121564109e-02
1.364738741102705211e+00,2.788636977121564109e-02
1.364738741102705211e+00,2.788636977121564109e-02
1.364738741102705211e+00,2.788636977121564109e-02
1.364738741102705211e+00,2.788636977121564109e-02
1.327939250758828793e+00,7.949950723016629972e-02
1.327939250758828793e+00,7.949950723016629972e-02
1.396202436111475320e+00,2.477605807427035733e-02
1.320499620537312735e+00,3.529144105156785394e-02
1.320499620537312735e+00,3.529144105156785394e-02
1.320499620537312735e+00,3.529144105156785394e-02
1.320499620537312735e+00,3.529144105156785394e-02
1.151140618605046795e+00,7.653699658884366430e-02
1.277023254032933375e+00,1.390237882687550552e-01
1.277023254032933375e+00,1.390237882687550552e-01
1.277023254032933375e+00,1.390237882687550552e-01
1.277023254032933375e+00,1.390237882687550552e-01
1.277023254032933375e+00,1.390237882687550552e-01
1.277023254032933375e+00,1.390237882687550552e-01
1.289709011739539335e+00,7.189434743388650739e-03
1.367985979428667287e+00,4.184856770978134105e-02
1.195140699956141361e+00,-1.769963438650898058e-01
1.195140699956141361e+00,-1.769963438650898058e-01
1.223022943776125526e+00,-1.201570711525085794e-01
1.223022943776125526e+00,-1.201570711525085794e-01
1.402741882144208585e+00,-5.148608924808681375e-02
1.319466685759129065e+00,-8.006777337360834745e-02
1.278322193656160621e+00,1.414154019500163950e-01
1.278322193656160621e+00,1.414154019500163950e-01
1.278322193656160621e+00,1.414154019500163950e-01
1.278322193656160621e+00,1.414154019500163950e-01
1.402973595069850976e+00,1.443871263584254327e-01
1.211146830693022869e+00,2.115530189511857784e-02
1.129453197053548408e+00,9.544338197163926285e-02
1.254199490173615539e+00,6.186612907622780766e-02
1.254199490173615539e+00,6.186612907622780766e-02
1.254199490173615539e+00,6.186612907622780766e-02
1.254199490173615539e+00,6.186612907622780766e-02
1.254199490173615539e+00,6.186612907622780766e-02
1.254199490173615539e+00,6.186612907622780766e-02
1.254199490173615539e+00,6.186612907622780766e-02
1.254199490173615539e+00,6.186612907622780766e-02
1.254199490173615539e+00,6.186612907622780766e-02
1.251240129102654475e+00,1.422210740639771320e-01
1.251240129102654475e+00,1.422210740639771320e-01
1.251240129102654475e+00,1.422210740639771320e-01
1.251240129102654475e+00,1.422210740639771320e-01
1.251240129102654475e+00,1.422210740639771320e-01
1.251240129102654475e+00,1.422210740639771320e-01
1.251240129102654475e+00,1.422210740639771320e-01
1.348703975145915113e+00,-1.194735676596266616e-01
1.348703975145915113e+00,-1.194735676596266616e-01
1.379388354123590510e+00,-1.346289547552434462e-01
1.379388354123590510e+00,-1.346289547552434462e-01
1.426652716490796280e+00,-6.147312673161930974e-03
1.375206749320727173e+00,-1.167391940226530783e-01
1.128837037974767643e+00,-9.100812858539369943e-02
1.323877368473930005e+00,-2.123173256713662416e-01
1.323877368473930005e+00,-2.123173256713662416e-01
1.323877368473930005e+00,-2.123173256713662416e-01
1.319778730427995095e+00,-5.590787111721168268e-02
1.319778730427995095e+00,-5.590787111721168268e-02
1.319778730427995095e+00,-5.590787111721168268e-02
1.319778730427995095e+00,-5.590787111721168268e-02
1.319778730427995095e+00,-5.590787111721168268e-02
1.319778730427995095e+00,-5.590787111721168268e-02
1.324363905524575946e+00,6.951863046991413331e-03
1.324363905524575946e+00,6.951863046991413331e-03
1.324363905524575946e+00,6.951863046991413331e-03
1.324363905524575946e+00,6.951863046991413331e-03
1.324363905524575946e+00,6.951863046991413331e-03
1.324363905524575946e+00,6.951863046991413331e-03
1.293689994073397465e+00,-1.407474504545669011e-02
1.293689994073397465e+00,-1.407474504545669011e-02
1.241094749486605364e+00,-4.101623923572007835e-02
1.241094749486605364e+00,-4.101623923572007835e-02
1.241094749486605364e+00,-4.101623923572007835e-02
1.241094749486605364e+00,-4.101623923572007835e-02
1.241094749486605364e+00,-4.101623923572007835e-02
1.241094749486605364e+00,-4.101623923572007835e-02
1.407631563264328367e+00,1.862122678934281100e-02
1.407631563264328367e+00,1.862122678934281100e-02
1.407631563264328367e+00,1.862122678934281100e-02
1.350433060233474203e+00,1.492087588193136694e-01
1.503960311131539385e+00,-1.029607406829111671e-01
1.470163950723939461e+00,-7.479417406535335267e-02
1.322364096505608932e+00,-5.243289445673726679e-02
1.322364096505608932e+00,-5.243289445673726679e-02
1.198253313784178653e+00,1.798271009775263829e-02
1.198253313784178653e+00,1.798271009775263829e-02
1.198253313784178653e+00,1.798271009775263829e-02
1.198253313784178653e+00,1.798271009775263829e-02
1.198253313784178653e+00,1.798271009775263829e-02
1.198253313784178653e+00,1.798271009775263829e-02
1.198253313784178653e+00,1.798271009775263829e-02
1.252766520507950121e+00,-1.238082578370887366e-02
1.146086846705809403e+00,-2.068297796408348765e-01
1.345524186573560099e+00,-5.061753099345431273e-02
1.345524186573560099e+00,-5.061753099345431273e-02
1.345524186573560099e+00,-5.061753099345431273e-02
1.345524186573560099e+00,-5.061753099345431273e-02
1.345524186573560099e+00,-5.061753099345431273e-02
1.345524186573560099e+00,-5.061753099345431273e-02
1.345524186573560099e+00,-5.061753099345431273e-02
1.225642228710952075e+00,1.223311518148577082e-01
1.225642228710952075e+00,1.223311518148577082e-01
1.378535207521032202e+00,-1.417257241110483901e-03
1.222147109573996859e+00,8.016829472609633689e-02
1.222147109573996859e+00,8.016829472609633689e-02
1.222147109573996859e+00,8.016829472609633689e-02
1.222147109573996859e+00,8.016829472609633689e-02
1.222147109573996859e+00,8.016829472609633689e-02
1.222147109573996859e+00,8.016829472609633689e-02
1.419616835649059716e+00,8.714821572773129299e-02
1.389212115899800759e+00,1.756776269214511133e-01
1.389212115899800759e+00,1.756776269214511133e-01
1.378557070392844253e+00,6.264911865950240077e-03
1.399563716671015534e+00,1.184903356603088029e-02
1.418698707540637649e+00,-1.061553550959537240e-01
1.325292897308154583e+00,3.086964357925212066e-02
1.325292897308154583e+00,3.086964357925212066e-02
1.325292897308154583e+00,3.086964357925212066e-02
1.325292897308154583e+00,3.086964357925212066e-02
1.211232977288041024e+00,-6.827965040163190558e-03
1.211232977288041024e+00,-6.827965040163190558e-03
1.196636848247941698e+00,-1.396805303996075109e-02
1.264463283038145702e+00,1.357283183874264873e-02
1.264463283038145702e+00,1.357283183874264873e-02
1.264463283038145702e+00,1.357283183874264873e-02
1.264463283038145702e+00,1.357283183874264873e-02
1.264463283038145702e+00,1.357283183874264873e-02
1.264463283038145702e+00,1.357283183874264873e-02
1.264463283038145702e+00,1.357283183874264873e-02
1.264463283038145702e+00,1.357283183874264873e-02
1.264463283038145702e+00,1.357283183874264873e-02
1.264463283038145702e+00,1.357283183874264873e-02
1.298481309197789813e+00,-3.492311417443080823e-02
1.259960642704884393e+00,6.077704955505472406e-02
1.259960642704884393e+00,6.077704955505472406e-02
1.259960642704884393e+00,6.077704955505472406e-02
1.259960642704884393e+00,6.077704955505472406e-02
1.259960642704884393e+00,6.077704955505472406e-02
1.259960642704884393e+00,6.077704955505472406e-02
1.259960642704884393e+00,6.077704955505472406e-02
1.259960642704884393e+00,6.077704955505472406e-02
1.259096417550570779e+00,1.149477246343647147e-01
1.370082646645448543e+00,7.857405013556775786e-02
1.370082646645448543e+00,7.857405013556775786e-02
1.189987969554761937e+00,9.230996779435703126e-02
1.154576989520733621e+00,8.263323457326664234e-02
1.154576989520733621e+00,8.263323457326664234e-02
1.154576989520733621e+00,8.263323457326664234e-02
1.154576989520733621e+00,8.263323457326664234e-02
1.154576989520733621e+00,8.263323457326664234e-02
1.154576989520733621e+00,8.263323457326664234e-02
1.154576989520733621e+00,8.263323457326664234e-02
1.376924275468865311e+00,5.645945428847046199e-02
1.376924275468865311e+00,5.645945428847046199e-02
1.376924275468865311e+00,5.645945428847046199e-02
1.376924275468865311e+00,5.645945428847046199e-02
1.376924275468865311e+00,5.645945428847046199e-02
1.397029623679012955e+00,-2.539987629326141694e-02
1.397029623679012955e+00,-2.539987629326141694e-02
1.397029623679012955e+00,-2.539987629326141694e-02
1.397029623679012955e+00,-2.539987629326141694e-02
1.397029623679012955e+00,-2.539987629326141694e-02
1.397029623679012955e+00,-2.539987629326141694e-02
1.241316964980688109e+00,-6.302924396421852316e-02
1.241316964980688109e+00,-6.302924396421852316e-02
1.262398956141035589e+00,4.644117286212276485e-02
1.066770500005613576e+00,-1.148582576967563107e-01
1.088201914562248129e+00,7.818831131919781741e-02
8.519039189272367141e-01,2.074317750168183649e-03
8.519039189272367141e-01,2.074317750168183649e-03
8.519039189272367141e-01,2.074317750168183649e-03
8.519504427029841453e-01,-1.068754876952597230e-02
8.519504427029841453e-01,-1.068754876952597230e-02
8.519504427029841453e-01,-1.068754876952597230e-02
9.360972810892519425e-01,8.218394823684349593e-02
9.502948412626948116e-01,3.939282916716078248e-02
1.037809943382919320e+00,6.462602618825981360e-02
1.037809943382919320e+00,6.462602618825981360e-02
1.037809943382919320e+00,6.462602618825981360e-02
1.037809943382919320e+00,6.462602618825981360e-02
1.130165914265258920e+00,-6.065705252129420522e-02
1.206011640938557061e+00,-2.672216867718726907e-02
1.161676144984913339e+00,-1.265770533825543165e-01
1.265515536114095729e+00,-4.545977687851028570e-02
1.265515536114095729e+00,-4.545977687851028570e-02
1.191698256625247421e+00,1.275065315987085612e-01
1.191698256625247421e+00,1.275065315987085612e-01
1.277169708815273808e+00,-1.562920768600605248e-01
1.277169708815273808e+00,-1.562920768600605248e-01
1.277169708815273808e+00,-1.562920768600605248e-01
1.277169708815273808e+00,-1.562920768600605248e-01
1.277169708815273808e+00,-1.562920768600605248e-01
1.277169708815273808e+00,-1.562920768600605248e-01
1.277169708815273808e+00,-1.562920768600605248e-01
1.277169708815273808e+00,-1.562920768600605248e-01
1.277169708815273808e+00,-1.562920768600605248e-01
1.277169708815273808e+00,-1.562920768600605248e-01
1.277169708815273808e+00,-1.562920768600605248e-01
1.277169708815273808e+00,-1.562920768600605248e-01
1.524507843106101657e+00,-9.773138703953565543e-02
1.524507843106101657e+00,-9.773138703953565543e-02
1.524507843106101657e+00,-9.773138703953565543e-02
1.288863265561721372e+00,-9.542830016411794902e-02
1.288863265561721372e+00,-9.542830016411794902e-02
1.179739769913933589e+00,2.885227084616484583e-03
1.179739769913933589e+00,2.885227084616484583e-03
1.179739769913933589e+00,2.885227084616484583e-03
1.179739769913933589e+00,2.885227084616484583e-03
1.179739769913933589e+00,2.885227084616484583e-03
1.179739769913933589e+00,2.885227084616484583e-03
1.183482451809124480e+00,6.823987088410840389e-03
1.210013921276024806e+00,-3.530890329345984235e-02
1.189549898856782306e+00,1.047587702523070097e-01
1.189549898856782306e+00,1.047587702523070097e-01
1.088398808888491720e+00,1.633466445051096616e-01
1.094514781743253229e+00,-5.188408373892855474e-02
1.160167931150496434e+00,1.733632040853743950e-01
1.160167931150496434e+00,1.733632040853743950e-01
1.116413209576858412e+00,2.463539612220941866e-01
1.045235050643211983e+00,2.601259308290404526e-01
1.004958142310960589e+00,1.331940066309345583e-01
1.004958142310960589e+00,1.331940066309345583e-01
1.094189450078780546e+00,1.469363465673267921e-02
1.198366213507918943e+00,-1.182489551928081195e-01
1.198366213507918943e+00,-1.182489551928081195e-01
1.268466624775638874e+00,-8.874772882603590429e-02
1.251498984691305161e+00,-1.477214701487288284e-01
1.251498984691305161e+00,-1.477214701487288284e-01
1.187253855331565244e+00,7.902222302298556045e-02
1.187253855331565244e+00,7.902222302298556045e-02
1.187253855331565244e+00,7.902222302298556045e-02
1.187253855331565244e+00,7.902222302298556045e-02
1.149949920402664416e+00,-4.498329302364005577e-02
1.149949920402664416e+00,-4.498329302364005577e-02
1.149949920402664416e+00,-4.498329302364005577e-02
1.388576226935738012e+00,7.556053124253223063e-02
1.388576226935738012e+00,7.556053124253223063e-02
1.388576226935738012e+00,7.556053124253223063e-02
1.388576226935738012e+00,7.556053124253223063e-02
1.355062568438765602e+00,-5.232610422191905086e-02
1.355062568438765602e+00,-5.232610422191905086e-02
1.355062568438765602e+00,-5.232610422191905086e-02
1.355062568438765602e+00,-5.232610422191905086e-02
1.355062568438765602e+00,-5.232610422191905086e-02
1.355062568438765602e+00,-5.232610422191905086e-02
1.355062568438765602e+00,-5.232610422191905086e-02
1.355062568438765602e+00,-5.232610422191905086e-02
1.355062568438765602e+00,-5.232610422191905086e-02
1.250739958785857864e+00,1.086829197838293515e-01
1.201248098752663251e+00,2.674906200714990967e-03
1.199195005447645901e+00,-1.279457942052560603e-02
1.269226544522467082e+00,-1.172923563500985478e-01
1.087458828205172479e+00,-1.727958201796875315e-01
1.087458828205172479e+00,-1.727958201796875315e-01
1.014061264490391023e+00,-2.071161507129502533e-01
1.014061264490391023e+00,-2.071161507129502533e-01
1.014061264490391023e+00,-2.071161507129502533e-01
1.309265231743856894e+00,-1.801723519084878766e-01
1.309265231743856894e+00,-1.801723519084878766e-01
1.395939738184790890e+00,-1.269872226439563156e-01
1.324563477776663056e+00,-1.053202256766656852e-02
1.117020972207356078e+00,1.514844436355043400e-01
1.117020972207356078e+00,1.514844436355043400e-01
1.117020972207356078e+00,1.514844436355043400e-01
1.117020972207356078e+00,1.514844436355043400e-01
1.117020972207356078e+00,1.514844436355043400e-01
1.117020972207356078e+00,1.514844436355043400e-01
1.117020972207356078e+00,1.514844436355043400e-01
1.117020972207356078e+00,1.514844436355043400e-01
1.117020972207356078e+00,1.514844436355043400e-01
1.117020972207356078e+00,1.514844436355043400e-01
1.081185155422026645e+00,5.583385372306461092e-02
1.081185155422026645e+00,5.583385372306461092e-02
1.081185155422026645e+00,5.583385372306461092e-02
1.447100177591870374e+00,2.644296747081651897e-02
1.447100177591870374e+00,2.644296747081651897e-02
1.288638072658645939e+00,5.947636312465991171e-02
1.288638072658645939e+00,5.947636312465991171e-02
1.230911901253975094e+00,-4.620102528427441624e-03
1.230911901253975094e+00,-4.620102528427441624e-03
1.174260786858559724e+00,-2.025961208750419462e-02
1.128089676006460929e+00,-8.465572792105569011e-02
1.327611442787724139e+00,1.716379142401546209e-01
1.361306979388225091e+00,-2.620117159313903321e-02
1.361306979388225091e+00,-2.620117159313903321e-02
1.361306979388225091e+00,-2.620117159313903321e-02
1.361306979388225091e+00,-2.620117159313903321e-02
1.361306979388225091e+00,-2.620117159313903321e-02
1.361306979388225091e+00,-2.620117159313903321e-02
1.361306979388225091e+00,-2.620117159313903321e-02
1.361306979388225091e+00,-2.620117159313903321e-02
1.320606513678501459e+00,4.513448509314117729e-02
1.320606513678501459e+00,4.513448509314117729e-02
1.257099646720490904e+00,8.552170277839238333e-02
1.257099646720490904e+00,8.552170277839238333e-02
1.257099646720490904e+00,8.552170277839238333e-02
1.257099646720490904e+00,8.552170277839238333e-02
1.257099646720490904e+00,8.552170277839238333e-02
1.257099646720490904e+00,8.552170277839238333e-02
1.257099646720490904e+00,8.552170277839238333e-02
1.257099646720490904e+00,8.552170277839238333e-02
1.257099646720490904e+00,8.552170277839238333e-02
1.177955609730440667e+00,7.758559805911205420e-02
1.293805063274232170e+00,3.798035677102882396e-02
1.318291474642712569e+00,-1.970699034101117131e-04
1.318291474642712569e+00,-1.970699034101117131e-04
1.318291474642712569e+00,-1.970699034101117131e-04
1.353050195928562127e+00,-1.440297359551387900e-02
1.395718366516550679e+00,-2.191106406398914824e-02
1.395718366516550679e+00,-2.191106406398914824e-02
1.232084181877781459e+00,1.322601721981941925e-02
1.232084181877781459e+00,1.322601721981941925e-02
1.216051141739184382e+00,-2.492721817730886302e-02
1.216051141739184382e+00,-2.492721817730886302e-02
1.216051141739184382e+00,-2.492721817730886302e-02
1.216051141739184382e+00,-2.492721817730886302e-02
1.251967018599886572e+00,4.752627689834319769e-02
1.251967018599886572e+00,4.752627689834319769e-02
1.251967018599886572e+00,4.752627689834319769e-02
1.251967018599886572e+00,4.752627689834319769e-02
1.251967018599886572e+00,4.752627689834319769e-02
1.251967018599886572e+00,4.752627689834319769e-02
1.251967018599886572e+00,4.752627689834319769e-02
1.333575726064755607e+00,-3.780577800011433731e-02
1.333575726064755607e+00,-3.780577800011433731e-02
1.333575726064755607e+00,-3.780577800011433731e-02
1.333575726064755607e+00,-3.780577800011433731e-02
1.333575726064755607e+00,-3.780577800011433731e-02
1.184196362753193732e+00,4.115440885454875464e-02
1.184196362753193732e+00,4.115440885454875464e-02
1.211392517758509202e+00,-7.545609265304419055e-03
1.081715682981853499e+00,1.232552372667284346e-01
9.891682714048425362e-01,-1.280978683019492470e-01
9.891682714048425362e-01,-1.280978683019492470e-01
9.891682714048425362e-01,-1.280978683019492470e-01
1.137768902107128000e+00,-1.155037232062483543e-01
1.137768902107128000e+00,-1.155037232062483543e-01
1.137768902107128000e+00,-1.155037232062483543e-01
1.137768902107128000e+00,-1.155037232062483543e-01
1.137768902107128000e+00,-1.155037232062483543e-01
1.199611098330135128e+00,-2.573159410534565650e-01
1.164325348813125105e+00,-2.730618672631643373e-01
1.102310662586235779e+00,-4.234121185253771902e-01
1.102310662586235779e+00,-4.234121185253771902e-01
1.073338100813820306e+00,-3.452938175764974083e-01
1.073338100813820306e+00,-3.452938175764974083e-01
9.938440091695565082e-01,-2.373768815021966572e-01
9.938440091695565082e-01,-2.373768815021966572e-01
1.100404864502954494e+00,-1.841181860588473607e-01
1.100404864502954494e+00,-1.841181860588473607e-01
1.100404864502954494e+00,-1.841181860588473607e-01
1.100404864502954494e+00,-1.841181860588473607e-01
1.142404640877716426e+00,-6.686802408526618113e-02
1.041742233638179860e+00,-7.460263812635099800e-02
1.116771425107637716e+00,7.142228912079488790e-02
1.116771425107637716e+00,7.142228912079488790e-02
1.269905194539511895e+00,-1.186960665155612632e-01
1.366025005625560063e+00,-2.102339684428055910e-01
1.489157133763763019e+00,-1.798254744382198900e-01
1.489157133763763019e+00,-1.798254744382198900e-01
1.489157133763763019e+00,-1.798254744382198900e-01
1.489157133763763019e+00,-1.798254744382198900e-01
1.560854159173989952e+00,-4.207388351056923215e-02
1.560854159173989952e+00,-4.207388351056923215e-02
1.511696786509736157e+00,-1.593559816749047509e-01
1.511696786509736157e+00,-1.593559816749047509e-01
1.309232939912557514e+00,-2.957990577427378476e-01
1.257963903847356901e+00,-1.980863159617186064e-01
1.257963903847356901e+00,-1.980863159617186064e-01
1.375802735252738662e+00,-1.005695658845583706e-01
1.353875791741328216e+00,-8.652908735188072353e-02
1.353875791741328216e+00,-8.652908735188072353e-02
1.353875791741328216e+00,-8.652908735188072353e-02
1.313713925280434403e+00,6.111300361731680786e-02
1.313713925280434403e+00,6.111300361731680786e-02
1.307462212760202913e+00,-1.457915055986812036e-01
1.139049808445352419e+00,-1.859850606680951146e-01
1.071643372218233914e+00,1.606997095573653445e-02
1.149777199685449780e+00,-2.012242483342844279e-01
1.149777199685449780e+00,-2.012242483342844279e-01
1.187522918133444128e+00,-1.679167051533359545e-01
1.217698302347334893e+00,-1.508947156259653199e-01
1.135468595322552954e+00,-3.777075229884396812e-02
1.239554720582794367e+00,-1.298532982421316540e-01
1.330200890347727816e+00,8.069043429979083637e-02
1.330200890347727816e+00,8.069043429979083637e-02
1.330200890347727816e+00,8.069043429979083637e-02
1.090673105033574508e+00,7.233030104336243826e-02
1.090673105033574508e+00,7.233030104336243826e-02
1.090673105033574508e+00,7.233030104336243826e-02
1.090673105033574508e+00,7.233030104336243826e-02
1.146489822723893326e+00,-1.430219630884727311e-01
1.265905771730883700e+00,-3.400822240831637144e-02
1.201678236262979649e+00,-1.461352731410416605e-01
1.201678236262979649e+00,-1.461352731410416605e-01
1.201678236262979649e+00,-1.461352731410416605e-01
