x_model,y_model
-7.566128549000126213e-01,-1.589544499385875942e-01
-4.827582626827863765e-01,-1.696914052188880084e-01
-4.827582626827863765e-01,-1.696914052188880084e-01
-4.827582626827863765e-01,-1.696914052188880084e-01
-6.968516712921598577e-01,-2.934256946249148568e-01
-5.060793240284692240e-01,-3.105875586797054999e-01
-3.147959860414527578e-01,-8.903551614130517100e-02
-6.371890055000475339e-01,-7.077474013783260909e-02
-6.671920623160164654e-01,-1.478768763047383084e-01
-7.224518499152819961e-01,-1.233959663552408881e-01
-7.224518499152819961e-01,-1.233959663552408881e-01
-5.024776587035916231e-01,6.156330243110086364e-02
-5.024776587035916231e-01,6.156330243110086364e-02
-6.987501843945045366e-01,-7.630652332980514263e-02
-6.987501843945045366e-01,-7.630652332980514263e-02
-6.987501843945045366e-01,-7.630652332980514263e-02
-6.987501843945045366e-01,-7.630652332980514263e-02
-6.816235600465170297e-01,-6.921469400133084537e-02
-6.881744024791680570e-01,-3.977707426461891266e-02
-6.459721395081577944e-01,3.585911946759806623e-03
-6.459721395081577944e-01,3.585911946759806623e-03
-6.459721395081577944e-01,3.585911946759806623e-03
-6.459721395081577944e-01,3.585911946759806623e-03
-4.598077248769216752e-01,-1.468633989692603725e-01
-4.192560676398150998e-01,-2.095459092904799481e-01
-4.337558837271280887e-01,-9.057902270182098536e-02
-4.337558837271280887e-01,-9.057902270182098536e-02
-4.333364865599938498e-01,-1.259285534567545217e-01
-4.442032971039643341e-01,-4.336221715877200400e-02
-3.693310920813611675e-01,-1.275143115488717727e-01
-3.902458022752635092e-01,-5.393670020034978252e-02
-3.902458022752635092e-01,-5.393670020034978252e-02
-3.878190386714988058e-01,-2.184308591500970786e-01
-3.878190386714988058e-01,-2.184308591500970786e-01
-3.878190386714988058e-01,-2.184308591500970786e-01
-4.060914774921355885e-01,-6.435104652057219154e-02
-4.060914774921355885e-01,-6.435104652057219154e-02
-4.811517145280698737e-01,4.509202226159855775e-02
-4.747855170995075591e-01,7.273162842949197626e-02
-4.350189060754705572e-01,1.180268091724475249e-01
-4.350189060754705572e-01,1.180268091724475249e-01
-4.350189060754705572e-01,1.180268091724475249e-01
-4.350189060754705572e-01,1.180268091724475249e-01
-4.350189060754705572e-01,1.180268091724475249e-01
-3.969413024788783217e-01,-6.402018783631867327e-02
-3.969413024788783217e-01,-6.402018783631867327e-02
-5.526942924955062786e-01,-7.553506831546236144e-02
-5.526942924955062786e-01,-7.553506831546236144e-02
-6.037197003216142610e-01,-1.273432243093658434e-01
-6.037197003216142610e-01,-1.273432243093658434e-01
-6.200287168615876698e-01,-1.206345140839006486e-01
-5.546724488190086788e-01,-2.810675595735997456e-01
-5.546724488190086788e-01,-2.810675595735997456e-01
-5.546724488190086788e-01,-2.810675595735997456e-01
-7.390199262106315059e-01,-2.568831713062696975e-01
-7.390199262106315059e-01,-2.568831713062696975e-01
-5.466980943600727727e-01,1.039712155309202579e-02
-4.286582678070001151e-01,-3.054481170217226982e-02
-3.048354307696808374e-01,3.127094697719261934e-02
-5.593370030306528129e-01,1.900806299650415199e-01
-5.593370030306528129e-01,1.900806299650415199e-01
-5.593370030306528129e-01,1.900806299650415199e-01
-6.103346345455689104e-01,2.564290757501825890e-01
-6.103346345455689104e-01,2.564290757501825890e-01
-6.103346345455689104e-01,2.564290757501825890e-01
-8.224704582518848062e-01,1.975572089089092098e-01
-8.224704582518848062e-01,1.975572089089092098e-01
-6.973506350463243297e-01,1.307308085627703620e-02
-6.973506350463243297e-01,1.307308085627703620e-02
-6.973506350463243297e-01,1.307308085627703620e-02
-6.973506350463243297e-01,1.307308085627703620e-02
-6.973506350463243297e-01,1.307308085627703620e-02
-6.973506350463243297e-01,1.307308085627703620e-02
-6.973506350463243297e-01,1.307308085627703620e-02
-7.418350728021571028e-01,6.119634460944330112e-02
-6.744873638149155859e-01,1.375186267772233739e-01
-7.501278278154466239e-01,1.010062702011148839e-01
-7.501278278154466239e-01,1.010062702011148839e-01
-6.795985736732046423e-01,2.160158904471023988e-02
-6.795985736732046423e-01,2.160158904471023988e-02
-8.128095149732461611e-01,-9.699609285564977923e-02
-8.210463646412692329e-01,-1.218628404759760087e-01
-8.210463646412692329e-01,-1.218628404759760087e-01
-8.210463646412692329e-01,-1.218628404759760087e-01
-6.655356489214475646e-01,-3.278343117097262671e-02
-6.640443931403821054e-01,1.671447530153544886e-02
-6.640443931403821054e-01,1.671447530153544886e-02
-6.540801967677408735e-01,1.049366133778155408e-02
-6.540801967677408735e-01,1.049366133778155408e-02
-6.540801967677408735e-01,1.049366133778155408e-02
-6.477286530908121787e-01,8.626033722816428551e-02
-6.477286530908121787e-01,8.626033722816428551e-02
-4.078324004345978970e-01,-9.011567841439918625e-02
-4.078324004345978970e-01,-9.011567841439918625e-02
-3.736219282208899650e-01,-2.453355169225503174e-02
-5.094334045921804499e-01,-1.250235738170015487e-01
-5.094334045921804499e-01,-1.250235738170015487e-01
-4.352747931011619054e-01,-6.989229985088998842e-02
-4.352747931011619054e-01,-6.989229985088998842e-02
-4.352747931011619054e-01,-6.989229985088998842e-02
-6.502867463238239942e-01,-1.162708631144566823e-01
-5.746844650536315768e-01,-1.295303010085665507e-01
-5.746844650536315768e-01,-1.295303010085665507e-01
-5.746844650536315768e-01,-1.295303010085665507e-01
-3.883553643273779943e-01,5.370868240032264374e-02
-3.883553643273779943e-01,5.370868240032264374e-02
-2.468188124078315449e-01,1.174545035180155905e-01
-2.753710619429159401e-01,2.996657007038591725e-03
-3.235652107047071180e-01,-1.970621096085631851e-01
-3.235652107047071180e-01,-1.970621096085631851e-01
-3.235652107047071180e-01,-1.970621096085631851e-01
-3.235652107047071180e-01,-1.970621096085631851e-01
-3.235652107047071180e-01,-1.970621096085631851e-01
-5.018162426986740865e-01,-1.717675788104189305e-01
-5.158336769998975724e-01,1.694401404523993016e-02
-5.158336769998975724e-01,1.694401404523993016e-02
-4.852066930333382988e-01,1.272298834005604860e-02
-4.852066930333382988e-01,1.272298834005604860e-02
-6.778296787313745630e-01,-8.291781404598519423e-02
-6.528217031919881785e-01,7.917881514330632475e-02
-6.528217031919881785e-01,7.917881514330632475e-02
-6.528217031919881785e-01,7.917881514330632475e-02
-6.528217031919881785e-01,7.917881514330632475e-02
-5.787236548861234287e-01,3.482374314532873244e-02
-5.778737477456007410e-01,8.527347035026550115e-02
-5.778737477456007410e-01,8.527347035026550115e-02
-8.318949341633297134e-01,1.333691564778257121e-01
-8.318949341633297134e-01,1.333691564778257121e-01
-5.114144401615992042e-01,2.259685660087950021e-01
-5.114144401615992042e-01,2.259685660087950021e-01
-5.354185882953588216e-01,2.314480573806968200e-01
-6.276986162708015904e-01,2.218003566871069310e-01
-6.143629131274502830e-01,3.018241471127697251e-02
-6.143629131274502830e-01,3.018241471127697251e-02
-7.774709875137381099e-01,6.738030978091677503e-02
-7.774709875137381099e-01,6.738030978091677503e-02
-7.774709875137381099e-01,6.738030978091677503e-02
-7.774709875137381099e-01,6.738030978091677503e-02
-7.774709875137381099e-01,6.738030978091677503e-02
-7.774709875137381099e-01,6.738030978091677503e-02
-7.774709875137381099e-01,6.738030978091677503e-02
-7.774709875137381099e-01,6.738030978091677503e-02
-5.633491067666107632e-01,1.479221953846459048e-01
-5.633491067666107632e-01,1.479221953846459048e-01
-5.440983331239601650e-01,-5.016583380063263653e-02
-5.440983331239601650e-01,-5.016583380063263653e-02
-5.440983331239601650e-01,-5.016583380063263653e-02
-5.440983331239601650e-01,-5.016583380063263653e-02
-5.440983331239601650e-01,-5.016583380063263653e-02
-7.051157856219052444e-01,1.653823055035198719e-02
-7.051157856219052444e-01,1.653823055035198719e-02
-7.051157856219052444e-01,1.653823055035198719e-02
-7.051157856219052444e-01,1.653823055035198719e-02
-7.130041645189074684e-01,3.267763781511272975e-02
-7.130041645189074684e-01,3.267763781511272975e-02
-5.582651272973913059e-01,1.850344602494217450e-01
-5.582651272973913059e-01,1.850344602494217450e-01
-7.185132519386757677e-01,5.947350119893191067e-02
-7.795317567899909816e-01,-2.496017453110108142e-02
-6.838492695867195437e-01,3.125484286827043268e-02
-6.838492695867195437e-01,3.125484286827043268e-02
-6.963754505435537645e-01,-1.464248933771351568e-01
-6.963754505435537645e-01,-1.464248933771351568e-01
-6.963754505435537645e-01,-1.464248933771351568e-01
-7.417756701848552403e-01,-5.082963118265282354e-03
-6.030661855928174386e-01,1.850131434257335505e-01
-7.046640519105692446e-01,1.412179479596386844e-01
-7.046640519105692446e-01,1.412179479596386844e-01
-7.046640519105692446e-01,1.412179479596386844e-01
-3.497778998425574715e-01,1.916126318678101070e-01
-3.497778998425574715e-01,1.916126318678101070e-01
-3.455282040629420459e-01,-1.720052391326425123e-01
-3.455282040629420459e-01,-1.720052391326425123e-01
-3.455282040629420459e-01,-1.720052391326425123e-01
-3.455282040629420459e-01,-1.720052391326425123e-01
-2.980164594873757622e-01,-7.209329997813558599e-02
-2.980164594873757622e-01,-7.209329997813558599e-02
-2.599804157991281728e-01,-3.334804283398116187e-01
-5.518040209780086247e-01,-5.516029188196964750e-01
-5.518040209780086247e-01,-5.516029188196964750e-01
-2.751095608028819028e-01,-5.787275697773685001e-01
-2.751095608028819028e-01,-5.787275697773685001e-01
-5.202786261061977946e-01,-5.611101089627774652e-01
-4.377519910192649299e-01,-5.434150086045437256e-01
-6.273381240511588519e-01,-5.102969246896988942e-01
-6.273381240511588519e-01,-5.102969246896988942e-01
-6.273381240511588519e-01,-5.102969246896988942e-01
-6.273381240511588519e-01,-5.102969246896988942e-01
-4.351342956874730827e-01,-4.256583607213301201e-01
-4.984782004840638825e-01,-8.466100438049006804e-02
-4.984782004840638825e-01,-8.466100438049006804e-02
-4.984782004840638825e-01,-8.466100438049006804e-02
-6.303360581098810256e-01,1.529855516444648122e-01
-3.988140965806975524e-01,1.611386698861751732e-01
-3.013487322905495924e-01,8.887640045977134029e-02
-3.013487322905495924e-01,8.887640045977134029e-02
-3.013487322905495924e-01,8.887640045977134029e-02
-3.013487322905495924e-01,8.887640045977134029e-02
-3.013487322905495924e-01,8.887640045977134029e-02
-2.876260384354557553e-01,1.559721115616925780e-02
-2.869339262416813474e-01,1.250021491259902806e-01
-3.925754019049317867e-01,4.344930727425540262e-02
-5.291626597876244453e-01,-2.076411544869326276e-02
-5.291626597876244453e-01,-2.076411544869326276e-02
-5.291626597876244453e-01,-2.076411544869326276e-02
-4.747346158773368963e-01,1.075697402965430233e-02
-6.406859133235577319e-01,8.075398092872471123e-02
-5.921884332872869861e-01,2.144135928698195359e-01
-5.614595722235923292e-01,7.602458450853222249e-03
-5.804440391066448823e-01,2.162649297232767942e-01
-4.972146381813198346e-01,-9.684824486677026667e-02
-4.972146381813198346e-01,-9.684824486677026667e-02
-3.697573670371681609e-01,3.399423358278830243e-02
-3.697573670371681609e-01,3.399423358278830243e-02
-3.697573670371681609e-01,3.399423358278830243e-02
-6.101684413642421978e-01,1.119872398542867548e-01
-6.101684413642421978e-01,1.119872398542867548e-01
-6.101684413642421978e-01,1.119872398542867548e-01
-5.974778858007512294e-01,-6.195326789291301373e-02
-5.243862242857407763e-01,-2.056344591016994738e-01
-5.243862242857407763e-01,-2.056344591016994738e-01
-3.892905123077985419e-01,5.128306395778270410e-03
-4.788477245212970357e-01,2.826688364921089991e-02
-4.788477245212970357e-01,2.826688364921089991e-02
-4.788477245212970357e-01,2.826688364921089991e-02
-4.788477245212970357e-01,2.826688364921089991e-02
-6.399974621832238419e-01,-1.654574944674667980e-02
-6.399974621832238419e-01,-1.654574944674667980e-02
-6.399974621832238419e-01,-1.654574944674667980e-02
-7.297774550996010134e-01,-8.094748142795829549e-02
-4.774675267012574165e-01,9.204130946345093212e-02
-7.115137239790016999e-01,3.261296539662305455e-02
-7.115137239790016999e-01,3.261296539662305455e-02
-5.971378778488345418e-01,2.108549315558857218e-01
-5.971378778488345418e-01,2.108549315558857218e-01
-5.971378778488345418e-01,2.108549315558857218e-01
-4.935514105139343632e-01,1.879910748676626164e-01
-4.935514105139343632e-01,1.879910748676626164e-01
-5.227170915616601299e-01,1.143359436135546747e-01
-5.227170915616601299e-01,1.143359436135546747e-01
-5.078920888047451232e-01,2.668316631687666085e-01
-7.588092697978394696e-01,-1.048229691268166563e-01
-7.588092697978394696e-01,-1.048229691268166563e-01
-7.301720675041729613e-01,-4.606994592162863555e-02
-6.107991520519455708e-01,4.069024875271563813e-02
-4.913364276930379249e-01,-4.382487579260581356e-03
-3.654186382134502198e-01,-1.177768327323274189e-01
-3.654186382134502198e-01,-1.177768327323274189e-01
-2.663238714964376586e-01,-1.599721809959007701e-01
-2.920818741552559938e-01,-3.325394600551800917e-02
-5.978205660127420273e-01,-8.489555170191112610e-02
-4.772674726605565243e-01,5.012643724938012357e-02
-3.124575228331036847e-01,3.553614097596294319e-02
-3.124575228331036847e-01,3.553614097596294319e-02
-3.635823938177983883e-01,-4.589173062118077906e-02
-4.272236258514425233e-01,-2.632395896715149231e-03
-7.596115287073297306e-01,-8.033945388364391316e-02
-7.596115287073297306e-01,-8.033945388364391316e-02
-7.596115287073297306e-01,-8.033945388364391316e-02
-7.596115287073297306e-01,-8.033945388364391316e-02
-7.596115287073297306e-01,-8.033945388364391316e-02
-7.596115287073297306e-01,-8.033945388364391316e-02
-7.477358555760225123e-01,-1.705505494086095863e-01
-5.225887433242374369e-01,8.840102066078703302e-02
-5.225887433242374369e-01,8.840102066078703302e-02
-4.976247436442522987e-01,2.095781280373558708e-01
-4.456344730498719708e-01,9.895069575187909194e-02
-6.038655734563953548e-01,4.292253678996604815e-02
-6.038655734563953548e-01,4.292253678996604815e-02
-5.127009479219466481e-01,2.269152579475312154e-02
-5.985190027802974599e-01,-2.259524186089334474e-02
-5.985190027802974599e-01,-2.259524186089334474e-02
-5.985190027802974599e-01,-2.259524186089334474e-02
-5.364763329351971421e-01,1.915883764381204335e-03
-5.364763329351971421e-01,1.915883764381204335e-03
-5.893444205120279555e-01,2.643385104387294474e-02
-6.254811565953136698e-01,1.547343186903724598e-02
-6.254811565953136698e-01,1.547343186903724598e-02
-6.855347997343681499e-01,-2.223673981573478370e-02
-6.855347997343681499e-01,-2.223673981573478370e-02
-7.004281373420232493e-01,-1.258845792927915097e-01
-8.120019318958756616e-01,7.070092563011048936e-02
-8.080986711495251607e-01,4.629035254444441999e-02
-8.080986711495251607e-01,4.629035254444441999e-02
-8.080986711495251607e-01,4.629035254444441999e-02
-8.080986711495251607e-01,4.629035254444441999e-02
-8.080986711495251607e-01,4.629035254444441999e-02
-8.151048318361949763e-01,2.462908357205066956e-01
-8.572338118339311031e-01,7.242864061564527334e-02
-8.572338118339311031e-01,7.242864061564527334e-02
-8.572338118339311031e-01,7.242864061564527334e-02
-8.295195340774168535e-01,6.376188064538619582e-02
-6.224921040049770093e-01,-6.588748441197417316e-03
-5.085566982467302211e-01,2.010237974609421496e-01
-6.307486672762105950e-01,7.012961876428483454e-02
-7.339537442315262616e-01,1.216540760660623915e-01
-7.339537442315262616e-01,1.216540760660623915e-01
-7.339537442315262616e-01,1.216540760660623915e-01
-6.837604671571502202e-01,1.490118707676477972e-01
-6.837604671571502202e-01,1.490118707676477972e-01
-6.837604671571502202e-01,1.490118707676477972e-01
-6.837604671571502202e-01,1.490118707676477972e-01
-6.837604671571502202e-01,1.490118707676477972e-01
-6.837604671571502202e-01,1.490118707676477972e-01
-6.538067511637896123e-01,9.565238315261692659e-02
-8.179965612727735369e-01,-1.754791010574829335e-01
-8.179965612727735369e-01,-1.754791010574829335e-01
-8.025542906951534938e-01,-1.036647655036478238e-01
-8.025542906951534938e-01,-1.036647655036478238e-01
-8.503736128373516889e-01,1.154179328675618704e-01
-7.426304153076777048e-01,-6.066196724239401872e-02
-7.426304153076777048e-01,-6.066196724239401872e-02
-4.778048101883690113e-01,-3.666829805232566658e-02
-4.778048101883690113e-01,-3.666829805232566658e-02
-7.218453691665984717e-01,-8.265066300390319642e-02
-7.218453691665984717e-01,-8.265066300390319642e-02
-7.218453691665984717e-01,-8.265066300390319642e-02
-5.032507046346303969e-01,-1.398679116546276968e-01
-7.075664067696809667e-01,8.816763242311950743e-02
-5.668146911592557569e-01,6.580759684326087378e-02
-5.668146911592557569e-01,6.580759684326087378e-02
-3.677688676701579840e-01,9.982531823394871773e-02
-3.245571108627491874e-01,3.164769293153200935e-02
-6.879298259436946728e-01,-6.387480890917671128e-02
-8.123664484258534824e-01,-1.230528930002874610e-01
-7.674212195009796345e-01,-1.789441623315020657e-01
-7.674212195009796345e-01,-1.789441623315020657e-01
-7.674212195009796345e-01,-1.789441623315020657e-01
-7.674212195009796345e-01,-1.789441623315020657e-01
-7.674212195009796345e-01,-1.789441623315020657e-01
-7.645819003961163984e-01,-3.831166954325938567e-01
-7.645819003961163984e-01,-3.831166954325938567e-01
-7.686567988977665022e-01,-3.320231976739571600e-01
-8.766523030132096217e-01,-1.015478549028891453e-01
-9.154631217333480953e-01,4.445460055063768512e-02
-8.186516395440949223e-01,-1.121122425051242488e-01
-7.011692619365114121e-01,5.056552263102909173e-02
-6.500832053052260084e-01,-4.150477285755245493e-02
-6.500832053052260084e-01,-4.150477285755245493e-02
-5.811613296396287431e-01,-7.953906984409842007e-02
-5.811613296396287431e-01,-7.953906984409842007e-02
-5.713892323749382163e-01,9.325632850636103588e-02
-5.713892323749382163e-01,9.325632850636103588e-02
-5.713892323749382163e-01,9.325632850636103588e-02
-5.478453581569295849e-01,8.313962053724582857e-02
-7.701694240690756255e-01,-4.980923921269822530e-03
-7.701694240690756255e-01,-4.980923921269822530e-03
-7.701694240690756255e-01,-4.980923921269822530e-03
-7.701694240690756255e-01,-4.980923921269822530e-03
-7.245939493430288980e-01,5.942140640683096775e-02
-6.790376965810095422e-01,4.943226142694548408e-02
-8.329502344906695166e-01,-5.507524189470779097e-02
-6.743778906590022215e-01,-1.843408795458317262e-01
-5.353398580496383508e-01,-1.756336405541503720e-01
-5.353398580496383508e-01,-1.756336405541503720e-01
-4.796427662260839830e-01,7.824929054640716863e-03
-4.796427662260839830e-01,7.824929054640716863e-03
-4.796427662260839830e-01,7.824929054640716863e-03
-4.796427662260839830e-01,7.824929054640716863e-03
-6.046240972477714415e-01,-2.110149349648177131e-01
-6.046240972477714415e-01,-2.110149349648177131e-01
-5.368738171272473547e-01,-6.349039592978752977e-02
-8.869751751419079344e-01,-2.282928284063913682e-01
-8.958347716080800049e-01,-7.328462806926794304e-02
-6.773822695617421896e-01,-1.025464749671467224e-01
-8.495701848232715125e-01,-1.605048217400926736e-01
-6.345410071977963806e-01,-1.325046781733195400e-01
-6.345410071977963806e-01,-1.325046781733195400e-01
-5.208399499300836455e-01,1.154409047645116315e-02
-5.208399499300836455e-01,1.154409047645116315e-02
-5.208399499300836455e-01,1.154409047645116315e-02
-5.208399499300836455e-01,1.154409047645116315e-02
-5.208399499300836455e-01,1.154409047645116315e-02
-5.208399499300836455e-01,1.154409047645116315e-02
-6.915684390075261812e-01,-1.001386259985009436e-01
-6.915684390075261812e-01,-1.001386259985009436e-01
-6.915684390075261812e-01,-1.001386259985009436e-01
-6.915684390075261812e-01,-1.001386259985009436e-01
-6.470425587580442839e-01,1.870730838456821643e-01
-6.470425587580442839e-01,1.870730838456821643e-01
-6.470425587580442839e-01,1.870730838456821643e-01
-6.330330908192260964e-01,3.848477870080257990e-02
-7.168917418417823928e-01,1.196670657662423365e-01
-5.085044355645494951e-01,1.151187865386141262e-02
-5.635072291548756107e-01,7.875492718307085249e-03
-5.635072291548756107e-01,7.875492718307085249e-03
-5.635072291548756107e-01,7.875492718307085249e-03
-5.779357751477381955e-01,3.952398437995606473e-02
-6.882939173996687199e-01,1.551487899250551805e-01
-6.882939173996687199e-01,1.551487899250551805e-01
-6.831450324451722178e-01,6.005632676471560349e-02
-6.831450324451722178e-01,6.005632676471560349e-02
-6.831450324451722178e-01,6.005632676471560349e-02
-6.831450324451722178e-01,6.005632676471560349e-02
-6.831450324451722178e-01,6.005632676471560349e-02
-6.719060047681985059e-01,1.649217684719625765e-01
-6.719060047681985059e-01,1.649217684719625765e-01
-6.719060047681985059e-01,1.649217684719625765e-01
-5.601089661830844779e-01,-3.622324537716745119e-02
-5.601089661830844779e-01,-3.622324537716745119e-02
-7.325932976438953581e-01,6.804205215652223138e-02
-7.325932976438953581e-01,6.804205215652223138e-02
-7.078444351101088605e-01,3.340566306411451025e-01
-7.078444351101088605e-01,3.340566306411451025e-01
-8.521238447551561235e-01,2.552253792250947506e-01
-8.521238447551561235e-01,2.552253792250947506e-01
-7.385785675044049814e-01,-4.213099453952967588e-02
-7.385785675044049814e-01,-4.213099453952967588e-02
-7.385785675044049814e-01,-4.213099453952967588e-02
-7.385785675044049814e-01,-4.213099453952967588e-02
-6.728768657018021626e-01,-2.876607008690056783e-02
-8.288073306505367999e-01,-3.510090547041128800e-02
-8.288073306505367999e-01,-3.510090547041128800e-02
-6.684551536251375214e-01,8.967507066242222380e-02
-6.684551536251375214e-01,8.967507066242222380e-02
-6.684551536251375214e-01,8.967507066242222380e-02
-6.015332541320937976e-01,1.090003616064281061e-01
-6.015332541320937976e-01,1.090003616064281061e-01
-6.015332541320937976e-01,1.090003616064281061e-01
-8.219871808431913340e-01,2.835090456547041671e-02
-8.219871808431913340e-01,2.835090456547041671e-02
-8.219871808431913340e-01,2.835090456547041671e-02
-8.219871808431913340e-01,2.835090456547041671e-02
-9.012720941648046935e-01,-3.512933552967799355e-03
-9.012720941648046935e-01,-3.512933552967799355e-03
-9.012720941648046935e-01,-3.512933552967799355e-03
-7.373855484124814952e-01,-5.761283968865772188e-03
-8.081163745410575583e-01,-1.158633648540515898e-01
-8.081163745410575583e-01,-1.158633648540515898e-01
-7.014013102734868443e-01,-5.265019401450725389e-02
-7.014013102734868443e-01,-5.265019401450725389e-02
-6.645677867267936190e-01,7.666844572301480254e-02
-6.645677867267936190e-01,7.666844572301480254e-02
-5.791658696757682190e-01,4.771268622445933028e-02
-5.791658696757682190e-01,4.771268622445933028e-02
-5.791658696757682190e-01,4.771268622445933028e-02
-5.791658696757682190e-01,4.771268622445933028e-02
-6.937525583709452937e-01,5.447526059406574556e-02
-6.380099222867899877e-01,2.569093106032109552e-02
-5.563438349717420017e-01,6.649559414034937610e-02
-5.563438349717420017e-01,6.649559414034937610e-02
-4.362570063955328870e-01,1.209514352014578742e-01
-4.362570063955328870e-01,1.209514352014578742e-01
-4.362570063955328870e-01,1.209514352014578742e-01
-4.362570063955328870e-01,1.209514352014578742e-01
-4.362570063955328870e-01,1.209514352014578742e-01
-4.362570063955328870e-01,1.209514352014578742e-01
-4.746313980509547781e-01,1.571975225659887898e-01
-2.601550644590678862e-01,2.101553868520950052e-02
-5.501652836648875944e-01,-1.194026216310048738e-01
-5.501652836648875944e-01,-1.194026216310048738e-01
-5.501652836648875944e-01,-1.194026216310048738e-01
-5.491148300970469798e-01,-1.984010001608799423e-01
-5.491148300970469798e-01,-1.984010001608799423e-01
-5.491148300970469798e-01,-1.984010001608799423e-01
-5.491148300970469798e-01,-1.984010001608799423e-01
-6.708918124085460066e-01,-1.387589278692203942e-01
-6.708918124085460066e-01,-1.387589278692203942e-01
-5.789763507208401938e-01,4.730427067006792718e-02
-5.789763507208401938e-01,4.730427067006792718e-02
-4.767295903309776706e-01,3.288925914438683984e-02
-7.102569222352980161e-01,1.042535246497890700e-01
-7.122576063529172385e-01,8.637038459189003148e-02
-6.994923068164901059e-01,5.658322109919834697e-02
-6.994923068164901059e-01,5.658322109919834697e-02
-6.994923068164901059e-01,5.658322109919834697e-02
-6.994923068164901059e-01,5.658322109919834697e-02
-4.642561099060624752e-01,1.091911649470986845e-01
-4.642561099060624752e-01,1.091911649470986845e-01
-4.970169543864497164e-01,1.660268216759902549e-02
-7.694079355152257937e-01,-8.076962517760824523e-02
-7.694079355152257937e-01,-8.076962517760824523e-02
-7.694079355152257937e-01,-8.076962517760824523e-02
-7.694079355152257937e-01,-8.076962517760824523e-02
-6.331925625061574081e-01,1.698380201411101853e-01
-6.331925625061574081e-01,1.698380201411101853e-01
-6.331925625061574081e-01,1.698380201411101853e-01
-6.331925625061574081e-01,1.698380201411101853e-01
-5.657454294673118778e-01,7.585335067813606114e-02
-5.657454294673118778e-01,7.585335067813606114e-02
-5.657454294673118778e-01,7.585335067813606114e-02
-5.496142155500834958e-01,9.787747973992333428e-02
-4.522148248968235196e-01,-1.033656994086071534e-01
-3.876844870312732838e-01,-2.982590615702795378e-01
-3.917109097316348043e-01,-2.303120220888299485e-02
-5.030313593840649578e-01,-1.963312868126363200e-02
-5.030313593840649578e-01,-1.963312868126363200e-02
-5.030313593840649578e-01,-1.963312868126363200e-02
-5.030313593840649578e-01,-1.963312868126363200e-02
-5.849033821069793415e-01,-1.442589831953177380e-02
-5.705792478556750424e-01,1.325367635192982452e-01
-5.705792478556750424e-01,1.325367635192982452e-01
-5.957071066315993146e-01,1.346320503700043081e-01
-5.957071066315993146e-01,1.346320503700043081e-01
-5.904455165764481706e-01,-2.500927847579728636e-02
-5.904455165764481706e-01,-2.500927847579728636e-02
-5.904455165764481706e-01,-2.500927847579728636e-02
-4.390919303665265505e-01,-6.580266762297264094e-02
-4.390919303665265505e-01,-6.580266762297264094e-02
-3.900439860090239019e-01,-4.479963465528278427e-02
-5.930911099222949678e-01,-1.947343881033303248e-01
-3.561872670183108269e-01,-6.756689502477533638e-02
-5.885209532516769704e-01,-3.391330995915369240e-01
-5.885209532516769704e-01,-3.391330995915369240e-01
-4.481638687368020291e-01,-3.242632861634324737e-01
-4.481638687368020291e-01,-3.242632861634324737e-01
-2.731276972636005329e-01,-2.958072784056671178e-01
-2.731276972636005329e-01,-2.958072784056671178e-01
-1.951520346448276100e-01,-1.329468699417828692e-01
-1.951520346448276100e-01,-1.329468699417828692e-01
-2.586255888787311052e-01,-1.570768423095093014e-01
-2.586255888787311052e-01,-1.570768423095093014e-01
-2.586255888787311052e-01,-1.570768423095093014e-01
-2.586255888787311052e-01,-1.570768423095093014e-01
-3.773072545389194454e-01,-9.574818295696460591e-02
-3.810403045349646800e-01,4.876158869876823232e-02
-3.810403045349646800e-01,4.876158869876823232e-02
-4.522237036801310950e-01,1.582356815743622969e-01
-4.522237036801310950e-01,1.582356815743622969e-01
-5.081485195088049078e-01,1.274192390475793746e-01
-5.081485195088049078e-01,1.274192390475793746e-01
-7.185553026199374971e-01,1.156810576713233341e-01
-8.409085439746062374e-01,7.627146198887746475e-02
-5.902954626633364343e-01,-9.203201836063645835e-02
-5.902954626633364343e-01,-9.203201836063645835e-02
-5.902954626633364343e-01,-9.203201836063645835e-02
-5.902954626633364343e-01,-9.203201836063645835e-02
-5.902954626633364343e-01,-9.203201836063645835e-02
-4.692694161883004811e-01,-7.855826554353485813e-02
-7.811219858071167810e-01,-4.459563906428638813e-02
-7.811219858071167810e-01,-4.459563906428638813e-02
-7.811219858071167810e-01,-4.459563906428638813e-02
-7.811219858071167810e-01,-4.459563906428638813e-02
-5.885830593716405712e-01,-1.085398579312615297e-01
-3.881035888694578384e-01,-1.492498842460359409e-01
-6.466055110104391712e-01,-3.435601063772194541e-01
-6.536861867337343535e-01,-1.865797560155371959e-01
-6.536861867337343535e-01,-1.865797560155371959e-01
-5.045017745624262862e-01,-8.694334135814946185e-02
-7.245073672083865990e-01,6.514663815226678922e-02
-7.245073672083865990e-01,6.514663815226678922e-02
-7.245073672083865990e-01,6.514663815226678922e-02
-7.245073672083865990e-01,6.514663815226678922e-02
-6.206502575376474651e-01,7.760838469188753586e-02
-6.488126903032281900e-01,1.053558142611384918e-01
-6.036532584767250187e-01,4.592118022268817240e-02
-6.664983100088550660e-01,-7.949853147785165830e-02
-6.664983100088550660e-01,-7.949853147785165830e-02
-5.868781865433054801e-01,2.032436682279226969e-01
-4.884379287311141349e-01,1.430030199216281994e-01
-4.884379287311141349e-01,1.430030199216281994e-01
-7.109857901642899769e-01,1.602406956939613769e-01
-7.338517632134600177e-01,2.387250288003459064e-02
-9.428313449994375484e-01,-1.212360751595815966e-01
-9.428313449994375484e-01,-1.212360751595815966e-01
-9.428313449994375484e-01,-1.212360751595815966e-01
-9.398232977754861217e-01,-2.395728578066702863e-01
-9.398232977754861217e-01,-2.395728578066702863e-01
-7.356333944213464537e-01,1.070476083332976003e-01
-7.847431507958648744e-01,3.969685156970235995e-02
-7.847431507958648744e-01,3.969685156970235995e-02
-6.765372747669504694e-01,1.012097988241538946e-02
-6.667315245369428434e-01,1.106513056676801561e-02
-6.667315245369428434e-01,1.106513056676801561e-02
-6.469412997805588095e-01,1.050775375793463681e-02
-6.469412997805588095e-01,1.050775375793463681e-02
-6.469412997805588095e-01,1.050775375793463681e-02
-7.410026108635062725e-01,1.563893470287369414e-01
-7.410026108635062725e-01,1.563893470287369414e-01
-7.410026108635062725e-01,1.563893470287369414e-01
-7.410026108635062725e-01,1.563893470287369414e-01
-7.410026108635062725e-01,1.563893470287369414e-01
-7.410026108635062725e-01,1.563893470287369414e-01
-7.410026108635062725e-01,1.563893470287369414e-01
-7.090848568069801905e-01,1.104803801313905265e-01
-4.550436123243581932e-01,-7.616941670360297123e-03
-4.468387867546594339e-01,5.816870884958892651e-02
-4.464792611073460371e-01,1.528928049275155021e-02
-4.464792611073460371e-01,1.528928049275155021e-02
-4.464792611073460371e-01,1.528928049275155021e-02
-4.464792611073460371e-01,1.528928049275155021e-02
-6.534144517677461517e-01,-1.498614703048777863e-01
-6.968029513822380228e-01,-1.758944886782566330e-01
-6.968029513822380228e-01,-1.758944886782566330e-01
-7.893624202583400251e-01,1.625653504888252554e-02
-7.464832686198366041e-01,6.396180396674187862e-02
-7.437579571202437290e-01,5.977214429168296872e-02
-6.937809986875291823e-01,8.459401817098734233e-02
-6.937809986875291823e-01,8.459401817098734233e-02
-5.569151997450144664e-01,1.069925407725531713e-01
-5.569151997450144664e-01,1.069925407725531713e-01
-5.569151997450144664e-01,1.069925407725531713e-01
-6.066111896028579809e-01,3.674662696915656501e-02
-5.553145658804287121e-01,2.973708915761139604e-01
-5.754893422625704247e-01,2.295791248658312633e-01
-5.754893422625704247e-01,2.295791248658312633e-01
-5.754893422625704247e-01,2.295791248658312633e-01
-5.134858893839984173e-01,2.330013905221759440e-01
-7.847802294398744660e-01,1.569968745403699240e-01
-7.791796530705296098e-01,1.105745958129883688e-01
-7.791796530705296098e-01,1.105745958129883688e-01
-7.327522709435226878e-01,9.108008212086721178e-02
-7.327522709435226878e-01,9.108008212086721178e-02
-7.327522709435226878e-01,9.108008212086721178e-02
-4.727485253843988211e-01,-2.025866451943023061e-02
-3.546717368508141011e-01,8.734477472118448715e-02
-3.546717368508141011e-01,8.734477472118448715e-02
-3.546717368508141011e-01,8.734477472118448715e-02
-3.546717368508141011e-01,8.734477472118448715e-02
-3.546717368508141011e-01,8.734477472118448715e-02
-4.152098394677048998e-01,5.793009156261665071e-02
-5.663325356095372243e-01,1.986366542731185514e-02
-5.663325356095372243e-01,1.986366542731185514e-02
-5.663325356095372243e-01,1.986366542731185514e-02
-4.372868231808558215e-01,1.802845573745902874e-01
-4.372868231808558215e-01,1.802845573745902874e-01
-2.742437067051967103e-01,9.187588181543067389e-02
-2.742437067051967103e-01,9.187588181543067389e-02
-2.742437067051967103e-01,9.187588181543067389e-02
-2.872167918384752605e-01,-7.786920516220290078e-02
-4.961627021453992592e-01,7.485117255751407017e-02
-4.089545981769968641e-01,1.358048758991002303e-01
-2.952107449455465549e-01,2.828459649497742923e-02
-1.732805269230682510e-01,1.353316825398227438e-02
-1.732805269230682510e-01,1.353316825398227438e-02
-1.732805269230682510e-01,1.353316825398227438e-02
-3.524721491280163321e-01,3.562233466804728965e-02
-6.043051861322679130e-01,1.803824162323814373e-01
-6.841633656038590416e-01,-1.129251869758078342e-01
-6.253931882228972450e-01,2.002327902813977323e-02
-6.253931882228972450e-01,2.002327902813977323e-02
-5.195156845598380979e-01,2.692462232161463298e-02
-5.195156845598380979e-01,2.692462232161463298e-02
-5.195156845598380979e-01,2.692462232161463298e-02
-4.810817815779123707e-01,-2.717229370506855229e-02
-4.810817815779123707e-01,-2.717229370506855229e-02
-5.883438844123630718e-01,-7.110602656324382931e-02
-6.446092204187895414e-01,2.491668994996389108e-02
-6.446092204187895414e-01,2.491668994996389108e-02
-6.446092204187895414e-01,2.491668994996389108e-02
-5.898781426996765331e-01,-9.488180984670570306e-02
-5.716841227733748809e-01,1.364419845209612903e-01
-5.716841227733748809e-01,1.364419845209612903e-01
-5.716841227733748809e-01,1.364419845209612903e-01
-5.716841227733748809e-01,1.364419845209612903e-01
-6.480911592059225290e-01,1.135974059749738502e-01
-4.721498950910570924e-01,-3.337352821951457271e-02
-6.363503676523148966e-01,-9.207821864538440204e-02
-6.363503676523148966e-01,-9.207821864538440204e-02
-5.309620716124887618e-01,-1.405521138553774974e-01
-5.309620716124887618e-01,-1.405521138553774974e-01
-5.309620716124887618e-01,-1.405521138553774974e-01
-5.309620716124887618e-01,-1.405521138553774974e-01
-4.576950005236337105e-01,-7.937281492565842478e-02
-4.576950005236337105e-01,-7.937281492565842478e-02
-3.205655816469826780e-01,-9.906129855391423988e-02
-3.205655816469826780e-01,-9.906129855391423988e-02
-3.205655816469826780e-01,-9.906129855391423988e-02
-4.686701594449331765e-01,-1.277064540111340629e-01
-4.686701594449331765e-01,-1.277064540111340629e-01
-6.605690532776897772e-01,-1.128163493400714534e-01
-6.605690532776897772e-01,-1.128163493400714534e-01
-6.605690532776897772e-01,-1.128163493400714534e-01
-7.048442170909512416e-01,-6.412881803952286131e-02
-7.048442170909512416e-01,-6.412881803952286131e-02
-7.048442170909512416e-01,-6.412881803952286131e-02
-7.048442170909512416e-01,-6.412881803952286131e-02
-5.261311281253631122e-01,-1.317313985042958824e-01
-3.679261371493915966e-01,-2.228595078546806163e-01
-3.679261371493915966e-01,-2.228595078546806163e-01
-7.393717521713927265e-01,-6.159916525962119693e-02
-7.393717521713927265e-01,-6.159916525962119693e-02
-7.821227018469470993e-01,-1.239284154246240444e-01
-6.102724023202288350e-01,1.890657370059393994e-01
-5.417545341997060948e-01,1.997420750756628005e-01
-5.637924002489791420e-01,-2.308712046646069216e-02
-7.143478884758680536e-01,9.883429734003150446e-02
-8.082668774494998765e-01,1.215230040161188740e-02
-8.462607410810785158e-01,1.026206901302940955e-01
-7.506814849135839962e-01,6.158029747035197871e-02
-8.731108958302266077e-01,-6.357838627631721973e-03
-6.843912304507944189e-01,-8.325196538432877436e-02
-6.843912304507944189e-01,-8.325196538432877436e-02
-7.302859147670908158e-01,5.104190544882930558e-02
-7.302859147670908158e-01,5.104190544882930558e-02
-7.302859147670908158e-01,5.104190544882930558e-02
-7.302859147670908158e-01,5.104190544882930558e-02
-7.302859147670908158e-01,5.104190544882930558e-02
-6.881906201511801546e-01,9.178185827505118410e-02
-6.690876009582217288e-01,1.333724461009060669e-01
-6.890449393684964230e-01,2.582036969526533277e-01
-6.546168538450768404e-01,2.831847569871875914e-01
-7.299547377409324467e-01,1.550035539954011943e-01
-7.299547377409324467e-01,1.550035539954011943e-01
-7.299547377409324467e-01,1.550035539954011943e-01
-7.299547377409324467e-01,1.550035539954011943e-01
-5.011940575012006072e-01,2.001022872227539717e-02
-5.121993496459497086e-01,-2.830238919730722336e-02
-5.121993496459497086e-01,-2.830238919730722336e-02
-5.117437950307021088e-01,6.947427638172423703e-02
-5.117437950307021088e-01,6.947427638172423703e-02
-6.473645134818277747e-01,3.973553055529835398e-03
-6.473645134818277747e-01,3.973553055529835398e-03
-6.473645134818277747e-01,3.973553055529835398e-03
-6.473645134818277747e-01,3.973553055529835398e-03
-6.473645134818277747e-01,3.973553055529835398e-03
-6.473645134818277747e-01,3.973553055529835398e-03
-6.473645134818277747e-01,3.973553055529835398e-03
-6.473645134818277747e-01,3.973553055529835398e-03
-7.297889721609693847e-01,-7.572648786186629566e-02
-7.297889721609693847e-01,-7.572648786186629566e-02
-7.297889721609693847e-01,-7.572648786186629566e-02
-8.224668963057033544e-01,-1.026798664408314077e-02
-8.224668963057033544e-01,-1.026798664408314077e-02
-7.629286462256984480e-01,-3.402142699805511816e-02
-7.629286462256984480e-01,-3.402142699805511816e-02
-7.629286462256984480e-01,-3.402142699805511816e-02
-7.629286462256984480e-01,-3.402142699805511816e-02
-7.629286462256984480e-01,-3.402142699805511816e-02
-7.629286462256984480e-01,-3.402142699805511816e-02
-7.629286462256984480e-01,-3.402142699805511816e-02
-7.629286462256984480e-01,-3.402142699805511816e-02
-7.629286462256984480e-01,-3.402142699805511816e-02
-7.648700219285803348e-01,-7.571173529963554083e-02
-7.648700219285803348e-01,-7.571173529963554083e-02
-7.648700219285803348e-01,-7.571173529963554083e-02
-7.648700219285803348e-01,-7.571173529963554083e-02
-7.648700219285803348e-01,-7.571173529963554083e-02
-7.392620837310358572e-01,5.103229432251665809e-02
-7.392620837310358572e-01,5.103229432251665809e-02
-7.392620837310358572e-01,5.103229432251665809e-02
-7.392620837310358572e-01,5.103229432251665809e-02
-5.554355764811645946e-01,2.820546916685048172e-02
-5.554355764811645946e-01,2.820546916685048172e-02
-5.554355764811645946e-01,2.820546916685048172e-02
-5.554355764811645946e-01,2.820546916685048172e-02
-5.554355764811645946e-01,2.820546916685048172e-02
-5.554355764811645946e-01,2.820546916685048172e-02
-5.554355764811645946e-01,2.820546916685048172e-02
-5.554355764811645946e-01,2.820546916685048172e-02
-7.034335593963989552e-01,-1.037040230693649367e-01
-7.034335593963989552e-01,-1.037040230693649367e-01
-6.791791864317894278e-01,-2.059751302347058444e-02
-6.791791864317894278e-01,-2.059751302347058444e-02
-5.530835304605118408e-01,1.379598016274313221e-01
-5.530835304605118408e-01,1.379598016274313221e-01
-5.530835304605118408e-01,1.379598016274313221e-01
-5.530835304605118408e-01,1.379598016274313221e-01
-5.672330818948176923e-01,-6.497355182215860947e-02
-4.685312198405866546e-01,-1.340133339165373028e-01
-4.685312198405866546e-01,-1.340133339165373028e-01
-4.685312198405866546e-01,-1.340133339165373028e-01
-4.685312198405866546e-01,-1.340133339165373028e-01
-4.685312198405866546e-01,-1.340133339165373028e-01
-3.278199444593538625e-01,-1.707116588199053542e-02
-3.278199444593538625e-01,-1.707116588199053542e-02
-3.278199444593538625e-01,-1.707116588199053542e-02
-3.156963152899758263e-01,9.946689550280671255e-02
-3.156963152899758263e-01,9.946689550280671255e-02
-3.156963152899758263e-01,9.946689550280671255e-02
-3.156963152899758263e-01,9.946689550280671255e-02
-3.156963152899758263e-01,9.946689550280671255e-02
-3.096404589451405842e-01,2.208311477820056323e-01
-3.618526055962512089e-01,3.241360880378724163e-01
-3.618526055962512089e-01,3.241360880378724163e-01
-4.552270634465242494e-01,1.432631640604033751e-01
-5.930790375213346177e-01,2.409685535061238393e-01
-5.930790375213346177e-01,2.409685535061238393e-01
-4.769277823576174580e-01,9.914560284024925840e-02
-4.769277823576174580e-01,9.914560284024925840e-02
-4.387843118290408184e-01,2.618088707981326979e-01
-5.378369970578665837e-01,1.121288356740920422e-01
-5.378369970578665837e-01,1.121288356740920422e-01
-7.207090870701463592e-01,2.074984543482503163e-01
-6.365819142298028144e-01,1.339477343318396518e-01
-6.365819142298028144e-01,1.339477343318396518e-01
-7.321130546075654832e-01,1.143220959232352507e-01
-6.010557833035455877e-01,1.132812343405029953e-01
-4.804974566608257724e-01,-2.209859013396481275e-02
-5.189261290784557001e-01,-1.399698871732197036e-01
-4.201017709612389073e-01,-3.055071148601373743e-03
-5.887438136739253647e-01,-1.170162093894318023e-01
-5.887438136739253647e-01,-1.170162093894318023e-01
-5.233970464432478042e-01,3.405409115032162481e-03
-3.810072368609460636e-01,-5.796424819411133411e-02
-3.810072368609460636e-01,-5.796424819411133411e-02
-3.189617085329155000e-01,1.836664162320782168e-02
-4.079111210743158744e-01,8.687993070422687925e-02
-3.701732312086921106e-01,1.413267268694863854e-01
-4.279759944283124118e-01,-4.913293968015458590e-02
-4.279759944283124118e-01,-4.913293968015458590e-02
-4.892690082939217255e-01,-2.136417667287407104e-02
-4.892690082939217255e-01,-2.136417667287407104e-02
-4.892690082939217255e-01,-2.136417667287407104e-02
-4.892690082939217255e-01,-2.136417667287407104e-02
-6.355545914377325190e-01,-9.790069016494323817e-02
-6.355545914377325190e-01,-9.790069016494323817e-02
-7.443636020231618744e-01,-6.868829416742809613e-02
-5.758450329920550281e-01,-1.481314819044022291e-01
-5.758450329920550281e-01,-1.481314819044022291e-01
-7.807269228644876380e-01,-6.963806341867115335e-02
-5.908256850605415611e-01,-5.234503444216938306e-02
-5.908256850605415611e-01,-5.234503444216938306e-02
-5.153832238709544766e-01,7.834975521636440565e-02
-5.041322677392713336e-01,2.848907292736548719e-02
-5.041322677392713336e-01,2.848907292736548719e-02
-5.041322677392713336e-01,2.848907292736548719e-02
-5.041322677392713336e-01,2.848907292736548719e-02
-5.640726256500387947e-01,1.606188484393961113e-01
-7.717297440042949486e-01,-6.169340440195059116e-02
-7.717297440042949486e-01,-6.169340440195059116e-02
-7.717297440042949486e-01,-6.169340440195059116e-02
-7.717297440042949486e-01,-6.169340440195059116e-02
-8.209369759475927397e-01,-9.236584096039951453e-02
-6.527606964521340815e-01,3.867205076428473220e-03
-6.527606964521340815e-01,3.867205076428473220e-03
-6.046582435001818245e-01,1.129531642909418626e-01
-5.613467268917022857e-01,1.246654419743637859e-01
-6.370477907855286448e-01,-1.606264888992512407e-01
-4.982029456499560416e-01,-6.999855032571633551e-02
-5.494703661144516582e-01,-1.331619629417131745e-01
-5.558909371797240428e-01,7.388443679433948086e-03
-5.558909371797240428e-01,7.388443679433948086e-03
-5.558909371797240428e-01,7.388443679433948086e-03
-4.465034225246326538e-01,1.524494713672084611e-01
-2.746448739013583884e-01,2.101864522404200408e-01
-2.746448739013583884e-01,2.101864522404200408e-01
-2.746448739013583884e-01,2.101864522404200408e-01
-2.746448739013583884e-01,2.101864522404200408e-01
-2.886297939443257521e-01,1.987898796273158963e-01
-2.886297939443257521e-01,1.987898796273158963e-01
-3.305023335485832714e-01,4.109889252565945839e-04
-3.305023335485832714e-01,4.109889252565945839e-04
-6.454622402851710739e-01,1.469792634957815258e-01
-7.160361039232836511e-01,1.168258668245558685e-01
-7.160361039232836511e-01,1.168258668245558685e-01
-7.160361039232836511e-01,1.168258668245558685e-01
-5.044104906722047810e-01,1.172551602332385784e-01
-4.376819921793910773e-01,1.634881900294470058e-02
-2.573155786541756473e-01,2.753597111248731050e-02
-2.573155786541756473e-01,2.753597111248731050e-02
-2.573155786541756473e-01,2.753597111248731050e-02
-2.573155786541756473e-01,2.753597111248731050e-02
-2.448432777764598667e-01,-8.315442572301684487e-03
-4.943608518830094334e-01,-1.446864937031958342e-01
-7.500282752759722671e-01,-2.461140138543051470e-01
-7.500282752759722671e-01,-2.461140138543051470e-01
-6.487805375851818379e-01,-1.769631228850468974e-01
-5.612005662753144497e-01,2.259219819460348000e-02
-5.738185675716870326e-01,8.079024327631098568e-02
-5.738185675716870326e-01,8.079024327631098568e-02
-5.739093174324997326e-01,-9.158947395832403582e-02
-5.739093174324997326e-01,-9.158947395832403582e-02
-5.436904705270648730e-01,1.077263213372879891e-01
-5.385036276144773426e-01,-1.583239853697805954e-01
-5.385036276144773426e-01,-1.583239853697805954e-01
-5.385036276144773426e-01,-1.583239853697805954e-01
-5.385036276144773426e-01,-1.583239853697805954e-01
-4.854332896165720612e-01,6.804557342528466668e-03
-6.755208708873696732e-01,1.764773733543083534e-01
-5.851719551291356680e-01,1.016570885236814104e-01
-5.851719551291356680e-01,1.016570885236814104e-01
-5.290984381051920815e-01,5.038393571377999119e-02
-3.829297146929693252e-01,-5.503797829259684388e-02
-4.751120848317380019e-01,-2.440877065513022692e-01
-4.107033803718324050e-01,-1.224017554532726704e-01
-4.107033803718324050e-01,-1.224017554532726704e-01
-4.107033803718324050e-01,-1.224017554532726704e-01
-4.107033803718324050e-01,-1.224017554532726704e-01
-4.107033803718324050e-01,-1.224017554532726704e-01
-2.734934750543762672e-01,-8.110580721486140843e-03
-4.655258682193878506e-01,-5.301798867859554287e-02
-5.249570146007769278e-01,-5.272859457716135012e-02
-5.249570146007769278e-01,-5.272859457716135012e-02
-6.448918555899284533e-01,-1.414274589793738102e-01
-5.523823665103935188e-01,-5.805483407367741100e-02
-5.523823665103935188e-01,-5.805483407367741100e-02
-5.523823665103935188e-01,-5.805483407367741100e-02
-6.461773181056945647e-01,-1.081789615136124205e-01
-5.448436863381165285e-01,1.450964304341763877e-01
-5.448436863381165285e-01,1.450964304341763877e-01
-5.154492698954651342e-01,1.741642194024920487e-01
-4.630000428055365824e-01,-1.038924754712223786e-01
-4.613372857478844624e-01,-1.098601810699770254e-02
-4.613372857478844624e-01,-1.098601810699770254e-02
-4.613372857478844624e-01,-1.098601810699770254e-02
-7.229690109551677457e-01,-6.150949863616971686e-02
-7.229690109551677457e-01,-6.150949863616971686e-02
-7.229690109551677457e-01,-6.150949863616971686e-02
-7.229690109551677457e-01,-6.150949863616971686e-02
-3.725282762899494449e-01,-1.670761020389191220e-01
-4.625552365611562688e-01,-1.879732403418470921e-01
-4.625552365611562688e-01,-1.879732403418470921e-01
-4.625552365611562688e-01,-1.879732403418470921e-01
-5.656867021541194251e-01,-1.599209524316661801e-01
-5.656867021541194251e-01,-1.599209524316661801e-01
-5.656867021541194251e-01,-1.599209524316661801e-01
-7.368567232167972936e-01,-1.731526484992347292e-01
-7.192281685936450231e-01,-1.504649893038860486e-01
-5.502514075519864267e-01,-7.174930109675237144e-03
-5.502514075519864267e-01,-7.174930109675237144e-03
-5.502514075519864267e-01,-7.174930109675237144e-03
-4.130225936280386145e-01,1.431040781732888512e-01
-4.130225936280386145e-01,1.431040781732888512e-01
-2.864242617945980118e-01,-4.445772364435746082e-02
-2.864242617945980118e-01,-4.445772364435746082e-02
-2.864242617945980118e-01,-4.445772364435746082e-02
-4.004174782617402895e-01,-1.714954228105395329e-01
-4.004174782617402895e-01,-1.714954228105395329e-01
-4.004174782617402895e-01,-1.714954228105395329e-01
-4.004174782617402895e-01,-1.714954228105395329e-01
-5.304335866924835274e-01,5.309094037705047731e-02
-4.129147893491033061e-01,1.565019483209036943e-01
-4.129147893491033061e-01,1.565019483209036943e-01
-5.652043143000433645e-01,2.204132997550226625e-01
-6.037561306950475215e-01,1.386118091705158539e-01
-6.037561306950475215e-01,1.386118091705158539e-01
-4.638179772149442215e-01,2.113610203908973528e-02
-3.625912811537951308e-01,1.496588849457680115e-01
-4.029308406298983125e-01,1.571182604062772714e-01
-4.029308406298983125e-01,1.571182604062772714e-01
-4.029308406298983125e-01,1.571182604062772714e-01
-4.029308406298983125e-01,1.571182604062772714e-01
-5.261395738205345562e-01,-1.333501659572228493e-01
-3.094195064491367386e-01,-1.726622494785747253e-01
-3.832742412714174596e-01,-2.152457928111491114e-01
-5.246574210217168632e-01,-2.163673102427143280e-01
-5.246574210217168632e-01,-2.163673102427143280e-01
-5.246574210217168632e-01,-2.163673102427143280e-01
-5.246574210217168632e-01,-2.163673102427143280e-01
-4.204803535607314346e-01,-1.865597908122656745e-01
-4.204803535607314346e-01,-1.865597908122656745e-01
-4.204803535607314346e-01,-1.865597908122656745e-01
-3.045376788349148378e-01,5.054665455111764794e-02
-5.284387681220625854e-01,8.753883438950366136e-02
-5.284387681220625854e-01,8.753883438950366136e-02
-7.393544891744813219e-01,-1.393604200795983128e-01
-6.480556491068552027e-01,-1.970577860130555969e-01
-8.186262281231753146e-01,-1.105740311260930003e-01
-8.186262281231753146e-01,-1.105740311260930003e-01
-5.908257932943387081e-01,-2.152459882833573368e-01
-4.543651889001382727e-01,-1.550562854544277058e-01
-5.390657013225298444e-01,-3.280383895387949111e-02
-5.390657013225298444e-01,-3.280383895387949111e-02
-3.400600456680360484e-01,-3.536140909637504326e-02
-3.400600456680360484e-01,-3.536140909637504326e-02
-3.016629864300995889e-01,5.057723104976509509e-02
-5.065364860187137053e-01,2.861779770421737923e-02
-5.065364860187137053e-01,2.861779770421737923e-02
-5.065364860187137053e-01,2.861779770421737923e-02
-3.887105533367039567e-01,5.348753725462963154e-02
-4.950608430509698121e-01,-3.199706611908863935e-02
-4.950608430509698121e-01,-3.199706611908863935e-02
-4.952365280578895912e-01,-6.561712939910023523e-02
-4.952365280578895912e-01,-6.561712939910023523e-02
-4.382502782235604966e-01,-3.216929097360984868e-02
-3.862723894746553643e-01,-6.248719425247990095e-02
-3.862723894746553643e-01,-6.248719425247990095e-02
-2.131805166960401843e-01,-6.785996051854548128e-02
-2.131805166960401843e-01,-6.785996051854548128e-02
-2.604837797029462831e-01,6.661876726705276419e-02
-3.545593352569155199e-01,-2.363583909031810315e-01
-6.229730144492606758e-01,-2.704804025995771188e-01
-6.229730144492606758e-01,-2.704804025995771188e-01
-6.305591803824805996e-01,-2.136000947495170776e-01
-7.321018244059159796e-01,-2.169305754482001303e-01
-8.087530922545882461e-01,-4.940504705124804108e-02
-8.087530922545882461e-01,-4.940504705124804108e-02
-8.087530922545882461e-01,-4.940504705124804108e-02
-8.087530922545882461e-01,-4.940504705124804108e-02
-8.087530922545882461e-01,-4.940504705124804108e-02
-6.468104756807366851e-01,-8.021226520165158913e-02
-4.891046710424429844e-01,-9.694688013809306393e-02
-4.641114720305981600e-01,-3.609393896406853930e-03
-4.939479755489889490e-01,4.686375847590361354e-02
-7.479560117545724918e-01,1.411189068552541614e-01
-7.653396821068298994e-01,1.004648161022742014e-01
-7.142150355008715090e-01,-1.296448392826765883e-01
-7.486504484017081351e-01,1.477435055634283845e-01
-7.486504484017081351e-01,1.477435055634283845e-01
-7.486504484017081351e-01,1.477435055634283845e-01
-5.952971278086844897e-01,2.473476536276091320e-01
-5.952971278086844897e-01,2.473476536276091320e-01
-6.121755245344013829e-01,1.778420370066338685e-01
-5.070274562180002720e-01,1.394743570855290771e-01
-8.221807056038410444e-01,9.354061656439675854e-02
-8.221807056038410444e-01,9.354061656439675854e-02
-7.078867045890518961e-01,1.335783979931224608e-01
-7.078867045890518961e-01,1.335783979931224608e-01
-7.078867045890518961e-01,1.335783979931224608e-01
-7.679391236841649482e-01,3.870271680962984739e-02
-7.679391236841649482e-01,3.870271680962984739e-02
-9.479265136254948487e-01,4.097224448322105139e-02
-8.861694688016734656e-01,1.605448546405450691e-02
-8.861694688016734656e-01,1.605448546405450691e-02
-8.918371903517647858e-01,-4.969855111542183235e-02
-7.682087210472664518e-01,2.635107096333282051e-02
-7.682087210472664518e-01,2.635107096333282051e-02
-8.009230769143083073e-01,1.896230807662643847e-03
-8.009230769143083073e-01,1.896230807662643847e-03
-8.009230769143083073e-01,1.896230807662643847e-03
-8.383610616231512713e-01,-3.025420535518702492e-02
-8.166362501945000352e-01,-2.250561165729734331e-02
-8.166362501945000352e-01,-2.250561165729734331e-02
-8.166362501945000352e-01,-2.250561165729734331e-02
-8.166362501945000352e-01,-2.250561165729734331e-02
-8.166362501945000352e-01,-2.250561165729734331e-02
-8.166362501945000352e-01,-2.250561165729734331e-02
-9.014672044005807017e-01,-8.436170656128452738e-02
-8.666443584632266273e-01,4.717685308623703611e-02
-9.872063940057429487e-01,-3.955743486581105028e-02
-9.112239785744193910e-01,2.980978941354878176e-03
-9.112239785744193910e-01,2.980978941354878176e-03
-9.112239785744193910e-01,2.980978941354878176e-03
-5.426412228959018869e-01,-6.365632046152439050e-02
-5.426412228959018869e-01,-6.365632046152439050e-02
-6.415705407651531855e-01,1.158457582155237031e-01
-7.110770722646974074e-01,3.917931887845141348e-02
-7.110770722646974074e-01,3.917931887845141348e-02
-7.776641911881724267e-01,-1.124927336074258433e-01
-7.776641911881724267e-01,-1.124927336074258433e-01
-7.776641911881724267e-01,-1.124927336074258433e-01
-8.180785299237347541e-01,2.744876422627695600e-02
-8.180785299237347541e-01,2.744876422627695600e-02
-8.663242402937989528e-01,4.317824020565379228e-02
-6.260813751840590413e-01,1.535575344291452426e-02
-7.433802468211729852e-01,1.075510617766814031e-01
-6.713485013889592956e-01,-1.011501421490283853e-01
-6.713485013889592956e-01,-1.011501421490283853e-01
-6.713485013889592956e-01,-1.011501421490283853e-01
-6.010266121964938923e-01,2.010112821324992749e-02
-6.010266121964938923e-01,2.010112821324992749e-02
-6.010266121964938923e-01,2.010112821324992749e-02
-4.453227639694053441e-01,4.136803264211816322e-02
-3.485867030483105755e-01,4.065301234287917870e-02
-3.485867030483105755e-01,4.065301234287917870e-02
-3.485867030483105755e-01,4.065301234287917870e-02
-4.712455117071595589e-01,-6.557154810811560708e-02
-4.712455117071595589e-01,-6.557154810811560708e-02
-4.712455117071595589e-01,-6.557154810811560708e-02
-4.712455117071595589e-01,-6.557154810811560708e-02
-5.881409898306837469e-01,-6.799771865389184211e-02
-5.881409898306837469e-01,-6.799771865389184211e-02
-5.881409898306837469e-01,-6.799771865389184211e-02
-5.881409898306837469e-01,-6.799771865389184211e-02
-5.881409898306837469e-01,-6.799771865389184211e-02
-5.881409898306837469e-01,-6.799771865389184211e-02
-5.881409898306837469e-01,-6.799771865389184211e-02
-5.881409898306837469e-01,-6.799771865389184211e-02
-5.881409898306837469e-01,-6.799771865389184211e-02
-5.881409898306837469e-01,-6.799771865389184211e-02
-5.258317385248459930e-01,9.695336052357533818e-03
-6.909828942911903082e-01,-1.257592490374120353e-01
-7.231170251468831411e-01,-1.528950842810701261e-01
-7.231170251468831411e-01,-1.528950842810701261e-01
-6.316737848032493163e-01,-4.722118905701913616e-02
-6.316737848032493163e-01,-4.722118905701913616e-02
-6.316737848032493163e-01,-4.722118905701913616e-02
-6.316737848032493163e-01,-4.722118905701913616e-02
-6.316737848032493163e-01,-4.722118905701913616e-02
-7.687650411858332200e-01,-1.016999442813373844e-03
-7.687650411858332200e-01,-1.016999442813373844e-03
-7.687650411858332200e-01,-1.016999442813373844e-03
-7.687650411858332200e-01,-1.016999442813373844e-03
-7.687650411858332200e-01,-1.016999442813373844e-03
-7.687650411858332200e-01,-1.016999442813373844e-03
-6.200354658351351356e-01,-1.240268962524171265e-01
-6.200354658351351356e-01,-1.240268962524171265e-01
-6.200354658351351356e-01,-1.240268962524171265e-01
-6.423550688157491084e-01,9.491074360486619066e-02
-7.056907744796353521e-01,-1.903825497325162264e-01
-6.442037636830429959e-01,1.379681169892005288e-02
-6.442037636830429959e-01,1.379681169892005288e-02
-6.442037636830429959e-01,1.379681169892005288e-02
-5.837226735195700789e-01,-1.522823689476674180e-01
-6.146299620196313818e-01,-1.538354012826656791e-01
-4.604799240704344765e-01,-8.314908847306409778e-02
-4.604799240704344765e-01,-8.314908847306409778e-02
-4.604799240704344765e-01,-8.314908847306409778e-02
-4.604799240704344765e-01,-8.314908847306409778e-02
-3.384118844652709290e-01,-1.841703234713169546e-01
-3.054716388437352936e-01,3.628406216205637413e-03
-3.270344633159482095e-01,3.367226148974478139e-02
-2.988782289821509397e-01,4.134606548133479970e-02
-2.988782289821509397e-01,4.134606548133479970e-02
-2.988782289821509397e-01,4.134606548133479970e-02
-2.988782289821509397e-01,4.134606548133479970e-02
-2.988782289821509397e-01,4.134606548133479970e-02
-2.988782289821509397e-01,4.134606548133479970e-02
-3.340175848770080558e-01,7.776776067928115044e-02
-4.710357907382444198e-01,2.429773448642124634e-01
-5.849934850473814674e-01,2.806325132433419856e-01
-5.849934850473814674e-01,2.806325132433419856e-01
-5.545478234692469144e-01,1.120982498936919647e-01
-5.652989597281855572e-01,2.121452781612964134e-01
-5.652989597281855572e-01,2.121452781612964134e-01
-5.652989597281855572e-01,2.121452781612964134e-01
-5.652989597281855572e-01,2.121452781612964134e-01
-5.652989597281855572e-01,2.121452781612964134e-01
-5.652989597281855572e-01,2.121452781612964134e-01
-5.652989597281855572e-01,2.121452781612964134e-01
-5.652989597281855572e-01,2.121452781612964134e-01
-5.652989597281855572e-01,2.121452781612964134e-01
-5.652989597281855572e-01,2.121452781612964134e-01
-7.534950450486856965e-01,8.502530841850064469e-02
-5.867333927754960765e-01,1.967749979414104566e-02
-6.652291259220580733e-01,4.087750684448383798e-02
-6.652291259220580733e-01,4.087750684448383798e-02
-6.652291259220580733e-01,4.087750684448383798e-02
-6.652291259220580733e-01,4.087750684448383798e-02
-7.177308683657316335e-01,-2.451433338941022555e-02
-7.177308683657316335e-01,-2.451433338941022555e-02
-7.177308683657316335e-01,-2.451433338941022555e-02
-7.177308683657316335e-01,-2.451433338941022555e-02
-7.177308683657316335e-01,-2.451433338941022555e-02
-6.859451481918610316e-01,7.941797239712712619e-02
-6.629142357014413678e-01,4.307798523964279785e-02
-6.629142357014413678e-01,4.307798523964279785e-02
-7.259293153655275166e-01,-2.512397704503901291e-02
-7.514876965230096184e-01,1.441695591223818573e-01
-7.514876965230096184e-01,1.441695591223818573e-01
-7.514876965230096184e-01,1.441695591223818573e-01
-7.514876965230096184e-01,1.441695591223818573e-01
-7.514876965230096184e-01,1.441695591223818573e-01
-5.882150033443505066e-01,2.074942894495461210e-01
-5.882150033443505066e-01,2.074942894495461210e-01
-5.381462494633997284e-01,-7.458433359966859522e-02
-6.850936852271328759e-01,1.158920915651618644e-01
-6.850936852271328759e-01,1.158920915651618644e-01
-6.850936852271328759e-01,1.158920915651618644e-01
-6.850936852271328759e-01,1.158920915651618644e-01
-5.998718443118853383e-01,-2.692059905613930493e-02
-6.119508536785290831e-01,-7.135127715752996591e-02
-6.119508536785290831e-01,-7.135127715752996591e-02
-7.058270767648053834e-01,8.940278228720453801e-02
-7.513336628453259891e-01,-3.132304376717785777e-02
-7.513336628453259891e-01,-3.132304376717785777e-02
-7.513336628453259891e-01,-3.132304376717785777e-02
-7.513336628453259891e-01,-3.132304376717785777e-02
-4.273359136625328736e-01,4.171737507023677571e-02
-4.273359136625328736e-01,4.171737507023677571e-02
-6.806470432309449370e-01,-5.251920308190115294e-02
-5.562736848230788178e-01,2.154784438690829917e-01
-5.621056649657436566e-01,2.453872567084708078e-01
-4.352171329222783158e-01,2.071911095275902337e-01
-4.352171329222783158e-01,2.071911095275902337e-01
-4.521995682155147134e-01,1.735669866041994192e-01
-5.242174130930314924e-01,1.229763346555771131e-01
-3.783504649712715606e-01,8.769746134701786322e-03
-3.783504649712715606e-01,8.769746134701786322e-03
-3.119163003402091183e-01,1.601854891328544084e-01
-5.376862731114103733e-01,1.829764241680563452e-01
-5.272030367918267846e-01,1.568296434148732654e-01
-5.272030367918267846e-01,1.568296434148732654e-01
-5.272030367918267846e-01,1.568296434148732654e-01
-6.313180735268064669e-01,9.836357383092381168e-02
-4.155773897133371308e-01,-2.285159385423951584e-04
-4.155773897133371308e-01,-2.285159385423951584e-04
-3.607965333543678987e-01,1.995027633291435176e-01
-1.618444851962457243e-01,-7.576317523809200649e-02
-1.640444779527704400e-01,1.004231872495891242e-01
-3.670105615400490739e-01,7.049230823472016350e-02
-5.734926397719973812e-01,1.215768005138162522e-01
-4.466769250658800816e-01,-5.012183692985006100e-02
-4.466769250658800816e-01,-5.012183692985006100e-02
-4.466769250658800816e-01,-5.012183692985006100e-02
-4.466769250658800816e-01,-5.012183692985006100e-02
-4.466769250658800816e-01,-5.012183692985006100e-02
-5.254184584571625072e-01,6.442259995694099572e-02
-5.254184584571625072e-01,6.442259995694099572e-02
-5.421560504509603806e-01,1.070940326973071621e-02
-4.143075971770047161e-01,-2.004289658537145302e-01
-4.143075971770047161e-01,-2.004289658537145302e-01
-4.143075971770047161e-01,-2.004289658537145302e-01
-4.380489391660750687e-01,-2.291071106800041113e-02
-4.380489391660750687e-01,-2.291071106800041113e-02
-4.280114631117927226e-01,1.102455571603692397e-01
-4.976055053612045143e-01,-4.434129712484649599e-02
-5.017158475877777635e-01,-3.138793645046963898e-02
-5.017158475877777635e-01,-3.138793645046963898e-02
-5.804517470153305325e-01,-1.777124044304373984e-01
-4.936220376115844077e-01,-9.754282397473897082e-02
-4.936220376115844077e-01,-9.754282397473897082e-02
-5.253077377763955003e-01,-1.776390195485804679e-01
-8.165988371021430936e-01,-2.639989241981300916e-01
-8.165988371021430936e-01,-2.639989241981300916e-01
-9.310094136535473908e-01,-1.003706981346774441e-01
-8.357325992056932051e-01,-2.445926964259764469e-01
-5.353237233012909657e-01,-2.773154221131526875e-02
-5.353237233012909657e-01,-2.773154221131526875e-02
-5.679724812475369644e-01,-2.313874572968002419e-01
-5.679724812475369644e-01,-2.313874572968002419e-01
-5.644862216909319885e-01,-2.974019675003372054e-01
-6.063426701154399634e-01,-8.790776430148827814e-02
-6.063426701154399634e-01,-8.790776430148827814e-02
-5.620532007499243754e-01,-1.083565249883698539e-01
-7.799860973669622277e-01,-1.591180158217083696e-01
-7.906926365214945740e-01,-1.850973760025499404e-01
-7.906926365214945740e-01,-1.850973760025499404e-01
-7.993929121949685523e-01,-1.955146426483471700e-01
-7.595318159580013440e-01,-1.492675655178018479e-01
-6.364497027133328988e-01,-5.351845415516198745e-02
-6.364497027133328988e-01,-5.351845415516198745e-02
-6.068390554412810278e-01,1.968444235744385429e-01
-6.068390554412810278e-01,1.968444235744385429e-01
-4.706462409060903074e-01,-1.903798178204509917e-01
-6.649251126701046788e-01,-2.331460982144799021e-01
-6.649251126701046788e-01,-2.331460982144799021e-01
-4.974777157453147969e-01,-2.367944307795130654e-01
-4.974777157453147969e-01,-2.367944307795130654e-01
-4.974777157453147969e-01,-2.367944307795130654e-01
-4.974777157453147969e-01,-2.367944307795130654e-01
-6.934303095264802153e-01,-2.494879827844893316e-01
-6.429457685109144505e-01,-1.740274049732052908e-01
-6.868136719475532725e-01,-2.336483555974375736e-01
-6.868136719475532725e-01,-2.336483555974375736e-01
-6.868136719475532725e-01,-2.336483555974375736e-01
-6.868136719475532725e-01,-2.336483555974375736e-01
-8.965693105085495995e-01,-4.364743080713975876e-02
-8.965693105085495995e-01,-4.364743080713975876e-02
-7.966910095456675167e-01,5.385228469117492311e-02
-7.966910095456675167e-01,5.385228469117492311e-02
-7.966910095456675167e-01,5.385228469117492311e-02
-8.778213685825115853e-01,-1.440475375085265020e-01
-8.553139626357846304e-01,-3.114687927362230768e-02
-8.553139626357846304e-01,-3.114687927362230768e-02
-6.167830040524160395e-01,-7.313147523206640216e-03
-6.167830040524160395e-01,-7.313147523206640216e-03
-6.167830040524160395e-01,-7.313147523206640216e-03
-6.167830040524160395e-01,-7.313147523206640216e-03
-6.167830040524160395e-01,-7.313147523206640216e-03
-6.496683291702920471e-01,4.135363431964537984e-02
-6.250807528186880235e-01,2.073402250902326993e-01
-8.098624765382600454e-01,-1.274665513077823942e-01
-7.433737282267788293e-01,-5.944215470464868367e-02
-7.433737282267788293e-01,-5.944215470464868367e-02
-7.433737282267788293e-01,-5.944215470464868367e-02
-7.433737282267788293e-01,-5.944215470464868367e-02
-7.433737282267788293e-01,-5.944215470464868367e-02
-6.829968926290813647e-01,-4.747798630843387546e-02
-6.829968926290813647e-01,-4.747798630843387546e-02
-6.829968926290813647e-01,-4.747798630843387546e-02
-6.829968926290813647e-01,-4.747798630843387546e-02
-6.829968926290813647e-01,-4.747798630843387546e-02
-7.796759601146541208e-01,1.297630482983549993e-02
-5.894111562937528470e-01,-7.545350157996366658e-02
-5.894111562937528470e-01,-7.545350157996366658e-02
-5.738286752138649360e-01,-1.041338570758556931e-01
-6.099204472183532566e-01,3.327806462147038513e-02
-6.099204472183532566e-01,3.327806462147038513e-02
-7.227102975924682982e-01,-2.058412014064381346e-01
-7.113169388702043072e-01,-9.154206830052270816e-02
-7.113169388702043072e-01,-9.154206830052270816e-02
-7.113169388702043072e-01,-9.154206830052270816e-02
-5.682900132834840523e-01,-1.271928266814313369e-01
-5.682900132834840523e-01,-1.271928266814313369e-01
-4.869270829290322511e-01,-7.647426116739160229e-02
-6.401837849381125656e-01,-8.477949955446228980e-02
-6.536830802496210735e-01,2.058712345140321642e-01
-2.496228157383239554e-01,9.846618710247961870e-02
-4.218550978113785876e-01,2.136853947701939926e-01
-4.218550978113785876e-01,2.136853947701939926e-01
-4.287533647489709110e-01,2.081331715552112160e-02
-4.287533647489709110e-01,2.081331715552112160e-02
-4.186001672485720748e-01,-1.841259490994434089e-01
-4.186001672485720748e-01,-1.841259490994434089e-01
-3.321304437477042293e-01,3.376769466493695360e-02
-3.321304437477042293e-01,3.376769466493695360e-02
-2.766769920062893129e-01,1.457617062592289903e-01
-5.394984444954449287e-01,6.242053735130426162e-04
-5.605480133649460850e-01,-9.332359493916488058e-02
-5.605480133649460850e-01,-9.332359493916488058e-02
-5.605480133649460850e-01,-9.332359493916488058e-02
-5.605480133649460850e-01,-9.332359493916488058e-02
-7.368785200745459063e-01,-7.337043924932008798e-02
-7.368785200745459063e-01,-7.337043924932008798e-02
-7.727874687382414454e-01,-1.487479842911182959e-01
-7.727874687382414454e-01,-1.487479842911182959e-01
-7.034698096815881208e-01,-7.139592269229888544e-02
-6.768827532097261290e-01,-5.160016855172785272e-02
-6.768827532097261290e-01,-5.160016855172785272e-02
-6.768827532097261290e-01,-5.160016855172785272e-02
-6.768827532097261290e-01,-5.160016855172785272e-02
-6.768827532097261290e-01,-5.160016855172785272e-02
-6.768827532097261290e-01,-5.160016855172785272e-02
-6.768827532097261290e-01,-5.160016855172785272e-02
-6.768827532097261290e-01,-5.160016855172785272e-02
-6.768827532097261290e-01,-5.160016855172785272e-02
-6.768827532097261290e-01,-5.160016855172785272e-02
-6.768827532097261290e-01,-5.160016855172785272e-02
-5.500226365018141550e-01,9.695399722185049640e-02
-4.691354190541091040e-01,-9.517418730757770673e-02
-4.691354190541091040e-01,-9.517418730757770673e-02
-4.797856727122639109e-01,1.226777229892837828e-01
-4.611665230517363323e-01,8.192923260827826570e-02
-4.886444205394911977e-01,-1.749436884775825152e-01
-4.891431519190093113e-01,-1.926763299339605828e-01
-4.891431519190093113e-01,-1.926763299339605828e-01
-5.802379284400660531e-01,-2.402301530148873154e-01
-5.802379284400660531e-01,-2.402301530148873154e-01
-5.802379284400660531e-01,-2.402301530148873154e-01
-7.595784711667026290e-01,-1.961615861938930949e-01
-7.595784711667026290e-01,-1.961615861938930949e-01
-7.595784711667026290e-01,-1.961615861938930949e-01
-6.040742208345313280e-01,-6.593558375713431952e-02
-6.040742208345313280e-01,-6.593558375713431952e-02
-7.086629990660849865e-01,-2.457235785537358885e-01
-7.086629990660849865e-01,-2.457235785537358885e-01
-7.086629990660849865e-01,-2.457235785537358885e-01
-7.086629990660849865e-01,-2.457235785537358885e-01
-6.929010655616392178e-01,-1.412156123855207723e-01
-6.929010655616392178e-01,-1.412156123855207723e-01
-4.296094443610575242e-01,-1.155242336076878484e-01
-1.848540161901023882e-01,-7.503103199499733256e-02
-1.848540161901023882e-01,-7.503103199499733256e-02
-5.544535403330863588e-01,-1.817744397040687021e-01
-5.544535403330863588e-01,-1.817744397040687021e-01
-4.306416919071019977e-01,-2.339554105920693683e-02
-5.908057616154080982e-01,7.164911337695900606e-02
-5.908057616154080982e-01,7.164911337695900606e-02
-5.908057616154080982e-01,7.164911337695900606e-02
-5.908057616154080982e-01,7.164911337695900606e-02
-5.908057616154080982e-01,7.164911337695900606e-02
-5.908057616154080982e-01,7.164911337695900606e-02
-5.362633805987215840e-01,-6.115436251958375480e-02
-6.047419444816432010e-01,-2.025614716484377270e-02
-6.800984823731189843e-01,6.272779444730505749e-02
-6.800984823731189843e-01,6.272779444730505749e-02
-6.800984823731189843e-01,6.272779444730505749e-02
-7.034696654088050671e-01,1.431186136079384275e-01
-7.034696654088050671e-01,1.431186136079384275e-01
-9.353280880371158679e-01,1.152275732505197020e-01
-1.055558788865178954e+00,6.947589948001722804e-02
-8.643125995300766640e-01,-3.663243574348944154e-02
-7.449914400426349559e-01,1.422565305301361216e-02
-7.449914400426349559e-01,1.422565305301361216e-02
-7.449914400426349559e-01,1.422565305301361216e-02
-7.780753364154308072e-01,5.024469988773105911e-02
-7.559115187577893913e-01,-4.592270254415942166e-02
-9.888443292355928449e-01,-1.501578830504473050e-01
-9.888443292355928449e-01,-1.501578830504473050e-01
-8.763355438003836984e-01,-3.062474285066905111e-01
-8.763355438003836984e-01,-3.062474285066905111e-01
-8.763355438003836984e-01,-3.062474285066905111e-01
-7.597177624230627702e-01,-3.633511541414095047e-01
-7.597177624230627702e-01,-3.633511541414095047e-01
-5.571138546214804421e-01,-3.462215088964464837e-01
-5.571138546214804421e-01,-3.462215088964464837e-01
-5.571138546214804421e-01,-3.462215088964464837e-01
-5.571138546214804421e-01,-3.462215088964464837e-01
-4.207875431731512572e-01,-2.480271722868458983e-01
-4.207875431731512572e-01,-2.480271722868458983e-01
-4.207875431731512572e-01,-2.480271722868458983e-01
-4.207875431731512572e-01,-2.480271722868458983e-01
-4.207875431731512572e-01,-2.480271722868458983e-01
-4.207875431731512572e-01,-2.480271722868458983e-01
-4.207875431731512572e-01,-2.480271722868458983e-01
-5.363056899661340360e-01,-2.384066642257852420e-01
-5.510763193190691966e-01,-2.632845742837431890e-01
-2.945403524499948245e-01,-4.307996991403845177e-02
-2.945403524499948245e-01,-4.307996991403845177e-02
-2.945403524499948245e-01,-4.307996991403845177e-02
-2.659788222569842708e-01,5.940521059131079196e-02
-2.659788222569842708e-01,5.940521059131079196e-02
-5.147196843398984534e-01,2.485066077813728735e-01
-3.604991474106813421e-01,2.762948439735697370e-01
-3.604991474106813421e-01,2.762948439735697370e-01
-3.604991474106813421e-01,2.762948439735697370e-01
-4.276300439967465339e-01,2.048342680280385575e-01
-2.642868278194925868e-01,1.269800862897015603e-01
-2.748439456042417461e-01,9.224373949758904456e-03
-3.259457220102662256e-01,3.039526484172851498e-02
-5.746335341076715952e-01,5.757825241045001763e-02
-7.422212061035884378e-01,-5.380238017607007206e-02
-7.422212061035884378e-01,-5.380238017607007206e-02
-7.712432755191849232e-01,3.068352581188756034e-02
-7.712432755191849232e-01,3.068352581188756034e-02
-7.712432755191849232e-01,3.068352581188756034e-02
-7.712432755191849232e-01,3.068352581188756034e-02
-6.119820020032312735e-01,-1.776229536774978079e-01
-6.119820020032312735e-01,-1.776229536774978079e-01
-6.119820020032312735e-01,-1.776229536774978079e-01
-6.119820020032312735e-01,-1.776229536774978079e-01
-6.575088259961950898e-01,-2.113942239397392786e-02
-6.575088259961950898e-01,-2.113942239397392786e-02
-6.575088259961950898e-01,-2.113942239397392786e-02
-6.575088259961950898e-01,-2.113942239397392786e-02
-6.575088259961950898e-01,-2.113942239397392786e-02
-6.575088259961950898e-01,-2.113942239397392786e-02
-8.038090103196823266e-01,-5.432252417294632096e-02
-8.038090103196823266e-01,-5.432252417294632096e-02
-8.038090103196823266e-01,-5.432252417294632096e-02
-8.038090103196823266e-01,-5.432252417294632096e-02
-5.864635335098963287e-01,-1.454917276966097850e-01
-5.447366237916941856e-01,-1.874716857409364223e-03
-5.447366237916941856e-01,-1.874716857409364223e-03
-5.447366237916941856e-01,-1.874716857409364223e-03
-5.447366237916941856e-01,-1.874716857409364223e-03
-5.447366237916941856e-01,-1.874716857409364223e-03
-5.447366237916941856e-01,-1.874716857409364223e-03
-5.447366237916941856e-01,-1.874716857409364223e-03
-5.295147508077010512e-01,1.006260178760790686e-01
-5.266238385816610634e-01,3.558640823849612556e-02
-3.588469125144794214e-01,-9.725474451664190001e-02
-3.588469125144794214e-01,-9.725474451664190001e-02
-3.588469125144794214e-01,-9.725474451664190001e-02
-3.588469125144794214e-01,-9.725474451664190001e-02
-6.334526310299958274e-01,-1.028251007241426651e-01
-6.334526310299958274e-01,-1.028251007241426651e-01
-6.334526310299958274e-01,-1.028251007241426651e-01
-5.292551589572902504e-01,-1.791252761603763233e-01
-5.292551589572902504e-01,-1.791252761603763233e-01
-3.526921482782460204e-01,9.253485262323474236e-03
-3.526921482782460204e-01,9.253485262323474236e-03
-3.526921482782460204e-01,9.253485262323474236e-03
-3.526921482782460204e-01,9.253485262323474236e-03
-4.868415541627862941e-01,-1.036682660250456411e-01
-4.186078177498204766e-01,-1.776454162587526309e-01
-4.186078177498204766e-01,-1.776454162587526309e-01
-5.615063711963023119e-01,-5.479806978659233774e-02
-4.575330931296043291e-01,-8.458338809786024315e-02
-6.027801752327781593e-01,1.291444334518521142e-01
-6.027801752327781593e-01,1.291444334518521142e-01
-7.070475366953477003e-01,2.705046341355094031e-01
-7.255537526438262663e-01,-1.331087390273547055e-01
-7.255537526438262663e-01,-1.331087390273547055e-01
-7.255537526438262663e-01,-1.331087390273547055e-01
-7.255537526438262663e-01,-1.331087390273547055e-01
-7.255537526438262663e-01,-1.331087390273547055e-01
-7.255537526438262663e-01,-1.331087390273547055e-01
-7.329255150976117239e-01,-6.709124064799534826e-02
-7.329255150976117239e-01,-6.709124064799534826e-02
-7.329255150976117239e-01,-6.709124064799534826e-02
-5.851184568942381370e-01,1.520127644932130206e-02
-5.851184568942381370e-01,1.520127644932130206e-02
-5.851184568942381370e-01,1.520127644932130206e-02
-5.851184568942381370e-01,1.520127644932130206e-02
-6.838347266765968380e-01,4.098112573622784971e-02
-6.682964923554988168e-01,8.379369552013166134e-02
-6.682964923554988168e-01,8.379369552013166134e-02
-6.289931384734607223e-01,1.017956656655018832e-01
-6.289931384734607223e-01,1.017956656655018832e-01
-6.289931384734607223e-01,1.017956656655018832e-01
-4.996587020007345892e-01,1.391569118741403654e-02
-5.088951580456796409e-01,-1.008365632787278643e-01
-5.088951580456796409e-01,-1.008365632787278643e-01
-3.666634298557528426e-01,4.655550914355699454e-02
-5.735579165050692652e-01,-5.342630188763956844e-03
-4.752641663445569264e-01,-1.170378796341504934e-01
-5.069858693866400312e-01,-5.138447777005633599e-02
-5.069858693866400312e-01,-5.138447777005633599e-02
-5.864358029510827741e-01,6.871589424708612892e-02
-5.864358029510827741e-01,6.871589424708612892e-02
-5.864358029510827741e-01,6.871589424708612892e-02
-5.864358029510827741e-01,6.871589424708612892e-02
-5.864358029510827741e-01,6.871589424708612892e-02
-5.786790667847750980e-01,-1.022206935550283025e-01
-5.786790667847750980e-01,-1.022206935550283025e-01
-3.451715490188351776e-01,3.119842712293496856e-02
-6.083671781584845117e-01,1.109873187323499322e-01
-6.019247704841614866e-01,-1.726875220644054354e-01
-9.094249405494430061e-01,-8.477995211682294585e-02
-5.924636393339904883e-01,-3.061796974000369764e-01
-7.124313404549863504e-01,-3.058840566347408307e-01
-7.124313404549863504e-01,-3.058840566347408307e-01
-7.124313404549863504e-01,-3.058840566347408307e-01
-7.107618720100188359e-01,-2.395937040033566390e-01
-7.107618720100188359e-01,-2.395937040033566390e-01
-7.744707127706155214e-01,-7.135135669130399094e-02
-7.744707127706155214e-01,-7.135135669130399094e-02
-7.744707127706155214e-01,-7.135135669130399094e-02
-7.744707127706155214e-01,-7.135135669130399094e-02
-7.744707127706155214e-01,-7.135135669130399094e-02
-7.744707127706155214e-01,-7.135135669130399094e-02
-8.004900314331626632e-01,-6.038051635946749957e-02
-6.220473712773808561e-01,1.363587069922484740e-01
-6.220473712773808561e-01,1.363587069922484740e-01
-6.220473712773808561e-01,1.363587069922484740e-01
-6.662317692918752199e-01,7.245202098083723674e-02
-6.518147139208071428e-01,1.317342933006592220e-01
-4.412203388297699647e-01,1.076746914139274786e-01
-5.447693574238445802e-01,-5.854496576912625316e-02
-5.447693574238445802e-01,-5.854496576912625316e-02
-5.447693574238445802e-01,-5.854496576912625316e-02
-5.447693574238445802e-01,-5.854496576912625316e-02
-5.447693574238445802e-01,-5.854496576912625316e-02
-5.447693574238445802e-01,-5.854496576912625316e-02
-5.612180783094731229e-01,-1.480377631665676375e-01
-5.612180783094731229e-01,-1.480377631665676375e-01
-3.777835391451541680e-01,8.923073125287311891e-02
-3.777835391451541680e-01,8.923073125287311891e-02
-7.723103851531728514e-01,-2.698506646275705689e-02
-7.651164974658636320e-01,-5.107726917283308965e-02
-7.651164974658636320e-01,-5.107726917283308965e-02
-7.651164974658636320e-01,-5.107726917283308965e-02
-7.195746458777873000e-01,-2.909885485556787735e-02
-5.109459272998411183e-01,-1.130533617954752323e-01
-5.821440102370816216e-01,-1.288000255849160169e-02
-5.821440102370816216e-01,-1.288000255849160169e-02
-4.659735192351958655e-01,4.075791333025685637e-04
-5.654359061054181623e-01,-4.711937451827487300e-02
-5.654359061054181623e-01,-4.711937451827487300e-02
-7.335095010558232431e-01,-4.321854338125273587e-02
-6.075403581196763270e-01,7.246337529829800783e-02
-6.075403581196763270e-01,7.246337529829800783e-02
-6.075403581196763270e-01,7.246337529829800783e-02
-6.075403581196763270e-01,7.246337529829800783e-02
-5.253576480804885707e-01,1.445758904042044046e-01
-7.180188213957798826e-01,1.683008525238840203e-01
-5.386283117806672793e-01,1.175206321708539003e-01
-5.942683919527207426e-01,5.218470302797054150e-03
-5.942683919527207426e-01,5.218470302797054150e-03
-5.942683919527207426e-01,5.218470302797054150e-03
-5.942683919527207426e-01,5.218470302797054150e-03
-5.942683919527207426e-01,5.218470302797054150e-03
-5.942683919527207426e-01,5.218470302797054150e-03
-5.942683919527207426e-01,5.218470302797054150e-03
-5.304240686512950997e-01,6.937026288302110266e-02
-5.304240686512950997e-01,6.937026288302110266e-02
-5.304240686512950997e-01,6.937026288302110266e-02
-4.081164580049655433e-01,5.830190888897354706e-02
-4.081164580049655433e-01,5.830190888897354706e-02
-4.140956941681931958e-01,1.631623791734542195e-01
-5.786017837509029871e-01,1.159355817278770184e-01
-5.786017837509029871e-01,1.159355817278770184e-01
-6.231040593469896471e-01,-3.904652546755765785e-02
-7.016641240288896686e-01,-5.713756983678052598e-02
-7.455375970867612612e-01,-6.325231481233921371e-02
-7.455375970867612612e-01,-6.325231481233921371e-02
-7.455375970867612612e-01,-6.325231481233921371e-02
-5.839008301853141347e-01,1.706050331058160674e-02
-5.839008301853141347e-01,1.706050331058160674e-02
-6.758290979974146406e-01,1.725665307900903916e-02
-6.697483241277472077e-01,3.035929635417112041e-02
-6.697483241277472077e-01,3.035929635417112041e-02
-5.962308052995439756e-01,-6.108443705392643808e-02
-5.962308052995439756e-01,-6.108443705392643808e-02
-5.962308052995439756e-01,-6.108443705392643808e-02
-4.781824015080328727e-01,-1.615982723776122898e-02
-5.027706686411828052e-01,-4.538299945275284242e-02
-5.027706686411828052e-01,-4.538299945275284242e-02
-5.027706686411828052e-01,-4.538299945275284242e-02
-5.653795070846283632e-01,1.357209771272624155e-01
-5.653795070846283632e-01,1.357209771272624155e-01
-3.419108636810079815e-01,7.184501188839918784e-02
-3.419108636810079815e-01,7.184501188839918784e-02
-4.458597075649362029e-01,5.685533729785877122e-03
-4.458597075649362029e-01,5.685533729785877122e-03
-3.012462971324800787e-01,8.443589900891113054e-02
-3.874956544171176964e-01,2.718496810428649990e-01
-2.800407436090780466e-01,2.285048520879137957e-01
-2.800407436090780466e-01,2.285048520879137957e-01
-4.061776033417892617e-01,1.742422526370968061e-01
-4.059701503313241644e-01,1.163497648802210571e-01
-4.059701503313241644e-01,1.163497648802210571e-01
-2.424772871997348533e-01,1.327741047013052123e-01
-2.668287316802391840e-01,1.091688740849319911e-01
-2.668287316802391840e-01,1.091688740849319911e-01
-2.475688989239444582e-01,-1.711520131175854609e-02
-6.231442597477534484e-01,-2.252304395440078363e-02
-6.231442597477534484e-01,-2.252304395440078363e-02
-1.954272085190804642e-01,-2.013391391723564072e-01
-3.392652456126159510e-01,-1.898326146638093515e-01
-5.139869478941866410e-01,-2.250263397352413874e-01
-5.139869478941866410e-01,-2.250263397352413874e-01
-5.139869478941866410e-01,-2.250263397352413874e-01
-4.315145164881440953e-01,-4.479970244634320919e-02
-4.751566286297795316e-01,-1.286472056216504400e-01
-6.294419222941343151e-01,-5.381064034632712656e-02
-7.974888753690492216e-01,1.406877693531522755e-01
-8.739042354765743648e-01,7.896374640094006025e-02
-8.739042354765743648e-01,7.896374640094006025e-02
-8.139141988839597719e-01,8.714442859470809821e-02
-9.718947017969481461e-01,-1.967199816841601612e-01
-9.718947017969481461e-01,-1.967199816841601612e-01
-9.718947017969481461e-01,-1.967199816841601612e-01
-9.457643058243973000e-01,-2.009854051879099435e-01
-9.457643058243973000e-01,-2.009854051879099435e-01
-1.040653921003851234e+00,-2.402797938104328512e-01
-1.040653921003851234e+00,-2.402797938104328512e-01
-1.040653921003851234e+00,-2.402797938104328512e-01
-9.976089560709312520e-01,-1.429346410372701326e-01
-9.871792895681051894e-01,-1.148156779475943967e-01
-9.871792895681051894e-01,-1.148156779475943967e-01
-9.039135719599140639e-01,-5.340346516631920559e-02
-6.821483620132279269e-01,-3.795380664462273679e-02
-6.065812803497340200e-01,-3.683725100105002259e-02
-6.065812803497340200e-01,-3.683725100105002259e-02
-4.630939753870274567e-01,-1.315136812121800447e-01
-4.910453212855214744e-01,1.798269115118502626e-01
-5.498897710911656578e-01,1.976404151835587097e-01
-5.498897710911656578e-01,1.976404151835587097e-01
-5.498897710911656578e-01,1.976404151835587097e-01
-5.498897710911656578e-01,1.976404151835587097e-01
-5.498897710911656578e-01,1.976404151835587097e-01
-5.498897710911656578e-01,1.976404151835587097e-01
-5.498897710911656578e-01,1.976404151835587097e-01
-5.498897710911656578e-01,1.976404151835587097e-01
-5.384021459209659133e-01,8.849689959693864127e-02
-5.384021459209659133e-01,8.849689959693864127e-02
-5.384021459209659133e-01,8.849689959693864127e-02
-5.258879614018646675e-01,2.770300265406689527e-02
-4.368710122658905903e-01,-1.397178830894602736e-02
-4.368710122658905903e-01,-1.397178830894602736e-02
-4.368710122658905903e-01,-1.397178830894602736e-02
-4.368710122658905903e-01,-1.397178830894602736e-02
-5.822422810872844856e-01,-3.000351460361002087e-01
-5.822422810872844856e-01,-3.000351460361002087e-01
-5.756187637819660807e-01,-3.331481255885166970e-01
-4.931248853595362469e-01,-2.193660323455856598e-01
-4.931248853595362469e-01,-2.193660323455856598e-01
-4.505854086897096433e-01,-8.013714595042470412e-02
-4.505854086897096433e-01,-8.013714595042470412e-02
-4.310630850576743223e-01,-4.240879286195285702e-02
-4.310630850576743223e-01,-4.240879286195285702e-02
-3.950513913120266007e-01,-4.665347507229730684e-03
-4.850571575521782641e-01,-3.680869482346472987e-02
-4.850571575521782641e-01,-3.680869482346472987e-02
-4.449478233355315115e-01,-5.408639068280918921e-02
-4.520978342245663972e-01,1.577714110388491603e-02
-5.467690424486578715e-01,-2.469575969697616891e-01
-6.412585575940458194e-01,-1.207714624626472499e-01
-6.311647978369592238e-01,-1.781561254529804295e-01
-5.883814168619946328e-01,-1.355587547243960467e-01
-6.608529128785888274e-01,-2.263513392947920921e-01
-6.608529128785888274e-01,-2.263513392947920921e-01
-6.608529128785888274e-01,-2.263513392947920921e-01
-4.831236643148322241e-01,-2.569537464633412371e-01
-4.887984422414947683e-01,-1.138828729168641918e-01
-4.887984422414947683e-01,-1.138828729168641918e-01
-4.887984422414947683e-01,-1.138828729168641918e-01
-7.999014084351960818e-01,6.637771814643381174e-02
-7.999014084351960818e-01,6.637771814643381174e-02
-7.999014084351960818e-01,6.637771814643381174e-02
-9.119950625802067945e-01,1.601912650571576113e-01
-7.781242812007442833e-01,1.222390887524644476e-01
-7.781242812007442833e-01,1.222390887524644476e-01
-7.781242812007442833e-01,1.222390887524644476e-01
-7.781242812007442833e-01,1.222390887524644476e-01
-7.781242812007442833e-01,1.222390887524644476e-01
-7.189720596608774050e-01,4.212604781306060475e-02
-5.666015432392408346e-01,6.138532954544926451e-02
-5.666015432392408346e-01,6.138532954544926451e-02
-5.666015432392408346e-01,6.138532954544926451e-02
-5.666015432392408346e-01,6.138532954544926451e-02
-5.666015432392408346e-01,6.138532954544926451e-02
-5.463688889532770654e-01,2.382791724914258558e-02
-5.463688889532770654e-01,2.382791724914258558e-02
-6.889912958895864081e-01,1.474033771143946070e-01
-6.889912958895864081e-01,1.474033771143946070e-01
-7.492447259149439542e-01,2.114317764219257600e-01
-7.492447259149439542e-01,2.114317764219257600e-01
-7.492447259149439542e-01,2.114317764219257600e-01
-7.404956196857565009e-01,2.632505926291333620e-01
-6.541183313236490493e-01,1.924396809359364968e-01
-6.372728018815758677e-01,1.689845402748170744e-01
-6.372728018815758677e-01,1.689845402748170744e-01
-6.372728018815758677e-01,1.689845402748170744e-01
-6.372728018815758677e-01,1.689845402748170744e-01
-6.372728018815758677e-01,1.689845402748170744e-01
-6.372728018815758677e-01,1.689845402748170744e-01
-6.372728018815758677e-01,1.689845402748170744e-01
-7.464023614880614943e-01,6.722907779364944991e-02
-7.464023614880614943e-01,6.722907779364944991e-02
-3.762999917505124858e-01,1.229514387464307051e-01
-3.762999917505124858e-01,1.229514387464307051e-01
-3.900878646072484801e-01,9.648293023766939258e-02
-4.786048772627785053e-01,6.226969383731958962e-02
-4.771704825660486593e-01,-3.442274888070823158e-02
-4.771704825660486593e-01,-3.442274888070823158e-02
-6.478724000242458425e-01,-1.071825134673446006e-01
-6.126136957027689123e-01,-7.975410089668724667e-02
-6.126136957027689123e-01,-7.975410089668724667e-02
-6.126136957027689123e-01,-7.975410089668724667e-02
-6.126136957027689123e-01,-7.975410089668724667e-02
-6.126136957027689123e-01,-7.975410089668724667e-02
-6.126136957027689123e-01,-7.975410089668724667e-02
-6.126136957027689123e-01,-7.975410089668724667e-02
-5.909655650573555352e-01,1.757804910512325569e-02
-5.314687059213095699e-01,-8.677968493550719531e-02
-4.431768482542917109e-01,-1.780541531114041010e-01
-4.272383973776596733e-01,-2.116291791513971732e-02
-6.609095959405292264e-01,1.264982271143371417e-01
-5.129120764439084601e-01,1.651593714012895842e-01
-4.936069533493613326e-01,-2.004747437006493271e-02
-4.590465726881211572e-01,-7.749350810043362237e-02
-4.590465726881211572e-01,-7.749350810043362237e-02
-4.995387315339281376e-01,-2.699411215587767254e-02
-7.601339497033716697e-01,6.953327056113560445e-02
-7.601339497033716697e-01,6.953327056113560445e-02
-6.837391751835655285e-01,-4.189239666540517382e-02
-5.489187955905745486e-01,-1.058998347443805971e-01
-5.489187955905745486e-01,-1.058998347443805971e-01
-5.489187955905745486e-01,-1.058998347443805971e-01
-5.489187955905745486e-01,-1.058998347443805971e-01
-5.364974094884501499e-01,-1.244753492491040697e-01
-4.776358606635610071e-01,-1.323254651542428439e-01
-4.776358606635610071e-01,-1.323254651542428439e-01
-4.776358606635610071e-01,-1.323254651542428439e-01
-4.776358606635610071e-01,-1.323254651542428439e-01
-4.776358606635610071e-01,-1.323254651542428439e-01
-4.776358606635610071e-01,-1.323254651542428439e-01
-5.117572650864218309e-01,-2.107787678448230784e-02
-5.983907637400462942e-01,3.429424312110449652e-02
-5.279699618114286341e-01,-1.807254881518108314e-02
-4.670118063246336826e-01,-1.247838696691201538e-01
-4.836615626616757591e-01,-1.616109453726978507e-01
-4.702850847002503776e-01,3.160469008471247787e-02
-4.561306836344360405e-01,-2.096876242554174957e-02
-4.561306836344360405e-01,-2.096876242554174957e-02
-4.561306836344360405e-01,-2.096876242554174957e-02
-4.561306836344360405e-01,-2.096876242554174957e-02
-4.561306836344360405e-01,-2.096876242554174957e-02
-4.003191385955204851e-01,2.221125391384312087e-01
-8.054291609998076584e-01,1.279581240854596458e-01
-8.077989175196806926e-01,2.270872280162567480e-01
-5.639478881356098094e-01,-7.893306522443399587e-02
-5.455304035875050417e-01,2.991827318838864991e-01
-7.620645206527569826e-01,1.417136152353200840e-01
-7.620645206527569826e-01,1.417136152353200840e-01
-7.620645206527569826e-01,1.417136152353200840e-01
-7.620645206527569826e-01,1.417136152353200840e-01
-7.620645206527569826e-01,1.417136152353200840e-01
-6.424943333367660880e-01,1.313187780929221393e-01
-6.930752553299479590e-01,1.108690985832324338e-01
-6.930752553299479590e-01,1.108690985832324338e-01
-7.483460561783272791e-01,1.718695876746434148e-01
-7.913253057080014141e-01,1.648417267853773682e-01
-7.913253057080014141e-01,1.648417267853773682e-01
-7.913253057080014141e-01,1.648417267853773682e-01
-7.913253057080014141e-01,1.648417267853773682e-01
-5.982954137290602548e-01,2.532478049999617453e-01
-4.991747869921758785e-01,1.037113251353145860e-01
-4.991747869921758785e-01,1.037113251353145860e-01
-4.991747869921758785e-01,1.037113251353145860e-01
-6.934886735206629016e-01,-1.582863810942411187e-01
-7.586332920792289158e-01,9.958387829232084876e-03
-7.586332920792289158e-01,9.958387829232084876e-03
-7.586332920792289158e-01,9.958387829232084876e-03
-7.278323338758221350e-01,-2.909194630921917157e-02
-7.278323338758221350e-01,-2.909194630921917157e-02
-7.278323338758221350e-01,-2.909194630921917157e-02
-8.228518585231423543e-01,-2.514767347042465642e-02
-8.228518585231423543e-01,-2.514767347042465642e-02
-8.228518585231423543e-01,-2.514767347042465642e-02
-8.228518585231423543e-01,-2.514767347042465642e-02
-7.903099396593487036e-01,-8.312478225094568907e-02
-6.662001596393087866e-01,-2.711895775087524302e-02
-6.662001596393087866e-01,-2.711895775087524302e-02
-6.662001596393087866e-01,-2.711895775087524302e-02
-6.662001596393087866e-01,-2.711895775087524302e-02
-6.662001596393087866e-01,-2.711895775087524302e-02
-5.545026017446328392e-01,3.421352383175644413e-02
-5.545026017446328392e-01,3.421352383175644413e-02
-5.545026017446328392e-01,3.421352383175644413e-02
-5.545026017446328392e-01,3.421352383175644413e-02
-5.646077480478181032e-01,3.455360110111609095e-02
-5.646077480478181032e-01,3.455360110111609095e-02
-7.102666480102702851e-01,2.307721163771387363e-01
-7.102666480102702851e-01,2.307721163771387363e-01
-7.102666480102702851e-01,2.307721163771387363e-01
-6.567979733184240443e-01,1.892145257609140208e-01
-6.253254208684441151e-01,9.482025591384318775e-02
-6.253254208684441151e-01,9.482025591384318775e-02
-7.645495721685017232e-01,-1.664087386677154390e-01
-6.685151661284129965e-01,-2.123777366666877442e-01
-4.210380140786323944e-01,-1.205595870263099084e-01
-6.320782422790165445e-01,-1.896650876852054579e-01
-6.320782422790165445e-01,-1.896650876852054579e-01
-7.095058739631684430e-01,-1.418490430082694209e-01
-6.867764146778209122e-01,1.219140251683037413e-02
-6.867764146778209122e-01,1.219140251683037413e-02
-7.333815051205379021e-01,-2.213975100683390485e-01
-5.766405400978285023e-01,-2.731644576945310710e-01
-5.766405400978285023e-01,-2.731644576945310710e-01
-5.766405400978285023e-01,-2.731644576945310710e-01
-3.293834258694819384e-01,-1.299640697696728686e-01
-3.293834258694819384e-01,-1.299640697696728686e-01
-5.708238298541574718e-01,9.845620179581601739e-02
-5.935624634248175546e-01,-2.042136765206083726e-01
-5.935624634248175546e-01,-2.042136765206083726e-01
-5.935624634248175546e-01,-2.042136765206083726e-01
-8.335277473039677254e-01,-6.909598966268845621e-02
-7.548822509312226314e-01,1.421652350482437710e-01
-7.342268679058441272e-01,1.548887869854357613e-01
-6.555867643998110061e-01,7.541517834280103694e-02
-6.555867643998110061e-01,7.541517834280103694e-02
-6.555867643998110061e-01,7.541517834280103694e-02
-6.555867643998110061e-01,7.541517834280103694e-02
-5.134470312617278598e-01,1.213495141995143828e-01
-4.186885531672020488e-01,8.927839772201806579e-02
-4.186885531672020488e-01,8.927839772201806579e-02
-4.186885531672020488e-01,8.927839772201806579e-02
-7.265517256845592797e-01,2.219263149734418406e-02
-7.265517256845592797e-01,2.219263149734418406e-02
-7.265517256845592797e-01,2.219263149734418406e-02
-7.079859823227725446e-01,-1.774596608498515415e-01
-6.144078622400797052e-01,-2.059318027364226145e-01
-6.144078622400797052e-01,-2.059318027364226145e-01
-6.144078622400797052e-01,-2.059318027364226145e-01
-4.844422321866224679e-01,-1.691554569679843967e-01
-5.294917360892209546e-01,-1.964749170463933048e-01
-4.263618076230516474e-01,-6.569581882916217253e-02
-4.479631673441263340e-01,1.001098204965971128e-01
-7.857071452475481443e-01,-5.042121509558475378e-03
-7.857071452475481443e-01,-5.042121509558475378e-03
-7.857071452475481443e-01,-5.042121509558475378e-03
-7.857071452475481443e-01,-5.042121509558475378e-03
-3.107421529199848043e-01,-1.369869679308196031e-01
-6.924614037146596957e-01,7.637344401803944360e-02
-8.471698655290949009e-01,2.755629831957158715e-01
-8.471698655290949009e-01,2.755629831957158715e-01
-6.058995942627378728e-01,-5.640476387299370176e-02
-6.058995942627378728e-01,-5.640476387299370176e-02
-6.058995942627378728e-01,-5.640476387299370176e-02
-6.058995942627378728e-01,-5.640476387299370176e-02
-6.658618781136879106e-01,4.990008088703229427e-03
-6.658618781136879106e-01,4.990008088703229427e-03
-7.008417419970510709e-01,8.124117271232531370e-03
-7.382250415237365804e-01,5.352615582556229795e-02
-6.762633952243991553e-01,6.134356823035573558e-02
-6.762633952243991553e-01,6.134356823035573558e-02
-7.627267363693329694e-01,-1.154770838337394745e-02
-7.627267363693329694e-01,-1.154770838337394745e-02
-6.321937817029126272e-01,6.183863566807613898e-02
-6.321937817029126272e-01,6.183863566807613898e-02
-5.875392717171186163e-01,-4.419605717882986451e-02
-5.254909406690032592e-01,7.489803876911642344e-02
-5.240162244044106465e-01,-8.318757654910001464e-02
-3.225201638819543692e-01,-5.458560878281698558e-03
-5.387299567222126884e-01,-1.561131738989989248e-01
-5.812865097632700095e-01,-1.987077752312152445e-02
-5.147968319700148010e-01,-7.330816216986757450e-02
-5.428555629689009177e-01,-2.135055577388780546e-01
-6.746527921191916022e-01,2.290773603451190521e-02
-7.933591085467452952e-01,9.644608005168787968e-04
-7.933591085467452952e-01,9.644608005168787968e-04
-7.933591085467452952e-01,9.644608005168787968e-04
-6.969669470644388465e-01,2.788147967446487074e-01
-7.827097337333497329e-01,2.271557279567150145e-01
-7.827097337333497329e-01,2.271557279567150145e-01
-5.226335480022240576e-01,2.405112234077264877e-01
-5.226335480022240576e-01,2.405112234077264877e-01
-4.816490530166225303e-01,2.930683802383264314e-01
-5.725790961339565222e-01,3.391545500389459011e-01
-5.725790961339565222e-01,3.391545500389459011e-01
-5.725790961339565222e-01,3.391545500389459011e-01
-5.450802086120226653e-01,3.193357126406918267e-01
-5.882745557967212768e-01,2.971418620516462217e-01
-6.261913076999260364e-01,2.008277994898886032e-01
-6.261913076999260364e-01,2.008277994898886032e-01
-6.372078078419157743e-01,5.902022232650824818e-02
-6.372078078419157743e-01,5.902022232650824818e-02
-7.640196847780460487e-01,-1.451149843061776412e-01
-7.014655153926760978e-01,3.486002506527971501e-02
-5.838845750389958233e-01,3.467463873846109157e-02
-5.838845750389958233e-01,3.467463873846109157e-02
-5.838845750389958233e-01,3.467463873846109157e-02
-5.838845750389958233e-01,3.467463873846109157e-02
-5.838845750389958233e-01,3.467463873846109157e-02
-5.806248088571697163e-01,1.821013396859538780e-01
-6.071802267270852704e-01,2.006089289413368615e-01
-5.408633311808443977e-01,4.389393068367120065e-02
-6.833876563766748680e-01,-5.789371694628092646e-02
-5.359558761169728180e-01,1.437767434252263110e-01
-5.359558761169728180e-01,1.437767434252263110e-01
-6.178647099270579979e-01,1.483545121044994308e-01
-3.262906930355968793e-01,1.078520962185944565e-01
-3.262906930355968793e-01,1.078520962185944565e-01
-3.314109669751604259e-01,-3.141114597651561979e-02
-3.314109669751604259e-01,-3.141114597651561979e-02
-4.037029287560343072e-01,-1.521535356782596216e-01
-4.037029287560343072e-01,-1.521535356782596216e-01
-3.400780210251510560e-01,-1.245634061716815871e-01
-3.400780210251510560e-01,-1.245634061716815871e-01
-5.177194600350011333e-01,-2.442593961573333861e-01
-4.768027527383669750e-01,-2.120791880017359188e-01
-6.496577268765171276e-01,-2.485782795010299528e-01
-8.118968214620783108e-01,-2.779071486966332438e-01
-9.636805766761126213e-01,-2.699226745121288129e-01
-9.636805766761126213e-01,-2.699226745121288129e-01
-1.001040310911567754e+00,-9.748583876233657408e-02
-1.065152329989676350e+00,-1.464482042881559698e-01
-9.635877077473993246e-01,-4.866027575750431211e-02
-6.622438021429857269e-01,-7.120457160637820582e-02
-7.597909362311398018e-01,1.314039293776584350e-01
-8.814747370023884310e-01,-8.296771951134152001e-03
-8.814747370023884310e-01,-8.296771951134152001e-03
-7.961657663540969709e-01,-3.664790487759040510e-02
-7.961657663540969709e-01,-3.664790487759040510e-02
-7.961657663540969709e-01,-3.664790487759040510e-02
-7.961657663540969709e-01,-3.664790487759040510e-02
-7.989785169137459953e-01,-1.202180719000168763e-01
-7.989785169137459953e-01,-1.202180719000168763e-01
-7.989785169137459953e-01,-1.202180719000168763e-01
-4.981233409827769409e-01,-6.408894845194282319e-02
-6.878526578392269997e-01,-1.488824527113196128e-01
-5.839371268018983541e-01,-1.197019251286651764e-02
-5.838769249754369728e-01,1.323483340851387691e-01
-5.078333772248497802e-01,9.666157392539749538e-02
-5.078333772248497802e-01,9.666157392539749538e-02
-5.078333772248497802e-01,9.666157392539749538e-02
-4.276043100886151027e-01,-1.143151813737755124e-01
-4.824811662392176626e-01,-3.919510831243763760e-02
-7.026913591588487273e-01,6.058896789027137797e-02
-7.026913591588487273e-01,6.058896789027137797e-02
-7.026913591588487273e-01,6.058896789027137797e-02
-7.026913591588487273e-01,6.058896789027137797e-02
-6.213200320485855466e-01,-1.966102557863187716e-01
-6.213200320485855466e-01,-1.966102557863187716e-01
-8.030036576102744794e-01,-8.448675823900346493e-02
-4.757002413316288592e-01,-5.607843426244796259e-02
-6.518681267730365159e-01,-2.614300099978091041e-02
-5.595532264410087997e-01,-1.096916080882803929e-01
-5.595532264410087997e-01,-1.096916080882803929e-01
-5.595532264410087997e-01,-1.096916080882803929e-01
-5.595532264410087997e-01,-1.096916080882803929e-01
-3.688276098450915530e-01,1.553846924022860010e-02
-3.688276098450915530e-01,1.553846924022860010e-02
-3.094345470614212612e-01,-1.400343182996751160e-02
-2.945755594708947545e-01,5.170246512959886243e-02
-2.945755594708947545e-01,5.170246512959886243e-02
-2.909269868814548521e-01,4.918870392414648185e-03
-2.909269868814548521e-01,4.918870392414648185e-03
-2.909269868814548521e-01,4.918870392414648185e-03
-2.909269868814548521e-01,4.918870392414648185e-03
-2.091290150201889075e-01,-1.923865052643540519e-02
-2.091290150201889075e-01,-1.923865052643540519e-02
-3.702914427079551096e-01,-8.015621794247468346e-02
-4.937849447744742104e-01,-8.254566689909313693e-02
-5.739812564794005700e-01,3.095892703148885039e-02
-5.739812564794005700e-01,3.095892703148885039e-02
-5.739812564794005700e-01,3.095892703148885039e-02
-5.739812564794005700e-01,3.095892703148885039e-02
-5.739812564794005700e-01,3.095892703148885039e-02
-6.436023071883927305e-01,1.958134024915114679e-02
-6.159488144216681560e-01,2.038928409641856121e-01
-4.760467717149953204e-01,7.054188028643859631e-02
-4.760467717149953204e-01,7.054188028643859631e-02
-4.334145319436870092e-01,1.837736310984627031e-01
-4.334145319436870092e-01,1.837736310984627031e-01
-4.322781007843259915e-01,1.177519378438156850e-01
-5.527879986756037978e-01,1.126822121635364105e-01
-4.808824898306108264e-01,5.928538976803260363e-02
-5.688808484590047732e-01,3.660009450200306380e-03
-5.479461903285881563e-01,-8.520368984803411427e-02
-5.516490239700594378e-01,-9.479324920316001268e-03
-5.125405591650689097e-01,1.642018207502520671e-03
-5.125405591650689097e-01,1.642018207502520671e-03
-5.685865196310765368e-01,3.748684464210980116e-02
-4.902155023154343150e-01,1.401714493612225554e-01
-4.902155023154343150e-01,1.401714493612225554e-01
-4.902155023154343150e-01,1.401714493612225554e-01
-4.902155023154343150e-01,1.401714493612225554e-01
-5.087929470374801255e-01,4.437894419221299902e-02
-7.097823078668292762e-01,-2.565870130539967264e-01
-7.097823078668292762e-01,-2.565870130539967264e-01
-8.228375086460395504e-01,-4.155294064946793431e-02
-8.228375086460395504e-01,-4.155294064946793431e-02
-8.228375086460395504e-01,-4.155294064946793431e-02
-8.228375086460395504e-01,-4.155294064946793431e-02
-5.915604002439356357e-01,9.145636875488627471e-02
-5.915604002439356357e-01,9.145636875488627471e-02
-5.021070047391495983e-01,1.414612040993563635e-01
-5.021070047391495983e-01,1.414612040993563635e-01
-5.802184746443624919e-01,1.179250095904769563e-01
-4.540938515738655590e-01,-2.845184539536403656e-02
-6.579685058092297201e-01,3.913334473954389880e-02
-6.579685058092297201e-01,3.913334473954389880e-02
-6.579685058092297201e-01,3.913334473954389880e-02
-6.328496612778133912e-01,-1.106966678032423462e-02
-6.328496612778133912e-01,-1.106966678032423462e-02
-6.328496612778133912e-01,-1.106966678032423462e-02
-5.789589602204386898e-01,1.015977066150217101e-01
-5.789589602204386898e-01,1.015977066150217101e-01
-8.067809143099541336e-01,4.872487379038995675e-02
-6.630857939451613170e-01,6.934946158794109972e-02
-6.630857939451613170e-01,6.934946158794109972e-02
-6.041504878218774133e-01,1.553965332402957311e-01
-6.041504878218774133e-01,1.553965332402957311e-01
-6.041504878218774133e-01,1.553965332402957311e-01
-6.041504878218774133e-01,1.553965332402957311e-01
-4.578070290082960625e-01,1.403632922693729967e-01
-4.578070290082960625e-01,1.403632922693729967e-01
-4.015414776865108282e-01,7.819675573709203298e-02
-4.312932837649652296e-01,-1.803152843335820155e-03
-4.312932837649652296e-01,-1.803152843335820155e-03
-4.536105447366050036e-01,-7.651363426771722043e-02
-4.513125788279269135e-01,-7.474215008164974972e-02
-4.701644155813545223e-01,-2.059620462229445892e-02
-4.701644155813545223e-01,-2.059620462229445892e-02
-4.701644155813545223e-01,-2.059620462229445892e-02
-5.611680213159129238e-01,-1.713653211803020660e-01
-5.611680213159129238e-01,-1.713653211803020660e-01
-6.838399636427682227e-01,-7.018282984506389599e-02
-6.838399636427682227e-01,-7.018282984506389599e-02
-6.838399636427682227e-01,-7.018282984506389599e-02
-7.475012332474237908e-01,-5.363262757993891156e-02
-8.586363026833169210e-01,-1.402736599051823130e-01
-8.586363026833169210e-01,-1.402736599051823130e-01
-8.586363026833169210e-01,-1.402736599051823130e-01
-8.586363026833169210e-01,-1.402736599051823130e-01
-8.586363026833169210e-01,-1.402736599051823130e-01
-8.653599453423005405e-01,-1.932057378329177788e-01
-8.653599453423005405e-01,-1.932057378329177788e-01
-8.653599453423005405e-01,-1.932057378329177788e-01
-8.653599453423005405e-01,-1.932057378329177788e-01
-8.117670355882578015e-01,-2.365316537662046359e-01
-5.662162909216756912e-01,-2.756788346119459776e-01
-8.752122775839764612e-01,-4.834299774061950883e-02
-8.752122775839764612e-01,-4.834299774061950883e-02
-8.157388627090764732e-01,4.749979036253745845e-02
-8.157388627090764732e-01,4.749979036253745845e-02
-5.826441185093219621e-01,-1.253477808145408157e-01
-5.826441185093219621e-01,-1.253477808145408157e-01
-6.003471899183580041e-01,-1.410343515346698107e-01
-4.676895384024513658e-01,-5.407829559571276923e-02
-4.306972285947421319e-01,-4.242342127513366867e-02
-4.297950927453897396e-01,-1.561636254875019628e-02
-3.767112363724607893e-01,-1.119449976053248641e-01
-3.767112363724607893e-01,-1.119449976053248641e-01
-4.997172343220215862e-01,-2.351620662033622189e-01
-4.997172343220215862e-01,-2.351620662033622189e-01
-4.997172343220215862e-01,-2.351620662033622189e-01
-4.997172343220215862e-01,-2.351620662033622189e-01
-3.365375373523852853e-01,-5.833490320135942264e-02
-5.933812382380034833e-01,2.026337483593331767e-01
-6.921189621880033949e-01,1.323029946944970225e-03
-6.921189621880033949e-01,1.323029946944970225e-03
-8.057130076093808047e-01,8.429069278067388704e-02
-6.387148305900611778e-01,1.697198398686849685e-01
-6.387148305900611778e-01,1.697198398686849685e-01
-7.519146512920276137e-01,-9.384031117969629521e-02
-7.519146512920276137e-01,-9.384031117969629521e-02
-7.519146512920276137e-01,-9.384031117969629521e-02
-9.103091350051211172e-01,-2.383963550201063930e-02
-9.103091350051211172e-01,-2.383963550201063930e-02
-7.156520997554931540e-01,-1.021490516169224205e-01
-7.156520997554931540e-01,-1.021490516169224205e-01
-5.973282521396977574e-01,-1.642133287033559208e-02
-6.402191288541090319e-01,8.584823827653828565e-02
-6.460999292746671951e-01,2.400105951643003999e-01
-6.460999292746671951e-01,2.400105951643003999e-01
-6.800617546844055505e-01,1.670669136894152584e-01
-8.045027973706251334e-01,5.433472383787733839e-02
-6.157628510973451874e-01,-1.035459743191077392e-01
-6.157628510973451874e-01,-1.035459743191077392e-01
-6.612738319375603968e-01,-6.131384331847491292e-02
-6.612738319375603968e-01,-6.131384331847491292e-02
-7.348175138863257683e-01,-3.811788665422928546e-02
-7.348175138863257683e-01,-3.811788665422928546e-02
-6.904359544373089852e-01,2.015953641600513602e-01
-6.904359544373089852e-01,2.015953641600513602e-01
-7.228320920719735199e-01,6.284395145725574228e-02
-7.228320920719735199e-01,6.284395145725574228e-02
-4.658744665799413598e-01,-3.537790168886820186e-02
-4.658744665799413598e-01,-3.537790168886820186e-02
-4.952152828359678294e-01,2.128890234715345720e-03
-4.952152828359678294e-01,2.128890234715345720e-03
-4.560684391876029808e-01,5.691781890115342468e-02
-7.498037331604294753e-01,9.040991172299703282e-02
-6.943875395306214893e-01,6.359043498512312320e-02
-6.943875395306214893e-01,6.359043498512312320e-02
-6.943875395306214893e-01,6.359043498512312320e-02
-6.943875395306214893e-01,6.359043498512312320e-02
-6.943875395306214893e-01,6.359043498512312320e-02
-5.780903340410936675e-01,1.385275942965183416e-01
-5.341881214925899846e-01,2.528740294771186226e-01
-5.341881214925899846e-01,2.528740294771186226e-01
-6.662276929223143185e-01,1.697106314269655192e-01
-6.800781375781866922e-01,1.258465561551633249e-02
-6.047938196939091071e-01,-6.044869872103539321e-02
-5.459319274003586742e-01,9.062236437676801648e-02
-5.459319274003586742e-01,9.062236437676801648e-02
-5.459319274003586742e-01,9.062236437676801648e-02
-5.459319274003586742e-01,9.062236437676801648e-02
-5.459319274003586742e-01,9.062236437676801648e-02
-5.459319274003586742e-01,9.062236437676801648e-02
-8.341890676142720285e-01,6.643625588218612932e-03
-7.688585001220480386e-01,-6.057238247982855983e-02
-7.688585001220480386e-01,-6.057238247982855983e-02
-7.688585001220480386e-01,-6.057238247982855983e-02
-7.688585001220480386e-01,-6.057238247982855983e-02
-8.296396808661290478e-01,-2.411463800599761287e-02
-7.975980811971925544e-01,1.313535044002713675e-02
-6.480652524267584980e-01,-5.605387765058022359e-02
-6.480652524267584980e-01,-5.605387765058022359e-02
-6.480652524267584980e-01,-5.605387765058022359e-02
-4.667504885430957540e-01,-1.989999763150732126e-01
-4.667504885430957540e-01,-1.989999763150732126e-01
-4.667504885430957540e-01,-1.989999763150732126e-01
-4.173853823918816097e-01,-3.279589602396447701e-01
-4.173853823918816097e-01,-3.279589602396447701e-01
-6.317245863500083880e-01,-3.071068417311068610e-01
-4.814282387312273093e-01,-2.058897667445211133e-01
-4.084101315105904129e-01,-1.350092904962693907e-01
-4.694166990647470339e-01,-1.749653914112984654e-01
-4.694166990647470339e-01,-1.749653914112984654e-01
-4.656603754962631014e-01,-2.146236192999095849e-02
-3.570058921244440575e-01,-9.636648732681077356e-02
-3.570058921244440575e-01,-9.636648732681077356e-02
-2.684146450968641906e-01,-6.944588303448046007e-03
-2.684146450968641906e-01,-6.944588303448046007e-03
-2.466581639545788462e-01,-4.849011841979797982e-02
-3.888029471321936548e-01,-2.959038804871093331e-02
-6.255631678119113470e-01,-2.163839081270313783e-02
-5.957391378709930851e-01,-2.160384769091526491e-01
-5.957391378709930851e-01,-2.160384769091526491e-01
-5.957391378709930851e-01,-2.160384769091526491e-01
-4.244462357907255456e-01,-3.871097376258409994e-01
-4.865404768434994920e-01,-3.718167428565455901e-01
-4.865404768434994920e-01,-3.718167428565455901e-01
-4.865404768434994920e-01,-3.718167428565455901e-01
-4.865404768434994920e-01,-3.718167428565455901e-01
-4.344653062112083242e-01,-2.530993602149645971e-01
-3.979871589911394558e-01,-2.773348843025288391e-01
-3.979871589911394558e-01,-2.773348843025288391e-01
-3.671494287408464952e-01,-2.086110736794385412e-01
-3.749943386484552721e-01,-2.279709251786011526e-01
-2.511680582600200884e-01,-2.743271039121206178e-02
-4.720451802757493764e-01,7.786810869576221705e-02
-6.101704266060105075e-01,-1.399572111354814297e-01
-7.624548025540136553e-01,-4.604839057310827766e-02
-7.624548025540136553e-01,-4.604839057310827766e-02
-5.285866179395890541e-01,1.224085682212610049e-01
-5.285866179395890541e-01,1.224085682212610049e-01
-5.285866179395890541e-01,1.224085682212610049e-01
-5.285866179395890541e-01,1.224085682212610049e-01
-5.285866179395890541e-01,1.224085682212610049e-01
-7.687059977380464870e-01,7.795294761708951303e-02
-7.687059977380464870e-01,7.795294761708951303e-02
-6.672190140491907062e-01,-5.740173461333952787e-02
-6.672190140491907062e-01,-5.740173461333952787e-02
-6.607027419225167675e-01,-2.810767210662530602e-02
-6.607027419225167675e-01,-2.810767210662530602e-02
-6.607027419225167675e-01,-2.810767210662530602e-02
-6.607027419225167675e-01,-2.810767210662530602e-02
-7.475027456764808953e-01,-7.316201987318517175e-02
-7.475027456764808953e-01,-7.316201987318517175e-02
-7.475027456764808953e-01,-7.316201987318517175e-02
-7.475027456764808953e-01,-7.316201987318517175e-02
-6.491581723042548768e-01,9.711981949668742342e-02
-6.491581723042548768e-01,9.711981949668742342e-02
-6.799555141785712520e-01,1.552717961550806325e-01
-6.799555141785712520e-01,1.552717961550806325e-01
-6.253284491159728509e-01,3.106924953671140466e-02
-6.253284491159728509e-01,3.106924953671140466e-02
-4.307046475598437230e-01,-2.797655121117469390e-01
-4.307046475598437230e-01,-2.797655121117469390e-01
-3.613785039464966764e-01,-6.813392798491973990e-02
-3.373548464394391377e-01,-2.402753461788843525e-01
-2.882318989605033299e-01,-2.530132906275542881e-01
-1.258054726001938961e-01,-1.882848554969682175e-01
-3.496133729806752410e-01,-2.459272247046821180e-01
-2.748140975730681834e-01,-1.282698405498512439e-01
-3.878687201309287680e-01,-2.171965976664969045e-03
-4.432540600064933112e-01,-1.249985639269891591e-01
-2.813442635848534268e-01,-7.560373405150845605e-02
-2.933287196185451196e-01,-2.471179230489837786e-01
-2.933287196185451196e-01,-2.471179230489837786e-01
-1.848270288412808826e-01,-1.508136896152212914e-01
-2.412524145778414952e-01,1.035220385912524743e-02
-3.932649652125598250e-01,-1.957337484029194608e-01
-3.932649652125598250e-01,-1.957337484029194608e-01
-3.429001127019074002e-01,-2.153872751512810602e-01
-2.714356307984543970e-01,-1.408387102258389922e-01
-2.361289596114682920e-01,1.881065223857487645e-01
-2.361289596114682920e-01,1.881065223857487645e-01
-2.361289596114682920e-01,1.881065223857487645e-01
-5.740594963901022307e-01,5.411472750257659281e-02
-5.740594963901022307e-01,5.411472750257659281e-02
-5.740594963901022307e-01,5.411472750257659281e-02
-5.740594963901022307e-01,5.411472750257659281e-02
-5.740594963901022307e-01,5.411472750257659281e-02
-5.740594963901022307e-01,5.411472750257659281e-02
-5.740594963901022307e-01,5.411472750257659281e-02
-5.740594963901022307e-01,5.411472750257659281e-02
-5.740594963901022307e-01,5.411472750257659281e-02
-5.740594963901022307e-01,5.411472750257659281e-02
-6.672865646591883415e-01,-2.724354207652038284e-02
-6.672865646591883415e-01,-2.724354207652038284e-02
-6.993250629659312212e-01,1.643845122582016094e-02
-6.993250629659312212e-01,1.643845122582016094e-02
-6.029352160185168508e-01,-5.433282544891594734e-02
-7.420664140933443953e-01,-4.946386970925253923e-03
-7.973203083589792683e-01,-1.513759265548889066e-01
-7.973203083589792683e-01,-1.513759265548889066e-01
-5.308257627837953407e-01,-1.445553088983209111e-01
-5.308257627837953407e-01,-1.445553088983209111e-01
-5.308257627837953407e-01,-1.445553088983209111e-01
-5.308257627837953407e-01,-1.445553088983209111e-01
-3.431137465551760135e-01,-2.733258942974736150e-01
-3.431137465551760135e-01,-2.733258942974736150e-01
-2.388690713755617367e-01,-3.044570979239255015e-01
-4.768457083671250318e-01,-4.782295276189049149e-01
-5.587622324222158987e-01,-4.897847298888506340e-01
-7.575817328999625566e-01,-3.039750353412879469e-01
-7.575817328999625566e-01,-3.039750353412879469e-01
-8.701461445195064481e-01,-1.035380049097832933e-01
-8.701461445195064481e-01,-1.035380049097832933e-01
-8.701461445195064481e-01,-1.035380049097832933e-01
-8.701461445195064481e-01,-1.035380049097832933e-01
-8.987873977493276989e-01,-1.319920723340765878e-02
-8.987873977493276989e-01,-1.319920723340765878e-02
-8.987873977493276989e-01,-1.319920723340765878e-02
-8.987873977493276989e-01,-1.319920723340765878e-02
-7.988518803289575976e-01,-9.930703551685234748e-03
-6.381598562829393639e-01,-2.830996955736705609e-02
-5.332782377456724010e-01,2.965298934063515315e-02
-5.332782377456724010e-01,2.965298934063515315e-02
-5.332782377456724010e-01,2.965298934063515315e-02
-5.332782377456724010e-01,2.965298934063515315e-02
-5.332782377456724010e-01,2.965298934063515315e-02
-6.137533603730550569e-01,-1.413028428386064461e-01
-5.997563977405282465e-01,-1.759431262059877876e-01
-5.997563977405282465e-01,-1.759431262059877876e-01
-4.375131107555454424e-01,1.077043776073326464e-01
-7.063600190902040721e-01,-1.226803540921194424e-01
-7.847458620115179695e-01,4.838226660676611668e-02
-9.071966550039047839e-01,7.374908565878837696e-02
-9.071966550039047839e-01,7.374908565878837696e-02
-7.923526394107998083e-01,-1.355763437997856424e-01
-7.923526394107998083e-01,-1.355763437997856424e-01
-7.923526394107998083e-01,-1.355763437997856424e-01
-9.172310683036426493e-01,-1.403448511409497168e-01
-9.172310683036426493e-01,-1.403448511409497168e-01
-8.166306198733174204e-01,-6.381558660966757390e-02
-8.800228317229762398e-01,1.993911325064923190e-02
-8.800228317229762398e-01,1.993911325064923190e-02
-8.800228317229762398e-01,1.993911325064923190e-02
-7.691701977176125249e-01,-5.571733395823927348e-02
-6.358502637927133661e-01,2.808802161767055827e-02
-6.358502637927133661e-01,2.808802161767055827e-02
-6.483323360069566110e-01,-3.591019949660781418e-03
-6.483323360069566110e-01,-3.591019949660781418e-03
-6.483323360069566110e-01,-3.591019949660781418e-03
-6.483323360069566110e-01,-3.591019949660781418e-03
-5.591507035448975982e-01,1.035707607917939720e-02
-4.167634789812476592e-01,-1.918423583494392182e-01
-4.167634789812476592e-01,-1.918423583494392182e-01
-3.910042483145838577e-01,-2.126931536510994203e-01
-3.910042483145838577e-01,-2.126931536510994203e-01
-4.494770741161510097e-01,-1.111092847077392864e-01
-5.130321964638858701e-01,5.275531958600554461e-02
-4.810041798163292581e-01,-8.668514240051589104e-02
-4.274347853521554552e-01,-1.703443430955872417e-01
-3.446925354051416646e-01,-1.162690746824651677e-03
-3.446925354051416646e-01,-1.162690746824651677e-03
-3.446925354051416646e-01,-1.162690746824651677e-03
-3.446925354051416646e-01,-1.162690746824651677e-03
-5.079208962373513714e-01,-3.292010624489242337e-02
-5.079208962373513714e-01,-3.292010624489242337e-02
-4.759807097406920651e-01,1.792728707695835644e-01
-5.280308590126767676e-01,1.289078892323310965e-01
-5.280308590126767676e-01,1.289078892323310965e-01
-6.235866722540047702e-01,1.279781060334181098e-01
-6.235866722540047702e-01,1.279781060334181098e-01
-6.104867719835658235e-01,1.051693549184374299e-01
-6.104867719835658235e-01,1.051693549184374299e-01
-6.104867719835658235e-01,1.051693549184374299e-01
-6.104867719835658235e-01,1.051693549184374299e-01
-6.104867719835658235e-01,1.051693549184374299e-01
-6.104867719835658235e-01,1.051693549184374299e-01
-6.104867719835658235e-01,1.051693549184374299e-01
-5.345432892116159795e-01,-4.025905063201856704e-03
-5.345432892116159795e-01,-4.025905063201856704e-03
-5.345432892116159795e-01,-4.025905063201856704e-03
-5.345432892116159795e-01,-4.025905063201856704e-03
-6.816688294901005474e-01,-3.852943491671904919e-02
-6.816688294901005474e-01,-3.852943491671904919e-02
-6.235992670428761597e-01,-8.923293068484514090e-02
-6.235992670428761597e-01,-8.923293068484514090e-02
-3.737796199449888723e-01,-1.963025977608470751e-02
-6.032247890061361861e-01,1.161222057901728777e-01
-6.032247890061361861e-01,1.161222057901728777e-01
-7.311839548216523266e-01,-8.333671860610714077e-02
-7.702653827814966991e-01,-5.270459892422753312e-02
-7.702653827814966991e-01,-5.270459892422753312e-02
-7.702653827814966991e-01,-5.270459892422753312e-02
-7.702653827814966991e-01,-5.270459892422753312e-02
-7.702653827814966991e-01,-5.270459892422753312e-02
-7.186029368190571809e-01,-3.238542895695577239e-02
-4.923779537195738243e-01,3.790708894506517046e-02
-6.611590708794619076e-01,-1.471521163594056714e-01
-6.866748103232837019e-01,-5.392792494950832127e-02
-7.350174111425360479e-01,-2.371466124749769810e-01
-6.318335784002306887e-01,-2.447779840773628979e-01
-6.318335784002306887e-01,-2.447779840773628979e-01
-6.318335784002306887e-01,-2.447779840773628979e-01
-7.232378873187018664e-01,-1.554066760959823545e-01
-7.232378873187018664e-01,-1.554066760959823545e-01
-7.232378873187018664e-01,-1.554066760959823545e-01
-7.232378873187018664e-01,-1.554066760959823545e-01
-7.232378873187018664e-01,-1.554066760959823545e-01
-3.872403434878848860e-01,1.350921644364437291e-01
-3.872403434878848860e-01,1.350921644364437291e-01
-3.835304786641720587e-01,1.450858441970992729e-01
-3.835304786641720587e-01,1.450858441970992729e-01
-5.794113119860748728e-01,-6.044737509462555503e-02
-4.603138152551455864e-01,-4.407884626482923979e-02
-4.603138152551455864e-01,-4.407884626482923979e-02
-6.844799122509948042e-01,-1.195316076825701512e-01
-6.439754217534235936e-01,-1.101800419458204700e-01
-7.814932305769684007e-01,-1.079343553561947500e-01
-7.814932305769684007e-01,-1.079343553561947500e-01
-7.814932305769684007e-01,-1.079343553561947500e-01
-7.814932305769684007e-01,-1.079343553561947500e-01
-7.048814848625387652e-01,-1.401999452345608632e-01
-7.048814848625387652e-01,-1.401999452345608632e-01
-7.048814848625387652e-01,-1.401999452345608632e-01
-7.048814848625387652e-01,-1.401999452345608632e-01
-8.404167046688544307e-01,-1.236738871144027196e-01
-8.404167046688544307e-01,-1.236738871144027196e-01
-6.393146312463673375e-01,-1.440417514134504640e-01
-6.393146312463673375e-01,-1.440417514134504640e-01
-6.393146312463673375e-01,-1.440417514134504640e-01
-6.783197796767311827e-01,9.292078806894060738e-02
-6.941606303994095617e-01,-1.352498116647073145e-01
-6.941606303994095617e-01,-1.352498116647073145e-01
-6.941606303994095617e-01,-1.352498116647073145e-01
-6.941606303994095617e-01,-1.352498116647073145e-01
-8.331125444732400132e-01,-5.210046271233986781e-02
-5.995432640114378708e-01,2.228623358663764376e-02
-6.460381375615115163e-01,-1.433024572139808273e-01
-6.460381375615115163e-01,-1.433024572139808273e-01
-6.460381375615115163e-01,-1.433024572139808273e-01
-6.460381375615115163e-01,-1.433024572139808273e-01
-5.919952110532873402e-01,2.154367845864499920e-01
-7.532625085662232323e-01,-1.591263788434454929e-01
-7.532625085662232323e-01,-1.591263788434454929e-01
-7.441850510191677648e-01,-1.428838411913313233e-01
-7.441850510191677648e-01,-1.428838411913313233e-01
-7.441850510191677648e-01,-1.428838411913313233e-01
-6.046882480667910009e-01,-1.358843926312824912e-02
-6.046882480667910009e-01,-1.358843926312824912e-02
-6.046882480667910009e-01,-1.358843926312824912e-02
-6.046882480667910009e-01,-1.358843926312824912e-02
-6.046882480667910009e-01,-1.358843926312824912e-02
-6.046882480667910009e-01,-1.358843926312824912e-02
-6.046882480667910009e-01,-1.358843926312824912e-02
-5.289236939870702869e-01,-8.611510925006422845e-02
-5.289236939870702869e-01,-8.611510925006422845e-02
-3.738069689876082347e-01,2.855096874262970374e-02
-3.629139115606612731e-01,1.489037187706048204e-01
-4.521158713889252279e-01,1.284040792683019405e-01
-3.998984264669271926e-01,1.258471180960644975e-01
-3.998984264669271926e-01,1.258471180960644975e-01
-3.998984264669271926e-01,1.258471180960644975e-01
-4.875869206129872513e-01,-1.149529863871167901e-01
-6.780830441881307014e-01,-1.360249012830631321e-01
-6.780830441881307014e-01,-1.360249012830631321e-01
-5.601133502919327656e-01,-7.169269166213104727e-03
-5.601133502919327656e-01,-7.169269166213104727e-03
-4.560513389155226860e-01,-6.353535254113060193e-02
-5.174790767550598858e-01,-1.422586245841083452e-01
-5.174790767550598858e-01,-1.422586245841083452e-01
-5.180826123808225381e-01,-1.804424171670874211e-01
-5.180826123808225381e-01,-1.804424171670874211e-01
-5.180826123808225381e-01,-1.804424171670874211e-01
-7.675119102636005497e-01,8.225684493090706928e-02
-7.675119102636005497e-01,8.225684493090706928e-02
-7.675119102636005497e-01,8.225684493090706928e-02
-6.817209770526940771e-01,-3.370817513506482732e-02
-7.025657905581179641e-01,5.415380858092302963e-02
-7.025657905581179641e-01,5.415380858092302963e-02
-6.471935164706695831e-01,6.234101697750717153e-03
-7.478073097500520516e-01,6.881847642910621232e-02
-7.478073097500520516e-01,6.881847642910621232e-02
-7.478073097500520516e-01,6.881847642910621232e-02
-8.856785785221819030e-01,-3.384864784089100520e-02
-9.683148112798699580e-01,2.783880665008751920e-03
-5.599992160234475991e-01,-7.206389785382136259e-02
-5.599992160234475991e-01,-7.206389785382136259e-02
-5.599992160234475991e-01,-7.206389785382136259e-02
-5.599992160234475991e-01,-7.206389785382136259e-02
-5.599992160234475991e-01,-7.206389785382136259e-02
-5.599992160234475991e-01,-7.206389785382136259e-02
-5.980134487065666971e-01,-1.882774529178035117e-01
-4.543119010521075030e-01,-9.159204623482121443e-02
-5.938826565677790548e-01,-8.984053984781206759e-02
-6.893176524320260290e-01,9.514313554492861980e-02
-6.709873847707863437e-01,1.012737705289581541e-01
-6.709873847707863437e-01,1.012737705289581541e-01
-6.709873847707863437e-01,1.012737705289581541e-01
-6.709873847707863437e-01,1.012737705289581541e-01
-6.709873847707863437e-01,1.012737705289581541e-01
-7.462565267820157056e-01,1.691814610998844670e-01
-7.872941527415353580e-01,1.341383590351584998e-01
-6.623153794703346975e-01,2.483170800851613458e-01
-6.380092361990595817e-01,1.119746499099363857e-01
-6.380092361990595817e-01,1.119746499099363857e-01
-7.612077597448224653e-01,-1.830961223035957874e-01
-5.698939112745823321e-01,-2.946671666563624448e-01
-7.433366385520403519e-01,-5.107677776673488768e-02
-7.433366385520403519e-01,-5.107677776673488768e-02
-7.433366385520403519e-01,-5.107677776673488768e-02
-7.433366385520403519e-01,-5.107677776673488768e-02
-7.433366385520403519e-01,-5.107677776673488768e-02
-7.433366385520403519e-01,-5.107677776673488768e-02
-7.835051197793500011e-01,-1.256718090959280110e-01
-7.835051197793500011e-01,-1.256718090959280110e-01
-7.835051197793500011e-01,-1.256718090959280110e-01
-5.090192429700677312e-01,-1.344875187417448603e-01
-5.090192429700677312e-01,-1.344875187417448603e-01
-5.090192429700677312e-01,-1.344875187417448603e-01
-4.548658644794592032e-01,-3.646108180662951948e-02
-4.548658644794592032e-01,-3.646108180662951948e-02
-5.596022462111248652e-01,1.776539498000988260e-03
-5.328306300101288695e-01,1.530517130647507940e-01
-5.602093802703470571e-01,7.079642622232394655e-02
-5.602093802703470571e-01,7.079642622232394655e-02
-3.861645561319480002e-01,-5.293441363468351368e-02
-3.909588025425277391e-01,-1.035411151662727625e-01
-3.909588025425277391e-01,-1.035411151662727625e-01
-3.909588025425277391e-01,-1.035411151662727625e-01
-3.909588025425277391e-01,-1.035411151662727625e-01
-3.057683352953853850e-01,-8.204963970289211317e-02
-3.057683352953853850e-01,-8.204963970289211317e-02
-3.650134262722423140e-01,-2.613650901855015252e-01
-3.650134262722423140e-01,-2.613650901855015252e-01
-3.798287699821841223e-01,-3.727685481632325715e-02
-3.798287699821841223e-01,-3.727685481632325715e-02
-1.831895563167013630e-01,1.493657388469129821e-01
-2.056752740678862157e-01,8.999313493907637462e-02
-2.056752740678862157e-01,8.999313493907637462e-02
-1.238810817933382602e-01,1.169121631088505808e-02
-1.238810817933382602e-01,1.169121631088505808e-02
-2.283799205576421409e-02,-4.402288594482407780e-02
-2.283799205576421409e-02,-4.402288594482407780e-02
-2.283799205576421409e-02,-4.402288594482407780e-02
-2.283799205576421409e-02,-4.402288594482407780e-02
-1.981696661837158979e-01,5.817613141124211573e-02
-1.981696661837158979e-01,5.817613141124211573e-02
-2.183731169467560407e-01,-7.688417337439049093e-02
-2.183731169467560407e-01,-7.688417337439049093e-02
-2.183731169467560407e-01,-7.688417337439049093e-02
-2.183731169467560407e-01,-7.688417337439049093e-02
-3.513499573602620329e-01,5.744639920678559775e-02
-1.583941095845589342e-01,-1.188760011105333136e-01
-1.583941095845589342e-01,-1.188760011105333136e-01
-1.583941095845589342e-01,-1.188760011105333136e-01
-3.008934976515437176e-01,-3.097498953575438252e-01
-4.445259604815968713e-01,-1.143683335189288330e-01
-4.445259604815968713e-01,-1.143683335189288330e-01
-4.374289308732468573e-01,-1.129987517325329455e-01
-5.201603778638433928e-01,1.081686936474379745e-02
-5.201603778638433928e-01,1.081686936474379745e-02
-5.201603778638433928e-01,1.081686936474379745e-02
-5.201603778638433928e-01,1.081686936474379745e-02
-5.201603778638433928e-01,1.081686936474379745e-02
-5.201603778638433928e-01,1.081686936474379745e-02
-3.924965626200563884e-01,1.258242803198630355e-01
-3.924965626200563884e-01,1.258242803198630355e-01
-3.924965626200563884e-01,1.258242803198630355e-01
-3.924965626200563884e-01,1.258242803198630355e-01
-4.199964291482791157e-01,9.020893551589526105e-05
-6.982599483439636545e-01,-7.885803828503130941e-02
-7.820029936067709464e-01,2.667809581003980357e-01
-7.820029936067709464e-01,2.667809581003980357e-01
-7.820029936067709464e-01,2.667809581003980357e-01
-8.808237581963086482e-01,8.409552878790077513e-02
-8.682106683359118726e-01,1.699363093555425475e-01
-8.682106683359118726e-01,1.699363093555425475e-01
-8.682106683359118726e-01,1.699363093555425475e-01
-8.682106683359118726e-01,1.699363093555425475e-01
-8.731738952133910603e-01,2.017755580646952707e-01
-8.731738952133910603e-01,2.017755580646952707e-01
-8.731738952133910603e-01,2.017755580646952707e-01
-8.731738952133910603e-01,2.017755580646952707e-01
-6.177035892505944314e-01,3.567468630429980747e-01
-6.502662013930318174e-01,3.831409179419373867e-01
-6.502662013930318174e-01,3.831409179419373867e-01
-6.502662013930318174e-01,3.831409179419373867e-01
-6.880048220014760574e-01,1.488556503327417568e-01
-6.274673633202514367e-01,1.850141714739480803e-01
-6.274673633202514367e-01,1.850141714739480803e-01
-6.632154661843205901e-01,7.858793110786521652e-02
-5.717844459676642010e-01,-3.095502793081835180e-01
-4.918889419532850860e-01,-1.883889319562447595e-01
-3.589735362711532485e-01,-2.152972660845071107e-01
-4.302488825030556518e-01,-1.588693935114159350e-01
-4.302488825030556518e-01,-1.588693935114159350e-01
-5.558489048151025180e-01,-1.550050978689213599e-01
-5.915230326621170320e-01,-1.518908968786511771e-01
-5.915230326621170320e-01,-1.518908968786511771e-01
-4.615306919283165277e-01,-1.831444151765060091e-01
-4.615306919283165277e-01,-1.831444151765060091e-01
-5.200561386322586355e-01,-1.212147857337862455e-01
-5.200561386322586355e-01,-1.212147857337862455e-01
-5.200561386322586355e-01,-1.212147857337862455e-01
-6.370056146938558594e-01,-1.204704021172826045e-01
-6.370056146938558594e-01,-1.204704021172826045e-01
-6.850535402467234913e-01,-2.436013397851466422e-01
-6.290860146288232979e-01,-4.914432208863456220e-02
-6.290860146288232979e-01,-4.914432208863456220e-02
-6.833463210965073920e-01,-6.062873139880872037e-02
-3.014859260959599219e-01,4.854408994576251551e-02
-3.954208529185168630e-01,-6.851500958117373585e-02
-3.954208529185168630e-01,-6.851500958117373585e-02
-4.682589711329492310e-01,-1.552326100559548172e-01
-4.682589711329492310e-01,-1.552326100559548172e-01
-4.682589711329492310e-01,-1.552326100559548172e-01
-4.682589711329492310e-01,-1.552326100559548172e-01
-4.682589711329492310e-01,-1.552326100559548172e-01
-4.682589711329492310e-01,-1.552326100559548172e-01
-4.867138128383945994e-01,-1.977924792991714031e-01
-4.867138128383945994e-01,-1.977924792991714031e-01
-4.572720220704860061e-01,-2.095723171166607723e-01
-4.572720220704860061e-01,-2.095723171166607723e-01
-4.572720220704860061e-01,-2.095723171166607723e-01
-4.572720220704860061e-01,-2.095723171166607723e-01
-5.230190799296989823e-01,-1.967374042816002477e-01
-6.242220638058267879e-01,2.039677401866840656e-01
-6.242220638058267879e-01,2.039677401866840656e-01
-6.764617835992186023e-01,2.341833434373641332e-01
-4.871091467888645221e-01,6.330456717229471231e-02
-4.871091467888645221e-01,6.330456717229471231e-02
-4.038841501790602639e-01,8.674038442245884939e-02
-3.898140506517662196e-01,1.842779920594653231e-02
-3.898140506517662196e-01,1.842779920594653231e-02
-3.898140506517662196e-01,1.842779920594653231e-02
-4.615661041507082007e-01,-1.140760475465051882e-01
-5.410475727440945404e-01,-2.100709217209022484e-01
-5.414118336586541957e-01,-2.856000385811093278e-01
-5.414118336586541957e-01,-2.856000385811093278e-01
-4.988085955822498807e-01,-2.929858468392284032e-01
-6.611957691295647921e-01,-1.648058656467664418e-01
-6.611957691295647921e-01,-1.648058656467664418e-01
-6.788482206659636198e-01,-1.446351003737224306e-01
-6.788482206659636198e-01,-1.446351003737224306e-01
-6.795143596070533087e-01,-3.231248227769676906e-01
-7.675687802848243368e-01,-1.690620509004910066e-01
-7.675687802848243368e-01,-1.690620509004910066e-01
-7.675687802848243368e-01,-1.690620509004910066e-01
-8.467158270751748983e-01,-1.026217518843131615e-01
-7.512883230507101384e-01,-2.256878780594994693e-01
-6.887303862417217815e-01,-5.535293751357578396e-02
-7.919330896394514152e-01,4.755138631662621240e-02
-7.919330896394514152e-01,4.755138631662621240e-02
-7.919330896394514152e-01,4.755138631662621240e-02
-7.919330896394514152e-01,4.755138631662621240e-02
-7.919330896394514152e-01,4.755138631662621240e-02
-7.919330896394514152e-01,4.755138631662621240e-02
-6.549379262793512124e-01,-9.102264019932153338e-02
-6.549379262793512124e-01,-9.102264019932153338e-02
-5.355460659387184519e-01,-4.375954078046478957e-02
-5.355460659387184519e-01,-4.375954078046478957e-02
-5.355460659387184519e-01,-4.375954078046478957e-02
-5.893537740422478688e-01,-2.006260396555072933e-01
-5.893537740422478688e-01,-2.006260396555072933e-01
-4.644739031728157830e-01,-4.747819653382456817e-02
-4.017449095379299617e-01,-1.965460707555748698e-01
-4.017449095379299617e-01,-1.965460707555748698e-01
-4.017449095379299617e-01,-1.965460707555748698e-01
-4.017449095379299617e-01,-1.965460707555748698e-01
-4.017449095379299617e-01,-1.965460707555748698e-01
-4.017449095379299617e-01,-1.965460707555748698e-01
-4.017449095379299617e-01,-1.965460707555748698e-01
-4.017449095379299617e-01,-1.965460707555748698e-01
-5.233134021521690382e-01,-1.826072977323256741e-01
-6.328127429392118586e-01,2.715481569191416367e-02
-6.328127429392118586e-01,2.715481569191416367e-02
-5.440553498426661250e-01,-2.232219055026000987e-02
-5.597895434558034511e-01,1.386242915630418043e-02
-5.597895434558034511e-01,1.386242915630418043e-02
-6.394360948728539107e-01,7.437284069590692492e-02
-6.394360948728539107e-01,7.437284069590692492e-02
-6.394360948728539107e-01,7.437284069590692492e-02
-6.394360948728539107e-01,7.437284069590692492e-02
-6.302530747066336092e-01,4.787059622528919145e-02
-6.805171121329190997e-01,1.549802695433710742e-01
-6.805171121329190997e-01,1.549802695433710742e-01
-6.417831629032206830e-01,4.934595880279113445e-03
-7.669008469528840743e-01,9.482114110651657796e-03
-7.861210777782654535e-01,4.779278423631488915e-02
-7.483000228157643541e-01,-6.241940855304529967e-03
-6.434302514064339507e-01,1.105605406027146409e-01
-4.904463215765558215e-01,1.955362791118834820e-01
-5.713812840356183864e-01,1.034440723833207065e-01
-6.359686384722099683e-01,6.339550322500871193e-02
-5.783928340353129416e-01,-1.483625907585800485e-03
-5.783928340353129416e-01,-1.483625907585800485e-03
-5.490997405299021805e-01,1.058869896757690526e-01
-5.281512960819327862e-01,4.940406339950242920e-03
-6.537754314250314724e-01,1.246411392797185935e-01
-6.537754314250314724e-01,1.246411392797185935e-01
-5.004659971029322696e-01,-1.424443095856062214e-01
-5.004659971029322696e-01,-1.424443095856062214e-01
-5.004659971029322696e-01,-1.424443095856062214e-01
-6.330008806799017895e-01,-1.925611019921011635e-01
-5.118211985021102750e-01,-1.461115997624801432e-01
-4.400851153333042998e-01,-1.438889524694505484e-01
-4.400851153333042998e-01,-1.438889524694505484e-01
-4.400851153333042998e-01,-1.438889524694505484e-01
-4.400851153333042998e-01,-1.438889524694505484e-01
-6.051870187666057443e-01,-6.192487934208681932e-02
-5.168248077570218868e-01,-3.297352124332827983e-02
-6.454787095648867323e-01,-5.425411763273447346e-02
-6.454787095648867323e-01,-5.425411763273447346e-02
-3.554786528595032524e-01,9.136776567164847651e-02
-3.554786528595032524e-01,9.136776567164847651e-02
-3.554786528595032524e-01,9.136776567164847651e-02
-5.119033803461496834e-01,1.883011641820989124e-02
-4.459881112558507499e-01,4.093191055550703811e-02
-4.459881112558507499e-01,4.093191055550703811e-02
-4.459881112558507499e-01,4.093191055550703811e-02
-4.459881112558507499e-01,4.093191055550703811e-02
-2.370105905821132397e-01,-1.010423379501586560e-01
-2.263839032663693129e-01,9.828671468281777179e-02
-3.561218939580292342e-01,5.692955938096199570e-02
-4.783855098745520840e-01,-3.356985483247717367e-02
-5.340180399366445396e-01,8.607493114565756276e-02
-5.340180399366445396e-01,8.607493114565756276e-02
-4.944083262065928075e-01,1.072780169112018400e-02
-5.647464991516263355e-01,-1.322356999933090860e-01
-5.647464991516263355e-01,-1.322356999933090860e-01
-5.847559923895421230e-01,8.527153241629742420e-02
-6.737051271932062990e-01,7.124734783295341711e-02
-6.737051271932062990e-01,7.124734783295341711e-02
-6.737051271932062990e-01,7.124734783295341711e-02
-6.737051271932062990e-01,7.124734783295341711e-02
-6.412383235898789779e-01,1.780166511489059133e-01
-6.412383235898789779e-01,1.780166511489059133e-01
-5.774048865102289207e-01,3.234974080326800672e-01
-5.774048865102289207e-01,3.234974080326800672e-01
-5.774048865102289207e-01,3.234974080326800672e-01
-5.774048865102289207e-01,3.234974080326800672e-01
-5.774048865102289207e-01,3.234974080326800672e-01
-7.227646412729884506e-01,-2.284594118558970766e-01
-7.227646412729884506e-01,-2.284594118558970766e-01
-7.227646412729884506e-01,-2.284594118558970766e-01
-3.529048222707396598e-01,1.582157494137473308e-02
-3.529048222707396598e-01,1.582157494137473308e-02
-3.529048222707396598e-01,1.582157494137473308e-02
-3.529048222707396598e-01,1.582157494137473308e-02
-3.529048222707396598e-01,1.582157494137473308e-02
-3.529048222707396598e-01,1.582157494137473308e-02
-3.529048222707396598e-01,1.582157494137473308e-02
-3.529048222707396598e-01,1.582157494137473308e-02
-3.529048222707396598e-01,1.582157494137473308e-02
-1.662186112641424462e-01,2.730938865754838352e-01
-2.828335386876001945e-01,4.169567009454594464e-01
-2.828335386876001945e-01,4.169567009454594464e-01
-2.745202666848378104e-01,2.541517217869998513e-01
-3.389716453352096814e-01,2.432069953039927013e-01
-3.746644331715649479e-01,1.421186441369934883e-01
-4.547701175974016019e-01,-4.852646416136052743e-02
-4.547701175974016019e-01,-4.852646416136052743e-02
-4.547701175974016019e-01,-4.852646416136052743e-02
-5.922670069305542295e-01,-1.479059462989221196e-03
-5.922670069305542295e-01,-1.479059462989221196e-03
-5.922670069305542295e-01,-1.479059462989221196e-03
-6.030253485889627285e-01,1.129101827752702625e-01
-5.881762401052123002e-01,-1.137638464260291582e-01
-5.881762401052123002e-01,-1.137638464260291582e-01
-5.967126702763572155e-01,1.820278726851073947e-02
-5.967126702763572155e-01,1.820278726851073947e-02
-6.368213743986947950e-01,2.690165416750913696e-01
-5.467824192047633369e-01,1.680132308098449267e-01
-6.211372667492913724e-01,2.427665320748366162e-01
-6.211372667492913724e-01,2.427665320748366162e-01
-6.211372667492913724e-01,2.427665320748366162e-01
-6.759848167902442473e-01,7.936256625408535936e-02
-6.759848167902442473e-01,7.936256625408535936e-02
-6.759848167902442473e-01,7.936256625408535936e-02
-8.297610645216392244e-01,4.754180368963204645e-02
-9.077678518369551863e-01,-1.182345039929648400e-01
-9.912359410363040801e-01,-5.059407349820439770e-02
-9.912359410363040801e-01,-5.059407349820439770e-02
-9.912359410363040801e-01,-5.059407349820439770e-02
-9.980286830138275223e-01,-1.312071425885547593e-01
-8.549376918971504091e-01,-6.423462782479280597e-02
-7.570617985385554860e-01,-8.519091715325464997e-02
-6.408689658904624942e-01,-1.748997672838150108e-01
-7.639287242936914080e-01,-7.031283083898860753e-02
-7.639287242936914080e-01,-7.031283083898860753e-02
-7.639287242936914080e-01,-7.031283083898860753e-02
-7.475229574608490690e-01,-8.370696417202148909e-02
-7.475229574608490690e-01,-8.370696417202148909e-02
-6.943748826326986423e-01,-8.119956865744025476e-02
-6.943748826326986423e-01,-8.119956865744025476e-02
-4.265538355300334539e-01,-1.216402169079691675e-01
-4.414358625839092665e-01,-1.365631329043009712e-01
-4.358741698269891773e-01,-1.696168625089427562e-01
-4.358741698269891773e-01,-1.696168625089427562e-01
-5.804987127293622651e-01,-1.798416980374756280e-02
-5.804987127293622651e-01,-1.798416980374756280e-02
-7.129595698008237559e-01,-1.046081004863761918e-02
-7.129595698008237559e-01,-1.046081004863761918e-02
-7.826741566750280432e-01,2.438221817907271563e-02
-5.291239805607811375e-01,3.759176055109761383e-02
-5.291239805607811375e-01,3.759176055109761383e-02
-5.291239805607811375e-01,3.759176055109761383e-02
-4.845179582984253663e-01,5.059412870456022476e-02
-4.845179582984253663e-01,5.059412870456022476e-02
-5.638983013061793503e-01,-8.466846193640678586e-02
-4.700860618463181262e-01,1.750312601462096496e-02
-5.001923489525168520e-01,2.296636196670200358e-01
-4.346814200440004550e-01,-1.186283023053438801e-02
-5.862188497011494581e-01,1.306616439898181381e-01
-5.913532242570134212e-01,6.246465683454233142e-02
-5.913532242570134212e-01,6.246465683454233142e-02
-5.457843608649293188e-01,-1.444047794890346292e-02
-3.721655291827710155e-01,8.822928315506323171e-02
-3.721655291827710155e-01,8.822928315506323171e-02
-3.721655291827710155e-01,8.822928315506323171e-02
-6.247551379832092522e-01,-1.691543339313194561e-01
-6.247551379832092522e-01,-1.691543339313194561e-01
-7.112515682508606663e-01,-1.028388191771578142e-01
-6.070781481495657328e-01,1.570523667892202990e-01
-6.616321221466561209e-01,2.028138541930813998e-01
-6.616321221466561209e-01,2.028138541930813998e-01
-6.616321221466561209e-01,2.028138541930813998e-01
-6.616321221466561209e-01,2.028138541930813998e-01
-6.616321221466561209e-01,2.028138541930813998e-01
-6.616321221466561209e-01,2.028138541930813998e-01
-6.616321221466561209e-01,2.028138541930813998e-01
-6.454160203980486843e-01,-3.572046194944863973e-02
-6.946017786043523490e-01,-1.160319412461099584e-02
-4.364935043090009126e-01,-6.004125144962076110e-02
-4.364935043090009126e-01,-6.004125144962076110e-02
-5.257888302251748636e-01,-1.434180929882647448e-01
-5.257888302251748636e-01,-1.434180929882647448e-01
-3.827337981594823857e-01,5.833649281066971559e-03
-3.827337981594823857e-01,5.833649281066971559e-03
-4.788984284127011937e-01,5.837676794188088880e-02
-4.133234981811130249e-01,1.501126301216375025e-01
-4.133234981811130249e-01,1.501126301216375025e-01
-4.133234981811130249e-01,1.501126301216375025e-01
-4.133234981811130249e-01,1.501126301216375025e-01
-4.133234981811130249e-01,1.501126301216375025e-01
-4.133234981811130249e-01,1.501126301216375025e-01
-3.340978967941097277e-01,1.531184808894883731e-02
-3.090944790586281909e-01,1.098463411980475091e-01
-3.090944790586281909e-01,1.098463411980475091e-01
-3.090944790586281909e-01,1.098463411980475091e-01
-4.395379725446767472e-01,2.357481692255708194e-01
-4.395379725446767472e-01,2.357481692255708194e-01
-4.395379725446767472e-01,2.357481692255708194e-01
-4.313472253544605173e-01,3.348639333111399496e-01
-4.313472253544605173e-01,3.348639333111399496e-01
-4.313472253544605173e-01,3.348639333111399496e-01
-8.135615707275436481e-01,2.685792311120565046e-01
-7.472662265300387130e-01,1.662091754641140118e-01
-3.665647654988329895e-01,2.548075897653928612e-02
-3.665647654988329895e-01,2.548075897653928612e-02
-5.875339817817133437e-01,2.329906609329344958e-02
-5.875339817817133437e-01,2.329906609329344958e-02
-6.669178211039843429e-01,-4.543712886355631697e-02
-6.669178211039843429e-01,-4.543712886355631697e-02
-6.669178211039843429e-01,-4.543712886355631697e-02
-6.669178211039843429e-01,-4.543712886355631697e-02
-8.242756583157497818e-01,2.077492300052871665e-02
-8.242756583157497818e-01,2.077492300052871665e-02
-7.402796089534253721e-01,-1.074260453558196493e-01
-6.625530703863685700e-01,-6.642022282645623776e-02
-6.753328289118493144e-01,-3.411287222578229111e-02
-6.753328289118493144e-01,-3.411287222578229111e-02
-6.753328289118493144e-01,-3.411287222578229111e-02
-4.919928480245966407e-01,-7.656483748400674805e-02
-3.876292904603158562e-01,-1.814249714782084633e-01
-3.876292904603158562e-01,-1.814249714782084633e-01
-4.911110141416784591e-01,-1.766781025345411649e-01
-4.911110141416784591e-01,-1.766781025345411649e-01
-4.911110141416784591e-01,-1.766781025345411649e-01
-4.911110141416784591e-01,-1.766781025345411649e-01
-4.911110141416784591e-01,-1.766781025345411649e-01
-4.911110141416784591e-01,-1.766781025345411649e-01
-4.911110141416784591e-01,-1.766781025345411649e-01
-4.911110141416784591e-01,-1.766781025345411649e-01
-7.459856477365177652e-01,4.195614765683000624e-02
-6.680391308362825242e-01,-3.611873102654741818e-02
-6.680391308362825242e-01,-3.611873102654741818e-02
-6.680391308362825242e-01,-3.611873102654741818e-02
-7.219466442420785501e-01,1.007088847487030148e-01
-8.162175119955014102e-01,1.102097226416439424e-01
-7.871364615337163029e-01,-3.074616358547171968e-02
-6.235262791040177000e-01,3.913351847936101524e-02
-6.235262791040177000e-01,3.913351847936101524e-02
-6.235262791040177000e-01,3.913351847936101524e-02
-6.235262791040177000e-01,3.913351847936101524e-02
-6.235262791040177000e-01,3.913351847936101524e-02
-6.235262791040177000e-01,3.913351847936101524e-02
-6.235262791040177000e-01,3.913351847936101524e-02
-6.824558156693361077e-01,2.956911844998601907e-02
-7.716443357083990762e-01,-4.272008095790703203e-02
-7.716443357083990762e-01,-4.272008095790703203e-02
-7.716443357083990762e-01,-4.272008095790703203e-02
-8.471831085298633379e-01,-2.283884074667067235e-02
-7.205542380590682638e-01,-1.378561550327261076e-01
-9.150058982544495567e-01,3.647937812194376739e-02
-9.150058982544495567e-01,3.647937812194376739e-02
-9.150058982544495567e-01,3.647937812194376739e-02
-7.424788311723782286e-01,3.404095319502515871e-01
-5.828786493108522038e-01,2.781768147173354633e-01
-5.828786493108522038e-01,2.781768147173354633e-01
-5.104821085616150222e-01,1.261511190722363895e-01
-5.104821085616150222e-01,1.261511190722363895e-01
-5.104821085616150222e-01,1.261511190722363895e-01
-7.773249914569531072e-01,2.698844313192615973e-01
-7.773249914569531072e-01,2.698844313192615973e-01
-7.773249914569531072e-01,2.698844313192615973e-01
-7.551821179822225671e-01,2.578837624162697573e-01
-7.551821179822225671e-01,2.578837624162697573e-01
-7.551821179822225671e-01,2.578837624162697573e-01
-7.100697316521147329e-01,-1.133508212528644976e-01
-7.100697316521147329e-01,-1.133508212528644976e-01
-8.963124005872917799e-01,6.456709394875653762e-02
-8.799464219256377673e-01,9.187296783088251539e-02
-5.510702784781900121e-01,-1.059393906075265374e-01
-5.510702784781900121e-01,-1.059393906075265374e-01
-4.657068313264720039e-01,-2.111446146228944665e-01
-5.432726254687486600e-01,-1.080584683427314868e-01
-7.587762475575533516e-01,1.409508297507647834e-01
-7.587762475575533516e-01,1.409508297507647834e-01
-7.934370139280069179e-01,4.136059915439466161e-02
-5.330640964405534143e-01,3.296373256963065074e-02
-5.184764589949432123e-01,-1.376627327498536058e-01
-3.965701332805655621e-01,-5.788832890478981530e-02
-3.965701332805655621e-01,-5.788832890478981530e-02
-3.965701332805655621e-01,-5.788832890478981530e-02
-4.515278465415040743e-01,9.263096181240629279e-02
-5.180912486854485355e-01,2.448529334698230364e-01
-3.954356173181603484e-01,5.494820957817411755e-02
-3.954356173181603484e-01,5.494820957817411755e-02
-3.954356173181603484e-01,5.494820957817411755e-02
-4.263333482472165814e-01,1.170116289211534794e-01
-4.263333482472165814e-01,1.170116289211534794e-01
-4.263333482472165814e-01,1.170116289211534794e-01
-6.206598638959021086e-01,-1.263732431896411046e-01
-6.206598638959021086e-01,-1.263732431896411046e-01
-7.107827864135813911e-01,3.206650222629839342e-02
-6.920741294725564208e-01,-7.824971878249847856e-04
-8.678858919294679675e-01,6.790077484994780366e-02
-7.675961438135865400e-01,-1.785138610891433275e-02
-6.021631179633001318e-01,-4.568435414777227699e-02
-6.021631179633001318e-01,-4.568435414777227699e-02
-6.021631179633001318e-01,-4.568435414777227699e-02
-6.021631179633001318e-01,-4.568435414777227699e-02
-7.488052712678809897e-01,-6.040864179230162612e-02
-7.488052712678809897e-01,-6.040864179230162612e-02
-7.717765874854557451e-01,3.984026209510993510e-03
-7.717765874854557451e-01,3.984026209510993510e-03
-8.909942510031104712e-01,-6.444380908072776248e-02
-8.909942510031104712e-01,-6.444380908072776248e-02
-8.909942510031104712e-01,-6.444380908072776248e-02
-8.561872621501037672e-01,4.537993438497296694e-02
-1.000458205723177452e+00,-4.279344109213609193e-02
-7.475886445752821796e-01,3.253678352263399409e-01
-7.475886445752821796e-01,3.253678352263399409e-01
-6.789503871530446766e-01,3.456262087377494074e-01
-6.549196550837008690e-01,3.937754588756701701e-01
-2.959493437695998597e-01,3.251042542015075143e-01
-2.959493437695998597e-01,3.251042542015075143e-01
-2.985802134736904034e-01,2.223494300798218859e-01
-4.934215893998805669e-01,2.716850076698807959e-01
-4.934215893998805669e-01,2.716850076698807959e-01
-5.461953028210233541e-01,4.470972200862567969e-01
-5.461953028210233541e-01,4.470972200862567969e-01
-5.461953028210233541e-01,4.470972200862567969e-01
-5.461953028210233541e-01,4.470972200862567969e-01
-3.491182348312547035e-01,3.359043662957279519e-01
-2.847461571294502836e-01,1.311202957746793185e-02
-2.847461571294502836e-01,1.311202957746793185e-02
-2.847461571294502836e-01,1.311202957746793185e-02
-4.667515181635625288e-01,-2.331198963889501707e-01
-4.667515181635625288e-01,-2.331198963889501707e-01
-5.683709337001153772e-01,-1.427932738037394622e-01
-5.683709337001153772e-01,-1.427932738037394622e-01
-5.683709337001153772e-01,-1.427932738037394622e-01
-5.514748319746055616e-01,-5.768809837102864546e-02
-6.153317701543743468e-01,3.182797620031072028e-02
-5.104021170267911689e-01,9.732943541564419154e-02
-6.293556231586792116e-01,6.835423700376351552e-02
-6.293556231586792116e-01,6.835423700376351552e-02
-6.293556231586792116e-01,6.835423700376351552e-02
-6.146171936011429748e-01,-1.515586005894656862e-01
-6.146171936011429748e-01,-1.515586005894656862e-01
-6.007895506834035615e-01,-2.775196929032218429e-02
-5.384201918755194827e-01,1.128121351157676672e-01
-5.384201918755194827e-01,1.128121351157676672e-01
-5.384201918755194827e-01,1.128121351157676672e-01
-5.128545296026901790e-01,1.511192487223252667e-01
-5.128545296026901790e-01,1.511192487223252667e-01
-6.379856402691017614e-01,5.031882988296550174e-02
-6.379856402691017614e-01,5.031882988296550174e-02
-6.379856402691017614e-01,5.031882988296550174e-02
-6.379856402691017614e-01,5.031882988296550174e-02
-6.030183872078249685e-01,1.063606435152820440e-01
-6.030183872078249685e-01,1.063606435152820440e-01
-6.030183872078249685e-01,1.063606435152820440e-01
-6.030183872078249685e-01,1.063606435152820440e-01
-5.321613343313884581e-01,2.974324423102790715e-02
-7.805215617002364548e-01,5.126444608528579749e-02
-6.125074107697872083e-01,-5.311534515014922075e-02
-6.125074107697872083e-01,-5.311534515014922075e-02
-6.125074107697872083e-01,-5.311534515014922075e-02
-6.125074107697872083e-01,-5.311534515014922075e-02
-6.920883579780606754e-01,3.451626760380992198e-02
-6.898102087530920690e-01,-9.521049504489551008e-03
-8.151314973227894445e-01,2.018164235886611979e-01
-8.151314973227894445e-01,2.018164235886611979e-01
-8.151314973227894445e-01,2.018164235886611979e-01
-8.151314973227894445e-01,2.018164235886611979e-01
-6.964338359720665395e-01,1.120023615906076686e-01
-7.093621905240297121e-01,1.839634260366666552e-01
-6.719384069323085518e-01,2.663767605410427564e-02
-6.719384069323085518e-01,2.663767605410427564e-02
-6.719384069323085518e-01,2.663767605410427564e-02
-7.560004694263218195e-01,-1.198606159829873619e-02
-7.560004694263218195e-01,-1.198606159829873619e-02
-7.560004694263218195e-01,-1.198606159829873619e-02
-7.560004694263218195e-01,-1.198606159829873619e-02
-7.560004694263218195e-01,-1.198606159829873619e-02
-7.560004694263218195e-01,-1.198606159829873619e-02
-7.560004694263218195e-01,-1.198606159829873619e-02
-7.560004694263218195e-01,-1.198606159829873619e-02
-8.278107280424376047e-01,-1.321451683178122456e-02
-4.550762501977360097e-01,1.393591710327018451e-01
-4.550762501977360097e-01,1.393591710327018451e-01
-4.550762501977360097e-01,1.393591710327018451e-01
-5.089323669333561950e-01,1.396411688936889661e-01
-5.089323669333561950e-01,1.396411688936889661e-01
-5.089323669333561950e-01,1.396411688936889661e-01
-5.089323669333561950e-01,1.396411688936889661e-01
-5.006145720965640145e-01,-6.875419088801407175e-02
-5.006145720965640145e-01,-6.875419088801407175e-02
-5.006145720965640145e-01,-6.875419088801407175e-02
-6.107150592716614756e-01,7.731609204981593209e-02
-6.107150592716614756e-01,7.731609204981593209e-02
-6.281011187249848637e-01,5.268574601515912947e-02
-6.281011187249848637e-01,5.268574601515912947e-02
-6.281011187249848637e-01,5.268574601515912947e-02
-6.281011187249848637e-01,5.268574601515912947e-02
-6.541901389724750215e-01,1.402167394963795000e-01
-6.541901389724750215e-01,1.402167394963795000e-01
-6.541901389724750215e-01,1.402167394963795000e-01
-6.990328274714651124e-01,6.764697869468902502e-02
-6.990328274714651124e-01,6.764697869468902502e-02
-6.990328274714651124e-01,6.764697869468902502e-02
-6.990328274714651124e-01,6.764697869468902502e-02
-7.038106673039375982e-01,1.377704686566288972e-01
-8.097134312059606209e-01,1.966436357025415360e-02
-8.097134312059606209e-01,1.966436357025415360e-02
-6.839074822211941296e-01,3.210066933875542483e-02
-6.512577313986415151e-01,-2.201784794855186911e-03
-6.512577313986415151e-01,-2.201784794855186911e-03
-6.512577313986415151e-01,-2.201784794855186911e-03
-6.512577313986415151e-01,-2.201784794855186911e-03
-5.897022800349810412e-01,-2.019680371558870147e-01
-5.310595752243268963e-01,7.547966780354103955e-02
-5.463928722615116751e-01,-5.227729677811257525e-02
-5.463928722615116751e-01,-5.227729677811257525e-02
-5.463928722615116751e-01,-5.227729677811257525e-02
-6.530500920406492327e-01,4.202638533090312378e-02
-6.530500920406492327e-01,4.202638533090312378e-02
-5.468094969550557627e-01,1.692989395133338570e-01
-5.116440827179489226e-01,1.350815237377174238e-01
-6.174047038314272040e-01,8.427547233471632815e-02
-6.986866575071967178e-01,-4.694099991053501952e-02
-6.986866575071967178e-01,-4.694099991053501952e-02
-7.545823092573997748e-01,1.306389419822463205e-01
-5.287407921687268253e-01,-2.640517667881342456e-03
-5.287407921687268253e-01,-2.640517667881342456e-03
-5.287407921687268253e-01,-2.640517667881342456e-03
-5.287407921687268253e-01,-2.640517667881342456e-03
-4.889374377231493485e-01,2.322931892248022295e-02
-2.735750296045511565e-01,1.388367917635731086e-01
-2.735750296045511565e-01,1.388367917635731086e-01
-3.545247403771177863e-01,2.721960388383781182e-01
-5.418364552111178956e-01,-4.525384049281966359e-02
-5.418364552111178956e-01,-4.525384049281966359e-02
-5.579203923856292935e-01,-4.454328517850723868e-02
-5.579203923856292935e-01,-4.454328517850723868e-02
-5.579203923856292935e-01,-4.454328517850723868e-02
-5.579203923856292935e-01,-4.454328517850723868e-02
-6.820780897572646939e-01,2.524380601743268782e-02
-6.820780897572646939e-01,2.524380601743268782e-02
-6.820780897572646939e-01,2.524380601743268782e-02
-6.820780897572646939e-01,2.524380601743268782e-02
-5.178475713394528057e-01,2.261297813812735980e-01
-5.178475713394528057e-01,2.261297813812735980e-01
-5.178475713394528057e-01,2.261297813812735980e-01
-5.178475713394528057e-01,2.261297813812735980e-01
-5.178475713394528057e-01,2.261297813812735980e-01
-5.178475713394528057e-01,2.261297813812735980e-01
-5.178475713394528057e-01,2.261297813812735980e-01
-5.413339492292813526e-01,1.799850374575453493e-01
-5.413339492292813526e-01,1.799850374575453493e-01
-5.840294199819195953e-01,6.941535782695129608e-02
-5.840294199819195953e-01,6.941535782695129608e-02
-5.742329238582756235e-01,1.228161606259829675e-01
-7.149182372456962531e-01,1.687798794159308391e-01
-6.825135927152874427e-01,1.141112084160836732e-01
-4.858699381977289455e-01,1.008145259335904986e-01
-4.858699381977289455e-01,1.008145259335904986e-01
-7.216545428692603403e-01,-1.937626080984591881e-02
-7.216545428692603403e-01,-1.937626080984591881e-02
-7.216545428692603403e-01,-1.937626080984591881e-02
-7.260908790806249735e-01,-3.898671599578475144e-02
-7.260908790806249735e-01,-3.898671599578475144e-02
-7.260908790806249735e-01,-3.898671599578475144e-02
-7.260908790806249735e-01,-3.898671599578475144e-02
-7.260908790806249735e-01,-3.898671599578475144e-02
-7.260908790806249735e-01,-3.898671599578475144e-02
-6.377444981799564871e-01,-8.472831500594027454e-02
-6.377444981799564871e-01,-8.472831500594027454e-02
-6.377444981799564871e-01,-8.472831500594027454e-02
-6.377444981799564871e-01,-8.472831500594027454e-02
-6.377444981799564871e-01,-8.472831500594027454e-02
-7.023918615219781891e-01,2.517618898296888341e-01
-6.711228144538039508e-01,1.126925701294038684e-01
-6.711228144538039508e-01,1.126925701294038684e-01
-5.213623517770740179e-01,1.084573074107196278e-01
-5.213623517770740179e-01,1.084573074107196278e-01
-5.213623517770740179e-01,1.084573074107196278e-01
-5.213623517770740179e-01,1.084573074107196278e-01
-6.324071083161387774e-01,1.708625426977970763e-01
-6.324071083161387774e-01,1.708625426977970763e-01
-6.674796199305070843e-01,2.072965997441812425e-01
-6.161444098742795417e-01,4.502867713322844523e-02
-6.161444098742795417e-01,4.502867713322844523e-02
-5.344552742217115737e-01,-8.989170326890857932e-02
-7.621515758608295998e-01,-2.052609558769329379e-01
-5.936456980027481345e-01,-2.649262893691237131e-01
-5.936456980027481345e-01,-2.649262893691237131e-01
-5.231519268406589207e-01,-1.757566369195097677e-01
-6.300533282874587471e-01,-1.828036777559431114e-01
-3.983979638798517686e-01,-4.698947930729546751e-02
-3.983979638798517686e-01,-4.698947930729546751e-02
-4.081452194216645402e-01,1.483112702209364586e-01
-4.081452194216645402e-01,1.483112702209364586e-01
-4.456964329726663676e-01,5.289817988591496989e-02
-4.848511122015288777e-01,1.475195311761721140e-01
-4.848511122015288777e-01,1.475195311761721140e-01
-4.848511122015288777e-01,1.475195311761721140e-01
-4.848511122015288777e-01,1.475195311761721140e-01
-6.690288237111741143e-01,-9.566572381030924443e-04
-6.196191079720537731e-01,-8.110576971147689940e-02
-6.196191079720537731e-01,-8.110576971147689940e-02
-6.196191079720537731e-01,-8.110576971147689940e-02
-5.019364612024239669e-01,-1.585700593233341227e-01
-5.019364612024239669e-01,-1.585700593233341227e-01
-5.758525477082991895e-01,-2.237686598548284111e-01
-4.851064459386824623e-01,-1.191208171290028678e-01
-5.657791314847080422e-01,-1.374978696645548781e-01
-6.418421427252315459e-01,-1.014465576089383092e-01
-6.778661309553062342e-01,-3.202606376716832792e-01
-6.408615183169688034e-01,-2.239046591144844278e-02
-5.915307150901264466e-01,-4.924443646061961444e-02
-5.915307150901264466e-01,-4.924443646061961444e-02
-5.915307150901264466e-01,-4.924443646061961444e-02
-5.915307150901264466e-01,-4.924443646061961444e-02
-5.915307150901264466e-01,-4.924443646061961444e-02
-6.854927326303840163e-01,2.220686508206871079e-01
-6.630833497251963360e-01,-2.718146796273440691e-02
-7.595879736285993111e-01,7.394806435992752613e-02
-8.403465579866487012e-01,3.050535636911169690e-02
-8.403465579866487012e-01,3.050535636911169690e-02
-6.541509383432282387e-01,6.035650977434083020e-02
-6.973878213266424542e-01,-2.295473818628034068e-02
-8.420118329480209551e-01,-1.997321635366666182e-01
-8.420118329480209551e-01,-1.997321635366666182e-01
-8.420118329480209551e-01,-1.997321635366666182e-01
-7.082462422812378922e-01,-9.741539633743598325e-02
-6.788899806462098674e-01,-1.474505835716848068e-01
-6.788899806462098674e-01,-1.474505835716848068e-01
-6.355056286128973886e-01,-1.917299557093845586e-01
-6.355056286128973886e-01,-1.917299557093845586e-01
-6.355056286128973886e-01,-1.917299557093845586e-01
-4.066389413862188107e-01,-2.578500453130572190e-02
-4.066389413862188107e-01,-2.578500453130572190e-02
-4.066389413862188107e-01,-2.578500453130572190e-02
-4.066389413862188107e-01,-2.578500453130572190e-02
-4.066389413862188107e-01,-2.578500453130572190e-02
-4.066389413862188107e-01,-2.578500453130572190e-02
-4.009717977307296621e-01,1.251583664251904593e-01
-4.985802288824628392e-01,-1.503387123559357663e-02
-6.723936382076911578e-01,-7.493879514766726979e-02
-5.571958171402361382e-01,8.202877580131109903e-02
-5.311765438970665887e-01,1.887836892208153983e-01
-5.311765438970665887e-01,1.887836892208153983e-01
-5.311765438970665887e-01,1.887836892208153983e-01
-4.847512683808577472e-01,1.773461173759594001e-01
-4.847512683808577472e-01,1.773461173759594001e-01
-4.847512683808577472e-01,1.773461173759594001e-01
-5.594888935885822256e-01,-5.968448616644389526e-03
-5.594888935885822256e-01,-5.968448616644389526e-03
-5.594888935885822256e-01,-5.968448616644389526e-03
-5.594888935885822256e-01,-5.968448616644389526e-03
-5.594888935885822256e-01,-5.968448616644389526e-03
-5.594888935885822256e-01,-5.968448616644389526e-03
-5.594888935885822256e-01,-5.968448616644389526e-03
-3.791523380101918805e-01,7.658408682069482720e-02
-3.068782962451390151e-01,9.274592329854788875e-02
-3.068782962451390151e-01,9.274592329854788875e-02
-5.009665215671218474e-01,1.207569182949973646e-01
-6.208301610002395776e-01,-1.220093837680086696e-01
-6.208301610002395776e-01,-1.220093837680086696e-01
-4.793608100324049381e-01,-1.953111149821405435e-01
-4.793608100324049381e-01,-1.953111149821405435e-01
-4.432597992199926451e-01,-2.085826007727900611e-01
-7.276782638342680354e-01,-1.321828817741155793e-01
-5.228247069261190427e-01,-4.343836008181223285e-03
-5.052761271391285058e-01,-1.140513133710258503e-01
-5.052761271391285058e-01,-1.140513133710258503e-01
-5.052761271391285058e-01,-1.140513133710258503e-01
-5.052761271391285058e-01,-1.140513133710258503e-01
-5.052761271391285058e-01,-1.140513133710258503e-01
-3.705235043432483222e-01,-1.469095469679472243e-01
-3.705235043432483222e-01,-1.469095469679472243e-01
-3.872696515817546370e-01,7.005233885436604191e-02
-5.952131455256675086e-01,7.758014624369147239e-04
-5.952131455256675086e-01,7.758014624369147239e-04
-5.952131455256675086e-01,7.758014624369147239e-04
-6.382041575164398850e-01,2.619315618772572601e-02
-6.382041575164398850e-01,2.619315618772572601e-02
-6.382041575164398850e-01,2.619315618772572601e-02
-6.785318887500870755e-01,-1.326733940184044447e-01
-6.913897753609482555e-01,-1.101550381234290554e-01
-6.913897753609482555e-01,-1.101550381234290554e-01
-7.661513297629614083e-01,-1.127931394209287785e-01
-5.727593135046886719e-01,-2.762959205310612787e-01
-4.429063558924155597e-01,-1.146912097012032783e-01
-4.429063558924155597e-01,-1.146912097012032783e-01
-4.429063558924155597e-01,-1.146912097012032783e-01
-5.025871850573039312e-01,1.270356744420887141e-01
-3.707943944081646404e-01,9.561112858626613642e-02
-3.707943944081646404e-01,9.561112858626613642e-02
-3.707943944081646404e-01,9.561112858626613642e-02
-3.707943944081646404e-01,9.561112858626613642e-02
-4.019874705699206241e-01,3.234401000368022916e-03
-4.387854435182982904e-01,4.380841391591726308e-02
-6.823007694142744217e-01,1.823444520176036865e-01
-5.409674576854758277e-01,3.335415697754460229e-01
-6.252083241405415048e-01,3.047754885908660061e-01
-6.831753199424875911e-01,1.873792269386946874e-01
-5.419980875275491883e-01,9.102834247513567900e-02
-5.781467423892565627e-01,-1.344238401018773565e-01
-5.781467423892565627e-01,-1.344238401018773565e-01
-7.544972340288491619e-01,-1.178728252580737573e-01
-7.544972340288491619e-01,-1.178728252580737573e-01
-7.544972340288491619e-01,-1.178728252580737573e-01
-7.544972340288491619e-01,-1.178728252580737573e-01
-6.644360837066075609e-01,-6.919511032231175085e-02
-6.853861848749241981e-01,-1.722312335368264558e-02
-6.434421004594443882e-01,2.121495906764051254e-01
-7.604793919378481926e-01,2.334225587440025007e-01
-7.604793919378481926e-01,2.334225587440025007e-01
-7.604793919378481926e-01,2.334225587440025007e-01
-7.604793919378481926e-01,2.334225587440025007e-01
-7.604793919378481926e-01,2.334225587440025007e-01
-7.604793919378481926e-01,2.334225587440025007e-01
-7.604793919378481926e-01,2.334225587440025007e-01
-6.004612155930053596e-01,-2.587492934937732358e-02
-6.004612155930053596e-01,-2.587492934937732358e-02
-6.004612155930053596e-01,-2.587492934937732358e-02
-6.004612155930053596e-01,-2.587492934937732358e-02
-6.004612155930053596e-01,-2.587492934937732358e-02
-6.004612155930053596e-01,-2.587492934937732358e-02
-6.004612155930053596e-01,-2.587492934937732358e-02
-5.584971554690492113e-01,2.056558776250023979e-01
-5.584971554690492113e-01,2.056558776250023979e-01
-8.126267979281661669e-01,9.819635811469262787e-02
-8.443493277834587252e-01,-7.026293082952159152e-02
-9.487888458933491087e-01,-3.248671918880059739e-02
-9.487888458933491087e-01,-3.248671918880059739e-02
-6.444771284231083364e-01,-9.246610393204753031e-02
-6.444771284231083364e-01,-9.246610393204753031e-02
-6.444771284231083364e-01,-9.246610393204753031e-02
-6.444771284231083364e-01,-9.246610393204753031e-02
-6.074599553658192042e-01,-1.090976610148848835e-01
-6.074599553658192042e-01,-1.090976610148848835e-01
-6.074599553658192042e-01,-1.090976610148848835e-01
-6.109722097996170831e-01,-4.926770578947567425e-03
-6.109722097996170831e-01,-4.926770578947567425e-03
-6.109722097996170831e-01,-4.926770578947567425e-03
-6.109722097996170831e-01,-4.926770578947567425e-03
-6.109722097996170831e-01,-4.926770578947567425e-03
-6.109722097996170831e-01,-4.926770578947567425e-03
-6.109722097996170831e-01,-4.926770578947567425e-03
-6.109722097996170831e-01,-4.926770578947567425e-03
-5.579388950665861158e-01,-5.344991761864833352e-02
-4.407073736575106704e-01,9.849349038486843178e-02
-6.606815611484648798e-01,9.497676867191874595e-02
-6.606815611484648798e-01,9.497676867191874595e-02
-6.448778755515270911e-01,1.530313097393058153e-01
-6.448778755515270911e-01,1.530313097393058153e-01
-5.278910148135267377e-01,2.093587517927608388e-01
-7.355562027117390489e-01,-1.157810865834638381e-01
-7.182331472281334728e-01,-5.751040417043522951e-02
-5.673748997996255206e-01,-5.640636329946826372e-02
-5.550570599106817715e-01,1.094555736980280108e-02
-5.550570599106817715e-01,1.094555736980280108e-02
-5.550570599106817715e-01,1.094555736980280108e-02
-5.952067786618197021e-01,2.776155505989354524e-02
-5.952067786618197021e-01,2.776155505989354524e-02
-5.505117905887070284e-01,-1.248698441617993454e-01
-6.965991232185687609e-01,-1.888513251473506183e-01
-3.881667882099196221e-01,-1.354459692048477215e-01
-2.600525005853979721e-01,-5.626730464902746087e-02
-1.844012440582734613e-01,-8.522809732282586592e-02
-1.844012440582734613e-01,-8.522809732282586592e-02
-2.373250577166045594e-01,-1.854363031852672428e-02
-2.373250577166045594e-01,-1.854363031852672428e-02
-2.373250577166045594e-01,-1.854363031852672428e-02
-5.669364924416581131e-01,1.775512718640871457e-01
-4.297855044426713844e-01,1.929583279021954423e-01
-4.297855044426713844e-01,1.929583279021954423e-01
-4.188067206716130642e-01,3.052701355985851239e-01
-4.188067206716130642e-01,3.052701355985851239e-01
-4.188067206716130642e-01,3.052701355985851239e-01
-4.456245865553950525e-01,3.607962290259742466e-01
-6.773857315063869233e-01,2.721802801782484682e-01
-6.169071095242937286e-01,2.331714120498727949e-01
-6.169071095242937286e-01,2.331714120498727949e-01
-4.313016206549180609e-01,2.635795950883709771e-02
-6.496974664691032020e-01,-3.661826246956871589e-03
-6.527489984474438289e-01,8.934917999454902726e-02
-6.527489984474438289e-01,8.934917999454902726e-02
-6.527489984474438289e-01,8.934917999454902726e-02
-6.527489984474438289e-01,8.934917999454902726e-02
-6.527489984474438289e-01,8.934917999454902726e-02
-6.527489984474438289e-01,8.934917999454902726e-02
-6.527489984474438289e-01,8.934917999454902726e-02
-5.097039366134434868e-01,-1.005609544781223830e-01
-7.037337257381621747e-01,1.420640433551752513e-01
-7.035070698754610774e-01,6.154868695526119482e-02
-7.035070698754610774e-01,6.154868695526119482e-02
-5.109158885013512785e-01,-2.864721746220304233e-02
-5.109158885013512785e-01,-2.864721746220304233e-02
-5.109158885013512785e-01,-2.864721746220304233e-02
-9.022550440595604737e-01,-4.290826354982583274e-02
-9.022550440595604737e-01,-4.290826354982583274e-02
-9.022550440595604737e-01,-4.290826354982583274e-02
-6.749965843565969292e-01,-2.853393247131625482e-02
-6.749965843565969292e-01,-2.853393247131625482e-02
-5.255265743111702248e-01,-6.447182633878278946e-02
-4.544838009152832869e-01,-6.072780682452329909e-02
-4.498547700747544953e-01,1.170481421824776380e-01
-6.906026470086683577e-01,-7.726353695272322741e-02
-6.906026470086683577e-01,-7.726353695272322741e-02
-4.460723033624872658e-01,-1.861295127986938858e-01
-5.964194123891046750e-01,-2.386092708794589345e-01
-5.690722479155471136e-01,-1.608659704772197330e-02
-5.918942159793769697e-01,8.055968368051134865e-02
-5.918942159793769697e-01,8.055968368051134865e-02
-5.918942159793769697e-01,8.055968368051134865e-02
-6.117351364801285607e-01,1.623520365908661389e-01
-6.117351364801285607e-01,1.623520365908661389e-01
-6.931499134439487175e-01,1.191714800653719819e-01
-8.043445980684608143e-01,4.374722122884638909e-02
-8.043445980684608143e-01,4.374722122884638909e-02
-8.043445980684608143e-01,4.374722122884638909e-02
-8.043445980684608143e-01,4.374722122884638909e-02
-8.043445980684608143e-01,4.374722122884638909e-02
-5.981334478242774644e-01,9.483303648302990330e-02
-7.989837220436131204e-01,-8.606981411317818353e-02
-8.255915042007676563e-01,-1.263654904821202296e-01
-8.255915042007676563e-01,-1.263654904821202296e-01
-8.255915042007676563e-01,-1.263654904821202296e-01
-8.255915042007676563e-01,-1.263654904821202296e-01
-5.990806645095273497e-01,-1.051741993990212565e-01
-5.299787796380921456e-01,-3.462091482710848156e-02
-5.299787796380921456e-01,-3.462091482710848156e-02
-7.951681837423509869e-01,-7.624407049672177195e-02
-6.139776325132354495e-01,-9.803574478629496769e-02
-6.618923579784654621e-01,-1.859651979055218507e-01
-6.618923579784654621e-01,-1.859651979055218507e-01
-7.388715316148134482e-01,-6.386557675191761874e-02
-7.388715316148134482e-01,-6.386557675191761874e-02
-7.388715316148134482e-01,-6.386557675191761874e-02
-7.388715316148134482e-01,-6.386557675191761874e-02
-7.388715316148134482e-01,-6.386557675191761874e-02
-7.324828524659611206e-01,-1.290501932218877101e-01
-8.129501863054449107e-01,-1.076570540993231073e-01
-8.129501863054449107e-01,-1.076570540993231073e-01
-7.667298754560851748e-01,-1.007520984262988140e-01
-7.667298754560851748e-01,-1.007520984262988140e-01
-8.323127884402097276e-01,-1.713263795645315057e-01
-8.323127884402097276e-01,-1.713263795645315057e-01
-8.323127884402097276e-01,-1.713263795645315057e-01
-8.323127884402097276e-01,-1.713263795645315057e-01
-7.566612903151032077e-01,-2.135514108960807345e-01
-7.566612903151032077e-01,-2.135514108960807345e-01
-7.566612903151032077e-01,-2.135514108960807345e-01
-7.566612903151032077e-01,-2.135514108960807345e-01
-6.740328799540674654e-01,-1.290993622999142554e-01
-6.740328799540674654e-01,-1.290993622999142554e-01
-6.740328799540674654e-01,-1.290993622999142554e-01
-6.740328799540674654e-01,-1.290993622999142554e-01
-7.784854174571715912e-01,2.678804844251847506e-02
-7.784854174571715912e-01,2.678804844251847506e-02
-8.647777090137032108e-01,-6.114370460460383239e-02
-8.839187452127351685e-01,9.847095524499099861e-02
-9.598253104804276292e-01,1.466487482802437958e-01
-9.247011140183656330e-01,1.615827479188055027e-01
-8.279607188444909616e-01,1.572682833142584613e-01
-8.279607188444909616e-01,1.572682833142584613e-01
-8.434878522755367980e-01,-2.595175322894252568e-02
-8.241566501443552406e-01,-2.920029154030369736e-02
-8.612204293521128484e-01,-5.923502466566231417e-02
-8.612204293521128484e-01,-5.923502466566231417e-02
-7.818442264436854527e-01,9.326585264780622164e-02
-7.818442264436854527e-01,9.326585264780622164e-02
-9.185802829966051020e-01,1.183529540121894263e-02
-8.736070838182352638e-01,-4.079047599489839943e-02
-7.427617338826350002e-01,1.090534005807624329e-01
-6.211029136285499685e-01,1.963646384685831248e-01
-5.496612190870839854e-01,1.784862621344812939e-01
-5.496612190870839854e-01,1.784862621344812939e-01
-5.496612190870839854e-01,1.784862621344812939e-01
-5.496612190870839854e-01,1.784862621344812939e-01
-6.469275296553587129e-01,2.216681144433816364e-01
-6.618993040965042152e-01,-1.407022824530954064e-02
-6.618993040965042152e-01,-1.407022824530954064e-02
-6.618993040965042152e-01,-1.407022824530954064e-02
-6.618993040965042152e-01,-1.407022824530954064e-02
-6.618993040965042152e-01,-1.407022824530954064e-02
-6.618993040965042152e-01,-1.407022824530954064e-02
-5.406517047906587159e-01,6.181644260999154261e-02
-5.852384727746541282e-01,1.594317748459594258e-02
-6.774412511103127255e-01,6.341019572725856146e-02
-6.651100139338672612e-01,8.409653750166704023e-02
-6.651100139338672612e-01,8.409653750166704023e-02
-6.651100139338672612e-01,8.409653750166704023e-02
-6.651100139338672612e-01,8.409653750166704023e-02
-6.651100139338672612e-01,8.409653750166704023e-02
-7.072396769226714230e-01,1.675342732332419649e-01
-6.625506153351888861e-01,4.714487431349798086e-02
-6.625506153351888861e-01,4.714487431349798086e-02
-6.625506153351888861e-01,4.714487431349798086e-02
-7.156228938497852798e-01,-1.364634303355066747e-02
-8.571967533962620012e-01,-7.123969035650891402e-02
-8.571967533962620012e-01,-7.123969035650891402e-02
-8.571967533962620012e-01,-7.123969035650891402e-02
-8.571967533962620012e-01,-7.123969035650891402e-02
-8.571967533962620012e-01,-7.123969035650891402e-02
-7.207714356389973709e-01,2.121640813587905017e-02
-7.207714356389973709e-01,2.121640813587905017e-02
-7.207714356389973709e-01,2.121640813587905017e-02
-7.430231977791695863e-01,4.895140459858893928e-02
-7.430231977791695863e-01,4.895140459858893928e-02
-8.322045197087819535e-01,6.172053971215324397e-02
-8.322045197087819535e-01,6.172053971215324397e-02
-8.322045197087819535e-01,6.172053971215324397e-02
-8.322045197087819535e-01,6.172053971215324397e-02
-8.450553060129394334e-01,9.317441394649640662e-02
-5.351325781595666076e-01,2.570692956837110632e-01
-5.351325781595666076e-01,2.570692956837110632e-01
-5.988562899262592776e-01,1.858391660746931962e-01
-7.699653060140269067e-01,6.634325631697217396e-02
-9.204171870026539581e-01,-1.504200421859265280e-01
-7.219048104175418423e-01,-5.356098070205439488e-02
-7.219048104175418423e-01,-5.356098070205439488e-02
-6.514201385795831412e-01,4.435624585999257963e-02
-6.674298878533715396e-01,4.493149813953568189e-02
-7.163606447054738924e-01,1.404069874487126890e-01
-7.163606447054738924e-01,1.404069874487126890e-01
-7.163606447054738924e-01,1.404069874487126890e-01
-7.163606447054738924e-01,1.404069874487126890e-01
-7.163606447054738924e-01,1.404069874487126890e-01
-7.163606447054738924e-01,1.404069874487126890e-01
-7.163606447054738924e-01,1.404069874487126890e-01
-7.163606447054738924e-01,1.404069874487126890e-01
-6.877636821202304240e-01,1.627714443615197182e-01
-6.221514917069738138e-01,1.477452959268202859e-01
-7.671473446904196747e-01,-9.076477549826006408e-02
-7.671473446904196747e-01,-9.076477549826006408e-02
-7.348069458421614408e-01,-1.596434273573753559e-01
-7.348069458421614408e-01,-1.596434273573753559e-01
-7.348069458421614408e-01,-1.596434273573753559e-01
-4.543212569553736757e-01,6.746111173293661833e-02
-4.543212569553736757e-01,6.746111173293661833e-02
-4.543212569553736757e-01,6.746111173293661833e-02
-4.543212569553736757e-01,6.746111173293661833e-02
-4.543212569553736757e-01,6.746111173293661833e-02
-4.543212569553736757e-01,6.746111173293661833e-02
-4.543212569553736757e-01,6.746111173293661833e-02
-4.157882394157809136e-01,-1.695281392069948601e-02
-4.157882394157809136e-01,-1.695281392069948601e-02
-4.246689356555609640e-01,-1.066432779265453767e-01
-5.692713514601239755e-01,-2.655673136243825727e-01
-5.692713514601239755e-01,-2.655673136243825727e-01
-3.455524801469215257e-01,1.826716469484583327e-01
-4.062618637037381242e-01,-3.669186125413995136e-02
-3.945878592070807822e-01,-7.373388840223601970e-02
-5.059147534763054344e-01,-1.107235932311785853e-01
-5.059147534763054344e-01,-1.107235932311785853e-01
-5.306258903677385508e-01,-2.855779012838263742e-02
-5.306258903677385508e-01,-2.855779012838263742e-02
-5.306258903677385508e-01,-2.855779012838263742e-02
-6.922905187006378469e-01,5.045938182520283422e-02
-6.922905187006378469e-01,5.045938182520283422e-02
-6.922905187006378469e-01,5.045938182520283422e-02
-6.167039878688016508e-01,-6.716834650716722865e-02
-5.493485614071417222e-01,6.771816404217374796e-02
-8.602400174637330199e-01,-1.216186678334152532e-01
-8.513887132908050104e-01,-1.739482407099944283e-01
-5.926838118877282291e-01,-1.339639703622690359e-01
-5.926838118877282291e-01,-1.339639703622690359e-01
-8.295476825248969677e-01,-4.453498738771188847e-02
-8.295476825248969677e-01,-4.453498738771188847e-02
-8.295476825248969677e-01,-4.453498738771188847e-02
-8.295476825248969677e-01,-4.453498738771188847e-02
-6.276900746991052049e-01,9.609287780631486919e-02
-6.276900746991052049e-01,9.609287780631486919e-02
-6.276900746991052049e-01,9.609287780631486919e-02
-6.146588629342246701e-01,3.633076911660164665e-01
-6.146588629342246701e-01,3.633076911660164665e-01
-5.759080652035593051e-01,2.830424010315872319e-01
-5.998328287407821424e-01,1.620202726474938015e-01
-5.998328287407821424e-01,1.620202726474938015e-01
-5.998328287407821424e-01,1.620202726474938015e-01
-6.895420714635713821e-01,1.659714752668816629e-01
-6.895420714635713821e-01,1.659714752668816629e-01
-6.895420714635713821e-01,1.659714752668816629e-01
-6.388985691953003032e-01,1.775659234067120118e-02
-7.737969671140771943e-01,4.781425353494850317e-03
-6.734417145378337466e-01,-5.922267770348754734e-02
-6.734417145378337466e-01,-5.922267770348754734e-02
-6.734417145378337466e-01,-5.922267770348754734e-02
-6.734417145378337466e-01,-5.922267770348754734e-02
-6.734417145378337466e-01,-5.922267770348754734e-02
-5.548146932482262983e-01,-2.166905966261263305e-01
-5.548146932482262983e-01,-2.166905966261263305e-01
-7.406607829106450769e-01,-6.880977460762996434e-02
-7.406607829106450769e-01,-6.880977460762996434e-02
-6.280826167567260532e-01,1.837740009186501766e-01
-6.280826167567260532e-01,1.837740009186501766e-01
-6.280826167567260532e-01,1.837740009186501766e-01
-6.280826167567260532e-01,1.837740009186501766e-01
-6.536502796049407094e-01,6.786102885626493775e-02
-6.536502796049407094e-01,6.786102885626493775e-02
-6.109195066315011857e-01,1.511572204904391148e-01
-5.980298178479093174e-01,-1.351846017486450502e-01
-5.980298178479093174e-01,-1.351846017486450502e-01
-9.403760326616388276e-01,-1.509889881799016675e-01
-9.822544512792099614e-01,4.421147485377141528e-02
-8.494086875174227114e-01,-1.886627172172739286e-01
-8.494086875174227114e-01,-1.886627172172739286e-01
-7.304504760428064403e-01,1.928525057930113584e-01
-7.304504760428064403e-01,1.928525057930113584e-01
-7.304504760428064403e-01,1.928525057930113584e-01
-7.304504760428064403e-01,1.928525057930113584e-01
-8.228753961284970275e-01,1.925955622495646724e-01
-8.228753961284970275e-01,1.925955622495646724e-01
-6.965139114059606396e-01,1.044958876340659065e-01
-7.285961781087215705e-01,-5.034550189807761311e-02
-7.285961781087215705e-01,-5.034550189807761311e-02
-7.285961781087215705e-01,-5.034550189807761311e-02
-7.285961781087215705e-01,-5.034550189807761311e-02
-7.285961781087215705e-01,-5.034550189807761311e-02
-8.654934939908726088e-01,-1.471495898675826142e-01
-6.861533201783764913e-01,-1.191878651143778028e-01
-6.861533201783764913e-01,-1.191878651143778028e-01
-6.861533201783764913e-01,-1.191878651143778028e-01
-7.030866238672301982e-01,-1.675508766258155258e-01
-7.030866238672301982e-01,-1.675508766258155258e-01
-7.030866238672301982e-01,-1.675508766258155258e-01
-7.030866238672301982e-01,-1.675508766258155258e-01
-8.200666603483605099e-01,-9.861563013626696572e-02
-5.492260177031913493e-01,-6.561481796713031223e-02
-5.492260177031913493e-01,-6.561481796713031223e-02
-5.049799192502154588e-01,-1.167228811552574186e-01
-7.287814733270719936e-01,1.285569200781570276e-01
-9.713766291135422781e-01,2.843570474207707255e-02
-9.713766291135422781e-01,2.843570474207707255e-02
-8.649473191605359101e-01,1.720457759382194030e-01
-7.318305433791993941e-01,3.189429754223571667e-01
-7.318305433791993941e-01,3.189429754223571667e-01
-8.134821962794330785e-01,1.833257859709841175e-01
-6.224340255496170204e-01,1.591546063811614953e-01
-6.224340255496170204e-01,1.591546063811614953e-01
-6.224340255496170204e-01,1.591546063811614953e-01
-3.164545230198364534e-01,1.097847624073748085e-01
-4.917233318457543412e-01,1.739516684200150820e-01
-3.270233383521182202e-01,3.634880540361490331e-02
-3.270233383521182202e-01,3.634880540361490331e-02
-7.551312639322846909e-01,-2.204180209102902382e-02
-7.551312639322846909e-01,-2.204180209102902382e-02
-6.917644846384134460e-01,-6.298308784589179421e-02
-6.917644846384134460e-01,-6.298308784589179421e-02
-6.917644846384134460e-01,-6.298308784589179421e-02
-6.813190020845591999e-01,1.355840907892301161e-01
-7.148233355415977153e-01,1.183290615505763616e-01
-7.148233355415977153e-01,1.183290615505763616e-01
-6.327944594115809673e-01,1.215225649754958503e-02
-6.327944594115809673e-01,1.215225649754958503e-02
-6.327944594115809673e-01,1.215225649754958503e-02
-6.327944594115809673e-01,1.215225649754958503e-02
-3.905734012432570124e-01,-7.322235818314111466e-02
-3.905734012432570124e-01,-7.322235818314111466e-02
-3.905734012432570124e-01,-7.322235818314111466e-02
-3.389500968544965076e-01,2.295262851765869638e-01
-3.389500968544965076e-01,2.295262851765869638e-01
-2.663306642252586953e-01,1.614007087564031662e-01
-2.663306642252586953e-01,1.614007087564031662e-01
-3.495529573047440608e-01,2.224078283858131611e-01
-3.495529573047440608e-01,2.224078283858131611e-01
-4.344017738405026585e-01,7.994210138845173064e-02
-8.076888890794716724e-01,3.524392636356479813e-02
-8.076888890794716724e-01,3.524392636356479813e-02
-8.076888890794716724e-01,3.524392636356479813e-02
-8.076888890794716724e-01,3.524392636356479813e-02
-8.076888890794716724e-01,3.524392636356479813e-02
-8.076888890794716724e-01,3.524392636356479813e-02
-9.619193341961500554e-01,4.364133101774210488e-02
-9.239331827256613838e-01,3.478199801976147171e-02
-9.239331827256613838e-01,3.478199801976147171e-02
-9.239331827256613838e-01,3.478199801976147171e-02
-9.239331827256613838e-01,3.478199801976147171e-02
-8.575693896163945062e-01,7.880390332547514837e-03
-9.856154011289336436e-01,-6.423722383466429209e-02
-8.390341277115951346e-01,-1.157443881682063136e-01
-7.339389168988248446e-01,-7.905019134469232212e-02
-7.339389168988248446e-01,-7.905019134469232212e-02
-7.339389168988248446e-01,-7.905019134469232212e-02
-7.339389168988248446e-01,-7.905019134469232212e-02
-8.867939043443896496e-01,-1.184069813012638278e-01
-8.867939043443896496e-01,-1.184069813012638278e-01
-8.867939043443896496e-01,-1.184069813012638278e-01
-8.867939043443896496e-01,-1.184069813012638278e-01
-7.754952162336697929e-01,-1.761059552430959685e-01
-7.754952162336697929e-01,-1.761059552430959685e-01
-7.754952162336697929e-01,-1.761059552430959685e-01
-8.851332342969920886e-01,4.131834060366559869e-02
-7.408615437900850642e-01,-2.213220706253859749e-01
-8.487605604768467815e-01,-4.498630332759012695e-02
-8.487605604768467815e-01,-4.498630332759012695e-02
-8.487605604768467815e-01,-4.498630332759012695e-02
-8.487605604768467815e-01,-4.498630332759012695e-02
-7.258327059063839348e-01,-2.277201033219250145e-02
-6.241596224427128359e-01,-5.179463457203026255e-02
-5.185726621146345972e-01,-3.184322842580238067e-02
-5.427335715277502581e-01,-9.528376374158809697e-03
-7.679476105681554143e-01,2.962168665720976354e-02
-7.635806868192748231e-01,-1.376251178766945207e-02
-6.991928034447175699e-01,-6.637800874342897339e-02
-6.991928034447175699e-01,-6.637800874342897339e-02
-7.384487207757012284e-01,2.387755406375979828e-02
-7.384487207757012284e-01,2.387755406375979828e-02
-6.438639602906741644e-01,-1.240621522699642265e-01
-5.956755108617612926e-01,-7.924461496770493496e-02
-5.956755108617612926e-01,-7.924461496770493496e-02
-5.584564665966533781e-01,-8.750130862303349966e-02
-5.584564665966533781e-01,-8.750130862303349966e-02
-4.803724372414050481e-01,-3.260257813487425077e-02
-5.031710724763626130e-01,-1.418214071992187353e-01
-4.538888516914161841e-01,-2.064140643085018711e-01
-4.538888516914161841e-01,-2.064140643085018711e-01
-5.902482778377234895e-01,-1.445882609514776151e-01
-5.902482778377234895e-01,-1.445882609514776151e-01
-5.902482778377234895e-01,-1.445882609514776151e-01
-5.423820888993466927e-01,8.999481922690621971e-02
-5.423820888993466927e-01,8.999481922690621971e-02
-3.957983565293758388e-01,2.097793957232700623e-02
-3.957983565293758388e-01,2.097793957232700623e-02
-3.957983565293758388e-01,2.097793957232700623e-02
-3.829628067404575176e-01,1.379055398777176422e-01
-4.432565813520117359e-01,2.234863526140304923e-01
-4.432565813520117359e-01,2.234863526140304923e-01
-4.189822902910238511e-01,1.790789647563112152e-01
-4.189822902910238511e-01,1.790789647563112152e-01
-5.364102787620165236e-01,1.535692342173133607e-01
-5.364102787620165236e-01,1.535692342173133607e-01
-4.142009814003735357e-01,2.163195902071164134e-01
-4.142009814003735357e-01,2.163195902071164134e-01
-4.658285598021013607e-01,1.440352784871763159e-01
-4.658285598021013607e-01,1.440352784871763159e-01
-4.658285598021013607e-01,1.440352784871763159e-01
-4.093416322637423721e-01,-1.406815027457133938e-02
-6.224399869917256467e-01,-7.673837416100080799e-02
-6.224399869917256467e-01,-7.673837416100080799e-02
-6.512980362260084588e-01,-7.937874679358708496e-02
-5.139018275223242727e-01,-1.452857459659882555e-01
-7.003385053327069176e-01,-6.807811911480474154e-02
-7.003385053327069176e-01,-6.807811911480474154e-02
-7.003385053327069176e-01,-6.807811911480474154e-02
-7.913700699756298640e-01,-1.829478375096363629e-01
-7.913700699756298640e-01,-1.829478375096363629e-01
-4.818554894609906047e-01,-1.617908457997471738e-01
-4.818554894609906047e-01,-1.617908457997471738e-01
-3.562735323456057146e-01,-2.561252435188222099e-01
-3.562735323456057146e-01,-2.561252435188222099e-01
-3.818615602970039102e-01,-3.767227013008069281e-01
-3.818615602970039102e-01,-3.767227013008069281e-01
-3.818615602970039102e-01,-3.767227013008069281e-01
-3.818615602970039102e-01,-3.767227013008069281e-01
-2.047248287667519373e-01,-2.992511811379965914e-01
-3.237490262352395454e-01,-1.692046193095808893e-01
-3.596236398179712968e-01,-6.550541031095179212e-02
-3.596236398179712968e-01,-6.550541031095179212e-02
-3.596236398179712968e-01,-6.550541031095179212e-02
-4.209038328649946648e-01,7.585708541479024847e-03
-4.117968280373065504e-01,-8.836758743001986438e-03
-4.345565351805202314e-01,-5.954939789471077466e-02
-3.815812975411665975e-01,-8.323963844095508269e-02
-4.332491526819360339e-01,-3.372547285064308314e-02
-7.066481938629012305e-01,-1.558775075519752418e-01
-7.066481938629012305e-01,-1.558775075519752418e-01
-7.066481938629012305e-01,-1.558775075519752418e-01
-7.066481938629012305e-01,-1.558775075519752418e-01
-6.228564238725661228e-01,-6.945003677667895003e-02
-6.228564238725661228e-01,-6.945003677667895003e-02
-6.372545216318802330e-01,-1.820350123579417834e-01
-7.243920149812603793e-01,3.067699150176411704e-02
-4.611271268422943992e-01,1.325867561816222451e-01
-4.777321155698786570e-01,1.840425611691116348e-01
-4.112006563997864239e-01,1.542601842092504727e-01
-5.067132963269780355e-01,1.874288941777044470e-01
-2.880042035157407976e-01,-6.708249916596595308e-02
-3.244542303969371044e-01,5.464606930060228462e-02
-4.302618299625742826e-01,2.109055360158077486e-01
-6.501528258469653210e-01,8.147434340725021040e-02
-5.615795640142146050e-01,1.259572791478148768e-02
-6.616782714879122507e-01,8.179200551622464038e-03
-7.262380557534476866e-01,-9.878306714248519249e-02
-6.044771657775833695e-01,-1.607574887242488870e-01
-6.044771657775833695e-01,-1.607574887242488870e-01
-6.044771657775833695e-01,-1.607574887242488870e-01
-6.044771657775833695e-01,-1.607574887242488870e-01
-6.044771657775833695e-01,-1.607574887242488870e-01
-7.172499458169333542e-01,-1.966933218789998494e-02
-7.172499458169333542e-01,-1.966933218789998494e-02
-7.172499458169333542e-01,-1.966933218789998494e-02
-7.075300240129919205e-01,1.219589966428628325e-01
-6.227453339999344806e-01,4.834069986730818447e-03
-6.227453339999344806e-01,4.834069986730818447e-03
-8.022473582644417123e-01,-8.569990670239856223e-02
-9.115296778194761362e-01,-3.702729816176558719e-02
-8.766993318166904636e-01,-8.696615262075658992e-02
-8.766993318166904636e-01,-8.696615262075658992e-02
-8.766993318166904636e-01,-8.696615262075658992e-02
-8.766993318166904636e-01,-8.696615262075658992e-02
-8.766993318166904636e-01,-8.696615262075658992e-02
-9.577990519506357492e-01,-3.164167463038031203e-02
-9.577990519506357492e-01,-3.164167463038031203e-02
-9.577990519506357492e-01,-3.164167463038031203e-02
-9.577990519506357492e-01,-3.164167463038031203e-02
-9.123302932064347726e-01,-2.109639753916370264e-02
-9.123302932064347726e-01,-2.109639753916370264e-02
-9.123302932064347726e-01,-2.109639753916370264e-02
-9.123302932064347726e-01,-2.109639753916370264e-02
-9.122222795431146336e-01,-3.487041765443766456e-02
-9.122222795431146336e-01,-3.487041765443766456e-02
-7.496029946316243864e-01,2.448224796645966372e-01
-7.496029946316243864e-01,2.448224796645966372e-01
-1.032219768237846447e+00,1.887707559764709164e-01
-9.669452728918690454e-01,2.436103709299334286e-01
-9.669452728918690454e-01,2.436103709299334286e-01
-9.590264937084708174e-01,3.605547276532913292e-01
-8.673535944604503500e-01,5.862670866480361731e-01
-8.356925554021868985e-01,4.163848246769465966e-01
-6.540697439622089604e-01,4.722440751084566180e-01
-6.540697439622089604e-01,4.722440751084566180e-01
-7.475329861339927717e-01,4.811645872115854483e-01
-7.475329861339927717e-01,4.811645872115854483e-01
-7.475329861339927717e-01,4.811645872115854483e-01
-7.475329861339927717e-01,4.811645872115854483e-01
-8.191880907800708211e-01,1.859232384445569930e-01
-8.191880907800708211e-01,1.859232384445569930e-01
-6.275741393164226967e-01,-2.880009936933436432e-02
-5.723673173023837712e-01,6.327369897243609320e-02
-5.723673173023837712e-01,6.327369897243609320e-02
-5.723673173023837712e-01,6.327369897243609320e-02
-5.723673173023837712e-01,6.327369897243609320e-02
-6.066846058331194502e-01,4.412047432000344716e-02
-6.799630570641675975e-01,-3.111123269818510950e-02
-6.339532219562190596e-01,1.880099472677669303e-01
-6.339532219562190596e-01,1.880099472677669303e-01
-6.441427659005305451e-01,4.059653908531590805e-02
-6.441427659005305451e-01,4.059653908531590805e-02
-6.441427659005305451e-01,4.059653908531590805e-02
-6.441427659005305451e-01,4.059653908531590805e-02
-6.441427659005305451e-01,4.059653908531590805e-02
-6.126735423106256517e-01,4.721298790717053800e-02
-6.126735423106256517e-01,4.721298790717053800e-02
-5.734041121463856472e-01,-1.528582940722220951e-01
-5.936530961373214232e-01,-8.716049799981187562e-02
-5.936530961373214232e-01,-8.716049799981187562e-02
-5.936530961373214232e-01,-8.716049799981187562e-02
-5.936530961373214232e-01,-8.716049799981187562e-02
-5.936530961373214232e-01,-8.716049799981187562e-02
-5.936530961373214232e-01,-8.716049799981187562e-02
-4.886665937515998204e-01,1.863468826043145621e-01
-6.978140475140414134e-01,2.451705076764639224e-01
-6.978140475140414134e-01,2.451705076764639224e-01
-3.716763761280789113e-01,1.770815201361726210e-01
-5.640785658973155314e-01,7.968458999938765608e-02
-4.367667542797141755e-01,-2.670814536940761819e-02
-4.993150859589222668e-01,-2.380057434548479844e-02
-4.993150859589222668e-01,-2.380057434548479844e-02
-6.642348536456784691e-01,7.368602483545337589e-02
-4.805684963762011375e-01,1.113243974414512005e-01
-4.805684963762011375e-01,1.113243974414512005e-01
-4.805684963762011375e-01,1.113243974414512005e-01
-3.525863253527053987e-01,4.112919121259941968e-02
-3.525863253527053987e-01,4.112919121259941968e-02
-3.525863253527053987e-01,4.112919121259941968e-02
-3.535277616763394248e-01,2.338763446252717648e-01
-3.159859352451173664e-01,2.487748506374872770e-01
-2.064647149273095839e-01,5.377593681827147476e-02
-2.064647149273095839e-01,5.377593681827147476e-02
-2.659130412776655739e-01,5.357219336973438606e-03
-4.832730438112854410e-01,-6.139570728995347171e-03
-4.832730438112854410e-01,-6.139570728995347171e-03
-6.602798649250662955e-01,2.358864302138296565e-01
-7.852589945727890264e-01,-1.139997436775030404e-01
-7.945439168362019577e-01,-1.105347284079447739e-01
-8.246685645269853371e-01,-6.503109341393191467e-02
-6.646073199975496282e-01,-1.449122484463996330e-01
-6.646073199975496282e-01,-1.449122484463996330e-01
-8.101360138478579387e-01,3.598079942657284036e-02
-6.069057652825420313e-01,-1.416086279166333672e-01
-6.069057652825420313e-01,-1.416086279166333672e-01
-5.351536346715782821e-01,-2.479921654752561266e-01
-5.351536346715782821e-01,-2.479921654752561266e-01
-5.250841026803869660e-01,-2.041073979819130746e-01
-5.250841026803869660e-01,-2.041073979819130746e-01
-5.250841026803869660e-01,-2.041073979819130746e-01
-5.451348576101995302e-01,-1.185465904922177044e-01
-7.637404571098820316e-01,5.003393200002552443e-02
-6.925290916815158848e-01,2.018294027982449057e-01
-6.925290916815158848e-01,2.018294027982449057e-01
-6.925290916815158848e-01,2.018294027982449057e-01
-6.925290916815158848e-01,2.018294027982449057e-01
-6.925290916815158848e-01,2.018294027982449057e-01
-6.925290916815158848e-01,2.018294027982449057e-01
-6.925290916815158848e-01,2.018294027982449057e-01
-6.925290916815158848e-01,2.018294027982449057e-01
-5.419510808782586064e-01,3.131341207907142876e-01
-5.419510808782586064e-01,3.131341207907142876e-01
-5.419510808782586064e-01,3.131341207907142876e-01
-5.790545217191674920e-01,2.561777747977669883e-01
-6.844030161957468383e-01,1.403340937834752500e-01
-6.844030161957468383e-01,1.403340937834752500e-01
-8.017582809009228262e-01,-1.271122460041762547e-02
-6.926758671129734646e-01,4.685603193874540717e-02
-6.926758671129734646e-01,4.685603193874540717e-02
-5.988578069738081933e-01,-3.118084459866433955e-02
-5.988578069738081933e-01,-3.118084459866433955e-02
-5.988578069738081933e-01,-3.118084459866433955e-02
-5.988578069738081933e-01,-3.118084459866433955e-02
-5.988578069738081933e-01,-3.118084459866433955e-02
-4.277144211556830333e-01,1.350603831628511275e-01
-5.787266789875261663e-01,1.309010330810038980e-01
-5.787266789875261663e-01,1.309010330810038980e-01
-6.342947125771584149e-01,-5.500146818550369354e-02
-6.342947125771584149e-01,-5.500146818550369354e-02
-6.342947125771584149e-01,-5.500146818550369354e-02
-6.342947125771584149e-01,-5.500146818550369354e-02
-5.746333949257953488e-01,3.336458287554124047e-02
-5.746333949257953488e-01,3.336458287554124047e-02
-5.746333949257953488e-01,3.336458287554124047e-02
-5.746333949257953488e-01,3.336458287554124047e-02
-5.266899157760493999e-01,2.688485935497462731e-01
-7.021156560717637385e-01,6.444103796645314630e-02
-7.021156560717637385e-01,6.444103796645314630e-02
-7.151861913131054571e-01,5.514761328474968027e-02
-7.151861913131054571e-01,5.514761328474968027e-02
-7.151861913131054571e-01,5.514761328474968027e-02
-6.723660681818195428e-01,-3.610762442392007054e-02
-6.723660681818195428e-01,-3.610762442392007054e-02
-6.723660681818195428e-01,-3.610762442392007054e-02
-6.723660681818195428e-01,-3.610762442392007054e-02
-6.723660681818195428e-01,-3.610762442392007054e-02
-6.056333751334678217e-01,1.221747042681764761e-01
-6.056333751334678217e-01,1.221747042681764761e-01
-6.239270315288565349e-01,5.231216758639443964e-02
-6.842648650625612339e-01,1.167513979203240460e-01
-6.842648650625612339e-01,1.167513979203240460e-01
-4.937576669480408520e-01,-7.366626670584164316e-02
-4.937576669480408520e-01,-7.366626670584164316e-02
-6.405638317988291419e-01,1.426145744850133568e-01
-6.405638317988291419e-01,1.426145744850133568e-01
-6.405638317988291419e-01,1.426145744850133568e-01
-6.734954374412749356e-01,7.352630771493524897e-02
-6.734954374412749356e-01,7.352630771493524897e-02
-4.934632235581170590e-01,-1.311021963903803433e-01
-4.934632235581170590e-01,-1.311021963903803433e-01
-4.934632235581170590e-01,-1.311021963903803433e-01
-5.388569778624208162e-01,-1.147933524487226575e-01
-5.972953811738870300e-01,-1.638428356996221580e-01
-4.700360106389403492e-01,-1.377468390348500771e-01
-4.700360106389403492e-01,-1.377468390348500771e-01
-5.564316711280008487e-01,-1.804396952118395292e-01
-5.564316711280008487e-01,-1.804396952118395292e-01
-5.564316711280008487e-01,-1.804396952118395292e-01
-5.564316711280008487e-01,-1.804396952118395292e-01
-5.564316711280008487e-01,-1.804396952118395292e-01
-5.564316711280008487e-01,-1.804396952118395292e-01
-7.193477957308067605e-01,-2.094762397585919755e-01
-5.799586951112228883e-01,-8.177697681991724643e-02
-6.142389705488491281e-01,2.304259064892560382e-01
-5.219112305747066749e-01,3.462731372031445098e-01
-5.219112305747066749e-01,3.462731372031445098e-01
-5.219112305747066749e-01,3.462731372031445098e-01
-6.095718228646900272e-01,3.179536898021898539e-01
-5.392577312893052088e-01,1.283539320763972535e-01
-5.392577312893052088e-01,1.283539320763972535e-01
-6.731851103835878591e-01,2.376266538738906475e-01
-7.269601111082721889e-01,7.891844191298308386e-02
-7.269601111082721889e-01,7.891844191298308386e-02
-7.269601111082721889e-01,7.891844191298308386e-02
-7.465686686192525290e-01,-3.151455318962047281e-02
-7.465686686192525290e-01,-3.151455318962047281e-02
-6.521883734641142905e-01,-4.263715742928025909e-02
-6.532948283067593342e-01,-1.779912329094169021e-01
-6.532948283067593342e-01,-1.779912329094169021e-01
-6.532948283067593342e-01,-1.779912329094169021e-01
-7.164730584786238587e-01,-2.277876338923426336e-02
-5.696182045713955588e-01,9.623896723762881411e-02
-5.696182045713955588e-01,9.623896723762881411e-02
-5.013144743947337556e-01,1.773859177091694495e-01
-5.013144743947337556e-01,1.773859177091694495e-01
-5.013144743947337556e-01,1.773859177091694495e-01
-5.013144743947337556e-01,1.773859177091694495e-01
-4.112662726937692526e-01,2.482217603718768484e-01
-4.839377704768559330e-01,2.409052381485564664e-01
-4.839377704768559330e-01,2.409052381485564664e-01
-3.982391021019633381e-01,1.817842868834030345e-01
-3.154853816564834323e-01,-1.142776809476087063e-01
-3.154853816564834323e-01,-1.142776809476087063e-01
-3.154853816564834323e-01,-1.142776809476087063e-01
-3.154853816564834323e-01,-1.142776809476087063e-01
-3.154853816564834323e-01,-1.142776809476087063e-01
-3.827607732845527133e-01,-1.405416742824956433e-01
-3.827607732845527133e-01,-1.405416742824956433e-01
-3.859795394881230801e-01,-1.205630871001289600e-01
-3.996647113067365309e-01,-1.588182086892427347e-01
-3.996647113067365309e-01,-1.588182086892427347e-01
-3.996647113067365309e-01,-1.588182086892427347e-01
-3.996647113067365309e-01,-1.588182086892427347e-01
-4.787656539570233072e-01,1.106227167922427257e-01
-4.546029732660401557e-01,1.654620830388867647e-01
-3.510319861581387979e-01,1.510674401692901903e-01
-3.557588745297824429e-01,9.158139327586606315e-02
-3.557588745297824429e-01,9.158139327586606315e-02
-3.557588745297824429e-01,9.158139327586606315e-02
-4.163020988529748667e-01,-4.484297529350103617e-03
-4.163020988529748667e-01,-4.484297529350103617e-03
-6.235369493750037018e-01,-1.689713123271101014e-01
-6.235369493750037018e-01,-1.689713123271101014e-01
-6.949038874287944978e-01,-4.474731077260848955e-02
-7.414586838646926026e-01,-5.397810728679183767e-02
-8.541801350062407927e-01,8.369536355246431913e-02
-8.541801350062407927e-01,8.369536355246431913e-02
-8.541801350062407927e-01,8.369536355246431913e-02
-8.541801350062407927e-01,8.369536355246431913e-02
-8.541801350062407927e-01,8.369536355246431913e-02
-8.541801350062407927e-01,8.369536355246431913e-02
-8.541801350062407927e-01,8.369536355246431913e-02
-8.541801350062407927e-01,8.369536355246431913e-02
-6.858429455673752395e-01,2.478213424318809893e-02
-6.858429455673752395e-01,2.478213424318809893e-02
-6.858429455673752395e-01,2.478213424318809893e-02
-6.858429455673752395e-01,2.478213424318809893e-02
-8.417669814701889131e-01,-2.617922351271844555e-02
-8.417669814701889131e-01,-2.617922351271844555e-02
-5.521713720959326999e-01,7.228366340973729764e-02
-6.178884352637709076e-01,-7.019986344968184855e-02
-5.966718625553496524e-01,-1.100609854661558501e-02
-5.966718625553496524e-01,-1.100609854661558501e-02
-3.326948483113832955e-01,-1.461430896563843118e-01
-3.326948483113832955e-01,-1.461430896563843118e-01
-2.222024471814396385e-01,-1.271891162131826014e-01
-4.085335042794964733e-01,-1.327513273220945755e-01
-4.236964068935865080e-01,-1.623138587606035299e-01
-6.179781003771743775e-01,-2.527418235791267787e-02
-6.179781003771743775e-01,-2.527418235791267787e-02
-6.179781003771743775e-01,-2.527418235791267787e-02
-5.836044799207259492e-01,2.411107985402095866e-02
-4.621003338848954645e-01,-5.618125699723523769e-02
-4.621003338848954645e-01,-5.618125699723523769e-02
-4.621003338848954645e-01,-5.618125699723523769e-02
-4.621003338848954645e-01,-5.618125699723523769e-02
-5.315330738741252947e-01,1.385903534359587685e-01
-5.315330738741252947e-01,1.385903534359587685e-01
-4.878217403327060886e-01,1.507047662065642835e-01
-4.878217403327060886e-01,1.507047662065642835e-01
-7.103427249855724934e-01,-2.385649431234906914e-02
-8.161549564606822571e-01,-8.268741731364639969e-02
-8.467117203803675718e-01,-8.052876436852737796e-02
-6.747191378151780050e-01,-2.122515638763217971e-01
-7.462233560723117165e-01,-1.276967113191283532e-01
-7.462233560723117165e-01,-1.276967113191283532e-01
-7.462233560723117165e-01,-1.276967113191283532e-01
-7.462233560723117165e-01,-1.276967113191283532e-01
-7.462233560723117165e-01,-1.276967113191283532e-01
-7.462233560723117165e-01,-1.276967113191283532e-01
-9.157105145597312923e-01,-3.420351422707518241e-02
-9.157105145597312923e-01,-3.420351422707518241e-02
-9.157105145597312923e-01,-3.420351422707518241e-02
-5.660846254157910762e-01,-2.392330764022588541e-01
-4.133891695010556977e-01,-2.412039868633123751e-01
-4.133891695010556977e-01,-2.412039868633123751e-01
-3.319696053845040407e-01,-1.472055808671073329e-01
-5.140604272615022508e-01,4.342695381884606465e-02
-5.140604272615022508e-01,4.342695381884606465e-02
-5.140604272615022508e-01,4.342695381884606465e-02
-5.804847879274411815e-01,1.404302391698786789e-01
-6.947596207654540557e-01,2.201786109849281359e-01
-7.328506423086105226e-01,1.184154363865992238e-01
-7.328506423086105226e-01,1.184154363865992238e-01
-7.328506423086105226e-01,1.184154363865992238e-01
-5.832434398297581257e-01,6.610883337421366579e-03
-6.131219463673867054e-01,-1.324865487484845269e-02
-6.131219463673867054e-01,-1.324865487484845269e-02
-5.864566811373840283e-01,-2.237541800938571690e-01
-5.864566811373840283e-01,-2.237541800938571690e-01
-6.340935455889400441e-01,3.703772560614748688e-02
-6.340935455889400441e-01,3.703772560614748688e-02
-5.008135962213281500e-01,7.013081902199659601e-03
-5.008135962213281500e-01,7.013081902199659601e-03
-5.008135962213281500e-01,7.013081902199659601e-03
-4.244524828467863276e-01,9.059367486300731742e-02
-4.244524828467863276e-01,9.059367486300731742e-02
-4.244524828467863276e-01,9.059367486300731742e-02
-4.244524828467863276e-01,9.059367486300731742e-02
-5.744090732413777989e-01,1.584516420733404485e-01
-5.124706905970555226e-01,3.897491241481668145e-02
-5.124706905970555226e-01,3.897491241481668145e-02
-5.124706905970555226e-01,3.897491241481668145e-02
-5.124706905970555226e-01,3.897491241481668145e-02
-4.271277317968587006e-01,8.083784035446708871e-02
-5.930114936620768384e-01,-7.705546522116232810e-02
-5.930114936620768384e-01,-7.705546522116232810e-02
-5.930114936620768384e-01,-7.705546522116232810e-02
-6.564126056295838119e-01,-1.336260205440258364e-01
-6.227734972911620481e-01,-1.664474703222748875e-01
-6.227734972911620481e-01,-1.664474703222748875e-01
-6.417931043499927046e-01,-1.863823916657841862e-01
-6.417931043499927046e-01,-1.863823916657841862e-01
-6.417931043499927046e-01,-1.863823916657841862e-01
-6.417931043499927046e-01,-1.863823916657841862e-01
-6.417931043499927046e-01,-1.863823916657841862e-01
-6.417931043499927046e-01,-1.863823916657841862e-01
-6.568637083590808112e-01,-2.490841073425608121e-01
-6.568637083590808112e-01,-2.490841073425608121e-01
-6.568637083590808112e-01,-2.490841073425608121e-01
-8.129646374977438361e-01,-1.469857449042328568e-01
-8.129646374977438361e-01,-1.469857449042328568e-01
-8.129646374977438361e-01,-1.469857449042328568e-01
-8.129646374977438361e-01,-1.469857449042328568e-01
-8.129646374977438361e-01,-1.469857449042328568e-01
-8.129646374977438361e-01,-1.469857449042328568e-01
-8.129646374977438361e-01,-1.469857449042328568e-01
-8.129646374977438361e-01,-1.469857449042328568e-01
-8.129646374977438361e-01,-1.469857449042328568e-01
-7.121631550395614019e-01,-1.502210044655995502e-01
-4.570322574101232660e-01,-5.186782975432151221e-02
-6.578129873300597730e-01,-2.232577279285378746e-01
-8.322942782281609331e-01,4.000060157996815358e-02
-8.322942782281609331e-01,4.000060157996815358e-02
-8.322942782281609331e-01,4.000060157996815358e-02
-8.322942782281609331e-01,4.000060157996815358e-02
-8.695774422925077740e-01,-1.078410630462920405e-01
-7.444257975401419314e-01,-1.916176354771232382e-01
-8.052556506353448773e-01,-1.175208542450832810e-01
-8.052556506353448773e-01,-1.175208542450832810e-01
-7.544124521034778486e-01,-2.849203426521479399e-03
-7.544124521034778486e-01,-2.849203426521479399e-03
-7.544124521034778486e-01,-2.849203426521479399e-03
-7.544124521034778486e-01,-2.849203426521479399e-03
-7.544124521034778486e-01,-2.849203426521479399e-03
-5.964070166536685758e-01,1.040966665813006925e-01
-5.964070166536685758e-01,1.040966665813006925e-01
-6.555448800918636243e-01,5.823200698746083814e-02
-6.179620866343390473e-01,1.268696664617505743e-01
-6.179620866343390473e-01,1.268696664617505743e-01
-6.179620866343390473e-01,1.268696664617505743e-01
-6.179620866343390473e-01,1.268696664617505743e-01
-6.555896070708407963e-01,1.071604753326483306e-01
-6.555896070708407963e-01,1.071604753326483306e-01
-7.400680068666136702e-01,2.706970263870304982e-02
-4.588353536438324887e-01,7.172486297829418211e-02
-4.588353536438324887e-01,7.172486297829418211e-02
-6.131863215195851868e-01,-1.122701475355489947e-01
-6.755579369415311008e-01,-8.047020931389552156e-02
-6.755579369415311008e-01,-8.047020931389552156e-02
-5.706441828404693606e-01,-1.009993270180599145e-01
-5.706441828404693606e-01,-1.009993270180599145e-01
-5.076300825081540014e-01,-3.124327144995271421e-01
-5.241647967009441800e-01,-2.730753115750414461e-01
-5.709476172956252649e-01,-1.796457195895517500e-01
-5.709476172956252649e-01,-1.796457195895517500e-01
-4.989818632445561231e-01,-2.921727305663571750e-01
-4.468449952917346590e-01,-2.095822982671953771e-01
-5.140590774787008321e-01,-1.989923078734959216e-01
-5.140590774787008321e-01,-1.989923078734959216e-01
-2.496376878601522242e-01,-1.419322066660264614e-01
-5.872394630857986630e-01,-3.829700792502972462e-01
-5.780751924541293052e-01,-4.111746579510359711e-01
-3.916944078368841398e-01,-3.254274830635429105e-01
-4.814286693466058309e-01,-2.662621921181303475e-01
-4.326590536817203070e-01,-1.462322229912121352e-01
-5.832563404466724055e-01,-1.192248131991812121e-01
-5.832563404466724055e-01,-1.192248131991812121e-01
-5.832563404466724055e-01,-1.192248131991812121e-01
-5.832563404466724055e-01,-1.192248131991812121e-01
-6.868768873591141189e-01,-8.869386301984309717e-02
-6.868768873591141189e-01,-8.869386301984309717e-02
-6.868768873591141189e-01,-8.869386301984309717e-02
-5.259661407463066540e-01,-2.492521473928148157e-01
-4.499791376603619608e-01,-1.047091003762671835e-01
-4.499791376603619608e-01,-1.047091003762671835e-01
-3.920933099225422658e-01,1.706637219295176200e-03
-5.994719817146250129e-01,8.647766521741852286e-02
-6.759137978460694196e-01,4.119169545939659061e-02
-5.501197011384167945e-01,-9.311092973683619822e-02
-5.501197011384167945e-01,-9.311092973683619822e-02
-5.501197011384167945e-01,-9.311092973683619822e-02
-5.826219219193924381e-01,-3.391992685415949893e-01
-5.826219219193924381e-01,-3.391992685415949893e-01
-5.826219219193924381e-01,-3.391992685415949893e-01
-5.720235267420250569e-01,-1.745431890520440510e-01
-5.424272017267646184e-01,4.900243842648355219e-02
-5.499329473812574198e-01,2.562882485485015183e-01
-7.256286494748277471e-01,7.764487773149841843e-02
-6.232455662357435644e-01,1.050986637641253135e-01
-5.922547253594127037e-01,-1.590651538272737642e-01
-5.542047181040067327e-01,-1.018186605158322156e-02
-5.214934991963102728e-01,-2.293825609572681251e-02
-5.214934991963102728e-01,-2.293825609572681251e-02
-3.920242166335883294e-01,-3.086540915111832956e-02
-4.529517971047781755e-01,-2.407359846646226625e-03
-3.112046182128469507e-01,-2.469609949834962459e-02
-3.112046182128469507e-01,-2.469609949834962459e-02
-3.112046182128469507e-01,-2.469609949834962459e-02
-3.353236283550236063e-01,-9.597165024588601157e-02
-5.426697680931182877e-01,1.298642148991682177e-01
-4.344446291909195290e-01,6.485936133140164650e-02
-4.344446291909195290e-01,6.485936133140164650e-02
-4.344446291909195290e-01,6.485936133140164650e-02
-4.344446291909195290e-01,6.485936133140164650e-02
-4.344446291909195290e-01,6.485936133140164650e-02
-5.399484767573411448e-01,-9.346576815020511686e-02
-6.779220526522171664e-01,2.256062856699198038e-01
-6.779220526522171664e-01,2.256062856699198038e-01
-6.779220526522171664e-01,2.256062856699198038e-01
-5.680133956457880107e-01,-1.188248838602101731e-02
-6.525433605368109458e-01,1.130085947180853589e-01
-5.632059680646875899e-01,-5.402197047110593453e-02
-6.506943420636516207e-01,9.198552934460535457e-02
-6.506943420636516207e-01,9.198552934460535457e-02
-6.506943420636516207e-01,9.198552934460535457e-02
-7.314831307290621254e-01,-1.203714404487534195e-01
-7.314831307290621254e-01,-1.203714404487534195e-01
-5.377179453524612018e-01,1.614844996289849788e-01
-4.380891423121603401e-01,5.580888953298181188e-02
-4.380891423121603401e-01,5.580888953298181188e-02
-7.021087839299835487e-01,-1.260612403962416139e-01
-7.082117889917340925e-01,-1.366160692237154417e-01
-6.320897988571034798e-01,-5.272977777808179889e-02
-6.989333291333119647e-01,5.223483082528415644e-02
-6.989333291333119647e-01,5.223483082528415644e-02
-5.412993035583434365e-01,1.648251450234834437e-01
-6.610638986945767126e-01,2.386201042958970286e-01
-6.610638986945767126e-01,2.386201042958970286e-01
-6.667172323842549542e-01,1.156504346743318506e-01
-6.667172323842549542e-01,1.156504346743318506e-01
-6.667172323842549542e-01,1.156504346743318506e-01
-6.667172323842549542e-01,1.156504346743318506e-01
-6.667172323842549542e-01,1.156504346743318506e-01
-7.775650174278729843e-01,7.931244649773959432e-02
-6.802310751681851508e-01,6.879330989802534546e-02
-6.802310751681851508e-01,6.879330989802534546e-02
-6.802310751681851508e-01,6.879330989802534546e-02
-6.802310751681851508e-01,6.879330989802534546e-02
-6.802310751681851508e-01,6.879330989802534546e-02
-6.802310751681851508e-01,6.879330989802534546e-02
-8.357900576952970173e-01,1.817598353177771742e-01
-5.559385238832446063e-01,1.606778899823492757e-01
-5.559385238832446063e-01,1.606778899823492757e-01
-5.559385238832446063e-01,1.606778899823492757e-01
-5.559385238832446063e-01,1.606778899823492757e-01
-7.437727354825510728e-01,1.068252188348980947e-01
-6.981572388986446720e-01,2.093460676448559710e-01
-6.109509029289480475e-01,1.690900469444428234e-01
-5.081928519418831280e-01,2.521041145920602800e-01
-5.081928519418831280e-01,2.521041145920602800e-01
-5.101425031577643265e-01,3.289404471904501248e-01
-6.951339186208040921e-01,2.700885107773889349e-01
-6.997852754556341814e-01,3.195569024534510305e-01
-6.007507609058158060e-01,1.268792662921350567e-01
-6.007507609058158060e-01,1.268792662921350567e-01
-5.098492180427260934e-01,1.834786525168961291e-01
-5.098492180427260934e-01,1.834786525168961291e-01
-4.982390856740202545e-01,1.264631330313361057e-01
-4.982390856740202545e-01,1.264631330313361057e-01
-4.281165637500889409e-01,1.535075013968174584e-01
-4.281165637500889409e-01,1.535075013968174584e-01
-3.856875905892241940e-01,1.123629212842437441e-01
-3.856875905892241940e-01,1.123629212842437441e-01
-3.856875905892241940e-01,1.123629212842437441e-01
-4.603783816842100252e-01,2.501950832747679154e-01
-4.296662182332777191e-01,1.324530230260516084e-01
-5.364449325113781475e-01,1.826320463828844110e-01
-4.002567196894712964e-01,2.028209761218974505e-01
-5.663631822595824872e-01,2.111768175628622735e-01
-5.663631822595824872e-01,2.111768175628622735e-01
-5.663631822595824872e-01,2.111768175628622735e-01
-7.310045679466777857e-01,1.005485494434753685e-01
-7.310045679466777857e-01,1.005485494434753685e-01
-4.905560010780373736e-01,-4.269752447556209030e-02
-4.905560010780373736e-01,-4.269752447556209030e-02
-7.001280415523929435e-01,3.590309608748104564e-02
-7.001280415523929435e-01,3.590309608748104564e-02
-6.787203012006590708e-01,-1.058776174719331942e-01
-6.381650731499521889e-01,-1.164848094389900612e-01
-6.879519595681757860e-01,-4.991380735847790462e-02
-6.178834228945950802e-01,-1.016326538488628584e-01
-6.178834228945950802e-01,-1.016326538488628584e-01
-6.920171090574787076e-01,-2.569493807718004064e-02
-6.920171090574787076e-01,-2.569493807718004064e-02
-7.497347531096979489e-01,9.452379511989844607e-02
-8.154859379023271515e-01,6.306447802046810658e-02
-8.154859379023271515e-01,6.306447802046810658e-02
-8.154859379023271515e-01,6.306447802046810658e-02
-7.669777431542798007e-01,5.084615251755830734e-02
-7.669777431542798007e-01,5.084615251755830734e-02
-6.908740173731945378e-01,1.349795670635734468e-01
-6.811786629343039579e-01,8.932768192604342850e-02
-6.036778531314508367e-01,-1.897658288238944502e-01
-6.036778531314508367e-01,-1.897658288238944502e-01
-6.036778531314508367e-01,-1.897658288238944502e-01
-6.055824957129755104e-01,-6.643589925174843425e-02
-6.055824957129755104e-01,-6.643589925174843425e-02
-6.055824957129755104e-01,-6.643589925174843425e-02
-6.412558327978054029e-01,-6.948112782252692521e-02
-5.557951461573288343e-01,9.510095178951548378e-02
-5.449653284738775749e-01,-3.377694019324833929e-03
-6.468164950781609690e-01,-2.228217496190147140e-01
-6.468164950781609690e-01,-2.228217496190147140e-01
-7.417059554690902390e-01,-2.006567127576668885e-01
-6.278713762899218453e-01,-1.687469704113436220e-01
-6.930474125387291462e-01,-1.153691574795214364e-01
-6.325898649437228238e-01,9.748121138939687402e-02
-6.325898649437228238e-01,9.748121138939687402e-02
-6.325898649437228238e-01,9.748121138939687402e-02
-6.325898649437228238e-01,9.748121138939687402e-02
-5.782486739476884186e-01,-7.608873962214780795e-02
-7.466757763945780502e-01,-2.158722619397167308e-02
-7.466757763945780502e-01,-2.158722619397167308e-02
-7.212014160520950901e-01,-1.450653568798733195e-01
-6.809156043594161156e-01,-1.976201598731605613e-02
-5.660763811732295592e-01,9.134055697749468572e-02
-5.660763811732295592e-01,9.134055697749468572e-02
-5.660763811732295592e-01,9.134055697749468572e-02
-5.660763811732295592e-01,9.134055697749468572e-02
-5.860744845678036441e-01,2.287558572280107561e-01
-5.860744845678036441e-01,2.287558572280107561e-01
-5.860744845678036441e-01,2.287558572280107561e-01
-5.860744845678036441e-01,2.287558572280107561e-01
-5.860744845678036441e-01,2.287558572280107561e-01
-5.860744845678036441e-01,2.287558572280107561e-01
-6.147671770095168853e-01,2.036977915503982994e-01
-6.534288203916767124e-01,1.559700757734381882e-01
-6.534288203916767124e-01,1.559700757734381882e-01
-6.534288203916767124e-01,1.559700757734381882e-01
-6.534288203916767124e-01,1.559700757734381882e-01
-6.534288203916767124e-01,1.559700757734381882e-01
-5.864325178627789459e-01,-2.032543010041848452e-01
-6.159310322643366531e-01,-2.191058603497201829e-01
-6.159310322643366531e-01,-2.191058603497201829e-01
-5.450167531342967608e-01,-1.898138136771700957e-01
-5.450167531342967608e-01,-1.898138136771700957e-01
-5.450167531342967608e-01,-1.898138136771700957e-01
-6.578065111122983755e-01,-1.665672730343459307e-01
-5.635562637306190670e-01,-1.156756519194911126e-01
-5.843464442938479664e-01,-1.847680108550430467e-01
-5.843464442938479664e-01,-1.847680108550430467e-01
-5.339891941023824362e-01,-1.455332964192774248e-01
-5.967918658151545319e-01,1.125002411144681580e-01
-6.946748174334083092e-01,9.116980902336260795e-02
-5.020625114507542008e-01,1.433840100096408776e-01
-5.020625114507542008e-01,1.433840100096408776e-01
-5.020625114507542008e-01,1.433840100096408776e-01
-5.020625114507542008e-01,1.433840100096408776e-01
-5.020625114507542008e-01,1.433840100096408776e-01
-5.020625114507542008e-01,1.433840100096408776e-01
-5.151593880323335206e-01,-2.056033372402322479e-01
-6.210154377988518215e-01,1.462403516541387616e-01
-4.689512139666143220e-01,2.373567800379067505e-01
-4.689512139666143220e-01,2.373567800379067505e-01
-5.793434219660402729e-01,1.764796184640023413e-01
-4.428609210653933204e-01,6.181154100216558478e-02
-4.428609210653933204e-01,6.181154100216558478e-02
-4.428609210653933204e-01,6.181154100216558478e-02
-4.428609210653933204e-01,6.181154100216558478e-02
-4.327666678986505922e-01,2.838656576443422952e-01
-4.630265777832756058e-01,2.221974732093893179e-01
-4.630265777832756058e-01,2.221974732093893179e-01
-4.623731197965382234e-01,1.965523368144994620e-01
-4.759940697295280687e-01,1.240529309256566681e-01
-5.694648050273762863e-01,8.991116906113430507e-02
-6.847709643447852379e-01,5.806722073091999392e-02
-6.847709643447852379e-01,5.806722073091999392e-02
-6.847709643447852379e-01,5.806722073091999392e-02
-6.654260955067504701e-01,-9.627492304325763195e-02
-8.290859603131768285e-01,-2.477972565831117191e-02
-8.290859603131768285e-01,-2.477972565831117191e-02
-8.290859603131768285e-01,-2.477972565831117191e-02
-8.440830921113842145e-01,1.320048562384371765e-02
-8.440830921113842145e-01,1.320048562384371765e-02
-8.440830921113842145e-01,1.320048562384371765e-02
-8.440830921113842145e-01,1.320048562384371765e-02
-8.440830921113842145e-01,1.320048562384371765e-02
-5.840224376109860449e-01,4.921362550990394241e-02
-5.840224376109860449e-01,4.921362550990394241e-02
-5.840224376109860449e-01,4.921362550990394241e-02
-5.840224376109860449e-01,4.921362550990394241e-02
-5.840224376109860449e-01,4.921362550990394241e-02
-5.840224376109860449e-01,4.921362550990394241e-02
-5.619815689564288119e-01,2.953733813976614636e-02
-5.661393178879647881e-01,1.121513884924969437e-02
-6.959269445317817215e-01,7.945804128619136930e-02
-6.543003689922234356e-01,1.676693838468531483e-01
-6.543003689922234356e-01,1.676693838468531483e-01
-7.133929964785556965e-01,1.783269169027040246e-01
-5.125879346142778736e-01,1.013647388518185005e-01
-5.229605006567283887e-01,-8.493343610391627940e-02
-5.229605006567283887e-01,-8.493343610391627940e-02
-5.229605006567283887e-01,-8.493343610391627940e-02
-5.229605006567283887e-01,-8.493343610391627940e-02
-6.018663041795294655e-01,-4.610150906813816063e-02
-6.401526317634347318e-01,-6.286151862894580333e-02
-6.401526317634347318e-01,-6.286151862894580333e-02
-7.381492132057877464e-01,-2.317715780431409689e-01
-7.381492132057877464e-01,-2.317715780431409689e-01
-6.323494190815747151e-01,-3.582644457690838946e-01
-5.073989763805690778e-01,-6.210148034175966281e-02
-5.073989763805690778e-01,-6.210148034175966281e-02
-5.073989763805690778e-01,-6.210148034175966281e-02
-5.073989763805690778e-01,-6.210148034175966281e-02
-5.073989763805690778e-01,-6.210148034175966281e-02
-5.073989763805690778e-01,-6.210148034175966281e-02
-4.860006239545131002e-01,5.448361102858198524e-02
-6.569481763621053405e-01,-9.812389906487417601e-02
-6.569481763621053405e-01,-9.812389906487417601e-02
-7.160031160513140591e-01,-6.695272328717144505e-02
-5.226801285282972609e-01,6.440243480176091606e-02
-3.963921476328878812e-01,-1.162137516638999113e-01
-5.085227350211314334e-01,-9.448919358933366430e-02
-4.887858063886261761e-01,-1.119334300954804018e-01
-4.712889594240708413e-01,-1.661064820641343087e-01
-5.823681100932498467e-01,-1.209434404326379386e-01
-4.476026796141039377e-01,2.527730309274602849e-01
-3.816799607579063336e-01,1.341283237998616706e-01
-3.816799607579063336e-01,1.341283237998616706e-01
-3.816799607579063336e-01,1.341283237998616706e-01
-3.350006463423640390e-01,4.323910706096963097e-02
-5.038697274176835439e-01,9.649761281477868546e-02
-5.038697274176835439e-01,9.649761281477868546e-02
-2.500876213352983823e-01,-9.537584897649527271e-02
-2.500876213352983823e-01,-9.537584897649527271e-02
-2.181282581443256541e-01,1.282490845556211179e-02
-2.708675685224569141e-01,-1.083021319470469507e-01
-2.426210406263604180e-01,2.445310267805734794e-01
-2.426210406263604180e-01,2.445310267805734794e-01
-2.426210406263604180e-01,2.445310267805734794e-01
-2.477007969450497338e-01,1.477987233313775572e-01
-2.477007969450497338e-01,1.477987233313775572e-01
-2.477007969450497338e-01,1.477987233313775572e-01
-2.102494674661958551e-01,3.812013955423615430e-02
-1.732091259502906433e-01,-1.190563273435749636e-01
-3.519602082443543667e-01,1.493519728776952493e-01
-3.519602082443543667e-01,1.493519728776952493e-01
-3.519602082443543667e-01,1.493519728776952493e-01
-3.519602082443543667e-01,1.493519728776952493e-01
-3.519602082443543667e-01,1.493519728776952493e-01
-3.761120559552718623e-01,-1.468154041191359060e-01
-2.856354055423143690e-01,1.203269417472878078e-01
-2.856354055423143690e-01,1.203269417472878078e-01
-2.856354055423143690e-01,1.203269417472878078e-01
-3.784346077742158920e-01,2.416595835392313374e-01
-3.694566674846197496e-01,1.316000794576752397e-01
-3.696619056545268900e-01,-1.345370653509266601e-01
-3.696619056545268900e-01,-1.345370653509266601e-01
-3.956394962327627884e-01,-9.712917516930166806e-03
-4.575289061855792871e-01,1.127810043487961350e-01
-4.664055186621759441e-01,-8.790072511910944353e-02
-4.664055186621759441e-01,-8.790072511910944353e-02
-3.375928670020282851e-01,1.894414987345433010e-02
-3.375928670020282851e-01,1.894414987345433010e-02
-7.006394998466031199e-01,9.317266878338359773e-03
-3.652946684176236469e-01,-7.070384257107549530e-05
-3.652946684176236469e-01,-7.070384257107549530e-05
-5.260258994400563992e-01,-1.304039362951021630e-01
-5.260258994400563992e-01,-1.304039362951021630e-01
-6.536621258846015969e-01,-2.404152187643277261e-01
-4.753193535895332555e-01,-2.449688587547736163e-01
-3.835010967491599976e-01,-6.000383806150449972e-02
-3.835010967491599976e-01,-6.000383806150449972e-02
-3.835010967491599976e-01,-6.000383806150449972e-02
-3.927137944598328434e-01,1.698183367734794891e-01
-3.927137944598328434e-01,1.698183367734794891e-01
-3.927137944598328434e-01,1.698183367734794891e-01
-4.478661259605031253e-01,2.828113088086678384e-02
-4.849589867880543248e-01,2.159205026390229598e-01
-3.442829031055047451e-01,1.512260304136262001e-01
-4.757363059767167890e-01,9.454734826014615789e-02
-4.757363059767167890e-01,9.454734826014615789e-02
-4.757363059767167890e-01,9.454734826014615789e-02
-4.757363059767167890e-01,9.454734826014615789e-02
-4.757363059767167890e-01,9.454734826014615789e-02
-4.669374854757975535e-01,-1.096290806712410526e-02
-4.669374854757975535e-01,-1.096290806712410526e-02
-5.022721261864083742e-01,-1.134049608421197758e-01
-5.022721261864083742e-01,-1.134049608421197758e-01
-5.022721261864083742e-01,-1.134049608421197758e-01
-5.022721261864083742e-01,-1.134049608421197758e-01
-5.022721261864083742e-01,-1.134049608421197758e-01
-5.022721261864083742e-01,-1.134049608421197758e-01
-5.022721261864083742e-01,-1.134049608421197758e-01
-5.022721261864083742e-01,-1.134049608421197758e-01
-4.074782923911681176e-01,7.216048225671660432e-02
-5.112996193545851220e-01,1.116129385396926188e-01
-4.986359988834475621e-01,2.532979295175573353e-02
-4.986359988834475621e-01,2.532979295175573353e-02
-5.858520677133116639e-01,-1.644737749186350739e-01
-5.858520677133116639e-01,-1.644737749186350739e-01
-5.858520677133116639e-01,-1.644737749186350739e-01
-5.858520677133116639e-01,-1.644737749186350739e-01
-7.045289424163364567e-01,-7.452938414206815299e-02
-7.007532973316947800e-01,-1.364706264691558646e-01
-7.007532973316947800e-01,-1.364706264691558646e-01
-7.650278773137182409e-01,2.246346402494289740e-02
-7.650278773137182409e-01,2.246346402494289740e-02
-7.650278773137182409e-01,2.246346402494289740e-02
-7.650278773137182409e-01,2.246346402494289740e-02
-8.784890825024757044e-01,-4.471280859945700459e-02
-8.784890825024757044e-01,-4.471280859945700459e-02
-8.784890825024757044e-01,-4.471280859945700459e-02
-6.936462422397344785e-01,3.142424347722723443e-02
-7.314541623583200591e-01,1.020668898819277748e-01
-7.314541623583200591e-01,1.020668898819277748e-01
-4.659052560901144058e-01,1.949594725889506330e-01
-5.793220229891856699e-01,2.166797365426276212e-01
-5.793220229891856699e-01,2.166797365426276212e-01
-5.793220229891856699e-01,2.166797365426276212e-01
-5.793220229891856699e-01,2.166797365426276212e-01
-5.793220229891856699e-01,2.166797365426276212e-01
-5.793220229891856699e-01,2.166797365426276212e-01
-7.072375058445425910e-01,-7.591889735870299694e-02
-4.460051643934817012e-01,-1.082075403782186418e-01
-4.460051643934817012e-01,-1.082075403782186418e-01
-4.460051643934817012e-01,-1.082075403782186418e-01
-4.460051643934817012e-01,-1.082075403782186418e-01
-4.322126869344101729e-01,-1.392225353357476603e-01
-5.833374377388528265e-01,-1.543304145131897953e-01
-3.937017528383471854e-01,-5.910793217927311216e-02
-3.937017528383471854e-01,-5.910793217927311216e-02
-3.937017528383471854e-01,-5.910793217927311216e-02
-5.821499343656250103e-01,-2.195873988421959688e-01
-6.920672574202197946e-01,-6.201596638056558475e-02
-6.920672574202197946e-01,-6.201596638056558475e-02
-6.920672574202197946e-01,-6.201596638056558475e-02
-8.586770141348476493e-01,-2.336940388779935873e-02
-8.586770141348476493e-01,-2.336940388779935873e-02
-7.153746541131142944e-01,-1.610808587607339137e-01
-7.297031256510283503e-01,2.375094035775740520e-02
-7.297031256510283503e-01,2.375094035775740520e-02
-6.737110861438018183e-01,-1.640637718987929261e-01
-6.737110861438018183e-01,-1.640637718987929261e-01
-6.737110861438018183e-01,-1.640637718987929261e-01
-8.462884923080031818e-01,-1.567956374022878019e-01
-8.462884923080031818e-01,-1.567956374022878019e-01
-8.462884923080031818e-01,-1.567956374022878019e-01
-8.462884923080031818e-01,-1.567956374022878019e-01
-8.268768472206409204e-01,3.678964665050782346e-02
-7.579132602156456455e-01,-1.644751014069544270e-01
-7.579132602156456455e-01,-1.644751014069544270e-01
-7.579132602156456455e-01,-1.644751014069544270e-01
-6.384803930282216822e-01,6.119103087014288178e-02
-6.384803930282216822e-01,6.119103087014288178e-02
-5.415257440012112289e-01,7.492028281613700991e-02
-5.415257440012112289e-01,7.492028281613700991e-02
-5.415257440012112289e-01,7.492028281613700991e-02
-4.905862999741612551e-01,1.912076827095315901e-01
-5.384475535791888312e-01,1.064088453217023889e-01
-5.384475535791888312e-01,1.064088453217023889e-01
-6.497383803658468571e-01,2.420231869294191263e-02
-6.546750258685416490e-01,6.086564331388512328e-02
-7.266574043533099436e-01,1.592499440138152311e-03
-8.756012912975885687e-01,-2.652778177550949371e-02
-8.756012912975885687e-01,-2.652778177550949371e-02
-9.134826539820057878e-01,-7.378597428019599558e-02
-8.145746360257679619e-01,-1.187445769439044868e-01
-8.145746360257679619e-01,-1.187445769439044868e-01
-6.108476602371838426e-01,-1.565011956158365303e-01
-5.498631632785931922e-01,-1.852104891154121857e-01
-5.498631632785931922e-01,-1.852104891154121857e-01
-5.498631632785931922e-01,-1.852104891154121857e-01
-5.498631632785931922e-01,-1.852104891154121857e-01
-6.779275819704202455e-01,6.889709232047022680e-02
-6.289175828488411391e-01,1.848471048240193371e-01
-6.289175828488411391e-01,1.848471048240193371e-01
-6.289175828488411391e-01,1.848471048240193371e-01
-6.289175828488411391e-01,1.848471048240193371e-01
-6.289175828488411391e-01,1.848471048240193371e-01
-6.289175828488411391e-01,1.848471048240193371e-01
-5.357451526160419419e-01,-5.089648009960506814e-02
-5.357451526160419419e-01,-5.089648009960506814e-02
-5.357451526160419419e-01,-5.089648009960506814e-02
-7.065483604680279361e-01,7.001054149525721970e-02
-5.026941504735199517e-01,-8.000251463424461196e-02
-6.343300605435469031e-01,1.181417408532462882e-01
-7.539007814525515716e-01,1.402322467620525370e-01
-7.539007814525515716e-01,1.402322467620525370e-01
-6.630506254035726244e-01,9.776324636820660219e-02
-5.666025694443551641e-01,3.220414903880802759e-02
-5.581714854855591712e-01,5.204675186168696704e-02
-5.581714854855591712e-01,5.204675186168696704e-02
-2.887574942294712788e-01,-9.127419314837401099e-02
-2.887574942294712788e-01,-9.127419314837401099e-02
-2.887574942294712788e-01,-9.127419314837401099e-02
-2.887574942294712788e-01,-9.127419314837401099e-02
-4.715303770185436116e-01,-1.239107495738195480e-01
-5.130486711720735338e-01,-1.804791639416659099e-01
-5.130486711720735338e-01,-1.804791639416659099e-01
-5.130486711720735338e-01,-1.804791639416659099e-01
-3.826552222764947331e-01,-1.226656185499030716e-01
-3.826552222764947331e-01,-1.226656185499030716e-01
-3.826552222764947331e-01,-1.226656185499030716e-01
-3.826552222764947331e-01,-1.226656185499030716e-01
-3.826552222764947331e-01,-1.226656185499030716e-01
-3.826552222764947331e-01,-1.226656185499030716e-01
-3.826552222764947331e-01,-1.226656185499030716e-01
-3.826552222764947331e-01,-1.226656185499030716e-01
-4.917546905047985861e-01,-8.795000489771485908e-02
-6.499071527797761760e-01,-3.867773023868439908e-02
-6.499071527797761760e-01,-3.867773023868439908e-02
-5.535574404325381837e-01,-1.165594080602736990e-02
-6.038870999090072411e-01,-1.664674045393203794e-01
-6.719937617175523181e-01,-1.347775613965556119e-01
-6.514523411733769143e-01,1.104211951287042970e-03
-6.514523411733769143e-01,1.104211951287042970e-03
-6.432723693651702934e-01,-1.298435724480337915e-02
-6.432723693651702934e-01,-1.298435724480337915e-02
-6.608583875002004282e-01,7.673891139392985394e-02
-6.608583875002004282e-01,7.673891139392985394e-02
-4.225013419643582901e-01,1.826987382740257737e-01
-5.483889014486306168e-01,1.389296700835834231e-01
-5.483889014486306168e-01,1.389296700835834231e-01
-5.483889014486306168e-01,1.389296700835834231e-01
-5.210070455323395633e-01,1.535691513578496259e-01
-7.692803792007516517e-01,-1.407555185314629531e-03
-7.098916703179407595e-01,1.182480052605580367e-01
-7.098916703179407595e-01,1.182480052605580367e-01
-7.098916703179407595e-01,1.182480052605580367e-01
-7.098916703179407595e-01,1.182480052605580367e-01
-7.098916703179407595e-01,1.182480052605580367e-01
-7.098916703179407595e-01,1.182480052605580367e-01
-7.098916703179407595e-01,1.182480052605580367e-01
-7.098916703179407595e-01,1.182480052605580367e-01
-6.739891796762595977e-01,1.821050015726002891e-02
-6.739891796762595977e-01,1.821050015726002891e-02
-6.739891796762595977e-01,1.821050015726002891e-02
-6.235615382748347368e-01,-7.883819759682442196e-02
-6.235615382748347368e-01,-7.883819759682442196e-02
-6.235615382748347368e-01,-7.883819759682442196e-02
-6.755107956053498786e-01,-7.418107801528944778e-02
-5.284334972324811197e-01,-1.147872693436558095e-01
-5.284334972324811197e-01,-1.147872693436558095e-01
-4.503656067174612865e-01,-1.445528194283551282e-01
-4.503656067174612865e-01,-1.445528194283551282e-01
-4.565678843073979198e-01,-1.445650579112973400e-01
-7.324709065827619270e-01,-1.512472099136910053e-01
-7.324709065827619270e-01,-1.512472099136910053e-01
-7.324709065827619270e-01,-1.512472099136910053e-01
-7.593800036708618917e-01,-5.112919987872202587e-02
-7.472729935140490776e-01,-2.057832681914877615e-01
-4.901486832980259667e-01,-2.656450673377935834e-01
-6.490187930974257169e-01,-8.520966509779365206e-02
-6.490187930974257169e-01,-8.520966509779365206e-02
-7.045857406538642564e-01,1.291169200165966369e-01
-9.262969946844243907e-01,3.380710800516421866e-02
-9.262969946844243907e-01,3.380710800516421866e-02
-9.262969946844243907e-01,3.380710800516421866e-02
-9.262969946844243907e-01,3.380710800516421866e-02
-6.858353907038557962e-01,-2.617429547328582462e-01
-6.858353907038557962e-01,-2.617429547328582462e-01
-6.856512517687385344e-01,-1.815189160616986208e-01
-6.856512517687385344e-01,-1.815189160616986208e-01
-7.485242067927322385e-01,5.186828828026929239e-02
-7.485242067927322385e-01,5.186828828026929239e-02
-7.485242067927322385e-01,5.186828828026929239e-02
-7.485242067927322385e-01,5.186828828026929239e-02
-6.900402921245061272e-01,1.763100515479518737e-01
-6.900402921245061272e-01,1.763100515479518737e-01
-7.114592253295669577e-01,1.148489923086748743e-01
-7.114592253295669577e-01,1.148489923086748743e-01
-7.114592253295669577e-01,1.148489923086748743e-01
-7.114592253295669577e-01,1.148489923086748743e-01
-7.114592253295669577e-01,1.148489923086748743e-01
-5.857951117391700935e-01,-1.992303064280054603e-01
-6.885045282394683941e-01,-1.770828269413916300e-01
-6.079628826852514489e-01,-9.206003255176564704e-03
-6.079628826852514489e-01,-9.206003255176564704e-03
-4.912263565242532826e-01,3.418268587406574077e-02
-5.443616980791414761e-01,1.790176330682768380e-01
-6.753421779601835873e-01,-1.634627130984206422e-02
-9.009429274585271097e-01,4.525497086035674271e-02
-9.009429274585271097e-01,4.525497086035674271e-02
-9.009429274585271097e-01,4.525497086035674271e-02
-9.009429274585271097e-01,4.525497086035674271e-02
-8.453051248605101264e-01,-1.275725164132784917e-02
-7.465525349754966733e-01,3.935101171814120447e-02
-7.465525349754966733e-01,3.935101171814120447e-02
-7.933924950007217314e-01,2.525646363306131847e-02
-7.933924950007217314e-01,2.525646363306131847e-02
-2.832390720443417331e-01,2.122251817234603877e-01
-4.533608114879173479e-01,8.866892260889824851e-03
-3.957471387199029134e-01,-1.476082401750256623e-01
-3.761571213096427391e-01,-3.760572018265906369e-02
-3.761571213096427391e-01,-3.760572018265906369e-02
-3.676042464399385534e-01,-3.532987142527218433e-02
-6.474557071897808491e-01,-7.314991337469133048e-02
-8.163486978174119280e-01,-5.377545739128007651e-02
-7.694961531512245489e-01,-6.858893300530426174e-02
-6.899724807727241060e-01,-6.513565543881762177e-02
-6.899724807727241060e-01,-6.513565543881762177e-02
-6.439718658856090627e-01,-1.344174182590834599e-01
-6.439718658856090627e-01,-1.344174182590834599e-01
-6.439718658856090627e-01,-1.344174182590834599e-01
-6.439718658856090627e-01,-1.344174182590834599e-01
-6.439718658856090627e-01,-1.344174182590834599e-01
-6.439718658856090627e-01,-1.344174182590834599e-01
-5.233571520457953596e-01,1.246982322327661319e-01
-4.319139365538786079e-01,7.262291172636713144e-02
-4.807617466695099373e-01,8.516666856518612105e-02
-4.807617466695099373e-01,8.516666856518612105e-02
-4.807617466695099373e-01,8.516666856518612105e-02
-4.807617466695099373e-01,8.516666856518612105e-02
-6.792993577657922000e-01,-1.263711062612220826e-01
-6.543199994586806900e-01,-1.286686208492549277e-01
-4.919928007483855836e-01,-9.180451793284422068e-02
-6.221013001836723788e-01,7.240043405941001819e-02
-4.608256074017502701e-01,-7.572988903817021167e-02
-4.608256074017502701e-01,-7.572988903817021167e-02
-6.441297182316192416e-01,-1.868146687435658926e-01
-5.761729303929151724e-01,-1.305296257810005800e-01
-5.070897260273017348e-01,-9.800923718702427012e-02
-6.541087921812412942e-01,2.297479220242926168e-01
-6.541087921812412942e-01,2.297479220242926168e-01
-4.047169809406322427e-01,2.089589228353120609e-01
-4.047169809406322427e-01,2.089589228353120609e-01
-4.047169809406322427e-01,2.089589228353120609e-01
-4.047169809406322427e-01,2.089589228353120609e-01
-4.047169809406322427e-01,2.089589228353120609e-01
-4.047169809406322427e-01,2.089589228353120609e-01
-5.798283469379568178e-01,2.311765754800075290e-01
-5.798283469379568178e-01,2.311765754800075290e-01
-5.798283469379568178e-01,2.311765754800075290e-01
-5.798283469379568178e-01,2.311765754800075290e-01
-5.798283469379568178e-01,2.311765754800075290e-01
-2.682339240977806849e-01,1.641273728498082174e-01
-2.682339240977806849e-01,1.641273728498082174e-01
-2.682339240977806849e-01,1.641273728498082174e-01
-2.682339240977806849e-01,1.641273728498082174e-01
-2.682339240977806849e-01,1.641273728498082174e-01
-2.682339240977806849e-01,1.641273728498082174e-01
-3.246323011136978964e-01,6.245017641412752007e-02
-5.749463874791921336e-01,5.668091927508056571e-02
-5.749463874791921336e-01,5.668091927508056571e-02
-5.749463874791921336e-01,5.668091927508056571e-02
-5.749463874791921336e-01,5.668091927508056571e-02
-7.217406969555254515e-01,-3.439135544699288560e-02
-7.217406969555254515e-01,-3.439135544699288560e-02
-7.217406969555254515e-01,-3.439135544699288560e-02
-9.200824140820303976e-01,1.328130641121388900e-01
-9.200824140820303976e-01,1.328130641121388900e-01
-9.200824140820303976e-01,1.328130641121388900e-01
-7.928400652316683894e-01,-1.290638310057035665e-01
-7.786741478906045177e-01,1.632114687595327962e-01
-6.847233058112285331e-01,1.330464055222203290e-01
-8.156644036213348548e-01,-9.518469702169979341e-02
-8.156644036213348548e-01,-9.518469702169979341e-02
-1.022610580101008804e+00,-3.946607142961457843e-02
-9.385842841884566301e-01,-8.424784977917093576e-02
-9.385842841884566301e-01,-8.424784977917093576e-02
-9.385842841884566301e-01,-8.424784977917093576e-02
-9.385842841884566301e-01,-8.424784977917093576e-02
-9.385842841884566301e-01,-8.424784977917093576e-02
-1.007391451900492729e+00,-1.326431725903107484e-01
-1.007391451900492729e+00,-1.326431725903107484e-01
-1.007391451900492729e+00,-1.326431725903107484e-01
-1.007391451900492729e+00,-1.326431725903107484e-01
-8.269113112389575582e-01,-1.911701926658922468e-01
-8.269113112389575582e-01,-1.911701926658922468e-01
-8.269113112389575582e-01,-1.911701926658922468e-01
-5.810783375843401322e-01,-1.547002728756994849e-01
-5.810783375843401322e-01,-1.547002728756994849e-01
-5.825831468587286954e-01,1.012312942009555017e-01
-5.825831468587286954e-01,1.012312942009555017e-01
-5.825831468587286954e-01,1.012312942009555017e-01
-5.825831468587286954e-01,1.012312942009555017e-01
-5.825831468587286954e-01,1.012312942009555017e-01
-5.825831468587286954e-01,1.012312942009555017e-01
-5.825831468587286954e-01,1.012312942009555017e-01
-5.825831468587286954e-01,1.012312942009555017e-01
-4.994030694608130316e-01,-1.422203617873454284e-01
-4.994030694608130316e-01,-1.422203617873454284e-01
-4.994030694608130316e-01,-1.422203617873454284e-01
-4.994030694608130316e-01,-1.422203617873454284e-01
-5.728858295359283703e-01,-1.801490582010126240e-01
-5.298135698821908601e-01,-9.276063259492853263e-02
-5.298135698821908601e-01,-9.276063259492853263e-02
-4.109291034051940628e-01,-6.011521483319865605e-02
-6.886900731214791183e-01,-1.016433617476362183e-01
-7.039604794179141756e-01,6.755928289301021961e-03
-7.357897142641280919e-01,9.023507710676866023e-02
-7.357897142641280919e-01,9.023507710676866023e-02
-7.357897142641280919e-01,9.023507710676866023e-02
-4.656290086976539455e-01,4.049084864679222684e-02
-4.656290086976539455e-01,4.049084864679222684e-02
-5.446478406148110851e-01,1.544990752639099907e-01
-4.499523763215861893e-01,3.047406711299453785e-02
-4.499523763215861893e-01,3.047406711299453785e-02
-4.499523763215861893e-01,3.047406711299453785e-02
-4.499523763215861893e-01,3.047406711299453785e-02
-4.598653248965490214e-01,-1.094174590900220539e-01
-4.598653248965490214e-01,-1.094174590900220539e-01
-5.787127008516896876e-01,-1.560582324523586140e-01
-5.787127008516896876e-01,-1.560582324523586140e-01
-5.787127008516896876e-01,-1.560582324523586140e-01
-6.212742305256404585e-01,-1.398478137439415625e-01
-6.212742305256404585e-01,-1.398478137439415625e-01
-6.137831885362633466e-01,5.524821943005991942e-03
-3.699256935964466697e-01,7.818025301682172967e-02
-3.639619194957786075e-01,9.807921776642287981e-02
-5.568649152572510141e-01,9.527528374855745441e-02
-5.568649152572510141e-01,9.527528374855745441e-02
-5.568649152572510141e-01,9.527528374855745441e-02
-5.568649152572510141e-01,9.527528374855745441e-02
-4.824167834337922400e-01,2.234949855246710637e-01
-3.636984285871331379e-01,1.426094800230149895e-01
-6.132649138679668877e-01,3.086844609487032765e-01
-6.132649138679668877e-01,3.086844609487032765e-01
-6.132649138679668877e-01,3.086844609487032765e-01
-6.132649138679668877e-01,3.086844609487032765e-01
-6.132649138679668877e-01,3.086844609487032765e-01
-7.282382421618946999e-01,4.073239320154797838e-04
-5.701878016586741094e-01,-2.510950253346068695e-01
-5.626691214709667044e-01,-2.210529649813471331e-01
-5.626691214709667044e-01,-2.210529649813471331e-01
-5.919907803885643416e-01,-2.788827598594989521e-01
-5.919907803885643416e-01,-2.788827598594989521e-01
-5.509910363643542031e-01,-1.279324919760249646e-02
-6.729211505571641716e-01,1.928660867262501494e-02
-4.458198162574895651e-01,3.029545581147087899e-02
-4.458198162574895651e-01,3.029545581147087899e-02
-4.458198162574895651e-01,3.029545581147087899e-02
-6.520533989896990512e-01,1.654458406719542252e-01
-6.509809006803789488e-01,-7.560003616383895175e-02
-6.509809006803789488e-01,-7.560003616383895175e-02
-6.509809006803789488e-01,-7.560003616383895175e-02
-6.509809006803789488e-01,-7.560003616383895175e-02
-6.509809006803789488e-01,-7.560003616383895175e-02
-6.652291719704973572e-01,6.849913689943443185e-02
-6.652291719704973572e-01,6.849913689943443185e-02
-7.783678127559416904e-01,-1.114241584715797984e-01
-5.376767927426318039e-01,-1.928298105401436424e-01
-6.779742782414575064e-01,-1.267525224576278586e-01
-7.881284821387105621e-01,-2.671182416091801848e-01
-7.881284821387105621e-01,-2.671182416091801848e-01
-5.600882142868837121e-01,-3.084807514855471000e-01
-5.600882142868837121e-01,-3.084807514855471000e-01
-3.237445423866331939e-01,-1.445240077403854018e-01
-4.017697897896174708e-01,-2.669245851999649810e-01
-4.788958103381087406e-01,-1.981804946602346296e-01
-4.788958103381087406e-01,-1.981804946602346296e-01
-4.788958103381087406e-01,-1.981804946602346296e-01
-4.788958103381087406e-01,-1.981804946602346296e-01
-7.328586315641195670e-01,-2.927017532783933174e-01
-7.118176799736326554e-01,-2.681203929519906382e-01
-7.118176799736326554e-01,-2.681203929519906382e-01
-5.736789401812401046e-01,-2.972957819701404492e-01
-8.081226196922953742e-01,-5.890572402475355296e-02
-8.967802846759737045e-01,9.040665512414572391e-02
-7.627763136545544498e-01,-5.227477381931036615e-03
-8.498416695429777956e-01,2.307066059267211949e-02
-8.498416695429777956e-01,2.307066059267211949e-02
-9.361998523167089914e-01,-7.493624752678051948e-02
-9.361998523167089914e-01,-7.493624752678051948e-02
-8.550715850118195682e-01,-1.514346859972621195e-01
-8.550715850118195682e-01,-1.514346859972621195e-01
-7.447186663483424951e-01,-9.091255749463356128e-02
-7.447186663483424951e-01,-9.091255749463356128e-02
-7.647823926029271302e-01,-2.371301060549470263e-02
-7.647823926029271302e-01,-2.371301060549470263e-02
-6.057586205249486655e-01,9.713636829642442738e-02
-6.446769098728183378e-01,7.518061122962649279e-02
-6.446769098728183378e-01,7.518061122962649279e-02
-6.446769098728183378e-01,7.518061122962649279e-02
-6.446769098728183378e-01,7.518061122962649279e-02
-7.703039351073402985e-01,6.822989585655792055e-02
-7.703039351073402985e-01,6.822989585655792055e-02
-7.703039351073402985e-01,6.822989585655792055e-02
-5.655680080220262251e-01,4.397841097282327583e-02
-5.655680080220262251e-01,4.397841097282327583e-02
-7.231254100452751965e-01,1.025227593650639979e-01
-7.384462533124425132e-01,1.235590107429278273e-01
-4.979439892773331322e-01,1.260552959517835525e-01
-6.368803605647319621e-01,1.129043296515918893e-01
-5.330227498621982196e-01,9.440054276366037500e-02
-8.684837404435976627e-01,-8.993513997739328858e-02
-8.903633627505930237e-01,1.680629562454959980e-01
-8.903633627505930237e-01,1.680629562454959980e-01
-8.903633627505930237e-01,1.680629562454959980e-01
-8.903633627505930237e-01,1.680629562454959980e-01
-8.086081532808155892e-01,4.617201671832825427e-02
-4.680708297472463975e-01,6.091829231872996492e-02
-5.364672969908433897e-01,1.062961247613507798e-01
-5.364672969908433897e-01,1.062961247613507798e-01
-5.364672969908433897e-01,1.062961247613507798e-01
-7.176392105770597052e-01,-1.539795765618513779e-02
-7.138789452565169613e-01,-1.456571917959954554e-01
-7.138789452565169613e-01,-1.456571917959954554e-01
-5.582118117049655881e-01,-2.138831352615032377e-01
-5.582118117049655881e-01,-2.138831352615032377e-01
-5.582118117049655881e-01,-2.138831352615032377e-01
-5.582118117049655881e-01,-2.138831352615032377e-01
-8.262106254493826185e-01,-9.990851211083372208e-02
-8.690618416941703339e-01,-4.157197152702819115e-02
-8.157653225662381269e-01,-2.132087299264071589e-01
-7.851374094436214257e-01,-1.910787484601748909e-01
-8.844282230462000571e-01,-1.550873964844721731e-01
-7.750199585734199870e-01,-2.638939273090281090e-01
-4.385391903151250048e-01,-2.785399115242080392e-01
-4.385391903151250048e-01,-2.785399115242080392e-01
-4.385391903151250048e-01,-2.785399115242080392e-01
-4.385391903151250048e-01,-2.785399115242080392e-01
-6.082244700626066036e-01,-1.531311823786803972e-01
-6.284313577593805267e-01,-1.397288214020900865e-01
-6.859217889138842228e-01,7.558570992633861785e-02
-7.860644227028871223e-01,-7.534780626467735276e-02
-7.860644227028871223e-01,-7.534780626467735276e-02
-7.860644227028871223e-01,-7.534780626467735276e-02
-7.860644227028871223e-01,-7.534780626467735276e-02
-6.060161073040564172e-01,1.323754086231687110e-01
-5.980385540319558269e-01,-1.870295763915821863e-02
-5.980385540319558269e-01,-1.870295763915821863e-02
-5.980385540319558269e-01,-1.870295763915821863e-02
-6.483310443156220515e-01,-6.776027696462508243e-02
-6.483310443156220515e-01,-6.776027696462508243e-02
-6.483310443156220515e-01,-6.776027696462508243e-02
-6.483310443156220515e-01,-6.776027696462508243e-02
-4.454310877860433449e-01,1.467979956399619035e-02
-4.454310877860433449e-01,1.467979956399619035e-02
-4.454310877860433449e-01,1.467979956399619035e-02
-3.777989552586408228e-01,-5.357871312624271076e-02
-5.633062658454328631e-01,1.754510021209455817e-01
-7.427119312463331680e-01,1.064780393121838309e-01
-7.427119312463331680e-01,1.064780393121838309e-01
-7.420043957226065690e-01,-7.524111602210512006e-02
-7.581099888309971169e-01,-2.002534108774480515e-01
-5.664764570999510918e-01,-1.190188681810636084e-01
-5.269385469458306437e-01,-1.012562432071972135e-01
-5.985169987457005236e-01,-2.216914344670447012e-01
-5.985169987457005236e-01,-2.216914344670447012e-01
-7.441738953363726816e-01,-1.898516972499790234e-01
-5.802156161665470435e-01,-2.043504346350875911e-01
-6.216903808575231505e-01,-1.917981326320887525e-01
-6.216903808575231505e-01,-1.917981326320887525e-01
-6.216903808575231505e-01,-1.917981326320887525e-01
-6.216903808575231505e-01,-1.917981326320887525e-01
-6.216903808575231505e-01,-1.917981326320887525e-01
-6.216903808575231505e-01,-1.917981326320887525e-01
-6.216903808575231505e-01,-1.917981326320887525e-01
-6.216903808575231505e-01,-1.917981326320887525e-01
-6.216903808575231505e-01,-1.917981326320887525e-01
-6.070608499808625158e-01,-1.929107634685259809e-01
-6.070608499808625158e-01,-1.929107634685259809e-01
-6.070608499808625158e-01,-1.929107634685259809e-01
-5.881859143779318844e-01,-5.274092358585308338e-03
-5.377588978761702609e-01,1.364492347754473964e-02
-5.377588978761702609e-01,1.364492347754473964e-02
-5.377588978761702609e-01,1.364492347754473964e-02
-6.191445715248818926e-01,1.658834990042385438e-01
-4.741628981395777931e-01,5.761237496265581015e-02
-6.849667011709121844e-01,-5.679734906120691151e-02
-3.693475652468449222e-01,-4.077501426528667289e-02
-3.693475652468449222e-01,-4.077501426528667289e-02
-6.605388332105308624e-01,4.522921996152227259e-02
-6.605388332105308624e-01,4.522921996152227259e-02
-6.605388332105308624e-01,4.522921996152227259e-02
-6.654645617895996734e-01,3.251050438140998255e-02
-6.654645617895996734e-01,3.251050438140998255e-02
-6.654645617895996734e-01,3.251050438140998255e-02
-6.654645617895996734e-01,3.251050438140998255e-02
-7.107235237186644294e-01,-1.220538526983708794e-01
-7.107235237186644294e-01,-1.220538526983708794e-01
-6.045368641650514796e-01,-2.454864575446565889e-01
-5.263403666723442953e-01,-1.279001503059713496e-01
-6.267145906631875762e-01,-1.408284716870598918e-02
-6.267145906631875762e-01,-1.408284716870598918e-02
-6.267145906631875762e-01,-1.408284716870598918e-02
-5.359282521912666075e-01,-1.220717741997345007e-01
-4.977770266566439172e-01,-1.958726110339728266e-01
-6.414751771417608328e-01,-2.488266813830528335e-01
-6.414751771417608328e-01,-2.488266813830528335e-01
-6.414751771417608328e-01,-2.488266813830528335e-01
-6.414751771417608328e-01,-2.488266813830528335e-01
-3.928622351556717573e-01,8.866397620274127367e-02
-4.354885613677611511e-01,-3.807450980949850239e-02
-4.354885613677611511e-01,-3.807450980949850239e-02
-4.354885613677611511e-01,-3.807450980949850239e-02
-6.653470460476527126e-01,2.416890087071127402e-02
-6.653470460476527126e-01,2.416890087071127402e-02
-6.073464105213268738e-01,2.898690312870881580e-02
-6.073464105213268738e-01,2.898690312870881580e-02
-5.753154214092194296e-01,-1.080241553715733521e-01
-6.262192510278274948e-01,-1.782768660659136972e-02
-6.262192510278274948e-01,-1.782768660659136972e-02
-6.262192510278274948e-01,-1.782768660659136972e-02
-6.474163477915486631e-01,-8.218242462636576873e-02
-6.194354030653931309e-01,-7.976572507537432744e-02
-4.690929327099208068e-01,-1.011964395020064633e-01
-4.690929327099208068e-01,-1.011964395020064633e-01
-7.456319774268662659e-01,8.100685273186830626e-02
-7.770831839299991994e-01,4.303757019169236059e-02
-6.567316609819148221e-01,1.679746613772148123e-01
-6.567316609819148221e-01,1.679746613772148123e-01
-6.031674845005928765e-01,1.085366308662139012e-02
-6.683402416097785625e-01,3.646203714906835758e-02
-6.683402416097785625e-01,3.646203714906835758e-02
-4.346723162102479332e-01,1.037729585825987455e-02
-3.228508568494466990e-01,2.682646742961186659e-01
-2.344644474803299072e-01,1.546577993608593826e-01
-4.078925504253282375e-01,9.639696205016926034e-02
-4.078925504253282375e-01,9.639696205016926034e-02
-5.092076650165510143e-01,-4.201301442498334149e-02
-7.165198215726394926e-01,7.003640208562834923e-02
-7.625807221799599800e-01,-6.668963297581979865e-02
-7.106155067847746976e-01,1.169725786900655956e-01
-7.106155067847746976e-01,1.169725786900655956e-01
-7.494089019391184658e-01,-7.046409105818760010e-03
-7.494089019391184658e-01,-7.046409105818760010e-03
-6.054891166469090757e-01,-8.236191007138510267e-02
-6.054891166469090757e-01,-8.236191007138510267e-02
-4.820275808802277906e-01,1.929112457221197896e-02
-4.820275808802277906e-01,1.929112457221197896e-02
-4.320300301782907249e-01,-2.004508674840048410e-02
-5.449586049745551719e-01,-1.432709863813479145e-01
-5.449586049745551719e-01,-1.432709863813479145e-01
-6.643536764558393148e-01,-1.198748423258676477e-01
-6.643536764558393148e-01,-1.198748423258676477e-01
-6.764969513149615699e-01,-1.493615228256234551e-01
-7.558291872100044717e-01,-6.330226775415237483e-02
-8.658351237870821615e-01,-9.536693627318297561e-02
-8.445122367298915078e-01,1.291120276129689715e-01
-8.445122367298915078e-01,1.291120276129689715e-01
-9.769612891699430701e-01,4.840036556371137000e-02
-7.492153982125770995e-01,1.258967562487282588e-01
-7.492153982125770995e-01,1.258967562487282588e-01
-7.492153982125770995e-01,1.258967562487282588e-01
-7.947472844342758913e-01,-3.295863176636093517e-02
-7.351097242092845541e-01,-1.308702269909082228e-01
-6.645250177393140500e-01,-1.985570898060445844e-01
-6.506218245597595873e-01,-2.326113498230959475e-01
-6.689592007449780553e-01,-1.827432086156698665e-01
-6.689592007449780553e-01,-1.827432086156698665e-01
-7.530647041424441968e-01,-1.300344624751457179e-01
-7.530647041424441968e-01,-1.300344624751457179e-01
-6.616591228849267869e-01,-7.096822542032990566e-02
-6.616591228849267869e-01,-7.096822542032990566e-02
-6.434928550888192600e-01,-7.006255472842347343e-02
-6.434928550888192600e-01,-7.006255472842347343e-02
-6.017987032833090888e-01,1.374765990407548211e-01
-7.242803011974419114e-01,6.545352574732446471e-02
-7.242803011974419114e-01,6.545352574732446471e-02
-7.242803011974419114e-01,6.545352574732446471e-02
-7.242803011974419114e-01,6.545352574732446471e-02
-7.242803011974419114e-01,6.545352574732446471e-02
-5.740079614720429158e-01,1.134495472639923674e-01
-6.005673349599328636e-01,1.123464452030771971e-01
-6.005673349599328636e-01,1.123464452030771971e-01
-6.005673349599328636e-01,1.123464452030771971e-01
-6.005673349599328636e-01,1.123464452030771971e-01
-6.005673349599328636e-01,1.123464452030771971e-01
-6.125648897524160752e-01,1.323056823388241710e-01
-6.125648897524160752e-01,1.323056823388241710e-01
-5.735806433408616734e-01,1.076618066705282983e-02
-5.301047075234439632e-01,-1.214535619001586991e-01
-5.301047075234439632e-01,-1.214535619001586991e-01
-4.969328386905279560e-01,5.067380220147983672e-02
-6.459182086675869794e-01,-2.949767680364741018e-01
-7.002804859085957068e-01,-3.247678548098930085e-01
-7.002804859085957068e-01,-3.247678548098930085e-01
-7.002804859085957068e-01,-3.247678548098930085e-01
-7.152171588794359325e-01,-1.456782223682684396e-01
-4.086645142515468176e-01,-1.766296308086817424e-01
-6.579906879405049702e-01,-1.280896874622395876e-01
-6.579906879405049702e-01,-1.280896874622395876e-01
-7.178227891936830307e-01,-2.409258584916376678e-01
-3.838503385834828863e-01,-1.224396218055847085e-01
-1.496811568018610039e-01,1.728131565005530668e-02
-1.629809439491569645e-01,-6.432097885345518240e-02
-2.633231724296707377e-01,2.780920308591162127e-01
-2.633231724296707377e-01,2.780920308591162127e-01
-4.555027904491297797e-01,7.562293841681499984e-02
-5.583661122201148963e-01,-1.314013552725053491e-01
-6.278786606867725606e-01,-1.050364902698699976e-01
-5.770044392108137910e-01,-3.357735685548644544e-01
-6.704888848240035948e-01,-7.359838638075305584e-02
-6.863164104728048942e-01,-1.037486934904474356e-01
-6.863164104728048942e-01,-1.037486934904474356e-01
-6.287184543484929389e-01,-1.246048334047149125e-01
-5.583516107783975668e-01,1.335637454549423730e-01
-6.424439012193640108e-01,-3.091604397828684458e-03
-6.424439012193640108e-01,-3.091604397828684458e-03
-7.234182618762563521e-01,-8.782502019349140709e-02
-9.769167161133123223e-01,1.587243220432207891e-02
-9.068733128528797538e-01,1.058022163189746706e-01
-9.455743855207866533e-01,8.875420034517091106e-02
-9.455743855207866533e-01,8.875420034517091106e-02
-6.609154469350955186e-01,3.444750046046632375e-01
-6.609154469350955186e-01,3.444750046046632375e-01
-6.609154469350955186e-01,3.444750046046632375e-01
-6.609154469350955186e-01,3.444750046046632375e-01
-6.059659247047620712e-01,3.459539665861754432e-01
-7.125015093967289603e-01,2.947252983326205111e-01
-7.125015093967289603e-01,2.947252983326205111e-01
-4.150166751317505565e-01,3.135948883574698476e-01
-4.150166751317505565e-01,3.135948883574698476e-01
-4.581511615153138206e-01,1.508612777249879189e-02
-6.339347438205662488e-01,-1.097929369399822941e-01
-6.339347438205662488e-01,-1.097929369399822941e-01
-7.599616479162535354e-01,-1.277505812185073808e-01
-7.443403637630340297e-01,-3.730997126431362387e-02
-7.443403637630340297e-01,-3.730997126431362387e-02
-5.857212737148148607e-01,4.245761588373314632e-02
-5.857212737148148607e-01,4.245761588373314632e-02
-5.857212737148148607e-01,4.245761588373314632e-02
-6.904611867973471373e-01,8.764679151278675917e-02
-6.904611867973471373e-01,8.764679151278675917e-02
-7.963840414637096687e-01,1.450150915930326079e-02
-7.963840414637096687e-01,1.450150915930326079e-02
-6.646596409040206321e-01,4.259758970208400372e-03
-5.418235212014874680e-01,-2.066619927752314234e-01
-5.418235212014874680e-01,-2.066619927752314234e-01
-5.418235212014874680e-01,-2.066619927752314234e-01
-6.090520835813668654e-01,-2.115859881425317668e-01
-6.090520835813668654e-01,-2.115859881425317668e-01
-6.090520835813668654e-01,-2.115859881425317668e-01
-6.090520835813668654e-01,-2.115859881425317668e-01
-6.090520835813668654e-01,-2.115859881425317668e-01
-7.543326046320604217e-01,-1.341723481615693658e-01
-7.998219731915799935e-01,-1.910828192748956766e-01
-7.998219731915799935e-01,-1.910828192748956766e-01
-6.454139074375455642e-01,-3.634918870064827168e-01
-7.443766872565867887e-01,-2.853923678178336698e-01
-7.443766872565867887e-01,-2.853923678178336698e-01
-7.443766872565867887e-01,-2.853923678178336698e-01
-7.443766872565867887e-01,-2.853923678178336698e-01
-7.443766872565867887e-01,-2.853923678178336698e-01
-7.443766872565867887e-01,-2.853923678178336698e-01
-7.497129959776080987e-01,-8.533405086834705555e-02
-7.497129959776080987e-01,-8.533405086834705555e-02
-7.497129959776080987e-01,-8.533405086834705555e-02
-7.497129959776080987e-01,-8.533405086834705555e-02
-6.721950112829583324e-01,-4.812324672438967471e-02
-7.439466477586588189e-01,-5.478968570036983621e-03
-5.251937354723833495e-01,8.965689921715064292e-03
-7.035562473652374749e-01,-1.375986119083214554e-01
-5.376002062071385534e-01,-7.345560653979356369e-02
-4.317754547860774839e-01,-9.813968915198988119e-02
-4.317754547860774839e-01,-9.813968915198988119e-02
-4.317754547860774839e-01,-9.813968915198988119e-02
-4.648618246844339330e-01,3.057114228566169822e-02
-3.067159577851579222e-01,-1.583934459151872115e-02
-4.320930248768917181e-01,-1.338210123830259335e-01
-4.799006510749797005e-01,-1.229432991069881465e-02
-4.799006510749797005e-01,-1.229432991069881465e-02
-4.779477554839920983e-01,3.773892528503403759e-02
-7.113526184786114204e-01,6.515888903276498278e-02
-6.096990209251815784e-01,1.001341442440095708e-02
-6.096990209251815784e-01,1.001341442440095708e-02
-5.486981049993345794e-01,1.853776531622761126e-03
-5.274974053593391998e-01,-4.915631005083222899e-02
-2.489339917939379365e-01,-8.989476674912127985e-02
-2.656614397280628870e-01,-2.086008373217681511e-01
-2.661267158528420329e-01,-1.045167318706803766e-01
-3.100931418035354770e-01,-1.824725086549162101e-01
-4.741081083376224026e-01,4.701723120973938519e-02
-3.710265902448298680e-01,2.819678075023416275e-01
-3.710265902448298680e-01,2.819678075023416275e-01
-3.710265902448298680e-01,2.819678075023416275e-01
-7.302372412116913125e-01,3.389718183935877538e-01
-7.302372412116913125e-01,3.389718183935877538e-01
-7.302372412116913125e-01,3.389718183935877538e-01
-7.083622905273941894e-01,3.431232467369611516e-01
-7.544343854251311932e-01,-1.226334155098751655e-02
-7.544343854251311932e-01,-1.226334155098751655e-02
-7.544343854251311932e-01,-1.226334155098751655e-02
-7.544343854251311932e-01,-1.226334155098751655e-02
-5.999619834971032795e-01,9.776294993072985606e-02
-5.999619834971032795e-01,9.776294993072985606e-02
-4.589602608902360603e-01,6.968767793975580438e-03
-4.589602608902360603e-01,6.968767793975580438e-03
-4.589602608902360603e-01,6.968767793975580438e-03
-4.589602608902360603e-01,6.968767793975580438e-03
-5.397435271168424809e-01,1.907877747841257854e-02
-6.630210815466405228e-01,6.178368298768457251e-02
-5.944217473094851600e-01,1.068392890264543288e-02
-5.944217473094851600e-01,1.068392890264543288e-02
-5.111673869124924163e-01,-2.145169111149590746e-01
-3.891502509941431875e-01,-2.336512623355338214e-01
-5.668496909840761155e-01,-2.348886698762715775e-01
-5.115668344481855145e-01,-1.644720119473115916e-01
-5.115668344481855145e-01,-1.644720119473115916e-01
-4.572234894996939913e-01,-1.006817288949017064e-01
-4.572234894996939913e-01,-1.006817288949017064e-01
-4.572234894996939913e-01,-1.006817288949017064e-01
-4.572234894996939913e-01,-1.006817288949017064e-01
-4.572234894996939913e-01,-1.006817288949017064e-01
-5.399516667765217326e-01,2.618711237692902816e-02
-5.399516667765217326e-01,2.618711237692902816e-02
-5.399516667765217326e-01,2.618711237692902816e-02
-5.816863068410784710e-01,6.627093384435392420e-02
-5.515054767717808559e-01,-3.066325423715446363e-02
-5.515054767717808559e-01,-3.066325423715446363e-02
-5.575437245166572353e-01,7.688264121022851671e-03
-6.120466160122369770e-01,-7.320937649873149322e-02
-5.034272304770553985e-01,-1.713847830086582813e-01
-4.244735020632021683e-01,-5.034223473165985729e-02
-4.315516136805618852e-01,-1.186712256279947447e-01
-4.390916801702547390e-01,-1.058757176302499853e-01
-6.322209791494594056e-01,-3.536547444979903920e-02
-6.322209791494594056e-01,-3.536547444979903920e-02
-6.322209791494594056e-01,-3.536547444979903920e-02
-6.322209791494594056e-01,-3.536547444979903920e-02
-7.024685451380457968e-01,-6.242449691197696215e-02
-7.024685451380457968e-01,-6.242449691197696215e-02
-5.837984695025794091e-01,-6.533264622149721756e-02
-7.123838572467423580e-01,-4.184792558341268731e-02
-7.123838572467423580e-01,-4.184792558341268731e-02
-4.135084224850288925e-01,2.794669484581258079e-02
-3.318039009882175483e-01,-4.338937381921488534e-02
-3.505146398300946209e-01,1.189582412831111796e-01
-5.000637096768401069e-01,2.223813963078856704e-01
-5.000637096768401069e-01,2.223813963078856704e-01
-4.917142802105165522e-01,3.396240168879707255e-01
-4.917142802105165522e-01,3.396240168879707255e-01
-6.064692850263873058e-01,3.091334925724007476e-01
-6.064692850263873058e-01,3.091334925724007476e-01
-4.555872902376662537e-01,3.098019333685528842e-01
-5.831648631979614583e-01,3.324501215347847038e-01
-6.627828873798030651e-01,2.822903081779909451e-01
-4.891833738057023151e-01,2.619741493711753022e-01
-4.891833738057023151e-01,2.619741493711753022e-01
-4.891833738057023151e-01,2.619741493711753022e-01
-6.574403034719075167e-01,1.192643146846600333e-01
-5.599960829060307566e-01,1.123139736333043370e-01
-6.237603079503080128e-01,-3.189787604057595094e-03
-6.237603079503080128e-01,-3.189787604057595094e-03
-6.686367563423741833e-01,-2.748135864356431035e-02
-5.090273243692553518e-01,-8.362455816285947752e-02
-5.090273243692553518e-01,-8.362455816285947752e-02
-5.180681225110257415e-01,4.677449893763689637e-02
-7.806161878454256353e-01,1.077674299227514287e-01
-7.806161878454256353e-01,1.077674299227514287e-01
-5.520818608520569049e-01,4.616654377143718929e-02
-5.520818608520569049e-01,4.616654377143718929e-02
-5.520818608520569049e-01,4.616654377143718929e-02
-7.286910056782198719e-01,1.032048133343083096e-01
-5.825546804283062707e-01,8.572849414970908077e-02
-5.233813427345164193e-01,7.689245515823957267e-02
-3.904895132818968495e-01,4.128540919742713922e-02
-4.198700775523301343e-01,4.980379073046908162e-02
-4.180009757651502178e-01,5.049161837853419904e-02
-6.033387660660307628e-01,1.140858864082754665e-01
-6.033387660660307628e-01,1.140858864082754665e-01
-6.033387660660307628e-01,1.140858864082754665e-01
-6.033387660660307628e-01,1.140858864082754665e-01
-6.033387660660307628e-01,1.140858864082754665e-01
-6.033387660660307628e-01,1.140858864082754665e-01
-7.104753869394228039e-01,1.521049497688899133e-02
-7.104753869394228039e-01,1.521049497688899133e-02
-5.390875046253313929e-01,-4.115327322880504152e-02
-5.390875046253313929e-01,-4.115327322880504152e-02
-5.390875046253313929e-01,-4.115327322880504152e-02
-4.084828687904524802e-01,-1.741873974995050353e-02
-6.068856702656796331e-01,-8.717829918481921625e-02
-6.575081424800279795e-01,-2.188739189300189514e-01
-6.575081424800279795e-01,-2.188739189300189514e-01
-7.509700174576128262e-01,-8.613583967399779384e-02
-7.509700174576128262e-01,-8.613583967399779384e-02
-7.509700174576128262e-01,-8.613583967399779384e-02
-7.509700174576128262e-01,-8.613583967399779384e-02
-7.509700174576128262e-01,-8.613583967399779384e-02
-7.509700174576128262e-01,-8.613583967399779384e-02
-7.509700174576128262e-01,-8.613583967399779384e-02
-7.593633076285415395e-01,-8.582392379755159062e-02
-8.249623148768395753e-01,-5.507176396676027874e-03
-8.249623148768395753e-01,-5.507176396676027874e-03
-6.291748682138078586e-01,-2.181861719849478021e-01
-6.291748682138078586e-01,-2.181861719849478021e-01
-4.258956901242995086e-01,-4.953993565002870469e-02
-5.194573602681539226e-01,-1.908138549673025763e-01
-5.194573602681539226e-01,-1.908138549673025763e-01
-5.194573602681539226e-01,-1.908138549673025763e-01
-5.347599040901471756e-01,-1.426493721698956496e-01
-5.347599040901471756e-01,-1.426493721698956496e-01
-5.347599040901471756e-01,-1.426493721698956496e-01
-4.475920753793140583e-01,-3.974437911786225797e-02
-4.475920753793140583e-01,-3.974437911786225797e-02
-6.254803932630167429e-01,-5.952528708834630561e-02
-6.254803932630167429e-01,-5.952528708834630561e-02
-6.254803932630167429e-01,-5.952528708834630561e-02
-6.254803932630167429e-01,-5.952528708834630561e-02
-6.254803932630167429e-01,-5.952528708834630561e-02
-6.254803932630167429e-01,-5.952528708834630561e-02
-5.201437820377015075e-01,-4.471544231078775078e-02
-3.863146196165201385e-01,-1.240403205062910880e-01
-3.863146196165201385e-01,-1.240403205062910880e-01
-3.771740321319168032e-01,-7.527086323957415948e-02
-3.771740321319168032e-01,-7.527086323957415948e-02
-3.771740321319168032e-01,-7.527086323957415948e-02
-4.288764778362996188e-01,3.094801346293590827e-02
-4.542443036922413913e-01,7.451413802458783930e-02
-4.542443036922413913e-01,7.451413802458783930e-02
-4.185290386282110031e-01,1.569387840471521689e-01
-4.732797476177794116e-01,2.155081451973978046e-02
-5.512946163353502627e-01,-5.674903344181414511e-03
-5.512946163353502627e-01,-5.674903344181414511e-03
-3.000214701833238684e-01,9.449993375644681615e-02
-4.966173993117621865e-01,3.127855325153640620e-01
-4.550678537758160447e-01,2.346754363306361446e-01
-4.550678537758160447e-01,2.346754363306361446e-01
-4.550678537758160447e-01,2.346754363306361446e-01
-5.373265907339543901e-01,1.153684755179974764e-01
-5.169052370113021988e-01,1.303092745681559417e-01
-5.169052370113021988e-01,1.303092745681559417e-01
-5.169052370113021988e-01,1.303092745681559417e-01
-5.169052370113021988e-01,1.303092745681559417e-01
-6.219632456433002998e-01,1.104178618512008658e-01
-6.219632456433002998e-01,1.104178618512008658e-01
-4.180023565722651435e-01,-6.854588121549876067e-03
-4.482451035419565688e-01,4.374536975416869894e-02
-4.989179498415830527e-01,8.079222053573865969e-02
-4.989179498415830527e-01,8.079222053573865969e-02
-5.536590800965828230e-01,-3.745232663979222720e-02
-5.100806472617769316e-01,4.629848659656700394e-02
-5.642518917515070287e-01,5.464418888465331220e-02
-5.250959941411212917e-01,-1.050123097761544444e-01
-5.250959941411212917e-01,-1.050123097761544444e-01
-3.786057976460577290e-01,3.754000849843547316e-02
-3.786057976460577290e-01,3.754000849843547316e-02
-4.462783947867597911e-01,-1.520072143330277181e-01
-7.473808921160218777e-01,-7.178030323534589918e-03
-7.473808921160218777e-01,-7.178030323534589918e-03
-6.343502517499283178e-01,-1.075185173705365121e-01
-6.343502517499283178e-01,-1.075185173705365121e-01
-6.343502517499283178e-01,-1.075185173705365121e-01
-6.343502517499283178e-01,-1.075185173705365121e-01
-6.864481640221322678e-01,-2.423815954977476261e-01
-6.864481640221322678e-01,-2.423815954977476261e-01
-5.741515767236091694e-01,-1.912728195609584569e-01
-6.912812242644651439e-01,-1.703115497305180137e-01
-6.912812242644651439e-01,-1.703115497305180137e-01
-6.912812242644651439e-01,-1.703115497305180137e-01
-5.508947243386554948e-01,2.846129757239523883e-02
-5.508947243386554948e-01,2.846129757239523883e-02
-5.508947243386554948e-01,2.846129757239523883e-02
-5.508947243386554948e-01,2.846129757239523883e-02
-3.627714894397671697e-01,6.829984630442716143e-02
-3.627714894397671697e-01,6.829984630442716143e-02
-3.581747036448635346e-01,3.624226422249507418e-02
-3.581747036448635346e-01,3.624226422249507418e-02
-5.357565413657457976e-01,-3.939083984274266426e-02
-5.357565413657457976e-01,-3.939083984274266426e-02
-6.520497535844201886e-01,-9.512447129850361283e-02
-7.269341267008506691e-01,-1.126903577114710120e-01
-4.941314736777739913e-01,-1.093907146119906526e-01
-4.941314736777739913e-01,-1.093907146119906526e-01
-4.942723109549046479e-01,-5.263041510841530435e-02
-5.923176705474615389e-01,-1.251113653228058675e-01
-7.105982254593833369e-01,-6.045847262782447218e-02
-6.766093963884719509e-01,-1.390681781332702704e-01
-6.793565073061537118e-01,-9.746491364340828523e-02
-5.724469400327125701e-01,-9.299873748218565050e-02
-5.724469400327125701e-01,-9.299873748218565050e-02
-6.363106330883916417e-01,-5.652036578844683162e-02
-6.363106330883916417e-01,-5.652036578844683162e-02
-6.363106330883916417e-01,-5.652036578844683162e-02
-6.363106330883916417e-01,-5.652036578844683162e-02
-7.536275903109618257e-01,9.029505106367560763e-02
-6.975360174372623456e-01,5.986628882801825480e-02
-6.975360174372623456e-01,5.986628882801825480e-02
-6.975360174372623456e-01,5.986628882801825480e-02
-6.975360174372623456e-01,5.986628882801825480e-02
-7.444367843549050123e-01,-2.434048820999347440e-02
-6.332895412934481660e-01,-2.519681994603041597e-03
-4.694927331576742580e-01,1.760945169223914614e-02
-4.694927331576742580e-01,1.760945169223914614e-02
-4.694927331576742580e-01,1.760945169223914614e-02
-6.873576267480712154e-01,2.773937291140409281e-03
-6.873576267480712154e-01,2.773937291140409281e-03
-6.873576267480712154e-01,2.773937291140409281e-03
-6.873576267480712154e-01,2.773937291140409281e-03
-7.813385874264417996e-01,1.537036316679596913e-02
-8.093959835688442350e-01,-5.333176590049756166e-02
-7.035799575473871137e-01,-1.989488601594368300e-01
-7.931611851550347536e-01,5.018222204520861318e-04
-7.931611851550347536e-01,5.018222204520861318e-04
-7.480853998301135732e-01,-9.902296788903142133e-02
-6.644273513085576788e-01,1.957760563913081286e-01
-6.644273513085576788e-01,1.957760563913081286e-01
-6.644273513085576788e-01,1.957760563913081286e-01
-6.644273513085576788e-01,1.957760563913081286e-01
-4.276938285425280761e-01,1.620892867753503941e-01
-3.060447324658958079e-01,1.086233963862849594e-01
-3.306597743272262080e-01,-6.353778540952087495e-02
-5.346823926653920811e-01,6.865340196003913431e-02
-7.079844840688092056e-01,-5.055232511608254153e-02
-6.104800376223624703e-01,1.126783966097989476e-01
-5.484282261709325645e-01,-5.588762959367976624e-02
-5.484282261709325645e-01,-5.588762959367976624e-02
-5.484282261709325645e-01,-5.588762959367976624e-02
-3.988507483049066327e-01,9.816719703751611292e-02
-3.988507483049066327e-01,9.816719703751611292e-02
-4.675880130824782710e-01,7.025799578376067112e-02
-6.697664747530147622e-01,4.621222000997467216e-02
-4.165773299962952092e-01,8.783113611381791752e-02
-4.975378964265863013e-01,1.241778260461772476e-01
-4.975378964265863013e-01,1.241778260461772476e-01
-4.975378964265863013e-01,1.241778260461772476e-01
-8.121770202198751454e-01,7.833618081462315197e-02
-8.121770202198751454e-01,7.833618081462315197e-02
-8.121770202198751454e-01,7.833618081462315197e-02
-8.121770202198751454e-01,7.833618081462315197e-02
-8.121770202198751454e-01,7.833618081462315197e-02
-8.121770202198751454e-01,7.833618081462315197e-02
-8.121770202198751454e-01,7.833618081462315197e-02
-8.121770202198751454e-01,7.833618081462315197e-02
-8.343637039524136600e-01,1.591492437053054071e-02
-8.343637039524136600e-01,1.591492437053054071e-02
-6.633785862670442679e-01,-2.920054119793923098e-03
-7.002343003495223872e-01,1.194917525633688686e-03
-7.082135730418768205e-01,5.052148932402655140e-02
-7.082135730418768205e-01,5.052148932402655140e-02
-7.082135730418768205e-01,5.052148932402655140e-02
-7.082135730418768205e-01,5.052148932402655140e-02
-4.892552989582049650e-01,5.284318882296347442e-02
-5.530416012886446575e-01,9.245341265925560714e-02
-5.530416012886446575e-01,9.245341265925560714e-02
-5.704919244406668755e-01,-9.935231755101076034e-02
-6.706379317257912254e-01,-3.798106147988705716e-02
-5.620137743638788930e-01,-1.137797650471660815e-01
-5.620137743638788930e-01,-1.137797650471660815e-01
-5.620137743638788930e-01,-1.137797650471660815e-01
-6.236381728542794711e-01,-1.365631170268279404e-01
-6.340138946837359235e-01,-6.419148794491413845e-02
-6.711570904666697146e-01,7.942227725210937450e-02
-6.711570904666697146e-01,7.942227725210937450e-02
-6.711570904666697146e-01,7.942227725210937450e-02
-6.711570904666697146e-01,7.942227725210937450e-02
-6.690962363964643167e-01,1.060358689541366917e-01
-7.214453999662598926e-01,6.939993316918034727e-02
-7.214453999662598926e-01,6.939993316918034727e-02
-7.214453999662598926e-01,6.939993316918034727e-02
-4.322378354599256678e-01,-1.274728180345131856e-02
-4.961334987882940473e-01,5.184597546480058244e-03
-4.961334987882940473e-01,5.184597546480058244e-03
-4.961334987882940473e-01,5.184597546480058244e-03
-4.142848984118341349e-01,1.156068902392503803e-02
-4.859814787846444828e-01,9.336339698747754892e-03
-5.662718555792204400e-01,-7.483122570916591818e-03
-6.566645997007645175e-01,-1.552202148945826810e-01
-6.566645997007645175e-01,-1.552202148945826810e-01
-6.566645997007645175e-01,-1.552202148945826810e-01
-6.566645997007645175e-01,-1.552202148945826810e-01
-6.421504630587474560e-01,-2.754280169230194364e-02
-6.421504630587474560e-01,-2.754280169230194364e-02
-6.421504630587474560e-01,-2.754280169230194364e-02
-6.003059705926379053e-01,-1.030635951182004434e-01
-6.003059705926379053e-01,-1.030635951182004434e-01
-6.003059705926379053e-01,-1.030635951182004434e-01
-6.003059705926379053e-01,-1.030635951182004434e-01
-6.003059705926379053e-01,-1.030635951182004434e-01
-4.839510413717221793e-01,-1.392225769983590489e-02
-5.293177089009496461e-01,1.349081497116649125e-02
-6.050937756241392407e-01,-1.133651032092170552e-01
-6.050937756241392407e-01,-1.133651032092170552e-01
-6.050937756241392407e-01,-1.133651032092170552e-01
-4.728607063704298175e-01,-2.811489600984639070e-01
-5.167975248174069280e-01,-3.052801905590322162e-01
-3.527078576596228698e-01,-1.589475695160975921e-01
-5.072258291069750014e-01,-1.159077267607771244e-01
-6.504526172104904136e-01,-1.739696928118987518e-02
-6.504526172104904136e-01,-1.739696928118987518e-02
-5.224859356459088389e-01,3.443897667092728210e-02
-5.224859356459088389e-01,3.443897667092728210e-02
-5.224859356459088389e-01,3.443897667092728210e-02
-4.781031634470538916e-01,-7.895134953026225477e-02
-4.396861879283066599e-01,2.408165845641545288e-02
-4.396861879283066599e-01,2.408165845641545288e-02
-4.623579642997016625e-01,9.479182356751046645e-02
-4.623579642997016625e-01,9.479182356751046645e-02
-4.623579642997016625e-01,9.479182356751046645e-02
-4.043271909004505504e-01,3.820647150704466199e-02
-4.890675634706411201e-01,-7.960453403933667738e-02
-5.279681530501884046e-01,-1.511389399768441888e-01
-4.710191892816659731e-01,-1.540343742882331335e-01
-4.710191892816659731e-01,-1.540343742882331335e-01
-4.695201577831821793e-01,-3.625059507066893949e-02
-4.695201577831821793e-01,-3.625059507066893949e-02
-6.531278723936679853e-01,-2.310426389888255161e-01
-6.531278723936679853e-01,-2.310426389888255161e-01
-6.248116691113200227e-01,9.729339182392385266e-02
-6.248116691113200227e-01,9.729339182392385266e-02
-6.248116691113200227e-01,9.729339182392385266e-02
-6.248116691113200227e-01,9.729339182392385266e-02
-6.718677316466310501e-01,2.441747209734717594e-01
-6.718677316466310501e-01,2.441747209734717594e-01
-7.981338580125958426e-01,7.884365579677521385e-02
-5.499322480099749777e-01,8.448119103663118135e-02
-7.042310219980586483e-01,8.071661311164746166e-02
-7.042310219980586483e-01,8.071661311164746166e-02
-6.261228101797519097e-01,-2.914951717384361984e-02
-6.261228101797519097e-01,-2.914951717384361984e-02
-6.261228101797519097e-01,-2.914951717384361984e-02
-6.261228101797519097e-01,-2.914951717384361984e-02
-6.261228101797519097e-01,-2.914951717384361984e-02
-6.261228101797519097e-01,-2.914951717384361984e-02
-6.976588276774400299e-01,-5.065530969743225337e-03
-7.188657554816489936e-01,3.976386432905250345e-02
-6.677255945047906316e-01,-4.820260825422612028e-03
-6.677255945047906316e-01,-4.820260825422612028e-03
-6.404349430023678069e-01,-7.493836257919443689e-02
-6.404349430023678069e-01,-7.493836257919443689e-02
-6.976657772060838036e-01,-2.013480340087691473e-02
-6.094793081658463896e-01,1.272775902220688315e-01
-6.853582698224521819e-01,5.924088707950708743e-02
-6.853582698224521819e-01,5.924088707950708743e-02
-8.257686934713026616e-01,2.341188527839088429e-01
-7.150908646616829234e-01,1.841014561404661076e-01
-7.264015583260156061e-01,3.602102305928331361e-02
-8.060848999059044839e-01,5.346202507154602240e-02
-8.060848999059044839e-01,5.346202507154602240e-02
-8.060848999059044839e-01,5.346202507154602240e-02
-4.366286023810080907e-01,-1.767225894688577159e-01
-3.563238682898557941e-01,3.124493019805030247e-02
-3.563238682898557941e-01,3.124493019805030247e-02
-4.561330418312060098e-01,-4.487687347165385254e-02
-4.561330418312060098e-01,-4.487687347165385254e-02
-6.330086182288372498e-01,-9.578009648823128386e-02
-7.985053657610711175e-01,1.756120656476162223e-02
-7.985053657610711175e-01,1.756120656476162223e-02
-7.985053657610711175e-01,1.756120656476162223e-02
-7.985053657610711175e-01,1.756120656476162223e-02
-7.985053657610711175e-01,1.756120656476162223e-02
-8.143802310348137175e-01,1.592235745082360432e-01
-8.143802310348137175e-01,1.592235745082360432e-01
-8.509798495014043729e-01,2.129670336999154034e-01
-8.765013381833554051e-01,1.045101024374452264e-01
-6.932052199092336719e-01,7.605476536869303084e-02
-5.838853415900830957e-01,1.192512096731659366e-01
-7.478386554457671087e-01,5.173568938355412039e-02
-7.747246472391690064e-01,2.069242949125264103e-02
-6.458872868352611984e-01,2.870238137278822294e-02
-6.458872868352611984e-01,2.870238137278822294e-02
-6.458872868352611984e-01,2.870238137278822294e-02
-5.571162911771624371e-01,-2.508524287639572747e-02
-3.215956459733365080e-01,-1.938157929804219526e-01
-3.747387650491865729e-01,-5.118963302335139964e-01
-6.312814590529367553e-01,-4.369360145596803968e-01
-6.893262548921686994e-01,-1.634202840859913519e-01
-6.893262548921686994e-01,-1.634202840859913519e-01
-6.456067599154239334e-01,-1.837032915855089099e-01
-6.823943405030096221e-01,-8.277776027017212657e-02
-3.969402478998314554e-01,-1.904133481248564408e-01
-5.865654300066287519e-01,-2.175089579392149863e-01
-5.865654300066287519e-01,-2.175089579392149863e-01
-6.034690365378191368e-01,-2.685039172577534661e-01
-5.961912555994176577e-01,-2.017923527734419298e-01
-6.034167233723836121e-01,-5.581330122285918516e-02
-5.855429839419825644e-01,8.342491498022416851e-02
-7.244652858581250854e-01,-9.768103195498634150e-02
-5.880531195791858234e-01,8.720695919166088217e-02
-5.684411139717922001e-01,2.021674431333733701e-01
-4.635760074807553921e-01,5.693232770198139447e-02
-5.056975904804814625e-01,-1.357741040708447533e-02
-7.483600866091821846e-01,-2.235233695705431956e-01
-6.762283747151465185e-01,-2.366617121594370710e-01
-4.834524475550303624e-01,-5.978490049118104221e-02
-4.834524475550303624e-01,-5.978490049118104221e-02
-5.540418040500604269e-01,-2.026476170721165093e-01
-5.540418040500604269e-01,-2.026476170721165093e-01
-5.540418040500604269e-01,-2.026476170721165093e-01
-6.799596094787556666e-01,-9.596169981885045719e-02
-6.227514991131285482e-01,-1.204842791708000127e-01
-5.469597135078277939e-01,9.961788900142368175e-02
-4.247955675128443076e-01,2.480920550947950109e-02
-4.247955675128443076e-01,2.480920550947950109e-02
-6.163219124497365531e-01,-8.151301468699949371e-02
-6.218896694734150632e-01,-5.442306584134316838e-02
-6.305432127463119762e-01,9.213101562770088793e-02
-7.820751185093928193e-01,-6.472133619597254806e-02
-6.108048196980109257e-01,-1.963533716111700578e-01
-6.108048196980109257e-01,-1.963533716111700578e-01
-6.108048196980109257e-01,-1.963533716111700578e-01
-6.108048196980109257e-01,-1.963533716111700578e-01
-7.017599361676767344e-01,-1.460922766769337244e-01
-7.017599361676767344e-01,-1.460922766769337244e-01
-8.884952545643473032e-01,4.780309827887954666e-02
-8.884952545643473032e-01,4.780309827887954666e-02
-8.884952545643473032e-01,4.780309827887954666e-02
-9.156803939446158669e-01,2.716577014341602092e-02
-9.156803939446158669e-01,2.716577014341602092e-02
-7.944458184327390926e-01,1.500805489761503075e-03
-8.127791489565470151e-01,-4.752614795851544532e-02
-7.676977115689497255e-01,1.581438767887013430e-01
-5.060422750776097933e-01,1.980409833060052249e-01
-5.397114055388461118e-01,1.272273371363714933e-01
-5.397114055388461118e-01,1.272273371363714933e-01
-3.956427521831520355e-01,1.519453840987641802e-01
-4.362619288162568609e-01,2.506577777465679446e-01
-5.767923145055304790e-01,2.183211807706274543e-01
-5.767923145055304790e-01,2.183211807706274543e-01
-5.767923145055304790e-01,2.183211807706274543e-01
-3.977948313425611060e-01,2.236084633374895436e-01
-4.481129611596496587e-01,1.652943658570023289e-01
-4.481129611596496587e-01,1.652943658570023289e-01
-4.601984840035299174e-01,2.102482668198613069e-02
-4.831441754878251227e-01,-1.420254252166803233e-01
-4.735478938234614632e-01,-1.814445952401085860e-01
-4.806810502161420473e-01,-1.670368033629145155e-01
-4.806810502161420473e-01,-1.670368033629145155e-01
-3.728128017650675918e-01,-1.722674779231264386e-01
-5.580337896256017949e-01,5.034520270655667984e-02
-4.936508672064945369e-01,7.107378351388006499e-03
-5.166752909297978036e-01,1.938894742139091187e-01
-5.166752909297978036e-01,1.938894742139091187e-01
-5.346418753851235328e-01,2.074328323839930710e-01
-4.778105899565728842e-01,2.825142035704489296e-01
-4.778105899565728842e-01,2.825142035704489296e-01
-4.778105899565728842e-01,2.825142035704489296e-01
-4.778105899565728842e-01,2.825142035704489296e-01
-5.940424704246505261e-01,2.282447525443409564e-01
-4.736322834869586273e-01,2.062622932221063188e-01
-4.736322834869586273e-01,2.062622932221063188e-01
-6.820977220910315886e-01,2.095323492981821800e-01
-6.820977220910315886e-01,2.095323492981821800e-01
-4.339446928238931411e-01,-3.991982612482194992e-02
-4.209924469521666435e-01,1.079530644822881968e-02
-4.513330264668619085e-01,2.517638412646285365e-02
-4.288205894683699282e-01,2.938699814809049918e-02
-5.900572337436974513e-01,-1.415687810576514716e-01
-5.900572337436974513e-01,-1.415687810576514716e-01
-5.900572337436974513e-01,-1.415687810576514716e-01
-5.900572337436974513e-01,-1.415687810576514716e-01
-5.900572337436974513e-01,-1.415687810576514716e-01
-5.900572337436974513e-01,-1.415687810576514716e-01
-5.900572337436974513e-01,-1.415687810576514716e-01
-5.900572337436974513e-01,-1.415687810576514716e-01
-5.721877879995879157e-01,2.846834360431610422e-02
-5.721877879995879157e-01,2.846834360431610422e-02
-5.721877879995879157e-01,2.846834360431610422e-02
-4.396803728412008172e-01,-1.256335449214555922e-02
-4.396803728412008172e-01,-1.256335449214555922e-02
-4.396803728412008172e-01,-1.256335449214555922e-02
-4.396803728412008172e-01,-1.256335449214555922e-02
-5.107485307338002212e-01,1.261198634708574629e-01
-9.345181248796107232e-01,-1.755927937998316701e-02
-9.194237972564380801e-01,-7.496035068981493979e-03
-9.194237972564380801e-01,-7.496035068981493979e-03
-9.194237972564380801e-01,-7.496035068981493979e-03
-9.194237972564380801e-01,-7.496035068981493979e-03
-7.980139667812756743e-01,-2.771862989220696960e-02
-6.445859814841807811e-01,-1.782855560697328146e-01
-7.101263419035948044e-01,-2.064396171294758664e-01
-3.370621018701300819e-01,-5.876258350187973933e-02
-4.914897074734769777e-01,1.355292108741844026e-01
-4.914897074734769777e-01,1.355292108741844026e-01
-3.850438481192532403e-01,9.382431424889681182e-02
-3.850438481192532403e-01,9.382431424889681182e-02
-4.797816791591826280e-01,-4.065938658830220431e-02
-5.074598143996971178e-01,-1.249793623309826962e-01
-5.427850207248070546e-01,7.388788942206142574e-02
-6.364213218706527009e-01,8.929204238516011416e-02
-6.319151747588515056e-01,-9.303307219145989793e-02
-6.319151747588515056e-01,-9.303307219145989793e-02
-6.319151747588515056e-01,-9.303307219145989793e-02
-6.714494794304541880e-01,1.367310756869222210e-02
-6.714494794304541880e-01,1.367310756869222210e-02
-9.103887278191885590e-01,1.025704830867016359e-01
-9.103887278191885590e-01,1.025704830867016359e-01
-8.788318655477987962e-01,3.570724171837183492e-02
-7.980137153031287012e-01,-7.757075685635626827e-02
-6.159203654157209273e-01,-1.117577868692863630e-01
-6.151495373194854066e-01,1.013908787802038081e-01
-6.151495373194854066e-01,1.013908787802038081e-01
-5.908939181748649183e-01,4.018403489373428839e-02
-6.284652280459950280e-01,1.529860193507692062e-02
-6.284652280459950280e-01,1.529860193507692062e-02
-6.589080941655398593e-01,-1.421271844940718287e-01
-8.962398241770094254e-01,1.105475858691618019e-02
-7.901740996686713592e-01,-6.523519633790599015e-02
-6.631591671703385149e-01,-1.232044499509415414e-01
-6.631591671703385149e-01,-1.232044499509415414e-01
-6.631591671703385149e-01,-1.232044499509415414e-01
-6.631591671703385149e-01,-1.232044499509415414e-01
-6.631591671703385149e-01,-1.232044499509415414e-01
-6.654389587926284877e-01,-9.579299362997331646e-02
-5.880383989709330184e-01,-1.007932080235291461e-01
-5.487823979523571705e-01,-1.429838763516295130e-01
-6.448272366802887401e-01,1.719963491936137845e-01
-6.448272366802887401e-01,1.719963491936137845e-01
-6.448272366802887401e-01,1.719963491936137845e-01
-4.698284999139943352e-01,1.339248583129674375e-01
-4.465230947098893788e-01,-1.055211299903481281e-01
-4.465230947098893788e-01,-1.055211299903481281e-01
-5.751248989481740903e-01,-1.333078962500475195e-02
-5.751248989481740903e-01,-1.333078962500475195e-02
-6.677311722472430988e-01,-5.470060201484709672e-02
-6.677311722472430988e-01,-5.470060201484709672e-02
-7.496718122666287121e-01,-2.163495776143341959e-02
-7.013537516719452469e-01,2.540898619046787210e-02
-7.167118103617399205e-01,-3.959585835511712781e-02
-7.167118103617399205e-01,-3.959585835511712781e-02
-7.167118103617399205e-01,-3.959585835511712781e-02
-7.167118103617399205e-01,-3.959585835511712781e-02
-6.790527693033232559e-01,-1.857864623133211324e-01
-8.127728958243308766e-01,-1.974855775463265628e-01
-8.127728958243308766e-01,-1.974855775463265628e-01
-7.898934428849531120e-01,-2.247559934961307349e-02
-7.707093785788894369e-01,-4.474746444432156633e-02
-7.707093785788894369e-01,-4.474746444432156633e-02
-7.126224305242895296e-01,-2.183669195106710259e-01
-7.011141394645726832e-01,-1.962996069352075101e-01
-7.011141394645726832e-01,-1.962996069352075101e-01
-4.724298551864314355e-01,-2.194765999691294101e-01
-4.474853675740197434e-01,-1.931986072593646075e-01
-6.356374979599499486e-01,-9.490429839310576821e-02
-6.356374979599499486e-01,-9.490429839310576821e-02
-6.354005824070642072e-01,-1.155363002105445625e-01
-6.354005824070642072e-01,-1.155363002105445625e-01
-6.354005824070642072e-01,-1.155363002105445625e-01
-6.354005824070642072e-01,-1.155363002105445625e-01
-6.354005824070642072e-01,-1.155363002105445625e-01
-6.466244762079331743e-01,-1.425979579741443737e-01
-6.794267681165637729e-01,8.277905288603734646e-02
-7.152889674786253593e-01,-8.914702620701278613e-02
-8.763408491229642827e-01,1.212046010105440885e-01
-8.032606148059665552e-01,5.825994063643764875e-02
-8.032606148059665552e-01,5.825994063643764875e-02
-8.032606148059665552e-01,5.825994063643764875e-02
-8.484955932529392175e-01,9.418840946291284766e-02
-8.484955932529392175e-01,9.418840946291284766e-02
-8.941295612440730567e-01,1.095730541289835630e-01
-8.941295612440730567e-01,1.095730541289835630e-01
-6.261275676817781299e-01,3.438254217115547240e-01
-6.261275676817781299e-01,3.438254217115547240e-01
-7.689661827455466225e-01,1.875354093679579559e-01
-7.000741552037483828e-01,-3.681956234941219375e-03
-7.000741552037483828e-01,-3.681956234941219375e-03
-7.000741552037483828e-01,-3.681956234941219375e-03
-5.875543332147965536e-01,7.607754357481572027e-02
-5.875543332147965536e-01,7.607754357481572027e-02
-5.875543332147965536e-01,7.607754357481572027e-02
-5.875543332147965536e-01,7.607754357481572027e-02
-5.875543332147965536e-01,7.607754357481572027e-02
-6.471770429977714567e-01,1.951166763645550972e-01
-6.471770429977714567e-01,1.951166763645550972e-01
-6.471770429977714567e-01,1.951166763645550972e-01
-6.671478050400594384e-01,5.749019676570948922e-02
-6.671478050400594384e-01,5.749019676570948922e-02
-6.671478050400594384e-01,5.749019676570948922e-02
-4.563899678056627662e-01,-5.431247439974756785e-02
-5.212133117463345622e-01,-6.505751636721493480e-02
-4.904765432246658285e-01,-6.694902568569902068e-03
-4.904765432246658285e-01,-6.694902568569902068e-03
-5.898093965498465430e-01,-5.122247324537702873e-02
-5.898093965498465430e-01,-5.122247324537702873e-02
-5.781958855921210949e-01,-1.927412245173170113e-01
-5.938975180587647840e-01,-2.100809856025857292e-01
-9.252900049762965429e-01,-1.618841775996590071e-01
-8.146024464055329206e-01,-2.517121109011685176e-01
-9.722680439593259782e-01,-1.312454819830512487e-01
-8.453638820968716328e-01,-1.732759165592328565e-01
-8.976387926330311462e-01,-2.230952615699472175e-01
-8.401529961840150662e-01,-1.702301980908478840e-01
-8.401529961840150662e-01,-1.702301980908478840e-01
-7.066741096376110143e-01,-2.605238038284630187e-01
-7.066741096376110143e-01,-2.605238038284630187e-01
-6.565144833508083089e-01,-1.884723568259781268e-01
-6.565144833508083089e-01,-1.884723568259781268e-01
-5.640629761944380149e-01,2.395895912420431539e-02
-5.640629761944380149e-01,2.395895912420431539e-02
-5.226162963482273716e-01,-1.096845909331921332e-01
-5.226162963482273716e-01,-1.096845909331921332e-01
-5.226162963482273716e-01,-1.096845909331921332e-01
-5.226162963482273716e-01,-1.096845909331921332e-01
-6.176956994968898496e-01,5.328740349184885039e-02
-6.176956994968898496e-01,5.328740349184885039e-02
-6.176956994968898496e-01,5.328740349184885039e-02
-6.176956994968898496e-01,5.328740349184885039e-02
-6.034630712158658428e-01,1.278231578233441912e-01
-6.034630712158658428e-01,1.278231578233441912e-01
-6.034630712158658428e-01,1.278231578233441912e-01
-6.034630712158658428e-01,1.278231578233441912e-01
-4.606739443440857062e-01,1.725414752239661231e-01
-4.606739443440857062e-01,1.725414752239661231e-01
-4.606739443440857062e-01,1.725414752239661231e-01
-3.993144586776591898e-01,-9.946766209025087457e-02
-3.993144586776591898e-01,-9.946766209025087457e-02
-4.253722263219804067e-01,-9.358462172983375571e-03
-5.168155007130413869e-01,-2.172621359932232488e-01
-4.520858053385763409e-01,5.521088595028478263e-03
-4.520858053385763409e-01,5.521088595028478263e-03
-4.520858053385763409e-01,5.521088595028478263e-03
-5.732308537949861726e-01,-5.080574423054878136e-02
-5.167425591909129423e-01,-2.148417875598295779e-01
-5.167425591909129423e-01,-2.148417875598295779e-01
-7.348268136606922463e-01,-1.634260067156348417e-01
-7.348268136606922463e-01,-1.634260067156348417e-01
-6.762103435317003974e-01,5.558366701277500654e-02
-6.762103435317003974e-01,5.558366701277500654e-02
-6.762103435317003974e-01,5.558366701277500654e-02
-5.695953199509017351e-01,7.583200999471415016e-02
-5.695953199509017351e-01,7.583200999471415016e-02
-4.122001386383901123e-01,1.681820712075836888e-01
-4.122001386383901123e-01,1.681820712075836888e-01
-3.646152077208866249e-01,5.039486414661092928e-03
-6.637591573132364253e-01,1.524670071763144785e-01
-5.592863481444739771e-01,2.110932500231590958e-01
-4.879360197257026632e-01,2.293326300476209167e-01
-4.879360197257026632e-01,2.293326300476209167e-01
-4.879360197257026632e-01,2.293326300476209167e-01
-4.879360197257026632e-01,2.293326300476209167e-01
-4.879360197257026632e-01,2.293326300476209167e-01
-6.132319926434779411e-01,1.256504219607235129e-01
-6.132319926434779411e-01,1.256504219607235129e-01
-6.262997452626096750e-01,1.201019706304577578e-01
-4.842112182900032424e-01,-8.470898164211052017e-03
-4.842112182900032424e-01,-8.470898164211052017e-03
-4.842112182900032424e-01,-8.470898164211052017e-03
-4.842112182900032424e-01,-8.470898164211052017e-03
-4.842112182900032424e-01,-8.470898164211052017e-03
-4.842112182900032424e-01,-8.470898164211052017e-03
-4.842112182900032424e-01,-8.470898164211052017e-03
-4.842112182900032424e-01,-8.470898164211052017e-03
-4.666344786290365088e-01,5.977816250909655238e-02
-4.666344786290365088e-01,5.977816250909655238e-02
-7.160334776782935062e-01,1.981160754493823534e-02
-7.160334776782935062e-01,1.981160754493823534e-02
-7.160334776782935062e-01,1.981160754493823534e-02
-6.196806436441109067e-01,2.592029746413146984e-01
-7.458693700712708541e-01,6.689131263114028725e-02
-7.427313651696106911e-01,-7.675308486618900861e-02
-7.427313651696106911e-01,-7.675308486618900861e-02
-7.427313651696106911e-01,-7.675308486618900861e-02
-7.427313651696106911e-01,-7.675308486618900861e-02
-7.427313651696106911e-01,-7.675308486618900861e-02
-6.935955041764375606e-01,-2.391053035242513836e-01
-7.172228673607345950e-01,-1.036674560476750495e-01
-7.172228673607345950e-01,-1.036674560476750495e-01
-8.408334388085203503e-01,-1.337553601215616395e-01
-5.383848903892984872e-01,2.320567702362298923e-01
-6.575030352488021590e-01,9.561339705606894390e-02
-7.614065994193919273e-01,3.171163031159782153e-02
-7.614065994193919273e-01,3.171163031159782153e-02
-7.614065994193919273e-01,3.171163031159782153e-02
-7.943701857597974536e-01,6.626836992418427830e-02
-7.943701857597974536e-01,6.626836992418427830e-02
-8.307233137238135834e-01,1.031371803136678367e-01
-8.307233137238135834e-01,1.031371803136678367e-01
-8.307233137238135834e-01,1.031371803136678367e-01
-7.364779395482438096e-01,-6.107263055208017599e-02
-7.171030212742436349e-01,1.497336597140107584e-01
-7.171030212742436349e-01,1.497336597140107584e-01
-7.171030212742436349e-01,1.497336597140107584e-01
-7.171030212742436349e-01,1.497336597140107584e-01
-7.171030212742436349e-01,1.497336597140107584e-01
-4.394790437877830191e-01,5.377626101893694111e-02
-4.394790437877830191e-01,5.377626101893694111e-02
-5.797096264675425381e-01,1.703285711858989471e-01
-5.998620594081868207e-01,1.104689243853541059e-01
-5.998620594081868207e-01,1.104689243853541059e-01
-5.998620594081868207e-01,1.104689243853541059e-01
-5.998620594081868207e-01,1.104689243853541059e-01
-5.998620594081868207e-01,1.104689243853541059e-01
-5.998620594081868207e-01,1.104689243853541059e-01
-5.755479565665904129e-01,-5.082765700579602863e-02
-5.755479565665904129e-01,-5.082765700579602863e-02
-5.755479565665904129e-01,-5.082765700579602863e-02
-4.940990300225072684e-01,9.562547513392188892e-02
-4.940990300225072684e-01,9.562547513392188892e-02
-4.991914953376537789e-01,1.019038753293717847e-01
-4.508349627249910174e-01,-8.107548635710654095e-02
-4.508349627249910174e-01,-8.107548635710654095e-02
-4.508349627249910174e-01,-8.107548635710654095e-02
-4.508349627249910174e-01,-8.107548635710654095e-02
-4.508349627249910174e-01,-8.107548635710654095e-02
-3.857993355337624442e-01,2.528319187814978553e-02
-4.098204743537485761e-01,4.967732514308301206e-02
-4.098204743537485761e-01,4.967732514308301206e-02
-4.098204743537485761e-01,4.967732514308301206e-02
-5.974122373462984470e-01,1.808474791774252466e-01
-5.297212932548702735e-01,-6.483380021581086616e-02
-5.297212932548702735e-01,-6.483380021581086616e-02
-6.341512383846700240e-01,9.414306074053191420e-03
-6.341512383846700240e-01,9.414306074053191420e-03
-7.613590515103239031e-01,5.152539935591764902e-02
-7.613590515103239031e-01,5.152539935591764902e-02
-6.562250929370303520e-01,1.411340270033445143e-01
-6.562250929370303520e-01,1.411340270033445143e-01
-6.562250929370303520e-01,1.411340270033445143e-01
-6.562250929370303520e-01,1.411340270033445143e-01
-6.562250929370303520e-01,1.411340270033445143e-01
-6.562250929370303520e-01,1.411340270033445143e-01
-6.562250929370303520e-01,1.411340270033445143e-01
-6.562250929370303520e-01,1.411340270033445143e-01
-5.435155899411345803e-01,1.858802644697237216e-01
-8.128447766055417745e-01,1.127147410723343818e-01
-7.712911483810491742e-01,-3.697421480070388344e-02
-7.960149938858889218e-01,-3.245392046719974138e-02
-7.960149938858889218e-01,-3.245392046719974138e-02
-8.449697658035975056e-01,-7.028354739102186943e-02
-7.455368095896744984e-01,6.459892140163349394e-02
-8.043995150674927430e-01,1.206666062231111225e-01
-6.868234375393026392e-01,1.186487511571628073e-02
-4.941621348965993255e-01,1.004709352454965093e-01
-4.941621348965993255e-01,1.004709352454965093e-01
-4.941621348965993255e-01,1.004709352454965093e-01
-4.245586675162409951e-01,7.971589686290353471e-02
-6.949152813666176209e-01,-1.737631147792488562e-02
-6.949152813666176209e-01,-1.737631147792488562e-02
-7.725016310092903682e-01,1.070629759543056947e-01
-5.587737090137131490e-01,8.118684187205917058e-02
-5.587737090137131490e-01,8.118684187205917058e-02
-4.906345763840258001e-01,1.981528852407636598e-01
-5.176928076213702656e-01,-4.817841985841170294e-02
-5.176928076213702656e-01,-4.817841985841170294e-02
-5.176928076213702656e-01,-4.817841985841170294e-02
-5.176928076213702656e-01,-4.817841985841170294e-02
-5.055379157801489498e-01,-5.094487684015368278e-02
-4.882195111295286050e-01,-8.920096514148295741e-02
-3.791259165734768288e-01,-7.017890012577400471e-02
-3.659105059410128757e-01,-1.134703137613386065e-02
-3.659105059410128757e-01,-1.134703137613386065e-02
-3.858525887454416492e-01,-1.734949732157361757e-01
-3.858525887454416492e-01,-1.734949732157361757e-01
-4.812808541275615526e-01,-1.636118513979789024e-01
-4.812808541275615526e-01,-1.636118513979789024e-01
-6.222329436561737648e-01,-2.334704928917430977e-01
-6.222329436561737648e-01,-2.334704928917430977e-01
-7.110408723370322814e-01,-7.099614395324130300e-02
-6.447738600596404357e-01,-1.442073422668930793e-01
-6.447738600596404357e-01,-1.442073422668930793e-01
-6.447738600596404357e-01,-1.442073422668930793e-01
-6.447738600596404357e-01,-1.442073422668930793e-01
-7.448804500052407240e-01,-9.402895204345124158e-02
-9.966974408914639483e-01,4.057863576790377014e-02
-9.966974408914639483e-01,4.057863576790377014e-02
-9.966974408914639483e-01,4.057863576790377014e-02
-9.919559382840489326e-01,1.252898371834549607e-01
-7.752319688844453438e-01,2.680857371888284435e-01
-7.752319688844453438e-01,2.680857371888284435e-01
-5.351898701373072331e-01,1.304163946288292575e-01
-5.178608487066761468e-01,-1.189389246631465946e-01
-5.698231322780482611e-01,-9.210587472690263955e-02
-5.698231322780482611e-01,-9.210587472690263955e-02
-5.698231322780482611e-01,-9.210587472690263955e-02
-5.698231322780482611e-01,-9.210587472690263955e-02
-6.362055195063909263e-01,-1.684504360802211997e-01
-6.362055195063909263e-01,-1.684504360802211997e-01
-5.091056931422768272e-01,-8.368109139509798122e-02
-4.456365100930507195e-01,6.120051459419693918e-02
-4.456365100930507195e-01,6.120051459419693918e-02
-5.605455303396500444e-01,1.296942971146481105e-01
-6.234413267073295462e-01,1.791628469251718703e-02
-6.234413267073295462e-01,1.791628469251718703e-02
-7.293869187157243639e-01,4.594258069759625529e-02
-7.989397564162310506e-01,-3.526346972747144981e-02
-7.989397564162310506e-01,-3.526346972747144981e-02
-7.989397564162310506e-01,-3.526346972747144981e-02
-7.989397564162310506e-01,-3.526346972747144981e-02
-7.308514089990139073e-01,-1.847485982851029274e-01
-7.308514089990139073e-01,-1.847485982851029274e-01
-7.308514089990139073e-01,-1.847485982851029274e-01
-6.441627034548795816e-01,-1.467670096017131831e-02
-6.441627034548795816e-01,-1.467670096017131831e-02
-6.738949715710086386e-01,1.099997832849727436e-01
-6.738949715710086386e-01,1.099997832849727436e-01
-7.102598253739987877e-01,8.604291383490060563e-02
-7.102598253739987877e-01,8.604291383490060563e-02
-6.402535588055349169e-01,1.041602389036843379e-01
-4.945570399800257033e-01,2.706749850421123760e-02
-3.385352673679450364e-01,5.895967455740917101e-02
-2.252000705392372404e-01,-2.464015349484095091e-02
-2.252000705392372404e-01,-2.464015349484095091e-02
-2.252000705392372404e-01,-2.464015349484095091e-02
-8.118097331992660259e-02,1.214138931607280369e-01
1.521436932833602484e-01,1.069000768430706100e-01
-2.060490222168299135e-01,2.822287956414075150e-01
-2.060490222168299135e-01,2.822287956414075150e-01
-4.224365686430072708e-01,3.291235339848130326e-01
-4.224365686430072708e-01,3.291235339848130326e-01
-4.974367721465469683e-01,1.438337781840548779e-01
-7.158742049062036816e-01,-4.565654046602074523e-02
-7.158742049062036816e-01,-4.565654046602074523e-02
-7.547501024890141963e-01,4.140590382340915421e-02
-6.834813138209528960e-01,2.327106756301417501e-01
-6.834813138209528960e-01,2.327106756301417501e-01
-5.025933296658470217e-01,-6.756818381347240443e-02
-5.025933296658470217e-01,-6.756818381347240443e-02
-5.025933296658470217e-01,-6.756818381347240443e-02
-5.025933296658470217e-01,-6.756818381347240443e-02
-5.025933296658470217e-01,-6.756818381347240443e-02
-3.927260669932717274e-01,1.261512405573486373e-01
-3.028083956597512061e-01,1.913312731710866965e-01
-3.028083956597512061e-01,1.913312731710866965e-01
-3.028083956597512061e-01,1.913312731710866965e-01
-3.028083956597512061e-01,1.913312731710866965e-01
-5.420058218496326408e-01,2.814874486783018326e-01
-4.415681108830426527e-01,1.160622267966662235e-01
-4.415681108830426527e-01,1.160622267966662235e-01
-3.066318579967318714e-01,1.963619418535765826e-01
-4.434076331993680453e-01,1.818420468386509614e-01
-4.434076331993680453e-01,1.818420468386509614e-01
-4.434076331993680453e-01,1.818420468386509614e-01
-4.434076331993680453e-01,1.818420468386509614e-01
-4.434076331993680453e-01,1.818420468386509614e-01
-4.434076331993680453e-01,1.818420468386509614e-01
-4.782614463590431075e-01,1.623623060496894033e-01
-4.782614463590431075e-01,1.623623060496894033e-01
-7.314686787599186113e-01,-1.519823220411603282e-01
-4.557923341347646651e-01,9.968604757224688862e-02
-4.557923341347646651e-01,9.968604757224688862e-02
-4.557923341347646651e-01,9.968604757224688862e-02
-6.005179007230080357e-01,-1.403901329718661162e-02
-6.005179007230080357e-01,-1.403901329718661162e-02
-6.005179007230080357e-01,-1.403901329718661162e-02
-6.360440203184922758e-01,-1.409489488917166633e-01
-6.360440203184922758e-01,-1.409489488917166633e-01
-4.618015260999162042e-01,-1.632745420950766357e-01
-5.483990829381460985e-01,-1.408330638051943917e-01
-5.483990829381460985e-01,-1.408330638051943917e-01
-5.426921508537543293e-01,-1.398866898159817629e-01
-5.426921508537543293e-01,-1.398866898159817629e-01
-5.074698784375194505e-01,-9.356921411643090436e-02
-5.260155518875873071e-01,3.897627966900815699e-02
-5.242422876181248581e-01,-3.566918598115940975e-03
-4.237149929675148030e-01,9.383227281812817067e-02
-4.237149929675148030e-01,9.383227281812817067e-02
-4.237149929675148030e-01,9.383227281812817067e-02
-4.237149929675148030e-01,9.383227281812817067e-02
-4.082289259427875905e-01,4.283208696019514400e-02
-4.269751707436968413e-01,1.249959560058272467e-02
-4.269751707436968413e-01,1.249959560058272467e-02
-4.269751707436968413e-01,1.249959560058272467e-02
-3.951529697225888427e-01,-5.935510254449433143e-02
-3.324612963891235284e-01,1.264554484455387429e-01
-3.324612963891235284e-01,1.264554484455387429e-01
-5.051483268767795742e-01,2.441053747446904620e-01
-4.224863330084608903e-01,1.820764684632313890e-01
-2.368010793284459070e-01,1.497319911078232035e-02
-2.368010793284459070e-01,1.497319911078232035e-02
-2.368010793284459070e-01,1.497319911078232035e-02
-2.368010793284459070e-01,1.497319911078232035e-02
-2.368010793284459070e-01,1.497319911078232035e-02
-4.754887611271585435e-01,-1.419845566107415802e-01
-6.670111984527953286e-01,-7.732905046978608143e-02
-7.600902387111506675e-01,-3.033795625958547737e-02
-7.700648432977006408e-01,1.696162168903849188e-01
-5.850862721636872488e-01,4.090443366222506483e-01
-5.290134011905971434e-01,3.198424134977100874e-01
-6.942851655972472891e-01,1.233081652745754708e-01
-6.612226062909668522e-01,7.635497628565207640e-02
-5.229803991401524854e-01,1.376398656820941313e-01
-5.759373942241121647e-01,1.511306039565671888e-01
-5.759373942241121647e-01,1.511306039565671888e-01
-5.759373942241121647e-01,1.511306039565671888e-01
-5.759373942241121647e-01,1.511306039565671888e-01
-5.765346675303412161e-01,1.497176285187354905e-01
-6.651033289179588692e-01,1.312784630248927387e-01
-6.651033289179588692e-01,1.312784630248927387e-01
-6.608564632066975530e-01,4.523139575834822512e-02
-6.608564632066975530e-01,4.523139575834822512e-02
-6.296149465352165464e-01,8.994601805496646452e-02
-6.977202149658328079e-01,1.476365103151212610e-01
-8.710764870558572737e-01,8.207824451930655074e-02
-7.547635366229346054e-01,-8.256921791624682871e-03
-6.086245118405615440e-01,2.385029726112541104e-01
-6.439138700201114673e-01,1.952022032066894064e-02
-7.397785600669576356e-01,-5.336190325465936524e-02
-7.397785600669576356e-01,-5.336190325465936524e-02
-7.835661204390386159e-01,4.076165404338266685e-02
-7.835661204390386159e-01,4.076165404338266685e-02
-7.835661204390386159e-01,4.076165404338266685e-02
-6.780848045370195809e-01,1.836357594661388315e-01
-6.780848045370195809e-01,1.836357594661388315e-01
-6.780848045370195809e-01,1.836357594661388315e-01
-6.780848045370195809e-01,1.836357594661388315e-01
-6.780848045370195809e-01,1.836357594661388315e-01
-6.780848045370195809e-01,1.836357594661388315e-01
-6.780848045370195809e-01,1.836357594661388315e-01
-6.780848045370195809e-01,1.836357594661388315e-01
-6.780848045370195809e-01,1.836357594661388315e-01
-6.780848045370195809e-01,1.836357594661388315e-01
-5.052565671898966437e-01,7.917762678243193963e-02
-5.052565671898966437e-01,7.917762678243193963e-02
-6.027981382764681095e-01,-1.133251219169827823e-01
-6.436656138336104283e-01,-1.388144102368316091e-03
-6.436656138336104283e-01,-1.388144102368316091e-03
-5.068233032742052169e-01,-6.858477461605112790e-02
-5.068233032742052169e-01,-6.858477461605112790e-02
-5.068233032742052169e-01,-6.858477461605112790e-02
-5.068233032742052169e-01,-6.858477461605112790e-02
-5.068233032742052169e-01,-6.858477461605112790e-02
-5.068233032742052169e-01,-6.858477461605112790e-02
-5.068233032742052169e-01,-6.858477461605112790e-02
-5.068233032742052169e-01,-6.858477461605112790e-02
-5.068233032742052169e-01,-6.858477461605112790e-02
-5.068233032742052169e-01,-6.858477461605112790e-02
-5.068233032742052169e-01,-6.858477461605112790e-02
-5.068233032742052169e-01,-6.858477461605112790e-02
-5.068233032742052169e-01,-6.858477461605112790e-02
-6.310239475965835343e-01,-6.730147421742738167e-02
-3.920644433513961191e-01,-8.266737634457042849e-02
-3.920644433513961191e-01,-8.266737634457042849e-02
-4.684489425598674095e-01,9.586681283267732556e-02
-5.596018046074072716e-01,2.972766510860556932e-02
-6.473815878408947233e-01,-2.417584393057965741e-02
-5.408596695224197060e-01,-1.496588239739159165e-03
-5.408596695224197060e-01,-1.496588239739159165e-03
-4.524437751278903574e-01,-5.392749353037572246e-02
-3.265300742246196597e-01,-7.748487031556675064e-02
-2.783291751375021050e-01,-1.553104069088518391e-01
-2.783291751375021050e-01,-1.553104069088518391e-01
-2.783291751375021050e-01,-1.553104069088518391e-01
-2.783291751375021050e-01,-1.553104069088518391e-01
-3.935111246913650107e-01,-1.595899466371386577e-02
-3.935111246913650107e-01,-1.595899466371386577e-02
-7.106450956086568516e-01,-2.643851856100679076e-01
-4.896079432552776778e-01,-2.642128513157856462e-01
-4.896079432552776778e-01,-2.642128513157856462e-01
-4.825862430186725893e-01,-1.098596187468411922e-01
-4.685757852456382544e-01,-1.246760142944305927e-02
-4.020250970518943201e-01,6.923254998641877739e-03
-4.016140437809532782e-01,-2.151532380150574658e-02
-4.016140437809532782e-01,-2.151532380150574658e-02
-3.003552624296435547e-01,6.050763249531212334e-03
-3.003552624296435547e-01,6.050763249531212334e-03
-4.270785117866712222e-01,3.124374319763232460e-02
-4.270785117866712222e-01,3.124374319763232460e-02
-4.270785117866712222e-01,3.124374319763232460e-02
-4.967831543838095998e-01,2.691814244343070373e-01
-4.967831543838095998e-01,2.691814244343070373e-01
-4.967831543838095998e-01,2.691814244343070373e-01
-4.967831543838095998e-01,2.691814244343070373e-01
-5.292860343161192027e-01,2.941156951941311659e-01
-5.198963096726784139e-01,2.785654386119962300e-01
-5.198963096726784139e-01,2.785654386119962300e-01
-5.622120766293785543e-01,2.826734042953744086e-01
-5.622120766293785543e-01,2.826734042953744086e-01
-7.671410545755057431e-01,5.385101131283331899e-02
-7.671410545755057431e-01,5.385101131283331899e-02
-7.671410545755057431e-01,5.385101131283331899e-02
-7.847300680121546135e-01,7.185147969452812533e-02
-7.847300680121546135e-01,7.185147969452812533e-02
-7.847300680121546135e-01,7.185147969452812533e-02
-7.847300680121546135e-01,7.185147969452812533e-02
-7.847300680121546135e-01,7.185147969452812533e-02
-6.496156774293868619e-01,-7.720067097249094790e-02
-6.496156774293868619e-01,-7.720067097249094790e-02
-6.496156774293868619e-01,-7.720067097249094790e-02
-5.986563224341916456e-01,-1.088998803758590983e-02
-7.065872413811149499e-01,-2.212600607852514140e-02
-7.065872413811149499e-01,-2.212600607852514140e-02
-6.614117876952189112e-01,-2.234850797258770838e-02
-7.119047974220130692e-01,-7.149410875776590624e-02
-8.650497404678729740e-01,-7.100693416078281139e-02
-8.650497404678729740e-01,-7.100693416078281139e-02
-8.650497404678729740e-01,-7.100693416078281139e-02
-8.650497404678729740e-01,-7.100693416078281139e-02
-8.650497404678729740e-01,-7.100693416078281139e-02
-8.514818790810630977e-01,-1.432467265644330467e-01
-5.910580869686403727e-01,1.093745463707198051e-01
-5.910580869686403727e-01,1.093745463707198051e-01
-5.910580869686403727e-01,1.093745463707198051e-01
-6.653758252603028112e-01,-4.349082130452741612e-02
-7.006274309403188738e-01,2.337695775839206125e-02
-6.952872938447757223e-01,-7.609941057114195939e-02
-6.842931912134024852e-01,1.392158295500134368e-02
-6.842931912134024852e-01,1.392158295500134368e-02
-7.147322876618134035e-01,-1.261250646629302474e-01
-6.630845647231647932e-01,-3.614426549375090447e-01
-6.630845647231647932e-01,-3.614426549375090447e-01
-6.630845647231647932e-01,-3.614426549375090447e-01
-6.630845647231647932e-01,-3.614426549375090447e-01
-6.630845647231647932e-01,-3.614426549375090447e-01
-6.630845647231647932e-01,-3.614426549375090447e-01
-7.766688430191727166e-01,-1.764570029623376279e-01
-7.766688430191727166e-01,-1.764570029623376279e-01
-7.766688430191727166e-01,-1.764570029623376279e-01
-6.215473814348271286e-01,1.677978579466582465e-02
-6.215473814348271286e-01,1.677978579466582465e-02
-5.448192360323849126e-01,-1.601275056198295521e-01
-5.329578879968545069e-01,4.082526837481306736e-02
-5.759668666501156498e-01,6.524242762503786042e-02
-5.759668666501156498e-01,6.524242762503786042e-02
-9.120739984830730229e-01,-2.402806572922069894e-02
-7.112662206030552214e-01,-2.291208757455731604e-01
-7.112662206030552214e-01,-2.291208757455731604e-01
-7.761245539491011813e-01,-1.522039241858570979e-01
-9.181416754156503934e-01,-1.198264481183258789e-02
-8.332402557530813603e-01,2.282310024947733496e-01
-8.332402557530813603e-01,2.282310024947733496e-01
-8.332402557530813603e-01,2.282310024947733496e-01
-5.936372345018654517e-01,1.876366982954160989e-01
-4.748659023132217327e-01,-7.178630412275080475e-02
-4.748659023132217327e-01,-7.178630412275080475e-02
-4.748659023132217327e-01,-7.178630412275080475e-02
-3.134976773223353552e-01,-6.917256100376356631e-03
-4.372539412202455233e-01,-8.660651853973154457e-02
-3.358418384443313531e-01,4.070853985292828547e-02
-3.358418384443313531e-01,4.070853985292828547e-02
-4.958539505200516562e-01,1.195336786505776239e-01
-4.958539505200516562e-01,1.195336786505776239e-01
-7.070752976190674000e-01,5.721396664403084753e-02
-4.574929854750583447e-01,-8.327599904676873110e-02
-4.574929854750583447e-01,-8.327599904676873110e-02
-4.574929854750583447e-01,-8.327599904676873110e-02
-4.574929854750583447e-01,-8.327599904676873110e-02
-4.574929854750583447e-01,-8.327599904676873110e-02
-4.574929854750583447e-01,-8.327599904676873110e-02
-5.359951345279669876e-01,4.257975229256165395e-02
-5.773388055098856997e-01,6.355334836618756200e-02
-5.773388055098856997e-01,6.355334836618756200e-02
-5.773388055098856997e-01,6.355334836618756200e-02
-5.773388055098856997e-01,6.355334836618756200e-02
-5.773388055098856997e-01,6.355334836618756200e-02
-7.050710772935879778e-01,-1.683961106388777718e-01
-7.000762643368507732e-01,1.503315683536992076e-01
-5.243062025024073369e-01,2.002910016312482999e-01
-6.749302113958457472e-01,-5.935346771703109425e-02
-7.281266787804903107e-01,-3.716791230121365558e-02
-5.176486076364794631e-01,-2.528433962322815809e-01
-3.587334419042126354e-01,-1.947938921346388796e-01
-3.587334419042126354e-01,-1.947938921346388796e-01
-3.776988049593447139e-01,-2.489107861259295951e-01
-6.376286465099518797e-01,-2.958215815853093011e-01
-4.785482700781852339e-01,-2.765294805699222147e-01
-4.192908844273154911e-01,-3.746094794763896729e-01
-2.259668243086316031e-01,-1.588298400673927302e-01
-2.259668243086316031e-01,-1.588298400673927302e-01
-2.259668243086316031e-01,-1.588298400673927302e-01
-5.086402205282408717e-01,-2.598221947215763050e-01
-5.086402205282408717e-01,-2.598221947215763050e-01
-5.842582126318547342e-01,-2.762696404749619972e-01
-5.842582126318547342e-01,-2.762696404749619972e-01
-6.901930994853530121e-01,-3.614599383412523403e-01
-6.901930994853530121e-01,-3.614599383412523403e-01
-6.556096363122277948e-01,-2.200615289444157463e-01
-5.293154623314921814e-01,-2.150960541273303495e-01
-5.293154623314921814e-01,-2.150960541273303495e-01
-5.245045586990823017e-01,-2.210980410758865977e-01
-4.999586710393683076e-01,-2.670580734632389541e-01
-7.542586013005785350e-01,-1.132852593227866578e-01
-6.026709432312810089e-01,8.625703849180779703e-03
-6.026709432312810089e-01,8.625703849180779703e-03
-6.026709432312810089e-01,8.625703849180779703e-03
-6.373649699589424289e-01,1.446344818193851522e-01
-6.373649699589424289e-01,1.446344818193851522e-01
-6.373649699589424289e-01,1.446344818193851522e-01
-6.373649699589424289e-01,1.446344818193851522e-01
-6.373649699589424289e-01,1.446344818193851522e-01
-5.677544957883391419e-01,6.678364927962066044e-02
-6.170845344113815578e-01,-3.190745034783602774e-02
-6.170845344113815578e-01,-3.190745034783602774e-02
-6.170845344113815578e-01,-3.190745034783602774e-02
-6.170845344113815578e-01,-3.190745034783602774e-02
-6.170845344113815578e-01,-3.190745034783602774e-02
-6.170845344113815578e-01,-3.190745034783602774e-02
-6.170845344113815578e-01,-3.190745034783602774e-02
-5.343868362503316760e-01,2.078304643896686232e-02
-3.865642163026413169e-01,2.448107391266458321e-01
-4.914626716766083425e-01,1.542076576842989488e-01
-4.914626716766083425e-01,1.542076576842989488e-01
-5.283779659353702307e-01,1.556659779416720568e-01
-5.283779659353702307e-01,1.556659779416720568e-01
-5.283779659353702307e-01,1.556659779416720568e-01
-5.283779659353702307e-01,1.556659779416720568e-01
-5.283779659353702307e-01,1.556659779416720568e-01
-6.563058722108767729e-01,-1.104442355997130309e-01
-6.224563801097708904e-01,-6.679636449936826592e-03
-6.224563801097708904e-01,-6.679636449936826592e-03
-4.325618506843034172e-01,-1.032036622025162415e-01
-6.161962003330830884e-01,-9.744033060699122673e-02
-5.666761230551258244e-01,-5.138455062048104260e-02
-6.292299810815140670e-01,-1.065724257039731282e-01
-5.548287393946041979e-01,8.618108870630236673e-02
-5.548287393946041979e-01,8.618108870630236673e-02
-6.868869649909548070e-01,8.849629941547057510e-02
-5.503343507003554125e-01,-9.807681445341334681e-02
-5.503343507003554125e-01,-9.807681445341334681e-02
-7.091902129007910949e-01,-1.017808310654605419e-01
-5.986783627033768207e-01,-6.865087725669594132e-02
-7.187699654544021932e-01,-2.589118543148771073e-02
-7.187699654544021932e-01,-2.589118543148771073e-02
-6.827950311956596519e-01,-1.490859579095932252e-01
-5.904749900103741789e-01,6.617665905235681212e-02
-5.904749900103741789e-01,6.617665905235681212e-02
-5.931311450866363355e-01,1.797926405456695687e-01
-5.931311450866363355e-01,1.797926405456695687e-01
-4.653053521386545377e-01,-7.873386587246800072e-02
-4.653053521386545377e-01,-7.873386587246800072e-02
-6.512542228506861264e-01,1.247676853347964854e-01
-6.512542228506861264e-01,1.247676853347964854e-01
-6.512542228506861264e-01,1.247676853347964854e-01
-7.038162077734083644e-01,1.609065634183041993e-01
-6.050250895061340950e-01,1.957797322175903743e-01
-3.820963778864093774e-01,1.907117651221007237e-01
-6.089869365302285065e-01,3.401116534139759784e-01
-6.567645113744529084e-01,3.361967893598107882e-01
-6.567645113744529084e-01,3.361967893598107882e-01
-5.575006137207839663e-01,3.255916363274275471e-01
-5.575006137207839663e-01,3.255916363274275471e-01
-5.575006137207839663e-01,3.255916363274275471e-01
-5.575006137207839663e-01,3.255916363274275471e-01
-5.928770653208037533e-01,1.886866427114537725e-01
-5.641601263153673829e-01,1.072579634394246612e-01
-5.641601263153673829e-01,1.072579634394246612e-01
-5.641601263153673829e-01,1.072579634394246612e-01
-5.641601263153673829e-01,1.072579634394246612e-01
-5.641601263153673829e-01,1.072579634394246612e-01
-5.760289537638932922e-01,8.499781448921191196e-02
-4.836256785026556426e-01,1.211190594917118390e-01
-6.164292829837547671e-01,2.821369955847216060e-01
-5.348129323992276696e-01,2.290241766397786150e-01
-5.466518987580795130e-01,2.608212761399638646e-01
-5.466518987580795130e-01,2.608212761399638646e-01
-6.387882266720501523e-01,2.446599006206460203e-01
-6.387882266720501523e-01,2.446599006206460203e-01
-6.387882266720501523e-01,2.446599006206460203e-01
-6.387882266720501523e-01,2.446599006206460203e-01
-5.041557731361796524e-01,1.223846084462917871e-01
-4.560161737313642716e-01,2.019150054042462838e-01
-6.234290354896530051e-01,2.328474452873097178e-02
-6.756885762090558689e-01,-3.881140222597376233e-01
-6.756885762090558689e-01,-3.881140222597376233e-01
-5.831365860672657053e-01,-4.047672683119822867e-01
-4.867055920186773577e-01,-2.524161992608767724e-01
-4.183423892709688396e-01,-2.088427535956685621e-01
-4.183423892709688396e-01,-2.088427535956685621e-01
-3.611080224440648689e-01,-1.915032849796148018e-01
-2.830743481592493671e-01,-1.427773392648448714e-02
-2.757577228055776430e-01,-1.764394342455557693e-03
-2.866200069301720332e-01,1.400440351640991066e-01
-3.175984749064144630e-01,4.279789497059197090e-02
-3.175984749064144630e-01,4.279789497059197090e-02
-5.863717597287130268e-01,-1.220355474398231721e-01
-5.863717597287130268e-01,-1.220355474398231721e-01
-5.863717597287130268e-01,-1.220355474398231721e-01
-5.904326816745518736e-01,-2.150440202913992405e-01
-6.618427351919184964e-01,-2.233440856447126421e-01
-6.618427351919184964e-01,-2.233440856447126421e-01
-7.997915724169134544e-01,1.255947864819671467e-01
-7.997915724169134544e-01,1.255947864819671467e-01
-7.997915724169134544e-01,1.255947864819671467e-01
-7.615273805906175308e-01,1.270503895196920530e-01
-7.615273805906175308e-01,1.270503895196920530e-01
-5.975716659973753231e-01,2.421385591708636320e-01
-6.733366044397505190e-01,3.237981062906489238e-02
-5.348437769229678063e-01,-5.252113118963182281e-03
-6.677383600176787226e-01,6.802881601953594815e-02
-6.677383600176787226e-01,6.802881601953594815e-02
-6.677383600176787226e-01,6.802881601953594815e-02
-6.677383600176787226e-01,6.802881601953594815e-02
-6.677383600176787226e-01,6.802881601953594815e-02
-6.677383600176787226e-01,6.802881601953594815e-02
-7.179763127674818612e-01,1.767984304110967742e-01
-7.762876479879254887e-01,4.756692798546274803e-02
-6.659184766585749538e-01,3.013754866585679343e-02
-6.025411824595743315e-01,1.230484050119472900e-02
-6.025411824595743315e-01,1.230484050119472900e-02
-3.627753973488786476e-01,-2.159912823878753357e-02
-5.855188825808752551e-01,-1.888402431812778032e-02
-8.236812845324361643e-01,-2.606811186718415926e-02
-7.390225358029999247e-01,4.519179518327963441e-02
-7.013868763869657297e-01,1.300296244727176809e-01
-7.147676107570950510e-01,2.270816969360345550e-01
-5.437962814118566524e-01,1.863831726841488345e-01
-5.437962814118566524e-01,1.863831726841488345e-01
-6.972834753139196540e-01,1.446207188562789736e-02
-6.972834753139196540e-01,1.446207188562789736e-02
-6.972834753139196540e-01,1.446207188562789736e-02
-9.083028705275116854e-01,-7.825255852207892160e-02
-9.083028705275116854e-01,-7.825255852207892160e-02
-9.273653924791869230e-01,-8.653296464681614619e-02
-8.617342782135908319e-01,-4.811094709420775384e-02
-7.003383401039431355e-01,-5.504560808290407531e-02
-6.404906660171423294e-01,-3.059710188076876849e-02
-6.404906660171423294e-01,-3.059710188076876849e-02
-5.618461198341512253e-01,-2.935257614789066327e-02
-5.618461198341512253e-01,-2.935257614789066327e-02
-5.618461198341512253e-01,-2.935257614789066327e-02
-3.115138715464876307e-01,3.143200926539212181e-03
-3.037303014021441872e-01,-8.091767345134995293e-02
-4.457130328592379120e-01,-1.554119945890530818e-01
-5.141937386370734053e-01,-4.276941484038629393e-01
-6.800799473143075424e-01,-3.619300426513317737e-01
-6.102685224101833672e-01,-2.933971938769451282e-01
-4.612759764648500793e-01,-2.218452394864998123e-01
-4.126994256879529810e-01,6.985871864781351137e-02
-4.708226405356508160e-01,2.145844597000362008e-01
-4.980911182394122672e-01,9.498604229073037697e-02
-7.001407800850449892e-01,2.791371619321453279e-02
-6.523841530293895685e-01,2.028547570853771881e-02
-5.876749190758938646e-01,6.757143568052453864e-02
-7.510863522348836252e-01,1.267083140804847186e-01
-7.255979797275489140e-01,2.514552835377236728e-01
-7.255979797275489140e-01,2.514552835377236728e-01
-4.579511313578853993e-01,2.762190121275560628e-01
-3.938403428327493239e-01,8.642966934710180626e-02
-5.801108046490243142e-01,-1.313302656758964515e-01
-5.801108046490243142e-01,-1.313302656758964515e-01
-5.203010819226108197e-01,-5.269996253735265146e-02
-5.203010819226108197e-01,-5.269996253735265146e-02
-3.437497609983480862e-01,1.092577439910742687e-02
-3.437497609983480862e-01,1.092577439910742687e-02
-3.437497609983480862e-01,1.092577439910742687e-02
-3.041317057398150725e-01,1.222901209773689796e-01
-4.041117857968744564e-01,-1.233545898349438369e-01
-4.041117857968744564e-01,-1.233545898349438369e-01
-3.332506086210530460e-01,-1.004833126832311851e-01
-3.332506086210530460e-01,-1.004833126832311851e-01
-5.396838203930024447e-01,-1.284501700763429066e-01
-6.745042834033927459e-01,-1.978739390464030468e-01
-6.878597059514623968e-01,-1.057504362494544603e-01
-6.859273521080784253e-01,1.791167633588727215e-01
-6.231613981737897934e-01,-1.544938620439297305e-01
-6.231613981737897934e-01,-1.544938620439297305e-01
-6.231613981737897934e-01,-1.544938620439297305e-01
-5.394295197129881370e-01,1.260782126039888817e-02
-5.394295197129881370e-01,1.260782126039888817e-02
-5.961816704479940832e-01,-2.018763911420011492e-02
-5.961816704479940832e-01,-2.018763911420011492e-02
-5.998785099900156847e-01,1.122327450305830726e-01
-7.365196387710966075e-01,1.338922477109082687e-01
-6.176573459484225870e-01,6.022442630383034734e-02
-6.176573459484225870e-01,6.022442630383034734e-02
-6.176573459484225870e-01,6.022442630383034734e-02
-8.038853548478686051e-01,5.997747006359438471e-03
-8.038853548478686051e-01,5.997747006359438471e-03
-7.493338690584746553e-01,-1.648082007102187954e-02
-6.231075468348445945e-01,-1.652820934772891159e-01
-8.167177075534366448e-01,-1.427886171400717941e-01
-8.167177075534366448e-01,-1.427886171400717941e-01
-8.167177075534366448e-01,-1.427886171400717941e-01
-7.624516646879536674e-01,-8.934450022325460261e-02
-5.565298420803198587e-01,-2.449971271238404746e-01
-5.565298420803198587e-01,-2.449971271238404746e-01
-5.565298420803198587e-01,-2.449971271238404746e-01
-5.565298420803198587e-01,-2.449971271238404746e-01
-5.565298420803198587e-01,-2.449971271238404746e-01
-5.565298420803198587e-01,-2.449971271238404746e-01
-3.110775336496228727e-01,8.042933427152920700e-02
-2.906053127184325957e-01,-2.833434788172885244e-02
-3.680862582204148525e-01,-1.628353433176499276e-01
-3.680862582204148525e-01,-1.628353433176499276e-01
-6.223632142299058145e-01,-1.070682130987166830e-01
-7.624903972510360672e-01,-8.970018902185086795e-02
-7.624903972510360672e-01,-8.970018902185086795e-02
-7.624903972510360672e-01,-8.970018902185086795e-02
-8.061893243519760999e-01,3.447416873719090502e-02
-8.061893243519760999e-01,3.447416873719090502e-02
-9.069626286900540624e-01,1.809522836605488849e-01
-8.150852967245101333e-01,1.981950855347647533e-01
-8.150852967245101333e-01,1.981950855347647533e-01
-8.150852967245101333e-01,1.981950855347647533e-01
-8.150852967245101333e-01,1.981950855347647533e-01
-8.150852967245101333e-01,1.981950855347647533e-01
-8.150852967245101333e-01,1.981950855347647533e-01
-6.732671748517129462e-01,6.160661099091527260e-02
-7.370597028693206543e-01,1.382924264072002141e-01
-7.917809503167000384e-01,4.693749235919980611e-02
-6.005565341527856482e-01,1.687958177827124651e-01
-6.005565341527856482e-01,1.687958177827124651e-01
-6.922011870195241556e-01,4.605342842948266513e-02
-6.922011870195241556e-01,4.605342842948266513e-02
-7.397242106605863565e-01,-1.168475815739856843e-01
-8.785193862491105232e-01,-2.990772928986873413e-02
-9.177515477546657197e-01,-6.126434035852527243e-02
-7.846962294795881698e-01,-2.350563918219081283e-01
-7.846962294795881698e-01,-2.350563918219081283e-01
-5.640853091391878626e-01,-3.363125660020659380e-01
-5.640853091391878626e-01,-3.363125660020659380e-01
-7.147534723011661484e-01,-2.999409754143004814e-01
-7.755063129815455980e-01,-1.930570461499791501e-01
-5.778255703216749195e-01,4.291117765495891523e-02
-5.766345872721041488e-01,1.142588066292186816e-01
-5.766345872721041488e-01,1.142588066292186816e-01
-6.620470069351387377e-01,5.199983590881886164e-02
-5.979871254417929993e-01,1.166680547952339275e-01
-7.061609347953027305e-01,-4.261228604250710816e-02
-8.820107200786073687e-01,-1.391487617673146659e-01
-8.980077628538042367e-01,-2.439662961541061437e-02
-8.980077628538042367e-01,-2.439662961541061437e-02
-8.858228956260543185e-01,-1.415675935138593633e-01
-8.858228956260543185e-01,-1.415675935138593633e-01
-6.399324295616919400e-01,-1.704108487240787728e-01
-5.870285904127910959e-01,-5.931489694452332651e-02
-5.870285904127910959e-01,-5.931489694452332651e-02
-5.870285904127910959e-01,-5.931489694452332651e-02
-5.870285904127910959e-01,-5.931489694452332651e-02
-5.978087582706219649e-01,-4.313710947950587238e-02
-5.978087582706219649e-01,-4.313710947950587238e-02
-5.978087582706219649e-01,-4.313710947950587238e-02
-4.529291232913745802e-01,-1.676345740643835347e-01
-3.954384223003836185e-01,1.946481614977410568e-02
-3.954384223003836185e-01,1.946481614977410568e-02
-3.954384223003836185e-01,1.946481614977410568e-02
-4.965239893549874273e-01,-8.714480396432665310e-02
-3.546006553572573772e-01,-1.065602244789438657e-01
-2.843886152103521914e-01,8.235662731327203501e-02
-2.843886152103521914e-01,8.235662731327203501e-02
-2.843886152103521914e-01,8.235662731327203501e-02
-4.518247364919401043e-01,7.255580056510516074e-03
-4.518247364919401043e-01,7.255580056510516074e-03
-4.518247364919401043e-01,7.255580056510516074e-03
-3.907972999011993243e-01,2.067759619931013385e-02
-3.907972999011993243e-01,2.067759619931013385e-02
-3.907972999011993243e-01,2.067759619931013385e-02
-3.907972999011993243e-01,2.067759619931013385e-02
-2.805976667307215067e-01,1.096798113830612341e-02
-4.471657264197438364e-01,1.830543737551126870e-01
-4.471657264197438364e-01,1.830543737551126870e-01
-4.471657264197438364e-01,1.830543737551126870e-01
-4.467273432171688374e-01,7.140765145572923467e-02
-4.467273432171688374e-01,7.140765145572923467e-02
-4.691225126581383131e-01,-9.905198378207068222e-02
-4.691225126581383131e-01,-9.905198378207068222e-02
-4.691225126581383131e-01,-9.905198378207068222e-02
-4.691225126581383131e-01,-9.905198378207068222e-02
-2.681638196957391584e-01,-1.158172664923670103e-01
-2.681638196957391584e-01,-1.158172664923670103e-01
-2.681638196957391584e-01,-1.158172664923670103e-01
-2.681638196957391584e-01,-1.158172664923670103e-01
-2.260337143547463401e-01,-4.829900085915168895e-02
-2.260337143547463401e-01,-4.829900085915168895e-02
-4.429409684521806723e-01,-6.563309189196876725e-03
-3.275268893342899723e-01,-3.880819551106595711e-02
-3.707367089326597531e-01,1.790120837119217878e-01
-4.887240658552921002e-01,2.718626797101702519e-01
-5.412794311890384291e-01,1.094313330794702277e-01
-5.381041280671330362e-01,-1.139924432228061890e-01
-6.653129084271457439e-01,-5.990804702630539436e-03
-6.653129084271457439e-01,-5.990804702630539436e-03
-5.048422408057889887e-01,6.587651711037532942e-02
-5.048422408057889887e-01,6.587651711037532942e-02
-7.142000643894941270e-01,-1.970827937198148250e-02
-7.142000643894941270e-01,-1.970827937198148250e-02
-7.142000643894941270e-01,-1.970827937198148250e-02
-6.961821775236777254e-01,4.419115761304906465e-02
-6.961821775236777254e-01,4.419115761304906465e-02
-6.961821775236777254e-01,4.419115761304906465e-02
-6.961821775236777254e-01,4.419115761304906465e-02
-9.551086280038516563e-01,1.366850413008516008e-01
-8.370992888068411464e-01,-7.278877675032854877e-02
-8.370992888068411464e-01,-7.278877675032854877e-02
-8.370992888068411464e-01,-7.278877675032854877e-02
-9.178278279971753273e-01,-3.060056016312407562e-02
-6.839171267360766304e-01,1.105768790720143835e-01
-7.506924291603368493e-01,3.395858146560418178e-02
-7.506924291603368493e-01,3.395858146560418178e-02
-7.506924291603368493e-01,3.395858146560418178e-02
-7.506924291603368493e-01,3.395858146560418178e-02
-7.506924291603368493e-01,3.395858146560418178e-02
-6.786363433870516992e-01,-5.275268408655831021e-02
-8.807346552307910859e-01,-7.870387851955211456e-02
-9.334999797279491807e-01,-6.599147019323463315e-02
-9.334999797279491807e-01,-6.599147019323463315e-02
-9.334999797279491807e-01,-6.599147019323463315e-02
-9.334999797279491807e-01,-6.599147019323463315e-02
-9.105309206999876448e-01,-8.671837105723284589e-02
-9.105309206999876448e-01,-8.671837105723284589e-02
-7.666897375033574491e-01,9.508607682086281376e-02
-8.761639531528822022e-01,3.223750405446230982e-02
-8.732975219234363484e-01,-6.272421596555680101e-02
-9.239654732852927710e-01,3.640414736920596916e-02
-9.239654732852927710e-01,3.640414736920596916e-02
-9.239654732852927710e-01,3.640414736920596916e-02
-7.575414155776104552e-01,-2.085233075977515338e-01
-8.288933434366418940e-01,-1.902161752716134413e-01
-8.288933434366418940e-01,-1.902161752716134413e-01
-8.288933434366418940e-01,-1.902161752716134413e-01
-8.288933434366418940e-01,-1.902161752716134413e-01
-8.288933434366418940e-01,-1.902161752716134413e-01
-8.288933434366418940e-01,-1.902161752716134413e-01
-8.288933434366418940e-01,-1.902161752716134413e-01
-8.703130136294987551e-01,-4.871289427936004168e-02
-8.703130136294987551e-01,-4.871289427936004168e-02
-8.703130136294987551e-01,-4.871289427936004168e-02
-8.361453744461675441e-01,-6.946984549351095661e-02
-8.361453744461675441e-01,-6.946984549351095661e-02
-7.665683110397545352e-01,-1.174835278289317747e-01
-7.665683110397545352e-01,-1.174835278289317747e-01
-7.691304538348754383e-01,5.283856284961134520e-02
-7.691304538348754383e-01,5.283856284961134520e-02
-5.100634573019817708e-01,-8.938278215237351054e-02
-5.100634573019817708e-01,-8.938278215237351054e-02
-5.100634573019817708e-01,-8.938278215237351054e-02
-5.735679553287866828e-01,-4.346166573687778450e-02
-5.735679553287866828e-01,-4.346166573687778450e-02
-5.735679553287866828e-01,-4.346166573687778450e-02
-5.735679553287866828e-01,-4.346166573687778450e-02
-5.735679553287866828e-01,-4.346166573687778450e-02
-5.735679553287866828e-01,-4.346166573687778450e-02
-4.344161018493744586e-01,1.042635507525970229e-01
-4.344161018493744586e-01,1.042635507525970229e-01
-4.755145097010779476e-01,5.829114219140660302e-03
-5.846415293984007500e-01,-2.380341107948205290e-02
-5.846415293984007500e-01,-2.380341107948205290e-02
-5.846415293984007500e-01,-2.380341107948205290e-02
-5.846415293984007500e-01,-2.380341107948205290e-02
-5.846415293984007500e-01,-2.380341107948205290e-02
-6.475271676312618352e-01,1.299251001265022687e-01
-6.475271676312618352e-01,1.299251001265022687e-01
-6.475271676312618352e-01,1.299251001265022687e-01
-6.475271676312618352e-01,1.299251001265022687e-01
-6.475271676312618352e-01,1.299251001265022687e-01
-6.475271676312618352e-01,1.299251001265022687e-01
-4.984405742807240802e-01,1.857973730502663900e-01
-5.560000178977484442e-01,1.121448533968615463e-01
-3.836734834569199837e-01,1.877363783036982703e-01
-4.286866256689938481e-01,5.853369931325391740e-02
-4.286866256689938481e-01,5.853369931325391740e-02
-4.286866256689938481e-01,5.853369931325391740e-02
-4.286866256689938481e-01,5.853369931325391740e-02
-4.286866256689938481e-01,5.853369931325391740e-02
-4.286866256689938481e-01,5.853369931325391740e-02
-5.620461031375030281e-01,4.086587731407732849e-02
-5.620461031375030281e-01,4.086587731407732849e-02
-5.620461031375030281e-01,4.086587731407732849e-02
-7.195282488171133028e-01,1.125653342314537758e-01
-7.195282488171133028e-01,1.125653342314537758e-01
-7.195282488171133028e-01,1.125653342314537758e-01
-8.186833289082233733e-01,5.634740583245709256e-02
-8.072453579251230860e-01,7.470077303848179917e-02
-8.072453579251230860e-01,7.470077303848179917e-02
-8.072453579251230860e-01,7.470077303848179917e-02
-8.072453579251230860e-01,7.470077303848179917e-02
-8.780763724150091321e-01,8.811896953358228091e-02
-7.380549607361442943e-01,-2.614825804817251520e-02
-6.695331830871554812e-01,1.232977618389548280e-02
-6.103355165544080974e-01,-7.330092054001334512e-02
-6.539292700085567178e-01,-4.779356560567876028e-02
-8.542900364050879380e-01,-9.221231840041275996e-03
-8.542900364050879380e-01,-9.221231840041275996e-03
-8.364316362269174077e-01,1.515323036720992167e-01
-7.040609073465919909e-01,1.816371294794754121e-01
-7.040609073465919909e-01,1.816371294794754121e-01
-7.040609073465919909e-01,1.816371294794754121e-01
-5.614320397322213330e-01,2.089974405184749084e-01
-5.614320397322213330e-01,2.089974405184749084e-01
-5.614320397322213330e-01,2.089974405184749084e-01
-5.614320397322213330e-01,2.089974405184749084e-01
-6.982980226532744528e-01,2.024288453126703025e-01
-6.982980226532744528e-01,2.024288453126703025e-01
-8.013127349752289241e-01,7.733165730387153713e-03
-8.013127349752289241e-01,7.733165730387153713e-03
-8.013127349752289241e-01,7.733165730387153713e-03
-6.445732371294081720e-01,1.409510578395156352e-02
-7.677468323374205816e-01,-1.112320313217658174e-01
-6.396261067405950573e-01,-8.581365011964438294e-02
-6.250857204558267766e-01,-1.388138795324292962e-01
-6.250857204558267766e-01,-1.388138795324292962e-01
-5.158522805034627678e-01,-2.330885796408877497e-01
-5.127862695697726902e-01,-3.414493694495062126e-01
-5.127862695697726902e-01,-3.414493694495062126e-01
-4.004121863982492702e-01,-2.183279758209612509e-01
-5.831059400620186572e-01,-2.595112479986566578e-01
-7.656091762171319814e-01,-1.800965970717050280e-01
-7.656091762171319814e-01,-1.800965970717050280e-01
-5.933562877688893789e-01,-2.782436278475020619e-01
-6.595448516221051882e-01,-1.806645783367135105e-01
-6.595448516221051882e-01,-1.806645783367135105e-01
-7.335226107809373897e-01,-1.033928847753808888e-01
-6.919943958304058951e-01,-1.692244950762437083e-01
-6.919943958304058951e-01,-1.692244950762437083e-01
-6.919943958304058951e-01,-1.692244950762437083e-01
-5.942970969539993487e-01,4.579041766665689628e-02
-5.942970969539993487e-01,4.579041766665689628e-02
-5.942970969539993487e-01,4.579041766665689628e-02
-5.942970969539993487e-01,4.579041766665689628e-02
-5.942970969539993487e-01,4.579041766665689628e-02
-5.942970969539993487e-01,4.579041766665689628e-02
-5.942970969539993487e-01,4.579041766665689628e-02
-5.475858920188151346e-01,9.802364823664699855e-02
-5.381601889631307811e-01,-7.567290758362194003e-02
-5.381601889631307811e-01,-7.567290758362194003e-02
-5.381601889631307811e-01,-7.567290758362194003e-02
-5.381601889631307811e-01,-7.567290758362194003e-02
-5.381601889631307811e-01,-7.567290758362194003e-02
-6.047754777370747403e-01,-6.128417634105666478e-02
-6.047754777370747403e-01,-6.128417634105666478e-02
-3.981995794332106597e-01,9.337887307771720879e-02
-4.391995513576361643e-01,1.145506160209263657e-01
-4.730351367850843536e-01,1.011663673924341478e-02
-4.730351367850843536e-01,1.011663673924341478e-02
-7.521971810897806199e-01,-5.623252962856213621e-02
-7.521971810897806199e-01,-5.623252962856213621e-02
-7.521971810897806199e-01,-5.623252962856213621e-02
-7.726500471257524705e-01,1.358084861501383800e-02
-3.810735670611424264e-01,-3.644032891426685766e-02
-3.935730082357407622e-01,8.953172424326125145e-02
-3.935730082357407622e-01,8.953172424326125145e-02
-2.470377585277311050e-01,-2.016809400396304131e-01
-2.470377585277311050e-01,-2.016809400396304131e-01
-4.715238718627563497e-01,-2.905350984059825170e-01
-4.715238718627563497e-01,-2.905350984059825170e-01
-4.967895662655655298e-01,-1.786812840696075932e-01
-4.967895662655655298e-01,-1.786812840696075932e-01
-4.967895662655655298e-01,-1.786812840696075932e-01
-4.967895662655655298e-01,-1.786812840696075932e-01
-5.903538169606648012e-01,1.681120399496557338e-01
-5.425320540774731803e-01,1.054508756516486928e-01
-5.425320540774731803e-01,1.054508756516486928e-01
-6.834139972980883826e-01,2.978045159377758211e-02
-6.834139972980883826e-01,2.978045159377758211e-02
-5.655078891718757772e-01,-3.489289475948779973e-03
-7.922655295602014647e-01,7.961489736174356957e-02
-8.718914401708647288e-01,1.291520344106079077e-01
-8.718914401708647288e-01,1.291520344106079077e-01
-8.676231939644603042e-01,4.706285457531579619e-02
-8.676231939644603042e-01,4.706285457531579619e-02
-7.673968661831840343e-01,1.641674317489969503e-01
-7.673968661831840343e-01,1.641674317489969503e-01
-7.673968661831840343e-01,1.641674317489969503e-01
-7.673968661831840343e-01,1.641674317489969503e-01
-6.397365637953241757e-01,1.164611635209307217e-01
-6.690853058125324493e-01,1.285527583540162777e-01
-6.690853058125324493e-01,1.285527583540162777e-01
-6.690853058125324493e-01,1.285527583540162777e-01
-6.690853058125324493e-01,1.285527583540162777e-01
-6.690853058125324493e-01,1.285527583540162777e-01
-7.838070814492678062e-01,-1.920559924427733545e-01
-7.838070814492678062e-01,-1.920559924427733545e-01
-7.838070814492678062e-01,-1.920559924427733545e-01
-6.663852382769132054e-01,-2.875799719019211942e-01
-6.292383117850066654e-01,8.307161605672053195e-02
-6.292383117850066654e-01,8.307161605672053195e-02
-6.931951526884360115e-01,-6.634470258240138252e-02
-6.931951526884360115e-01,-6.634470258240138252e-02
-6.931951526884360115e-01,-6.634470258240138252e-02
-6.931951526884360115e-01,-6.634470258240138252e-02
-6.931951526884360115e-01,-6.634470258240138252e-02
-6.931951526884360115e-01,-6.634470258240138252e-02
-5.057778078333846628e-01,-1.074023643897592251e-01
-3.539841837882610198e-01,-6.935177219948984728e-02
-3.402861345195053455e-01,4.414581990913310494e-03
-3.402861345195053455e-01,4.414581990913310494e-03
-4.488939150410105050e-01,-3.431391924717764469e-02
-4.795429224670797463e-01,-4.794118132295432932e-02
-4.795429224670797463e-01,-4.794118132295432932e-02
-4.538767607748231958e-01,2.633587883364618687e-02
-4.707968834371575872e-01,-9.664151228092614232e-02
-4.821739314621339423e-01,2.790433313211711230e-02
-4.821739314621339423e-01,2.790433313211711230e-02
-4.821739314621339423e-01,2.790433313211711230e-02
-3.508903004628135536e-01,2.380329862788567730e-01
-4.910285634753083217e-01,6.117836404557508434e-02
-4.214935651595229649e-01,6.020234075115551975e-03
-4.214935651595229649e-01,6.020234075115551975e-03
-8.739918485301628737e-01,-2.476812029189099859e-02
-8.106113383144094575e-01,1.427456266763109105e-01
-7.708515510662883319e-01,5.161214900802561789e-02
-7.708515510662883319e-01,5.161214900802561789e-02
-7.708515510662883319e-01,5.161214900802561789e-02
-7.708515510662883319e-01,5.161214900802561789e-02
-7.708515510662883319e-01,5.161214900802561789e-02
-7.708515510662883319e-01,5.161214900802561789e-02
-7.708515510662883319e-01,5.161214900802561789e-02
-6.466607108377407931e-01,1.874839765011211412e-01
-6.466607108377407931e-01,1.874839765011211412e-01
-7.314986515507759801e-01,-7.428094956348657574e-02
-7.518469271295497025e-01,-2.522134180700170286e-02
-7.518469271295497025e-01,-2.522134180700170286e-02
-7.121729488546580944e-01,-3.283857131256007200e-05
-7.121729488546580944e-01,-3.283857131256007200e-05
-7.121729488546580944e-01,-3.283857131256007200e-05
-7.121729488546580944e-01,-3.283857131256007200e-05
-7.121729488546580944e-01,-3.283857131256007200e-05
-7.121729488546580944e-01,-3.283857131256007200e-05
-7.121729488546580944e-01,-3.283857131256007200e-05
-6.761649438519919952e-01,9.234046636741223557e-02
-7.501138664802931011e-01,-1.157524532795577016e-01
-7.501138664802931011e-01,-1.157524532795577016e-01
-7.988786060872338224e-01,-3.942815135118543646e-04
-7.988786060872338224e-01,-3.942815135118543646e-04
-7.905620268372882675e-01,-1.145692041885979992e-02
-7.905620268372882675e-01,-1.145692041885979992e-02
-7.209208060816451047e-01,1.032724217663144317e-01
-7.394814263338371774e-01,2.162413229501254086e-01
-6.099198959465772507e-01,-1.326540002876814006e-01
-6.099198959465772507e-01,-1.326540002876814006e-01
-6.727886456007293736e-01,-5.247725953497384133e-02
-6.727886456007293736e-01,-5.247725953497384133e-02
-7.081402982141574709e-01,-1.024024980339686142e-01
-7.081402982141574709e-01,-1.024024980339686142e-01
-7.081402982141574709e-01,-1.024024980339686142e-01
-7.081402982141574709e-01,-1.024024980339686142e-01
-6.052793806538231403e-01,-7.331025084113262924e-05
-6.769672196188314395e-01,1.335838215779950322e-01
-5.290968805453926116e-01,6.477884223435220745e-02
-5.290968805453926116e-01,6.477884223435220745e-02
-6.203490308395024355e-01,-4.121051245553367104e-02
-6.203490308395024355e-01,-4.121051245553367104e-02
-6.203490308395024355e-01,-4.121051245553367104e-02
-6.203490308395024355e-01,-4.121051245553367104e-02
-6.353121212340780977e-01,-3.461747357081108867e-03
-6.353121212340780977e-01,-3.461747357081108867e-03
-6.353121212340780977e-01,-3.461747357081108867e-03
-6.353121212340780977e-01,-3.461747357081108867e-03
-6.353121212340780977e-01,-3.461747357081108867e-03
-6.353121212340780977e-01,-3.461747357081108867e-03
-6.590321525005131686e-01,8.020551682744289645e-02
-6.590321525005131686e-01,8.020551682744289645e-02
-6.590321525005131686e-01,8.020551682744289645e-02
-6.590321525005131686e-01,8.020551682744289645e-02
-6.370999191584012511e-01,-9.142324076928759480e-02
-6.182137356550836405e-01,-7.917021821389809422e-02
-6.182137356550836405e-01,-7.917021821389809422e-02
-6.739765738343824752e-01,-3.294188598280257257e-02
-7.297239504762955686e-01,-7.315308348902734015e-02
-7.297239504762955686e-01,-7.315308348902734015e-02
-7.297239504762955686e-01,-7.315308348902734015e-02
-7.297239504762955686e-01,-7.315308348902734015e-02
-7.297239504762955686e-01,-7.315308348902734015e-02
-4.591267226986770478e-01,9.900102791798003066e-02
-4.904164876715083055e-01,1.244247073461075687e-01
-6.094182571724644504e-01,1.028326669543873223e-01
-6.094182571724644504e-01,1.028326669543873223e-01
-6.094182571724644504e-01,1.028326669543873223e-01
-6.094182571724644504e-01,1.028326669543873223e-01
-6.094182571724644504e-01,1.028326669543873223e-01
-6.094182571724644504e-01,1.028326669543873223e-01
-6.094182571724644504e-01,1.028326669543873223e-01
-5.878027150474798290e-01,9.886528105086524187e-02
-5.878027150474798290e-01,9.886528105086524187e-02
-5.133502711882257374e-01,1.010334684812337624e-02
-6.604212022342682564e-01,-1.340509636526286408e-01
-6.604212022342682564e-01,-1.340509636526286408e-01
-4.706402571603450768e-01,-9.466098995912840264e-02
-4.154290316119883530e-01,1.395569266338497205e-01
-4.154290316119883530e-01,1.395569266338497205e-01
-5.165198586417515392e-01,2.627640538457526320e-01
-3.099216063123160225e-01,2.364654132167264278e-01
-3.099216063123160225e-01,2.364654132167264278e-01
-3.099216063123160225e-01,2.364654132167264278e-01
-3.099216063123160225e-01,2.364654132167264278e-01
-3.099216063123160225e-01,2.364654132167264278e-01
-3.088894093479823688e-01,1.485655623910592527e-01
-3.054340252381125276e-01,2.103510658566515312e-01
-3.054340252381125276e-01,2.103510658566515312e-01
-3.054340252381125276e-01,2.103510658566515312e-01
-3.557969934405079138e-01,-6.127803760193623051e-02
-2.960691756897052551e-01,7.624878539636686936e-02
-8.327289668435733372e-01,1.633957643870604381e-01
-8.327289668435733372e-01,1.633957643870604381e-01
-8.327289668435733372e-01,1.633957643870604381e-01
-8.897774968396900963e-01,1.596782888581357585e-01
-8.145529138929045176e-01,-7.094494397029491028e-02
-8.145529138929045176e-01,-7.094494397029491028e-02
-6.772117977350683438e-01,1.469259267704455807e-01
-6.962345519374879554e-01,-4.782590351968116216e-02
-4.777076130820905320e-01,-5.252369630283183072e-02
-4.777076130820905320e-01,-5.252369630283183072e-02
-4.777076130820905320e-01,-5.252369630283183072e-02
-4.777076130820905320e-01,-5.252369630283183072e-02
-4.777076130820905320e-01,-5.252369630283183072e-02
-4.777076130820905320e-01,-5.252369630283183072e-02
-5.127499232076552227e-01,-9.300847126912545337e-02
-6.262458153181883480e-01,-1.275080127240971750e-01
-7.212956160873420508e-01,-7.035344312606522932e-03
-7.212956160873420508e-01,-7.035344312606522932e-03
-5.189592336898480873e-01,-1.171950985259747648e-03
-5.189592336898480873e-01,-1.171950985259747648e-03
-5.189592336898480873e-01,-1.171950985259747648e-03
-5.189592336898480873e-01,-1.171950985259747648e-03
-5.189592336898480873e-01,-1.171950985259747648e-03
-5.796564510927101344e-01,1.036250814477700372e-01
-4.175228856376657083e-01,4.183173819552882255e-03
-6.482528548510204658e-01,2.858345865023155172e-02
-6.482528548510204658e-01,2.858345865023155172e-02
-7.151681595207760589e-01,4.441489109955201742e-02
-7.151681595207760589e-01,4.441489109955201742e-02
-7.151681595207760589e-01,4.441489109955201742e-02
-5.877893945571658341e-01,1.520042707242942256e-02
-5.877893945571658341e-01,1.520042707242942256e-02
-5.877893945571658341e-01,1.520042707242942256e-02
-5.056951107440785798e-01,-1.422600685280784039e-01
-5.056951107440785798e-01,-1.422600685280784039e-01
-6.242246117408442041e-01,-1.470389212428532266e-01
-6.242246117408442041e-01,-1.470389212428532266e-01
-6.726134359239601679e-01,-2.263148069587889166e-01
-6.726134359239601679e-01,-2.263148069587889166e-01
-4.397604133236932555e-01,4.103552717976671760e-02
-4.397604133236932555e-01,4.103552717976671760e-02
-4.397604133236932555e-01,4.103552717976671760e-02
-4.397604133236932555e-01,4.103552717976671760e-02
-4.397604133236932555e-01,4.103552717976671760e-02
-6.307485332053537341e-01,1.594665376409011293e-01
-7.581747123838874503e-01,4.601968509909584726e-02
-5.500003680600431544e-01,-1.556712448236280411e-02
-3.830864621347235266e-01,1.187143842334664190e-01
-3.830864621347235266e-01,1.187143842334664190e-01
-3.830864621347235266e-01,1.187143842334664190e-01
-3.830864621347235266e-01,1.187143842334664190e-01
-4.773798427308688086e-01,1.007504938051565491e-01
-5.663855831791273499e-01,1.350546933843525810e-01
-7.909419790042984122e-01,5.311369026979309571e-02
-6.222472840577590869e-01,1.533416515755373633e-01
-6.222472840577590869e-01,1.533416515755373633e-01
-6.222472840577590869e-01,1.533416515755373633e-01
-4.238541184442359278e-01,1.205541862379142515e-01
-4.238541184442359278e-01,1.205541862379142515e-01
-5.035544710295553061e-01,1.094577846733191112e-01
-4.226149511284286175e-01,8.572832870662201732e-02
-4.226149511284286175e-01,8.572832870662201732e-02
-3.633260697411166418e-01,-5.806863939095106841e-02
-3.633260697411166418e-01,-5.806863939095106841e-02
-4.651060863908808574e-01,-1.043415994142449232e-01
-7.652721844718763933e-01,9.366840655215272204e-02
-6.768356662355421438e-01,1.271789430101834262e-01
-6.768356662355421438e-01,1.271789430101834262e-01
-6.768356662355421438e-01,1.271789430101834262e-01
-6.768356662355421438e-01,1.271789430101834262e-01
-6.768356662355421438e-01,1.271789430101834262e-01
-6.768356662355421438e-01,1.271789430101834262e-01
-6.964244173509808178e-01,4.117950017486424197e-03
-6.964244173509808178e-01,4.117950017486424197e-03
-6.964244173509808178e-01,4.117950017486424197e-03
-5.788229424078634722e-01,2.288583898751944679e-01
-5.592124888018061846e-01,-2.057082369003490063e-01
-5.592124888018061846e-01,-2.057082369003490063e-01
-5.592124888018061846e-01,-2.057082369003490063e-01
-5.592124888018061846e-01,-2.057082369003490063e-01
-4.082873187988057539e-01,-3.739557798853354598e-02
-4.082873187988057539e-01,-3.739557798853354598e-02
-4.592423528157708046e-01,-3.208986717400727495e-01
-6.791890342020341365e-01,-2.021778642820999394e-01
-6.791890342020341365e-01,-2.021778642820999394e-01
-8.150966845043651210e-01,-2.294817053007555674e-02
-8.150966845043651210e-01,-2.294817053007555674e-02
-8.150966845043651210e-01,-2.294817053007555674e-02
-8.150966845043651210e-01,-2.294817053007555674e-02
-6.632418152244502485e-01,-3.080153719762741132e-02
-6.905478739083782402e-01,-1.466278723911295656e-01
-6.404539560115576347e-01,-8.004327246446672761e-02
-6.167253740743624535e-01,1.264577769774535287e-01
-5.962076488136124341e-01,6.203242885136059370e-02
-6.955935654293563530e-01,7.035788352654552547e-03
-6.955935654293563530e-01,7.035788352654552547e-03
-8.009185074108797764e-01,5.417013792390542107e-03
-8.009185074108797764e-01,5.417013792390542107e-03
-5.992224914343747821e-01,-1.239694457724295484e-01
-5.992224914343747821e-01,-1.239694457724295484e-01
-5.992224914343747821e-01,-1.239694457724295484e-01
-5.992224914343747821e-01,-1.239694457724295484e-01
-5.850223465345804064e-01,-1.782076517267256188e-01
-7.034769929018165335e-01,3.638754062248228394e-02
-7.034769929018165335e-01,3.638754062248228394e-02
-7.034769929018165335e-01,3.638754062248228394e-02
-5.811755444569867146e-01,-6.967932935029404196e-03
-6.397927643230878481e-01,-1.907897244490666944e-01
-6.397927643230878481e-01,-1.907897244490666944e-01
-6.397927643230878481e-01,-1.907897244490666944e-01
-6.397927643230878481e-01,-1.907897244490666944e-01
-6.397927643230878481e-01,-1.907897244490666944e-01
-6.397927643230878481e-01,-1.907897244490666944e-01
-6.035248991024056986e-01,-1.574723245613197375e-01
-8.009910379311421247e-01,-1.355348551510310029e-01
-7.752074769493899620e-01,6.023328700433761007e-03
-7.752074769493899620e-01,6.023328700433761007e-03
-6.288370871003852169e-01,1.604084068415677078e-01
-6.288370871003852169e-01,1.604084068415677078e-01
-6.288370871003852169e-01,1.604084068415677078e-01
-6.288370871003852169e-01,1.604084068415677078e-01
-6.288370871003852169e-01,1.604084068415677078e-01
-5.249935461488994815e-01,2.194765954951049536e-01
-5.249935461488994815e-01,2.194765954951049536e-01
-6.206882044019743638e-01,1.273840397328507290e-01
-7.388943429578093136e-01,1.292687449753710804e-01
-7.388943429578093136e-01,1.292687449753710804e-01
-7.508706405387270966e-01,1.108061814528295552e-01
-8.073919855652406108e-01,-4.915970155413104670e-03
-5.490955962957555503e-01,-1.509684361113043938e-01
-4.978254549593297273e-01,-2.294995088793629068e-01
-3.818769732557447116e-01,-1.276982072414359903e-01
-3.818769732557447116e-01,-1.276982072414359903e-01
-4.135201150570627648e-01,-1.187141521256714766e-01
-4.135201150570627648e-01,-1.187141521256714766e-01
-4.135201150570627648e-01,-1.187141521256714766e-01
-4.406154861816465873e-01,-6.587119893109102953e-02
-4.679235618997186208e-01,-1.366722726702049306e-01
-3.726873667025770720e-01,-1.415840871854061600e-01
-3.726873667025770720e-01,-1.415840871854061600e-01
-3.537948599897908775e-01,-8.408706008130382992e-02
-5.628877360823814069e-01,4.582188216303199890e-02
-5.628877360823814069e-01,4.582188216303199890e-02
-5.628877360823814069e-01,4.582188216303199890e-02
-5.628877360823814069e-01,4.582188216303199890e-02
-6.856790693670610226e-01,8.656023640281391984e-02
-6.856790693670610226e-01,8.656023640281391984e-02
-7.910374791530765393e-01,6.313870993836828704e-02
-7.449289348451338943e-01,2.147166840852938324e-02
-6.940968424383869850e-01,2.124738569330800186e-02
-6.940968424383869850e-01,2.124738569330800186e-02
-6.940968424383869850e-01,2.124738569330800186e-02
-3.840562489970021365e-01,-4.808578518177537842e-02
-3.033748814175171726e-01,4.273411152834272198e-02
-4.978201209998929233e-01,2.313666887858711885e-02
-5.043341624812548440e-01,5.661947245497368081e-02
-5.043341624812548440e-01,5.661947245497368081e-02
-7.126306730670410872e-01,-5.185961101172639059e-02
-6.406909323629544906e-01,-2.068622261862741382e-02
-6.406909323629544906e-01,-2.068622261862741382e-02
-6.406909323629544906e-01,-2.068622261862741382e-02
-6.406909323629544906e-01,-2.068622261862741382e-02
-4.906172735556516562e-01,-2.124659637940242152e-01
-4.906172735556516562e-01,-2.124659637940242152e-01
-6.224785852544056919e-01,-1.857221361597189702e-01
-6.544403834739865866e-01,3.585845897826372974e-03
-5.115340361401990998e-01,-3.124249434011028281e-01
-5.115340361401990998e-01,-3.124249434011028281e-01
-5.115340361401990998e-01,-3.124249434011028281e-01
-5.774403826317034971e-01,-2.110275553538158433e-01
-7.125193374010919678e-01,-1.249997169101957767e-01
-8.193976065471886283e-01,1.467645971229341595e-01
-4.987752614090326664e-01,-2.116033749988336932e-01
-4.987752614090326664e-01,-2.116033749988336932e-01
-3.560934294073674344e-01,-2.909347640111581423e-02
-3.560934294073674344e-01,-2.909347640111581423e-02
-3.700515437160208920e-01,-1.114048733634125377e-01
-4.981662435403146905e-01,6.279519391457777377e-02
-4.981662435403146905e-01,6.279519391457777377e-02
-4.981662435403146905e-01,6.279519391457777377e-02
-4.981662435403146905e-01,6.279519391457777377e-02
-4.272861125268958560e-01,-6.086772668766930738e-02
-4.780655547944759887e-01,5.544361722233212553e-02
-4.780655547944759887e-01,5.544361722233212553e-02
-4.780655547944759887e-01,5.544361722233212553e-02
-4.780655547944759887e-01,5.544361722233212553e-02
-4.780655547944759887e-01,5.544361722233212553e-02
-4.994981392652750318e-01,4.742450052795964266e-03
-5.202248389007378959e-01,4.435686738752370878e-02
-5.361225786853597297e-01,4.138211448979575019e-02
-5.361225786853597297e-01,4.138211448979575019e-02
-5.361225786853597297e-01,4.138211448979575019e-02
-5.361225786853597297e-01,4.138211448979575019e-02
-5.361225786853597297e-01,4.138211448979575019e-02
-5.361225786853597297e-01,4.138211448979575019e-02
-6.025304363414113462e-01,1.183661938225311072e-01
-6.025304363414113462e-01,1.183661938225311072e-01
-6.442687702763411073e-01,1.081167049575863237e-01
-6.442687702763411073e-01,1.081167049575863237e-01
-6.442687702763411073e-01,1.081167049575863237e-01
-5.540629377772815500e-01,1.164645850048466047e-01
-5.540629377772815500e-01,1.164645850048466047e-01
-5.540629377772815500e-01,1.164645850048466047e-01
-5.507764812277393673e-01,1.214616734276616206e-01
-4.872765285234309518e-01,1.936528736272165874e-01
-7.479843458055346339e-01,1.548210831053176695e-01
-7.479843458055346339e-01,1.548210831053176695e-01
-7.983736877747129590e-01,-2.641070602057835059e-02
-5.774004716708097673e-01,-3.745682669393676778e-02
-5.774004716708097673e-01,-3.745682669393676778e-02
-5.774004716708097673e-01,-3.745682669393676778e-02
-5.774004716708097673e-01,-3.745682669393676778e-02
-5.957868362639886506e-01,-8.253412590097317092e-02
-5.892471215030579135e-01,2.760920110994471988e-02
-6.197186807053586266e-01,2.406770604243863299e-01
-5.031884527037795429e-01,1.001437284868218758e-01
-5.533173751963544884e-01,8.495749104128919038e-02
-5.533173751963544884e-01,8.495749104128919038e-02
-5.533173751963544884e-01,8.495749104128919038e-02
-5.533173751963544884e-01,8.495749104128919038e-02
-5.533173751963544884e-01,8.495749104128919038e-02
-4.947005561500854576e-01,1.578930975519806101e-01
-4.947005561500854576e-01,1.578930975519806101e-01
-4.947005561500854576e-01,1.578930975519806101e-01
-4.947005561500854576e-01,1.578930975519806101e-01
-4.947005561500854576e-01,1.578930975519806101e-01
-4.947005561500854576e-01,1.578930975519806101e-01
-4.696758330662329506e-01,7.243175470918630787e-02
-3.906496220368270711e-01,1.137250949814355705e-02
-4.426513365098713737e-01,-1.531154948124965887e-01
-4.426513365098713737e-01,-1.531154948124965887e-01
-1.820927973095422536e-01,-5.473552807825858568e-02
-1.820927973095422536e-01,-5.473552807825858568e-02
-2.935666732273289892e-01,-1.093195484283268071e-01
-3.781113754048495701e-01,-1.259851288486506238e-02
-6.467195282984181670e-01,1.681330793057935757e-01
-6.467195282984181670e-01,1.681330793057935757e-01
-7.662383860485151299e-01,9.556953634449621982e-02
-7.662383860485151299e-01,9.556953634449621982e-02
-7.662383860485151299e-01,9.556953634449621982e-02
-7.594175188162678447e-01,1.198931391615085801e-01
-7.594175188162678447e-01,1.198931391615085801e-01
-5.904161755956647273e-01,1.490515665581206572e-01
-5.070419138043444907e-01,1.155244773010880716e-01
-5.990568352756127091e-01,3.024229779347677172e-02
-7.044023164175067242e-01,2.832796733265120076e-02
-7.044023164175067242e-01,2.832796733265120076e-02
-6.818957751327160421e-01,-2.707433718140741380e-02
-7.535459064842673360e-01,2.176292863762565866e-01
-6.229319749355626268e-01,9.095306293861479818e-02
-6.559339265010448727e-01,-1.609603122463134917e-01
-7.058420399630458419e-01,-1.127825359937541794e-01
-7.058420399630458419e-01,-1.127825359937541794e-01
-7.058420399630458419e-01,-1.127825359937541794e-01
-7.276237540476910848e-01,-1.348011591471695581e-01
-4.669590269812175509e-01,-1.928181722804600540e-02
-4.669590269812175509e-01,-1.928181722804600540e-02
-4.758740907092575689e-01,-9.727584906673933385e-02
-4.425437604038230388e-01,6.881204521328967982e-03
-4.514508396528535417e-01,7.655898714919223691e-02
-4.514508396528535417e-01,7.655898714919223691e-02
-7.303601353319684186e-01,8.350117352682238925e-02
-7.303601353319684186e-01,8.350117352682238925e-02
-5.717628921662165631e-01,1.166105003437145210e-01
-5.717628921662165631e-01,1.166105003437145210e-01
-5.786398887922838963e-01,1.728547773128634168e-01
-5.085862352732869462e-01,2.181058182164056225e-01
-5.121488368819581138e-01,2.064743713246934564e-01
-5.121488368819581138e-01,2.064743713246934564e-01
-5.121488368819581138e-01,2.064743713246934564e-01
-5.121488368819581138e-01,2.064743713246934564e-01
-5.121488368819581138e-01,2.064743713246934564e-01
-3.990790784505000577e-01,4.474335770173265558e-02
-7.149310861831661423e-01,4.341190852814107159e-02
-5.601536197281152818e-01,1.464701441580610608e-01
-5.497701377272437018e-01,1.328549500657968674e-01
-5.497701377272437018e-01,1.328549500657968674e-01
-6.928763239987882905e-01,-1.188277752819278110e-01
-9.303428937719830927e-01,-8.568318741876794487e-02
-7.791511085933322533e-01,6.816927471246463088e-02
-6.067976070116262166e-01,7.296645432782414287e-02
-6.346425442133246664e-01,7.444117351709239605e-02
-5.457787121086806748e-01,-2.343571074278490984e-01
-6.159215951965778535e-01,2.257522634873061484e-01
-7.914773964033318121e-01,7.590185502004295759e-02
-6.976200762053549331e-01,1.496167699626647918e-01
-6.659420665300502806e-01,-2.030890575926078134e-02
-6.659420665300502806e-01,-2.030890575926078134e-02
-6.659420665300502806e-01,-2.030890575926078134e-02
-6.659420665300502806e-01,-2.030890575926078134e-02
-5.679049968500734513e-01,1.524191424658047633e-01
-6.681206099801132448e-01,2.057458226606653784e-01
-5.867395639206408609e-01,1.896163314471169259e-02
-5.735907336648602417e-01,-5.452539653892254923e-02
-5.735907336648602417e-01,-5.452539653892254923e-02
-6.083231762659325748e-01,6.048848151440613941e-02
-6.083231762659325748e-01,6.048848151440613941e-02
-3.655050120066167252e-01,-1.836155567288418056e-02
-4.604700268857257472e-01,-1.620162800262116981e-02
-5.213398114521228255e-01,-3.927810896435053600e-02
-6.508046640038485098e-01,-9.872087210937077750e-02
-6.508046640038485098e-01,-9.872087210937077750e-02
-6.508046640038485098e-01,-9.872087210937077750e-02
-6.508046640038485098e-01,-9.872087210937077750e-02
-6.455723078700263962e-01,-7.168532631451195181e-02
-6.455723078700263962e-01,-7.168532631451195181e-02
-4.968396700548632916e-01,6.833493591593699235e-02
-4.968396700548632916e-01,6.833493591593699235e-02
-4.968396700548632916e-01,6.833493591593699235e-02
-4.968396700548632916e-01,6.833493591593699235e-02
-5.236017060189998018e-01,8.779409512088764966e-02
-5.236017060189998018e-01,8.779409512088764966e-02
-5.236017060189998018e-01,8.779409512088764966e-02
-5.236017060189998018e-01,8.779409512088764966e-02
-4.306805330393308484e-01,-7.002166652197910901e-02
-4.306805330393308484e-01,-7.002166652197910901e-02
-5.082680941215442783e-01,5.024256325548391577e-02
-5.864838583415099560e-01,-7.868893964120242390e-02
-4.800428840171673817e-01,-2.274640534270819248e-02
-3.883734510231859893e-01,2.458238805007847277e-02
-3.883734510231859893e-01,2.458238805007847277e-02
-3.706940993174991927e-01,-2.213170563780813005e-01
-3.706940993174991927e-01,-2.213170563780813005e-01
-3.963074886399523544e-01,-3.079910822849503127e-01
-3.963074886399523544e-01,-3.079910822849503127e-01
-3.963074886399523544e-01,-3.079910822849503127e-01
-3.963074886399523544e-01,-3.079910822849503127e-01
-3.963074886399523544e-01,-3.079910822849503127e-01
-3.963074886399523544e-01,-3.079910822849503127e-01
-2.638966041891865899e-01,-1.721654607185814090e-01
-3.072517713547940343e-01,-2.373986636116001692e-01
-5.441378702615904395e-01,-3.856669041188749980e-01
-6.571889322133290801e-01,-3.099046909964537355e-01
-7.152625799559646502e-01,-3.696817900183239081e-01
-7.152625799559646502e-01,-3.696817900183239081e-01
-7.152625799559646502e-01,-3.696817900183239081e-01
-7.599697473943564097e-01,-4.358709716342331619e-01
-7.599697473943564097e-01,-4.358709716342331619e-01
-7.599697473943564097e-01,-4.358709716342331619e-01
-6.172547074719713089e-01,-5.578807319030074652e-01
-5.506123578173731659e-01,-4.580323688707347296e-01
-5.506123578173731659e-01,-4.580323688707347296e-01
-5.506123578173731659e-01,-4.580323688707347296e-01
-5.042027950217261578e-01,-4.696066582577506088e-01
-5.252065759903337128e-01,-5.861261688684364923e-01
-3.571951759735620957e-01,-4.850935499827659370e-01
-3.571951759735620957e-01,-4.850935499827659370e-01
-3.571951759735620957e-01,-4.850935499827659370e-01
-1.265723506009704402e-01,-4.380725109866923095e-01
-1.571254675955627012e-01,-4.141154908066209117e-01
-2.438309997605367929e-01,-1.053902533421614551e-01
-3.702714469040454537e-01,2.019560450368301785e-01
-5.704474453342198714e-01,2.149095674691555435e-01
-6.175326196487490593e-01,1.066585859845509965e-01
-5.971321001830809383e-01,-8.268897558518337187e-02
-5.189435473414163447e-01,1.120609098909067791e-01
-5.189435473414163447e-01,1.120609098909067791e-01
-5.189435473414163447e-01,1.120609098909067791e-01
-5.325254279468196739e-01,-8.732357813895022525e-02
-5.551658971154709299e-01,-1.304104847369699227e-01
-6.141510820856931341e-01,5.540209091590483914e-02
-6.141510820856931341e-01,5.540209091590483914e-02
-6.141510820856931341e-01,5.540209091590483914e-02
-6.141510820856931341e-01,5.540209091590483914e-02
-5.274085706104300053e-01,1.961549614067491232e-03
-4.978093562592360022e-01,-2.499871672153062760e-02
-4.978093562592360022e-01,-2.499871672153062760e-02
-5.485004280395616716e-01,-1.124391635774072279e-01
-5.273149982505982436e-01,-1.946606571962510301e-01
-6.305685780222426429e-01,1.148409766268161936e-01
-6.305685780222426429e-01,1.148409766268161936e-01
-6.286007085165381536e-01,2.880320043837775179e-02
-6.719626914026037845e-01,1.352741307536229343e-01
-6.862168791756907416e-01,2.172806588583568732e-02
-6.862168791756907416e-01,2.172806588583568732e-02
-3.964100789103747746e-01,-6.679905706810543298e-02
-3.964100789103747746e-01,-6.679905706810543298e-02
-3.964100789103747746e-01,-6.679905706810543298e-02
-5.080449074567886525e-01,2.960669588339848168e-02
-5.287760701181367651e-01,-2.629815723383109594e-02
-5.287760701181367651e-01,-2.629815723383109594e-02
-6.396325454732350035e-01,1.037906909820738716e-01
-6.396325454732350035e-01,1.037906909820738716e-01
-6.465319565642191346e-01,1.265284444587613244e-01
-6.465319565642191346e-01,1.265284444587613244e-01
-6.703216098709053883e-01,-1.330898751338864261e-01
-6.703216098709053883e-01,-1.330898751338864261e-01
-7.537585367313496265e-01,1.908037861588698925e-01
-7.353333673040243212e-01,-9.844809940428933537e-02
-7.353333673040243212e-01,-9.844809940428933537e-02
-7.353333673040243212e-01,-9.844809940428933537e-02
-6.041428026946059626e-01,1.020846785044397798e-02
-6.041428026946059626e-01,1.020846785044397798e-02
-6.041428026946059626e-01,1.020846785044397798e-02
-5.264312678280375080e-01,5.821597852319102678e-02
-6.155071292873601774e-01,5.388727168314499938e-02
-6.155071292873601774e-01,5.388727168314499938e-02
-6.318034868994342190e-01,5.325166100696340082e-02
-6.318034868994342190e-01,5.325166100696340082e-02
-6.318034868994342190e-01,5.325166100696340082e-02
-6.318034868994342190e-01,5.325166100696340082e-02
-6.318034868994342190e-01,5.325166100696340082e-02
-6.318034868994342190e-01,5.325166100696340082e-02
-5.412320461495738755e-01,3.237430615690659041e-02
-5.412320461495738755e-01,3.237430615690659041e-02
-5.719560238608130120e-01,-1.637770152408192514e-01
-5.950250445981500880e-01,2.179808172858080373e-02
-7.468135949387196826e-01,-9.995402452642984659e-02
-7.468135949387196826e-01,-9.995402452642984659e-02
-7.468135949387196826e-01,-9.995402452642984659e-02
-6.020895012394157364e-01,-2.195610658788633707e-01
-6.020895012394157364e-01,-2.195610658788633707e-01
-3.966592613752472074e-01,-2.141080002477672162e-01
-4.778139893022227414e-01,-1.441278103967116864e-01
-4.778139893022227414e-01,-1.441278103967116864e-01
-4.778139893022227414e-01,-1.441278103967116864e-01
-4.998026163514380227e-01,-1.522270204673977223e-01
-4.998026163514380227e-01,-1.522270204673977223e-01
-6.274057609015977199e-01,-6.273784132624904419e-02
-5.110316254366857880e-01,-2.139902186271030460e-01
-5.110316254366857880e-01,-2.139902186271030460e-01
-5.110316254366857880e-01,-2.139902186271030460e-01
-5.250194009294248954e-01,-1.575318897599994328e-01
-4.637048357276879473e-01,-6.801373117089362652e-02
-4.637048357276879473e-01,-6.801373117089362652e-02
-4.637048357276879473e-01,-6.801373117089362652e-02
-4.292501261598112849e-01,-1.256473289601746091e-01
-3.170691261393241978e-01,1.820342444126463177e-02
-3.106080515327160341e-01,2.720377716706610938e-02
-2.483253986576609562e-01,6.269597161860687717e-02
-2.483253986576609562e-01,6.269597161860687717e-02
-3.211442988506444940e-01,2.261811925092439141e-02
-3.211442988506444940e-01,2.261811925092439141e-02
-3.211442988506444940e-01,2.261811925092439141e-02
-3.343468172707466102e-01,6.978400198673773147e-02
-3.343468172707466102e-01,6.978400198673773147e-02
-5.855531977171433144e-01,-1.205405317686678857e-01
-5.855531977171433144e-01,-1.205405317686678857e-01
-5.855531977171433144e-01,-1.205405317686678857e-01
-5.855531977171433144e-01,-1.205405317686678857e-01
-5.855531977171433144e-01,-1.205405317686678857e-01
-5.855531977171433144e-01,-1.205405317686678857e-01
-6.113474714190444415e-01,-1.945801633490115146e-01
-5.787169369810116759e-01,-2.616806301076162189e-01
-5.240790772651996443e-01,-2.232695869045453196e-01
-5.240790772651996443e-01,-2.232695869045453196e-01
-5.240790772651996443e-01,-2.232695869045453196e-01
-5.240790772651996443e-01,-2.232695869045453196e-01
-6.548350007489087687e-01,-3.065406502644967834e-01
-6.548350007489087687e-01,-3.065406502644967834e-01
-7.745378403081825125e-01,-3.115487870853539398e-02
-7.745378403081825125e-01,-3.115487870853539398e-02
-7.745378403081825125e-01,-3.115487870853539398e-02
-6.865431398582368949e-01,-3.813080228974504576e-02
-6.865431398582368949e-01,-3.813080228974504576e-02
-6.865431398582368949e-01,-3.813080228974504576e-02
-6.865431398582368949e-01,-3.813080228974504576e-02
-6.865431398582368949e-01,-3.813080228974504576e-02
-6.865431398582368949e-01,-3.813080228974504576e-02
-7.000934562061872368e-01,1.121097869429314997e-01
-6.955839930249259062e-01,1.373113504694054021e-01
-6.955839930249259062e-01,1.373113504694054021e-01
-8.462508120933198708e-01,-5.161587318477675601e-02
-8.383171298915053082e-01,8.302231067138804432e-02
-8.383171298915053082e-01,8.302231067138804432e-02
-8.383171298915053082e-01,8.302231067138804432e-02
-6.316733243454835112e-01,-1.954576115744455223e-03
-6.316733243454835112e-01,-1.954576115744455223e-03
-6.981194937891566088e-01,3.305828842351709457e-02
-6.981194937891566088e-01,3.305828842351709457e-02
-5.778912564803355689e-01,1.070291957678594363e-01
-5.778912564803355689e-01,1.070291957678594363e-01
-5.778912564803355689e-01,1.070291957678594363e-01
-5.778912564803355689e-01,1.070291957678594363e-01
-3.119431759592010134e-01,1.202970194529111025e-01
-4.912835989344165322e-01,1.507316938691113106e-01
-7.565595772573259215e-01,2.257449708947026346e-02
-7.565595772573259215e-01,2.257449708947026346e-02
-7.565595772573259215e-01,2.257449708947026346e-02
-7.565595772573259215e-01,2.257449708947026346e-02
-7.565595772573259215e-01,2.257449708947026346e-02
-7.396783849506421982e-01,4.012080229721887159e-02
-7.396783849506421982e-01,4.012080229721887159e-02
-7.396783849506421982e-01,4.012080229721887159e-02
-7.785953525044884138e-01,5.361057371676915956e-02
-6.739019843700932988e-01,1.258965815385282294e-01
-7.280674457909986907e-01,-4.761654733692471941e-02
-7.280674457909986907e-01,-4.761654733692471941e-02
-7.280674457909986907e-01,-4.761654733692471941e-02
-7.280674457909986907e-01,-4.761654733692471941e-02
-7.280674457909986907e-01,-4.761654733692471941e-02
-6.268641191351124187e-01,-1.673319013520139231e-01
-5.591437102147901461e-01,-3.579284182661974789e-01
-5.591437102147901461e-01,-3.579284182661974789e-01
-6.828143361876189976e-01,-1.178977428173357267e-01
-6.828143361876189976e-01,-1.178977428173357267e-01
-6.828143361876189976e-01,-1.178977428173357267e-01
-6.828143361876189976e-01,-1.178977428173357267e-01
-6.828143361876189976e-01,-1.178977428173357267e-01
-6.072522911389759415e-01,-1.750007941960973201e-01
-6.616617785424298015e-01,-1.405218267741649985e-01
-6.184112914181092435e-01,-1.873028784766522792e-01
-5.949339493186519556e-01,-5.291045628615381746e-02
-5.949339493186519556e-01,-5.291045628615381746e-02
-5.949339493186519556e-01,-5.291045628615381746e-02
-7.488620107464307729e-01,-1.103288778932045716e-01
-7.488620107464307729e-01,-1.103288778932045716e-01
-4.978632160621338509e-01,-2.170285718044685508e-01
-4.978632160621338509e-01,-2.170285718044685508e-01
-7.387443399155571022e-01,-2.463493175113423417e-01
-7.387443399155571022e-01,-2.463493175113423417e-01
-7.387443399155571022e-01,-2.463493175113423417e-01
-5.579139152673199264e-01,-1.930782677481998610e-01
-4.192777080911713750e-01,-1.218535556061882963e-01
-4.192777080911713750e-01,-1.218535556061882963e-01
-4.192777080911713750e-01,-1.218535556061882963e-01
-4.192777080911713750e-01,-1.218535556061882963e-01
-4.595741386148702867e-01,-3.596395151884256014e-02
-4.679920879385604526e-01,-1.747202755956927533e-01
-5.626904276908029079e-01,-2.272310977002886812e-01
-5.607489961167163584e-01,-1.173144051912528019e-02
-8.246006644546834963e-01,-1.212697120757820768e-01
-7.010351137129481325e-01,-1.575941796342546497e-01
-7.010351137129481325e-01,-1.575941796342546497e-01
-7.010351137129481325e-01,-1.575941796342546497e-01
-3.959130498129740383e-01,3.692747581522273781e-02
-4.887722430732601708e-01,1.226567574532176214e-01
-4.887722430732601708e-01,1.226567574532176214e-01
-6.188810459227183092e-01,-2.005727206292630405e-02
-6.188810459227183092e-01,-2.005727206292630405e-02
-7.968666290449372136e-01,-8.334773474459129805e-02
-7.857606079863040938e-01,-8.553790091114900351e-02
-7.857606079863040938e-01,-8.553790091114900351e-02
-6.014008998940736372e-01,8.976091035044833633e-03
-6.014008998940736372e-01,8.976091035044833633e-03
-4.728216148615236314e-01,1.226982875654060307e-01
-3.852589884847488211e-01,5.426580968007643779e-02
-5.954205382622578258e-01,-4.602489688641675514e-02
-6.504784533942560287e-01,1.190443931376958253e-02
-7.835947679182906356e-01,1.143089872544703345e-01
-7.835947679182906356e-01,1.143089872544703345e-01
-7.835947679182906356e-01,1.143089872544703345e-01
-7.606226993926078483e-01,-1.064789125016903926e-01
-7.606226993926078483e-01,-1.064789125016903926e-01
-7.606226993926078483e-01,-1.064789125016903926e-01
-7.606226993926078483e-01,-1.064789125016903926e-01
-7.606226993926078483e-01,-1.064789125016903926e-01
-7.606226993926078483e-01,-1.064789125016903926e-01
-7.852846347106500202e-01,-1.578674479241567175e-01
-7.852846347106500202e-01,-1.578674479241567175e-01
-7.852846347106500202e-01,-1.578674479241567175e-01
-9.099894742637877343e-01,-1.107751504576327817e-01
-9.579904470962282703e-01,-6.574727368129583416e-02
-9.579904470962282703e-01,-6.574727368129583416e-02
-8.652705516036132138e-01,1.938298320519146190e-01
-8.652705516036132138e-01,1.938298320519146190e-01
-8.652705516036132138e-01,1.938298320519146190e-01
-8.652705516036132138e-01,1.938298320519146190e-01
-8.982086028874299855e-01,4.682535356539660465e-02
-8.982086028874299855e-01,4.682535356539660465e-02
-8.982086028874299855e-01,4.682535356539660465e-02
-9.845861579403617503e-01,1.037595183695077666e-01
-9.845861579403617503e-01,1.037595183695077666e-01
-7.605559736890806777e-01,-2.426114022003477699e-01
-7.605559736890806777e-01,-2.426114022003477699e-01
-7.605559736890806777e-01,-2.426114022003477699e-01
-7.605559736890806777e-01,-2.426114022003477699e-01
-7.605559736890806777e-01,-2.426114022003477699e-01
-6.863971079342725545e-01,-3.744150356059813833e-01
-6.863971079342725545e-01,-3.744150356059813833e-01
-6.863971079342725545e-01,-3.744150356059813833e-01
-7.096899509556084951e-01,-3.183370045674036031e-01
-7.096899509556084951e-01,-3.183370045674036031e-01
-7.096899509556084951e-01,-3.183370045674036031e-01
-7.096899509556084951e-01,-3.183370045674036031e-01
-7.748266395072218593e-01,-1.525553516295556356e-01
-5.966695101151552327e-01,-4.475380166773294810e-02
-5.966695101151552327e-01,-4.475380166773294810e-02
-5.966695101151552327e-01,-4.475380166773294810e-02
-5.966695101151552327e-01,-4.475380166773294810e-02
-5.966695101151552327e-01,-4.475380166773294810e-02
-5.966695101151552327e-01,-4.475380166773294810e-02
-4.632962708051954204e-01,1.517289555196539852e-01
-4.246604876545473362e-01,1.378373472863881344e-01
-4.246604876545473362e-01,1.378373472863881344e-01
-4.246604876545473362e-01,1.378373472863881344e-01
-4.246604876545473362e-01,1.378373472863881344e-01
-4.246604876545473362e-01,1.378373472863881344e-01
-4.246604876545473362e-01,1.378373472863881344e-01
-4.246604876545473362e-01,1.378373472863881344e-01
-7.362825208004166733e-01,2.160920377132786174e-01
-4.444823003082385982e-01,-2.506201572865620619e-01
-4.444823003082385982e-01,-2.506201572865620619e-01
-4.444823003082385982e-01,-2.506201572865620619e-01
-4.444823003082385982e-01,-2.506201572865620619e-01
-3.998581406425284479e-01,-3.070916643881574926e-01
-3.153625997787878887e-01,-9.997116161672611745e-02
-3.153625997787878887e-01,-9.997116161672611745e-02
-3.153625997787878887e-01,-9.997116161672611745e-02
-4.966049399426764044e-01,1.009069485689416679e-01
-4.966049399426764044e-01,1.009069485689416679e-01
-4.966049399426764044e-01,1.009069485689416679e-01
-4.966049399426764044e-01,1.009069485689416679e-01
-6.721598960531360856e-01,1.055861137255958981e-01
-6.721598960531360856e-01,1.055861137255958981e-01
-7.225787865873061211e-01,1.190678481958531293e-01
-7.225787865873061211e-01,1.190678481958531293e-01
-6.240961588926932091e-01,-5.516554297622498770e-02
-6.240961588926932091e-01,-5.516554297622498770e-02
-6.240961588926932091e-01,-5.516554297622498770e-02
-5.517339394549179987e-01,1.370363648372456555e-02
-5.517339394549179987e-01,1.370363648372456555e-02
-5.517339394549179987e-01,1.370363648372456555e-02
-5.517339394549179987e-01,1.370363648372456555e-02
-6.218882705471503458e-01,1.364014700759565990e-01
-7.786173106369782548e-01,1.991886494062747315e-01
-7.786173106369782548e-01,1.991886494062747315e-01
-8.440144414733681266e-01,-2.057819756055424554e-01
-7.827486834623739176e-01,-1.342433364490511760e-01
-7.827486834623739176e-01,-1.342433364490511760e-01
-7.827486834623739176e-01,-1.342433364490511760e-01
-4.859604850429778966e-01,-6.678432587053612091e-02
-4.859604850429778966e-01,-6.678432587053612091e-02
-4.602475084388569226e-01,-4.324920224745412711e-02
-7.494077336439646242e-01,1.703445556019226315e-01
-7.494077336439646242e-01,1.703445556019226315e-01
-7.494077336439646242e-01,1.703445556019226315e-01
-7.494077336439646242e-01,1.703445556019226315e-01
-6.667284177780576915e-01,2.041319970794537864e-01
-6.588695430541886555e-01,4.153314500848973023e-02
-6.588695430541886555e-01,4.153314500848973023e-02
-7.752723452097586287e-01,-3.040410086363279363e-02
-7.434505431501881034e-01,1.099723766467239905e-01
-7.434505431501881034e-01,1.099723766467239905e-01
-7.434505431501881034e-01,1.099723766467239905e-01
-6.515988257059678324e-01,6.640320070436953048e-02
-6.515988257059678324e-01,6.640320070436953048e-02
-6.515988257059678324e-01,6.640320070436953048e-02
-6.515988257059678324e-01,6.640320070436953048e-02
-5.719879370835302401e-01,-6.330490122652399076e-02
-4.253205971193302903e-01,1.419067525710526745e-02
-5.760571827803181444e-01,5.603625066810098004e-02
-4.701343847211095772e-01,9.417256869550677534e-02
-4.701343847211095772e-01,9.417256869550677534e-02
-5.636757838642176832e-01,5.442890533986203400e-02
-8.014993614278840273e-01,2.750325652218496564e-01
-7.629185460100917915e-01,2.553608267819379440e-01
-7.629185460100917915e-01,2.553608267819379440e-01
-4.486896284379000011e-01,2.403094307605222468e-01
-4.486896284379000011e-01,2.403094307605222468e-01
-4.486896284379000011e-01,2.403094307605222468e-01
-5.654712870964724303e-01,1.359081113409231767e-01
-5.780394598283382646e-01,1.181158615697156661e-01
-7.188202529205686142e-01,-9.527431623518285708e-02
-7.188202529205686142e-01,-9.527431623518285708e-02
-7.188202529205686142e-01,-9.527431623518285708e-02
-7.188202529205686142e-01,-9.527431623518285708e-02
-7.188202529205686142e-01,-9.527431623518285708e-02
-7.188202529205686142e-01,-9.527431623518285708e-02
-5.032533338788871546e-01,-3.609831639996369246e-03
-5.265400862546972816e-01,-4.137188404299289336e-03
-4.525820051797191379e-01,1.614633255431786873e-02
-4.174194662107459375e-01,-1.257186254500138323e-01
-4.027065753171412688e-01,-9.845346283573799817e-02
-4.027065753171412688e-01,-9.845346283573799817e-02
-4.027065753171412688e-01,-9.845346283573799817e-02
-4.027065753171412688e-01,-9.845346283573799817e-02
-6.819259518578069112e-01,-1.518756604809231026e-01
-6.819259518578069112e-01,-1.518756604809231026e-01
-6.819259518578069112e-01,-1.518756604809231026e-01
-6.819259518578069112e-01,-1.518756604809231026e-01
-6.819259518578069112e-01,-1.518756604809231026e-01
-3.223767876164835289e-01,-1.516888221962293948e-01
-3.223767876164835289e-01,-1.516888221962293948e-01
-6.297839875534316789e-01,-3.346058046081402115e-01
-7.180999694955880752e-01,-4.484388382198983836e-01
-7.180999694955880752e-01,-4.484388382198983836e-01
-5.395933111204906929e-01,-3.740849035588128535e-01
-6.181369757380561492e-01,-3.585678118321952712e-01
-6.181369757380561492e-01,-3.585678118321952712e-01
-3.687474948307358225e-01,-1.156401596637091078e-01
-3.687474948307358225e-01,-1.156401596637091078e-01
-3.439858260649887867e-01,-9.054791653173274724e-02
-3.439858260649887867e-01,-9.054791653173274724e-02
-3.296471664627897424e-01,7.688231323545735574e-04
-2.950273028234109973e-01,-9.178294184001545286e-02
-4.435351525157980035e-01,-1.072238449620886991e-01
-3.552617187090958417e-01,-2.266695546815361562e-02
-3.552617187090958417e-01,-2.266695546815361562e-02
-7.188272952234260327e-01,-1.831594307479241790e-01
-7.188272952234260327e-01,-1.831594307479241790e-01
-7.188272952234260327e-01,-1.831594307479241790e-01
-7.188272952234260327e-01,-1.831594307479241790e-01
-7.188272952234260327e-01,-1.831594307479241790e-01
-6.452041404729133012e-01,-2.160099579604272124e-01
-6.452041404729133012e-01,-2.160099579604272124e-01
-8.182138462560329950e-01,-3.484110436881315831e-02
-7.079794234551786136e-01,1.221841710776735979e-01
-5.429274631325980982e-01,1.021285577946115936e-01
-5.429274631325980982e-01,1.021285577946115936e-01
-6.671547901305856509e-01,7.680256926734592426e-02
-5.153851251589470772e-01,3.018741560657885181e-02
-5.153851251589470772e-01,3.018741560657885181e-02
-8.234864096912180020e-01,7.026867914074329258e-03
-6.812241850088016637e-01,1.127092554937811353e-01
-5.935717739670345328e-01,2.029207049662659634e-01
-5.935717739670345328e-01,2.029207049662659634e-01
-4.030181451057470721e-01,1.385941697968515463e-01
-5.852791364544387420e-01,1.896903060272016051e-01
-5.852791364544387420e-01,1.896903060272016051e-01
-5.852791364544387420e-01,1.896903060272016051e-01
-5.852791364544387420e-01,1.896903060272016051e-01
-5.398038321934027772e-01,-1.825995420214377996e-01
-5.137260671176892002e-01,-1.148480178631189480e-01
-5.137260671176892002e-01,-1.148480178631189480e-01
-3.341019131607704806e-01,6.019086889396103868e-02
-3.341019131607704806e-01,6.019086889396103868e-02
-3.341019131607704806e-01,6.019086889396103868e-02
-5.042691215528772863e-01,-1.140803461058526175e-01
-4.194343825929277569e-01,2.839189447255800747e-02
-4.194343825929277569e-01,2.839189447255800747e-02
-5.363328088646437397e-01,1.425662835143992058e-01
-7.177265041508655852e-01,2.623358832473757229e-02
-7.177265041508655852e-01,2.623358832473757229e-02
-6.398744118882159215e-01,-1.248399858315304978e-01
-6.398744118882159215e-01,-1.248399858315304978e-01
-6.398744118882159215e-01,-1.248399858315304978e-01
-4.547857045715603119e-01,1.475552554241046921e-02
-4.509341144848629801e-01,-1.082722071302949368e-01
-3.742509365164274904e-01,-2.212620029457548765e-01
-2.931890871976578494e-01,-1.122723137347945987e-01
-2.931890871976578494e-01,-1.122723137347945987e-01
-3.599355097099984913e-01,7.388908355137260853e-02
-2.150453678150758274e-01,-8.461333527655387488e-02
-2.995897691999487300e-01,-1.079820303301762263e-01
-2.995897691999487300e-01,-1.079820303301762263e-01
-4.399134134283089193e-01,-2.867487923983433329e-01
-4.399134134283089193e-01,-2.867487923983433329e-01
-4.399134134283089193e-01,-2.867487923983433329e-01
-5.176121496949726009e-01,-6.413784903889202527e-02
-7.333540087421306364e-01,-1.513487853155144336e-01
-7.333540087421306364e-01,-1.513487853155144336e-01
-6.751454603349713590e-01,-2.696853508792258491e-01
-6.751454603349713590e-01,-2.696853508792258491e-01
-6.751454603349713590e-01,-2.696853508792258491e-01
-3.812496297005977253e-01,-3.847932975914106213e-01
-4.708489228016528583e-01,-2.974805417576121824e-01
-3.439434674945548442e-01,4.930294942014123993e-02
-3.439434674945548442e-01,4.930294942014123993e-02
-3.589100298984556070e-01,-2.948618665824559448e-02
-3.589100298984556070e-01,-2.948618665824559448e-02
-2.670379696876061248e-01,-6.170232575504121936e-02
-2.041353190634251358e-01,9.932891684260085341e-03
-3.712925284562251793e-01,-1.576695200549565745e-01
-3.712925284562251793e-01,-1.576695200549565745e-01
-3.712925284562251793e-01,-1.576695200549565745e-01
-4.170349909029517632e-01,-1.517286634891049646e-01
-2.653101870843668775e-01,-7.471943968134654723e-02
-4.984102400070749006e-01,1.890715298261930188e-01
-4.984102400070749006e-01,1.890715298261930188e-01
-4.984102400070749006e-01,1.890715298261930188e-01
-4.265206304207793120e-01,1.032820387161254017e-02
-4.265206304207793120e-01,1.032820387161254017e-02
-7.149569729616045421e-01,-1.480718934533796494e-01
-5.599921409187668120e-01,-1.981006894003393692e-01
-5.599921409187668120e-01,-1.981006894003393692e-01
-5.599921409187668120e-01,-1.981006894003393692e-01
-7.109758128285804668e-01,8.226852982168914030e-02
-8.530681981174599304e-01,4.916635587393509282e-02
-8.530681981174599304e-01,4.916635587393509282e-02
-6.793692748578196161e-01,-2.859297779686535007e-02
-6.793692748578196161e-01,-2.859297779686535007e-02
-7.034040207749167051e-01,9.233960758618034448e-02
-6.283302318219035065e-01,2.017541436434548974e-01
-6.582238649974835321e-01,1.707813246757070857e-01
-6.582238649974835321e-01,1.707813246757070857e-01
-6.582238649974835321e-01,1.707813246757070857e-01
-5.414486933147302228e-01,6.413876172680255117e-02
-5.001378603080719465e-01,-2.362954073554195955e-01
-5.001378603080719465e-01,-2.362954073554195955e-01
-3.956305184811023112e-01,-1.860160575686400919e-01
-5.487663981782854306e-01,-1.546434755250403748e-01
-6.952271991815945906e-01,-1.624171680852165289e-01
-3.957365277916572444e-01,-5.713149155985640382e-02
-3.984418979523329796e-01,-1.592456915038009679e-02
-3.984418979523329796e-01,-1.592456915038009679e-02
-3.298926975618163837e-01,1.846622077141670815e-01
-5.661683522270157809e-01,-1.152028470257090431e-01
-5.661683522270157809e-01,-1.152028470257090431e-01
-6.455970272807258770e-01,-1.603695826743120889e-01
-6.455970272807258770e-01,-1.603695826743120889e-01
-6.455970272807258770e-01,-1.603695826743120889e-01
-6.455970272807258770e-01,-1.603695826743120889e-01
-5.867752886969203052e-01,-1.603036687892418766e-01
-5.679295334727494371e-01,4.839450428320912767e-02
-4.520765722812610798e-01,9.122130820697518794e-02
-3.895998685106903947e-01,-1.513672465187027305e-01
-3.895998685106903947e-01,-1.513672465187027305e-01
-2.535944865335397758e-01,-3.965068552712845695e-02
-4.900139823819581464e-01,2.164644829321943909e-01
-4.900139823819581464e-01,2.164644829321943909e-01
-4.694280937198203607e-01,1.438652614353991277e-01
-5.151138725839172761e-01,2.115517032476999237e-01
-7.494081160437313649e-01,2.166050932808712692e-01
-7.494081160437313649e-01,2.166050932808712692e-01
-5.425802449352766788e-01,3.000023719262789323e-01
-5.425802449352766788e-01,3.000023719262789323e-01
-5.425802449352766788e-01,3.000023719262789323e-01
-5.425802449352766788e-01,3.000023719262789323e-01
-5.425802449352766788e-01,3.000023719262789323e-01
-5.281488502401394669e-01,1.410846208606218732e-01
-7.174453290128220972e-01,1.033881985260500513e-01
-7.174453290128220972e-01,1.033881985260500513e-01
-5.348141152381787888e-01,2.531030967741253468e-01
-5.348141152381787888e-01,2.531030967741253468e-01
-6.916131792978655879e-01,3.666595221886106981e-02
-6.916131792978655879e-01,3.666595221886106981e-02
-6.916131792978655879e-01,3.666595221886106981e-02
-6.916131792978655879e-01,3.666595221886106981e-02
-6.916131792978655879e-01,3.666595221886106981e-02
-6.657040830622873440e-01,3.745007570714936618e-02
-6.657040830622873440e-01,3.745007570714936618e-02
-6.520842130373831758e-01,2.163978028971291490e-01
-7.248713733271423543e-01,8.305902694351605109e-02
-5.239830041101427582e-01,3.907910678013529898e-02
-6.097171742994180743e-01,-1.599049917726975689e-01
-5.171256890083032465e-01,-1.284581299293893752e-01
-5.612737633018061167e-01,-1.429632710684121399e-01
-5.612737633018061167e-01,-1.429632710684121399e-01
-6.629987187823233041e-01,-1.607636969934864157e-02
-6.177027102068981534e-01,-6.385808024308207986e-02
-5.503610142339624423e-01,1.202536203201875070e-01
-5.503610142339624423e-01,1.202536203201875070e-01
-6.407732183413505922e-01,1.391294191337312525e-01
-7.059018209896238405e-01,9.848666437184322442e-02
-6.808384449656389448e-01,-6.461740399766344178e-02
-6.910759565397489590e-01,-1.014013112620868184e-01
-6.910759565397489590e-01,-1.014013112620868184e-01
-5.823117014642875677e-01,1.257757214363645626e-01
-8.836114849187588494e-01,2.105642690624608127e-01
-7.773464748054813578e-01,2.725455511366902117e-01
-6.510967959137937688e-01,3.740492124821362951e-01
-7.889678915984501550e-01,9.767519251673961733e-02
-7.016041478718715307e-01,1.055404685074463889e-01
-7.016041478718715307e-01,1.055404685074463889e-01
-7.016041478718715307e-01,1.055404685074463889e-01
-5.535887015159317581e-01,2.356178974885599353e-01
-5.535887015159317581e-01,2.356178974885599353e-01
-5.535887015159317581e-01,2.356178974885599353e-01
-5.947377889891327651e-01,1.006131608018880907e-01
-5.947377889891327651e-01,1.006131608018880907e-01
-7.024498344083331958e-01,-2.221993192800669759e-02
-5.545994937645940537e-01,-4.827338245014320406e-02
-5.545994937645940537e-01,-4.827338245014320406e-02
-5.545994937645940537e-01,-4.827338245014320406e-02
-6.515420724583509404e-01,1.652972681152320433e-01
-5.529654582252601092e-01,2.430066196500518250e-01
-5.529654582252601092e-01,2.430066196500518250e-01
-5.529654582252601092e-01,2.430066196500518250e-01
-5.271022598246908331e-01,1.239127100302848949e-01
-7.096924887242158642e-01,1.889920438886996679e-02
-7.393960729228986617e-01,-7.837653576775806263e-02
-7.393960729228986617e-01,-7.837653576775806263e-02
-6.126341297461077584e-01,1.813926195523552498e-01
-4.218191199248281231e-01,2.035914742722851611e-01
-5.989013209583332609e-01,2.187702238355392070e-01
-5.989013209583332609e-01,2.187702238355392070e-01
-6.553373207093610153e-01,2.303901747616171614e-01
-6.553373207093610153e-01,2.303901747616171614e-01
-6.553373207093610153e-01,2.303901747616171614e-01
-5.983890068301952470e-01,9.053327801529134633e-02
-7.509054136450499239e-01,1.084658563788925001e-01
-7.552313512903688908e-01,1.246688306835008614e-01
-7.552313512903688908e-01,1.246688306835008614e-01
-6.743376439398506283e-01,1.224362887778676495e-01
-9.367282817570996567e-01,2.371044728518792444e-02
-8.911751523611195491e-01,-9.917663050456734797e-02
-8.911751523611195491e-01,-9.917663050456734797e-02
-8.911751523611195491e-01,-9.917663050456734797e-02
-8.001901111460588689e-01,3.083067431008001957e-02
-8.001901111460588689e-01,3.083067431008001957e-02
-8.001901111460588689e-01,3.083067431008001957e-02
-5.608815168265293138e-01,-6.441455448016508711e-02
-5.608815168265293138e-01,-6.441455448016508711e-02
-5.608815168265293138e-01,-6.441455448016508711e-02
-5.608815168265293138e-01,-6.441455448016508711e-02
-5.608815168265293138e-01,-6.441455448016508711e-02
-5.608815168265293138e-01,-6.441455448016508711e-02
-6.064226849526216379e-01,9.941798781954336306e-03
-8.190939251587129322e-01,-2.163193533006248226e-02
-8.474853564973613418e-01,2.418684457727280496e-02
-8.923703985769859681e-01,6.508781500882182547e-02
-6.120640778357135936e-01,1.119158700842196041e-01
-6.120640778357135936e-01,1.119158700842196041e-01
-6.254790025431784528e-01,-9.935917510484518211e-02
-3.468940209761532945e-01,7.356494176631672710e-02
-3.042585257713621427e-01,5.185965400106248152e-02
-3.042585257713621427e-01,5.185965400106248152e-02
-3.422257839282694669e-01,1.487587907250098318e-01
-3.349601750555005752e-01,-4.852970706764367370e-02
-5.104590901918213408e-01,-2.636518305515537786e-01
-6.692011230458884130e-01,-2.923631093243103107e-01
-6.685703025721153603e-01,-1.852418058383679955e-01
-6.685703025721153603e-01,-1.852418058383679955e-01
-6.685703025721153603e-01,-1.852418058383679955e-01
-5.298577762365112021e-01,-6.106833729933752730e-02
-5.298577762365112021e-01,-6.106833729933752730e-02
-6.887909855468336007e-01,-3.407224758838575673e-03
-6.887909855468336007e-01,-3.407224758838575673e-03
-6.887909855468336007e-01,-3.407224758838575673e-03
-6.887909855468336007e-01,-3.407224758838575673e-03
-8.151768888523429624e-01,1.569074486997371065e-01
-7.050429591102608251e-01,1.144860224244479419e-01
-6.425356193070842492e-01,-3.615278370371260985e-03
-6.425356193070842492e-01,-3.615278370371260985e-03
-6.425356193070842492e-01,-3.615278370371260985e-03
-6.425356193070842492e-01,-3.615278370371260985e-03
-6.261967550987904696e-01,-3.135802911744654808e-02
-6.261967550987904696e-01,-3.135802911744654808e-02
-6.261967550987904696e-01,-3.135802911744654808e-02
-6.261967550987904696e-01,-3.135802911744654808e-02
-6.261967550987904696e-01,-3.135802911744654808e-02
-6.261967550987904696e-01,-3.135802911744654808e-02
-7.190627138202063673e-01,-1.365316782553306976e-02
-7.190627138202063673e-01,-1.365316782553306976e-02
-6.357523053813860514e-01,1.711077919711695774e-02
-4.477655918382636990e-01,-1.702085964974995036e-01
-4.477655918382636990e-01,-1.702085964974995036e-01
-4.474288777727181698e-01,1.089598348403962580e-01
-4.474288777727181698e-01,1.089598348403962580e-01
-4.474288777727181698e-01,1.089598348403962580e-01
-4.474288777727181698e-01,1.089598348403962580e-01
-5.177460477455113619e-01,3.237105099386697327e-01
-5.731914911339260899e-01,1.860329495214946005e-01
-5.731914911339260899e-01,1.860329495214946005e-01
-5.731914911339260899e-01,1.860329495214946005e-01
-5.731914911339260899e-01,1.860329495214946005e-01
-5.731914911339260899e-01,1.860329495214946005e-01
-4.307435658760559449e-01,1.313421248649112028e-01
-4.307435658760559449e-01,1.313421248649112028e-01
-4.307435658760559449e-01,1.313421248649112028e-01
-7.224342545418790396e-01,2.808270536230890457e-02
-7.121264929424756529e-01,6.548866621221624551e-02
-6.313346049664119164e-01,1.606843901259105700e-01
-5.527200846647670751e-01,3.703008222308205866e-02
-5.527200846647670751e-01,3.703008222308205866e-02
-7.088058399667112042e-01,8.199567048110117939e-04
-7.088058399667112042e-01,8.199567048110117939e-04
-7.088058399667112042e-01,8.199567048110117939e-04
-7.088058399667112042e-01,8.199567048110117939e-04
-7.088058399667112042e-01,8.199567048110117939e-04
-7.088058399667112042e-01,8.199567048110117939e-04
-7.088058399667112042e-01,8.199567048110117939e-04
-7.088058399667112042e-01,8.199567048110117939e-04
-7.088058399667112042e-01,8.199567048110117939e-04
-8.052601992445641566e-01,-3.696015631120527778e-02
-7.019987299961450988e-01,-9.472060666498008374e-02
-6.057775483078395862e-01,6.091797211045343885e-03
-6.057775483078395862e-01,6.091797211045343885e-03
-6.692344353730839135e-01,-4.230301697880798489e-02
-6.692344353730839135e-01,-4.230301697880798489e-02
-5.751974110937860818e-01,-4.983273159824251619e-02
-5.751974110937860818e-01,-4.983273159824251619e-02
-5.751974110937860818e-01,-4.983273159824251619e-02
-5.751974110937860818e-01,-4.983273159824251619e-02
-5.751974110937860818e-01,-4.983273159824251619e-02
-5.751974110937860818e-01,-4.983273159824251619e-02
-5.751974110937860818e-01,-4.983273159824251619e-02
-6.939488721029988261e-01,1.112852595457046317e-01
-6.939488721029988261e-01,1.112852595457046317e-01
-6.939488721029988261e-01,1.112852595457046317e-01
-6.654652784969824486e-01,-1.288520335403982586e-01
-6.654652784969824486e-01,-1.288520335403982586e-01
-6.457924723934440614e-01,-1.215867586032458175e-01
-6.457924723934440614e-01,-1.215867586032458175e-01
-7.221585897671862764e-01,7.646545568122416203e-02
-7.221585897671862764e-01,7.646545568122416203e-02
-7.494550672906080679e-01,-6.770819038899801579e-02
-7.494550672906080679e-01,-6.770819038899801579e-02
-7.494550672906080679e-01,-6.770819038899801579e-02
-8.229130943673320653e-01,-7.409315550703265973e-02
-8.229130943673320653e-01,-7.409315550703265973e-02
-9.223833083524064502e-01,4.184117652215792182e-02
-9.448718607896479105e-01,4.890480498257269298e-02
-9.448718607896479105e-01,4.890480498257269298e-02
-8.418714710878367757e-01,-4.050586599870504428e-02
-5.804971049784741766e-01,2.567356508654932701e-01
-5.804971049784741766e-01,2.567356508654932701e-01
-5.628392637045815938e-01,2.971862264475833570e-01
-5.074097011914838751e-01,3.077590243640001555e-01
-5.087494166968959952e-01,2.670396061349461503e-01
-6.051017652253777301e-01,2.190819723695376919e-01
-6.051017652253777301e-01,2.190819723695376919e-01
-3.316677426302290788e-01,1.296428597155828699e-01
-3.316677426302290788e-01,1.296428597155828699e-01
-3.316677426302290788e-01,1.296428597155828699e-01
-5.638119029964616669e-01,-7.240659327249898691e-02
-6.596371850207911613e-01,-9.487890702427641265e-02
-5.567503712416429495e-01,-3.062750189600998985e-02
-5.567503712416429495e-01,-3.062750189600998985e-02
-4.639818272617464157e-01,1.088539637052075154e-02
-3.264786015813740949e-01,2.653219052693755464e-01
-3.264786015813740949e-01,2.653219052693755464e-01
-2.433837907715765692e-01,-1.025244177699081716e-01
-1.652402487807140830e-01,-7.834899348876717129e-02
-1.652402487807140830e-01,-7.834899348876717129e-02
-1.652402487807140830e-01,-7.834899348876717129e-02
-3.993395572863961407e-01,-3.792063939974449904e-01
-3.401180522707648035e-01,-2.427616428011152572e-01
-3.698712235761785760e-01,-1.966019161762460332e-01
-2.129754299731288492e-01,-1.204031116530119710e-01
-3.319050238079260806e-01,1.769110788707504711e-01
-4.775458375158104785e-01,1.771704802955300084e-01
-4.775458375158104785e-01,1.771704802955300084e-01
-4.079389603441271883e-01,1.054454020502609418e-01
-2.976875510077796605e-01,-1.401823559847576450e-01
-2.976875510077796605e-01,-1.401823559847576450e-01
-2.976875510077796605e-01,-1.401823559847576450e-01
-2.976875510077796605e-01,-1.401823559847576450e-01
-2.976875510077796605e-01,-1.401823559847576450e-01
-5.023770228917234792e-01,4.189762394770604748e-02
-5.023770228917234792e-01,4.189762394770604748e-02
-5.023770228917234792e-01,4.189762394770604748e-02
-5.023770228917234792e-01,4.189762394770604748e-02
-6.677075548419101336e-01,2.583234036897335759e-02
-6.677075548419101336e-01,2.583234036897335759e-02
-6.677075548419101336e-01,2.583234036897335759e-02
-6.677075548419101336e-01,2.583234036897335759e-02
-5.543792062183923175e-01,7.246310940257089800e-03
-5.543792062183923175e-01,7.246310940257089800e-03
-6.336268293368924054e-01,-9.890336495581579512e-02
-4.526635391143739584e-01,-1.003743834157052456e-01
-4.526635391143739584e-01,-1.003743834157052456e-01
-5.060213875522049376e-01,-1.416562691310201683e-01
-5.177709068982905283e-01,-2.798719528233972742e-02
-4.620558958753288037e-01,-6.622777735679954980e-02
-3.430531645130245888e-01,1.307064940861062396e-01
-3.430531645130245888e-01,1.307064940861062396e-01
-5.450249924092711584e-01,1.349717467760374046e-01
-5.450249924092711584e-01,1.349717467760374046e-01
-5.450249924092711584e-01,1.349717467760374046e-01
-5.450249924092711584e-01,1.349717467760374046e-01
-5.220101809318643538e-01,-1.078587278888765155e-02
-6.655739993939835397e-01,-4.426326435123060371e-04
-6.092571902940037143e-01,2.526065766473915841e-02
-6.092571902940037143e-01,2.526065766473915841e-02
-6.092571902940037143e-01,2.526065766473915841e-02
-6.092571902940037143e-01,2.526065766473915841e-02
-5.141577410680201465e-01,1.257101884230805156e-01
-4.779538808049491605e-01,1.207288962495019630e-01
-4.779538808049491605e-01,1.207288962495019630e-01
-4.683589667885732499e-01,1.616005358274497927e-01
-2.293524860740722982e-01,2.590595241315947206e-01
-4.977836443226285601e-01,1.611807541470448024e-01
-4.977836443226285601e-01,1.611807541470448024e-01
-4.977836443226285601e-01,1.611807541470448024e-01
-4.977836443226285601e-01,1.611807541470448024e-01
-9.189996773530068053e-01,1.072201100378041838e-01
-7.632834861757180622e-01,2.784224011256816733e-02
-5.165646818945324181e-01,1.678974119868635040e-01
-4.918413011662172152e-01,1.407384869718458498e-01
-6.629344782243766776e-01,1.995705310680386813e-01
-6.629344782243766776e-01,1.995705310680386813e-01
-6.629344782243766776e-01,1.995705310680386813e-01
-6.488113696269210973e-01,3.212684555543672826e-01
-6.488113696269210973e-01,3.212684555543672826e-01
-5.598536389522598133e-01,2.639462808446160214e-01
-4.316268425186501334e-01,2.535445039193968686e-01
-4.982348817080474168e-01,5.126826726226102471e-02
-7.109478660335337707e-01,2.223322187483476459e-02
-7.098646331985164482e-01,-3.161569474461563972e-02
-7.098646331985164482e-01,-3.161569474461563972e-02
-6.762179920262658683e-01,1.584896358552040641e-01
-6.071610195157431944e-01,2.839961137430814242e-01
-6.071610195157431944e-01,2.839961137430814242e-01
-7.247140202178247170e-01,1.821115232224080893e-01
-6.099226535206563327e-01,-2.538642730697815431e-04
-6.099226535206563327e-01,-2.538642730697815431e-04
-5.831669871381082171e-01,8.956186539961745463e-02
-5.831669871381082171e-01,8.956186539961745463e-02
-4.368329838952789701e-01,1.131624674412598924e-01
-5.549467355583692640e-01,1.591964003913889092e-01
-5.549467355583692640e-01,1.591964003913889092e-01
-3.833919784358036376e-01,8.678590460870294621e-02
-4.522918586244900063e-01,-8.757425600570625801e-02
-4.522918586244900063e-01,-8.757425600570625801e-02
-5.377376940224568580e-01,1.631127862649067450e-01
-6.501092167603983452e-01,2.436462654565401675e-01
-5.469699674052665994e-01,2.427031608372256510e-01
-3.691598272896624011e-01,1.353884744930853312e-01
-3.691598272896624011e-01,1.353884744930853312e-01
-3.691598272896624011e-01,1.353884744930853312e-01
-4.567556635335473514e-01,1.312996179176322276e-01
-4.567556635335473514e-01,1.312996179176322276e-01
-6.637941765834219909e-01,9.450347346991336273e-02
-6.637941765834219909e-01,9.450347346991336273e-02
-6.637941765834219909e-01,9.450347346991336273e-02
-6.637941765834219909e-01,9.450347346991336273e-02
-6.637941765834219909e-01,9.450347346991336273e-02
-6.737589781451064352e-01,1.654314275844284143e-01
-6.737589781451064352e-01,1.654314275844284143e-01
-6.902418336879047045e-01,-2.649578021749937617e-02
-6.902418336879047045e-01,-2.649578021749937617e-02
-6.902418336879047045e-01,-2.649578021749937617e-02
-6.902418336879047045e-01,-2.649578021749937617e-02
-5.243017390284119283e-01,-8.702478148983702755e-02
-5.867298084625851562e-01,7.167601949512525383e-02
-5.867298084625851562e-01,7.167601949512525383e-02
-5.336557438849324209e-01,-2.239950933676408684e-02
-4.603070991955571234e-01,1.845047856784357010e-02
-4.603070991955571234e-01,1.845047856784357010e-02
-5.762428850274164960e-01,1.272418947070094175e-01
-5.762428850274164960e-01,1.272418947070094175e-01
-5.762428850274164960e-01,1.272418947070094175e-01
-5.188290709701925962e-01,5.229146508347914946e-02
-5.188290709701925962e-01,5.229146508347914946e-02
-7.724376627390745487e-01,1.571275131126119717e-01
-4.642657962148418749e-01,1.364921176634674993e-01
-6.775344753329244352e-01,1.008088706706164739e-01
-6.775344753329244352e-01,1.008088706706164739e-01
-8.258796067145033337e-01,1.711148333943119104e-01
-8.258796067145033337e-01,1.711148333943119104e-01
-8.258796067145033337e-01,1.711148333943119104e-01
-8.258796067145033337e-01,1.711148333943119104e-01
-8.258796067145033337e-01,1.711148333943119104e-01
-9.904599473947716115e-01,8.518051003454513159e-03
-9.904599473947716115e-01,8.518051003454513159e-03
-9.735588379677000415e-01,-2.706760382471685988e-02
-9.527909500376633423e-01,8.192308656923634469e-02
-9.527909500376633423e-01,8.192308656923634469e-02
-9.527909500376633423e-01,8.192308656923634469e-02
-9.527909500376633423e-01,8.192308656923634469e-02
-8.581643868302895051e-01,2.163978018005044968e-01
-8.548495322250381223e-01,2.748560382668919777e-01
-8.526070062331354560e-01,1.422602384567107359e-01
-8.526070062331354560e-01,1.422602384567107359e-01
-8.427709891828657485e-01,-6.576015876109325697e-02
-8.151605169723794564e-01,-1.605450118619065059e-01
-7.422819089245462632e-01,-3.271212464506494388e-01
-7.422819089245462632e-01,-3.271212464506494388e-01
-7.812097765135382899e-01,-1.201965074737211814e-01
-8.469808059657359944e-01,-1.081749932980909379e-01
-6.866202572442352547e-01,-2.224740237906214224e-01
-6.866202572442352547e-01,-2.224740237906214224e-01
-6.111968464675833212e-01,2.488093392962644756e-01
-6.111968464675833212e-01,2.488093392962644756e-01
-6.111968464675833212e-01,2.488093392962644756e-01
-5.044837191169239121e-01,2.433608270076622337e-01
-5.999186851190309033e-01,1.130703284021140620e-01
-6.879762113947015534e-01,-3.980939730446278468e-02
-7.818897635049262274e-01,-5.077462447625356867e-02
-7.818897635049262274e-01,-5.077462447625356867e-02
-7.927667184668970579e-01,2.428950159821065269e-02
-6.625313341456928740e-01,1.001156160975546494e-01
-6.796245441249497699e-01,-1.163845007384702035e-02
-5.419213498035907461e-01,3.608222170955793090e-02
-5.419213498035907461e-01,3.608222170955793090e-02
-6.515080345647593640e-01,6.505231831084552080e-03
-6.515080345647593640e-01,6.505231831084552080e-03
-6.515080345647593640e-01,6.505231831084552080e-03
-6.421000006950979833e-01,1.701759297056493481e-01
-4.637373021152580987e-01,1.253269144177661110e-01
-4.637373021152580987e-01,1.253269144177661110e-01
-6.532803376471680856e-01,1.120811355500525019e-01
-4.544058028145984141e-01,1.324150909789275077e-01
-4.544058028145984141e-01,1.324150909789275077e-01
-4.544058028145984141e-01,1.324150909789275077e-01
-4.544058028145984141e-01,1.324150909789275077e-01
-5.197691530848085328e-01,1.623175116692252562e-01
-5.247322768372723045e-01,2.554347020297433324e-01
-5.247322768372723045e-01,2.554347020297433324e-01
-5.247322768372723045e-01,2.554347020297433324e-01
-4.917671041527270082e-01,1.437332055212922899e-01
-5.559714140213380951e-01,7.889341431924212777e-04
-5.559714140213380951e-01,7.889341431924212777e-04
-5.559714140213380951e-01,7.889341431924212777e-04
-5.559714140213380951e-01,7.889341431924212777e-04
-5.559714140213380951e-01,7.889341431924212777e-04
-9.173876819420130335e-01,-2.330281214310031546e-01
-8.786985808308482859e-01,-1.030759216087020758e-01
-8.786985808308482859e-01,-1.030759216087020758e-01
-8.545882001935671823e-01,-1.311667653049193027e-01
-8.098940918861765592e-01,-2.787958677767062021e-02
-8.492471951839969391e-01,3.418175619570721496e-02
-8.492471951839969391e-01,3.418175619570721496e-02
-7.457137625456495833e-01,1.073384150189259367e-01
-7.457137625456495833e-01,1.073384150189259367e-01
-6.319612787130258758e-01,3.688923260346864408e-02
-6.319612787130258758e-01,3.688923260346864408e-02
-5.223333043400693043e-01,1.588038732663134556e-01
-6.621370892704467881e-01,1.554233230589063819e-03
-5.984830570659158688e-01,-1.621889910999651518e-01
-4.796769296943512728e-01,9.929378822226381240e-02
-4.796769296943512728e-01,9.929378822226381240e-02
-4.796769296943512728e-01,9.929378822226381240e-02
-4.796769296943512728e-01,9.929378822226381240e-02
-4.796769296943512728e-01,9.929378822226381240e-02
-5.643821522262837398e-01,2.492161767953873786e-02
-6.653822687870915020e-01,-1.248660619121658988e-01
-5.709718287538242398e-01,-1.677572014539884249e-01
-5.709718287538242398e-01,-1.677572014539884249e-01
-5.803757147541392936e-01,-2.474789942505317974e-01
-3.658428734422931594e-01,1.218333372232961176e-01
-3.960861941649277407e-01,-5.212634116216821600e-02
-6.218205969503711739e-01,-1.310976874338138920e-01
-7.608037769246730475e-01,1.384250805762928249e-01
-6.781505948504931158e-01,-3.607860229244957972e-02
-7.385655941936577484e-01,-1.701818946246589637e-01
-4.070303973864783376e-01,-1.191672509084174547e-01
-4.070303973864783376e-01,-1.191672509084174547e-01
-5.720153874468351107e-01,-9.983503851119929218e-02
-6.619363014758463670e-01,1.173202432664550987e-01
-6.619363014758463670e-01,1.173202432664550987e-01
-7.139456284342838854e-01,1.117660713887366902e-01
-7.139456284342838854e-01,1.117660713887366902e-01
-6.078919731361226431e-01,-6.459161244151356840e-03
-6.648336070444335055e-01,-1.166970449266307858e-01
-7.471610441599020325e-01,-5.906710478359435135e-02
-7.471610441599020325e-01,-5.906710478359435135e-02
-6.432423434530633033e-01,1.792827662089135909e-01
-5.090348128155592899e-01,2.179928468120397589e-01
-3.987785474194920354e-01,2.329246611553486834e-01
-3.987785474194920354e-01,2.329246611553486834e-01
-2.678013558811287997e-01,1.954048073688655629e-01
-2.678013558811287997e-01,1.954048073688655629e-01
-2.678013558811287997e-01,1.954048073688655629e-01
-2.678013558811287997e-01,1.954048073688655629e-01
-2.678013558811287997e-01,1.954048073688655629e-01
-2.727718292232265695e-01,3.304599426790723049e-01
-2.727718292232265695e-01,3.304599426790723049e-01
-4.384679180750449268e-01,2.320315126102505676e-01
-6.520695323397861509e-01,8.965827831427153338e-02
-6.595298657442335566e-01,1.384666210134162800e-01
-5.636198365679143674e-01,-1.576367539849224952e-01
-3.363870740318736230e-01,9.790924258111033396e-02
-3.284432607556290185e-01,1.012092000174466266e-01
-3.284432607556290185e-01,1.012092000174466266e-01
-3.564326215034694378e-01,5.990167842543166893e-02
-3.700834277434723041e-01,7.713091339414404612e-02
-4.862718668404923950e-01,1.537088114020341012e-01
-4.862718668404923950e-01,1.537088114020341012e-01
-5.379214981905261483e-01,8.444916767448262807e-02
-5.379214981905261483e-01,8.444916767448262807e-02
-5.277141984618096693e-01,-3.804077149283553727e-02
-5.608734099563758013e-01,-5.376541243055846242e-02
-5.764241997768758674e-01,-5.753852092365334403e-03
-5.764241997768758674e-01,-5.753852092365334403e-03
-5.764241997768758674e-01,-5.753852092365334403e-03
-5.949950911065856607e-01,2.043379367952176742e-02
-7.338048034384405671e-01,-5.201474883939946614e-02
-7.338048034384405671e-01,-5.201474883939946614e-02
-5.870310166354664183e-01,7.509375103244983474e-02
-6.155818298350849149e-01,-1.465057150636359107e-01
-6.155818298350849149e-01,-1.465057150636359107e-01
-6.155818298350849149e-01,-1.465057150636359107e-01
-6.155818298350849149e-01,-1.465057150636359107e-01
-5.741432036237539283e-01,1.047196518202763715e-01
-5.741432036237539283e-01,1.047196518202763715e-01
-5.741432036237539283e-01,1.047196518202763715e-01
-5.149462244605090833e-01,8.867079197414491631e-02
-5.881176195980795107e-01,-1.296979315026831059e-01
-5.881176195980795107e-01,-1.296979315026831059e-01
-5.743467952597482995e-01,-1.270967851057609455e-01
-5.743467952597482995e-01,-1.270967851057609455e-01
-4.951965385029428179e-01,4.113678336993650819e-02
-4.951965385029428179e-01,4.113678336993650819e-02
-5.387468532184643832e-01,1.559429230535740452e-01
-6.540052500465164398e-01,1.517139442518927739e-02
-6.540052500465164398e-01,1.517139442518927739e-02
-6.540052500465164398e-01,1.517139442518927739e-02
-6.540052500465164398e-01,1.517139442518927739e-02
-5.750341050924171471e-01,-1.026916848554369210e-01
-3.568831949913786050e-01,-3.638580848753607544e-01
-6.277337658013673050e-01,-3.083071962847875880e-01
-6.277337658013673050e-01,-3.083071962847875880e-01
-9.266255869950095203e-01,-5.350778261357042043e-02
-9.266255869950095203e-01,-5.350778261357042043e-02
-7.803343658301199470e-01,1.358508182278210519e-02
-7.803343658301199470e-01,1.358508182278210519e-02
-7.803343658301199470e-01,1.358508182278210519e-02
-7.803343658301199470e-01,1.358508182278210519e-02
-7.486440116597909977e-01,3.381810258795943380e-02
-7.486440116597909977e-01,3.381810258795943380e-02
-6.960891645576988696e-01,2.952963130553604154e-02
-5.278268867847194512e-01,4.843307940830825220e-02
-5.278268867847194512e-01,4.843307940830825220e-02
-5.501687275902746865e-01,-5.835680370592288835e-02
-5.356918212845014349e-01,-1.063365444938845078e-01
-5.356918212845014349e-01,-1.063365444938845078e-01
-5.356918212845014349e-01,-1.063365444938845078e-01
-5.635041833625169527e-01,1.692907209947566716e-03
-5.635041833625169527e-01,1.692907209947566716e-03
-6.572078502294755875e-01,-1.815037065854237588e-02
-5.836811058749192815e-01,6.399396734870262116e-02
-6.869879158540724839e-01,-3.123996190872911638e-02
-5.947177797888112405e-01,-2.497247768481414276e-01
-3.596311832590328716e-01,-2.008587478878696986e-01
-3.596311832590328716e-01,-2.008587478878696986e-01
-3.596311832590328716e-01,-2.008587478878696986e-01
-3.596311832590328716e-01,-2.008587478878696986e-01
-3.961329894834958454e-01,-1.559593475053708544e-01
-3.961329894834958454e-01,-1.559593475053708544e-01
-3.765217407718000620e-01,-9.831652169892407533e-02
-3.765217407718000620e-01,-9.831652169892407533e-02
-3.765217407718000620e-01,-9.831652169892407533e-02
-3.041672414015677561e-01,-8.413817069098536439e-03
-3.041672414015677561e-01,-8.413817069098536439e-03
-6.764753831365795111e-01,-2.633212609111517874e-02
-7.044873936332599618e-01,4.621114420778939247e-02
-7.013333005632612638e-01,-1.999183910558742505e-02
-6.789674757433293850e-01,-8.112658449528023508e-02
-7.706568880148449985e-01,9.566866687035679995e-02
-6.997044098755164088e-01,1.663170012467379832e-04
-6.997044098755164088e-01,1.663170012467379832e-04
-6.997044098755164088e-01,1.663170012467379832e-04
-6.997044098755164088e-01,1.663170012467379832e-04
-6.359421711453917547e-01,7.758325892695974724e-02
-6.369866395286476468e-01,-1.431958011039488055e-01
-6.373365680779466969e-01,-2.318354732038979682e-03
-5.180304518974014893e-01,-3.280616160298054085e-02
-5.180304518974014893e-01,-3.280616160298054085e-02
-4.787787544927494809e-01,-4.820739661804193665e-02
-4.787787544927494809e-01,-4.820739661804193665e-02
-4.787787544927494809e-01,-4.820739661804193665e-02
-4.787787544927494809e-01,-4.820739661804193665e-02
-5.551170922927951557e-01,-2.309197464094363828e-01
-5.551170922927951557e-01,-2.309197464094363828e-01
-5.551170922927951557e-01,-2.309197464094363828e-01
-5.551170922927951557e-01,-2.309197464094363828e-01
-3.849807595001853988e-01,-1.191993498870058676e-03
-3.849807595001853988e-01,-1.191993498870058676e-03
-5.273922940253295000e-01,-3.830528572312441593e-02
-4.618451183237006208e-01,-3.291728515381085740e-03
-4.618451183237006208e-01,-3.291728515381085740e-03
-4.618451183237006208e-01,-3.291728515381085740e-03
-6.002796050110271731e-01,-1.198161806362958715e-01
-6.002796050110271731e-01,-1.198161806362958715e-01
-6.002796050110271731e-01,-1.198161806362958715e-01
-6.002796050110271731e-01,-1.198161806362958715e-01
-6.002796050110271731e-01,-1.198161806362958715e-01
-6.002796050110271731e-01,-1.198161806362958715e-01
-6.002796050110271731e-01,-1.198161806362958715e-01
-6.144541194762618286e-01,-9.246573919557192489e-02
-3.774193000620389427e-01,-2.276247307451478852e-02
-3.774193000620389427e-01,-2.276247307451478852e-02
-3.774193000620389427e-01,-2.276247307451478852e-02
-3.774193000620389427e-01,-2.276247307451478852e-02
-3.834959930235155023e-01,-2.302840980466235588e-01
-3.188321119675825432e-01,-2.132544132390297165e-01
-3.188321119675825432e-01,-2.132544132390297165e-01
-3.581136737635728373e-01,-3.184457902423981634e-01
-3.581136737635728373e-01,-3.184457902423981634e-01
-3.078216068178732390e-01,-1.245015410551540969e-01
-3.078216068178732390e-01,-1.245015410551540969e-01
-3.838383693864717561e-01,-8.312390180926695904e-02
-5.300757474531234692e-01,-1.410947499840059238e-01
-5.537003203106469762e-01,-2.586693270171023795e-01
-5.537003203106469762e-01,-2.586693270171023795e-01
-5.955317741718508806e-01,-3.786450641052990784e-02
-7.153500951013898046e-01,-2.699356254566506394e-02
-7.153500951013898046e-01,-2.699356254566506394e-02
-5.885210757632719503e-01,-9.818024596768161472e-02
-6.958892724789857986e-01,-1.921812003036857397e-02
-4.018551302219439125e-01,-6.645830668397960383e-02
-4.018551302219439125e-01,-6.645830668397960383e-02
-5.690575163271772707e-01,-1.549874526490812587e-01
-5.525305525547713481e-01,-1.656387443077831922e-01
-5.525305525547713481e-01,-1.656387443077831922e-01
-5.525305525547713481e-01,-1.656387443077831922e-01
-4.003682783276544255e-01,-2.220344431528842311e-02
-6.570985790964607443e-01,1.477368584332501844e-01
-6.274347129575948978e-01,5.086945854244377674e-02
-6.207450793383236798e-01,8.123998067425154679e-02
-6.207450793383236798e-01,8.123998067425154679e-02
-6.207450793383236798e-01,8.123998067425154679e-02
-5.912980556328937265e-01,1.036064665611934887e-01
-5.214611118169724113e-01,6.394510578998756356e-02
-4.767662627431873412e-01,1.168710900510244455e-01
-4.767662627431873412e-01,1.168710900510244455e-01
-4.767662627431873412e-01,1.168710900510244455e-01
-4.767662627431873412e-01,1.168710900510244455e-01
-4.767662627431873412e-01,1.168710900510244455e-01
-4.767662627431873412e-01,1.168710900510244455e-01
-4.801336533039367582e-01,1.024428677793933901e-01
-4.801336533039367582e-01,1.024428677793933901e-01
-6.642506844803409694e-01,4.342039671299842418e-02
-6.642506844803409694e-01,4.342039671299842418e-02
-9.288065630979134291e-01,1.299727868580757284e-01
-8.911071973115747280e-01,6.991404415972202191e-02
-8.457520014204640280e-01,2.117229973252967024e-01
-6.753191336652693000e-01,8.446204390200656720e-02
-6.753191336652693000e-01,8.446204390200656720e-02
-6.848023891552178499e-01,1.853005450396627563e-01
-7.418056354517073014e-01,1.746602942198735853e-01
-7.418056354517073014e-01,1.746602942198735853e-01
-7.024553195308429476e-01,1.959897858026088679e-01
-7.222679812271270983e-01,2.467257064696294078e-01
-8.508633561763172537e-01,1.713088751433738954e-02
-8.508633561763172537e-01,1.713088751433738954e-02
-8.508633561763172537e-01,1.713088751433738954e-02
-8.508633561763172537e-01,1.713088751433738954e-02
-8.508633561763172537e-01,1.713088751433738954e-02
-8.570234299350490970e-01,4.214297482946129103e-02
-7.960342621366957028e-01,8.935072361738057023e-02
-7.960342621366957028e-01,8.935072361738057023e-02
-8.905624981962235731e-01,-1.119754788628869874e-01
-8.905624981962235731e-01,-1.119754788628869874e-01
-6.995353172216032256e-01,-1.191029446106258022e-01
-6.995353172216032256e-01,-1.191029446106258022e-01
-6.453219637108588147e-01,-1.160104024369258552e-01
-6.453219637108588147e-01,-1.160104024369258552e-01
-5.657787407597725249e-01,-1.712570101125811262e-02
-5.657787407597725249e-01,-1.712570101125811262e-02
-3.067231633680364555e-01,4.168029244464040162e-02
-4.625655556764081133e-01,1.385514891992728481e-01
-4.419303619644411874e-01,1.870417474967343285e-01
-4.419303619644411874e-01,1.870417474967343285e-01
-3.550154544090154962e-01,8.343955309892041317e-02
-4.295050434666534134e-01,-6.002932464477389596e-03
-5.374191340944016737e-01,-2.968282427470965157e-01
-5.374191340944016737e-01,-2.968282427470965157e-01
-5.050706417083006272e-01,-2.140266468772153152e-01
-6.570554612746428713e-01,-6.051419597171214804e-02
-6.570554612746428713e-01,-6.051419597171214804e-02
-6.570554612746428713e-01,-6.051419597171214804e-02
-6.570554612746428713e-01,-6.051419597171214804e-02
-6.570554612746428713e-01,-6.051419597171214804e-02
-6.480166779751969086e-01,-1.695825610374080417e-01
-5.365427848544447320e-01,-6.432149741119665143e-02
-5.365427848544447320e-01,-6.432149741119665143e-02
-5.365427848544447320e-01,-6.432149741119665143e-02
-3.251304510383153379e-01,-1.586622686947072869e-01
-4.387683757475263069e-01,-2.072618707917414649e-01
-4.387683757475263069e-01,-2.072618707917414649e-01
-4.387683757475263069e-01,-2.072618707917414649e-01
-4.387683757475263069e-01,-2.072618707917414649e-01
-4.387683757475263069e-01,-2.072618707917414649e-01
-4.387683757475263069e-01,-2.072618707917414649e-01
-6.002045244824610881e-01,-2.260852529644488129e-01
-4.544811012010083751e-01,-1.506148955721147153e-01
-4.458856443810108594e-01,-1.074729220810756308e-01
-4.874119509154635765e-01,-3.635954798991994363e-02
-4.874119509154635765e-01,-3.635954798991994363e-02
-4.874119509154635765e-01,-3.635954798991994363e-02
-5.633372823723772349e-01,5.938536806257048439e-02
-5.633372823723772349e-01,5.938536806257048439e-02
-6.022151455750871518e-01,1.588801109386684673e-01
-6.022151455750871518e-01,1.588801109386684673e-01
-6.022151455750871518e-01,1.588801109386684673e-01
-6.022151455750871518e-01,1.588801109386684673e-01
-6.439842624591216591e-01,6.175368537362659060e-02
-6.983626013788682974e-01,-2.414492863081800500e-02
-6.983626013788682974e-01,-2.414492863081800500e-02
-6.983626013788682974e-01,-2.414492863081800500e-02
-6.983626013788682974e-01,-2.414492863081800500e-02
-6.631387048834701536e-01,-1.206036681660350718e-01
-4.218046359488331065e-01,-1.785953092594504132e-01
-3.449414118712273991e-01,1.599832954751482517e-01
-4.190708687853261227e-01,2.414434468842180381e-01
-4.190708687853261227e-01,2.414434468842180381e-01
-4.190708687853261227e-01,2.414434468842180381e-01
-4.612970282051214177e-01,1.194122551532719317e-01
-5.718098614931153012e-01,2.180527523002315227e-01
-5.546904824764641306e-01,2.019595511846798419e-01
-6.960973040244556875e-01,8.055907395485369105e-02
-8.098952634852938370e-01,1.218709426060610168e-01
-8.098952634852938370e-01,1.218709426060610168e-01
-6.638451002214500463e-01,-6.008816200715630385e-02
-6.638451002214500463e-01,-6.008816200715630385e-02
-6.638451002214500463e-01,-6.008816200715630385e-02
-8.750215308490789656e-01,1.186496262538689062e-01
-7.424958564445784948e-01,2.332779455686378733e-01
-7.424958564445784948e-01,2.332779455686378733e-01
-5.092426671622832801e-01,1.623974417554775451e-01
-5.092426671622832801e-01,1.623974417554775451e-01
-5.092426671622832801e-01,1.623974417554775451e-01
-7.081111847817378457e-01,1.274022535094169739e-01
-7.081111847817378457e-01,1.274022535094169739e-01
-5.896630648270262398e-01,-1.992704042983429735e-01
-4.699936908842806682e-01,-3.543901313952918519e-01
-5.881885179923742601e-01,-2.991414233127779876e-01
-7.737177129777428330e-01,-4.457692804892388061e-03
-7.737177129777428330e-01,-4.457692804892388061e-03
-6.854299850641601966e-01,-1.308408799360307462e-01
-7.343808504353529498e-01,1.355953203891310799e-02
-6.291512206382152694e-01,5.893898525752392509e-02
-6.291512206382152694e-01,5.893898525752392509e-02
-6.504234477526406044e-01,8.689842312194635821e-02
-5.891912241147265750e-01,3.926552398040357439e-02
-6.577297828002042213e-01,-3.325947679261428980e-02
-5.094178108283583528e-01,1.260699831870798482e-03
-5.094178108283583528e-01,1.260699831870798482e-03
-4.799586172700059938e-01,1.200828764048244707e-01
-6.502874597706820303e-01,-1.630526861859026844e-01
-5.262687155219886170e-01,-8.176927178844686783e-02
-5.262687155219886170e-01,-8.176927178844686783e-02
-5.737420542547858604e-01,-6.446389314851214136e-02
-5.500807359103080385e-01,8.844612030171974948e-02
-5.500807359103080385e-01,8.844612030171974948e-02
-5.500807359103080385e-01,8.844612030171974948e-02
-5.500807359103080385e-01,8.844612030171974948e-02
-6.566487469763262474e-01,2.547584691301402193e-02
-7.731535005871720267e-01,-1.226081742516285655e-01
-6.725429432115198614e-01,-4.814237991805142558e-02
-5.021090101275443862e-01,-1.303661522030301612e-01
-5.021090101275443862e-01,-1.303661522030301612e-01
-5.556824091016083766e-01,-4.589721574304890528e-02
-6.206807539625660564e-01,5.056228304641870175e-03
-6.206807539625660564e-01,5.056228304641870175e-03
-5.215162701039581794e-01,-1.980597414766119974e-02
-6.387545695335961060e-01,7.424908340060021317e-02
-7.858816252328559848e-01,1.147085444656930076e-01
-8.320433156803885844e-01,-7.284435700906530253e-02
-8.320433156803885844e-01,-7.284435700906530253e-02
-8.384183339877302465e-01,-1.085751761634002333e-01
-8.384183339877302465e-01,-1.085751761634002333e-01
-5.047414775375209661e-01,-1.561281729987259170e-01
-5.047414775375209661e-01,-1.561281729987259170e-01
-5.083980234537565090e-01,-9.519731870569766996e-02
-5.083980234537565090e-01,-9.519731870569766996e-02
-5.083980234537565090e-01,-9.519731870569766996e-02
-3.913810405515383284e-01,1.206660712810787572e-01
-3.913810405515383284e-01,1.206660712810787572e-01
-5.422779019529402333e-01,2.225006540277016387e-02
-7.843520690373926296e-01,1.277305476531609973e-01
-7.843520690373926296e-01,1.277305476531609973e-01
-7.843520690373926296e-01,1.277305476531609973e-01
-7.067632963379185673e-01,-2.418646104352892290e-02
-7.067632963379185673e-01,-2.418646104352892290e-02
-8.527084148260798413e-01,1.639974831747346984e-01
-8.527084148260798413e-01,1.639974831747346984e-01
-8.527084148260798413e-01,1.639974831747346984e-01
-7.177624863074845152e-01,8.212058124203051868e-02
-7.177624863074845152e-01,8.212058124203051868e-02
-5.511191348383489563e-01,1.165920764894307626e-01
-6.373493130792994288e-01,-6.704864519841191584e-02
-6.373493130792994288e-01,-6.704864519841191584e-02
-6.373493130792994288e-01,-6.704864519841191584e-02
-6.437344578194769129e-01,4.752406688610218144e-02
-6.437344578194769129e-01,4.752406688610218144e-02
-6.437344578194769129e-01,4.752406688610218144e-02
-6.437344578194769129e-01,4.752406688610218144e-02
-6.437344578194769129e-01,4.752406688610218144e-02
-6.301187078576669931e-01,-1.478128666241083633e-01
-6.301187078576669931e-01,-1.478128666241083633e-01
-5.379560480481463403e-01,-2.482164368440480107e-02
-4.141386757864156665e-01,-5.476648975795467278e-02
-6.118474138331198020e-01,-7.491442903345001125e-02
-5.390890123927315480e-01,-9.886545457135867410e-03
-5.143572244565770557e-01,1.547647504248718109e-01
-5.143572244565770557e-01,1.547647504248718109e-01
-5.143572244565770557e-01,1.547647504248718109e-01
-3.178982746966672046e-01,-1.758837630379089800e-02
-4.395956888556011855e-01,-3.023744693077032308e-02
-3.844095640656414181e-01,-2.479004345976602297e-01
-4.575393696226529583e-01,-1.993610307398833159e-01
-4.575393696226529583e-01,-1.993610307398833159e-01
-5.256047026561894153e-01,2.875355433901088942e-02
-5.256047026561894153e-01,2.875355433901088942e-02
-5.256047026561894153e-01,2.875355433901088942e-02
-6.431813346828956224e-01,-1.566520983851062421e-01
-6.431813346828956224e-01,-1.566520983851062421e-01
-6.431813346828956224e-01,-1.566520983851062421e-01
-7.833085425247887645e-01,8.709473248062959971e-02
-7.833085425247887645e-01,8.709473248062959971e-02
-7.833085425247887645e-01,8.709473248062959971e-02
-6.390665649083386857e-01,-3.385805221775116391e-02
-6.390665649083386857e-01,-3.385805221775116391e-02
-6.390665649083386857e-01,-3.385805221775116391e-02
-6.571056254872271740e-01,-1.779549539347897169e-01
-5.881069824967544157e-01,-2.647790154244880623e-01
-6.756496337559189103e-01,3.929277911843714888e-02
-6.756496337559189103e-01,3.929277911843714888e-02
-7.037136181012713099e-01,-6.750601493465714642e-03
-7.109543488798261146e-01,-7.509117144475641048e-02
-7.712100442579403747e-01,-2.967508513728392416e-02
-7.712100442579403747e-01,-2.967508513728392416e-02
-7.712100442579403747e-01,-2.967508513728392416e-02
-7.712100442579403747e-01,-2.967508513728392416e-02
-7.712100442579403747e-01,-2.967508513728392416e-02
-7.712100442579403747e-01,-2.967508513728392416e-02
-7.712100442579403747e-01,-2.967508513728392416e-02
-7.712100442579403747e-01,-2.967508513728392416e-02
-7.712100442579403747e-01,-2.967508513728392416e-02
-7.660628758661647275e-01,-4.878311328599273938e-02
-7.451970449094146298e-01,-7.801861131163115304e-02
-5.958118982240262484e-01,-1.883491311413801605e-01
-5.948470062948667536e-01,-8.108456275882311437e-02
-5.029642257313858833e-01,-1.515220767176996275e-01
-8.281242027447833776e-01,-1.096319570388907261e-01
-7.471490503303438446e-01,-2.472502720590636083e-01
-4.633599697527777672e-01,-8.830969692867832177e-02
-2.356938249113647021e-01,6.487156460585377649e-02
-1.429502614730766563e-01,-6.057886410942400768e-02
-1.429502614730766563e-01,-6.057886410942400768e-02
-1.429502614730766563e-01,-6.057886410942400768e-02
-4.799070744910484687e-01,1.417810547772828389e-02
-6.186797658224830743e-01,1.153193114452835122e-01
-7.945691659047319222e-01,-3.289564107265324777e-02
-7.945691659047319222e-01,-3.289564107265324777e-02
-7.945691659047319222e-01,-3.289564107265324777e-02
-7.332903959734144994e-01,-9.650790814226567482e-02
-7.332903959734144994e-01,-9.650790814226567482e-02
-6.292949937737067900e-01,-8.250972094975211890e-02
-6.292949937737067900e-01,-8.250972094975211890e-02
-6.292949937737067900e-01,-8.250972094975211890e-02
-5.720654966509196582e-01,-6.367569753913948638e-03
-5.720654966509196582e-01,-6.367569753913948638e-03
-5.447123039594161664e-01,8.123427540340073805e-02
-6.035016842336695664e-01,-2.736187560095804105e-02
-6.035016842336695664e-01,-2.736187560095804105e-02
-6.035016842336695664e-01,-2.736187560095804105e-02
-4.907163251298857221e-01,-4.412058117455856104e-02
-6.773460716933960013e-01,-6.592335519022918255e-02
-6.773460716933960013e-01,-6.592335519022918255e-02
-6.773460716933960013e-01,-6.592335519022918255e-02
-6.773460716933960013e-01,-6.592335519022918255e-02
-6.773460716933960013e-01,-6.592335519022918255e-02
-5.827129379731010861e-01,5.041929917254628357e-02
-5.827129379731010861e-01,5.041929917254628357e-02
-3.237983207606915936e-01,-3.577926876218801011e-03
-3.237983207606915936e-01,-3.577926876218801011e-03
-3.237983207606915936e-01,-3.577926876218801011e-03
-5.535329689101028405e-01,-3.671762199203601473e-02
-5.535329689101028405e-01,-3.671762199203601473e-02
-5.535329689101028405e-01,-3.671762199203601473e-02
-5.535329689101028405e-01,-3.671762199203601473e-02
-5.785685467789303260e-01,4.784307831439053860e-02
-5.785685467789303260e-01,4.784307831439053860e-02
-7.486401728656413290e-01,-1.959983130954996711e-02
-7.231553720362134952e-01,2.411880031702448579e-02
-7.564371985622041494e-01,1.712412854107114510e-02
-6.329426087299846460e-01,-4.507231643237456786e-02
-6.310590715565325137e-01,9.080907969983302575e-02
-6.310590715565325137e-01,9.080907969983302575e-02
-6.310590715565325137e-01,9.080907969983302575e-02
-7.002171520795709148e-01,-8.852082496532025224e-02
-7.002171520795709148e-01,-8.852082496532025224e-02
-7.002171520795709148e-01,-8.852082496532025224e-02
-7.002171520795709148e-01,-8.852082496532025224e-02
-4.480577585446913202e-01,7.111318536451555206e-03
-4.480577585446913202e-01,7.111318536451555206e-03
-4.480577585446913202e-01,7.111318536451555206e-03
-7.636474317615953300e-01,5.960969224033079578e-02
-8.547251205534525109e-01,1.299219712065792509e-01
-8.547251205534525109e-01,1.299219712065792509e-01
-9.859370468986888847e-01,1.190199289046581926e-01
-7.932564805392298135e-01,1.518620656231562671e-01
-7.932564805392298135e-01,1.518620656231562671e-01
-4.967642006250612696e-01,1.590086452475606704e-01
-4.967642006250612696e-01,1.590086452475606704e-01
-4.591514472788615908e-01,1.857687240443590126e-01
-4.591514472788615908e-01,1.857687240443590126e-01
-4.956277986885582187e-01,3.098758830848755141e-02
-5.629576331886351204e-01,1.759824539987170366e-01
-5.629576331886351204e-01,1.759824539987170366e-01
-5.629576331886351204e-01,1.759824539987170366e-01
-5.418891784523518496e-01,1.292294459398671269e-02
-4.299290689261333620e-01,2.865546796234955812e-02
-4.520109539179064662e-01,-9.249450669972891781e-02
-4.520109539179064662e-01,-9.249450669972891781e-02
-5.790790115656392345e-01,-1.333447017540062562e-01
-5.790790115656392345e-01,-1.333447017540062562e-01
-3.913973766208023175e-01,-5.371824100583316719e-02
-7.489499709225674318e-01,-9.983503187598441464e-02
-8.481534907788302879e-01,-4.913794028964248162e-02
-8.472256345981541426e-01,-1.458399460163162797e-01
-8.472256345981541426e-01,-1.458399460163162797e-01
-8.472256345981541426e-01,-1.458399460163162797e-01
-8.389042370216616140e-01,6.381348617169457782e-02
-8.389042370216616140e-01,6.381348617169457782e-02
-8.389042370216616140e-01,6.381348617169457782e-02
-7.839788715394209184e-01,6.550448941918166068e-02
-7.839788715394209184e-01,6.550448941918166068e-02
-7.839788715394209184e-01,6.550448941918166068e-02
-7.839788715394209184e-01,6.550448941918166068e-02
-7.839788715394209184e-01,6.550448941918166068e-02
-7.839788715394209184e-01,6.550448941918166068e-02
-7.886655208721251586e-01,5.834439345067388150e-03
-5.094498672543961160e-01,-2.102922095243365402e-03
-5.094498672543961160e-01,-2.102922095243365402e-03
-3.699720553514631027e-01,-1.982216250958200587e-01
-3.699720553514631027e-01,-1.982216250958200587e-01
-3.699720553514631027e-01,-1.982216250958200587e-01
-4.992542210889727716e-01,-1.521642183838946283e-01
-5.507104231469914790e-01,-1.112384395699168999e-01
-5.728067588799944376e-01,-5.801098436351308923e-02
-7.331431232098393203e-01,5.123442221932254098e-02
-8.129240216334153724e-01,1.417749691935894091e-02
-8.129240216334153724e-01,1.417749691935894091e-02
-9.059870493029068550e-01,1.410890889924441838e-01
-9.059870493029068550e-01,1.410890889924441838e-01
-9.059870493029068550e-01,1.410890889924441838e-01
-9.059870493029068550e-01,1.410890889924441838e-01
-9.059870493029068550e-01,1.410890889924441838e-01
-8.984299448325263615e-01,1.284732232108547201e-01
-1.024907448412794242e+00,2.756784219966400273e-02
-1.024907448412794242e+00,2.756784219966400273e-02
-1.024907448412794242e+00,2.756784219966400273e-02
-9.803922788447428927e-01,-1.831204731069392411e-01
-1.019121333512128524e+00,-1.276938544509936269e-01
-1.019121333512128524e+00,-1.276938544509936269e-01
-1.019121333512128524e+00,-1.276938544509936269e-01
-1.019121333512128524e+00,-1.276938544509936269e-01
-1.019121333512128524e+00,-1.276938544509936269e-01
-1.019121333512128524e+00,-1.276938544509936269e-01
-1.019121333512128524e+00,-1.276938544509936269e-01
-1.019121333512128524e+00,-1.276938544509936269e-01
-1.222968919293053958e+00,-2.758748887477613376e-02
-1.222968919293053958e+00,-2.758748887477613376e-02
-8.280413001725530631e-01,-2.028530309739470794e-03
-8.280413001725530631e-01,-2.028530309739470794e-03
-7.347612511328033280e-01,1.187949897105897504e-02
-7.347612511328033280e-01,1.187949897105897504e-02
-7.347612511328033280e-01,1.187949897105897504e-02
-7.347612511328033280e-01,1.187949897105897504e-02
-7.347612511328033280e-01,1.187949897105897504e-02
-7.834908274376537474e-01,1.522485522570454497e-01
-9.098685954540737253e-01,6.542339065963050093e-02
-8.658668519064044444e-01,-5.940890247215352415e-02
-9.428183244337832170e-01,-1.728557805994040963e-01
-9.428183244337832170e-01,-1.728557805994040963e-01
-9.428183244337832170e-01,-1.728557805994040963e-01
-9.428183244337832170e-01,-1.728557805994040963e-01
-9.428183244337832170e-01,-1.728557805994040963e-01
-7.755505232285695438e-01,-1.138588189913063153e-01
-7.755505232285695438e-01,-1.138588189913063153e-01
-6.213057429734761827e-01,1.152096534824221252e-01
-6.213057429734761827e-01,1.152096534824221252e-01
-6.213057429734761827e-01,1.152096534824221252e-01
-7.780156513868154988e-01,-4.837116141966896210e-02
-7.315844821943997545e-01,6.791881988020642691e-02
-7.906372539743442562e-01,7.562327435482950333e-02
-7.780636764382267145e-01,-9.115210070992206537e-02
-6.904299029393559106e-01,1.156506296136617234e-01
-6.904299029393559106e-01,1.156506296136617234e-01
-6.904299029393559106e-01,1.156506296136617234e-01
-6.904299029393559106e-01,1.156506296136617234e-01
-6.904299029393559106e-01,1.156506296136617234e-01
-7.378018928990127678e-01,2.243520536650410457e-02
-7.378018928990127678e-01,2.243520536650410457e-02
-6.493932886635975787e-01,-4.929647039846121737e-04
-6.493932886635975787e-01,-4.929647039846121737e-04
-8.027757229769143521e-01,1.757221430332387910e-02
-4.353843944687209588e-01,-8.249270256170795901e-02
-5.995347107373162343e-01,-1.742502914369126743e-01
-5.995347107373162343e-01,-1.742502914369126743e-01
-5.001635367380283803e-01,-1.562998335177942788e-01
-2.691974655768559210e-01,-3.437824065196375123e-02
-6.250763349634984589e-01,-9.782249426789763058e-03
-7.308714852298856535e-01,-2.315718637571976407e-02
-6.272681816854841497e-01,2.941596449845692574e-01
-6.272681816854841497e-01,2.941596449845692574e-01
-6.272681816854841497e-01,2.941596449845692574e-01
-6.749294151613749460e-01,4.015449376141768667e-01
-6.749294151613749460e-01,4.015449376141768667e-01
-4.194139457782938840e-01,3.626534523149962386e-01
-4.007060138039456598e-01,2.016770338893005554e-01
-4.213313414629540343e-01,1.052537588860256446e-01
-4.213313414629540343e-01,1.052537588860256446e-01
-4.205097010994394147e-01,-3.188282862849339816e-01
-4.609582568867537367e-01,6.142130232855319560e-02
-4.308271438039301127e-01,1.753909198061654601e-02
-8.654514906942907260e-01,5.247360589829627026e-02
-8.654514906942907260e-01,5.247360589829627026e-02
-1.021893296081468394e+00,-3.629233407237419939e-05
-1.021893296081468394e+00,-3.629233407237419939e-05
-9.210917925400957662e-01,-4.564686579564797980e-02
-9.210917925400957662e-01,-4.564686579564797980e-02
-9.210917925400957662e-01,-4.564686579564797980e-02
-8.818450826028245704e-01,-1.234308933181346435e-01
-8.818450826028245704e-01,-1.234308933181346435e-01
-8.091588519394260492e-01,-1.174689701317399720e-01
-8.050577559658473881e-01,2.189629029869431809e-02
-8.050577559658473881e-01,2.189629029869431809e-02
-8.050577559658473881e-01,2.189629029869431809e-02
-6.952864773647533525e-01,2.146683505289883470e-02
-6.565756429088301926e-01,8.378356549935784409e-03
-6.565756429088301926e-01,8.378356549935784409e-03
-6.565756429088301926e-01,8.378356549935784409e-03
-5.874520692892538642e-01,4.538810802938716971e-02
-5.874520692892538642e-01,4.538810802938716971e-02
-5.874520692892538642e-01,4.538810802938716971e-02
-4.967594828832386789e-01,5.616673949425153578e-02
-4.967594828832386789e-01,5.616673949425153578e-02
-4.967594828832386789e-01,5.616673949425153578e-02
-7.004124247871565956e-01,1.738967825905874953e-01
-4.380605101052457151e-01,1.619735709685340419e-01
-4.380605101052457151e-01,1.619735709685340419e-01
-4.076599609609690700e-01,6.296044120093748087e-02
-3.267292035016305940e-01,1.497440320212637538e-02
-3.267292035016305940e-01,1.497440320212637538e-02
-3.267292035016305940e-01,1.497440320212637538e-02
-6.228947872667129904e-01,-1.477385384464955653e-01
-6.228947872667129904e-01,-1.477385384464955653e-01
-6.228947872667129904e-01,-1.477385384464955653e-01
-6.228947872667129904e-01,-1.477385384464955653e-01
-6.228947872667129904e-01,-1.477385384464955653e-01
-6.042597326062970620e-01,-6.319714830480277490e-02
-6.856957399480062554e-01,-1.225080868134828527e-02
-6.856957399480062554e-01,-1.225080868134828527e-02
-7.136471299682085601e-01,-1.124642497963798810e-01
-7.136471299682085601e-01,-1.124642497963798810e-01
-7.136471299682085601e-01,-1.124642497963798810e-01
-7.136471299682085601e-01,-1.124642497963798810e-01
-7.136471299682085601e-01,-1.124642497963798810e-01
-7.136471299682085601e-01,-1.124642497963798810e-01
-7.290175308003696841e-01,-1.112318919861334660e-01
-5.907928952348403540e-01,-9.628273738069098586e-02
-6.128819132081626542e-01,2.733378497911856386e-02
-6.128819132081626542e-01,2.733378497911856386e-02
-6.128819132081626542e-01,2.733378497911856386e-02
-6.128819132081626542e-01,2.733378497911856386e-02
-6.128819132081626542e-01,2.733378497911856386e-02
-6.128819132081626542e-01,2.733378497911856386e-02
-6.128819132081626542e-01,2.733378497911856386e-02
-6.128819132081626542e-01,2.733378497911856386e-02
-6.128819132081626542e-01,2.733378497911856386e-02
-6.128819132081626542e-01,2.733378497911856386e-02
-6.128819132081626542e-01,2.733378497911856386e-02
-6.379361925021684865e-01,-2.402505340759924779e-01
-5.974784199575859933e-01,-1.148339294254364928e-01
-5.974784199575859933e-01,-1.148339294254364928e-01
-5.974784199575859933e-01,-1.148339294254364928e-01
-5.828158632910315218e-01,4.050792603318253970e-02
-5.828158632910315218e-01,4.050792603318253970e-02
-5.828158632910315218e-01,4.050792603318253970e-02
-5.828158632910315218e-01,4.050792603318253970e-02
-5.828158632910315218e-01,4.050792603318253970e-02
-4.917308819401935982e-01,-1.342544275970811996e-01
-6.576594658045789021e-01,1.202285129019677601e-01
-6.576594658045789021e-01,1.202285129019677601e-01
-7.134866812934038682e-01,1.475816735609772334e-01
-7.134866812934038682e-01,1.475816735609772334e-01
-5.973726465244998396e-01,-4.559881589652203804e-02
-6.617176582274366670e-01,1.260527094077597277e-01
-6.617176582274366670e-01,1.260527094077597277e-01
-6.583431277694546946e-01,-1.919655868510342089e-02
-5.798553485337121227e-01,7.542504563421795205e-02
-5.347154467771313424e-01,3.956146033729415756e-03
-5.347154467771313424e-01,3.956146033729415756e-03
-4.495263908440126910e-01,-7.091955438190714056e-02
-8.402891776467813489e-01,-1.560144280942906692e-01
-8.402891776467813489e-01,-1.560144280942906692e-01
-8.402891776467813489e-01,-1.560144280942906692e-01
-8.402891776467813489e-01,-1.560144280942906692e-01
-7.277220384342728554e-01,-1.518127785047183320e-01
-7.277220384342728554e-01,-1.518127785047183320e-01
-7.277220384342728554e-01,-1.518127785047183320e-01
-7.277220384342728554e-01,-1.518127785047183320e-01
-7.277220384342728554e-01,-1.518127785047183320e-01
-6.961452474970772908e-01,-1.125572267223811929e-01
-5.839237157752151797e-01,-1.124548681680928586e-02
-5.839237157752151797e-01,-1.124548681680928586e-02
-6.031888477907065838e-01,2.126742484355298446e-02
-4.498041604542916128e-01,-5.040650022562354060e-02
-6.979664180985042377e-01,-1.462607374679116556e-01
-5.689856615895372283e-01,9.436264461643056878e-03
-6.576814998468074602e-01,-2.033177935041664552e-01
-6.114653250710928578e-01,-2.829099709048182865e-01
-5.642881910808708046e-01,-3.672861691755548441e-01
-5.642881910808708046e-01,-3.672861691755548441e-01
-6.624029323108617806e-01,-3.542441425150106848e-01
-6.624029323108617806e-01,-3.542441425150106848e-01
-6.624029323108617806e-01,-3.542441425150106848e-01
-6.624029323108617806e-01,-3.542441425150106848e-01
-4.176845072047282725e-01,4.702335877638136319e-02
-4.176845072047282725e-01,4.702335877638136319e-02
-4.176845072047282725e-01,4.702335877638136319e-02
-4.176845072047282725e-01,4.702335877638136319e-02
-5.944282106721305858e-01,2.441691708500733429e-02
-6.584658208480038688e-01,2.244397368630043563e-02
-5.437795059635566197e-01,3.140133560737454893e-02
-5.437795059635566197e-01,3.140133560737454893e-02
-5.437795059635566197e-01,3.140133560737454893e-02
-5.437795059635566197e-01,3.140133560737454893e-02
-5.437795059635566197e-01,3.140133560737454893e-02
-4.322663140791895842e-01,-3.924620098207295266e-02
-4.322663140791895842e-01,-3.924620098207295266e-02
-3.390352366226876413e-01,-9.917656796247448225e-02
-3.390352366226876413e-01,-9.917656796247448225e-02
-3.390352366226876413e-01,-9.917656796247448225e-02
-3.956053669912840132e-01,-2.362945770766255171e-01
-4.631298864555378758e-01,2.844535102536790983e-02
-5.379464222027166009e-01,5.415858000339179856e-02
-4.573181304734874608e-01,-6.523024171565941498e-02
-4.960000117452770252e-01,-1.189715221245182530e-01
-4.960000117452770252e-01,-1.189715221245182530e-01
-8.079245759102450242e-01,-4.204847363324142051e-02
-8.079245759102450242e-01,-4.204847363324142051e-02
-5.128709883741731090e-01,-4.487586421396036473e-02
-7.596105646948732026e-01,-7.883940078911551297e-02
-7.253958550595945853e-01,4.859765418378320101e-03
-6.788350595790961783e-01,4.317619889603653560e-02
-6.788350595790961783e-01,4.317619889603653560e-02
-6.788350595790961783e-01,4.317619889603653560e-02
-6.788350595790961783e-01,4.317619889603653560e-02
-6.160942468460991472e-01,1.378366971637144944e-01
-6.643663289185599563e-01,2.134986144169221389e-01
-6.443354318977200235e-01,2.176263798828773355e-01
-6.443354318977200235e-01,2.176263798828773355e-01
-6.443354318977200235e-01,2.176263798828773355e-01
-6.443354318977200235e-01,2.176263798828773355e-01
-6.718555776677938018e-01,3.006208205943775025e-01
-5.919088411291606455e-01,3.179337013610145091e-01
-5.919088411291606455e-01,3.179337013610145091e-01
-5.919088411291606455e-01,3.179337013610145091e-01
-5.760604054998780255e-01,2.436064994625760094e-01
-6.231480614874477242e-01,2.274911544026840537e-01
-5.818684481841681633e-01,2.945235698286433057e-01
-5.818684481841681633e-01,2.945235698286433057e-01
-7.136712131366527156e-01,2.243521213876167320e-01
-7.136712131366527156e-01,2.243521213876167320e-01
-8.468549291718603378e-01,1.564859975625895183e-01
-8.259388123075466215e-01,1.969089355558120702e-01
-3.595125768151655743e-01,2.521687154449755996e-02
-3.595125768151655743e-01,2.521687154449755996e-02
-5.393418144001767001e-01,-5.490432385089048795e-02
-5.731261788572061810e-01,1.103089650845050645e-01
-5.731261788572061810e-01,1.103089650845050645e-01
-6.304436206912039653e-01,3.378191779682118701e-02
-8.135712447964558169e-01,3.662737167334635668e-02
-7.347915579904741312e-01,2.878766691172705006e-01
-5.634389509524817541e-01,3.886713798516796547e-01
-5.634389509524817541e-01,3.886713798516796547e-01
-5.169176830184539773e-01,2.357804641705170401e-01
-6.282072132154264965e-01,8.546393963893783585e-02
-6.282072132154264965e-01,8.546393963893783585e-02
-6.099822089076797349e-01,1.638471774480305954e-02
-6.099822089076797349e-01,1.638471774480305954e-02
-6.099822089076797349e-01,1.638471774480305954e-02
-6.099822089076797349e-01,1.638471774480305954e-02
-6.099822089076797349e-01,1.638471774480305954e-02
-6.099822089076797349e-01,1.638471774480305954e-02
-7.747710057785744953e-01,8.234715316306799593e-02
-7.747710057785744953e-01,8.234715316306799593e-02
-8.144375102193111005e-01,1.057399878961391149e-01
-8.144375102193111005e-01,1.057399878961391149e-01
-8.144375102193111005e-01,1.057399878961391149e-01
-7.133823107768055838e-01,1.573836559314795158e-01
-7.237538925939409618e-01,-9.022264117890699264e-02
-7.591638799290418849e-01,9.631390310361162554e-02
-7.591638799290418849e-01,9.631390310361162554e-02
-7.591638799290418849e-01,9.631390310361162554e-02
-6.386992105487405702e-01,-1.793044913265100238e-02
-5.152171665598018757e-01,-2.016651846606449805e-01
-5.448055838252181537e-01,-8.958676006031876526e-02
-5.448055838252181537e-01,-8.958676006031876526e-02
-4.887397334521939030e-01,-2.317000951453970226e-01
-4.887397334521939030e-01,-2.317000951453970226e-01
-4.108495892941878558e-01,-2.125367580884661156e-01
-5.186207488352125861e-01,-1.800096887315966732e-01
-5.186207488352125861e-01,-1.800096887315966732e-01
-5.186207488352125861e-01,-1.800096887315966732e-01
-9.350127017803314677e-01,-2.149385677931844874e-02
-9.350127017803314677e-01,-2.149385677931844874e-02
-9.350127017803314677e-01,-2.149385677931844874e-02
-9.350127017803314677e-01,-2.149385677931844874e-02
-8.675835206148059253e-01,-4.688829661814514216e-02
-8.675835206148059253e-01,-4.688829661814514216e-02
-8.216043622123812007e-01,6.760069340146082628e-02
-8.216043622123812007e-01,6.760069340146082628e-02
-5.726059171808917103e-01,-9.320762976005439460e-02
-5.726059171808917103e-01,-9.320762976005439460e-02
-6.873303449790095776e-01,1.278471816011032547e-01
-6.873303449790095776e-01,1.278471816011032547e-01
-6.907722838832144330e-01,-1.355839666419663136e-01
-6.907722838832144330e-01,-1.355839666419663136e-01
-6.440346485206263072e-01,-1.016872092143154549e-01
-5.002077536746671882e-01,-1.757316402610094030e-01
-5.002077536746671882e-01,-1.757316402610094030e-01
-5.471316270285626615e-01,-2.428711400635598927e-01
-7.342566501405297652e-01,-8.719880614150651854e-02
-5.606930238341751860e-01,-1.213516573326650916e-01
-5.606930238341751860e-01,-1.213516573326650916e-01
-5.606930238341751860e-01,-1.213516573326650916e-01
-7.352057335749208056e-01,-3.001150035128910543e-02
-5.296439591600904384e-01,2.109632726112357221e-02
-5.296439591600904384e-01,2.109632726112357221e-02
-5.296439591600904384e-01,2.109632726112357221e-02
-4.470841181615123339e-01,-7.306085254335750734e-02
-6.127406948363499639e-01,-4.961370218109176222e-03
-9.462776487317470231e-01,6.185380982546152817e-02
-9.462776487317470231e-01,6.185380982546152817e-02
-9.462776487317470231e-01,6.185380982546152817e-02
-9.667277450958736695e-01,1.631782980554088713e-01
-7.911565898069204961e-01,1.834509892767100803e-01
-8.111804514924004783e-01,1.605060901969228848e-01
-6.384868335318371058e-01,1.198085146930899653e-01
-5.510212372581995144e-01,-3.121912910485004633e-01
-5.510212372581995144e-01,-3.121912910485004633e-01
-6.332411326241762506e-01,-5.928357871347872399e-02
-6.332411326241762506e-01,-5.928357871347872399e-02
-6.596247264961070389e-01,-2.545265073065983846e-02
-6.169050355763118221e-01,6.933319486441984203e-03
-5.114079245953773167e-01,-6.994491369463193275e-02
-7.359183305013730081e-01,8.288315085750341815e-03
-5.752099148093546832e-01,-7.939135119639538496e-02
-5.330185692851855395e-01,-3.173205352245949545e-02
-5.844306271563499688e-01,-4.945964258888201071e-02
-5.844306271563499688e-01,-4.945964258888201071e-02
-5.844306271563499688e-01,-4.945964258888201071e-02
-5.979911336221028773e-01,7.867616934982311905e-02
-5.979911336221028773e-01,7.867616934982311905e-02
-5.979911336221028773e-01,7.867616934982311905e-02
-5.549034703647310884e-01,2.169004285987422009e-01
-5.549034703647310884e-01,2.169004285987422009e-01
-7.022399304978883539e-01,1.471277507207823243e-01
-3.236182980037919932e-01,-1.813121083499985575e-02
-4.399914438207425116e-01,1.526375735787836169e-02
-5.988652932636698845e-01,4.045823858765851266e-02
-5.988652932636698845e-01,4.045823858765851266e-02
-7.136210221200949277e-01,-2.249578230685697622e-02
-7.220155702447572654e-01,1.327445575070602957e-02
-7.220155702447572654e-01,1.327445575070602957e-02
-7.220155702447572654e-01,1.327445575070602957e-02
-7.220155702447572654e-01,1.327445575070602957e-02
-8.395033408363523630e-01,-8.401729298185368899e-02
-8.577023241379113649e-01,-1.124891039614092786e-01
-7.554153911032349678e-01,7.332007751177992139e-02
-5.305279928218741281e-01,6.117098079088932605e-02
-5.305279928218741281e-01,6.117098079088932605e-02
-4.732708387904854819e-01,3.796751241122566650e-02
-4.850701751448544541e-01,-1.164448153425615695e-01
-4.850701751448544541e-01,-1.164448153425615695e-01
-5.125567568843505395e-01,-2.048316286007200171e-01
-4.306755615775938462e-01,-1.700364114568825580e-01
-4.306755615775938462e-01,-1.700364114568825580e-01
-4.306755615775938462e-01,-1.700364114568825580e-01
-3.548061688737678687e-01,-9.876294067326618631e-02
-3.548061688737678687e-01,-9.876294067326618631e-02
-3.441783623275646575e-01,-1.427416397095545852e-01
-4.444695349148908292e-01,-1.004032481538441601e-02
-4.444695349148908292e-01,-1.004032481538441601e-02
-4.746744313080767941e-01,3.207174570060702251e-02
-4.746744313080767941e-01,3.207174570060702251e-02
-6.322434043655392744e-01,-1.238354611490388169e-01
-6.322434043655392744e-01,-1.238354611490388169e-01
-6.322434043655392744e-01,-1.238354611490388169e-01
-7.442122632001553217e-01,-1.020426033377361819e-01
-7.442122632001553217e-01,-1.020426033377361819e-01
-5.827800861969690827e-01,-4.088789247244438430e-02
-5.827800861969690827e-01,-4.088789247244438430e-02
-6.242421243635734029e-01,-4.574194732541764230e-02
-6.159961538623828226e-01,1.026028204049035941e-01
-5.957161464984246368e-01,6.533999938076773262e-02
-5.957161464984246368e-01,6.533999938076773262e-02
-5.957161464984246368e-01,6.533999938076773262e-02
-5.957161464984246368e-01,6.533999938076773262e-02
-5.957161464984246368e-01,6.533999938076773262e-02
-5.957161464984246368e-01,6.533999938076773262e-02
-5.957161464984246368e-01,6.533999938076773262e-02
-5.903123885506122992e-01,1.233940696490287425e-01
-5.903123885506122992e-01,1.233940696490287425e-01
-5.064645024915662708e-01,2.386424972088271312e-01
-4.366791335115200456e-01,1.281931019829722906e-01
-4.366791335115200456e-01,1.281931019829722906e-01
-4.366791335115200456e-01,1.281931019829722906e-01
-2.689448593921301978e-01,7.498757186636303973e-02
-2.689448593921301978e-01,7.498757186636303973e-02
-4.282110005507409611e-01,-1.970963875054121406e-02
-3.978354716004818825e-01,-9.459979021571515712e-02
-3.594028440865006391e-01,-4.901496247596087708e-03
-9.644518566971377327e-02,1.124281553331318850e-01
-1.884288540411419022e-01,2.796830397402230717e-01
-1.884288540411419022e-01,2.796830397402230717e-01
-1.884288540411419022e-01,2.796830397402230717e-01
-9.277497743079525516e-02,1.306783195930449892e-02
-9.277497743079525516e-02,1.306783195930449892e-02
-9.277497743079525516e-02,1.306783195930449892e-02
-2.705738703025186709e-01,1.336188802046273660e-01
-2.705738703025186709e-01,1.336188802046273660e-01
-4.546161804809902840e-01,1.769227063309933567e-01
-4.546161804809902840e-01,1.769227063309933567e-01
-3.527242595218447185e-01,8.908388347242056360e-02
-4.551388817314060420e-01,9.727207971800994057e-02
-5.804488379120488206e-01,6.419179685143128200e-02
-5.804488379120488206e-01,6.419179685143128200e-02
-5.804488379120488206e-01,6.419179685143128200e-02
-4.462236712826662122e-01,-1.777216058267378218e-01
-4.462236712826662122e-01,-1.777216058267378218e-01
-4.462236712826662122e-01,-1.777216058267378218e-01
-5.322272194024619818e-01,-1.278100960968736322e-01
-3.879740734107228750e-01,-1.598169300786442815e-01
-3.015729486215835142e-01,6.641549875737440267e-02
-5.256820107129989150e-01,-3.378867782007688447e-02
-5.160227393880992830e-01,-3.478354753234909336e-02
-6.500967287069905343e-01,-9.016723220580799558e-02
-6.500967287069905343e-01,-9.016723220580799558e-02
-5.371259468601253806e-01,-1.672150102103911462e-02
-6.925331349118264423e-01,6.555272470564828258e-02
-6.925331349118264423e-01,6.555272470564828258e-02
-6.925331349118264423e-01,6.555272470564828258e-02
-6.925331349118264423e-01,6.555272470564828258e-02
-6.925331349118264423e-01,6.555272470564828258e-02
-8.542439673563236857e-01,-5.821634701272006274e-02
-8.542439673563236857e-01,-5.821634701272006274e-02
-8.542439673563236857e-01,-5.821634701272006274e-02
-8.542439673563236857e-01,-5.821634701272006274e-02
-8.542439673563236857e-01,-5.821634701272006274e-02
-8.542439673563236857e-01,-5.821634701272006274e-02
-8.878640315347395839e-01,-1.433445530997327633e-01
-7.346989497909699462e-01,-2.909598760533894657e-01
-7.346989497909699462e-01,-2.909598760533894657e-01
-7.507415229575431503e-01,-2.123975863098656602e-01
-7.507415229575431503e-01,-2.123975863098656602e-01
-5.947450028353780116e-01,-7.225773887444272847e-02
-5.947450028353780116e-01,-7.225773887444272847e-02
-5.947450028353780116e-01,-7.225773887444272847e-02
-5.947450028353780116e-01,-7.225773887444272847e-02
-6.371532371384249771e-01,8.826245975332791538e-02
-4.157545617451189335e-01,8.887931630752854417e-03
-4.157545617451189335e-01,8.887931630752854417e-03
-4.157545617451189335e-01,8.887931630752854417e-03
-3.727162453880645265e-01,7.214009603609441990e-02
-4.757153097115465190e-01,3.048555512330970996e-01
-4.757153097115465190e-01,3.048555512330970996e-01
-4.757153097115465190e-01,3.048555512330970996e-01
-4.757153097115465190e-01,3.048555512330970996e-01
-4.757153097115465190e-01,3.048555512330970996e-01
-5.909908428372844247e-01,2.062646452938228236e-01
-7.935308960013057744e-01,1.152383608036975093e-01
-7.935308960013057744e-01,1.152383608036975093e-01
-6.989263853805327553e-01,1.932036020598014159e-01
-6.335265131317293630e-01,2.042962773266416843e-01
-6.335265131317293630e-01,2.042962773266416843e-01
-7.011951306395748373e-01,3.343748090673980267e-01
-8.137763618271013355e-01,2.114936813540648775e-01
-8.137763618271013355e-01,2.114936813540648775e-01
-8.473769150166587938e-01,6.872215160769012954e-02
-8.382856238274011274e-01,1.263039690103735513e-01
-8.382856238274011274e-01,1.263039690103735513e-01
-8.104649705349897815e-01,1.230129827072558857e-01
-8.753558545918539435e-01,2.211180940028188713e-02
-7.169195233896741293e-01,4.854369430605241786e-02
-7.624061029866141537e-01,-6.805717177078240976e-02
-7.624061029866141537e-01,-6.805717177078240976e-02
-6.311810682657149618e-01,-1.598686869917336634e-02
-4.639030019194799737e-01,-7.234717774620030850e-02
-4.639030019194799737e-01,-7.234717774620030850e-02
-4.639030019194799737e-01,-7.234717774620030850e-02
-5.162822243707336778e-01,8.896658178521812954e-02
-5.842972299041679918e-01,1.597878359566154149e-01
-5.842972299041679918e-01,1.597878359566154149e-01
-6.798507536418516572e-01,1.102632786848166957e-01
-6.788327526748110241e-01,7.251432639503196942e-02
-6.788327526748110241e-01,7.251432639503196942e-02
-6.788327526748110241e-01,7.251432639503196942e-02
-6.632337729756050404e-01,-1.984941590167453584e-02
-6.632337729756050404e-01,-1.984941590167453584e-02
-7.103364025686341732e-01,-2.650966881255258090e-02
-8.704118415966295430e-01,-5.329457714818076897e-02
-6.931792176972974007e-01,-1.379631685367341265e-01
-7.347849613258824464e-01,-2.077475421360771013e-01
-8.426125063498963730e-01,-4.147937950563479470e-02
-8.426125063498963730e-01,-4.147937950563479470e-02
-7.536898017369517699e-01,-5.270988618619447397e-02
-6.514714897885491851e-01,2.828056954880203699e-02
-5.985723064201198262e-01,-6.332391741092685544e-02
-4.915452437715572831e-01,-2.204524957200025004e-01
-6.328493624616557955e-01,2.286839189733111399e-02
-6.328493624616557955e-01,2.286839189733111399e-02
-5.577894048629810086e-01,8.702209739222559193e-02
-6.460134310787545298e-01,-6.154946820330321755e-02
-6.196913410689320889e-01,5.507527087276582745e-02
-5.683415474006047186e-01,-7.970318595311655374e-02
-5.675704355390859268e-01,-7.188669660910695924e-03
-5.534582747020055926e-01,6.894856897894109660e-02
-5.534582747020055926e-01,6.894856897894109660e-02
-5.534582747020055926e-01,6.894856897894109660e-02
-5.534582747020055926e-01,6.894856897894109660e-02
-6.247237462658721263e-01,-5.417383148730421649e-02
-6.135394087913672578e-01,-8.156112370704463044e-02
-5.626667955733029025e-01,-1.340794616539026096e-02
-5.626667955733029025e-01,-1.340794616539026096e-02
-5.626667955733029025e-01,-1.340794616539026096e-02
-5.179967424586523483e-01,7.759995538767650025e-02
-5.179967424586523483e-01,7.759995538767650025e-02
-5.179967424586523483e-01,7.759995538767650025e-02
-3.342127017492387275e-01,-6.825904564185059087e-02
-3.342127017492387275e-01,-6.825904564185059087e-02
-3.342127017492387275e-01,-6.825904564185059087e-02
-3.207628303465047681e-01,-1.230968821367710297e-01
-3.207628303465047681e-01,-1.230968821367710297e-01
-3.207628303465047681e-01,-1.230968821367710297e-01
-3.207628303465047681e-01,-1.230968821367710297e-01
-5.261794080011437114e-01,-7.878107229810196732e-02
-5.259804908709724280e-01,3.379059892907393392e-02
-5.259804908709724280e-01,3.379059892907393392e-02
-5.259804908709724280e-01,3.379059892907393392e-02
-6.431572363727171560e-01,-8.088816586538161157e-02
-6.431572363727171560e-01,-8.088816586538161157e-02
-5.962085498867379929e-01,9.420694138966745346e-02
-5.962085498867379929e-01,9.420694138966745346e-02
-5.962085498867379929e-01,9.420694138966745346e-02
-3.759441960916051206e-01,-1.155791904477022625e-01
-3.759441960916051206e-01,-1.155791904477022625e-01
-4.976696465504485967e-01,-6.781305081839944515e-02
-4.976696465504485967e-01,-6.781305081839944515e-02
-5.325080951269126617e-01,-7.064062388835791462e-02
-5.325080951269126617e-01,-7.064062388835791462e-02
-4.715064163872297875e-01,-1.771365296478050744e-01
-6.542059138247644512e-01,-7.030249996554331637e-02
-7.331619788983815278e-01,-1.138595328319435551e-01
-8.499558415475111373e-01,-1.166899994634483795e-01
-8.499558415475111373e-01,-1.166899994634483795e-01
-8.239628564324468218e-01,-2.345365978649037175e-01
-8.239628564324468218e-01,-2.345365978649037175e-01
-8.239628564324468218e-01,-2.345365978649037175e-01
-8.239628564324468218e-01,-2.345365978649037175e-01
-8.239628564324468218e-01,-2.345365978649037175e-01
-8.239628564324468218e-01,-2.345365978649037175e-01
-7.345433850856151192e-01,-7.509495176686595275e-02
-7.345433850856151192e-01,-7.509495176686595275e-02
-7.345433850856151192e-01,-7.509495176686595275e-02
-7.323111747895388879e-01,1.353640711838459409e-02
-6.711699532621024922e-01,-1.239419375979213672e-01
-5.969629890473007183e-01,-2.269134952651808423e-01
-6.215638786940863580e-01,-1.713110542291242933e-01
-6.215638786940863580e-01,-1.713110542291242933e-01
-6.215638786940863580e-01,-1.713110542291242933e-01
-6.215638786940863580e-01,-1.713110542291242933e-01
-6.215638786940863580e-01,-1.713110542291242933e-01
-5.615321689590556664e-01,-7.491751979973140796e-02
-5.615321689590556664e-01,-7.491751979973140796e-02
-6.963661623057443295e-01,-1.698328049763208891e-01
-6.963661623057443295e-01,-1.698328049763208891e-01
-7.235071043680491032e-01,-1.439662014070126062e-01
-6.679588156763844875e-01,-2.637309154824279966e-01
-6.679588156763844875e-01,-2.637309154824279966e-01
-6.679588156763844875e-01,-2.637309154824279966e-01
-6.679588156763844875e-01,-2.637309154824279966e-01
-8.099174235353556739e-01,-2.269240468360975982e-01
-5.545260209610910485e-01,-1.860791356226395576e-01
-5.545260209610910485e-01,-1.860791356226395576e-01
-4.729422431548220285e-01,-2.200518212056038758e-01
-6.679551901492084554e-01,-2.028087721826557499e-02
-7.759001638541171975e-01,3.963202213890375247e-02
-7.310487070720863567e-01,1.517901606298198702e-01
-6.759974421712274806e-01,8.536085405517532254e-02
-8.139285595144970520e-01,-1.452942723403805036e-01
-8.139285595144970520e-01,-1.452942723403805036e-01
-8.139285595144970520e-01,-1.452942723403805036e-01
-5.176747400704958535e-01,-8.192231521106661807e-02
-5.470034500165008584e-01,-1.337172784495608280e-01
-4.451964065024239803e-01,-7.392440690643523049e-02
-3.401910282430342658e-01,1.015800352765623416e-01
-4.944265137771801655e-01,1.688977224403917787e-01
-5.859868655760942513e-01,1.931072165535568375e-01
-5.859868655760942513e-01,1.931072165535568375e-01
-6.728048706188957118e-01,1.353405252541408088e-01
-6.095917198986338104e-01,1.339660932855524789e-01
-6.928621605918473536e-01,1.991026398313981427e-01
-6.928621605918473536e-01,1.991026398313981427e-01
-7.062918862042226742e-01,-7.356592378832405021e-02
-7.422116877103461796e-01,-1.239953601732187577e-02
-7.084426933984756536e-01,-5.441512556856586968e-02
-6.525932070565568788e-01,-2.103202339022245126e-01
-5.946486870077904996e-01,-2.295451506380841722e-01
-5.946486870077904996e-01,-2.295451506380841722e-01
-5.946486870077904996e-01,-2.295451506380841722e-01
-6.067195221459138477e-01,-4.539001724004138039e-02
-6.300715351606157588e-01,-2.610935349374442493e-01
-5.557322823558602520e-01,-2.823359661192781367e-01
-7.032117659682582955e-01,-1.016864416462547327e-01
-7.032117659682582955e-01,-1.016864416462547327e-01
-7.032117659682582955e-01,-1.016864416462547327e-01
-7.032117659682582955e-01,-1.016864416462547327e-01
-5.652226200034040637e-01,-9.569672190681989543e-02
-6.392804065611890074e-01,-1.018641874379094120e-01
-6.392804065611890074e-01,-1.018641874379094120e-01
-6.620835696457326724e-01,-7.514749273413509623e-02
-5.745826206057301766e-01,6.306171223628070921e-02
-5.745826206057301766e-01,6.306171223628070921e-02
-7.266044412229839544e-01,1.888383059051865209e-02
-7.266044412229839544e-01,1.888383059051865209e-02
-7.266044412229839544e-01,1.888383059051865209e-02
-5.544593646495875605e-01,8.490639798116587922e-02
-5.544593646495875605e-01,8.490639798116587922e-02
-5.544593646495875605e-01,8.490639798116587922e-02
-6.347636203547410982e-01,-1.251469420502234198e-01
-6.347636203547410982e-01,-1.251469420502234198e-01
-7.162753808445787573e-01,3.998762475236278258e-02
-5.747298983342874479e-01,-4.348957522290286537e-02
-5.747298983342874479e-01,-4.348957522290286537e-02
-5.747298983342874479e-01,-4.348957522290286537e-02
-5.747298983342874479e-01,-4.348957522290286537e-02
-5.153539584474454704e-01,1.586042123111958968e-01
-5.153539584474454704e-01,1.586042123111958968e-01
-5.153539584474454704e-01,1.586042123111958968e-01
-5.180485423228750053e-01,5.495806354336545130e-02
-5.180485423228750053e-01,5.495806354336545130e-02
-7.678481430568626642e-01,1.337425710651564403e-01
-8.749304377157902657e-01,-1.006090325758595971e-01
-7.701282325113115723e-01,-1.165573732456982453e-01
-7.701282325113115723e-01,-1.165573732456982453e-01
-7.701282325113115723e-01,-1.165573732456982453e-01
-4.955403845772009541e-01,-1.678660899241264104e-01
-4.955403845772009541e-01,-1.678660899241264104e-01
-4.955403845772009541e-01,-1.678660899241264104e-01
-4.955403845772009541e-01,-1.678660899241264104e-01
-4.955403845772009541e-01,-1.678660899241264104e-01
-5.951138085805187661e-01,-6.506565786830187381e-02
-5.951138085805187661e-01,-6.506565786830187381e-02
-5.951138085805187661e-01,-6.506565786830187381e-02
-5.951138085805187661e-01,-6.506565786830187381e-02
-5.951138085805187661e-01,-6.506565786830187381e-02
-5.951138085805187661e-01,-6.506565786830187381e-02
-5.951138085805187661e-01,-6.506565786830187381e-02
-5.951138085805187661e-01,-6.506565786830187381e-02
-5.951138085805187661e-01,-6.506565786830187381e-02
-7.190933271910801006e-01,-6.830265820278931532e-02
-7.190933271910801006e-01,-6.830265820278931532e-02
-5.614644974580423886e-01,-3.416152719439422697e-02
-5.509917804724385748e-01,-3.300619483262417359e-03
-5.509917804724385748e-01,-3.300619483262417359e-03
-7.597290678998438462e-01,-1.241558859717517005e-01
-7.597290678998438462e-01,-1.241558859717517005e-01
-7.597290678998438462e-01,-1.241558859717517005e-01
-7.597290678998438462e-01,-1.241558859717517005e-01
-7.597290678998438462e-01,-1.241558859717517005e-01
-7.513008622502184153e-01,1.002098078202800224e-01
-7.513008622502184153e-01,1.002098078202800224e-01
-7.513008622502184153e-01,1.002098078202800224e-01
-7.513008622502184153e-01,1.002098078202800224e-01
-7.513008622502184153e-01,1.002098078202800224e-01
-7.798461967146089746e-01,1.341382917570222988e-01
-7.798461967146089746e-01,1.341382917570222988e-01
-7.680121432466023856e-01,3.000364990082873828e-02
-7.680121432466023856e-01,3.000364990082873828e-02
-4.895983577824077337e-01,-4.808176479998706176e-02
-5.345050506151026726e-01,-8.924682705467840149e-03
-6.301660318289765694e-01,-2.620798115530134295e-02
-6.301660318289765694e-01,-2.620798115530134295e-02
-6.301660318289765694e-01,-2.620798115530134295e-02
-6.301660318289765694e-01,-2.620798115530134295e-02
-6.301660318289765694e-01,-2.620798115530134295e-02
-6.847860872931894605e-01,-7.881912765442473934e-02
-6.847860872931894605e-01,-7.881912765442473934e-02
-5.532800059967096784e-01,1.658942105360818320e-01
-3.292965097539568009e-01,1.231868543826403206e-01
-3.025378151058210063e-01,-7.766001935237026865e-02
-2.462372336643395276e-01,8.986128244838889612e-02
-2.462372336643395276e-01,8.986128244838889612e-02
-2.244519114046493735e-01,-1.899328868436538087e-02
-5.201503187541740569e-01,-3.175157243188757583e-01
-5.201503187541740569e-01,-3.175157243188757583e-01
-2.554565542157157809e-01,-1.295469526212663092e-01
-4.506266089009297593e-01,-4.343203567689717104e-02
-4.506266089009297593e-01,-4.343203567689717104e-02
-4.506266089009297593e-01,-4.343203567689717104e-02
-5.089582506270232676e-01,-8.273568787164509164e-02
-5.089582506270232676e-01,-8.273568787164509164e-02
-5.089582506270232676e-01,-8.273568787164509164e-02
-5.089582506270232676e-01,-8.273568787164509164e-02
-4.595676019230074960e-01,2.639002860775528925e-01
-4.192602840597619562e-01,1.404403718413475832e-01
-4.192602840597619562e-01,1.404403718413475832e-01
-4.192602840597619562e-01,1.404403718413475832e-01
-5.783507872206659073e-01,8.105838395533145058e-02
-5.783507872206659073e-01,8.105838395533145058e-02
-5.783507872206659073e-01,8.105838395533145058e-02
-5.783507872206659073e-01,8.105838395533145058e-02
-5.783507872206659073e-01,8.105838395533145058e-02
-6.141559927526565321e-01,-3.316466207015358880e-02
-6.141559927526565321e-01,-3.316466207015358880e-02
-6.141559927526565321e-01,-3.316466207015358880e-02
-6.141559927526565321e-01,-3.316466207015358880e-02
-6.141559927526565321e-01,-3.316466207015358880e-02
-6.443174498182476784e-01,-7.273573118019319161e-02
-6.443174498182476784e-01,-7.273573118019319161e-02
-6.673788643607462268e-01,7.912466237181889350e-02
-6.822300727736846371e-01,2.034513629103500143e-02
-6.822300727736846371e-01,2.034513629103500143e-02
-6.822300727736846371e-01,2.034513629103500143e-02
-6.822300727736846371e-01,2.034513629103500143e-02
-7.319313109252344463e-01,1.786711742511764012e-01
-7.319313109252344463e-01,1.786711742511764012e-01
-3.504964233860717870e-01,1.747052645145092953e-01
-3.504964233860717870e-01,1.747052645145092953e-01
-3.504964233860717870e-01,1.747052645145092953e-01
-5.136276067301048798e-01,4.807795526762229099e-02
-5.136276067301048798e-01,4.807795526762229099e-02
-4.734772300288704883e-01,9.722371410732956465e-02
-4.734772300288704883e-01,9.722371410732956465e-02
-7.843399198391685090e-01,8.530024121889655253e-02
-7.578814854601029216e-01,7.572159562220331930e-02
-6.562197982636244209e-01,-1.772126817199763671e-02
-6.940434347372519408e-01,-1.002345781628539156e-01
-6.781973408352113264e-01,-9.859761026791451222e-02
-7.005162572223989637e-01,-2.713518929801851387e-01
-6.054576441279674315e-01,-1.370699242465703016e-01
-6.618929817392966708e-01,1.305523894249026318e-01
-4.665864387691378568e-01,1.829525876776829096e-01
-4.665864387691378568e-01,1.829525876776829096e-01
-3.705493571885958293e-01,2.436430552777065217e-01
-3.705493571885958293e-01,2.436430552777065217e-01
-3.705493571885958293e-01,2.436430552777065217e-01
-3.705493571885958293e-01,2.436430552777065217e-01
-3.705493571885958293e-01,2.436430552777065217e-01
-3.705493571885958293e-01,2.436430552777065217e-01
-4.058998239023650090e-01,2.186974312019552558e-01
-7.313288517283692558e-01,8.465864334974837480e-02
-7.313288517283692558e-01,8.465864334974837480e-02
-7.313288517283692558e-01,8.465864334974837480e-02
-6.447383910521359285e-01,1.353737904466328357e-01
-6.021441759247073700e-01,1.814203357202457956e-01
-6.646573996680126273e-01,2.118660566767739950e-01
-6.646573996680126273e-01,2.118660566767739950e-01
-6.174500208048152583e-01,1.768747561938100454e-01
-6.174500208048152583e-01,1.768747561938100454e-01
-6.174500208048152583e-01,1.768747561938100454e-01
-5.755611520351310295e-01,1.815797008946732072e-01
-5.755611520351310295e-01,1.815797008946732072e-01
-5.755611520351310295e-01,1.815797008946732072e-01
-5.755611520351310295e-01,1.815797008946732072e-01
-5.076021819317951822e-01,-1.722867775021397208e-04
-5.076021819317951822e-01,-1.722867775021397208e-04
-6.950587969426815782e-01,3.195005714331837499e-02
-6.950587969426815782e-01,3.195005714331837499e-02
-4.280704431135225474e-01,-6.716365953356798202e-04
-4.356192719714438444e-01,-1.705231860481073308e-02
-4.111102489833068918e-01,2.922536751546256362e-02
-4.710733880886608382e-01,-7.617708527627817250e-02
-4.710733880886608382e-01,-7.617708527627817250e-02
-5.091350969042961472e-01,-1.898358664192405926e-02
-5.333210420710666755e-01,1.740062240975233376e-02
-6.076897120386134388e-01,6.074566080670448787e-02
-6.383524118600871766e-01,-6.605465116519793067e-02
-6.383524118600871766e-01,-6.605465116519793067e-02
-7.406768842765740768e-01,6.958571842293009846e-02
-6.749668981476764085e-01,8.178306017036343634e-02
-7.232544377742725628e-01,-3.665022435450106253e-02
-6.402237777872090696e-01,-2.999763442237395050e-03
-6.402237777872090696e-01,-2.999763442237395050e-03
-7.958733980760405169e-01,8.995027345366596316e-02
-7.940527303588506003e-01,1.019416882200206431e-01
-7.940527303588506003e-01,1.019416882200206431e-01
-6.619406144672383974e-01,1.792945343731059960e-01
-9.213506705968642629e-01,9.226978415478787054e-03
-7.845182835150872336e-01,9.255885370463919071e-02
-9.053385025732191282e-01,2.379359388756286386e-01
-8.214648838882557813e-01,2.858418722398853862e-01
-8.214648838882557813e-01,2.858418722398853862e-01
-8.214648838882557813e-01,2.858418722398853862e-01
-8.214648838882557813e-01,2.858418722398853862e-01
-6.844233810874975621e-01,1.102318211198380360e-01
-6.844233810874975621e-01,1.102318211198380360e-01
-6.844233810874975621e-01,1.102318211198380360e-01
-6.347264411917910021e-01,-1.113258577664677229e-01
-6.984675470759027505e-01,-8.791728606483627251e-02
-6.545687654119031196e-01,-5.973060416234640679e-02
-5.778925684649118821e-01,-1.066504716715257206e-01
-6.254922608361410674e-01,-4.778113322859807444e-02
-5.915386234653743358e-01,-4.806350557286571956e-02
-5.915386234653743358e-01,-4.806350557286571956e-02
-7.523901049781025474e-01,5.313006135947402619e-02
-7.523901049781025474e-01,5.313006135947402619e-02
-6.579642639813567673e-01,-5.995318060556105444e-02
-9.206859854660360831e-01,-8.167259763502524028e-02
-6.607021665258731025e-01,2.953411422858268076e-02
-6.255134743146868459e-01,-1.790806077505923688e-01
-5.468341383853246862e-01,-1.501083576885662851e-01
-5.468341383853246862e-01,-1.501083576885662851e-01
-6.095223093401227477e-01,-1.446399124535178993e-01
-7.146420128406345551e-01,-1.347936619061452790e-01
-7.146420128406345551e-01,-1.347936619061452790e-01
-7.428576827063050336e-01,-1.858062062352140165e-01
-7.428576827063050336e-01,-1.858062062352140165e-01
-7.443648277159845561e-01,-2.403476527855522571e-01
-7.971061792831460879e-01,-6.872946065599364052e-02
-7.971061792831460879e-01,-6.872946065599364052e-02
-7.971061792831460879e-01,-6.872946065599364052e-02
-9.494605586697417721e-01,8.067477488618154946e-02
-8.599669160140457347e-01,1.694260454834353447e-01
-8.599669160140457347e-01,1.694260454834353447e-01
-8.599669160140457347e-01,1.694260454834353447e-01
-7.608535179155631045e-01,1.355533025375897926e-01
-7.608535179155631045e-01,1.355533025375897926e-01
-7.608535179155631045e-01,1.355533025375897926e-01
-6.266306796310434635e-01,6.295286739130584452e-02
-6.266306796310434635e-01,6.295286739130584452e-02
-5.530311902218503217e-01,-7.240957091365063381e-02
-5.455620483136111032e-01,4.575042410355642519e-02
-7.109752841375234222e-01,-9.830752584047780518e-02
-7.109752841375234222e-01,-9.830752584047780518e-02
-7.109752841375234222e-01,-9.830752584047780518e-02
-7.109752841375234222e-01,-9.830752584047780518e-02
-8.026719512115270128e-01,-2.144187274470054916e-01
-8.026719512115270128e-01,-2.144187274470054916e-01
-8.026719512115270128e-01,-2.144187274470054916e-01
-6.194900896028406878e-01,-3.586688846865941915e-01
-6.839513872849287690e-01,-2.434631578028830790e-01
-4.620396007039630493e-01,-1.318455556463088429e-02
-4.620396007039630493e-01,-1.318455556463088429e-02
-4.620396007039630493e-01,-1.318455556463088429e-02
-5.870949467578930880e-01,1.121866043115704592e-01
-6.128457708488644906e-01,1.103230741800049208e-01
-6.128457708488644906e-01,1.103230741800049208e-01
-7.698842440724751324e-01,-4.056510835114879310e-03
-6.875376993295746475e-01,1.601872350809384858e-03
-6.875376993295746475e-01,1.601872350809384858e-03
-5.234973340502694361e-01,-1.353884387607269812e-01
-5.234973340502694361e-01,-1.353884387607269812e-01
-6.406634307737699707e-01,-2.958216886836994020e-01
-8.343074567421114862e-01,2.264877628399036835e-02
-9.442704057382670380e-01,2.465935595992729476e-02
-9.442704057382670380e-01,2.465935595992729476e-02
-8.854178286282489152e-01,9.709899422238980893e-02
-8.353748183994922361e-01,2.166231036143413113e-01
-6.534706346842220626e-01,1.317392595443675485e-01
-6.534706346842220626e-01,1.317392595443675485e-01
-6.534706346842220626e-01,1.317392595443675485e-01
-7.450190004423570267e-01,-2.026151383837360154e-02
-6.628067864570434953e-01,-1.385916636689958625e-02
-6.875729436480828571e-01,2.777912791794086983e-02
-6.875729436480828571e-01,2.777912791794086983e-02
-6.875729436480828571e-01,2.777912791794086983e-02
-6.875729436480828571e-01,2.777912791794086983e-02
-5.061563895585853290e-01,1.084796291179265237e-01
-4.520387461568366461e-01,-1.233268241935608911e-02
-3.924539196382346717e-01,2.032143146196215694e-02
-3.924539196382346717e-01,2.032143146196215694e-02
-3.924539196382346717e-01,2.032143146196215694e-02
-5.375288514530867090e-01,-1.239005770511547588e-01
-6.668561376224699799e-01,-2.212032815037106581e-01
-8.485496533842763478e-01,-9.576271585155310406e-02
-5.418859167531132615e-01,-1.326526597024709486e-01
-3.845179926074646648e-01,-2.706024551023897828e-01
-4.276711859900827473e-01,-2.311603329324461442e-01
-4.276711859900827473e-01,-2.311603329324461442e-01
-4.276711859900827473e-01,-2.311603329324461442e-01
-4.276711859900827473e-01,-2.311603329324461442e-01
-3.113037705940795430e-01,-1.339497181734111697e-01
-3.113037705940795430e-01,-1.339497181734111697e-01
-3.113037705940795430e-01,-1.339497181734111697e-01
-3.162328428942378089e-01,-1.509856923114583915e-01
-2.220761621632641181e-01,-1.260825776890572569e-01
-1.074273902969518080e-01,-3.606327470009466907e-02
-1.175293631926357663e-01,-7.893814670876828782e-03
-1.175293631926357663e-01,-7.893814670876828782e-03
-2.059900380463982605e-01,-5.244643627243185391e-02
-3.237981097830037736e-01,-3.250183640271277902e-02
-2.954762513692089643e-01,3.040168578872349398e-02
-2.954762513692089643e-01,3.040168578872349398e-02
-2.098378408964856612e-01,2.228887542645702907e-02
-2.259695033585514545e-01,5.390453418172281436e-03
-4.201238071896151727e-01,7.211608749500464377e-02
-6.128114977150106446e-01,6.426462139710531485e-02
-5.886590170984598025e-01,-1.331976408976317250e-01
-6.795062357114465268e-01,-1.439500289320614634e-01
-6.773409148285740589e-01,-1.590139884090440991e-01
-6.773409148285740589e-01,-1.590139884090440991e-01
-8.367031304743353104e-01,-7.395050095940032542e-02
-7.489979079220673297e-01,-1.473281892929394488e-01
-5.667569614986169846e-01,-1.559370370244307913e-01
-6.956802525396132975e-01,-5.251929254323907392e-02
-6.956802525396132975e-01,-5.251929254323907392e-02
-6.956802525396132975e-01,-5.251929254323907392e-02
-7.824018291755890919e-01,-2.042536547945829617e-01
-7.824018291755890919e-01,-2.042536547945829617e-01
-5.510621589497807227e-01,-9.452688590579308436e-02
-6.941875036834410650e-01,5.271103830692996928e-02
-5.748142420189910062e-01,-3.470704171487233591e-02
-5.748142420189910062e-01,-3.470704171487233591e-02
-6.340419626944671094e-01,-2.046697784493146932e-02
-6.340419626944671094e-01,-2.046697784493146932e-02
-6.340419626944671094e-01,-2.046697784493146932e-02
-6.340419626944671094e-01,-2.046697784493146932e-02
-6.366858656379547066e-01,6.023912239653937684e-02
-5.755265310973233239e-01,1.395674720238296029e-01
-5.755265310973233239e-01,1.395674720238296029e-01
-5.663744480513457358e-01,5.596526026772664919e-02
-5.349167089926807339e-01,-2.880093725100805746e-01
-4.920498205544175940e-01,-2.652436183295528993e-01
-4.834762681927887717e-01,-6.040824382398171655e-02
-5.774648918729368141e-01,-2.122861363648374106e-02
-5.774648918729368141e-01,-2.122861363648374106e-02
-5.774648918729368141e-01,-2.122861363648374106e-02
-5.774648918729368141e-01,-2.122861363648374106e-02
-5.569415966218983494e-01,-1.092579030808406015e-01
-6.196909290463720188e-01,7.565364994448861569e-03
-7.145173993851670069e-01,2.414492312062228030e-01
-7.145173993851670069e-01,2.414492312062228030e-01
-7.145173993851670069e-01,2.414492312062228030e-01
-7.145173993851670069e-01,2.414492312062228030e-01
-7.145173993851670069e-01,2.414492312062228030e-01
-7.145173993851670069e-01,2.414492312062228030e-01
-7.145173993851670069e-01,2.414492312062228030e-01
-6.924165676751906640e-01,-1.248952229168097672e-01
-6.924165676751906640e-01,-1.248952229168097672e-01
-6.924165676751906640e-01,-1.248952229168097672e-01
-6.924165676751906640e-01,-1.248952229168097672e-01
-9.200963383328684131e-01,-7.438964709488643523e-02
-8.138580381618576443e-01,-1.405254856114699358e-01
-8.138580381618576443e-01,-1.405254856114699358e-01
-8.138580381618576443e-01,-1.405254856114699358e-01
-8.138580381618576443e-01,-1.405254856114699358e-01
-8.138580381618576443e-01,-1.405254856114699358e-01
-6.872423154426988701e-01,-1.921292220817524821e-02
-6.872423154426988701e-01,-1.921292220817524821e-02
-6.872423154426988701e-01,-1.921292220817524821e-02
-6.872423154426988701e-01,-1.921292220817524821e-02
-6.955352667691608870e-01,9.705237803728364310e-02
-6.106338355788021310e-01,5.364627287666128702e-02
-7.024622744773704186e-01,7.158186506584171549e-02
-7.707794424151267476e-01,1.285711052411079025e-01
-7.719822196216211685e-01,2.370142638442644945e-01
-7.502208608542957347e-01,9.697551175467303275e-02
-7.502208608542957347e-01,9.697551175467303275e-02
-7.502208608542957347e-01,9.697551175467303275e-02
-4.195384064060260765e-01,3.131956302473272447e-02
-6.024798335157859341e-01,1.757784778545792292e-01
-6.024798335157859341e-01,1.757784778545792292e-01
-6.024798335157859341e-01,1.757784778545792292e-01
-6.024798335157859341e-01,1.757784778545792292e-01
-2.880493545608336370e-01,2.694800935652852392e-02
-2.880493545608336370e-01,2.694800935652852392e-02
-3.590312965128925060e-01,1.211292104870550501e-01
-3.590312965128925060e-01,1.211292104870550501e-01
-3.590312965128925060e-01,1.211292104870550501e-01
-4.459692062351642838e-01,7.511332422191399627e-02
-5.247625504304568311e-01,1.039108271186555549e-01
-5.247625504304568311e-01,1.039108271186555549e-01
-6.781933886393861632e-01,9.767909608989776282e-02
-6.781933886393861632e-01,9.767909608989776282e-02
-6.437907669313722714e-01,-2.518060993053244934e-02
-6.742857958125956230e-01,-6.166027405069612888e-02
-6.742857958125956230e-01,-6.166027405069612888e-02
-6.726813924819585733e-01,8.937539932351917793e-02
-6.726813924819585733e-01,8.937539932351917793e-02
-6.704269531835537199e-01,-5.612971572135780352e-02
-6.704269531835537199e-01,-5.612971572135780352e-02
-6.704269531835537199e-01,-5.612971572135780352e-02
-6.704269531835537199e-01,-5.612971572135780352e-02
-6.942186740575424508e-01,-6.817171428484022910e-02
-6.942186740575424508e-01,-6.817171428484022910e-02
-6.942186740575424508e-01,-6.817171428484022910e-02
-6.942186740575424508e-01,-6.817171428484022910e-02
-6.781374404257872746e-01,3.385505531001667401e-02
-6.781374404257872746e-01,3.385505531001667401e-02
-6.457493969247050103e-01,-1.037779419023511784e-01
-6.457493969247050103e-01,-1.037779419023511784e-01
-7.657755221666271428e-01,-1.228979702603145152e-01
-7.657755221666271428e-01,-1.228979702603145152e-01
-7.657755221666271428e-01,-1.228979702603145152e-01
-7.657755221666271428e-01,-1.228979702603145152e-01
-6.484949862995185166e-01,-8.311293992260329611e-02
-7.903459375909893669e-01,2.854733343406219703e-02
-7.903459375909893669e-01,2.854733343406219703e-02
-7.903459375909893669e-01,2.854733343406219703e-02
-7.649411601585206499e-01,-1.717137714905763723e-01
-7.649411601585206499e-01,-1.717137714905763723e-01
-6.708001195450364884e-01,-1.984243206189439668e-01
-7.617134299804554365e-01,-2.628802482706419363e-01
-7.617134299804554365e-01,-2.628802482706419363e-01
-5.349165339292798471e-01,-1.160999525774032703e-01
-5.817290635976055668e-01,-8.548013141378887902e-02
-5.817290635976055668e-01,-8.548013141378887902e-02
-5.817290635976055668e-01,-8.548013141378887902e-02
-5.817290635976055668e-01,-8.548013141378887902e-02
-4.295922938146999881e-01,1.666107352666980346e-02
-3.705842173497591041e-01,-3.269065023682238974e-02
-3.246090894634837687e-01,-1.833234212119000950e-01
-3.625766930877477034e-01,-1.772700601363420836e-01
-4.500599748297597347e-01,-7.365306948599008308e-02
-4.519367257428917317e-01,-3.445084452836105759e-02
-4.519367257428917317e-01,-3.445084452836105759e-02
-4.519367257428917317e-01,-3.445084452836105759e-02
-5.106958283213536287e-01,5.108756004526152084e-02
-8.643556533893448357e-01,3.678555384665940786e-02
-9.452086276389707331e-01,3.179989974432727295e-02
-9.452086276389707331e-01,3.179989974432727295e-02
-9.452086276389707331e-01,3.179989974432727295e-02
-9.860026747408908721e-01,1.193947536869309142e-02
-9.632808819354564678e-01,-1.224967170942296152e-01
-9.672207922775810651e-01,-1.427506221830777133e-01
-9.672207922775810651e-01,-1.427506221830777133e-01
-9.380328780387384713e-01,-1.981985026716098219e-01
-1.027636029663422379e+00,-7.332145758461010299e-02
-1.027636029663422379e+00,-7.332145758461010299e-02
-1.027636029663422379e+00,-7.332145758461010299e-02
-1.027636029663422379e+00,-7.332145758461010299e-02
-7.145370621094397912e-01,-1.586013564725916036e-03
-7.145370621094397912e-01,-1.586013564725916036e-03
-7.145370621094397912e-01,-1.586013564725916036e-03
-7.145370621094397912e-01,-1.586013564725916036e-03
-7.145370621094397912e-01,-1.586013564725916036e-03
-5.882207712458598081e-01,-2.315509782884161427e-01
-5.882207712458598081e-01,-2.315509782884161427e-01
-5.882207712458598081e-01,-2.315509782884161427e-01
-5.882207712458598081e-01,-2.315509782884161427e-01
-5.882207712458598081e-01,-2.315509782884161427e-01
-5.882207712458598081e-01,-2.315509782884161427e-01
-7.466193745474213328e-01,9.901877579085371917e-02
-5.976293432937846983e-01,1.890105906187394824e-01
-8.316848665619208658e-01,4.512852752162804792e-02
-7.798683152446784783e-01,7.741491984487638978e-02
-7.798683152446784783e-01,7.741491984487638978e-02
-7.043106641737925111e-01,2.865728745448374581e-02
-7.043106641737925111e-01,2.865728745448374581e-02
-7.005289007735244766e-01,6.011094569903116525e-02
-6.327053099732030672e-01,-5.686658487383255967e-03
-6.327053099732030672e-01,-5.686658487383255967e-03
-6.956419550735868373e-01,7.336312450292742371e-02
-6.956419550735868373e-01,7.336312450292742371e-02
-6.944513521179515037e-01,9.454826270534563704e-02
-6.944513521179515037e-01,9.454826270534563704e-02
-6.944513521179515037e-01,9.454826270534563704e-02
-7.476339113065539888e-01,6.058903946479388125e-02
-7.476339113065539888e-01,6.058903946479388125e-02
-7.043700409364702653e-01,1.493482124086908114e-01
-7.043700409364702653e-01,1.493482124086908114e-01
-7.666120694757166953e-01,1.730992023325994278e-01
-7.666120694757166953e-01,1.730992023325994278e-01
-8.113257786882864808e-01,1.064141323617231044e-01
-7.179960305344497140e-01,2.805981097274366787e-02
-7.179960305344497140e-01,2.805981097274366787e-02
-7.652872649372925995e-01,1.246316040526048406e-02
-5.186833629960478920e-01,-1.370375178527520332e-01
-2.751377349695930952e-01,3.847563429452521833e-02
-2.817112416617898463e-01,-4.629511730256245794e-02
-3.711929938525333483e-01,-1.506419310836148162e-01
-7.062723866044615662e-01,-2.473082649032537772e-01
-7.062723866044615662e-01,-2.473082649032537772e-01
-7.062723866044615662e-01,-2.473082649032537772e-01
-7.062723866044615662e-01,-2.473082649032537772e-01
-6.014113689644278171e-01,1.049539500781593027e-01
-6.014113689644278171e-01,1.049539500781593027e-01
-9.329120299462153598e-01,-1.965099263998285051e-02
-9.329120299462153598e-01,-1.965099263998285051e-02
-8.209963522096742627e-01,-1.385543265745851071e-01
-7.594566003114866515e-01,-2.378073783061898649e-01
-7.594566003114866515e-01,-2.378073783061898649e-01
-7.594566003114866515e-01,-2.378073783061898649e-01
-7.594566003114866515e-01,-2.378073783061898649e-01
-7.594566003114866515e-01,-2.378073783061898649e-01
-7.594566003114866515e-01,-2.378073783061898649e-01
-6.292976185382334053e-01,2.040100050640869522e-02
-4.390641733028354809e-01,8.310249252051713290e-03
-4.390641733028354809e-01,8.310249252051713290e-03
-4.125007526682037962e-01,1.198622598292993779e-01
-4.192799530510186168e-01,5.769315109500459254e-02
-5.641912829641853033e-01,4.319295367047085166e-02
-7.226070859592867990e-01,7.539642214658012764e-02
-7.226070859592867990e-01,7.539642214658012764e-02
-7.226070859592867990e-01,7.539642214658012764e-02
-7.226070859592867990e-01,7.539642214658012764e-02
-7.226070859592867990e-01,7.539642214658012764e-02
-7.687435568556858501e-01,7.688583187574132838e-02
-9.314501591690234061e-01,1.070736130988856616e-01
-9.314501591690234061e-01,1.070736130988856616e-01
-9.314501591690234061e-01,1.070736130988856616e-01
-8.382851472183736607e-01,-7.938875192522459878e-02
-8.382851472183736607e-01,-7.938875192522459878e-02
-8.382851472183736607e-01,-7.938875192522459878e-02
-8.382851472183736607e-01,-7.938875192522459878e-02
-8.586140107670405808e-01,-7.804932968931053983e-02
-8.789602304025373458e-01,-2.985700148770441265e-02
-8.789602304025373458e-01,-2.985700148770441265e-02
-8.789602304025373458e-01,-2.985700148770441265e-02
-8.789602304025373458e-01,-2.985700148770441265e-02
-8.789602304025373458e-01,-2.985700148770441265e-02
-8.128244245890839936e-01,2.678688583228311937e-01
-8.565869969864486899e-01,1.903433369074276627e-01
-8.872498406329161202e-01,1.380755695828535523e-01
-8.872498406329161202e-01,1.380755695828535523e-01
-7.671960060805890214e-01,1.536140009535455764e-01
-4.914102208947878081e-01,1.684263067187913299e-02
-4.914102208947878081e-01,1.684263067187913299e-02
-4.914102208947878081e-01,1.684263067187913299e-02
-7.175077143974414318e-01,-4.964100394491394175e-02
-7.456230442293567684e-01,-3.497266038668474242e-02
-8.397716871154597973e-01,-1.318679027398069470e-01
-8.397716871154597973e-01,-1.318679027398069470e-01
-8.397716871154597973e-01,-1.318679027398069470e-01
-9.124627535861200567e-01,-1.994691975732176270e-01
-9.124627535861200567e-01,-1.994691975732176270e-01
-6.682405350784407227e-01,2.087425436667964540e-01
-4.814094543970391382e-01,-1.486890762523697673e-01
-5.007922949179124394e-01,-2.162278729110089226e-01
-4.922624126774804432e-01,-6.395684310649343840e-02
-4.922624126774804432e-01,-6.395684310649343840e-02
-3.507448394643415401e-01,9.125735281657826325e-02
-3.507448394643415401e-01,9.125735281657826325e-02
-3.507448394643415401e-01,9.125735281657826325e-02
-6.244919936601214250e-01,6.705020632614039355e-02
-6.244919936601214250e-01,6.705020632614039355e-02
-6.244919936601214250e-01,6.705020632614039355e-02
-6.244919936601214250e-01,6.705020632614039355e-02
-6.244919936601214250e-01,6.705020632614039355e-02
-5.952429283186553288e-01,6.936156794999333297e-02
-5.952429283186553288e-01,6.936156794999333297e-02
-5.952429283186553288e-01,6.936156794999333297e-02
-5.952429283186553288e-01,6.936156794999333297e-02
-7.682925056286665777e-01,-1.361707957386237844e-02
-7.720166363857184910e-01,-2.697125280286169838e-02
-8.737199359336650373e-01,3.528237365464605146e-02
-8.389351458341911538e-01,-2.018983620859164663e-03
-9.101567648626798235e-01,3.483670774025001554e-02
-7.455549427952132824e-01,5.466787057153692231e-02
-7.893569236810535905e-01,-1.560440966504586524e-02
-7.893569236810535905e-01,-1.560440966504586524e-02
-7.893569236810535905e-01,-1.560440966504586524e-02
-7.187329228206614795e-01,2.975243965399197027e-02
-7.187329228206614795e-01,2.975243965399197027e-02
-7.187329228206614795e-01,2.975243965399197027e-02
-7.187329228206614795e-01,2.975243965399197027e-02
-7.187329228206614795e-01,2.975243965399197027e-02
-7.187329228206614795e-01,2.975243965399197027e-02
-5.555728483319368749e-01,-2.375046105709508193e-01
-5.555728483319368749e-01,-2.375046105709508193e-01
-4.572773874218670209e-01,-3.865750482640406549e-02
-4.301713337785142421e-01,-6.327716158762330956e-02
-4.301713337785142421e-01,-6.327716158762330956e-02
-4.869547106692250216e-01,-6.591031238334230102e-02
-4.869547106692250216e-01,-6.591031238334230102e-02
-4.869547106692250216e-01,-6.591031238334230102e-02
-4.869547106692250216e-01,-6.591031238334230102e-02
-4.869547106692250216e-01,-6.591031238334230102e-02
-4.869547106692250216e-01,-6.591031238334230102e-02
-4.869547106692250216e-01,-6.591031238334230102e-02
-7.490147058752300024e-01,2.905839199436717479e-02
-7.032209777770450643e-01,8.370193936488362629e-02
-6.159419385540207958e-01,4.627055385762583739e-02
-6.159419385540207958e-01,4.627055385762583739e-02
-6.159419385540207958e-01,4.627055385762583739e-02
-6.159419385540207958e-01,4.627055385762583739e-02
-6.930935670520879111e-01,-1.173602162156277134e-01
-6.930935670520879111e-01,-1.173602162156277134e-01
-6.930935670520879111e-01,-1.173602162156277134e-01
-6.930935670520879111e-01,-1.173602162156277134e-01
-6.930935670520879111e-01,-1.173602162156277134e-01
-6.930935670520879111e-01,-1.173602162156277134e-01
-6.930935670520879111e-01,-1.173602162156277134e-01
-6.930935670520879111e-01,-1.173602162156277134e-01
-6.930935670520879111e-01,-1.173602162156277134e-01
-5.038356763241486069e-01,-7.201905071548661552e-02
-6.906951458015212486e-01,-1.625249417598061408e-01
-7.544869048670632683e-01,1.420605886437441012e-01
-5.864341092996712135e-01,9.472355224105892535e-02
-5.864341092996712135e-01,9.472355224105892535e-02
-4.804757334470361463e-01,1.687609620208124217e-01
-4.270158788839359398e-01,1.003903129929289428e-01
-3.403069876628088686e-01,-6.797820206015287026e-02
-3.962311872167464388e-01,1.639281974372468198e-02
-4.153848455760839053e-01,1.150446389000120070e-02
-4.153848455760839053e-01,1.150446389000120070e-02
-4.937384997309225976e-01,5.930596942080348932e-02
-4.937384997309225976e-01,5.930596942080348932e-02
-4.937384997309225976e-01,5.930596942080348932e-02
-6.076459504801980938e-01,-7.867317805634863048e-02
-6.076459504801980938e-01,-7.867317805634863048e-02
-5.260794020011769767e-01,-2.034011422350684994e-01
-5.860853351735876293e-01,-2.963552966889101969e-01
-5.860853351735876293e-01,-2.963552966889101969e-01
-5.860853351735876293e-01,-2.963552966889101969e-01
-5.026579534842867680e-01,-2.838475875533478243e-01
-7.076037747662505817e-01,-3.644267593646695613e-01
-7.076037747662505817e-01,-3.644267593646695613e-01
-8.390179145236470459e-01,-3.594286848206882934e-01
-9.945139690057160919e-01,1.065365779164823001e-02
-9.945139690057160919e-01,1.065365779164823001e-02
-9.945139690057160919e-01,1.065365779164823001e-02
-7.710859723834881940e-01,-2.831295109956220163e-02
-5.707815130965534500e-01,2.659190065990001822e-02
-5.707815130965534500e-01,2.659190065990001822e-02
-5.033243627650417773e-01,-2.115339601687674098e-01
-6.279839853451847365e-01,-2.150992340456599483e-01
-6.279839853451847365e-01,-2.150992340456599483e-01
-6.279839853451847365e-01,-2.150992340456599483e-01
-4.823798466906097371e-01,-2.697473487483706966e-01
-4.823798466906097371e-01,-2.697473487483706966e-01
-4.823798466906097371e-01,-2.697473487483706966e-01
-5.611743789544141325e-01,-2.304764732424964269e-01
-4.666522068171183868e-01,-3.146906860948689988e-01
-3.894894118392124294e-01,-3.215996806356092863e-01
-3.894894118392124294e-01,-3.215996806356092863e-01
-2.832109316085655304e-01,-2.907318574853291482e-01
-2.832109316085655304e-01,-2.907318574853291482e-01
-2.832109316085655304e-01,-2.907318574853291482e-01
-2.832109316085655304e-01,-2.907318574853291482e-01
-2.832109316085655304e-01,-2.907318574853291482e-01
-4.006510793480173582e-01,-9.934956982095841105e-02
-5.953733678444488309e-01,-5.322700598316965070e-02
-5.953733678444488309e-01,-5.322700598316965070e-02
-5.953733678444488309e-01,-5.322700598316965070e-02
-5.953733678444488309e-01,-5.322700598316965070e-02
-6.296912558850634722e-01,-1.799222984964382599e-01
-5.699730781212187791e-01,9.289564900118496560e-02
-5.699730781212187791e-01,9.289564900118496560e-02
-6.516703389331656160e-01,1.215637864881893015e-01
-4.764219248615479962e-01,8.120909909641313429e-02
-5.972418371689722782e-01,2.691723164540102964e-01
-4.615415594291918389e-01,2.069733872898054661e-01
-6.605733289173306710e-01,5.854466763909740856e-02
-6.605733289173306710e-01,5.854466763909740856e-02
-5.446665539706668779e-01,3.329444268475807711e-02
-5.446665539706668779e-01,3.329444268475807711e-02
-5.064821284756091391e-01,-1.215358885876015455e-01
-4.932368198359690092e-01,-9.298786644507144039e-02
-4.932368198359690092e-01,-9.298786644507144039e-02
-4.992025719779462078e-01,5.035313240576071159e-02
-5.113015967116008031e-01,3.049982438490093581e-02
-5.113015967116008031e-01,3.049982438490093581e-02
-4.678581138386666560e-01,-2.931803606790601632e-02
-4.305693650386548388e-01,-1.457195492108927237e-01
-4.305693650386548388e-01,-1.457195492108927237e-01
-4.305693650386548388e-01,-1.457195492108927237e-01
-4.305693650386548388e-01,-1.457195492108927237e-01
-5.292315137715113416e-01,-2.042237385019989027e-01
-4.683187588562789383e-01,-5.845774598632177965e-02
-4.683187588562789383e-01,-5.845774598632177965e-02
-4.683187588562789383e-01,-5.845774598632177965e-02
-6.600325668370619070e-01,1.075060663841947428e-01
-6.600325668370619070e-01,1.075060663841947428e-01
-6.600325668370619070e-01,1.075060663841947428e-01
-4.223338447665397344e-01,3.967088341588226319e-02
-4.102734947103054974e-01,2.162936084032359707e-01
-4.102734947103054974e-01,2.162936084032359707e-01
-6.264594148375295379e-01,2.861574032275439050e-01
-6.264594148375295379e-01,2.861574032275439050e-01
-6.264594148375295379e-01,2.861574032275439050e-01
-6.042934914158815118e-01,2.349036157827337212e-01
-6.042934914158815118e-01,2.349036157827337212e-01
-6.042934914158815118e-01,2.349036157827337212e-01
-6.440325317344997025e-01,9.454788107250927665e-02
-5.482242791420736117e-01,4.849588720239568496e-02
-5.482242791420736117e-01,4.849588720239568496e-02
-5.482242791420736117e-01,4.849588720239568496e-02
-5.482242791420736117e-01,4.849588720239568496e-02
-5.482242791420736117e-01,4.849588720239568496e-02
-5.482242791420736117e-01,4.849588720239568496e-02
-5.163586412968692585e-01,-7.863853038224595526e-02
-4.343331914506454172e-01,-3.267676600886398885e-02
-5.590166893750034838e-01,1.199220370991179729e-01
-5.590166893750034838e-01,1.199220370991179729e-01
-5.590166893750034838e-01,1.199220370991179729e-01
-5.590166893750034838e-01,1.199220370991179729e-01
-4.597078104734907411e-01,1.901380608707190778e-01
-6.191881190831229897e-01,2.445633511344837419e-01
-6.191881190831229897e-01,2.445633511344837419e-01
-6.191881190831229897e-01,2.445633511344837419e-01
-6.386034679633401101e-01,1.451287555239725857e-01
-6.386034679633401101e-01,1.451287555239725857e-01
-3.605813317203138135e-01,-1.998496141381994051e-01
-5.364951531641654059e-01,-2.612418498703727443e-01
-5.364951531641654059e-01,-2.612418498703727443e-01
-5.742671016588325461e-01,-3.641729819206703800e-01
-6.429986392481709112e-01,-3.173432714258254683e-01
-8.142247660439581036e-01,-1.247747751734138988e-01
-7.821624327217709949e-01,-1.460583443627755384e-01
-7.821624327217709949e-01,-1.460583443627755384e-01
-6.159906077509585964e-01,3.378925023896486857e-02
-6.159906077509585964e-01,3.378925023896486857e-02
-5.657390077006829721e-01,1.219561945218937404e-01
-5.657390077006829721e-01,1.219561945218937404e-01
-5.376352013245987438e-01,1.859038920393180916e-01
-3.851848022042255737e-01,-3.944648893625024577e-02
-2.748455905509302744e-01,6.606289400919870825e-02
-4.355404123702315555e-01,1.573367200056571269e-01
-4.355404123702315555e-01,1.573367200056571269e-01
-3.290254205417601496e-01,1.129446437515497642e-01
-3.798100920926267277e-01,2.393010579331096288e-01
-6.343331992191119095e-01,8.676899390802259027e-02
-7.951335428356549606e-01,3.740912047223640680e-02
-4.830078786613701269e-01,2.920135712230254033e-01
-4.830078786613701269e-01,2.920135712230254033e-01
-4.209893870116345749e-01,1.780341758268194630e-02
-6.650109110033282089e-01,9.466177109575753257e-02
-7.324433857043994855e-01,-1.777724623486180711e-02
-7.324433857043994855e-01,-1.777724623486180711e-02
-7.324433857043994855e-01,-1.777724623486180711e-02
-7.324433857043994855e-01,-1.777724623486180711e-02
-7.324433857043994855e-01,-1.777724623486180711e-02
-4.813621023625145323e-01,-3.212615214899849914e-02
-7.146677131876245648e-01,-1.325096705937419406e-01
-4.913976221149808365e-01,3.671138672092094657e-02
-4.913976221149808365e-01,3.671138672092094657e-02
-4.913976221149808365e-01,3.671138672092094657e-02
-3.213294619766141058e-01,1.061809269344415746e-01
-3.213294619766141058e-01,1.061809269344415746e-01
-3.213294619766141058e-01,1.061809269344415746e-01
-3.213294619766141058e-01,1.061809269344415746e-01
-2.745852389281210337e-01,-1.624848104737590393e-02
-5.022105196813660966e-01,-1.570331782508914142e-01
-5.711752552857268794e-01,-2.325430807750927253e-01
-7.432100812564628178e-01,-1.270019145143921613e-01
-7.432100812564628178e-01,-1.270019145143921613e-01
-7.432100812564628178e-01,-1.270019145143921613e-01
-6.959092021158493901e-01,4.886229674276515444e-02
-6.959092021158493901e-01,4.886229674276515444e-02
-6.959092021158493901e-01,4.886229674276515444e-02
-6.959092021158493901e-01,4.886229674276515444e-02
-5.704121648267461708e-01,3.367509380356306647e-02
-4.701297320242059929e-01,1.781700485139374457e-01
-6.993893055608364495e-01,5.665307514162602753e-02
-7.242227289077100005e-01,9.582093452344758733e-02
-7.242227289077100005e-01,9.582093452344758733e-02
-7.347946816211793353e-01,-6.021106686389984808e-02
-7.347946816211793353e-01,-6.021106686389984808e-02
-6.999664386119724968e-01,-1.014068401265256214e-01
-6.850971093477503659e-01,-1.440791692257779866e-01
-8.647388301377940678e-01,4.522437364290413098e-02
-8.647388301377940678e-01,4.522437364290413098e-02
-7.989867023452670303e-01,9.831286765564026253e-02
-7.989867023452670303e-01,9.831286765564026253e-02
-6.215263349015124339e-01,-8.464483445624393365e-02
-6.215263349015124339e-01,-8.464483445624393365e-02
-5.265240186462570859e-01,-4.397515566626278988e-02
-6.069136838807752676e-01,-1.438178897337185624e-01
-5.423829374736039988e-01,-2.050246048264435794e-01
-5.136827309205100889e-01,-2.805234539180064823e-01
-5.136827309205100889e-01,-2.805234539180064823e-01
-5.136827309205100889e-01,-2.805234539180064823e-01
-6.274245179783130011e-01,1.028383446726263695e-01
-6.685095060282932877e-01,7.713449606058117580e-03
-6.685095060282932877e-01,7.713449606058117580e-03
-6.685095060282932877e-01,7.713449606058117580e-03
-6.685095060282932877e-01,7.713449606058117580e-03
-6.685095060282932877e-01,7.713449606058117580e-03
-6.685095060282932877e-01,7.713449606058117580e-03
-4.654586087661058968e-01,1.524466589020573859e-01
-4.654586087661058968e-01,1.524466589020573859e-01
-4.654586087661058968e-01,1.524466589020573859e-01
-4.654586087661058968e-01,1.524466589020573859e-01
-4.654586087661058968e-01,1.524466589020573859e-01
-4.287193955898770947e-01,8.129542964913369363e-02
-6.325885610801607051e-01,-6.623762302245356226e-02
-7.448702571086798230e-01,-1.924310895837541557e-03
-7.448702571086798230e-01,-1.924310895837541557e-03
-7.448702571086798230e-01,-1.924310895837541557e-03
-8.618063210592850076e-01,-1.338479604354745889e-01
-8.618063210592850076e-01,-1.338479604354745889e-01
-8.618063210592850076e-01,-1.338479604354745889e-01
-1.013552471679850964e+00,3.964207290632246194e-02
-1.013552471679850964e+00,3.964207290632246194e-02
-9.455644640898978048e-01,1.788967460219967331e-01
-9.455644640898978048e-01,1.788967460219967331e-01
-1.104019903033973904e+00,1.644213214859602257e-02
-1.104019903033973904e+00,1.644213214859602257e-02
-1.104019903033973904e+00,1.644213214859602257e-02
-1.066505226946252716e+00,4.170115591636933822e-02
-1.033520873798299933e+00,-1.830279716222948105e-01
-1.033520873798299933e+00,-1.830279716222948105e-01
-1.033520873798299933e+00,-1.830279716222948105e-01
-7.184558698199599025e-01,-3.225872693405643643e-01
-7.514394762068192790e-01,-2.055270918770144839e-01
-7.514394762068192790e-01,-2.055270918770144839e-01
-5.902733889529214739e-01,-2.404943325110057151e-01
-4.502932653165626076e-01,-2.597972644636570294e-01
-4.502932653165626076e-01,-2.597972644636570294e-01
-4.502932653165626076e-01,-2.597972644636570294e-01
-5.263290656744592511e-01,-1.278132213823299501e-01
-4.406176528963764438e-01,-4.830005640031674596e-02
-4.406176528963764438e-01,-4.830005640031674596e-02
-4.406176528963764438e-01,-4.830005640031674596e-02
-5.272219033285591161e-01,4.145461931370947317e-02
-5.272219033285591161e-01,4.145461931370947317e-02
-5.272219033285591161e-01,4.145461931370947317e-02
-5.272219033285591161e-01,4.145461931370947317e-02
-5.272219033285591161e-01,4.145461931370947317e-02
-5.456180054622252751e-01,7.890912639316244315e-02
-5.456180054622252751e-01,7.890912639316244315e-02
-5.456180054622252751e-01,7.890912639316244315e-02
-5.456180054622252751e-01,7.890912639316244315e-02
-6.629782570430389210e-01,1.717602533252318153e-01
-7.349184166242597183e-01,2.008453192827088229e-01
-4.481082232770211005e-01,-1.598720492083541278e-01
-3.257877628173058704e-01,-8.502498445955936068e-03
-4.119153313715488984e-01,1.527783423719360489e-01
-4.119153313715488984e-01,1.527783423719360489e-01
-4.202911405192222283e-01,4.532229472368684564e-02
-4.447575361753387524e-01,1.207861133039898199e-02
-3.326146149857938661e-01,1.349993164645390577e-02
-3.326146149857938661e-01,1.349993164645390577e-02
-5.142245868614541138e-01,-1.706840595311349407e-01
-4.993748601746795246e-01,-1.025119943965228930e-01
-5.785055170799590085e-01,-1.642191658119160624e-01
-7.344454253169696578e-01,-4.605236561792698524e-02
-7.344454253169696578e-01,-4.605236561792698524e-02
-4.946742546147565034e-01,5.800159012563958771e-02
-4.941036818258837671e-01,-2.698215126935486763e-03
-5.580803129295214271e-01,-1.717878972324049860e-02
-5.580803129295214271e-01,-1.717878972324049860e-02
-7.184810958939320535e-01,6.677311583544184859e-02
-9.013664792350382093e-01,-1.403030272037449622e-01
-9.013664792350382093e-01,-1.403030272037449622e-01
-9.013664792350382093e-01,-1.403030272037449622e-01
-7.363956019022739330e-01,-2.239537527701502828e-01
-7.363956019022739330e-01,-2.239537527701502828e-01
-7.630635855834492220e-01,-5.392023709138094034e-02
-7.630635855834492220e-01,-5.392023709138094034e-02
-8.502567126324349633e-01,-1.278073639050939514e-01
-8.055597673297163475e-01,-2.675789371734929589e-02
-7.399819848024870028e-01,4.511053627767264151e-02
-7.399819848024870028e-01,4.511053627767264151e-02
-7.399819848024870028e-01,4.511053627767264151e-02
-6.576301495158241028e-01,1.357141450643065128e-02
-6.576301495158241028e-01,1.357141450643065128e-02
-6.576301495158241028e-01,1.357141450643065128e-02
-6.576301495158241028e-01,1.357141450643065128e-02
-3.823520784887199375e-01,4.903683026245694160e-02
-4.221159794217201888e-01,-7.060986431582705336e-02
-4.221159794217201888e-01,-7.060986431582705336e-02
-1.757787546318044514e-01,-7.300371326332578958e-02
-3.055495828276920123e-01,1.363655636189701204e-01
-3.055495828276920123e-01,1.363655636189701204e-01
-3.055495828276920123e-01,1.363655636189701204e-01
-3.055495828276920123e-01,1.363655636189701204e-01
-2.284487356207377806e-01,-1.066626312589891157e-02
-2.130404854489217625e-01,-1.191118040130416805e-01
-2.800182903877798113e-01,-1.138227428931645746e-03
-5.252294978934592962e-01,2.186909253790266794e-01
-4.771905161235678317e-01,1.002288551103624192e-01
-7.124222832716731180e-01,-1.870159181648249624e-02
-6.770034061297535155e-01,5.595944104928793350e-02
-8.147261953657439770e-01,-5.966445279144749758e-03
-4.742236440282053267e-01,-2.089959279374993886e-02
-4.742236440282053267e-01,-2.089959279374993886e-02
-4.742236440282053267e-01,-2.089959279374993886e-02
-4.742236440282053267e-01,-2.089959279374993886e-02
-3.901231314835089670e-01,1.646373880945168622e-01
-3.901231314835089670e-01,1.646373880945168622e-01
-3.901231314835089670e-01,1.646373880945168622e-01
-3.571582585960734746e-01,1.666811210658114550e-01
-3.571582585960734746e-01,1.666811210658114550e-01
-3.571582585960734746e-01,1.666811210658114550e-01
-6.500349347614768902e-01,2.265613515386559196e-01
-6.500349347614768902e-01,2.265613515386559196e-01
-6.500349347614768902e-01,2.265613515386559196e-01
-6.500349347614768902e-01,2.265613515386559196e-01
-7.016293485494163873e-01,9.118540615577941377e-02
-6.787456613518361159e-01,6.652834603432142280e-02
-5.906777263758866692e-01,3.774337024520895562e-02
-6.146282162864116216e-01,-1.166663655374282071e-01
-5.832049568742558865e-01,-8.318182897620160499e-02
-6.732497451395149657e-01,-1.339776952102229857e-02
-6.123574608865204327e-01,2.395084074050565226e-01
-5.264099783894615747e-01,5.947852870016040461e-02
-6.514620954552905463e-01,8.623780588763227395e-02
-6.514620954552905463e-01,8.623780588763227395e-02
-5.073487945131222032e-01,7.932737297639078089e-02
-5.430041102842286804e-01,-6.727038238291666028e-02
-5.047050071672942728e-01,6.438691043135427727e-02
-5.047050071672942728e-01,6.438691043135427727e-02
-4.881322195878010639e-01,1.018336894470351361e-01
-3.934401506884273592e-01,-2.603012893302536490e-02
-3.376383633708543441e-01,3.524283308423463434e-02
-5.999000175837425619e-01,1.776394172692316031e-01
-6.790472621999535940e-01,2.453006495269212384e-01
-6.790472621999535940e-01,2.453006495269212384e-01
-6.398502648188095776e-01,1.204780228906114775e-01
-6.398502648188095776e-01,1.204780228906114775e-01
-8.765313932009218822e-01,1.201359015721071150e-01
-5.816957279495116317e-01,-1.995057870643118236e-01
-5.816957279495116317e-01,-1.995057870643118236e-01
-5.816957279495116317e-01,-1.995057870643118236e-01
-5.816957279495116317e-01,-1.995057870643118236e-01
-5.816957279495116317e-01,-1.995057870643118236e-01
-5.152540845336104347e-01,-7.267758126647413941e-02
-6.138015817523723161e-01,8.085308399717613947e-02
-6.138015817523723161e-01,8.085308399717613947e-02
-6.138015817523723161e-01,8.085308399717613947e-02
-6.138015817523723161e-01,8.085308399717613947e-02
-6.138015817523723161e-01,8.085308399717613947e-02
-5.474781843238203383e-01,1.574986041993049757e-02
-5.474781843238203383e-01,1.574986041993049757e-02
-5.474781843238203383e-01,1.574986041993049757e-02
-5.474781843238203383e-01,1.574986041993049757e-02
-7.751205849839408746e-01,-1.167564485613612896e-01
-7.751205849839408746e-01,-1.167564485613612896e-01
-7.751205849839408746e-01,-1.167564485613612896e-01
-7.751205849839408746e-01,-1.167564485613612896e-01
-5.990695222210734583e-01,-1.477861623934471069e-01
-4.122274930019846906e-01,1.104768058505342654e-02
-4.122274930019846906e-01,1.104768058505342654e-02
-5.688105688560372020e-01,-1.081249843205703623e-02
-4.440543035760085577e-01,-5.083292097698735579e-02
-7.144759868902386124e-01,1.850131521997663842e-02
-7.144759868902386124e-01,1.850131521997663842e-02
-7.144759868902386124e-01,1.850131521997663842e-02
-7.144759868902386124e-01,1.850131521997663842e-02
-7.144759868902386124e-01,1.850131521997663842e-02
-7.144759868902386124e-01,1.850131521997663842e-02
-7.144759868902386124e-01,1.850131521997663842e-02
-7.144759868902386124e-01,1.850131521997663842e-02
-6.667330997256581959e-01,1.490303702370923689e-02
-4.841451021648591757e-01,1.718941646236062659e-01
-4.841451021648591757e-01,1.718941646236062659e-01
-4.841451021648591757e-01,1.718941646236062659e-01
-4.136057502970117428e-01,1.911327646864710572e-02
-5.508675787690341386e-01,6.031568443327561119e-02
-5.508675787690341386e-01,6.031568443327561119e-02
-6.717655685558762135e-01,-1.672739886747274252e-01
-7.743952493448891250e-01,7.834331044512596320e-02
-7.743952493448891250e-01,7.834331044512596320e-02
-8.652455268365314422e-01,1.744240590620315112e-01
-8.652455268365314422e-01,1.744240590620315112e-01
-7.279510066874566032e-01,-5.861226896332571989e-02
-7.279510066874566032e-01,-5.861226896332571989e-02
-8.822914306421441033e-01,-7.681953968184880577e-02
-8.822914306421441033e-01,-7.681953968184880577e-02
-7.398109328878094137e-01,2.203021878270255973e-02
-5.524328863576302151e-01,1.393673797548705129e-01
-6.535834003629071853e-01,-3.694966076236519403e-02
-6.535834003629071853e-01,-3.694966076236519403e-02
-6.535834003629071853e-01,-3.694966076236519403e-02
-6.535834003629071853e-01,-3.694966076236519403e-02
-6.535834003629071853e-01,-3.694966076236519403e-02
-6.535834003629071853e-01,-3.694966076236519403e-02
-5.616965489424228242e-01,3.465621385391116915e-02
-5.616965489424228242e-01,3.465621385391116915e-02
-5.224425038549732614e-01,1.332090033741467616e-01
-5.224425038549732614e-01,1.332090033741467616e-01
-5.224425038549732614e-01,1.332090033741467616e-01
-5.224425038549732614e-01,1.332090033741467616e-01
-5.224425038549732614e-01,1.332090033741467616e-01
-5.224425038549732614e-01,1.332090033741467616e-01
-5.224425038549732614e-01,1.332090033741467616e-01
-5.224425038549732614e-01,1.332090033741467616e-01
-7.283326298882577543e-01,-1.417193919491211984e-01
-7.283326298882577543e-01,-1.417193919491211984e-01
-7.283326298882577543e-01,-1.417193919491211984e-01
-7.283326298882577543e-01,-1.417193919491211984e-01
-6.487189987337529384e-01,-3.471177064500811926e-02
-6.487189987337529384e-01,-3.471177064500811926e-02
-6.487189987337529384e-01,-3.471177064500811926e-02
-6.487189987337529384e-01,-3.471177064500811926e-02
-7.838634764280598688e-01,-8.762409618136367262e-02
-4.793973415394667814e-01,-2.267788996644513055e-01
-4.793973415394667814e-01,-2.267788996644513055e-01
-4.793973415394667814e-01,-2.267788996644513055e-01
-4.781652363863258537e-01,1.434617725439056857e-01
-4.781652363863258537e-01,1.434617725439056857e-01
-4.781652363863258537e-01,1.434617725439056857e-01
-5.548781863014611293e-01,1.727554407095427957e-01
-5.548781863014611293e-01,1.727554407095427957e-01
-5.548781863014611293e-01,1.727554407095427957e-01
-3.725708722687135488e-01,1.173499881104940884e-01
-3.725708722687135488e-01,1.173499881104940884e-01
-2.831604424844162970e-01,1.973136948731147589e-01
-1.414234018928513248e-01,2.097060125386551732e-02
-6.524538527176429459e-02,-1.035662710133637698e-01
-2.083038388270916086e-01,-1.093963115075628489e-01
-2.083038388270916086e-01,-1.093963115075628489e-01
-3.924674215413493372e-01,3.895447631873882877e-02
-3.924674215413493372e-01,3.895447631873882877e-02
-3.924674215413493372e-01,3.895447631873882877e-02
-6.166595563702096383e-01,2.093628090297277033e-01
-5.551896071888172690e-01,1.944625384546091462e-01
-4.117986693686447319e-01,1.875843256088720878e-01
-5.961816733602665064e-01,2.044482791783153453e-01
-5.961816733602665064e-01,2.044482791783153453e-01
-5.961816733602665064e-01,2.044482791783153453e-01
-5.357770094323083265e-01,3.066797545906798650e-01
-5.357770094323083265e-01,3.066797545906798650e-01
-4.922048500623021905e-01,7.237443976033985926e-03
-4.573115826680289597e-01,-3.143572544806760155e-02
-4.573115826680289597e-01,-3.143572544806760155e-02
-4.573115826680289597e-01,-3.143572544806760155e-02
-4.573115826680289597e-01,-3.143572544806760155e-02
-4.573115826680289597e-01,-3.143572544806760155e-02
-4.573115826680289597e-01,-3.143572544806760155e-02
-6.703669337085398361e-01,1.138976479421368454e-02
-6.703669337085398361e-01,1.138976479421368454e-02
-6.703669337085398361e-01,1.138976479421368454e-02
-6.703669337085398361e-01,1.138976479421368454e-02
-6.703669337085398361e-01,1.138976479421368454e-02
-6.703669337085398361e-01,1.138976479421368454e-02
-4.865113013723612045e-01,-1.335605668098182319e-01
-4.865113013723612045e-01,-1.335605668098182319e-01
-4.657342228605144130e-01,4.285946207239332839e-02
-4.657342228605144130e-01,4.285946207239332839e-02
-4.657342228605144130e-01,4.285946207239332839e-02
-4.657342228605144130e-01,4.285946207239332839e-02
-5.024404192754623466e-01,-9.833649429533561359e-03
-5.024404192754623466e-01,-9.833649429533561359e-03
-5.024404192754623466e-01,-9.833649429533561359e-03
-5.024404192754623466e-01,-9.833649429533561359e-03
-5.024404192754623466e-01,-9.833649429533561359e-03
-6.117770328630831589e-01,-1.698939771925136316e-02
-5.802416776831116341e-01,3.386628980391039739e-02
-5.802416776831116341e-01,3.386628980391039739e-02
-5.802416776831116341e-01,3.386628980391039739e-02
-5.802416776831116341e-01,3.386628980391039739e-02
-6.311067851284222208e-01,-7.516630514523175988e-02
-7.025614972258716895e-01,1.038953691408635582e-01
-4.513619895100924317e-01,1.179304248832197255e-01
-4.513619895100924317e-01,1.179304248832197255e-01
-4.513619895100924317e-01,1.179304248832197255e-01
-4.513619895100924317e-01,1.179304248832197255e-01
-4.513619895100924317e-01,1.179304248832197255e-01
-5.428767876699001071e-01,2.078872629930613170e-01
-4.267341823718712179e-01,2.986066447769056276e-02
-4.267341823718712179e-01,2.986066447769056276e-02
-4.267341823718712179e-01,2.986066447769056276e-02
-4.267341823718712179e-01,2.986066447769056276e-02
-4.961437222345090325e-01,2.253342978943412289e-01
-4.743009046662567396e-01,1.431635986884680078e-01
-4.743009046662567396e-01,1.431635986884680078e-01
-4.896099123086047333e-01,1.060261096783971235e-01
-4.902350945054001485e-01,7.030036208617179705e-02
-4.902350945054001485e-01,7.030036208617179705e-02
-4.812683543426855559e-01,5.247742092128029195e-02
-4.278133901458093802e-01,-7.641168150169486140e-02
-4.278133901458093802e-01,-7.641168150169486140e-02
-6.092513458715250740e-01,1.660769241327586521e-01
-6.548712973295586215e-01,1.450397473490172562e-02
-6.548712973295586215e-01,1.450397473490172562e-02
-9.195833043610822655e-01,-6.364659779770062698e-02
-9.195833043610822655e-01,-6.364659779770062698e-02
-9.195833043610822655e-01,-6.364659779770062698e-02
-7.744483138302428182e-01,-1.034482580010234465e-01
-6.486249715800965765e-01,-5.034183652214360705e-02
-4.247430543624965971e-01,4.103563133416726627e-05
-4.237956723160099526e-01,1.480438203702391098e-01
-4.833513303094891800e-01,1.730504687561737476e-01
-4.833513303094891800e-01,1.730504687561737476e-01
-4.833513303094891800e-01,1.730504687561737476e-01
-4.833513303094891800e-01,1.730504687561737476e-01
-5.686483967244631010e-01,-3.998633723620265146e-02
-5.686483967244631010e-01,-3.998633723620265146e-02
-5.686483967244631010e-01,-3.998633723620265146e-02
-8.241035180758042866e-01,-7.894409594849698120e-02
-8.241035180758042866e-01,-7.894409594849698120e-02
-8.634144098026972358e-01,7.592608133063895315e-02
-8.634144098026972358e-01,7.592608133063895315e-02
-8.634144098026972358e-01,7.592608133063895315e-02
-8.634144098026972358e-01,7.592608133063895315e-02
-8.634144098026972358e-01,7.592608133063895315e-02
-8.634144098026972358e-01,7.592608133063895315e-02
-8.673517318207834004e-01,1.575367046601087451e-01
-7.545270233374162805e-01,1.787840183993106846e-01
-8.396417588590218140e-01,-3.958675773940711906e-03
-8.396417588590218140e-01,-3.958675773940711906e-03
-8.396417588590218140e-01,-3.958675773940711906e-03
-8.396417588590218140e-01,-3.958675773940711906e-03
-6.735993215842643878e-01,-5.654237974492390406e-02
-6.735993215842643878e-01,-5.654237974492390406e-02
-7.128931761703840575e-01,-2.357231510801748725e-02
-7.230510445290287969e-01,5.785974652400472512e-02
-7.230510445290287969e-01,5.785974652400472512e-02
-7.934103655275741573e-01,-3.878990101802785168e-02
-7.934103655275741573e-01,-3.878990101802785168e-02
-7.934103655275741573e-01,-3.878990101802785168e-02
-7.934103655275741573e-01,-3.878990101802785168e-02
-7.934103655275741573e-01,-3.878990101802785168e-02
-7.934103655275741573e-01,-3.878990101802785168e-02
-7.934103655275741573e-01,-3.878990101802785168e-02
-6.999512257807585236e-01,-2.137055036937728636e-01
-6.999512257807585236e-01,-2.137055036937728636e-01
-6.999512257807585236e-01,-2.137055036937728636e-01
-7.292030218750986670e-01,8.575570828690556868e-02
-7.133126351261033227e-01,-1.828582070169506857e-01
-7.133126351261033227e-01,-1.828582070169506857e-01
-7.133126351261033227e-01,-1.828582070169506857e-01
-7.133126351261033227e-01,-1.828582070169506857e-01
-8.459618153689291153e-01,-2.280147121997863069e-01
-8.459618153689291153e-01,-2.280147121997863069e-01
-6.541886894973296673e-01,-2.953527248939172845e-01
-7.470230207138104372e-01,-3.444624975729348448e-01
-7.470230207138104372e-01,-3.444624975729348448e-01
-7.531198655034572198e-01,-3.095287793151018096e-01
-7.830595363619695659e-01,-2.952255771260890449e-01
-7.730561466050137609e-01,-2.702327704482129223e-01
-7.166167428441484466e-01,-2.195644146458345103e-01
-7.737500311905264327e-01,-1.308448763669095016e-01
-8.081161124147790975e-01,2.724703255787835898e-02
-4.887224279922273151e-01,-1.302963198315713056e-01
-4.865896885813653649e-01,-5.451803963176507506e-02
-4.865896885813653649e-01,-5.451803963176507506e-02
-4.865896885813653649e-01,-5.451803963176507506e-02
-4.886933367990349830e-01,1.527746539107407986e-02
-5.710877707714419049e-01,2.795005295213049551e-02
-6.121593155336352288e-01,2.886510162814112102e-01
-7.907814558114283354e-01,1.600975727655151171e-01
-8.528971666787148465e-01,3.413015806858835099e-02
-8.528971666787148465e-01,3.413015806858835099e-02
-5.676012158641785543e-01,1.235079357376087095e-01
-6.289694797161063944e-01,-2.211159948858160140e-02
-6.289694797161063944e-01,-2.211159948858160140e-02
-6.289694797161063944e-01,-2.211159948858160140e-02
-6.289694797161063944e-01,-2.211159948858160140e-02
-6.289694797161063944e-01,-2.211159948858160140e-02
-6.289694797161063944e-01,-2.211159948858160140e-02
-6.289694797161063944e-01,-2.211159948858160140e-02
-5.817277620134617688e-01,1.063174290073667927e-01
-5.817277620134617688e-01,1.063174290073667927e-01
-5.817277620134617688e-01,1.063174290073667927e-01
-3.755177277240749345e-01,7.060466556090980172e-03
-3.755177277240749345e-01,7.060466556090980172e-03
-3.755177277240749345e-01,7.060466556090980172e-03
-3.470023227520593334e-01,-3.000028184325865405e-02
-3.470023227520593334e-01,-3.000028184325865405e-02
-3.470023227520593334e-01,-3.000028184325865405e-02
-3.181360268016159565e-01,-2.057066655353140816e-01
-3.957710785774837814e-01,-3.010726182884648217e-01
-7.509338506647875722e-01,-1.311179868292765560e-01
-8.251724467845492628e-01,-1.924813934292810280e-01
-8.251724467845492628e-01,-1.924813934292810280e-01
-8.251724467845492628e-01,-1.924813934292810280e-01
-8.251724467845492628e-01,-1.924813934292810280e-01
-8.251724467845492628e-01,-1.924813934292810280e-01
-8.251724467845492628e-01,-1.924813934292810280e-01
-6.494161123107409228e-01,1.423280753586112224e-01
-5.592846972472550471e-01,1.486683091367145826e-01
-6.135603518407062307e-01,2.707921918104819747e-01
-6.135603518407062307e-01,2.707921918104819747e-01
-6.135603518407062307e-01,2.707921918104819747e-01
-6.135603518407062307e-01,2.707921918104819747e-01
-7.999713721141266110e-01,5.401079976321476739e-02
-9.014441209190373616e-01,-1.895339759891618570e-01
-9.014441209190373616e-01,-1.895339759891618570e-01
-9.415081994638406782e-01,-1.479459284768230021e-01
-9.415081994638406782e-01,-1.479459284768230021e-01
-9.415081994638406782e-01,-1.479459284768230021e-01
-8.213891531753929609e-01,-1.387238773291717131e-01
-8.213891531753929609e-01,-1.387238773291717131e-01
-7.797245993284137588e-01,-6.346227754070625504e-02
-7.797245993284137588e-01,-6.346227754070625504e-02
-7.751458400735669052e-01,-8.617062003093023392e-02
-7.751458400735669052e-01,-8.617062003093023392e-02
-7.751458400735669052e-01,-8.617062003093023392e-02
-7.751458400735669052e-01,-8.617062003093023392e-02
-6.011438986890714764e-01,-1.313828064794749229e-01
-8.295315785204773196e-01,-2.565080717210997674e-02
-8.295315785204773196e-01,-2.565080717210997674e-02
-7.660571433974859845e-01,5.029037654937519586e-02
-7.471294575716863617e-01,-2.815321996055085430e-02
-7.471294575716863617e-01,-2.815321996055085430e-02
-7.628621377380150337e-01,9.669332555209141089e-02
-6.156198568378916658e-01,6.601902653865829307e-03
-6.156198568378916658e-01,6.601902653865829307e-03
-6.156198568378916658e-01,6.601902653865829307e-03
-6.917842776300807683e-01,4.951316027427541538e-02
-6.917842776300807683e-01,4.951316027427541538e-02
-6.917842776300807683e-01,4.951316027427541538e-02
-6.917842776300807683e-01,4.951316027427541538e-02
-6.627131998752222586e-01,-2.002996381172280488e-02
-6.627131998752222586e-01,-2.002996381172280488e-02
-6.627131998752222586e-01,-2.002996381172280488e-02
-6.649353523936796240e-01,9.649484042179845567e-02
-6.649353523936796240e-01,9.649484042179845567e-02
-5.153470192403520889e-01,1.470617159752748704e-01
-5.153470192403520889e-01,1.470617159752748704e-01
-5.435014577783259249e-01,-1.073339598420358920e-01
-3.247613312551582698e-01,-2.663110652523227595e-02
-3.247613312551582698e-01,-2.663110652523227595e-02
-3.788990040892013522e-01,-2.263964088483182424e-01
-4.322219853690181246e-01,-2.282937957300534837e-01
-4.670991134509895892e-01,1.480700074968732127e-01
-4.670991134509895892e-01,1.480700074968732127e-01
-6.223795400742195838e-01,1.147189999884575817e-01
-7.750755577033621169e-01,1.039154704493839565e-01
-7.750755577033621169e-01,1.039154704493839565e-01
-5.942661798286038577e-01,-2.787942486401448483e-02
-5.942661798286038577e-01,-2.787942486401448483e-02
-5.942661798286038577e-01,-2.787942486401448483e-02
-6.281209052922158698e-01,-7.157416334421723425e-02
-6.281209052922158698e-01,-7.157416334421723425e-02
-2.624633968415963636e-01,3.664328993303408999e-02
-2.624633968415963636e-01,3.664328993303408999e-02
-2.084998694894393267e-01,1.231941472462914494e-01
-2.215757310435700622e-01,-3.519745355896809758e-02
-2.381748019939327055e-01,1.550050481432994898e-02
-2.737812579047511630e-01,1.094771699831485062e-01
-2.334331505467889534e-01,1.367641466541626438e-01
-2.540507494603089222e-01,1.628767927334411614e-01
-2.540507494603089222e-01,1.628767927334411614e-01
-2.540507494603089222e-01,1.628767927334411614e-01
-2.540507494603089222e-01,1.628767927334411614e-01
-6.200562982379963506e-01,-3.988081513819483059e-02
-6.478739926688162898e-01,-1.230784920412766187e-01
-6.478739926688162898e-01,-1.230784920412766187e-01
-6.298160669620416208e-01,-2.141490769281216844e-01
-6.698463462839762128e-01,-1.925563681629436918e-01
-5.883198152703318362e-01,-1.909820574430494966e-01
-6.157470881372875127e-01,-2.051151642992739277e-01
-5.833900374020192237e-01,-2.370701436827039599e-01
-5.833900374020192237e-01,-2.370701436827039599e-01
-5.833900374020192237e-01,-2.370701436827039599e-01
-7.189091122349239305e-01,-1.653973075441138585e-01
-7.189091122349239305e-01,-1.653973075441138585e-01
-7.189091122349239305e-01,-1.653973075441138585e-01
-6.862752468012135454e-01,-9.145599549982877385e-02
-7.489037370088068579e-01,-1.155002475393186456e-01
-6.365414305489289770e-01,9.139020894261909445e-02
-4.309213158901303853e-01,-6.060861490915597782e-02
-4.309213158901303853e-01,-6.060861490915597782e-02
-3.954964192513213961e-01,-6.140964277900794188e-02
-5.738098025910449707e-01,4.037125132927986415e-02
-5.738098025910449707e-01,4.037125132927986415e-02
-5.699944091262295620e-01,1.036378743363308708e-02
-5.699944091262295620e-01,1.036378743363308708e-02
-6.097244197469852134e-01,1.124525528357384618e-01
-6.025116505046382853e-01,9.834656723879582618e-02
-5.791875801703592064e-01,2.904861369517910963e-02
-7.418064704061950732e-01,1.060975126458059276e-01
-7.254537160006833130e-01,-1.241576657342508411e-01
-7.716427571965776000e-01,1.893682139185186020e-01
-7.716427571965776000e-01,1.893682139185186020e-01
-7.716427571965776000e-01,1.893682139185186020e-01
-7.716427571965776000e-01,1.893682139185186020e-01
-5.014035578896061107e-01,8.201379480577104808e-02
-3.949848458366905790e-01,2.167262344097113380e-01
-4.777469797368601445e-01,2.250022208625510056e-02
-6.768345650849031392e-01,9.406473148902015635e-02
-6.688665631065346950e-01,1.343064694348545807e-01
-6.688665631065346950e-01,1.343064694348545807e-01
-6.695529618122328941e-01,2.595439051927807550e-01
-6.695529618122328941e-01,2.595439051927807550e-01
-6.695529618122328941e-01,2.595439051927807550e-01
-5.560842170435559284e-01,2.503477736520052233e-01
-5.560842170435559284e-01,2.503477736520052233e-01
-5.560842170435559284e-01,2.503477736520052233e-01
-5.560842170435559284e-01,2.503477736520052233e-01
-9.684772483119732378e-01,2.443365698568250588e-02
-9.684772483119732378e-01,2.443365698568250588e-02
-9.408071339570478475e-01,3.084675820870343144e-02
-9.408071339570478475e-01,3.084675820870343144e-02
-9.408071339570478475e-01,3.084675820870343144e-02
-7.915108785290697613e-01,-7.178335482861664119e-02
-7.915108785290697613e-01,-7.178335482861664119e-02
-7.915108785290697613e-01,-7.178335482861664119e-02
-7.899134101895244342e-01,1.164598442577437776e-01
-6.973912933071300113e-01,-3.587895767341409137e-02
-6.973912933071300113e-01,-3.587895767341409137e-02
-6.973912933071300113e-01,-3.587895767341409137e-02
-7.304567387493959840e-01,-4.456934799471665154e-02
-7.304567387493959840e-01,-4.456934799471665154e-02
-7.304567387493959840e-01,-4.456934799471665154e-02
-7.304567387493959840e-01,-4.456934799471665154e-02
-7.830532434758956661e-01,1.556794780919963095e-01
-7.100229272026351568e-01,5.372584324183297955e-02
-7.346864704257033418e-01,-1.278475849989600677e-02
-6.863073948618438891e-01,-1.078176658847406211e-01
-6.249399818205122470e-01,6.832480824897246841e-02
-7.275951322490258333e-01,-1.148875505618782711e-01
-7.275951322490258333e-01,-1.148875505618782711e-01
-6.956660606007670777e-01,-1.468532153466875489e-01
-8.379907824955095119e-01,-5.608385098470068664e-02
-8.379907824955095119e-01,-5.608385098470068664e-02
-8.379907824955095119e-01,-5.608385098470068664e-02
-8.379907824955095119e-01,-5.608385098470068664e-02
-7.857844015050784447e-01,-1.339231273401995936e-02
-7.857844015050784447e-01,-1.339231273401995936e-02
-5.626023433810002361e-01,-1.969461867329707072e-01
-6.603489772798196711e-01,-1.145389637881057132e-01
-6.272757172255941649e-01,-1.401971511018382799e-01
-7.717092592832592857e-01,-1.114587519415257411e-01
-6.704456093485581247e-01,-2.072060505356908278e-01
-7.035762542145110876e-01,-1.918806684709993549e-01
-7.007962345618899969e-01,-4.760209390526412565e-02
-7.150077808996041506e-01,9.488379185588841080e-02
-7.150077808996041506e-01,9.488379185588841080e-02
-7.150077808996041506e-01,9.488379185588841080e-02
-7.686330439903559242e-01,2.721809852926679318e-02
-6.351224311123770949e-01,2.558990595261521200e-03
-6.351224311123770949e-01,2.558990595261521200e-03
-6.351224311123770949e-01,2.558990595261521200e-03
-6.351224311123770949e-01,2.558990595261521200e-03
-6.351224311123770949e-01,2.558990595261521200e-03
-6.351224311123770949e-01,2.558990595261521200e-03
-8.147206586939498285e-01,-1.957646740141568975e-01
-7.752496028193143207e-01,-2.757328053821680447e-01
-7.752496028193143207e-01,-2.757328053821680447e-01
-4.034349216143774952e-01,-2.914209393022258454e-01
-5.399566240539803719e-01,-1.891247630374146560e-01
-4.196440182669741170e-01,-2.150033917035905073e-01
-5.314355631572480476e-01,-1.319188975424989696e-01
-6.675320832739126686e-01,-1.374849414257367231e-01
-6.675320832739126686e-01,-1.374849414257367231e-01
-6.675320832739126686e-01,-1.374849414257367231e-01
-5.919425037336274453e-01,-4.316929329724300546e-02
-5.829136317582008786e-01,-2.727027407140474868e-01
-5.056980807370407005e-01,-1.915754965049514813e-01
-5.113174652581053969e-01,-8.237817694398505419e-02
-6.303203164997549512e-01,1.448285759254420990e-02
-6.303203164997549512e-01,1.448285759254420990e-02
-6.303203164997549512e-01,1.448285759254420990e-02
-7.573885642669440088e-01,8.529199155890579420e-02
-6.052901043689443705e-01,9.100917900516422576e-02
-5.579934042185074050e-01,1.131013615233621983e-01
-4.785692859753287731e-01,8.886532133459004723e-02
-4.785692859753287731e-01,8.886532133459004723e-02
-5.827568451586713216e-01,-1.510787760448936701e-02
-4.145063244939731772e-01,1.060286968948420255e-01
-4.861875970857276186e-01,-2.151440320977920373e-01
-4.861875970857276186e-01,-2.151440320977920373e-01
-5.114260193166393353e-01,-1.944001151088473045e-01
-7.163012931505978731e-01,-1.752554506567671200e-01
-7.460105196349177126e-01,-1.863698864397664301e-02
-7.460105196349177126e-01,-1.863698864397664301e-02
-7.460105196349177126e-01,-1.863698864397664301e-02
-5.705521191053523067e-01,-6.794447761937846830e-02
-6.239208033888198335e-01,-2.210592559832415260e-01
-6.239208033888198335e-01,-2.210592559832415260e-01
-6.455207657547737954e-01,-2.872642922606337690e-01
-6.455207657547737954e-01,-2.872642922606337690e-01
-6.455207657547737954e-01,-2.872642922606337690e-01
-6.455207657547737954e-01,-2.872642922606337690e-01
-6.455207657547737954e-01,-2.872642922606337690e-01
-6.455207657547737954e-01,-2.872642922606337690e-01
-6.455207657547737954e-01,-2.872642922606337690e-01
-6.455207657547737954e-01,-2.872642922606337690e-01
-6.455207657547737954e-01,-2.872642922606337690e-01
-7.232550503083613469e-01,-1.220309255070939347e-02
-7.167202728613498719e-01,5.029523742791561225e-02
-7.167202728613498719e-01,5.029523742791561225e-02
-7.102278722828063717e-01,1.472296513769409398e-01
-6.987622496905103731e-01,1.462603204132412460e-01
-6.158082544626140020e-01,1.587933182514181252e-01
-6.158082544626140020e-01,1.587933182514181252e-01
-5.322564935107659823e-01,-4.444212350523524258e-02
-5.059963147900643499e-01,-9.668936192934166063e-02
-5.059963147900643499e-01,-9.668936192934166063e-02
-6.686032006384295956e-01,3.735479572905189838e-02
-6.020071982343894179e-01,-4.927953024062579901e-02
-6.020071982343894179e-01,-4.927953024062579901e-02
-6.020071982343894179e-01,-4.927953024062579901e-02
-6.020071982343894179e-01,-4.927953024062579901e-02
-6.020071982343894179e-01,-4.927953024062579901e-02
-4.642425668230059088e-01,-2.411876878226898099e-02
-4.642425668230059088e-01,-2.411876878226898099e-02
-7.814541217827117858e-01,-3.295269731629590221e-03
-8.089070569520464549e-01,1.033246030545093563e-01
-7.544889459719914537e-01,7.524165887226476335e-02
-7.544889459719914537e-01,7.524165887226476335e-02
-7.544889459719914537e-01,7.524165887226476335e-02
-5.786317462643613130e-01,-1.038167491021200622e-01
-5.786317462643613130e-01,-1.038167491021200622e-01
-4.871329586350576224e-01,-1.851235959325837344e-01
-4.871329586350576224e-01,-1.851235959325837344e-01
-6.541698605708505809e-01,-1.354508003902519797e-01
-6.493701801722058242e-01,-9.591256184600985280e-02
-5.815736421560669944e-01,-6.350302297570564747e-02
-5.815736421560669944e-01,-6.350302297570564747e-02
-4.408802770202971955e-01,-1.723193520981698423e-01
-4.066141968929289363e-01,7.691562191138134885e-02
-4.066141968929289363e-01,7.691562191138134885e-02
-4.066141968929289363e-01,7.691562191138134885e-02
-4.066141968929289363e-01,7.691562191138134885e-02
-4.359062694825254769e-01,4.169433973337550309e-02
-3.720504357610474599e-01,-1.823378247947581715e-02
-3.720504357610474599e-01,-1.823378247947581715e-02
-3.616093435343247231e-01,2.284498987639883016e-01
-3.616093435343247231e-01,2.284498987639883016e-01
-3.712034809641913680e-01,2.338702794079888236e-01
-7.192593786847296666e-01,2.155639831354612679e-01
-7.192593786847296666e-01,2.155639831354612679e-01
-7.192593786847296666e-01,2.155639831354612679e-01
-5.581859070693937497e-01,1.223548012012437569e-01
-6.675725343478940976e-01,-9.545837066133647242e-02
-5.675909824871515630e-01,-2.633954524514749151e-02
-3.319820043524265851e-01,-1.394032743734002766e-01
-3.319820043524265851e-01,-1.394032743734002766e-01
-3.319820043524265851e-01,-1.394032743734002766e-01
-3.319820043524265851e-01,-1.394032743734002766e-01
-3.319820043524265851e-01,-1.394032743734002766e-01
-4.755739001100959817e-01,-3.099697370989279444e-02
-4.755739001100959817e-01,-3.099697370989279444e-02
-7.028637470157359513e-01,1.585697868330406823e-01
-7.028637470157359513e-01,1.585697868330406823e-01
-7.028637470157359513e-01,1.585697868330406823e-01
-7.343719790163829586e-01,2.445535741189733270e-02
-7.376312414321850586e-01,7.532068580076820008e-02
-7.376312414321850586e-01,7.532068580076820008e-02
-7.376312414321850586e-01,7.532068580076820008e-02
-6.747048288287046391e-01,-5.526948470036854855e-02
-5.274150981815863837e-01,-5.718674063648288008e-03
-5.274150981815863837e-01,-5.718674063648288008e-03
-5.274150981815863837e-01,-5.718674063648288008e-03
-8.879933184374754207e-01,9.409646272524892219e-02
-7.543510475097044976e-01,1.042677086933795072e-01
-8.496862154854734062e-01,-7.992612742143770377e-02
-7.656553310031679604e-01,-1.472969986316666202e-01
-6.681937637709570721e-01,1.996317991948987070e-02
-6.681937637709570721e-01,1.996317991948987070e-02
-6.802991827150662862e-01,2.871911188267543824e-02
-6.802991827150662862e-01,2.871911188267543824e-02
-5.939848140202730331e-01,1.646225945905834820e-01
-8.254760393979385658e-01,2.441181372308393049e-03
-5.498761566308890680e-01,-1.126668742890492569e-01
-4.537985189506746897e-01,-1.585090072998065203e-01
-6.028720388989150525e-01,6.639258112148285762e-02
-6.028720388989150525e-01,6.639258112148285762e-02
-6.028720388989150525e-01,6.639258112148285762e-02
-7.038680951000392261e-01,1.089120452640220393e-01
-6.927860308012989687e-01,1.666777836017589998e-01
-6.927860308012989687e-01,1.666777836017589998e-01
-3.908923011497640876e-01,2.378970471893801786e-01
-3.908923011497640876e-01,2.378970471893801786e-01
-3.094591804294405946e-01,6.749727278035533296e-02
-3.094591804294405946e-01,6.749727278035533296e-02
-3.094591804294405946e-01,6.749727278035533296e-02
-5.118274305842146488e-01,-9.568438690481795295e-02
-5.118274305842146488e-01,-9.568438690481795295e-02
-5.118274305842146488e-01,-9.568438690481795295e-02
-5.843667144984180384e-01,-4.709165247722483377e-02
-5.843667144984180384e-01,-4.709165247722483377e-02
-5.843667144984180384e-01,-4.709165247722483377e-02
-5.765575319069371485e-01,-3.160256500243938810e-02
-5.765575319069371485e-01,-3.160256500243938810e-02
-3.467878674899788627e-01,-5.712324469900097873e-02
-4.166893831524643432e-01,-1.904169167652086103e-01
-4.166893831524643432e-01,-1.904169167652086103e-01
-5.854714054060086159e-01,-3.070257268912696680e-01
-5.854714054060086159e-01,-3.070257268912696680e-01
-5.854714054060086159e-01,-3.070257268912696680e-01
-4.573997841622928773e-01,-1.699283711216372506e-01
-4.248546335450847367e-01,-4.026291890194044765e-03
-4.248546335450847367e-01,-4.026291890194044765e-03
-3.940199885841224603e-01,-1.559974478690836358e-02
-3.940199885841224603e-01,-1.559974478690836358e-02
-2.330500432459870486e-01,-3.518754981760277567e-02
-4.130151145299398863e-01,1.045288188530650308e-01
-4.013457189293411775e-01,7.577489003709586557e-02
-4.943204211969823292e-01,4.153021099295017143e-02
-4.506187626999405005e-01,5.170158060760836338e-02
-2.698145803088227712e-01,1.764837814262887883e-01
-4.241560583889975034e-01,2.578652614719326164e-02
-4.474565436606733337e-01,-4.834897366069988711e-02
-5.101664078368279842e-01,-1.039260869201915072e-01
-5.101664078368279842e-01,-1.039260869201915072e-01
-5.168318907944279283e-01,-9.200465456428763567e-02
-5.168318907944279283e-01,-9.200465456428763567e-02
-6.507759232115353232e-01,1.469963500392761080e-02
-6.507759232115353232e-01,1.469963500392761080e-02
-6.507759232115353232e-01,1.469963500392761080e-02
-7.449340279924739905e-01,3.001050242699015297e-02
-7.216630532631684858e-01,2.948108186816380399e-02
-7.216630532631684858e-01,2.948108186816380399e-02
-7.216630532631684858e-01,2.948108186816380399e-02
-7.216630532631684858e-01,2.948108186816380399e-02
-5.028598562907109493e-01,3.532941083122647513e-02
-5.028598562907109493e-01,3.532941083122647513e-02
-5.028598562907109493e-01,3.532941083122647513e-02
-5.028598562907109493e-01,3.532941083122647513e-02
-6.853554576670450871e-01,-2.088201128861104650e-01
-9.500172161930175996e-01,-1.327403365468146079e-01
-9.500172161930175996e-01,-1.327403365468146079e-01
-9.500172161930175996e-01,-1.327403365468146079e-01
-9.500172161930175996e-01,-1.327403365468146079e-01
-1.013072450392180635e+00,-4.667303629079357086e-02
-1.013072450392180635e+00,-4.667303629079357086e-02
-1.013072450392180635e+00,-4.667303629079357086e-02
-1.013072450392180635e+00,-4.667303629079357086e-02
-9.508165714686256376e-01,-7.787180999080173249e-02
-8.496038479217249417e-01,-1.856985059989132991e-01
-8.732641106629210892e-01,-1.635221902891271228e-01
-7.547665788709828627e-01,-3.930883442595072275e-01
-7.472020850004134074e-01,-1.072295860987714233e-01
-7.472020850004134074e-01,-1.072295860987714233e-01
-7.307148006125018247e-01,-9.731268368025847160e-02
-7.050375826432802029e-01,-2.760761983514217754e-02
-4.960294198647088315e-01,-9.182204955077469255e-02
-5.215507183860365048e-01,-9.248086203967745278e-02
-3.472930003244644181e-01,-1.281437347983203079e-01
-3.472930003244644181e-01,-1.281437347983203079e-01
-3.472930003244644181e-01,-1.281437347983203079e-01
-3.251436055927295343e-01,1.129312299604500747e-01
-3.251436055927295343e-01,1.129312299604500747e-01
-3.251436055927295343e-01,1.129312299604500747e-01
-3.251436055927295343e-01,1.129312299604500747e-01
-3.726260800452353417e-01,6.633872139626051379e-02
-3.974081003127124534e-01,-9.225360490062020635e-02
-3.974081003127124534e-01,-9.225360490062020635e-02
-3.974081003127124534e-01,-9.225360490062020635e-02
-3.974081003127124534e-01,-9.225360490062020635e-02
-3.974081003127124534e-01,-9.225360490062020635e-02
-5.507349863859939409e-01,1.903382991072160857e-01
-9.500310861256244799e-01,2.313881731548171339e-01
-8.557405894743883579e-01,-7.197481789537973906e-02
-9.384255110067455385e-01,-1.467514320831454500e-01
-9.384255110067455385e-01,-1.467514320831454500e-01
-9.019411512567689915e-01,-1.629920991764647054e-01
-9.850563197802024717e-01,-1.412779478851230452e-01
-9.850563197802024717e-01,-1.412779478851230452e-01
-9.850563197802024717e-01,-1.412779478851230452e-01
-9.850563197802024717e-01,-1.412779478851230452e-01
-8.363451619860311492e-01,-1.454355846262985752e-01
-8.363451619860311492e-01,-1.454355846262985752e-01
-8.190331285338121603e-01,4.035288464981606760e-03
-8.190331285338121603e-01,4.035288464981606760e-03
-6.088127275231609570e-01,-1.984053923022224275e-01
-6.088127275231609570e-01,-1.984053923022224275e-01
-6.088127275231609570e-01,-1.984053923022224275e-01
-6.088127275231609570e-01,-1.984053923022224275e-01
-6.088127275231609570e-01,-1.984053923022224275e-01
-6.088127275231609570e-01,-1.984053923022224275e-01
-5.753820535144834603e-01,-1.504896165651121442e-01
-4.008756973637680465e-01,1.025551432315169320e-03
-4.008756973637680465e-01,1.025551432315169320e-03
-4.008756973637680465e-01,1.025551432315169320e-03
-4.677953356381926442e-01,-6.637831068578023408e-02
-4.346385774587683826e-01,-1.678577453923621454e-03
-4.511457960972128367e-01,7.506399589972305442e-02
-6.137087939589912500e-01,-2.232079114492260263e-01
-9.170156281682965149e-01,-1.227071937481319375e-01
-6.703934811821347095e-01,-1.467853445534290369e-01
-6.413207459652692233e-01,-8.632681107383813335e-02
-6.017070892918688907e-01,-2.427874337988124021e-01
-6.017070892918688907e-01,-2.427874337988124021e-01
-6.017070892918688907e-01,-2.427874337988124021e-01
-6.017070892918688907e-01,-2.427874337988124021e-01
-6.817117814266964171e-01,-1.581070498464208496e-01
-6.817117814266964171e-01,-1.581070498464208496e-01
-7.019363548646579964e-01,-1.330265284118493097e-01
-7.019363548646579964e-01,-1.330265284118493097e-01
-7.019363548646579964e-01,-1.330265284118493097e-01
-7.019363548646579964e-01,-1.330265284118493097e-01
-7.430800583942087645e-01,1.789459651760694214e-02
-5.347892322419458555e-01,1.697952003214349692e-01
-4.156446685791069240e-01,-2.218827652289329100e-01
-4.156446685791069240e-01,-2.218827652289329100e-01
-4.156446685791069240e-01,-2.218827652289329100e-01
-4.156446685791069240e-01,-2.218827652289329100e-01
-4.156446685791069240e-01,-2.218827652289329100e-01
-4.034289647664180967e-01,8.855442386091372242e-03
-4.034289647664180967e-01,8.855442386091372242e-03
-4.034289647664180967e-01,8.855442386091372242e-03
-3.783553261187881378e-01,-4.634052038032995813e-02
-3.783553261187881378e-01,-4.634052038032995813e-02
-6.641343910689622154e-01,-4.181935733923829862e-02
-4.229026979198206582e-01,-6.841256018454369703e-02
-4.229026979198206582e-01,-6.841256018454369703e-02
-6.258049279674147147e-01,1.213622594286632161e-01
-6.258049279674147147e-01,1.213622594286632161e-01
-4.256831092361719748e-01,1.332753358595766269e-01
-4.818667614228445695e-01,-1.349070555243596092e-01
-4.368174968304485706e-01,1.964415648810796666e-01
-3.410416428611532935e-01,2.057793252736621337e-01
-3.410416428611532935e-01,2.057793252736621337e-01
-2.909620325373271643e-01,9.974070657811248686e-02
-2.909620325373271643e-01,9.974070657811248686e-02
-2.909620325373271643e-01,9.974070657811248686e-02
-3.055994952065925196e-01,1.979689838249966416e-02
-3.560507584633920142e-01,2.551043503716278471e-02
-4.288651524056689701e-01,9.252442284300588238e-02
-4.288651524056689701e-01,9.252442284300588238e-02
-4.288651524056689701e-01,9.252442284300588238e-02
-4.288651524056689701e-01,9.252442284300588238e-02
-4.288651524056689701e-01,9.252442284300588238e-02
-5.510672227965115466e-01,-3.789370622189686122e-02
-5.006318425041343945e-01,-3.541562854106781316e-02
-4.616455039712474284e-01,1.047365525840084771e-02
-4.616455039712474284e-01,1.047365525840084771e-02
-3.303348869784180630e-01,5.921528153002097311e-02
-3.303348869784180630e-01,5.921528153002097311e-02
-4.149871840878224805e-01,-2.804334575554111586e-01
-4.149871840878224805e-01,-2.804334575554111586e-01
-3.666122864295140449e-01,-9.211247729964505693e-02
-3.703843338641070737e-01,-2.274933592753582978e-01
-5.631205959781264703e-01,-7.736890383201641685e-02
-3.808382722080969618e-01,-3.710061309995075357e-02
-3.808382722080969618e-01,-3.710061309995075357e-02
-3.808382722080969618e-01,-3.710061309995075357e-02
-3.808382722080969618e-01,-3.710061309995075357e-02
-3.808382722080969618e-01,-3.710061309995075357e-02
-3.808382722080969618e-01,-3.710061309995075357e-02
-3.808382722080969618e-01,-3.710061309995075357e-02
-6.267912999023044218e-01,-1.585931939195480977e-01
-5.565591501177038491e-01,-1.885341149216274437e-01
-5.532839375729527998e-01,-3.920414112944628493e-02
-4.591188055848289262e-01,-1.255155759408076721e-01
-8.166977499731566947e-01,-4.613166411196230332e-02
-8.166977499731566947e-01,-4.613166411196230332e-02
-7.591269000069486017e-01,-1.323287789999776920e-01
-7.591269000069486017e-01,-1.323287789999776920e-01
-7.421175007656882761e-01,1.576607611661871022e-01
-7.945562977805822324e-01,1.981584698840327396e-01
-7.945562977805822324e-01,1.981584698840327396e-01
-7.945562977805822324e-01,1.981584698840327396e-01
-7.945562977805822324e-01,1.981584698840327396e-01
-7.945562977805822324e-01,1.981584698840327396e-01
-7.945562977805822324e-01,1.981584698840327396e-01
-6.456707705756865590e-01,2.096951263597551240e-01
-6.456707705756865590e-01,2.096951263597551240e-01
-5.362787212324797714e-01,1.265449387021073679e-01
-5.362787212324797714e-01,1.265449387021073679e-01
-5.362787212324797714e-01,1.265449387021073679e-01
-5.784990461993521071e-01,8.198508511716842695e-02
-6.602279221165995304e-01,-2.894872980839083287e-03
-6.602279221165995304e-01,-2.894872980839083287e-03
-7.156443541527305330e-01,1.978610093008777854e-02
-7.156443541527305330e-01,1.978610093008777854e-02
-7.156443541527305330e-01,1.978610093008777854e-02
-7.156443541527305330e-01,1.978610093008777854e-02
-5.144676438687780795e-01,1.000446580404052432e-01
-6.896959701599514325e-01,-3.275492491025810970e-02
-6.896959701599514325e-01,-3.275492491025810970e-02
-4.064198763684518378e-01,-1.041523764832437554e-01
-4.726078238503197415e-01,-1.523161773969447796e-01
-3.544760937673583912e-01,-2.303648903981053431e-01
-3.544760937673583912e-01,-2.303648903981053431e-01
-3.544760937673583912e-01,-2.303648903981053431e-01
-3.544760937673583912e-01,-2.303648903981053431e-01
-3.544760937673583912e-01,-2.303648903981053431e-01
-3.544760937673583912e-01,-2.303648903981053431e-01
-3.544760937673583912e-01,-2.303648903981053431e-01
-4.956637732616240855e-01,-1.546165241809411839e-01
-7.159495503725972210e-01,-9.496892107614085532e-02
-7.159495503725972210e-01,-9.496892107614085532e-02
-7.159495503725972210e-01,-9.496892107614085532e-02
-7.354257883320908240e-01,5.454736341433999436e-02
-7.663917027983371266e-01,-1.071728311274481316e-01
-6.660090578507783521e-01,-2.119043324380024684e-01
-4.608684699776660065e-01,-2.440637878934265037e-01
-5.694848125543118256e-01,-2.355111549535711668e-01
-3.277810113391849134e-01,5.525325278203030432e-02
-3.277810113391849134e-01,5.525325278203030432e-02
-3.277810113391849134e-01,5.525325278203030432e-02
-4.862830000615507853e-01,-3.148429820595430306e-01
-4.862830000615507853e-01,-3.148429820595430306e-01
-4.862830000615507853e-01,-3.148429820595430306e-01
-4.862830000615507853e-01,-3.148429820595430306e-01
-4.862830000615507853e-01,-3.148429820595430306e-01
-4.168855445736944776e-01,-2.508835205039277039e-01
-4.168855445736944776e-01,-2.508835205039277039e-01
-4.168855445736944776e-01,-2.508835205039277039e-01
-5.745540007782610203e-01,-3.264556273603482217e-01
-5.745540007782610203e-01,-3.264556273603482217e-01
-5.745540007782610203e-01,-3.264556273603482217e-01
-3.329962044887924133e-01,-1.521878342620308078e-01
-3.329962044887924133e-01,-1.521878342620308078e-01
-3.329962044887924133e-01,-1.521878342620308078e-01
-3.329962044887924133e-01,-1.521878342620308078e-01
-5.222286967740571439e-01,2.559492409053457651e-01
-6.014393742784583941e-01,2.814101615175446658e-01
-8.010423568609990053e-01,1.863115399979824449e-01
-6.391154061853545620e-01,-1.474654548653531183e-03
-4.839191603521789675e-01,6.939560204231025320e-03
-6.896154693547448256e-01,7.307377791825001023e-02
-6.896154693547448256e-01,7.307377791825001023e-02
-6.896154693547448256e-01,7.307377791825001023e-02
-6.803681021226655190e-01,-1.276086234032045852e-01
-5.286072522975652221e-01,-1.995602281121263144e-01
-6.344994406453626778e-01,-1.953303014713695385e-01
-4.556068515806173669e-01,-1.380854121524026368e-01
-4.556068515806173669e-01,-1.380854121524026368e-01
-4.643668134321335961e-01,-2.756868935630018003e-01
-4.411709563804888101e-01,-3.300875064353402388e-01
-4.411709563804888101e-01,-3.300875064353402388e-01
-5.347120631011823555e-01,-3.044013663020997962e-01
-5.347120631011823555e-01,-3.044013663020997962e-01
-5.347120631011823555e-01,-3.044013663020997962e-01
-6.545312993910448185e-01,-2.269356815411074924e-01
-6.192112198311944260e-01,-4.383524910255366391e-01
-4.182945978099659179e-01,-3.039697538501890950e-01
-4.182945978099659179e-01,-3.039697538501890950e-01
-4.182945978099659179e-01,-3.039697538501890950e-01
-4.182945978099659179e-01,-3.039697538501890950e-01
-4.182945978099659179e-01,-3.039697538501890950e-01
-4.182945978099659179e-01,-3.039697538501890950e-01
-4.085470264922804184e-01,-2.422793260306428942e-01
-4.085470264922804184e-01,-2.422793260306428942e-01
-4.085470264922804184e-01,-2.422793260306428942e-01
-4.085470264922804184e-01,-2.422793260306428942e-01
-4.085470264922804184e-01,-2.422793260306428942e-01
-4.085470264922804184e-01,-2.422793260306428942e-01
-4.085470264922804184e-01,-2.422793260306428942e-01
-3.251954865068867884e-01,-1.395024908996006507e-01
-3.071528843009511123e-01,1.115977629017869677e-01
-4.138229481843809787e-01,-2.786093235341530194e-02
-4.138229481843809787e-01,-2.786093235341530194e-02
-4.138229481843809787e-01,-2.786093235341530194e-02
-4.138229481843809787e-01,-2.786093235341530194e-02
-4.138229481843809787e-01,-2.786093235341530194e-02
-3.457628796625885070e-01,6.695680278238601291e-02
-3.457628796625885070e-01,6.695680278238601291e-02
-5.643587213190768281e-01,2.269433464469335360e-01
-8.008362545832077295e-01,1.930887944550512547e-01
-8.008362545832077295e-01,1.930887944550512547e-01
-5.692614747500421846e-01,2.167112255740211713e-01
-5.692614747500421846e-01,2.167112255740211713e-01
-5.692614747500421846e-01,2.167112255740211713e-01
-5.692614747500421846e-01,2.167112255740211713e-01
-7.013971803458510790e-01,1.283293480498072792e-01
-6.127722529867147827e-01,-8.387565948608538546e-03
-6.127722529867147827e-01,-8.387565948608538546e-03
-6.127722529867147827e-01,-8.387565948608538546e-03
-6.127722529867147827e-01,-8.387565948608538546e-03
-6.127722529867147827e-01,-8.387565948608538546e-03
-4.967066761448940548e-01,1.135731077871106609e-01
-5.698469583024770024e-01,7.308936240752335334e-02
-5.371798284914317545e-01,-2.947876910431995734e-04
-5.789561576262376441e-01,-1.825436797595287319e-01
-5.789561576262376441e-01,-1.825436797595287319e-01
-6.697864039994640972e-01,-8.425873552526942645e-02
-6.697864039994640972e-01,-8.425873552526942645e-02
-6.697864039994640972e-01,-8.425873552526942645e-02
-5.878056957794166593e-01,-7.297270149135519357e-02
-5.294703317911827467e-01,-1.531152373054174565e-01
-5.294703317911827467e-01,-1.531152373054174565e-01
-5.294703317911827467e-01,-1.531152373054174565e-01
-7.186131061889392546e-01,-1.434342919699800600e-01
-8.322258696756357210e-01,-1.293919562397550516e-01
-8.322258696756357210e-01,-1.293919562397550516e-01
-7.015321500431999091e-01,-2.649267547416119251e-01
-7.015321500431999091e-01,-2.649267547416119251e-01
-8.175402154749606964e-01,-7.517609981704226341e-02
-7.249867013275101968e-01,1.352481105527107152e-01
-5.435748808154252654e-01,1.853131683754360992e-01
-5.435748808154252654e-01,1.853131683754360992e-01
-4.749371085054175934e-01,1.053904583021234714e-01
-4.749371085054175934e-01,1.053904583021234714e-01
-6.209420823475512163e-01,9.910107694438678727e-02
-6.586091518925369925e-01,2.239088548279941082e-02
-7.920644578458020391e-01,1.311952410743122410e-01
-7.920644578458020391e-01,1.311952410743122410e-01
-7.920644578458020391e-01,1.311952410743122410e-01
-7.920644578458020391e-01,1.311952410743122410e-01
-7.920644578458020391e-01,1.311952410743122410e-01
-7.643983005301278055e-01,1.838738159612192391e-02
-7.643983005301278055e-01,1.838738159612192391e-02
-7.643983005301278055e-01,1.838738159612192391e-02
-6.854486806875760285e-01,1.181333738419505786e-03
-5.964939202430569187e-01,-1.422564964429725853e-01
-5.964939202430569187e-01,-1.422564964429725853e-01
-5.198385457312192370e-01,3.436020753438631670e-02
-5.198385457312192370e-01,3.436020753438631670e-02
-5.983041094390996184e-01,3.558967288488671527e-02
-5.983041094390996184e-01,3.558967288488671527e-02
-6.024176692330648342e-01,3.962673918705243714e-02
-6.024176692330648342e-01,3.962673918705243714e-02
-5.939383673658935603e-01,-4.308840528132663883e-02
-6.127864778141369761e-01,8.937789250968590504e-02
-6.392850307350845807e-01,6.476691462673697663e-03
-7.006963642738017750e-01,-2.257394985227750145e-02
-7.006963642738017750e-01,-2.257394985227750145e-02
-6.058288634671192829e-01,5.369538534500995636e-02
-6.058288634671192829e-01,5.369538534500995636e-02
-6.058288634671192829e-01,5.369538534500995636e-02
-6.011544427624450071e-01,-7.063284981377451754e-02
-6.703927998663310461e-01,-1.060023701029989829e-01
-5.733019429840797709e-01,-1.795800476940539736e-01
-7.454342184516137282e-01,-3.040589244153468762e-02
-7.454342184516137282e-01,-3.040589244153468762e-02
-7.454342184516137282e-01,-3.040589244153468762e-02
-7.454342184516137282e-01,-3.040589244153468762e-02
-5.640396641428226943e-01,2.585825919155351760e-02
-5.640396641428226943e-01,2.585825919155351760e-02
-5.848502040237982813e-01,-2.467764478798661898e-02
-5.848502040237982813e-01,-2.467764478798661898e-02
-5.848502040237982813e-01,-2.467764478798661898e-02
-6.492066440247252768e-01,-3.659512579863313103e-02
-6.492066440247252768e-01,-3.659512579863313103e-02
-6.492066440247252768e-01,-3.659512579863313103e-02
-6.492066440247252768e-01,-3.659512579863313103e-02
-5.582344157394247830e-01,-4.323017056346925568e-03
-5.582344157394247830e-01,-4.323017056346925568e-03
-5.582344157394247830e-01,-4.323017056346925568e-03
-5.582344157394247830e-01,-4.323017056346925568e-03
-6.780800166924818573e-01,-1.407716543779507709e-02
-6.808868277792682333e-01,-1.061940835266778071e-01
-5.624500849640233779e-01,-2.153981477837529912e-01
-7.697066488987502897e-01,-1.374208661778009155e-01
-7.672680168770992237e-01,-1.052458663620486901e-01
-8.441280760979484876e-01,-1.906815452038830572e-01
-8.441280760979484876e-01,-1.906815452038830572e-01
-8.441280760979484876e-01,-1.906815452038830572e-01
-8.441280760979484876e-01,-1.906815452038830572e-01
-8.441280760979484876e-01,-1.906815452038830572e-01
-6.802366129255481564e-01,-5.180257489763234746e-02
-6.802366129255481564e-01,-5.180257489763234746e-02
-5.278092769849661581e-01,-1.376564858707404748e-02
-5.278092769849661581e-01,-1.376564858707404748e-02
-5.278092769849661581e-01,-1.376564858707404748e-02
-5.278092769849661581e-01,-1.376564858707404748e-02
-5.278092769849661581e-01,-1.376564858707404748e-02
-6.807334211491823384e-01,-1.428475113571085753e-01
-7.810163469637434464e-01,-1.997340281182139188e-01
-7.810163469637434464e-01,-1.997340281182139188e-01
-7.280187734241707620e-01,-9.676216400739742762e-02
-7.280187734241707620e-01,-9.676216400739742762e-02
-6.871075607273796626e-01,-1.490493759994279133e-01
-6.871075607273796626e-01,-1.490493759994279133e-01
-5.266897601945250695e-01,-1.795768227022739860e-02
-4.856242099442132365e-01,-6.935283736906917851e-02
-4.298662838107834006e-01,9.869647389036044494e-02
-4.629252623029451175e-01,2.234283426531596395e-01
-5.269996524166309371e-01,3.779493734752967238e-02
-5.269996524166309371e-01,3.779493734752967238e-02
-5.269996524166309371e-01,3.779493734752967238e-02
-5.428702517471833966e-01,1.487273542339334620e-01
-5.428702517471833966e-01,1.487273542339334620e-01
-4.718434676950531981e-01,1.050888335606614682e-01
-4.206441199811481457e-01,-3.450379101215474142e-02
-4.520514509749544163e-01,1.688484510663171290e-02
-4.520514509749544163e-01,1.688484510663171290e-02
-3.682541657934179646e-01,-9.896804596113942254e-02
-3.682541657934179646e-01,-9.896804596113942254e-02
-4.570824291832127351e-01,2.952905284704773758e-02
-6.822548972233234421e-01,4.681248941820946585e-02
-6.822548972233234421e-01,4.681248941820946585e-02
-6.813275167094751117e-01,7.981910236974396056e-02
-6.813275167094751117e-01,7.981910236974396056e-02
-6.813275167094751117e-01,7.981910236974396056e-02
-6.813275167094751117e-01,7.981910236974396056e-02
-6.870987881833853228e-01,-1.343561158678105716e-01
-5.763496284559201932e-01,5.318195734495428928e-02
-5.763496284559201932e-01,5.318195734495428928e-02
-5.763496284559201932e-01,5.318195734495428928e-02
-5.763496284559201932e-01,5.318195734495428928e-02
-6.290094250793888397e-01,9.005850961599579096e-02
-6.290094250793888397e-01,9.005850961599579096e-02
-4.081084267313397351e-01,-3.929852347602874607e-02
-4.009473656405236897e-01,8.792464269623437301e-02
-4.009473656405236897e-01,8.792464269623437301e-02
-4.009473656405236897e-01,8.792464269623437301e-02
-4.009473656405236897e-01,8.792464269623437301e-02
-4.009473656405236897e-01,8.792464269623437301e-02
-6.754266919721160223e-01,1.480053385401657040e-01
-6.754266919721160223e-01,1.480053385401657040e-01
-6.754266919721160223e-01,1.480053385401657040e-01
-5.876685034049040635e-01,1.319553221936310972e-01
-5.876685034049040635e-01,1.319553221936310972e-01
-5.876685034049040635e-01,1.319553221936310972e-01
-5.876685034049040635e-01,1.319553221936310972e-01
-5.605327462814230222e-01,1.103356980810994981e-01
-5.605327462814230222e-01,1.103356980810994981e-01
-7.310497781918585680e-01,2.101262866575247801e-01
-7.030723209663507500e-01,-4.012113512884388222e-02
-6.871040917024697769e-01,-6.413671850263361063e-02
-6.871040917024697769e-01,-6.413671850263361063e-02
-6.995211695826895060e-01,5.983301374024799224e-02
-5.189314872569548154e-01,1.443227992336310606e-01
-5.189314872569548154e-01,1.443227992336310606e-01
-5.189314872569548154e-01,1.443227992336310606e-01
-5.095007883483735345e-01,2.914600464677141733e-01
-5.095007883483735345e-01,2.914600464677141733e-01
-5.095007883483735345e-01,2.914600464677141733e-01
-4.419283490209887644e-01,2.814341613930986807e-01
-4.419283490209887644e-01,2.814341613930986807e-01
-3.193618896811851737e-01,1.323930161315933218e-01
-5.525079596403597026e-01,2.122842230874869007e-01
-5.525079596403597026e-01,2.122842230874869007e-01
-6.204248535075562732e-01,2.185794470023351421e-01
-6.204248535075562732e-01,2.185794470023351421e-01
-6.204248535075562732e-01,2.185794470023351421e-01
-5.349414742487649255e-01,-7.442505900923657158e-04
-5.349414742487649255e-01,-7.442505900923657158e-04
-5.438687380679270156e-01,1.009695188594360304e-01
-5.438687380679270156e-01,1.009695188594360304e-01
-5.438687380679270156e-01,1.009695188594360304e-01
-6.859457505854787973e-01,1.476700167420019749e-01
-6.585513368610853568e-01,1.617419672278121168e-01
-6.259118989605052530e-01,1.280687273684738559e-01
-6.259118989605052530e-01,1.280687273684738559e-01
-5.995729561754714609e-01,1.744208139906945898e-01
-5.995729561754714609e-01,1.744208139906945898e-01
-5.995729561754714609e-01,1.744208139906945898e-01
-4.849091793219278412e-01,1.278383579122066571e-01
-4.849091793219278412e-01,1.278383579122066571e-01
-4.849091793219278412e-01,1.278383579122066571e-01
-6.397195262515206204e-01,2.521733481231869245e-02
-4.866271859153766255e-01,-4.427451042593716357e-02
-5.575142780618174143e-01,7.198203947302421468e-02
-5.575142780618174143e-01,7.198203947302421468e-02
-5.575142780618174143e-01,7.198203947302421468e-02
-6.909885635849868368e-01,2.845791638511128152e-01
-6.909885635849868368e-01,2.845791638511128152e-01
-6.909885635849868368e-01,2.845791638511128152e-01
-6.909885635849868368e-01,2.845791638511128152e-01
-5.803724301278496700e-01,2.532053919927343966e-01
-5.803724301278496700e-01,2.532053919927343966e-01
-5.803724301278496700e-01,2.532053919927343966e-01
-4.614980586840544685e-01,2.047322409769165019e-01
-4.614980586840544685e-01,2.047322409769165019e-01
-5.284698482707763656e-01,1.857536805303268701e-01
-5.591156047305022581e-01,5.295869026121047263e-02
-6.650840079313091735e-01,-2.311183660266324935e-01
-6.650840079313091735e-01,-2.311183660266324935e-01
-3.806709074766685408e-01,-2.664285176858173232e-01
-3.806709074766685408e-01,-2.664285176858173232e-01
-4.037455908656208958e-01,-1.433001196991974535e-01
-4.961891973771515585e-01,8.078216725928030750e-02
-5.286483944439580585e-01,2.173046767934559143e-01
-6.547042628757411276e-01,1.140785139867393078e-01
-6.547042628757411276e-01,1.140785139867393078e-01
-4.975568394503462888e-01,1.622716132457446281e-01
-6.105399417216126334e-01,-2.136910939188157998e-01
-8.021075768197392097e-01,-1.064286273795412158e-01
-8.437943741129667607e-01,-9.412886755247318327e-04
-8.437943741129667607e-01,-9.412886755247318327e-04
-8.059543936006743348e-01,-1.170637399957988461e-01
-8.059543936006743348e-01,-1.170637399957988461e-01
-9.000697705693055939e-01,-1.258326650294556703e-01
-9.000697705693055939e-01,-1.258326650294556703e-01
-8.248073401773916569e-01,-1.833172910866996963e-01
-8.248073401773916569e-01,-1.833172910866996963e-01
-9.296051693555035245e-01,1.086019711467189341e-01
-9.463879920137604485e-01,-2.820763547286070372e-02
-9.463879920137604485e-01,-2.820763547286070372e-02
-9.239668682654820220e-01,-4.075099884964766134e-02
-8.753421826410568984e-01,2.036363567331237190e-01
-8.065403646402556914e-01,1.755634315444825067e-01
-8.065403646402556914e-01,1.755634315444825067e-01
-7.155266319690659627e-01,-2.260594165810697609e-02
-7.155266319690659627e-01,-2.260594165810697609e-02
-7.155266319690659627e-01,-2.260594165810697609e-02
-6.362374148165493848e-01,-1.386992033306210792e-01
-6.533736565129006912e-01,-8.262019622338934166e-02
-6.866760869996291206e-01,1.398087840610938437e-02
-6.866760869996291206e-01,1.398087840610938437e-02
-6.866760869996291206e-01,1.398087840610938437e-02
-6.549793659132779888e-01,1.760836219230157984e-01
-5.984486783990426995e-01,1.221080610697455049e-01
-5.984486783990426995e-01,1.221080610697455049e-01
-5.984486783990426995e-01,1.221080610697455049e-01
-6.773279384156649652e-01,2.629496454636626179e-01
-6.773279384156649652e-01,2.629496454636626179e-01
-6.773279384156649652e-01,2.629496454636626179e-01
-6.043964825764701621e-01,2.885142539196798861e-01
-6.043964825764701621e-01,2.885142539196798861e-01
-8.045845971586134127e-01,1.552409262981226945e-01
-4.370932142362848882e-01,1.775708281697398472e-01
-5.390878817927112765e-01,8.484893808439951390e-02
-5.390878817927112765e-01,8.484893808439951390e-02
-5.390878817927112765e-01,8.484893808439951390e-02
-5.390878817927112765e-01,8.484893808439951390e-02
-5.390878817927112765e-01,8.484893808439951390e-02
-5.390878817927112765e-01,8.484893808439951390e-02
-6.920377084885545038e-01,6.771355448537171029e-02
-6.920377084885545038e-01,6.771355448537171029e-02
-6.920377084885545038e-01,6.771355448537171029e-02
-6.920377084885545038e-01,6.771355448537171029e-02
-6.920377084885545038e-01,6.771355448537171029e-02
-7.316822600547480127e-01,7.995944457866992205e-03
-7.316822600547480127e-01,7.995944457866992205e-03
-7.316822600547480127e-01,7.995944457866992205e-03
-7.316822600547480127e-01,7.995944457866992205e-03
-7.316822600547480127e-01,7.995944457866992205e-03
-7.316822600547480127e-01,7.995944457866992205e-03
-7.316822600547480127e-01,7.995944457866992205e-03
-7.117692587818931216e-01,1.630651814625044826e-02
-7.117692587818931216e-01,1.630651814625044826e-02
-7.117692587818931216e-01,1.630651814625044826e-02
-8.432688295455124106e-01,-6.715534802496872513e-02
-8.432688295455124106e-01,-6.715534802496872513e-02
-6.278188981124912527e-01,-1.181940351785109866e-01
-6.278188981124912527e-01,-1.181940351785109866e-01
-6.151001915711671320e-01,1.167513374993177644e-01
-8.848357792121664955e-01,-7.276034810341544534e-02
-7.854007663157451802e-01,3.264537852178492350e-02
-7.881857687127714618e-01,4.239180775989369321e-02
-8.976437532988780221e-01,-1.657468520049151794e-02
-8.657879227762438346e-01,1.725430617781633508e-02
-8.657879227762438346e-01,1.725430617781633508e-02
-7.611539781971807805e-01,-1.608122876494278153e-01
-7.611539781971807805e-01,-1.608122876494278153e-01
-7.611539781971807805e-01,-1.608122876494278153e-01
-5.576729715382922059e-01,-1.187762942423308266e-01
-5.576729715382922059e-01,-1.187762942423308266e-01
-6.076819621079125877e-01,-1.903674441118758942e-01
-6.987851747639505229e-01,-1.569219353862258692e-01
-6.987851747639505229e-01,-1.569219353862258692e-01
-6.701896397629764079e-01,-1.388316202362663843e-01
-5.960403632974942134e-01,-2.110106134304699510e-01
-7.898662673532468315e-01,-1.200883931208301253e-01
-5.595219477753802240e-01,-1.456194545458032452e-02
-6.494774456084053682e-01,-7.933081381691980960e-02
-6.494774456084053682e-01,-7.933081381691980960e-02
-6.494774456084053682e-01,-7.933081381691980960e-02
-6.494774456084053682e-01,-7.933081381691980960e-02
-6.494774456084053682e-01,-7.933081381691980960e-02
-6.494774456084053682e-01,-7.933081381691980960e-02
-6.494774456084053682e-01,-7.933081381691980960e-02
-6.494774456084053682e-01,-7.933081381691980960e-02
-6.494774456084053682e-01,-7.933081381691980960e-02
-6.494774456084053682e-01,-7.933081381691980960e-02
-6.494774456084053682e-01,-7.933081381691980960e-02
-6.775106664573609105e-01,8.089378457331020122e-02
-7.698722951792796865e-01,1.292120298894630093e-01
-8.239378831561574579e-01,-1.968224488918632331e-02
-8.239378831561574579e-01,-1.968224488918632331e-02
-7.139382934258440283e-01,-1.013278427132842385e-01
-7.139382934258440283e-01,-1.013278427132842385e-01
-7.139382934258440283e-01,-1.013278427132842385e-01
-7.139382934258440283e-01,-1.013278427132842385e-01
-7.139382934258440283e-01,-1.013278427132842385e-01
-5.632819023966471050e-01,-9.994313412346755854e-02
-5.632819023966471050e-01,-9.994313412346755854e-02
-5.632819023966471050e-01,-9.994313412346755854e-02
-6.369475795150939534e-01,-7.497876496816396896e-02
-6.369475795150939534e-01,-7.497876496816396896e-02
-6.369475795150939534e-01,-7.497876496816396896e-02
-6.853638186094820339e-01,-1.491617176841833481e-03
-5.987764363675036616e-01,4.885258892769109990e-02
-5.987764363675036616e-01,4.885258892769109990e-02
-7.348346563933224607e-01,7.079281979980436845e-02
-7.764138431166094367e-01,-8.713707095484396481e-02
-7.141947763253456705e-01,1.125386401025971761e-01
-7.781924648476107320e-01,2.986556437720011559e-01
-7.781924648476107320e-01,2.986556437720011559e-01
-8.309223859777121746e-01,2.411531359791370122e-01
-7.656761624198999971e-01,8.153164251309102939e-02
-7.207192096793069158e-01,7.813794786297553752e-03
-7.207192096793069158e-01,7.813794786297553752e-03
-7.207192096793069158e-01,7.813794786297553752e-03
-7.329550155686572754e-01,-2.117041271744535616e-02
-7.329550155686572754e-01,-2.117041271744535616e-02
-4.349537988457150006e-01,5.727409127394297861e-02
-3.116899365090825547e-01,-7.754097320698030704e-02
-4.536863824065583417e-01,-9.874238244436966960e-02
-4.536863824065583417e-01,-9.874238244436966960e-02
-4.536863824065583417e-01,-9.874238244436966960e-02
-5.859878635451277740e-01,4.848549250840664127e-02
-7.082496148375807543e-01,-1.906280727624212745e-02
-7.082496148375807543e-01,-1.906280727624212745e-02
-7.082496148375807543e-01,-1.906280727624212745e-02
-7.082496148375807543e-01,-1.906280727624212745e-02
-6.143459176509147301e-01,-7.885316889688419317e-02
-6.670913797925200894e-01,-4.835212437326991824e-02
-6.247965587028417866e-01,1.088298130150861659e-02
-8.872961141429042131e-01,6.280062466340369243e-02
-6.367526264182763462e-01,1.236902704657523444e-01
-5.238856136026895927e-01,5.013412094045024969e-02
-5.238856136026895927e-01,5.013412094045024969e-02
-5.238856136026895927e-01,5.013412094045024969e-02
-3.639363963668386104e-01,2.318449232210353581e-02
-3.639363963668386104e-01,2.318449232210353581e-02
-3.639363963668386104e-01,2.318449232210353581e-02
-3.639363963668386104e-01,2.318449232210353581e-02
-3.639363963668386104e-01,2.318449232210353581e-02
-3.639363963668386104e-01,2.318449232210353581e-02
-3.668319759097227739e-01,-9.615879289191681112e-02
-7.577892471063963908e-01,-1.028366021921302831e-01
-6.634993483841429285e-01,-3.959872434298282451e-02
-4.829653279479885208e-01,2.722761770641927981e-02
-4.829653279479885208e-01,2.722761770641927981e-02
-4.829804445140588043e-01,5.413427023456843235e-02
-4.829804445140588043e-01,5.413427023456843235e-02
-4.829804445140588043e-01,5.413427023456843235e-02
-7.251436122959518116e-01,2.068197485078150100e-01
-7.251436122959518116e-01,2.068197485078150100e-01
-4.553962507403423454e-01,4.422812047368648858e-02
-4.553962507403423454e-01,4.422812047368648858e-02
-4.320494323835872841e-01,-7.022923982026475775e-02
-3.579883369817224992e-01,5.880349989888196405e-02
-4.076801407691137968e-01,-7.158470938397061556e-02
-4.076801407691137968e-01,-7.158470938397061556e-02
-4.076801407691137968e-01,-7.158470938397061556e-02
-4.076801407691137968e-01,-7.158470938397061556e-02
-4.076801407691137968e-01,-7.158470938397061556e-02
-3.068872823674625439e-01,1.353172759222995847e-01
-3.068872823674625439e-01,1.353172759222995847e-01
-3.094714124117447507e-01,1.647341736263577827e-01
-3.094714124117447507e-01,1.647341736263577827e-01
-3.094714124117447507e-01,1.647341736263577827e-01
-3.470453433844143953e-01,-7.323254738213286208e-02
-4.570449093655032380e-01,4.727718625083393578e-03
-4.570449093655032380e-01,4.727718625083393578e-03
-4.118519582161492276e-01,1.020818392785883821e-01
-6.901728922186014525e-01,-2.921248351096120133e-02
-6.901728922186014525e-01,-2.921248351096120133e-02
-5.140847295253301308e-01,5.663772132380479052e-02
-5.140847295253301308e-01,5.663772132380479052e-02
-5.140847295253301308e-01,5.663772132380479052e-02
-5.208071411323224043e-01,-6.901628452214839116e-02
-2.879556943759821186e-01,1.338361165259071284e-01
-4.064767308176097105e-01,2.749279369295613562e-01
-4.064767308176097105e-01,2.749279369295613562e-01
-2.333671511118589614e-01,1.644809408412516993e-01
-2.333671511118589614e-01,1.644809408412516993e-01
-5.034359825785826859e-01,1.976095150556841096e-01
-4.112709933663521444e-01,1.323054277859355699e-01
-5.565821470913072666e-01,-1.898263984611402999e-01
-4.753027720463908756e-01,-3.987123289867008924e-02
-5.071500314382680896e-01,4.066595752504639782e-02
-5.071500314382680896e-01,4.066595752504639782e-02
-5.071500314382680896e-01,4.066595752504639782e-02
-4.935654746099915613e-01,-7.253520457793419252e-02
-4.702031420723875588e-01,-1.780375788886474908e-01
-4.702031420723875588e-01,-1.780375788886474908e-01
-4.702031420723875588e-01,-1.780375788886474908e-01
-4.702031420723875588e-01,-1.780375788886474908e-01
-4.702031420723875588e-01,-1.780375788886474908e-01
-4.308458665517092556e-01,-1.192345762167264789e-01
-4.308458665517092556e-01,-1.192345762167264789e-01
-4.010563133207543096e-01,-1.542676865632489902e-01
-7.146727225038641551e-01,-2.011188705400726862e-01
-7.146727225038641551e-01,-2.011188705400726862e-01
-6.405724994744308454e-01,-8.831041316198474933e-02
-4.964341520421329257e-01,8.270802401833012019e-02
-5.236655711184704520e-01,-8.979806298974314649e-02
-6.721670637105841006e-01,8.399116276161439076e-03
-6.671537654139013673e-01,1.841299310030743430e-01
-6.671537654139013673e-01,1.841299310030743430e-01
-6.671537654139013673e-01,1.841299310030743430e-01
-6.671537654139013673e-01,1.841299310030743430e-01
-8.083994058417616202e-01,-6.061910384251192885e-02
-6.831723011272291535e-01,1.115660713616327404e-02
-7.152116458539321542e-01,3.947937605316366450e-02
-7.152116458539321542e-01,3.947937605316366450e-02
-5.627513023479875365e-01,-2.613412730339537138e-02
-6.589570143969222249e-01,2.201951730191668843e-02
-6.813046946290213235e-01,-9.696119396109180444e-02
-6.813046946290213235e-01,-9.696119396109180444e-02
-6.813046946290213235e-01,-9.696119396109180444e-02
-6.813046946290213235e-01,-9.696119396109180444e-02
-6.384905127404683078e-01,-2.575846639469362986e-01
-6.384905127404683078e-01,-2.575846639469362986e-01
-6.384905127404683078e-01,-2.575846639469362986e-01
-6.384905127404683078e-01,-2.575846639469362986e-01
-5.255802528366939619e-01,-1.486522541715886159e-01
-4.336309514665668829e-01,2.628563930763774814e-02
-3.489568422056804620e-01,-5.255166435611600961e-02
-3.489568422056804620e-01,-5.255166435611600961e-02
-3.386889936442264437e-01,-1.062572668456783637e-01
-3.446712939376190277e-01,-2.618522960870540151e-01
-4.883328857821502833e-01,-1.982642555636318638e-01
-4.883328857821502833e-01,-1.982642555636318638e-01
-4.883328857821502833e-01,-1.982642555636318638e-01
-4.883328857821502833e-01,-1.982642555636318638e-01
-4.883328857821502833e-01,-1.982642555636318638e-01
-4.883328857821502833e-01,-1.982642555636318638e-01
-5.472988190614853643e-01,-2.295457264325985736e-01
-5.472988190614853643e-01,-2.295457264325985736e-01
-5.051688090233512618e-01,-1.203761433164013822e-01
-5.051688090233512618e-01,-1.203761433164013822e-01
-5.051688090233512618e-01,-1.203761433164013822e-01
-5.561505831940962707e-01,-2.729383751350122900e-02
-5.561505831940962707e-01,-2.729383751350122900e-02
-5.561505831940962707e-01,-2.729383751350122900e-02
-6.424035576560600536e-01,1.964166722009471483e-02
-6.424035576560600536e-01,1.964166722009471483e-02
-6.424035576560600536e-01,1.964166722009471483e-02
-6.424035576560600536e-01,1.964166722009471483e-02
-6.424035576560600536e-01,1.964166722009471483e-02
-6.424035576560600536e-01,1.964166722009471483e-02
-6.424035576560600536e-01,1.964166722009471483e-02
-6.424035576560600536e-01,1.964166722009471483e-02
-6.424035576560600536e-01,1.964166722009471483e-02
-6.424035576560600536e-01,1.964166722009471483e-02
-6.424035576560600536e-01,1.964166722009471483e-02
-6.424035576560600536e-01,1.964166722009471483e-02
-6.424035576560600536e-01,1.964166722009471483e-02
-7.197822570872179915e-01,-1.435556709021720140e-02
-5.964578329263329204e-01,6.827533394304383108e-02
-4.299727794777543632e-01,5.876873659195701316e-02
-6.946444238961333451e-01,7.620765464835183023e-02
-8.856491976277053313e-01,6.480370149096548182e-02
-8.842706646638636148e-01,8.130203942438907205e-03
-8.842706646638636148e-01,8.130203942438907205e-03
-7.441357920694217087e-01,-1.791509347323416018e-02
-7.441357920694217087e-01,-1.791509347323416018e-02
-7.441357920694217087e-01,-1.791509347323416018e-02
-7.441357920694217087e-01,-1.791509347323416018e-02
-7.567222727271541993e-01,-7.234748813939342882e-02
-7.567222727271541993e-01,-7.234748813939342882e-02
-7.567222727271541993e-01,-7.234748813939342882e-02
-7.567222727271541993e-01,-7.234748813939342882e-02
-7.567222727271541993e-01,-7.234748813939342882e-02
-6.784286088863873410e-01,-5.154337910877291457e-02
-6.784286088863873410e-01,-5.154337910877291457e-02
-6.784286088863873410e-01,-5.154337910877291457e-02
-6.910970574856198922e-01,-2.487150997315520085e-01
-6.910970574856198922e-01,-2.487150997315520085e-01
-5.438808534013053197e-01,-3.010011871441411468e-01
-5.438808534013053197e-01,-3.010011871441411468e-01
-5.916497382824142948e-01,-2.290272341948892398e-01
-5.916497382824142948e-01,-2.290272341948892398e-01
-5.916497382824142948e-01,-2.290272341948892398e-01
-5.916497382824142948e-01,-2.290272341948892398e-01
-5.916497382824142948e-01,-2.290272341948892398e-01
-5.916497382824142948e-01,-2.290272341948892398e-01
-5.916497382824142948e-01,-2.290272341948892398e-01
-7.985830137200575773e-01,-9.179487563757685042e-02
-7.813054987293526210e-01,-1.277882530182362364e-01
-7.813054987293526210e-01,-1.277882530182362364e-01
-6.732523906439379369e-01,-1.211108221851404237e-01
-6.762889455563101393e-01,8.947435183720496565e-02
-6.762889455563101393e-01,8.947435183720496565e-02
-6.762889455563101393e-01,8.947435183720496565e-02
-6.762889455563101393e-01,8.947435183720496565e-02
-6.762889455563101393e-01,8.947435183720496565e-02
-6.762889455563101393e-01,8.947435183720496565e-02
-6.054934984937656584e-01,-1.388048353471803553e-01
-6.054934984937656584e-01,-1.388048353471803553e-01
-6.293467825290505191e-01,-1.515581863501695437e-01
-6.293467825290505191e-01,-1.515581863501695437e-01
-5.692907456540590161e-01,-2.177287418077689107e-02
-5.692907456540590161e-01,-2.177287418077689107e-02
-5.692907456540590161e-01,-2.177287418077689107e-02
-6.634224509761869060e-01,-1.040128520384706878e-01
-7.341319492504007060e-01,-3.156885337519933776e-02
-7.341319492504007060e-01,-3.156885337519933776e-02
-7.341319492504007060e-01,-3.156885337519933776e-02
-6.928746294962822017e-01,-5.951922026815611999e-02
-6.928746294962822017e-01,-5.951922026815611999e-02
-6.705307996543315996e-01,-2.648111126180289765e-01
-8.330231027721204384e-01,2.362312593842573194e-01
-8.330231027721204384e-01,2.362312593842573194e-01
-8.141566335609492500e-01,1.597390716281796297e-01
-7.849131785871651390e-01,4.868694646392168757e-03
-6.921449188167951849e-01,2.882766273171243759e-02
-6.921449188167951849e-01,2.882766273171243759e-02
-6.921449188167951849e-01,2.882766273171243759e-02
-6.921449188167951849e-01,2.882766273171243759e-02
-7.208674513940767081e-01,6.606056222296957658e-02
-7.208674513940767081e-01,6.606056222296957658e-02
-7.208674513940767081e-01,6.606056222296957658e-02
-6.965922697275231945e-01,7.904571934118011234e-02
-5.502222245679415646e-01,1.950222974148246025e-01
-5.502222245679415646e-01,1.950222974148246025e-01
-5.502222245679415646e-01,1.950222974148246025e-01
-5.502222245679415646e-01,1.950222974148246025e-01
-5.502222245679415646e-01,1.950222974148246025e-01
-3.174833837723987084e-01,8.287250897375296466e-02
-5.383126790261052452e-01,-8.121967533611872125e-02
-5.383126790261052452e-01,-8.121967533611872125e-02
-5.383126790261052452e-01,-8.121967533611872125e-02
-5.383126790261052452e-01,-8.121967533611872125e-02
-5.383126790261052452e-01,-8.121967533611872125e-02
-5.854042281238008849e-01,-1.041375940794588978e-01
-7.055415091753441947e-01,-2.482743196969769972e-01
-7.055415091753441947e-01,-2.482743196969769972e-01
-6.406431175039865034e-01,-4.106561721968742251e-01
-6.406431175039865034e-01,-4.106561721968742251e-01
-6.406431175039865034e-01,-4.106561721968742251e-01
-6.142687500843191373e-01,-4.011602222480449842e-01
-6.804421681015772050e-01,-2.436638247875418939e-01
-6.804421681015772050e-01,-2.436638247875418939e-01
-6.804421681015772050e-01,-2.436638247875418939e-01
-6.804421681015772050e-01,-2.436638247875418939e-01
-6.804421681015772050e-01,-2.436638247875418939e-01
-8.403494853247419627e-01,-3.101811003171695558e-01
-6.644075128830337906e-01,2.222804549539336150e-01
-6.644075128830337906e-01,2.222804549539336150e-01
-6.276746116413919330e-01,2.360618948551793383e-01
-4.225647830008273376e-01,8.866964057197973537e-02
-2.853443670830803081e-01,-9.096842287946022010e-04
-3.641212506954667472e-01,2.156317621687814379e-02
-3.722460281231460555e-01,5.680881509703988863e-02
-3.275244094154960983e-01,-1.031724917055423796e-02
-3.219162323116726565e-01,1.544440152641386038e-02
-3.219162323116726565e-01,1.544440152641386038e-02
-2.175406381291946911e-01,8.932112619334370285e-02
-3.165902589019788937e-01,-1.015910454998097956e-01
-5.715207765117171768e-01,1.081927783656319031e-01
-5.715207765117171768e-01,1.081927783656319031e-01
-5.715207765117171768e-01,1.081927783656319031e-01
-5.715207765117171768e-01,1.081927783656319031e-01
-4.750206022614845702e-01,1.102608792802947796e-01
-4.750206022614845702e-01,1.102608792802947796e-01
-4.750206022614845702e-01,1.102608792802947796e-01
-4.750206022614845702e-01,1.102608792802947796e-01
-4.750206022614845702e-01,1.102608792802947796e-01
-4.750206022614845702e-01,1.102608792802947796e-01
-4.750206022614845702e-01,1.102608792802947796e-01
-4.179576857356665509e-01,6.010666220835646223e-02
-4.704111166964581869e-01,-2.147995433255689424e-02
-4.704111166964581869e-01,-2.147995433255689424e-02
-4.704111166964581869e-01,-2.147995433255689424e-02
-5.804589918796770887e-01,-1.198244645842405122e-02
-4.191601168536989164e-01,3.742452955459991265e-02
-4.191601168536989164e-01,3.742452955459991265e-02
-4.191601168536989164e-01,3.742452955459991265e-02
-5.530067806182866752e-01,-7.397909677267827666e-02
-5.530067806182866752e-01,-7.397909677267827666e-02
-5.530067806182866752e-01,-7.397909677267827666e-02
-5.530067806182866752e-01,-7.397909677267827666e-02
-6.431941634286020282e-01,-1.851069222381210022e-01
-6.431941634286020282e-01,-1.851069222381210022e-01
-6.431941634286020282e-01,-1.851069222381210022e-01
-6.431941634286020282e-01,-1.851069222381210022e-01
-6.610476192844804144e-01,-1.672405592718178569e-01
-6.610476192844804144e-01,-1.672405592718178569e-01
-4.995588391704750553e-01,2.324920702488326163e-01
-5.182788546967911358e-01,-2.924702526703348848e-02
-5.182788546967911358e-01,-2.924702526703348848e-02
-5.182788546967911358e-01,-2.924702526703348848e-02
-2.735639790190562692e-01,1.115570089807323140e-02
-2.735639790190562692e-01,1.115570089807323140e-02
-4.897449126613505621e-01,8.399418895538866836e-02
-4.897449126613505621e-01,8.399418895538866836e-02
-4.897449126613505621e-01,8.399418895538866836e-02
-6.262092452634836492e-01,-1.111692116769843613e-01
-6.487410297385984848e-01,-8.231428071237785471e-02
-5.605607703284625210e-01,-6.243242035662431577e-02
-5.605657254779706777e-01,1.054907123045054074e-03
-5.605657254779706777e-01,1.054907123045054074e-03
-4.796670166070829966e-01,1.435373950443987190e-01
-4.796670166070829966e-01,1.435373950443987190e-01
-4.796670166070829966e-01,1.435373950443987190e-01
-4.796670166070829966e-01,1.435373950443987190e-01
-4.796670166070829966e-01,1.435373950443987190e-01
-3.380223094397938888e-01,1.160385062281259205e-01
-3.739291174138354990e-01,-8.732134815698003316e-02
-3.739291174138354990e-01,-8.732134815698003316e-02
-3.739291174138354990e-01,-8.732134815698003316e-02
-3.739291174138354990e-01,-8.732134815698003316e-02
-3.739291174138354990e-01,-8.732134815698003316e-02
-3.739291174138354990e-01,-8.732134815698003316e-02
-3.739291174138354990e-01,-8.732134815698003316e-02
-3.739291174138354990e-01,-8.732134815698003316e-02
-3.739291174138354990e-01,-8.732134815698003316e-02
-3.739291174138354990e-01,-8.732134815698003316e-02
-5.619539845726997385e-01,-8.566171945590388137e-02
-4.900966250336890040e-01,7.286146047287651861e-02
-5.664739861842442714e-01,-1.307010210387709592e-01
-5.664739861842442714e-01,-1.307010210387709592e-01
-5.664739861842442714e-01,-1.307010210387709592e-01
-5.664739861842442714e-01,-1.307010210387709592e-01
-7.089819795128035063e-01,2.030702123684513527e-02
-7.100095683203337948e-01,-1.029314650448975438e-01
-6.920512175374835540e-01,-8.814784226005120682e-02
-7.194711870537001674e-01,-6.596175190580214065e-02
-6.262721699421479604e-01,-5.668252709482145268e-03
-6.490548354571452627e-01,5.917878945369393212e-02
-6.531577624304454321e-01,6.662233220251577437e-03
-5.402887171632564378e-01,-1.023345707788774206e-01
-7.715670792742674866e-01,1.251165887578783442e-01
-7.715670792742674866e-01,1.251165887578783442e-01
-6.697677437529079292e-01,1.772308210938581263e-01
-6.697677437529079292e-01,1.772308210938581263e-01
-6.697677437529079292e-01,1.772308210938581263e-01
-6.697677437529079292e-01,1.772308210938581263e-01
-6.961141837251056952e-01,1.071063325410596262e-01
-6.961141837251056952e-01,1.071063325410596262e-01
-6.961141837251056952e-01,1.071063325410596262e-01
-6.961141837251056952e-01,1.071063325410596262e-01
-6.961141837251056952e-01,1.071063325410596262e-01
-6.298800651283368301e-01,1.677579437219565983e-01
-5.971856177515005859e-01,-5.878515805878170575e-03
-5.971856177515005859e-01,-5.878515805878170575e-03
-6.157515284118102450e-01,1.500297158883968918e-01
-6.157515284118102450e-01,1.500297158883968918e-01
-6.157515284118102450e-01,1.500297158883968918e-01
-5.389649938312044419e-01,1.797355247050441140e-01
-4.876782148605706690e-01,1.529734087632100281e-01
-5.829301773410866527e-01,1.073161271215137269e-01
-6.975363131849510179e-01,2.114554667483550809e-02
-8.149031182671639950e-01,-9.569950782373615183e-02
-7.211890441916222194e-01,3.816611457994023571e-02
-7.211890441916222194e-01,3.816611457994023571e-02
-7.047847633973055581e-01,8.438291433688800691e-02
-6.731647983475439467e-01,1.660000829089081642e-01
-6.731647983475439467e-01,1.660000829089081642e-01
-4.640558090484219189e-01,1.496235493878256273e-03
-4.210726589568051792e-01,1.574419852475719972e-01
-2.891177186610549010e-01,6.862845929883426566e-03
-4.553944199222066391e-01,-1.973268264862308372e-02
-6.759981137543182861e-01,2.474946911539569958e-02
-6.759981137543182861e-01,2.474946911539569958e-02
-6.759981137543182861e-01,2.474946911539569958e-02
-6.759981137543182861e-01,2.474946911539569958e-02
-6.759981137543182861e-01,2.474946911539569958e-02
-6.759981137543182861e-01,2.474946911539569958e-02
-8.285946484727385597e-01,-9.355156437072475323e-03
-8.285946484727385597e-01,-9.355156437072475323e-03
-9.441870138619828934e-01,8.348636387591053254e-02
-9.441870138619828934e-01,8.348636387591053254e-02
-9.441870138619828934e-01,8.348636387591053254e-02
-1.052013312214790330e+00,-8.210424156996297407e-02
-7.366451618845837324e-01,7.250740811687571286e-02
-7.366451618845837324e-01,7.250740811687571286e-02
-4.057559240195465766e-01,3.977418046248376582e-03
-4.057559240195465766e-01,3.977418046248376582e-03
-4.057559240195465766e-01,3.977418046248376582e-03
-4.319561777203747011e-01,1.373663361427480967e-01
-5.148550428833446047e-01,2.566170061174331829e-02
-5.148550428833446047e-01,2.566170061174331829e-02
-6.317056924230777248e-01,-1.178081174537903980e-01
-6.317056924230777248e-01,-1.178081174537903980e-01
-6.317056924230777248e-01,-1.178081174537903980e-01
-6.317056924230777248e-01,-1.178081174537903980e-01
-7.332335554820588186e-01,-1.055187161088727010e-01
-8.805886533563078711e-01,-7.107840956038256885e-02
-8.805886533563078711e-01,-7.107840956038256885e-02
-8.805886533563078711e-01,-7.107840956038256885e-02
-7.918810063426799939e-01,-1.065366405362121183e-01
-6.547580366837941757e-01,-7.572119204500522838e-02
-6.547580366837941757e-01,-7.572119204500522838e-02
-6.547580366837941757e-01,-7.572119204500522838e-02
-6.547580366837941757e-01,-7.572119204500522838e-02
-5.966671748672556230e-01,3.717518618006947217e-02
-4.942080032913614973e-01,2.708405179596902815e-02
-4.942080032913614973e-01,2.708405179596902815e-02
-5.762196276822009189e-01,-1.698531029613626342e-01
-4.864692674093674674e-01,-7.903537777932839736e-02
-4.864692674093674674e-01,-7.903537777932839736e-02
-3.831306992388198163e-01,-2.245252939739670051e-01
-3.831306992388198163e-01,-2.245252939739670051e-01
-3.474983500578762152e-01,7.683550393467805661e-02
-3.474983500578762152e-01,7.683550393467805661e-02
-3.474983500578762152e-01,7.683550393467805661e-02
-3.193445094695651076e-01,-4.654321066471962809e-02
-2.916908736768200616e-01,4.864286694315538007e-03
-2.229433687628610272e-01,-2.917290076494877954e-02
-2.229433687628610272e-01,-2.917290076494877954e-02
-2.705466814122371999e-01,1.102615779486421366e-01
-5.184460447051937315e-01,-5.812850067970187773e-02
-5.184460447051937315e-01,-5.812850067970187773e-02
-7.611192105613965309e-01,1.884734297512302426e-01
-7.699418639301991441e-01,2.457849976995484242e-01
-8.263443715502019060e-01,1.357831055364331629e-01
-7.146620678495870793e-01,1.646274143137219093e-01
-7.146620678495870793e-01,1.646274143137219093e-01
-6.553526880083948569e-01,3.128105349272652935e-01
-8.069561892291942096e-01,6.607689514771042383e-02
-7.755967279215606469e-01,6.846420067176092750e-02
-7.755967279215606469e-01,6.846420067176092750e-02
-5.291590018315125432e-01,5.557309211958890577e-02
-3.794623501820887368e-01,-1.214058670037372056e-01
-3.794623501820887368e-01,-1.214058670037372056e-01
-3.999057418965463184e-01,4.858552391505216450e-02
-3.999057418965463184e-01,4.858552391505216450e-02
-3.999057418965463184e-01,4.858552391505216450e-02
-4.428159790270708163e-01,2.207289745160765163e-02
-4.428159790270708163e-01,2.207289745160765163e-02
-4.367583257369995198e-01,-4.765000787968147467e-02
-2.351235847569988213e-01,-2.970840487612799730e-01
-2.351235847569988213e-01,-2.970840487612799730e-01
-2.351235847569988213e-01,-2.970840487612799730e-01
-2.351235847569988213e-01,-2.970840487612799730e-01
-2.351235847569988213e-01,-2.970840487612799730e-01
-1.399486181109176330e-01,-1.857119460131582411e-01
-5.199109153939536210e-01,-1.315054291082928262e-01
-4.160782794143516039e-01,-1.996044606732713667e-01
-3.943866188156505137e-01,-6.967653760178690869e-02
-3.943866188156505137e-01,-6.967653760178690869e-02
-4.964975802754023615e-01,-6.382894587499320094e-02
-4.964975802754023615e-01,-6.382894587499320094e-02
-4.964975802754023615e-01,-6.382894587499320094e-02
-3.219276483694479829e-01,-1.399969868471968026e-01
-4.373773438498849142e-01,-2.902385271971890668e-01
-4.373773438498849142e-01,-2.902385271971890668e-01
-5.715922834649276307e-01,-3.440197006473009744e-01
-7.282964525578367043e-01,-2.993089775387212659e-01
-6.113781834290665795e-01,-2.111563921262831212e-01
-7.003991661759322307e-01,-1.187637439950258167e-01
-5.416911902024712511e-01,-1.709294306625165072e-01
-6.272683051058867143e-01,-9.733215874872970519e-02
-6.272683051058867143e-01,-9.733215874872970519e-02
-6.272683051058867143e-01,-9.733215874872970519e-02
-6.272683051058867143e-01,-9.733215874872970519e-02
-6.843050209082174318e-01,8.336958609064425152e-02
-6.302546859941886570e-01,2.016542633321857791e-01
-6.302546859941886570e-01,2.016542633321857791e-01
-6.302546859941886570e-01,2.016542633321857791e-01
-6.302546859941886570e-01,2.016542633321857791e-01
-5.856549320073297649e-01,1.817523144004293267e-02
-5.856549320073297649e-01,1.817523144004293267e-02
-5.856549320073297649e-01,1.817523144004293267e-02
-5.856549320073297649e-01,1.817523144004293267e-02
-5.856549320073297649e-01,1.817523144004293267e-02
-5.856549320073297649e-01,1.817523144004293267e-02
-5.856549320073297649e-01,1.817523144004293267e-02
-5.856549320073297649e-01,1.817523144004293267e-02
-5.856549320073297649e-01,1.817523144004293267e-02
-6.732356476329911521e-01,1.066125774462558795e-01
-4.601961603367671350e-01,3.483952194776568367e-03
-7.731408057562061398e-01,-5.219555733797828778e-02
-6.792833350003805171e-01,1.148453886214715891e-01
-6.792833350003805171e-01,1.148453886214715891e-01
-7.872719695416574570e-01,3.771542960681198431e-02
-7.872719695416574570e-01,3.771542960681198431e-02
-8.340370897130111594e-01,-5.778667742680308750e-02
-7.174940224060035732e-01,-2.060547725483999337e-02
-7.174940224060035732e-01,-2.060547725483999337e-02
-5.747954357137494696e-01,4.723013522401731112e-03
-6.916462100086193665e-01,-8.124619813278111113e-02
-6.916462100086193665e-01,-8.124619813278111113e-02
-6.916462100086193665e-01,-8.124619813278111113e-02
-6.916462100086193665e-01,-8.124619813278111113e-02
-4.815072612071772395e-01,-1.660205374171248027e-01
-4.815072612071772395e-01,-1.660205374171248027e-01
-2.777298637302848539e-01,-1.678941028292681159e-01
-4.009426828565886836e-01,-2.185475669287178513e-01
-7.610970613417149533e-01,1.195982560878487422e-01
-8.552566736824216420e-01,1.133158453874976851e-01
-8.552566736824216420e-01,1.133158453874976851e-01
-9.466469589986971078e-01,4.820580728878587351e-03
-9.466469589986971078e-01,4.820580728878587351e-03
-9.133411192557099323e-01,1.853711378452689573e-02
-9.133411192557099323e-01,1.853711378452689573e-02
-8.023979581953645246e-01,1.185185267655140470e-02
-8.817187210176227197e-01,8.267117888752702204e-02
-8.817187210176227197e-01,8.267117888752702204e-02
-8.817187210176227197e-01,8.267117888752702204e-02
-8.454281082668519964e-01,1.243826323345494922e-01
-9.006335508816852853e-01,3.409500506696522271e-02
-9.006335508816852853e-01,3.409500506696522271e-02
-9.006335508816852853e-01,3.409500506696522271e-02
-6.230818126068436991e-01,5.295556848679495998e-02
-6.230818126068436991e-01,5.295556848679495998e-02
-6.230818126068436991e-01,5.295556848679495998e-02
-6.179345846272263909e-01,4.086865924208792078e-02
-6.179345846272263909e-01,4.086865924208792078e-02
-5.334550569954052968e-01,-1.549374774217024964e-01
-5.334550569954052968e-01,-1.549374774217024964e-01
-5.334550569954052968e-01,-1.549374774217024964e-01
-5.850059925585781029e-01,-1.723925111221529527e-01
-4.593342056757835357e-01,1.760577698717177841e-02
-4.593342056757835357e-01,1.760577698717177841e-02
-4.204384239688679359e-01,-1.835810018751912048e-02
-4.991859747686045456e-01,3.415867034348211290e-03
-4.991859747686045456e-01,3.415867034348211290e-03
-4.991859747686045456e-01,3.415867034348211290e-03
-5.047425645961032270e-01,1.407986132416480796e-01
-5.026967579575276623e-01,1.454952001245964077e-01
-5.026967579575276623e-01,1.454952001245964077e-01
-5.964332185652468921e-01,1.810532498078117891e-01
-5.964332185652468921e-01,1.810532498078117891e-01
-5.546998884789845485e-01,-7.655196050081425341e-02
-4.982516831663613699e-01,1.404793693207753436e-01
-4.982516831663613699e-01,1.404793693207753436e-01
-4.982516831663613699e-01,1.404793693207753436e-01
-6.455556109498883366e-01,-1.691582211789118551e-01
-6.586709557306628104e-01,-1.031500247359190547e-01
-6.586709557306628104e-01,-1.031500247359190547e-01
-4.705162805430595507e-01,-3.560843737300856127e-02
-5.918924030648125001e-01,1.814670225496340106e-01
-4.258843880155045447e-01,4.429075379842989379e-02
-4.913526530097128697e-01,1.263629905362898265e-01
-4.913526530097128697e-01,1.263629905362898265e-01
-4.913526530097128697e-01,1.263629905362898265e-01
-3.881369801078368709e-01,1.191731713535953835e-01
-4.446748207189955560e-01,1.517146150060572629e-01
-4.446748207189955560e-01,1.517146150060572629e-01
-6.669065298339003078e-01,-1.531186449081304302e-01
-7.333847238346858921e-01,-1.118791326924345464e-01
-5.960378502553346225e-01,-1.079416592649443396e-01
-5.030564645890617248e-01,1.093199579354324213e-01
-5.030564645890617248e-01,1.093199579354324213e-01
-5.030564645890617248e-01,1.093199579354324213e-01
-5.030564645890617248e-01,1.093199579354324213e-01
-3.927647517831482915e-01,-1.550957139364801396e-01
-5.945758035461602420e-01,-1.477422748004628417e-01
-6.484915596578707531e-01,-1.314544963803136457e-01
-6.484915596578707531e-01,-1.314544963803136457e-01
-6.484915596578707531e-01,-1.314544963803136457e-01
-6.484915596578707531e-01,-1.314544963803136457e-01
-6.615360381434477466e-01,2.529481826194843186e-02
-6.615360381434477466e-01,2.529481826194843186e-02
-6.485049542651333265e-01,2.260099286062284066e-02
-5.502941312144281616e-01,-2.012904821523136545e-01
-5.502941312144281616e-01,-2.012904821523136545e-01
-6.109640315710666014e-01,-1.206131538839583239e-02
-6.109640315710666014e-01,-1.206131538839583239e-02
-7.096874846436208584e-01,-1.331859219735692101e-01
-7.096874846436208584e-01,-1.331859219735692101e-01
-6.419934358561866228e-01,-3.930717471460695722e-02
-5.659260422699307069e-01,3.529567289435528443e-03
-5.659260422699307069e-01,3.529567289435528443e-03
-5.659260422699307069e-01,3.529567289435528443e-03
-5.902743854672124479e-01,-8.701150876373341114e-02
-5.902743854672124479e-01,-8.701150876373341114e-02
-5.902743854672124479e-01,-8.701150876373341114e-02
-5.902743854672124479e-01,-8.701150876373341114e-02
-5.902743854672124479e-01,-8.701150876373341114e-02
-4.198502825580571751e-01,-1.162837998782971782e-01
-4.890943977608686599e-01,4.142731867547402858e-02
-5.588808861631535674e-01,-7.604788712231748404e-02
-6.572903379482148978e-01,-1.057086268195692319e-01
-6.572903379482148978e-01,-1.057086268195692319e-01
-6.516540168878539596e-01,-3.163435813942207242e-02
-6.516540168878539596e-01,-3.163435813942207242e-02
-7.160674894244909439e-01,1.567524538671237200e-01
-6.193211004122183283e-01,1.624060046381395617e-01
-6.193211004122183283e-01,1.624060046381395617e-01
-6.193211004122183283e-01,1.624060046381395617e-01
-6.141592555114006036e-01,-1.470785037369433390e-01
-4.538896383375119470e-01,9.958984306403653730e-02
-4.538896383375119470e-01,9.958984306403653730e-02
-5.721338326604736846e-01,-7.864342721661352065e-02
-5.721338326604736846e-01,-7.864342721661352065e-02
-4.576278776052588593e-01,2.297778185078504232e-02
-6.214209340882611565e-01,-4.493792676634186800e-02
-5.813027440384509470e-01,2.840467137562033284e-02
-5.813027440384509470e-01,2.840467137562033284e-02
-5.813027440384509470e-01,2.840467137562033284e-02
-6.336550424518756497e-01,1.972309252064416707e-01
-5.580387905644800250e-01,2.008806432260414609e-01
-2.482074984548416352e-01,2.475703498820978343e-01
-4.253078517494000010e-01,3.005373594852207009e-01
-2.618413180641954163e-01,7.901690319956938824e-02
-2.618413180641954163e-01,7.901690319956938824e-02
-2.392137895247007373e-01,3.901096461566133100e-01
-1.839947598991131805e-02,1.765612061787545650e-01
-1.839947598991131805e-02,1.765612061787545650e-01
-1.839947598991131805e-02,1.765612061787545650e-01
-1.839947598991131805e-02,1.765612061787545650e-01
-1.839947598991131805e-02,1.765612061787545650e-01
-1.839947598991131805e-02,1.765612061787545650e-01
-1.728113756046741056e-01,-1.854927351892945997e-02
-1.514417844512691569e-01,-2.150712879036879854e-01
-4.233868327454676783e-01,-2.043844549637074959e-01
-4.233868327454676783e-01,-2.043844549637074959e-01
-4.398975950262930534e-01,-7.710206906734720644e-02
-5.657193179995134713e-01,-1.698361666282223459e-01
-6.114725348996474796e-01,-1.731907059561069440e-01
-6.114725348996474796e-01,-1.731907059561069440e-01
-6.114725348996474796e-01,-1.731907059561069440e-01
-4.982245577521250968e-01,-7.064470448338304454e-02
-5.169711993678611783e-01,4.540475631453629035e-02
-6.152642271071974145e-01,1.040704349511180071e-01
-6.152642271071974145e-01,1.040704349511180071e-01
-6.152642271071974145e-01,1.040704349511180071e-01
-6.152642271071974145e-01,1.040704349511180071e-01
-4.854686039412523524e-01,2.811413407482910021e-02
-4.769455693139306729e-01,8.191579022680525735e-02
-4.769455693139306729e-01,8.191579022680525735e-02
-4.769455693139306729e-01,8.191579022680525735e-02
-4.060311718671184011e-01,1.226830719989194518e-01
-4.060311718671184011e-01,1.226830719989194518e-01
-5.925074325293351318e-01,3.101010729585625403e-01
-5.925074325293351318e-01,3.101010729585625403e-01
-7.250815240666287353e-01,2.314454347048082727e-01
-7.850594891780119378e-01,1.854241383876793492e-01
-7.850594891780119378e-01,1.854241383876793492e-01
-7.941714440614104920e-01,1.717406800365591235e-01
-7.927418230662170995e-01,1.579017280077138485e-01
-7.177258007481290836e-01,-1.037165118196717306e-02
-7.177258007481290836e-01,-1.037165118196717306e-02
-6.522417013614691950e-01,6.775468433200688978e-02
-6.522417013614691950e-01,6.775468433200688978e-02
-6.522417013614691950e-01,6.775468433200688978e-02
-5.912738955546441577e-01,-1.525131712548833951e-01
-5.347962806370687439e-01,-1.335914220234763750e-01
-3.166054856613411683e-01,1.943172491932970702e-02
-3.166054856613411683e-01,1.943172491932970702e-02
-3.166054856613411683e-01,1.943172491932970702e-02
-3.166054856613411683e-01,1.943172491932970702e-02
-3.166054856613411683e-01,1.943172491932970702e-02
-3.166054856613411683e-01,1.943172491932970702e-02
-4.486786192716792909e-01,-1.142234087828419564e-01
-2.699677094630322793e-01,-7.090204503782079892e-02
-3.792391448700832557e-01,1.953010098377373771e-02
-3.792391448700832557e-01,1.953010098377373771e-02
-6.226468840791988812e-01,-4.991549128182334177e-03
-6.226468840791988812e-01,-4.991549128182334177e-03
-6.226468840791988812e-01,-4.991549128182334177e-03
-6.226468840791988812e-01,-4.991549128182334177e-03
-5.310683287326799507e-01,-3.878215247479760430e-02
-6.147717776194943085e-01,5.238700411709525107e-02
-6.446012665082467841e-01,9.080241144843256840e-02
-6.446012665082467841e-01,9.080241144843256840e-02
-6.446012665082467841e-01,9.080241144843256840e-02
-6.446012665082467841e-01,9.080241144843256840e-02
-6.446012665082467841e-01,9.080241144843256840e-02
-6.745483436005127453e-01,-5.278162011702558498e-02
-6.401263790968527712e-01,7.780751605967878293e-02
-6.401263790968527712e-01,7.780751605967878293e-02
-6.401263790968527712e-01,7.780751605967878293e-02
-6.401263790968527712e-01,7.780751605967878293e-02
-5.991080092081962905e-01,1.086843861849507153e-01
-5.991080092081962905e-01,1.086843861849507153e-01
-4.991022152634974063e-01,9.642369179661419709e-02
-2.721718161505699007e-01,5.878523110245761213e-02
-3.348512944749435505e-01,1.636684919056397708e-02
-3.348512944749435505e-01,1.636684919056397708e-02
-3.348512944749435505e-01,1.636684919056397708e-02
-3.840050906205311199e-01,1.108594639632346779e-01
-3.840050906205311199e-01,1.108594639632346779e-01
-2.279906477549563937e-01,4.865303283863614547e-03
-2.279906477549563937e-01,4.865303283863614547e-03
-3.698282800165829665e-01,-1.344942143918267108e-01
-3.698282800165829665e-01,-1.344942143918267108e-01
-4.325246900000527250e-01,-3.864776969429803977e-01
-4.325246900000527250e-01,-3.864776969429803977e-01
-4.325246900000527250e-01,-3.864776969429803977e-01
-4.325246900000527250e-01,-3.864776969429803977e-01
-4.325246900000527250e-01,-3.864776969429803977e-01
-4.325246900000527250e-01,-3.864776969429803977e-01
-5.797999806996523287e-01,-1.840850143708276654e-01
-5.048461407609464713e-01,-2.591725194752753092e-02
-4.887483515418318269e-01,1.001160851773445770e-01
-4.887483515418318269e-01,1.001160851773445770e-01
-3.877275279691880794e-01,1.015217934892677504e-01
-4.887081379740887965e-01,1.062905292472046681e-01
-4.887081379740887965e-01,1.062905292472046681e-01
-6.957062628178090069e-01,1.967530655240020965e-01
-6.957062628178090069e-01,1.967530655240020965e-01
-6.957062628178090069e-01,1.967530655240020965e-01
-6.957062628178090069e-01,1.967530655240020965e-01
-6.957062628178090069e-01,1.967530655240020965e-01
-5.883482900435610397e-01,-1.214890626055933620e-01
-5.883482900435610397e-01,-1.214890626055933620e-01
-6.908619001929109382e-01,-2.043422559793156568e-01
-6.908619001929109382e-01,-2.043422559793156568e-01
-6.908619001929109382e-01,-2.043422559793156568e-01
-6.908619001929109382e-01,-2.043422559793156568e-01
-6.908619001929109382e-01,-2.043422559793156568e-01
-6.908619001929109382e-01,-2.043422559793156568e-01
-6.908619001929109382e-01,-2.043422559793156568e-01
-5.102507434665550790e-01,-2.409629770249557823e-01
-5.102507434665550790e-01,-2.409629770249557823e-01
-5.102507434665550790e-01,-2.409629770249557823e-01
-5.102507434665550790e-01,-2.409629770249557823e-01
-5.102507434665550790e-01,-2.409629770249557823e-01
-5.176197304796793519e-01,-3.673779799619727449e-01
-5.176197304796793519e-01,-3.673779799619727449e-01
-5.176197304796793519e-01,-3.673779799619727449e-01
-5.176197304796793519e-01,-3.673779799619727449e-01
-5.176197304796793519e-01,-3.673779799619727449e-01
-6.502414070052524586e-01,-3.913082247293624416e-01
-5.472676715000114323e-01,-3.665031854989141413e-01
-5.472676715000114323e-01,-3.665031854989141413e-01
-5.472676715000114323e-01,-3.665031854989141413e-01
-5.472676715000114323e-01,-3.665031854989141413e-01
-5.907676644865439419e-01,-3.074908502042511538e-01
-5.907676644865439419e-01,-3.074908502042511538e-01
-4.373185650464763707e-01,-2.818583580955609791e-01
-4.373185650464763707e-01,-2.818583580955609791e-01
-3.971908004961967054e-01,-1.822790771959683920e-01
-3.971908004961967054e-01,-1.822790771959683920e-01
-3.971908004961967054e-01,-1.822790771959683920e-01
-5.881266885549668588e-01,-6.220163258276921459e-02
-5.881266885549668588e-01,-6.220163258276921459e-02
-5.881266885549668588e-01,-6.220163258276921459e-02
-5.809457120920852313e-01,-1.280870358289004640e-01
-4.795034777931376224e-01,6.492670438991174353e-02
-4.795034777931376224e-01,6.492670438991174353e-02
-3.629356713865842798e-01,3.534333841462394821e-01
-3.240652447899884381e-01,3.163211505756259867e-01
-3.812589025650908181e-01,3.618041616742226907e-01
-3.812589025650908181e-01,3.618041616742226907e-01
-3.575352086612711422e-01,3.780904928224710915e-01
-3.575352086612711422e-01,3.780904928224710915e-01
-3.575352086612711422e-01,3.780904928224710915e-01
-3.313115972448578694e-01,1.292527303798747529e-01
-2.814170303505683646e-01,4.471093492505907874e-02
-2.814170303505683646e-01,4.471093492505907874e-02
-2.248000879538700203e-01,2.390635060549536201e-02
-2.248000879538700203e-01,2.390635060549536201e-02
-2.248000879538700203e-01,2.390635060549536201e-02
-2.248000879538700203e-01,2.390635060549536201e-02
-2.248000879538700203e-01,2.390635060549536201e-02
-2.248000879538700203e-01,2.390635060549536201e-02
-2.588567083823684611e-01,-1.878701806855954115e-01
-2.588567083823684611e-01,-1.878701806855954115e-01
-2.588567083823684611e-01,-1.878701806855954115e-01
-2.588567083823684611e-01,-1.878701806855954115e-01
-3.863350809696394217e-01,9.317116145676712646e-02
-3.863350809696394217e-01,9.317116145676712646e-02
-3.680066471931700001e-01,2.967308440842096884e-01
-4.877329642617141969e-01,1.251009591842638657e-01
-4.877329642617141969e-01,1.251009591842638657e-01
-4.877329642617141969e-01,1.251009591842638657e-01
-4.508657389117194936e-01,1.888407669285874779e-01
-5.781987844020816114e-01,1.896610383538484823e-01
-3.984651777553124274e-01,-1.710666447578221006e-01
-3.984651777553124274e-01,-1.710666447578221006e-01
-5.233451155994844894e-01,-5.360359329545273666e-02
-6.482352886511950629e-01,6.265948791949606245e-02
-6.482352886511950629e-01,6.265948791949606245e-02
-6.482352886511950629e-01,6.265948791949606245e-02
-4.152875897468919497e-01,-7.639280855117128177e-03
-4.152875897468919497e-01,-7.639280855117128177e-03
-3.390933076681245106e-01,-8.978666189259937314e-03
-3.390933076681245106e-01,-8.978666189259937314e-03
-5.327661545457170744e-01,-3.005534547540061885e-01
-5.327661545457170744e-01,-3.005534547540061885e-01
-5.327661545457170744e-01,-3.005534547540061885e-01
-6.819951613875163687e-01,-5.899978376912504152e-02
-8.060615376623713191e-01,-1.777931893743718017e-01
-8.546079700466455709e-01,-1.146934524501147940e-01
-8.546066814024134706e-01,-5.365344528204055163e-02
-6.317614564465960925e-01,-2.053682962644302196e-02
-4.767642004820729085e-01,6.732221939705801406e-02
-3.798288025507564059e-01,6.865361847974844889e-02
-4.813198705602451111e-01,1.264936645637473045e-01
-4.813198705602451111e-01,1.264936645637473045e-01
-5.094869667198107521e-01,1.846653843851749910e-01
-5.094869667198107521e-01,1.846653843851749910e-01
-6.746771125555570681e-01,3.541178521633311926e-02
-6.746771125555570681e-01,3.541178521633311926e-02
-4.069879106273951996e-01,1.196523966843155290e-01
-5.878503756799763336e-01,7.654605249840017167e-02
-5.878503756799763336e-01,7.654605249840017167e-02
-5.942111001426438888e-01,-7.576516962402692068e-02
-5.942111001426438888e-01,-7.576516962402692068e-02
-5.942111001426438888e-01,-7.576516962402692068e-02
-6.077367360426269016e-01,-1.490153006721525036e-02
-5.709195988934023802e-01,-3.922998762285424823e-02
-5.709195988934023802e-01,-3.922998762285424823e-02
-5.709195988934023802e-01,-3.922998762285424823e-02
-5.709195988934023802e-01,-3.922998762285424823e-02
-7.457327800796120787e-01,-1.415023944419212532e-01
-7.457327800796120787e-01,-1.415023944419212532e-01
-7.457327800796120787e-01,-1.415023944419212532e-01
-7.457327800796120787e-01,-1.415023944419212532e-01
-8.492364530684675117e-01,1.141729197750013802e-01
-7.035478135564755542e-01,-3.253205201777095712e-02
-5.909369881256929524e-01,1.803742032622079328e-01
-7.196393546638588656e-01,1.796858945229294902e-01
-6.839624389604803678e-01,-7.727727109303589303e-02
-6.839624389604803678e-01,-7.727727109303589303e-02
-6.839624389604803678e-01,-7.727727109303589303e-02
-8.637256055142001898e-01,-1.886684055620332229e-02
-8.922440889041411971e-01,4.272809141384056875e-02
-8.922440889041411971e-01,4.272809141384056875e-02
-7.463189748743913610e-01,1.491131622077622176e-01
-7.463189748743913610e-01,1.491131622077622176e-01
-7.463189748743913610e-01,1.491131622077622176e-01
-7.223634416030325633e-01,8.795552436626323523e-02
-6.151891115833071355e-01,-1.042483925117599214e-01
-7.398834803913196811e-01,-6.329519520158360946e-02
-7.398834803913196811e-01,-6.329519520158360946e-02
-7.398834803913196811e-01,-6.329519520158360946e-02
-7.398834803913196811e-01,-6.329519520158360946e-02
-5.537815692336758300e-01,3.274223098869893933e-02
-5.537815692336758300e-01,3.274223098869893933e-02
-5.537815692336758300e-01,3.274223098869893933e-02
-5.537815692336758300e-01,3.274223098869893933e-02
-5.537815692336758300e-01,3.274223098869893933e-02
-5.645394766666763653e-01,-9.887099507168090051e-02
-6.787717684533360885e-01,6.806965453358251872e-02
-6.787717684533360885e-01,6.806965453358251872e-02
-6.787717684533360885e-01,6.806965453358251872e-02
-3.512032737617823419e-01,2.166123342328463847e-02
-3.512032737617823419e-01,2.166123342328463847e-02
-3.512032737617823419e-01,2.166123342328463847e-02
-4.285927857106127670e-01,1.911531315385825436e-01
-5.821457059917116705e-01,4.318163921465912880e-01
-8.485475886270696932e-01,3.396416470247222152e-01
-9.560842309505654946e-01,5.608151445438375182e-02
-9.560842309505654946e-01,5.608151445438375182e-02
-9.560842309505654946e-01,5.608151445438375182e-02
-6.659586775359673805e-01,1.826292465104165791e-02
-6.659586775359673805e-01,1.826292465104165791e-02
-5.489513217965648062e-01,6.424287085205422632e-02
-6.427380358941885419e-01,-1.177487080808270886e-01
-6.427380358941885419e-01,-1.177487080808270886e-01
-8.451669891453787997e-01,8.452874681582862870e-02
-8.451669891453787997e-01,8.452874681582862870e-02
-8.451669891453787997e-01,8.452874681582862870e-02
-8.451669891453787997e-01,8.452874681582862870e-02
-8.451669891453787997e-01,8.452874681582862870e-02
-8.451669891453787997e-01,8.452874681582862870e-02
-8.451669891453787997e-01,8.452874681582862870e-02
-7.654952037521738362e-01,-1.211204070061091126e-01
-9.519984450747243088e-01,-1.559415360155154417e-02
-8.282507092212878508e-01,-5.285844129489965237e-02
-8.282507092212878508e-01,-5.285844129489965237e-02
-7.999565195861382261e-01,-1.169564607644473925e-01
-6.182228242399165907e-01,-7.603684014192145513e-02
-7.351071010343755985e-01,-1.161076979957373634e-01
-7.351071010343755985e-01,-1.161076979957373634e-01
-6.399759398814600653e-01,-2.686137916558657412e-01
-6.399759398814600653e-01,-2.686137916558657412e-01
-6.399759398814600653e-01,-2.686137916558657412e-01
-7.340037011849643855e-01,-8.385239858408538582e-02
-5.484867515270528404e-01,-1.214266682924969171e-01
-5.484867515270528404e-01,-1.214266682924969171e-01
-5.484867515270528404e-01,-1.214266682924969171e-01
-5.484867515270528404e-01,-1.214266682924969171e-01
-4.724492763258268391e-01,-1.192553309570087150e-01
-4.724492763258268391e-01,-1.192553309570087150e-01
-5.973251597499342758e-01,-2.437886370496523958e-01
-5.973251597499342758e-01,-2.437886370496523958e-01
-6.103527988402248639e-01,-1.121142138114465114e-01
-5.356453648950249002e-01,2.018405629657685219e-02
-5.356453648950249002e-01,2.018405629657685219e-02
-5.356453648950249002e-01,2.018405629657685219e-02
-5.226666760486622376e-01,-7.524835160894767505e-02
-6.054533582146466308e-01,-1.310519017900346750e-01
-6.054533582146466308e-01,-1.310519017900346750e-01
-6.054533582146466308e-01,-1.310519017900346750e-01
-6.054533582146466308e-01,-1.310519017900346750e-01
-5.298467448238161071e-01,-7.891086775833948408e-02
-5.298467448238161071e-01,-7.891086775833948408e-02
-7.128021022197603696e-01,-9.332025129659000939e-02
-7.222994301521412641e-01,1.895448499365688377e-01
-7.222994301521412641e-01,1.895448499365688377e-01
-7.222994301521412641e-01,1.895448499365688377e-01
-4.499221939844126328e-01,1.157083316537871470e-01
-4.499221939844126328e-01,1.157083316537871470e-01
-5.850203123055384147e-01,-1.273168028391383766e-01
-5.850203123055384147e-01,-1.273168028391383766e-01
-6.325582808834658843e-01,-5.284809368751113012e-02
-6.325582808834658843e-01,-5.284809368751113012e-02
-6.100940858511576526e-01,1.122197662446360045e-03
-6.100940858511576526e-01,1.122197662446360045e-03
-6.100940858511576526e-01,1.122197662446360045e-03
-6.100940858511576526e-01,1.122197662446360045e-03
-4.995433914949790610e-01,6.604252473970106951e-02
-6.665274798976530413e-01,-2.080954687160242733e-02
-6.665274798976530413e-01,-2.080954687160242733e-02
-6.665274798976530413e-01,-2.080954687160242733e-02
-6.090696684988062826e-01,8.679182366571484841e-02
-6.090696684988062826e-01,8.679182366571484841e-02
-6.090696684988062826e-01,8.679182366571484841e-02
-6.461733683873118750e-01,1.650247419643285918e-01
-7.571704839403690102e-01,1.153392934232031763e-01
-7.402173937315744690e-01,1.211655028524130928e-01
-8.573129974869663217e-01,1.024010720238824473e-01
-8.573129974869663217e-01,1.024010720238824473e-01
-8.574813385734387783e-01,-1.152455723301187424e-01
-8.574813385734387783e-01,-1.152455723301187424e-01
-6.423061500758695530e-01,-2.953308011716633819e-01
-7.182365812865090238e-01,-2.767759250548220140e-01
-9.147331461173994205e-01,-2.982687686542198624e-01
-8.800242290813289348e-01,9.785879087652937791e-03
-7.396309758588233141e-01,1.373004988944142302e-01
-7.396309758588233141e-01,1.373004988944142302e-01
-7.396309758588233141e-01,1.373004988944142302e-01
-5.973996506858757494e-01,5.970329721614694996e-02
-5.973996506858757494e-01,5.970329721614694996e-02
-5.973996506858757494e-01,5.970329721614694996e-02
-5.973996506858757494e-01,5.970329721614694996e-02
-7.419744438675850429e-01,-4.838982807293981669e-02
-5.684158298871043735e-01,-5.761863732375892277e-02
-5.398301357905850306e-01,1.090177952100997161e-02
-5.398301357905850306e-01,1.090177952100997161e-02
-5.398301357905850306e-01,1.090177952100997161e-02
-6.710768748926667637e-01,1.011472315756715284e-01
-6.710768748926667637e-01,1.011472315756715284e-01
-6.710768748926667637e-01,1.011472315756715284e-01
-6.710768748926667637e-01,1.011472315756715284e-01
-6.710768748926667637e-01,1.011472315756715284e-01
-6.710768748926667637e-01,1.011472315756715284e-01
-6.710768748926667637e-01,1.011472315756715284e-01
-6.710768748926667637e-01,1.011472315756715284e-01
-5.525085815025662095e-01,1.855623905122800177e-01
-5.525085815025662095e-01,1.855623905122800177e-01
-5.525085815025662095e-01,1.855623905122800177e-01
-6.058258647886571868e-01,3.415637444669397671e-02
-7.698524394947554583e-01,4.306671559890681844e-02
-7.698524394947554583e-01,4.306671559890681844e-02
-8.221496125938732025e-01,-9.006276621538447658e-02
-6.088571034066919685e-01,1.857089852071147629e-02
-6.088571034066919685e-01,1.857089852071147629e-02
-6.088571034066919685e-01,1.857089852071147629e-02
-6.014827158164295362e-01,-5.596498476732544858e-02
-6.014827158164295362e-01,-5.596498476732544858e-02
-6.014827158164295362e-01,-5.596498476732544858e-02
-6.014827158164295362e-01,-5.596498476732544858e-02
-6.014827158164295362e-01,-5.596498476732544858e-02
-6.014827158164295362e-01,-5.596498476732544858e-02
-5.795238822922323951e-01,-5.421679075493943817e-02
-5.795238822922323951e-01,-5.421679075493943817e-02
-5.900200685348135909e-01,3.351743610127135703e-02
-4.664152170680482268e-01,2.399392645091171783e-01
-5.687254408979587339e-01,-4.204453488241627346e-02
-4.635034163493264581e-01,-8.201535074632881894e-02
-4.635034163493264581e-01,-8.201535074632881894e-02
-4.635034163493264581e-01,-8.201535074632881894e-02
-6.877566824388985367e-01,-1.350940476976692228e-01
-6.245413829571505593e-01,-1.133837530855797970e-01
-6.245413829571505593e-01,-1.133837530855797970e-01
-6.245413829571505593e-01,-1.133837530855797970e-01
-6.245413829571505593e-01,-1.133837530855797970e-01
-6.669395968825494458e-01,1.770814856433300388e-01
-6.669395968825494458e-01,1.770814856433300388e-01
-8.560160162852773480e-01,3.461424849544192384e-02
-8.065938029947399279e-01,2.185793263406207373e-02
-8.065938029947399279e-01,2.185793263406207373e-02
-8.065938029947399279e-01,2.185793263406207373e-02
-8.984994545063067495e-01,-1.403921633652912837e-01
-8.607461291906542966e-01,4.262254980181159891e-02
-8.607461291906542966e-01,4.262254980181159891e-02
-7.310077942045818400e-01,1.008459092268573637e-01
-6.740095409756278189e-01,7.565937757751163562e-02
-5.529951343975186839e-01,1.257267206584359309e-01
-5.529951343975186839e-01,1.257267206584359309e-01
-5.529951343975186839e-01,1.257267206584359309e-01
-5.529951343975186839e-01,1.257267206584359309e-01
-5.529951343975186839e-01,1.257267206584359309e-01
-4.463826618735213803e-01,-1.653315270590833275e-01
-2.355042030395793629e-01,1.094999144425386484e-01
-2.355042030395793629e-01,1.094999144425386484e-01
-2.355042030395793629e-01,1.094999144425386484e-01
-2.697689787636042280e-01,-4.616857115088701669e-02
-2.697689787636042280e-01,-4.616857115088701669e-02
-2.644675798402056910e-01,2.270028952454849480e-01
-2.644675798402056910e-01,2.270028952454849480e-01
-4.487335950124343720e-01,-1.797952378405948681e-01
-7.756949957746539503e-01,-2.839809602664247756e-02
-6.816114872765003385e-01,-7.122475189904108051e-02
-6.511030611817597569e-01,-1.432957507340961167e-01
-3.550814775681320201e-01,-7.136089736293718677e-02
-3.550814775681320201e-01,-7.136089736293718677e-02
-4.050752009527922581e-01,-1.348804737435496670e-01
-4.581240301457750741e-01,-7.202431434563712209e-02
-4.581240301457750741e-01,-7.202431434563712209e-02
-5.009131436476852439e-01,7.594278177419797049e-03
-3.737344610682286628e-01,-4.577819174153938131e-02
-4.561569059337752807e-01,2.612530926288363087e-02
-4.561569059337752807e-01,2.612530926288363087e-02
-4.561569059337752807e-01,2.612530926288363087e-02
-5.974745028295345151e-01,6.335593691646748682e-02
-5.614494606309561320e-01,7.461392884280261539e-02
-7.021178071982518976e-01,1.837164911554433622e-01
-7.021178071982518976e-01,1.837164911554433622e-01
-7.506607887986974648e-01,1.204285019952933689e-01
-7.506607887986974648e-01,1.204285019952933689e-01
-5.674572564533242325e-01,1.974029987962797050e-01
-5.938019491249741932e-01,1.257367037536606391e-01
-5.938019491249741932e-01,1.257367037536606391e-01
-5.408071716963399611e-01,1.561823574734397257e-01
-5.844520130068555641e-01,-1.094454844514526903e-01
-5.844520130068555641e-01,-1.094454844514526903e-01
-5.708700481061041998e-01,-8.031602941408357010e-02
-5.708700481061041998e-01,-8.031602941408357010e-02
-5.438354486386279829e-01,-5.503144019182693025e-02
-4.407962595654634219e-01,5.827732214244892017e-02
-6.637310288758677679e-01,4.288303497122429586e-02
-3.936042778303099898e-01,1.225942314847045245e-01
-4.323517097695426248e-01,5.554809231380558598e-02
-4.323517097695426248e-01,5.554809231380558598e-02
-3.607509163321244161e-01,1.012639609369277854e-01
-4.941494103219663536e-01,-4.811559516463755071e-02
-5.638767531926048848e-01,6.791956865212625538e-02
-7.036162779136536649e-01,9.144746117898318316e-02
-7.036162779136536649e-01,9.144746117898318316e-02
-7.036162779136536649e-01,9.144746117898318316e-02
-6.494053484478029548e-01,1.308948678281347811e-02
-6.494053484478029548e-01,1.308948678281347811e-02
-5.224105161384553497e-01,5.222746816543207687e-02
-5.224105161384553497e-01,5.222746816543207687e-02
-5.224105161384553497e-01,5.222746816543207687e-02
-4.641170298242995873e-01,-1.298405191216492616e-01
-6.542785447240910823e-01,1.666171704997537750e-02
-6.542785447240910823e-01,1.666171704997537750e-02
-6.542785447240910823e-01,1.666171704997537750e-02
-5.117091042045114335e-01,-2.384050244369559923e-01
-5.117091042045114335e-01,-2.384050244369559923e-01
-5.769665184942172065e-01,-2.079635296322843441e-01
-4.082916014039624786e-01,-1.490067041026437722e-01
-4.082916014039624786e-01,-1.490067041026437722e-01
-4.082916014039624786e-01,-1.490067041026437722e-01
-4.657448113903321363e-01,-5.368350607834954102e-02
-4.657448113903321363e-01,-5.368350607834954102e-02
-4.464787926079597513e-01,1.081013476499353976e-01
-4.464787926079597513e-01,1.081013476499353976e-01
-4.464787926079597513e-01,1.081013476499353976e-01
-5.653376490262329579e-01,1.753772767735484184e-01
-5.653376490262329579e-01,1.753772767735484184e-01
-5.653376490262329579e-01,1.753772767735484184e-01
-5.653376490262329579e-01,1.753772767735484184e-01
-4.341607178857904703e-01,1.217513329182758619e-01
-6.133400835859208478e-01,6.815166784878329276e-02
-6.470147682929157096e-01,-1.711296822630017922e-02
-6.470147682929157096e-01,-1.711296822630017922e-02
-6.452353078664903041e-01,-7.167940037789302665e-02
-6.452353078664903041e-01,-7.167940037789302665e-02
-5.328997858016293332e-01,2.021283373947208029e-02
-5.229240378306346804e-01,-1.422774684745574392e-04
-3.962903245868125701e-01,-2.116629627283582449e-01
-3.151655242768555132e-01,-2.531813877223039189e-01
-4.075435773527196770e-01,-1.133508702699576320e-01
-6.306902204322396566e-01,5.948607236850597668e-02
-6.306902204322396566e-01,5.948607236850597668e-02
-6.306902204322396566e-01,5.948607236850597668e-02
-6.306902204322396566e-01,5.948607236850597668e-02
-6.306902204322396566e-01,5.948607236850597668e-02
-4.302710176307149581e-01,9.614912858045455979e-02
-4.595889631437062306e-01,7.186469850670529347e-02
-3.827424033528131764e-01,2.737187567028760982e-01
-3.827424033528131764e-01,2.737187567028760982e-01
-3.827424033528131764e-01,2.737187567028760982e-01
-3.223952704046296747e-01,2.870585973853609363e-01
-6.615009916149541258e-01,1.857491912831616410e-01
-5.214463270082622115e-01,1.751827416027651463e-01
-5.579368382236578050e-01,1.647592655447383536e-01
-4.878315417958093425e-01,6.317403761510603788e-03
-4.878315417958093425e-01,6.317403761510603788e-03
-4.878315417958093425e-01,6.317403761510603788e-03
-4.878315417958093425e-01,6.317403761510603788e-03
-4.744290859981629138e-01,9.579656043870028725e-02
-4.247947571166542091e-01,1.971213043584605085e-01
-4.247947571166542091e-01,1.971213043584605085e-01
-4.666967616920464357e-01,2.129231330459288307e-01
-4.666967616920464357e-01,2.129231330459288307e-01
-4.551297464271186199e-01,2.021203377247879351e-01
-4.683628446391012168e-01,2.139541755417085078e-01
-4.088791190150085630e-01,5.165780056860666547e-02
-4.088791190150085630e-01,5.165780056860666547e-02
-4.749409165557627044e-01,-8.155844577783200045e-02
-4.747689323570741804e-01,-3.112057788774824640e-01
-6.083510787986469159e-01,-2.984940598706984916e-01
-7.489028416174747793e-01,-2.515697908175208997e-01
-7.489028416174747793e-01,-2.515697908175208997e-01
-7.489028416174747793e-01,-2.515697908175208997e-01
-7.489028416174747793e-01,-2.515697908175208997e-01
-4.903406678665446772e-01,-3.053931495707967736e-01
-4.903406678665446772e-01,-3.053931495707967736e-01
-4.903406678665446772e-01,-3.053931495707967736e-01
-4.903406678665446772e-01,-3.053931495707967736e-01
-4.903406678665446772e-01,-3.053931495707967736e-01
-4.162513864974065059e-01,-3.156868987239427327e-01
-4.297296725510609261e-01,-3.251977376672967046e-01
-4.297296725510609261e-01,-3.251977376672967046e-01
-4.297296725510609261e-01,-3.251977376672967046e-01
-4.297296725510609261e-01,-3.251977376672967046e-01
-6.751486681218443753e-01,-7.987610506691400492e-02
-6.751486681218443753e-01,-7.987610506691400492e-02
-5.907384268177208186e-01,2.625641575524377547e-02
-5.907384268177208186e-01,2.625641575524377547e-02
-5.907384268177208186e-01,2.625641575524377547e-02
-5.456946857858617772e-01,6.893757992552933256e-02
-4.938749180911302661e-01,-7.497676542166779867e-02
-4.456959618672972634e-01,-9.033664796561992338e-02
-4.456959618672972634e-01,-9.033664796561992338e-02
-4.456959618672972634e-01,-9.033664796561992338e-02
-3.974859300096572623e-01,-2.056416571542997174e-01
-3.974859300096572623e-01,-2.056416571542997174e-01
-3.974859300096572623e-01,-2.056416571542997174e-01
-3.974859300096572623e-01,-2.056416571542997174e-01
-4.598367443978231828e-01,1.023558883414943943e-01
-5.820270874562651908e-01,1.603981951407321693e-01
-5.820270874562651908e-01,1.603981951407321693e-01
-7.030070471754684691e-01,1.773001457958760241e-01
-7.030070471754684691e-01,1.773001457958760241e-01
-6.918410007018397367e-01,-6.351424324713297875e-02
-6.918410007018397367e-01,-6.351424324713297875e-02
-6.918410007018397367e-01,-6.351424324713297875e-02
-6.594026898530300773e-01,-1.274964026917187465e-01
-6.594026898530300773e-01,-1.274964026917187465e-01
-6.594026898530300773e-01,-1.274964026917187465e-01
-6.594026898530300773e-01,-1.274964026917187465e-01
-6.722700848346928604e-01,-1.232633429991108753e-01
-5.082493412238763275e-01,-1.362905713332207835e-01
-6.739885672536829464e-01,-1.162905391742703048e-01
-6.739885672536829464e-01,-1.162905391742703048e-01
-6.739885672536829464e-01,-1.162905391742703048e-01
-6.739885672536829464e-01,-1.162905391742703048e-01
-6.739885672536829464e-01,-1.162905391742703048e-01
-6.316351440195074884e-01,-3.626042860446651583e-02
-7.101122542502915636e-01,1.053514605180136676e-01
-6.663693374984536177e-01,-5.720593136289670033e-03
-6.663693374984536177e-01,-5.720593136289670033e-03
-6.663693374984536177e-01,-5.720593136289670033e-03
-8.422532177604991066e-01,1.330616120433391614e-01
-7.247179748260341725e-01,1.505012436285269872e-01
-6.819206837976570235e-01,3.551485014690126674e-01
-6.819206837976570235e-01,3.551485014690126674e-01
-5.369693116972864555e-01,3.442796122965955385e-01
-6.734545291247477916e-01,2.357002384799846695e-01
-7.423961344010617802e-01,3.017888618850991245e-01
-5.747057939733470899e-01,2.333986002468014798e-01
-6.553142656357412443e-01,1.762024560319055133e-01
-5.257013072786396179e-01,-3.319039869138573629e-02
-5.257013072786396179e-01,-3.319039869138573629e-02
-6.741417409171018837e-01,-8.996735968323918420e-02
-6.647188895549113186e-01,1.340447796010511838e-01
-7.807501017811516730e-01,-1.037055854513750930e-01
-7.807501017811516730e-01,-1.037055854513750930e-01
-6.812641166416972816e-01,-8.949490801557488662e-02
-6.812641166416972816e-01,-8.949490801557488662e-02
-6.812641166416972816e-01,-8.949490801557488662e-02
-6.812641166416972816e-01,-8.949490801557488662e-02
-6.812641166416972816e-01,-8.949490801557488662e-02
-6.812641166416972816e-01,-8.949490801557488662e-02
-6.812641166416972816e-01,-8.949490801557488662e-02
-3.766503772969769792e-01,5.782185023955094261e-02
-3.766503772969769792e-01,5.782185023955094261e-02
-4.093906449532751513e-01,-3.216541822288603025e-02
-4.093906449532751513e-01,-3.216541822288603025e-02
-4.093906449532751513e-01,-3.216541822288603025e-02
-4.093906449532751513e-01,-3.216541822288603025e-02
-3.305776695362521722e-01,-1.107719317299352274e-01
-4.635672790812241928e-01,-7.398264358482059544e-02
-4.635672790812241928e-01,-7.398264358482059544e-02
-4.566152050028315923e-01,-1.753281119272827593e-01
-4.439146069619027690e-01,-2.809054038636529249e-01
-4.439146069619027690e-01,-2.809054038636529249e-01
-4.684992265290701119e-01,-4.379962129021849893e-01
-4.684992265290701119e-01,-4.379962129021849893e-01
-4.684992265290701119e-01,-4.379962129021849893e-01
-3.916389814431295857e-01,-2.290244385180063569e-01
-4.555369321181448883e-01,-1.590916217549797618e-01
-4.555369321181448883e-01,-1.590916217549797618e-01
-4.555369321181448883e-01,-1.590916217549797618e-01
-6.419769271973319036e-01,-1.912387812338699200e-01
-6.872744649757813740e-01,-1.407526693267333595e-01
-6.891090959831063234e-01,7.314191742666203977e-03
-6.804542804283674196e-01,-3.581708805714190619e-02
-6.804542804283674196e-01,-3.581708805714190619e-02
-6.804542804283674196e-01,-3.581708805714190619e-02
-6.804542804283674196e-01,-3.581708805714190619e-02
-6.804542804283674196e-01,-3.581708805714190619e-02
-6.804542804283674196e-01,-3.581708805714190619e-02
-6.804542804283674196e-01,-3.581708805714190619e-02
-6.804542804283674196e-01,-3.581708805714190619e-02
-6.804542804283674196e-01,-3.581708805714190619e-02
-6.804542804283674196e-01,-3.581708805714190619e-02
-6.804542804283674196e-01,-3.581708805714190619e-02
-8.329142457217107998e-01,9.961673418269134661e-02
-4.720423881890318252e-01,2.154672820862008620e-01
-4.720423881890318252e-01,2.154672820862008620e-01
-6.327944293337605108e-01,8.380612624335181948e-02
-6.327944293337605108e-01,8.380612624335181948e-02
-5.535800097867290548e-01,6.596548981501028364e-02
-5.843027186894335090e-01,2.075345825332511884e-01
-5.843027186894335090e-01,2.075345825332511884e-01
-6.285103713970214834e-01,1.798596543442131102e-01
-5.864014142286213538e-01,3.013096426594009114e-01
-5.864014142286213538e-01,3.013096426594009114e-01
-5.864014142286213538e-01,3.013096426594009114e-01
-5.864014142286213538e-01,3.013096426594009114e-01
-5.864014142286213538e-01,3.013096426594009114e-01
-6.118424077305737452e-01,4.645430509778758488e-02
-5.783975376292066484e-01,4.713370042321765596e-02
-5.783975376292066484e-01,4.713370042321765596e-02
-8.807891888014267590e-01,1.367522444763538680e-01
-8.018988058363487603e-01,2.310065153616340239e-01
-8.018988058363487603e-01,2.310065153616340239e-01
-8.018988058363487603e-01,2.310065153616340239e-01
-8.018988058363487603e-01,2.310065153616340239e-01
-8.018988058363487603e-01,2.310065153616340239e-01
-8.018988058363487603e-01,2.310065153616340239e-01
-7.095564690606753766e-01,1.139492596081093378e-01
-4.940456798383066062e-01,-5.220178896841126681e-02
-4.982778190555428588e-01,-4.235465534902296825e-04
-4.161401450119419088e-01,2.374317200831803087e-01
-4.161401450119419088e-01,2.374317200831803087e-01
-3.521517696589324675e-01,1.797158568050065963e-01
-3.521517696589324675e-01,1.797158568050065963e-01
-4.529304321417669255e-01,1.550922728072247347e-01
-4.562650390612946194e-01,4.058056580125493640e-02
-4.562650390612946194e-01,4.058056580125493640e-02
-6.155627227753903696e-01,4.036926255765965060e-02
-6.155627227753903696e-01,4.036926255765965060e-02
-6.155627227753903696e-01,4.036926255765965060e-02
-7.785925939799371864e-01,6.316693310903143121e-02
-5.187392234728018803e-01,-7.446495171234376875e-02
-5.187392234728018803e-01,-7.446495171234376875e-02
-5.187392234728018803e-01,-7.446495171234376875e-02
-5.187392234728018803e-01,-7.446495171234376875e-02
-5.187392234728018803e-01,-7.446495171234376875e-02
-4.415710768586810775e-01,-2.336317227455071005e-02
-6.310578086970028977e-01,2.393569562956889829e-01
-5.709450184434912146e-01,2.514618629172948316e-01
-5.709450184434912146e-01,2.514618629172948316e-01
-6.467949678222318921e-01,1.201498148057224824e-01
-6.467949678222318921e-01,1.201498148057224824e-01
-5.931476708876888271e-01,2.505546647759865353e-01
-8.019039287945185501e-01,2.906549109926910290e-01
-6.730687386239596615e-01,1.575764981368652506e-01
-6.730687386239596615e-01,1.575764981368652506e-01
-6.730687386239596615e-01,1.575764981368652506e-01
-6.730687386239596615e-01,1.575764981368652506e-01
-6.652738256094729019e-01,4.284109784602882498e-02
-6.652738256094729019e-01,4.284109784602882498e-02
-6.652738256094729019e-01,4.284109784602882498e-02
-6.652738256094729019e-01,4.284109784602882498e-02
-6.652738256094729019e-01,4.284109784602882498e-02
-5.052916403058891337e-01,-5.360058369147396862e-02
-3.857315916979255355e-01,-2.451016417494270572e-01
-3.857315916979255355e-01,-2.451016417494270572e-01
-6.738430098725622930e-01,-1.425230012466940921e-02
-6.738430098725622930e-01,-1.425230012466940921e-02
-6.738430098725622930e-01,-1.425230012466940921e-02
-6.738430098725622930e-01,-1.425230012466940921e-02
-3.037718173026666135e-01,2.308125513613183688e-02
-3.037718173026666135e-01,2.308125513613183688e-02
-3.037718173026666135e-01,2.308125513613183688e-02
-4.472987096790297379e-01,-1.122842480147986793e-01
-2.877674749693650003e-01,-2.286433957111031756e-01
-3.011018474124378952e-01,-2.140203112321318601e-01
-3.011018474124378952e-01,-2.140203112321318601e-01
-3.011018474124378952e-01,-2.140203112321318601e-01
-3.011018474124378952e-01,-2.140203112321318601e-01
-4.890870282676449965e-01,-2.162546523014897970e-01
-4.890870282676449965e-01,-2.162546523014897970e-01
-4.890870282676449965e-01,-2.162546523014897970e-01
-5.908782166329856755e-01,-2.502257384281885710e-01
-5.908782166329856755e-01,-2.502257384281885710e-01
-7.904715058620619406e-01,-1.825359915191877014e-01
-6.963974699315275130e-01,-4.494381271756458518e-01
-8.298911313989402183e-01,-4.021031417161821109e-01
-7.823714505164103272e-01,-5.058047002715052587e-01
-7.823714505164103272e-01,-5.058047002715052587e-01
-7.776027830659445472e-01,-5.184036344167638477e-01
-9.635243375517914544e-01,-3.870849173183533720e-01
-7.487848500211775615e-01,-4.203616351049199729e-01
-7.487848500211775615e-01,-4.203616351049199729e-01
-7.487848500211775615e-01,-4.203616351049199729e-01
-8.485427270836786162e-01,-1.984039045104634691e-01
-8.485427270836786162e-01,-1.984039045104634691e-01
-7.508237556899854948e-01,-9.943590974124369430e-02
-7.508237556899854948e-01,-9.943590974124369430e-02
-7.508237556899854948e-01,-9.943590974124369430e-02
-9.564272220114351519e-01,1.031072832896563207e-01
-9.564272220114351519e-01,1.031072832896563207e-01
-9.564272220114351519e-01,1.031072832896563207e-01
-9.564272220114351519e-01,1.031072832896563207e-01
-9.564272220114351519e-01,1.031072832896563207e-01
-8.210249686400349356e-01,4.746308169395493937e-02
-7.905850252489386998e-01,1.252463544804400808e-01
-7.905850252489386998e-01,1.252463544804400808e-01
-7.905850252489386998e-01,1.252463544804400808e-01
-6.984095244908463673e-01,2.742552120726612919e-01
-6.984095244908463673e-01,2.742552120726612919e-01
-7.183104342567897538e-01,5.903678935932429872e-02
-7.736647954219396661e-01,1.453550045642165722e-02
-7.736647954219396661e-01,1.453550045642165722e-02
-7.736647954219396661e-01,1.453550045642165722e-02
-7.736647954219396661e-01,1.453550045642165722e-02
-7.221425301551857023e-01,-7.515642859046499369e-02
-5.908955236004534983e-01,5.685391335439764215e-02
-5.908955236004534983e-01,5.685391335439764215e-02
-5.524759270237445952e-01,7.189136649990830741e-02
-5.524759270237445952e-01,7.189136649990830741e-02
-5.936459972018509612e-01,2.003101427151522951e-01
-5.936459972018509612e-01,2.003101427151522951e-01
-5.936459972018509612e-01,2.003101427151522951e-01
-7.690641964245741313e-01,1.218511700751865046e-01
-5.524864963363260717e-01,-1.116320118878081358e-01
-6.754302948424062425e-01,-7.300803770978782359e-02
-7.157346714174909197e-01,-9.305964434691514631e-02
-5.859993617956195111e-01,-1.788198155705782999e-01
-5.859993617956195111e-01,-1.788198155705782999e-01
-5.859993617956195111e-01,-1.788198155705782999e-01
-6.166847380048996463e-01,-2.019278979316477818e-01
-6.166847380048996463e-01,-2.019278979316477818e-01
-6.166847380048996463e-01,-2.019278979316477818e-01
-6.259865655335534740e-01,-2.824714302668466237e-01
-7.599255674076814682e-01,-1.739645290957312906e-01
-7.599255674076814682e-01,-1.739645290957312906e-01
-7.599255674076814682e-01,-1.739645290957312906e-01
-6.404162825834522899e-01,-1.511223562816927934e-01
-6.404162825834522899e-01,-1.511223562816927934e-01
-6.404162825834522899e-01,-1.511223562816927934e-01
-6.859596440658342065e-01,2.375430605827369424e-02
-5.010116812771352457e-01,1.210847342465250082e-01
-5.010116812771352457e-01,1.210847342465250082e-01
-4.947264124271014696e-01,-4.132954037033968742e-02
-5.605219248712702829e-01,-7.487694692067815849e-03
-5.605219248712702829e-01,-7.487694692067815849e-03
-7.915322084888520848e-01,-2.421235249829991124e-02
-7.699640738710918919e-01,-1.029023222901284534e-01
-7.159901248671067808e-01,-1.138785301018282181e-01
-7.159901248671067808e-01,-1.138785301018282181e-01
-5.594576118651395369e-01,1.652146196842535497e-02
-5.594576118651395369e-01,1.652146196842535497e-02
-5.594576118651395369e-01,1.652146196842535497e-02
-5.594576118651395369e-01,1.652146196842535497e-02
-5.594576118651395369e-01,1.652146196842535497e-02
-5.594576118651395369e-01,1.652146196842535497e-02
-5.846461213554509095e-01,-2.770613137635622447e-01
-5.846461213554509095e-01,-2.770613137635622447e-01
-5.846461213554509095e-01,-2.770613137635622447e-01
-5.846461213554509095e-01,-2.770613137635622447e-01
-5.846461213554509095e-01,-2.770613137635622447e-01
-5.846461213554509095e-01,-2.770613137635622447e-01
-5.166408429339034436e-01,-2.932855501718317215e-01
-4.532377777886641423e-01,-2.754519228966272326e-01
-5.937110491554715708e-01,-2.355450347086837093e-01
-6.270251245142045571e-01,-2.473270073131406677e-01
-4.172553800275057290e-01,2.013835030056504438e-02
-6.666698160413782048e-01,2.099820832523749403e-01
-4.802538257655378784e-01,1.772369466312138375e-01
-4.245130134516759135e-01,1.299824703239226276e-01
-4.245130134516759135e-01,1.299824703239226276e-01
-4.245130134516759135e-01,1.299824703239226276e-01
-4.245130134516759135e-01,1.299824703239226276e-01
-3.570525349973807661e-01,2.050390778022833094e-01
-3.570525349973807661e-01,2.050390778022833094e-01
-4.072630907592609262e-01,1.211954062352714745e-01
-4.072630907592609262e-01,1.211954062352714745e-01
-5.637647204973181836e-01,1.183791717974438662e-01
-5.637647204973181836e-01,1.183791717974438662e-01
-5.892447755953729160e-01,1.932608423322424995e-01
-7.657266276995188248e-01,2.051421927785058996e-01
-7.657266276995188248e-01,2.051421927785058996e-01
-7.657266276995188248e-01,2.051421927785058996e-01
-1.090529750734282155e+00,1.148347161158660146e-01
-8.761948910194792273e-01,1.758492987140665154e-01
-8.761948910194792273e-01,1.758492987140665154e-01
-8.761948910194792273e-01,1.758492987140665154e-01
-8.761948910194792273e-01,1.758492987140665154e-01
-8.406248852995241716e-01,8.389254256827106959e-02
-8.406248852995241716e-01,8.389254256827106959e-02
-9.362555140538285636e-01,7.028976602701653142e-02
-9.362555140538285636e-01,7.028976602701653142e-02
-7.626369081188000276e-01,-2.388446463334302772e-01
-7.626369081188000276e-01,-2.388446463334302772e-01
-7.626369081188000276e-01,-2.388446463334302772e-01
-8.898782593014280540e-01,-1.146337092587471351e-01
-9.590088334715872742e-01,-1.166159013991668880e-02
-9.590088334715872742e-01,-1.166159013991668880e-02
-9.590088334715872742e-01,-1.166159013991668880e-02
-9.590088334715872742e-01,-1.166159013991668880e-02
-9.590088334715872742e-01,-1.166159013991668880e-02
-9.560155500984807153e-01,-3.715627037882066053e-02
-9.560155500984807153e-01,-3.715627037882066053e-02
-9.560155500984807153e-01,-3.715627037882066053e-02
-9.150492688969400490e-01,-1.511791572954111484e-01
-9.150492688969400490e-01,-1.511791572954111484e-01
-8.789496087780265254e-01,-2.134781900322455517e-01
-8.789496087780265254e-01,-2.134781900322455517e-01
-8.789496087780265254e-01,-2.134781900322455517e-01
-8.789496087780265254e-01,-2.134781900322455517e-01
-8.789496087780265254e-01,-2.134781900322455517e-01
-7.470295350257011302e-01,-1.329180990085083169e-01
-7.470295350257011302e-01,-1.329180990085083169e-01
-5.114619930653774293e-01,-1.087912582924274313e-01
-5.114619930653774293e-01,-1.087912582924274313e-01
-5.114619930653774293e-01,-1.087912582924274313e-01
-5.114619930653774293e-01,-1.087912582924274313e-01
-4.848725297083776864e-01,-1.233153287194615755e-01
-4.848725297083776864e-01,-1.233153287194615755e-01
-4.848725297083776864e-01,-1.233153287194615755e-01
-4.848725297083776864e-01,-1.233153287194615755e-01
-4.848725297083776864e-01,-1.233153287194615755e-01
-4.848725297083776864e-01,-1.233153287194615755e-01
-4.848725297083776864e-01,-1.233153287194615755e-01
-4.493344807835049082e-01,-2.429042083404635011e-01
-4.493344807835049082e-01,-2.429042083404635011e-01
-4.493344807835049082e-01,-2.429042083404635011e-01
-4.493344807835049082e-01,-2.429042083404635011e-01
-4.493344807835049082e-01,-2.429042083404635011e-01
-1.863619109358004566e-01,-1.377887013881081146e-01
-2.656363405460000493e-01,-1.617299898900462218e-01
-4.934013574310581185e-01,-2.202215103244647976e-01
-6.232399282591293277e-01,-1.282254840010516039e-01
-6.232399282591293277e-01,-1.282254840010516039e-01
-6.232399282591293277e-01,-1.282254840010516039e-01
-6.007454993861902626e-01,-7.449386112846412278e-02
-6.576781775765908611e-01,-2.114200859594358994e-01
-7.296762442043894792e-01,-1.043538058139091562e-01
-7.296762442043894792e-01,-1.043538058139091562e-01
-6.426125795526773654e-01,1.237984633433752979e-02
-6.647520849282207989e-01,6.399008456472099482e-02
-6.647520849282207989e-01,6.399008456472099482e-02
-6.647520849282207989e-01,6.399008456472099482e-02
-6.647520849282207989e-01,6.399008456472099482e-02
-5.703750950769171935e-01,9.265521789506986350e-04
-5.049385208341704567e-01,7.525584880528043974e-02
-5.547494266795154338e-01,1.598957992275077955e-01
-5.547494266795154338e-01,1.598957992275077955e-01
-5.547494266795154338e-01,1.598957992275077955e-01
-5.188112989621540549e-01,-7.558806330571182786e-03
-5.188112989621540549e-01,-7.558806330571182786e-03
-7.234083473272950870e-01,7.892309009729842062e-02
-6.111617493465932860e-01,1.082572850944502341e-01
-4.358288085065844530e-01,4.600913560912115591e-02
-3.387477661407431451e-01,7.693934179597144984e-02
-3.658978584202083328e-01,-7.643243185691114827e-02
-5.929779436766071665e-01,-1.211781154275665962e-01
-6.261316522238214999e-01,-1.134490982910727336e-01
-7.191596207181512046e-01,-4.967425928579004279e-02
-7.191596207181512046e-01,-4.967425928579004279e-02
-7.191596207181512046e-01,-4.967425928579004279e-02
-6.039819648828861354e-01,-1.050601686866970141e-01
-5.997965327486133313e-01,-2.456726372588255713e-01
-7.370282596602134584e-01,-7.917020095480450936e-02
-7.370282596602134584e-01,-7.917020095480450936e-02
-7.370282596602134584e-01,-7.917020095480450936e-02
-7.027354182200808985e-01,3.623776239623248407e-02
-4.144227693554664027e-01,7.688523570833771803e-03
-4.144227693554664027e-01,7.688523570833771803e-03
-4.144227693554664027e-01,7.688523570833771803e-03
-4.144227693554664027e-01,7.688523570833771803e-03
-4.144227693554664027e-01,7.688523570833771803e-03
-4.144227693554664027e-01,7.688523570833771803e-03
-4.987399965074074126e-01,-2.456032924509732318e-02
-4.269907703958732426e-01,3.373722784963846533e-02
-8.119983238762429334e-01,-6.598203715988638918e-02
-8.119983238762429334e-01,-6.598203715988638918e-02
-7.352492187589542150e-01,-1.091120973919589843e-01
-6.089742562959468142e-01,-5.077917827507091864e-03
-5.981484103857573897e-01,3.320004522222513854e-02
-7.232764137606308985e-01,-1.262013978773227768e-02
-7.232764137606308985e-01,-1.262013978773227768e-02
-7.019474055580231520e-01,2.244747709397004048e-02
-7.019474055580231520e-01,2.244747709397004048e-02
-6.149554028296408958e-01,-1.002411068721862919e-01
-6.149554028296408958e-01,-1.002411068721862919e-01
-6.149554028296408958e-01,-1.002411068721862919e-01
-6.149554028296408958e-01,-1.002411068721862919e-01
-6.149554028296408958e-01,-1.002411068721862919e-01
-6.149554028296408958e-01,-1.002411068721862919e-01
-6.149554028296408958e-01,-1.002411068721862919e-01
-6.149554028296408958e-01,-1.002411068721862919e-01
-8.185645592855851360e-01,-1.896043400310261362e-02
-8.185645592855851360e-01,-1.896043400310261362e-02
-6.007096324407683596e-01,5.518344126971630459e-02
-6.007096324407683596e-01,5.518344126971630459e-02
-6.455694348425731199e-01,-1.927858136686022572e-02
-4.056881115403558891e-01,2.129276598647435875e-02
-4.056881115403558891e-01,2.129276598647435875e-02
-4.056881115403558891e-01,2.129276598647435875e-02
-5.384559374135206022e-01,-1.247487916036087163e-01
-6.096471419554352345e-01,-5.579986594076379036e-02
-6.096471419554352345e-01,-5.579986594076379036e-02
-6.096471419554352345e-01,-5.579986594076379036e-02
-4.556978113718261891e-01,-1.404667086261823794e-01
-6.992645693848295041e-01,-5.565659114516784134e-02
-6.992645693848295041e-01,-5.565659114516784134e-02
-6.992645693848295041e-01,-5.565659114516784134e-02
-4.800599598094487108e-01,-9.143850134910987137e-02
-4.265159601599772254e-01,-1.122914282637887812e-01
-4.265159601599772254e-01,-1.122914282637887812e-01
-5.872848321376258340e-01,3.884466310310197290e-03
-5.604580371472234201e-01,1.176559840588350947e-01
-5.446619447658450630e-01,-1.365484547938073945e-01
-5.989613710411392233e-01,-1.977979922841734406e-01
-5.219479747886477394e-01,-1.430702906539710328e-01
-5.219479747886477394e-01,-1.430702906539710328e-01
-4.175656331505688823e-01,-1.046653759826507435e-02
-4.175656331505688823e-01,-1.046653759826507435e-02
-4.688638930174663377e-01,-1.706500178219053782e-02
-4.563358736899837398e-01,5.786565847832387394e-02
-4.563358736899837398e-01,5.786565847832387394e-02
-4.341931778880473991e-01,1.383135553646697852e-02
-4.542809521565788211e-01,-8.096028850558043000e-02
-4.542809521565788211e-01,-8.096028850558043000e-02
-4.542809521565788211e-01,-8.096028850558043000e-02
-5.562399867785640106e-01,1.691503128710362402e-01
-7.884901912991877371e-01,-7.141053211441561466e-02
-7.734338593732219547e-01,-3.684364439003134928e-02
-5.268101034785175329e-01,-5.337997339550600018e-03
-5.268101034785175329e-01,-5.337997339550600018e-03
-4.419826049700897319e-01,-6.395947721500197525e-02
-4.710605106678294463e-01,-4.856348626870343743e-03
-4.710605106678294463e-01,-4.856348626870343743e-03
-4.630692348298789396e-01,-1.688129669017711110e-01
-6.173169720465239152e-01,7.682849913642206263e-02
-6.173169720465239152e-01,7.682849913642206263e-02
-6.662867949956533531e-01,1.808503742716170704e-01
-7.161453434109872340e-01,4.706840346994348168e-02
-7.161453434109872340e-01,4.706840346994348168e-02
-5.908391607896230635e-01,4.154338653594279174e-02
-5.908391607896230635e-01,4.154338653594279174e-02
-6.983516745182770658e-01,-5.726308775680376273e-02
-6.983516745182770658e-01,-5.726308775680376273e-02
-6.883567518256585860e-01,-1.267967439357495923e-02
-7.411860698222210164e-01,8.121045516591965385e-02
-7.411860698222210164e-01,8.121045516591965385e-02
-5.514952380389217534e-01,1.753898149673754903e-02
-5.176338629571188843e-01,2.138934656274920840e-02
-5.176338629571188843e-01,2.138934656274920840e-02
-7.827659947537493057e-01,-4.528674148817298656e-03
-7.827659947537493057e-01,-4.528674148817298656e-03
-8.239387076554587352e-01,1.204249625077878083e-01
-6.989999193246514420e-01,-1.239171453543380652e-02
-4.430849924098360093e-01,1.263380377011738553e-01
-4.430849924098360093e-01,1.263380377011738553e-01
-4.430849924098360093e-01,1.263380377011738553e-01
-4.430849924098360093e-01,1.263380377011738553e-01
-4.150138355164509907e-01,1.840503998090636251e-01
-5.188028910785773551e-01,1.046257082862002141e-01
-5.188028910785773551e-01,1.046257082862002141e-01
-6.416468546875490064e-01,1.630268341204996752e-01
-6.945779517692447502e-01,1.511961012766043500e-01
-6.945779517692447502e-01,1.511961012766043500e-01
-6.172959414929203303e-01,1.041255683395314602e-02
-6.541562457482875681e-01,-1.998294686829620026e-02
-6.541562457482875681e-01,-1.998294686829620026e-02
-6.541562457482875681e-01,-1.998294686829620026e-02
-6.342046274720329890e-01,7.081523171478171230e-02
-6.342046274720329890e-01,7.081523171478171230e-02
-6.342046274720329890e-01,7.081523171478171230e-02
-6.342046274720329890e-01,7.081523171478171230e-02
-6.342046274720329890e-01,7.081523171478171230e-02
-6.342046274720329890e-01,7.081523171478171230e-02
-6.342046274720329890e-01,7.081523171478171230e-02
-6.342046274720329890e-01,7.081523171478171230e-02
-6.342046274720329890e-01,7.081523171478171230e-02
-6.342046274720329890e-01,7.081523171478171230e-02
-6.055828031114454113e-01,2.981932998394177387e-02
-7.320153160230584710e-01,7.882415180943699862e-02
-7.523203854066329299e-01,1.262423327656925498e-01
-7.523203854066329299e-01,1.262423327656925498e-01
-7.523203854066329299e-01,1.262423327656925498e-01
-8.182278433733971568e-01,2.106498427762832637e-01
-8.182278433733971568e-01,2.106498427762832637e-01
-8.182278433733971568e-01,2.106498427762832637e-01
-7.150187093738484823e-01,2.263619242909159501e-01
-7.150187093738484823e-01,2.263619242909159501e-01
-7.150187093738484823e-01,2.263619242909159501e-01
-7.150187093738484823e-01,2.263619242909159501e-01
-6.919133082498207798e-01,1.226699126719003191e-01
-6.919133082498207798e-01,1.226699126719003191e-01
-6.919133082498207798e-01,1.226699126719003191e-01
-8.642388036326407175e-01,3.753089255582926775e-02
-8.688703715028505137e-01,-6.777952890865716895e-02
-8.688703715028505137e-01,-6.777952890865716895e-02
-8.688703715028505137e-01,-6.777952890865716895e-02
-8.688703715028505137e-01,-6.777952890865716895e-02
-8.850660453469534339e-01,-6.420389706213680547e-02
-8.850660453469534339e-01,-6.420389706213680547e-02
-8.850660453469534339e-01,-6.420389706213680547e-02
-8.850660453469534339e-01,-6.420389706213680547e-02
-7.879179200341289713e-01,-1.820553379086390922e-01
-8.840289656539728202e-01,-8.236906341382095598e-02
-8.840289656539728202e-01,-8.236906341382095598e-02
-8.129147113176601325e-01,1.558510325322961521e-01
-7.322395321086351272e-01,1.357511709523780974e-01
-7.496756605509553584e-01,1.536256284471597122e-01
-8.939485801810905796e-01,6.705734863384632538e-03
-6.048514730375988968e-01,2.091323417682840746e-01
-6.048514730375988968e-01,2.091323417682840746e-01
-6.048514730375988968e-01,2.091323417682840746e-01
-6.844700372072920480e-01,2.293199392454883245e-01
-6.844700372072920480e-01,2.293199392454883245e-01
-6.844700372072920480e-01,2.293199392454883245e-01
-6.844700372072920480e-01,2.293199392454883245e-01
-6.844700372072920480e-01,2.293199392454883245e-01
-7.159171661539254217e-01,1.994972443874085122e-02
-6.702096112812504503e-01,-4.622280829439562311e-02
-6.702096112812504503e-01,-4.622280829439562311e-02
-6.702096112812504503e-01,-4.622280829439562311e-02
-8.618385727575120780e-01,-6.576441779262343079e-02
-6.102216580078871910e-01,-5.104478856318404173e-02
-6.102216580078871910e-01,-5.104478856318404173e-02
-5.186341308322243160e-01,1.725991759108205514e-01
-5.186341308322243160e-01,1.725991759108205514e-01
-5.787158961857917783e-01,-1.275410031617395801e-01
-5.787158961857917783e-01,-1.275410031617395801e-01
-4.936757635872698335e-01,2.637780173734982636e-02
-5.361511884338745482e-01,8.691016891614028461e-03
-5.361511884338745482e-01,8.691016891614028461e-03
-4.509229637890123099e-01,-3.176914609282293495e-02
-4.509229637890123099e-01,-3.176914609282293495e-02
-4.509229637890123099e-01,-3.176914609282293495e-02
-5.700510098822121341e-01,-2.721874424360813671e-02
-5.959899057730142502e-01,-6.852701910410635699e-02
-6.466926481817701911e-01,-7.236218826029845730e-02
-6.466926481817701911e-01,-7.236218826029845730e-02
-5.334709677721393151e-01,-8.897329978236959147e-03
-3.863020904243751330e-01,3.257329619151220351e-02
-3.367785789858723233e-01,-1.502807659117967043e-01
-5.441749050912372265e-01,-2.499054841486686440e-01
-5.441749050912372265e-01,-2.499054841486686440e-01
-4.864031670461101409e-01,-6.053648924354737559e-02
-5.537360775866254636e-01,-6.785362619505906634e-02
-5.183101971386062656e-01,-1.816970184386974552e-01
-5.183101971386062656e-01,-1.816970184386974552e-01
-4.603430554122536766e-01,3.217000641726808219e-02
-4.603430554122536766e-01,3.217000641726808219e-02
-6.132879684898262518e-01,9.995551181163880861e-02
-4.808334877172324995e-01,-2.588858384881889685e-02
-4.752147694189776117e-01,-5.195313832775977358e-02
-4.752147694189776117e-01,-5.195313832775977358e-02
-4.752147694189776117e-01,-5.195313832775977358e-02
-4.752147694189776117e-01,-5.195313832775977358e-02
-7.556382248234596588e-01,-2.829636784381593315e-02
-7.556382248234596588e-01,-2.829636784381593315e-02
-8.495137634208970168e-01,-2.502861427002815026e-02
-8.495137634208970168e-01,-2.502861427002815026e-02
-8.495137634208970168e-01,-2.502861427002815026e-02
-8.495137634208970168e-01,-2.502861427002815026e-02
-8.495137634208970168e-01,-2.502861427002815026e-02
-8.495137634208970168e-01,-2.502861427002815026e-02
-7.226443038922396589e-01,-2.101833623870530410e-01
-6.204008606204537424e-01,-2.561020317104604760e-01
-6.204008606204537424e-01,-2.561020317104604760e-01
-6.204008606204537424e-01,-2.561020317104604760e-01
-5.385579949240062447e-01,-3.168360901312984312e-01
-3.495917768571124018e-01,-1.573388040686993783e-01
-3.495917768571124018e-01,-1.573388040686993783e-01
-3.495917768571124018e-01,-1.573388040686993783e-01
-3.495917768571124018e-01,-1.573388040686993783e-01
-3.087104003461276225e-01,-9.182020526927017756e-02
-3.087104003461276225e-01,-9.182020526927017756e-02
-3.087104003461276225e-01,-9.182020526927017756e-02
-4.219882139511768049e-01,-7.537891043688470238e-02
-4.219882139511768049e-01,-7.537891043688470238e-02
-4.219882139511768049e-01,-7.537891043688470238e-02
-7.403370901954928751e-01,-8.028328542715688909e-02
-7.403370901954928751e-01,-8.028328542715688909e-02
-6.686392819861891601e-01,-1.472103168816165653e-01
-5.657243013386762387e-01,5.234679705716305254e-02
-5.657243013386762387e-01,5.234679705716305254e-02
-5.657243013386762387e-01,5.234679705716305254e-02
-5.657243013386762387e-01,5.234679705716305254e-02
-5.045553020602959737e-01,-8.731329241901349125e-03
-5.045553020602959737e-01,-8.731329241901349125e-03
-5.045553020602959737e-01,-8.731329241901349125e-03
-6.930960209198098187e-01,-2.363851984083526203e-01
-6.930960209198098187e-01,-2.363851984083526203e-01
-6.930960209198098187e-01,-2.363851984083526203e-01
-7.354084304866391752e-01,-3.095864432170455371e-01
-7.354084304866391752e-01,-3.095864432170455371e-01
-4.895083206008254972e-01,-3.334452067922772378e-01
-4.516891938795918326e-01,-2.848129754566784411e-01
-4.870070868000197506e-01,-6.162109336300783391e-02
-4.870070868000197506e-01,-6.162109336300783391e-02
-6.184546699922923718e-01,2.827681508434350122e-02
-6.938965196092707899e-01,9.459479094283350376e-02
-6.938965196092707899e-01,9.459479094283350376e-02
-4.003197142863174629e-01,-1.648760638176464677e-01
-2.718055788439929232e-01,-1.945812736378213503e-01
-4.131615697518075114e-01,-2.398450204747215042e-01
-4.131615697518075114e-01,-2.398450204747215042e-01
-4.994997242836357598e-01,-2.576202795877936547e-01
-4.994997242836357598e-01,-2.576202795877936547e-01
-4.994997242836357598e-01,-2.576202795877936547e-01
-5.404616974566454068e-01,-2.463414674328668896e-01
-5.404616974566454068e-01,-2.463414674328668896e-01
-5.404616974566454068e-01,-2.463414674328668896e-01
-5.347160097681770141e-01,-3.269151286389059274e-01
-5.347160097681770141e-01,-3.269151286389059274e-01
-5.347160097681770141e-01,-3.269151286389059274e-01
-5.569933353747309468e-01,-3.297073999150124668e-01
-5.094192114189886045e-01,-4.180129316354733726e-01
-5.094192114189886045e-01,-4.180129316354733726e-01
-5.094192114189886045e-01,-4.180129316354733726e-01
-5.094192114189886045e-01,-4.180129316354733726e-01
-5.094192114189886045e-01,-4.180129316354733726e-01
-5.094192114189886045e-01,-4.180129316354733726e-01
-6.401110061066302981e-01,-3.040152486998778381e-01
-6.401110061066302981e-01,-3.040152486998778381e-01
-1.507938575307884443e-01,-1.072309996526131515e-01
-1.507938575307884443e-01,-1.072309996526131515e-01
-1.438274881550631601e-01,4.206614638231945258e-02
-1.438274881550631601e-01,4.206614638231945258e-02
-1.438274881550631601e-01,4.206614638231945258e-02
-1.438274881550631601e-01,4.206614638231945258e-02
-1.438274881550631601e-01,4.206614638231945258e-02
-5.151761241828858306e-01,8.952821505727395768e-02
-7.003142351913340669e-01,-1.786577188669460914e-02
-4.974439949832356600e-01,1.177933555675411137e-01
-6.049981821234886592e-01,-4.805627347894708690e-02
-7.560534548180175562e-01,-5.146044497396804612e-02
-7.560534548180175562e-01,-5.146044497396804612e-02
-7.560534548180175562e-01,-5.146044497396804612e-02
-6.420623492224556417e-01,6.539809113526665052e-02
-6.420623492224556417e-01,6.539809113526665052e-02
-4.537275564475949929e-01,4.661409697403211261e-02
-3.304147464179758020e-01,-1.644069038771156510e-01
-3.735875944967593787e-01,-2.964967221447304402e-01
-4.939739502366681245e-01,-3.424624271117569507e-01
-3.985799132904406794e-01,-8.973848878080881164e-02
-4.113177091422537401e-01,2.036527080509453191e-01
-4.113177091422537401e-01,2.036527080509453191e-01
-4.113177091422537401e-01,2.036527080509453191e-01
-4.584024423143889249e-01,-7.862675578001809829e-02
-4.584024423143889249e-01,-7.862675578001809829e-02
-4.584024423143889249e-01,-7.862675578001809829e-02
-7.213666719251443649e-01,7.032223832385606221e-02
-8.121123976955453294e-01,-1.365076981406046219e-01
-8.121123976955453294e-01,-1.365076981406046219e-01
-8.121123976955453294e-01,-1.365076981406046219e-01
-8.330769752958585572e-01,8.406073876361466746e-02
-7.154387852332240172e-01,-3.866684717215992939e-02
-7.154387852332240172e-01,-3.866684717215992939e-02
-7.154387852332240172e-01,-3.866684717215992939e-02
-7.154387852332240172e-01,-3.866684717215992939e-02
-4.807911847802326388e-01,8.705334099942751980e-02
-5.150996738850837087e-01,1.621844628441305725e-01
-6.052534678849845751e-01,-1.711155198529581978e-01
-6.052534678849845751e-01,-1.711155198529581978e-01
-6.052534678849845751e-01,-1.711155198529581978e-01
-6.948373643227327978e-01,-1.230834328209990669e-01
-6.948373643227327978e-01,-1.230834328209990669e-01
-6.948373643227327978e-01,-1.230834328209990669e-01
-6.948373643227327978e-01,-1.230834328209990669e-01
-6.948373643227327978e-01,-1.230834328209990669e-01
-6.948373643227327978e-01,-1.230834328209990669e-01
-5.688918983018154130e-01,-1.068961389991925498e-01
-4.730101202532176474e-01,-3.250890988898485490e-01
-5.064915728329445477e-01,-3.622693884326497193e-01
-5.064915728329445477e-01,-3.622693884326497193e-01
-5.064915728329445477e-01,-3.622693884326497193e-01
-5.328292643522860583e-01,-2.454949591614776216e-01
-5.165864890832526646e-01,-1.243981390819831889e-01
-5.821838827014162998e-01,-1.825030459763226642e-01
-5.821838827014162998e-01,-1.825030459763226642e-01
-5.821838827014162998e-01,-1.825030459763226642e-01
-6.818649983828123373e-01,1.088188721564314898e-01
-6.818649983828123373e-01,1.088188721564314898e-01
-6.818649983828123373e-01,1.088188721564314898e-01
-4.755688706543622635e-01,-8.163919966258828542e-02
-4.755688706543622635e-01,-8.163919966258828542e-02
-5.658509474126078853e-01,3.983252170194552522e-02
-5.658509474126078853e-01,3.983252170194552522e-02
-5.658509474126078853e-01,3.983252170194552522e-02
-5.658509474126078853e-01,3.983252170194552522e-02
-5.658509474126078853e-01,3.983252170194552522e-02
-6.578798491261744763e-01,-1.989628128647853711e-02
-6.578798491261744763e-01,-1.989628128647853711e-02
-7.722390556147280538e-01,1.257458744025632402e-01
-7.980512742621550526e-01,2.063683850995929048e-01
-7.957880358450319935e-01,3.046972874253984775e-01
-7.126418671504279878e-01,1.918417925794406453e-01
-6.235398438575000535e-01,1.870746563133899865e-01
-6.727919847153753796e-01,1.140486354985558587e-01
-6.727919847153753796e-01,1.140486354985558587e-01
-6.727919847153753796e-01,1.140486354985558587e-01
-6.727919847153753796e-01,1.140486354985558587e-01
-7.768900620734120466e-01,-7.900866694915874289e-02
-6.740504590795114437e-01,-1.254555260732053423e-01
-7.078380599123301753e-01,8.971845411239937063e-03
-5.540736408776230082e-01,-1.172065372763559377e-01
-5.540736408776230082e-01,-1.172065372763559377e-01
-5.613698992662095044e-01,1.104362244612539790e-01
-6.357119946572971081e-01,-9.823042634674433726e-02
-4.058146808814543927e-01,-8.634671118252691679e-02
-4.058146808814543927e-01,-8.634671118252691679e-02
-3.873443208033963137e-01,4.645025779915291919e-02
-3.873443208033963137e-01,4.645025779915291919e-02
-3.873443208033963137e-01,4.645025779915291919e-02
-3.873443208033963137e-01,4.645025779915291919e-02
-3.873443208033963137e-01,4.645025779915291919e-02
-3.873443208033963137e-01,4.645025779915291919e-02
-3.873443208033963137e-01,4.645025779915291919e-02
-3.873443208033963137e-01,4.645025779915291919e-02
-3.873443208033963137e-01,4.645025779915291919e-02
-3.873443208033963137e-01,4.645025779915291919e-02
-4.602653593235670471e-01,1.094267959327588080e-01
-5.099324245121672483e-01,1.748676085975539585e-02
-5.152900551143057006e-01,6.550558063008118936e-02
-6.386089098677736331e-01,1.078976661180693630e-01
-6.386089098677736331e-01,1.078976661180693630e-01
-6.350103205648487403e-01,1.252130710519694656e-01
-7.980788977667290229e-01,1.509505866257408457e-01
-5.454793418788421722e-01,2.350398724968672526e-01
-5.454793418788421722e-01,2.350398724968672526e-01
-2.221606352215271807e-01,2.226162740257986716e-01
-2.221606352215271807e-01,2.226162740257986716e-01
-1.549251062563037074e-01,1.941931648090766127e-01
-1.549251062563037074e-01,1.941931648090766127e-01
-1.549251062563037074e-01,1.941931648090766127e-01
-1.549251062563037074e-01,1.941931648090766127e-01
5.529198532221812901e-02,-1.281329031203146673e-01
5.529198532221812901e-02,-1.281329031203146673e-01
5.529198532221812901e-02,-1.281329031203146673e-01
-5.101025132459240108e-02,-7.482278516899744381e-02
-3.960735386587121987e-02,9.084412020734709825e-02
-3.960735386587121987e-02,9.084412020734709825e-02
-2.841282686768816235e-01,1.545980046762674975e-01
-3.666875207656525304e-01,1.841096491779313504e-01
-3.666875207656525304e-01,1.841096491779313504e-01
-3.666875207656525304e-01,1.841096491779313504e-01
-3.666875207656525304e-01,1.841096491779313504e-01
-2.603777956026144258e-01,1.942325455579918259e-01
-3.960090593908377476e-01,1.014378712653466880e-01
-5.881104800430054791e-01,6.830323793945729249e-02
-5.881104800430054791e-01,6.830323793945729249e-02
-5.881104800430054791e-01,6.830323793945729249e-02
-5.881104800430054791e-01,6.830323793945729249e-02
-8.343255247783857298e-01,6.323672670606171609e-02
-8.815731984042782798e-01,2.691465740103134857e-02
-7.500600726010510089e-01,1.934101571762296065e-02
-6.974795941691072088e-01,3.813437535881746693e-02
-5.190274926668112521e-01,9.291731655132963452e-02
-5.190274926668112521e-01,9.291731655132963452e-02
-4.498802490908186402e-01,2.774499925081084784e-01
-5.707669061782307818e-01,-2.800365259740827950e-02
-4.954647075121190736e-01,-1.040978599013841210e-01
-4.058400302541070870e-01,-2.185822827155975423e-02
-3.275745248529193243e-01,6.250115372455189444e-02
-3.275745248529193243e-01,6.250115372455189444e-02
-3.275745248529193243e-01,6.250115372455189444e-02
-3.275745248529193243e-01,6.250115372455189444e-02
-5.321794168398705782e-01,2.520186011018796246e-02
-5.321794168398705782e-01,2.520186011018796246e-02
-5.321794168398705782e-01,2.520186011018796246e-02
-5.321794168398705782e-01,2.520186011018796246e-02
-5.321794168398705782e-01,2.520186011018796246e-02
-5.321794168398705782e-01,2.520186011018796246e-02
-5.321794168398705782e-01,2.520186011018796246e-02
-5.321794168398705782e-01,2.520186011018796246e-02
-5.321794168398705782e-01,2.520186011018796246e-02
-5.321794168398705782e-01,2.520186011018796246e-02
-5.947434812356544587e-01,-1.247045088005848540e-02
-4.619746812852824069e-01,-8.012236793232288545e-02
-5.094345937339127550e-01,-9.656213212081243835e-02
-4.160232793024996600e-01,1.134706451301268348e-01
-4.160232793024996600e-01,1.134706451301268348e-01
-4.649481726289483863e-01,1.623066560933882352e-01
-5.831461158110741172e-01,8.489850342649808701e-02
-5.831461158110741172e-01,8.489850342649808701e-02
-5.915746634580344443e-01,7.189555347890844161e-02
-5.915746634580344443e-01,7.189555347890844161e-02
-5.915746634580344443e-01,7.189555347890844161e-02
-5.815973647710865890e-01,2.571028051386150398e-02
-5.900978477670465461e-01,-1.113616134042455241e-01
-4.493055400712601122e-01,-1.279561776588576394e-01
-6.729743503232070712e-01,4.955730172785244303e-02
-6.729743503232070712e-01,4.955730172785244303e-02
-6.729743503232070712e-01,4.955730172785244303e-02
-4.984568135346493234e-01,4.956848244927736236e-02
-4.984568135346493234e-01,4.956848244927736236e-02
-4.984568135346493234e-01,4.956848244927736236e-02
-4.771424812426875994e-01,1.361830273144449405e-02
-5.793320157304406859e-01,-4.675913549083856452e-02
-5.793320157304406859e-01,-4.675913549083856452e-02
-5.793320157304406859e-01,-4.675913549083856452e-02
-7.053921136444412099e-01,-1.338064445406197678e-01
-7.053921136444412099e-01,-1.338064445406197678e-01
-7.053921136444412099e-01,-1.338064445406197678e-01
-7.053921136444412099e-01,-1.338064445406197678e-01
-7.053921136444412099e-01,-1.338064445406197678e-01
-7.053921136444412099e-01,-1.338064445406197678e-01
-7.053921136444412099e-01,-1.338064445406197678e-01
-5.547866158191432362e-01,-1.693296454010047580e-01
-5.547866158191432362e-01,-1.693296454010047580e-01
-4.630287664314086671e-01,3.912192716450141328e-02
-4.630287664314086671e-01,3.912192716450141328e-02
-5.191930385512811830e-01,7.641112647218462062e-02
-5.191930385512811830e-01,7.641112647218462062e-02
-3.403497169551639168e-01,7.239410310160156181e-02
-3.567816179152207279e-01,-2.969802792672787128e-01
-4.891285348374218023e-01,-1.279404571383346845e-02
-4.891285348374218023e-01,-1.279404571383346845e-02
-7.807063210130837927e-01,3.043226608792307802e-02
-7.807063210130837927e-01,3.043226608792307802e-02
-6.735216726458634895e-01,-2.310989296245499758e-03
-6.735216726458634895e-01,-2.310989296245499758e-03
-6.735216726458634895e-01,-2.310989296245499758e-03
-6.919430313155684464e-01,1.029223644827602924e-01
-6.722685456617149002e-01,3.470397089280347069e-03
-8.252945353786778071e-01,-9.805397516903044397e-02
-7.877947810545884444e-01,-1.952327314454641582e-01
-6.533984581936131963e-01,-1.404794971380483870e-01
-6.533984581936131963e-01,-1.404794971380483870e-01
-2.661633019520694976e-01,-1.400221765984001332e-01
-4.423262162830069455e-01,-1.349869058226920993e-01
-4.423262162830069455e-01,-1.349869058226920993e-01
-6.402681498812798910e-01,-8.666117269216758179e-02
-5.555246345308681999e-01,-1.188547847312840799e-01
-5.555246345308681999e-01,-1.188547847312840799e-01
-4.935240765727125778e-01,-8.411480201052159988e-02
-5.779323210030569147e-01,-1.324006239697100573e-01
-5.779323210030569147e-01,-1.324006239697100573e-01
-5.779323210030569147e-01,-1.324006239697100573e-01
-5.779323210030569147e-01,-1.324006239697100573e-01
-6.295123665964845738e-01,4.269189637972950480e-02
-7.130479549310395626e-01,1.515347489701132089e-01
-7.130479549310395626e-01,1.515347489701132089e-01
-3.906890402425434172e-01,1.463513542830141845e-01
-2.362658997503478131e-01,1.145212026578843884e-01
-2.362658997503478131e-01,1.145212026578843884e-01
-4.933259860454521917e-01,9.738738761562171220e-03
-4.218542012744226910e-01,-1.739958705160272179e-01
-4.218542012744226910e-01,-1.739958705160272179e-01
-4.218542012744226910e-01,-1.739958705160272179e-01
-3.621927980571739147e-01,1.762447295768384548e-01
-4.172796293338412177e-01,6.389629519501992261e-02
-4.194180794330900630e-01,-3.458613927886675099e-02
-3.506412937834681443e-01,-1.767128209139944353e-02
-6.615329188914945702e-01,-1.055908057211907003e-01
-5.650032787391570110e-01,-2.055376942866666834e-01
-5.650032787391570110e-01,-2.055376942866666834e-01
-5.650032787391570110e-01,-2.055376942866666834e-01
-6.028817404216360032e-01,-1.459917444300815881e-01
-6.028817404216360032e-01,-1.459917444300815881e-01
-6.213220279148847780e-01,-1.834825477431034912e-01
-5.573608229980200335e-01,-1.489136559836773122e-01
-5.573608229980200335e-01,-1.489136559836773122e-01
-6.398755914230571662e-01,-4.532687859502446126e-02
-6.398755914230571662e-01,-4.532687859502446126e-02
-4.276306233596671724e-01,-8.153516163059906785e-02
-4.276306233596671724e-01,-8.153516163059906785e-02
-4.276306233596671724e-01,-8.153516163059906785e-02
-4.276306233596671724e-01,-8.153516163059906785e-02
-4.276306233596671724e-01,-8.153516163059906785e-02
-5.353679158149872164e-01,1.513217829822985361e-02
-5.471026792959038376e-01,2.149483881606957525e-02
-5.471026792959038376e-01,2.149483881606957525e-02
-5.471026792959038376e-01,2.149483881606957525e-02
-5.471026792959038376e-01,2.149483881606957525e-02
-5.782842655751788685e-01,-3.281614653005139604e-02
-8.414744856177828192e-01,2.344500740710730446e-01
-8.414744856177828192e-01,2.344500740710730446e-01
-9.508131751400046294e-01,1.010737071491794037e-01
-8.276249814504746949e-01,9.546589742077170315e-02
-8.276249814504746949e-01,9.546589742077170315e-02
-6.606037687925304658e-01,1.411442372776002541e-01
-5.830727360557426131e-01,6.234714322522010022e-02
-5.830727360557426131e-01,6.234714322522010022e-02
-5.830727360557426131e-01,6.234714322522010022e-02
-5.154947553812440075e-01,5.653544010328741959e-02
-6.539836681915218719e-01,8.319118706117188677e-02
-6.539836681915218719e-01,8.319118706117188677e-02
-6.411146528216914442e-01,5.031068635990052634e-02
-6.411146528216914442e-01,5.031068635990052634e-02
-7.577066434534208694e-01,3.465836208505736205e-02
-7.577066434534208694e-01,3.465836208505736205e-02
-7.577066434534208694e-01,3.465836208505736205e-02
-7.577066434534208694e-01,3.465836208505736205e-02
-7.461260673849224867e-01,1.921715478886589779e-01
-6.219099465600839149e-01,1.144620204165318483e-01
-6.591607036259385932e-01,1.092300722410606689e-01
-6.591607036259385932e-01,1.092300722410606689e-01
-6.591607036259385932e-01,1.092300722410606689e-01
-4.728312713558431302e-01,2.460884258648208811e-01
-4.728312713558431302e-01,2.460884258648208811e-01
-4.123628376084089719e-01,-7.530902314559762001e-02
-3.424443569393972320e-01,-2.301632459271119591e-01
-4.989175485111055908e-01,-1.948404087335522950e-01
-3.409135974738104480e-01,-1.169534951518814009e-01
-1.655473078246996466e-01,1.493913427098730873e-01
-3.664361872820078858e-01,3.487574752679595269e-01
-3.664361872820078858e-01,3.487574752679595269e-01
-3.664361872820078858e-01,3.487574752679595269e-01
-3.664361872820078858e-01,3.487574752679595269e-01
-5.069621049643335819e-01,3.285683907633271117e-01
-4.504741392580432491e-01,3.228494090376302084e-01
-4.504741392580432491e-01,3.228494090376302084e-01
-5.080742753155610414e-01,2.228410031091872801e-01
-6.231799670580004946e-01,3.422924780047446047e-01
-6.443127648920586870e-01,2.077447569357211976e-01
-5.400066940987152675e-01,1.963247697084033183e-01
-5.400066940987152675e-01,1.963247697084033183e-01
-5.400066940987152675e-01,1.963247697084033183e-01
-5.400066940987152675e-01,1.963247697084033183e-01
-5.515231107721051407e-01,3.133415010453372007e-02
-5.515231107721051407e-01,3.133415010453372007e-02
-5.515231107721051407e-01,3.133415010453372007e-02
-5.515231107721051407e-01,3.133415010453372007e-02
-5.515231107721051407e-01,3.133415010453372007e-02
-5.515231107721051407e-01,3.133415010453372007e-02
-5.515231107721051407e-01,3.133415010453372007e-02
-5.515231107721051407e-01,3.133415010453372007e-02
-5.515231107721051407e-01,3.133415010453372007e-02
-5.515231107721051407e-01,3.133415010453372007e-02
-5.515231107721051407e-01,3.133415010453372007e-02
-4.833153224218103561e-01,1.613945244200467588e-01
-4.833153224218103561e-01,1.613945244200467588e-01
-4.833153224218103561e-01,1.613945244200467588e-01
-4.833153224218103561e-01,1.613945244200467588e-01
-5.030484480309362905e-01,2.711946985740623095e-01
-5.030484480309362905e-01,2.711946985740623095e-01
-5.671471838385961917e-01,2.317782803191723306e-01
-5.671471838385961917e-01,2.317782803191723306e-01
-5.671471838385961917e-01,2.317782803191723306e-01
-4.333906829488027856e-01,2.123171354081311579e-01
-4.333906829488027856e-01,2.123171354081311579e-01
-4.333906829488027856e-01,2.123171354081311579e-01
-6.216787640680365712e-01,2.286647948528462704e-01
-8.262262812568019754e-01,6.584109594811621280e-03
-8.112887158968257184e-01,-9.132826052437204023e-02
-5.251176537868484928e-01,5.655436944898400986e-02
-5.251176537868484928e-01,5.655436944898400986e-02
-7.979666071182716092e-01,-9.858066526828337950e-02
-7.979666071182716092e-01,-9.858066526828337950e-02
-7.979666071182716092e-01,-9.858066526828337950e-02
-7.979666071182716092e-01,-9.858066526828337950e-02
-7.979666071182716092e-01,-9.858066526828337950e-02
-7.979666071182716092e-01,-9.858066526828337950e-02
-8.335693194474287360e-01,-6.650556134720175816e-02
-7.424848961730736718e-01,-3.505280476022452213e-02
-6.124753497534717317e-01,-1.273553610368346467e-01
-6.124753497534717317e-01,-1.273553610368346467e-01
-3.429830978127216268e-01,4.041001539968058776e-03
-3.429830978127216268e-01,4.041001539968058776e-03
-3.429830978127216268e-01,4.041001539968058776e-03
-4.870629463577978990e-01,-6.106557834676101110e-05
-5.035702788792794093e-01,2.908654580032111678e-02
-3.284925539554640617e-01,-1.459038065783689053e-01
-4.502560125381281919e-01,-2.203056624865380453e-01
-7.121507448964734532e-01,9.745929030570044116e-02
-7.129434257952473875e-01,2.725422605911436147e-01
-7.719349978847056537e-01,1.613712745109802116e-01
-7.719349978847056537e-01,1.613712745109802116e-01
-7.566965498038602522e-01,9.906393598574977921e-02
-7.566965498038602522e-01,9.906393598574977921e-02
-7.019494915937067869e-01,1.463512875281314241e-01
-7.587792868142086977e-01,-1.277287363855330038e-01
-8.051531106213393185e-01,-1.252047368799590055e-02
-7.885927666444422224e-01,-6.784879131692495013e-02
-7.885927666444422224e-01,-6.784879131692495013e-02
-8.619949125212891250e-01,1.445474356585610409e-01
-7.271469605559180982e-01,2.338164217695215541e-02
-7.271469605559180982e-01,2.338164217695215541e-02
-7.271469605559180982e-01,2.338164217695215541e-02
-7.271469605559180982e-01,2.338164217695215541e-02
-3.656412139814499973e-01,6.464574292557126456e-02
-5.281197270080435491e-01,3.271243985337805166e-02
-5.281197270080435491e-01,3.271243985337805166e-02
-5.281197270080435491e-01,3.271243985337805166e-02
-7.062946795215703233e-01,-9.294823748770919547e-02
-6.558269400572227514e-01,1.139459189889703850e-01
-6.558269400572227514e-01,1.139459189889703850e-01
-5.486113716084676240e-01,1.224728526949081381e-01
-3.788938229667129232e-01,-1.068478158666745920e-01
-4.964729120624556957e-01,9.121568804697859079e-02
-4.964729120624556957e-01,9.121568804697859079e-02
-5.213939068017384715e-01,1.649054396318778148e-01
-5.213939068017384715e-01,1.649054396318778148e-01
-4.633285781403329029e-01,-5.160287662558521449e-02
-4.633285781403329029e-01,-5.160287662558521449e-02
-2.993202342508693992e-01,-3.307541339294506333e-01
-2.993202342508693992e-01,-3.307541339294506333e-01
-4.259070403197722232e-01,-2.515035612114747687e-01
-4.259070403197722232e-01,-2.515035612114747687e-01
-4.844855642844864141e-01,-2.999339283791672139e-01
-4.844855642844864141e-01,-2.999339283791672139e-01
-7.254844140097773675e-01,-2.180478535650139937e-01
-7.254844140097773675e-01,-2.180478535650139937e-01
-7.254844140097773675e-01,-2.180478535650139937e-01
-7.254844140097773675e-01,-2.180478535650139937e-01
-7.272278580523352520e-01,-1.410174426685090188e-02
-6.834077521492673002e-01,-1.012293133098832038e-01
-6.834077521492673002e-01,-1.012293133098832038e-01
-6.834077521492673002e-01,-1.012293133098832038e-01
-6.466733572177097988e-01,-1.076484351817526691e-01
-5.688185323781256297e-01,7.368152268631091018e-02
-5.688185323781256297e-01,7.368152268631091018e-02
-6.557438632278952406e-01,-1.730146459837475503e-02
-4.887814816447181299e-01,1.523510014567223680e-01
-5.136023508214430100e-01,8.850424418999318366e-02
-5.136023508214430100e-01,8.850424418999318366e-02
-5.136023508214430100e-01,8.850424418999318366e-02
-5.136023508214430100e-01,8.850424418999318366e-02
-6.422417685545281918e-01,2.608827154137104837e-02
-6.422417685545281918e-01,2.608827154137104837e-02
-6.422417685545281918e-01,2.608827154137104837e-02
-6.471737933567743850e-01,5.838721345418354525e-02
-6.471737933567743850e-01,5.838721345418354525e-02
-5.645196282082999284e-01,-1.030532181255520985e-01
-4.453362332966377957e-01,-1.015520740792513754e-01
-4.453362332966377957e-01,-1.015520740792513754e-01
-6.808380044785214968e-01,-1.659193551415655832e-01
-6.808380044785214968e-01,-1.659193551415655832e-01
-6.808380044785214968e-01,-1.659193551415655832e-01
-7.480922709293911232e-01,-5.386605929973201090e-02
-5.333900300035548936e-01,-2.630140517356054433e-02
-4.453038455662534090e-01,-6.759600244064910279e-02
-5.352957104976842073e-01,-1.756019870346729184e-01
-7.634674718355336509e-01,-1.242495807299829613e-01
-7.634674718355336509e-01,-1.242495807299829613e-01
-7.765449115567323313e-01,7.269289540211465450e-02
-7.765449115567323313e-01,7.269289540211465450e-02
-6.349248831252976011e-01,1.235025078101328333e-01
-5.506093577954807028e-01,6.688183247093155981e-02
-5.422990958900044678e-01,3.864099959769506931e-02
-5.422990958900044678e-01,3.864099959769506931e-02
-5.422990958900044678e-01,3.864099959769506931e-02
-4.110350315595138193e-01,-5.181681837036122840e-02
-4.110350315595138193e-01,-5.181681837036122840e-02
-2.812798896895207235e-01,9.559411232708089901e-02
-2.812798896895207235e-01,9.559411232708089901e-02
-2.988075773264341484e-01,1.373247427829624445e-01
-3.222705675840030204e-01,1.876449814694046703e-01
-3.222705675840030204e-01,1.876449814694046703e-01
-3.058498884639369031e-01,6.671691410646314602e-02
-5.791888028087702756e-01,-7.178619598441625393e-02
-7.472320272481361991e-01,3.915125799331399536e-02
-6.891045850057604394e-01,-2.672023546702993746e-02
-6.891045850057604394e-01,-2.672023546702993746e-02
-6.891045850057604394e-01,-2.672023546702993746e-02
-5.344753699683489900e-01,-3.705078819805879276e-02
-5.383766338700293197e-01,1.327241181853976992e-01
-8.102743100073138693e-01,9.818243882063901196e-02
-7.972638441450701219e-01,-9.111290949969452768e-02
-7.972638441450701219e-01,-9.111290949969452768e-02
-6.669390328380955246e-01,-1.478666806978245485e-01
-6.669390328380955246e-01,-1.478666806978245485e-01
-7.695736172968895561e-01,-1.121532119892681978e-02
-7.695736172968895561e-01,-1.121532119892681978e-02
-7.695736172968895561e-01,-1.121532119892681978e-02
-5.589739569370241190e-01,1.569096152428967050e-02
-5.589739569370241190e-01,1.569096152428967050e-02
-5.700097648728505995e-01,9.240051504413034772e-03
-5.700097648728505995e-01,9.240051504413034772e-03
-5.700097648728505995e-01,9.240051504413034772e-03
-6.222819140521074210e-01,-6.751341608839690756e-02
-5.127684701827057712e-01,1.421864337778678267e-01
-5.127684701827057712e-01,1.421864337778678267e-01
-5.141911530978933165e-01,1.677391003344825271e-01
-4.439252500671617696e-01,4.585361263701730195e-02
-4.439252500671617696e-01,4.585361263701730195e-02
-4.439252500671617696e-01,4.585361263701730195e-02
-4.439252500671617696e-01,4.585361263701730195e-02
-4.439252500671617696e-01,4.585361263701730195e-02
-4.856106063894881086e-01,1.531158524482771899e-01
-6.097845310262982599e-01,1.328560962821705438e-01
-4.458008824937661485e-01,-2.590014393583517371e-02
-4.458008824937661485e-01,-2.590014393583517371e-02
-5.145874527839624513e-01,1.211197858137863514e-01
-3.713249432373757486e-01,1.890078571940845276e-01
-4.949044140574303530e-01,1.950508479549602769e-01
-4.949044140574303530e-01,1.950508479549602769e-01
-4.949044140574303530e-01,1.950508479549602769e-01
-4.949044140574303530e-01,1.950508479549602769e-01
-4.949044140574303530e-01,1.950508479549602769e-01
-4.949044140574303530e-01,1.950508479549602769e-01
-3.851953793203286569e-01,1.117217829303627646e-01
-2.650622781655149751e-01,1.607572731393722143e-01
-2.650622781655149751e-01,1.607572731393722143e-01
-2.650622781655149751e-01,1.607572731393722143e-01
-4.300759137457444981e-01,2.090182651802127978e-01
-3.384039174212130630e-01,1.067367127907856705e-01
-3.384039174212130630e-01,1.067367127907856705e-01
-5.829638547297706364e-01,-5.283686016572777810e-02
-5.829638547297706364e-01,-5.283686016572777810e-02
-7.462779224534943356e-01,-1.208966728405280605e-01
-6.625265368884702966e-01,-2.462306247180766627e-01
-6.625265368884702966e-01,-2.462306247180766627e-01
-6.103417553361646375e-01,-2.669801752863871780e-01
-6.701273751083117736e-01,-2.153650492623647439e-01
-6.701273751083117736e-01,-2.153650492623647439e-01
-6.701273751083117736e-01,-2.153650492623647439e-01
-6.701273751083117736e-01,-2.153650492623647439e-01
-6.701273751083117736e-01,-2.153650492623647439e-01
-6.701273751083117736e-01,-2.153650492623647439e-01
-8.482198799419889967e-01,-7.992747941902506037e-02
-6.372344389391833008e-01,5.178933603434779376e-02
-6.127648255088719020e-01,-6.987515842544515798e-02
-6.127648255088719020e-01,-6.987515842544515798e-02
-6.127648255088719020e-01,-6.987515842544515798e-02
-6.127648255088719020e-01,-6.987515842544515798e-02
-6.127648255088719020e-01,-6.987515842544515798e-02
-5.580878745900682558e-01,5.702813221074465311e-03
-5.580878745900682558e-01,5.702813221074465311e-03
-4.903564604033417984e-01,6.693564241573195239e-02
-5.489702716551522199e-01,-4.207386810689407730e-02
-6.498920244956293280e-01,-1.103788923183975784e-02
-6.498920244956293280e-01,-1.103788923183975784e-02
-6.498920244956293280e-01,-1.103788923183975784e-02
-5.906577602195823840e-01,1.995700395030616525e-01
-5.432715508429633022e-01,1.597411557114289393e-02
-5.432715508429633022e-01,1.597411557114289393e-02
-4.722912273631706959e-01,5.495857920290275755e-02
-4.722912273631706959e-01,5.495857920290275755e-02
-5.355395327769609803e-01,1.619009612099997497e-01
-5.355395327769609803e-01,1.619009612099997497e-01
-4.347527547460359187e-01,2.300182770481243033e-01
-6.949805091662942802e-01,1.128321026868427390e-01
-8.374993377710833187e-01,6.148586912164757945e-02
-8.374993377710833187e-01,6.148586912164757945e-02
-8.276138847237084484e-01,4.385403609705937344e-02
-8.276138847237084484e-01,4.385403609705937344e-02
-8.083992036405365234e-01,-1.575807886735891838e-01
-8.083992036405365234e-01,-1.575807886735891838e-01
-8.083992036405365234e-01,-1.575807886735891838e-01
-8.083992036405365234e-01,-1.575807886735891838e-01
-8.083992036405365234e-01,-1.575807886735891838e-01
-8.242798300095121045e-01,2.268515049368730052e-03
-8.242798300095121045e-01,2.268515049368730052e-03
-8.242798300095121045e-01,2.268515049368730052e-03
-6.164197286864943059e-01,-1.126353534706297232e-01
-6.164197286864943059e-01,-1.126353534706297232e-01
-7.805219910977984066e-01,-1.252476661723689044e-01
-7.805219910977984066e-01,-1.252476661723689044e-01
-7.378592787200537462e-01,2.460457345268837748e-02
-4.307556842758152871e-01,-4.263982375633867949e-02
-4.307556842758152871e-01,-4.263982375633867949e-02
-4.334510421013990089e-01,-3.409447173766092659e-02
-4.334510421013990089e-01,-3.409447173766092659e-02
-4.605765456464627761e-01,-3.535524174085057786e-02
-4.204173468989909068e-01,7.957906679708054432e-03
-4.637334913145664261e-01,-1.309474377945328907e-02
-6.658198127485521756e-01,-2.996915578056101592e-02
-6.161159832846025974e-01,-5.882451324696351402e-02
-5.992148866617920122e-01,-1.510875683830699701e-01
-7.677081065031511331e-01,7.656594480376838208e-03
-6.775228744264649716e-01,-2.017920783700208887e-01
-6.775228744264649716e-01,-2.017920783700208887e-01
-3.281367059089357885e-01,7.006499029059004569e-02
-3.507242571404172726e-01,1.892131088419817531e-01
-3.791302657205691817e-01,7.130252319639972247e-02
-3.791302657205691817e-01,7.130252319639972247e-02
-4.328783328966144262e-01,-8.046424781888550370e-03
-4.328783328966144262e-01,-8.046424781888550370e-03
-4.328783328966144262e-01,-8.046424781888550370e-03
-7.933170808761558224e-01,1.420088328919539566e-01
-6.596634627471695822e-01,1.184655229097874851e-01
-6.596634627471695822e-01,1.184655229097874851e-01
-6.596634627471695822e-01,1.184655229097874851e-01
-6.596634627471695822e-01,1.184655229097874851e-01
-4.495128577444841289e-01,-3.332541999648186426e-02
-4.495128577444841289e-01,-3.332541999648186426e-02
-4.887700230752792807e-01,-5.148295258514899025e-02
-4.887700230752792807e-01,-5.148295258514899025e-02
-4.887700230752792807e-01,-5.148295258514899025e-02
-4.887700230752792807e-01,-5.148295258514899025e-02
-4.887700230752792807e-01,-5.148295258514899025e-02
-4.837010288605024244e-01,-4.022366549699923910e-02
-4.837010288605024244e-01,-4.022366549699923910e-02
-6.017531667771376380e-01,-1.477614503552569514e-01
-6.017531667771376380e-01,-1.477614503552569514e-01
-6.017531667771376380e-01,-1.477614503552569514e-01
-6.017531667771376380e-01,-1.477614503552569514e-01
-5.508438307742545836e-01,-2.401876369657859889e-02
-5.508438307742545836e-01,-2.401876369657859889e-02
-5.601531308112946972e-01,-9.186751041386322092e-02
-4.718619449168840463e-01,1.714357869027997028e-01
-5.873670347696633431e-01,3.333753700396633324e-01
-6.206771018889437608e-01,2.282130319701322074e-01
-6.206771018889437608e-01,2.282130319701322074e-01
-6.206771018889437608e-01,2.282130319701322074e-01
-5.381218530223224050e-01,2.621415193127481502e-01
-4.217817860134648322e-01,4.696196732044738420e-02
-4.217817860134648322e-01,4.696196732044738420e-02
-4.217817860134648322e-01,4.696196732044738420e-02
-4.217817860134648322e-01,4.696196732044738420e-02
-4.217817860134648322e-01,4.696196732044738420e-02
-5.204756509999612923e-01,2.519774487646558314e-01
-5.204756509999612923e-01,2.519774487646558314e-01
-5.204756509999612923e-01,2.519774487646558314e-01
-3.457246583479023361e-01,2.864318758183457270e-01
-3.457246583479023361e-01,2.864318758183457270e-01
-3.599442306866865171e-01,6.734151815031921839e-02
-3.599442306866865171e-01,6.734151815031921839e-02
-3.599442306866865171e-01,6.734151815031921839e-02
-3.599442306866865171e-01,6.734151815031921839e-02
-5.002677112219902078e-01,1.536450826168226508e-02
-4.521241909235112488e-01,1.278365468579501819e-02
-4.521241909235112488e-01,1.278365468579501819e-02
-4.472199870130745825e-01,-6.038417714696075675e-03
-4.472199870130745825e-01,-6.038417714696075675e-03
-4.472199870130745825e-01,-6.038417714696075675e-03
-7.252220320536391096e-01,-1.176160254737536465e-01
-8.716924587277058434e-01,9.676688999979869699e-02
-7.368690439790801516e-01,8.116878853962493368e-02
-5.341702335309614913e-01,-3.328619343229428928e-02
-5.342173707618654843e-01,7.134241655618267508e-03
-7.016354532009956291e-01,-7.488646182880662194e-02
-7.016354532009956291e-01,-7.488646182880662194e-02
-7.417970192724665512e-01,-8.302437688974695362e-02
-7.417970192724665512e-01,-8.302437688974695362e-02
-4.943913469063752619e-01,-2.792428172506662420e-01
-6.502197299712744183e-01,-1.527500022298769466e-01
-6.502197299712744183e-01,-1.527500022298769466e-01
-6.502197299712744183e-01,-1.527500022298769466e-01
-6.502197299712744183e-01,-1.527500022298769466e-01
-6.502197299712744183e-01,-1.527500022298769466e-01
-7.715484680688270425e-01,-1.079417752348602044e-02
-7.715484680688270425e-01,-1.079417752348602044e-02
-7.715484680688270425e-01,-1.079417752348602044e-02
-5.838010174004903963e-01,-1.280490415379800240e-01
-5.838010174004903963e-01,-1.280490415379800240e-01
-7.219319951652984901e-01,-6.224180706208479186e-02
-6.768580315047911800e-01,4.585832171994713713e-02
-6.768580315047911800e-01,4.585832171994713713e-02
-6.635763505577257915e-01,1.020699447025778250e-01
-5.001323461511160140e-01,-1.250056149161046515e-01
-5.723357339047199233e-01,1.113925697255287728e-01
-5.723357339047199233e-01,1.113925697255287728e-01
-5.189201617744605421e-01,8.045175503266760453e-02
-7.081590117938961759e-01,1.041369980211647034e-01
-5.587823099109283653e-01,-5.506144859436785943e-02
-5.587823099109283653e-01,-5.506144859436785943e-02
-5.587823099109283653e-01,-5.506144859436785943e-02
-6.423646641661081569e-01,7.021376107103226294e-02
-6.423646641661081569e-01,7.021376107103226294e-02
-6.423646641661081569e-01,7.021376107103226294e-02
-6.423646641661081569e-01,7.021376107103226294e-02
-7.551717640148059019e-01,4.070370147508330094e-02
-7.551717640148059019e-01,4.070370147508330094e-02
-7.551717640148059019e-01,4.070370147508330094e-02
-5.917361010316519732e-01,8.605826140346539699e-02
-5.917361010316519732e-01,8.605826140346539699e-02
-5.917361010316519732e-01,8.605826140346539699e-02
-5.533763723445673799e-01,2.576477005899152073e-01
-5.533763723445673799e-01,2.576477005899152073e-01
-5.533763723445673799e-01,2.576477005899152073e-01
-5.455031917882731118e-01,2.288529875663622426e-01
-5.455031917882731118e-01,2.288529875663622426e-01
-5.455031917882731118e-01,2.288529875663622426e-01
-7.667281521477603556e-01,8.783133004812629374e-02
-5.608855149600376899e-01,-1.012942847043303007e-01
-5.608855149600376899e-01,-1.012942847043303007e-01
-4.793979627790277975e-01,-1.136187404034563753e-02
-4.811609803035204469e-01,1.642228863968328914e-02
-7.173844773673418995e-01,2.486854566087240426e-02
-7.716549241545475057e-01,3.815795462349449302e-02
-4.882490404237537773e-01,9.714523834654650858e-02
-4.882490404237537773e-01,9.714523834654650858e-02
-4.882490404237537773e-01,9.714523834654650858e-02
-4.882490404237537773e-01,9.714523834654650858e-02
-8.582397967852001264e-01,-1.177499550157915797e-01
-8.547927128386820783e-01,1.179508195616352229e-02
-9.743379525523286899e-01,-5.669412507348046970e-02
-9.743379525523286899e-01,-5.669412507348046970e-02
-6.631177614340284521e-01,-3.639592080340918190e-01
-6.984197211305591679e-01,-3.843637843296934253e-01
-6.495208293741235872e-01,-3.872369908215767542e-01
-7.160964760828705256e-01,-2.308986723615757131e-01
-7.314881265215065209e-01,-1.222084500614784297e-01
-7.314881265215065209e-01,-1.222084500614784297e-01
-6.489717364454530291e-01,-2.742211829624170705e-02
-7.718940811550554226e-01,-2.181880990692938033e-03
-7.718940811550554226e-01,-2.181880990692938033e-03
-7.718940811550554226e-01,-2.181880990692938033e-03
-7.855788211947730693e-01,-2.100358959603980738e-02
-7.855788211947730693e-01,-2.100358959603980738e-02
-8.191132314033423567e-01,4.486734789204348262e-02
-8.191132314033423567e-01,4.486734789204348262e-02
-8.191132314033423567e-01,4.486734789204348262e-02
-7.328711304241033453e-01,-8.968812972569850661e-04
-5.696558101459565648e-01,1.955056560471093441e-01
-5.303722427166315256e-01,7.999416829658578809e-02
-6.005908060318718711e-01,-2.789262903874938082e-02
-6.005908060318718711e-01,-2.789262903874938082e-02
-5.433249336049197353e-01,-1.023792785857362622e-02
-6.003887376560594902e-01,-4.719849569890550989e-02
-6.471562417999490169e-01,1.152905886167506361e-01
-6.471562417999490169e-01,1.152905886167506361e-01
-6.996242659154197074e-01,7.628507403711695667e-02
-6.996242659154197074e-01,7.628507403711695667e-02
-6.996242659154197074e-01,7.628507403711695667e-02
-6.996242659154197074e-01,7.628507403711695667e-02
-6.996242659154197074e-01,7.628507403711695667e-02
-6.996242659154197074e-01,7.628507403711695667e-02
-6.996242659154197074e-01,7.628507403711695667e-02
-5.939141756695832663e-01,-3.989604165633631183e-02
-5.241360700495225622e-01,-5.143107444608177592e-02
-6.234498788237782252e-01,-1.388883162691966211e-01
-6.234498788237782252e-01,-1.388883162691966211e-01
-6.664755960172794591e-01,-3.314519375500939169e-02
-7.079127785832958208e-01,-1.500664429899304930e-01
-7.034383248387562348e-01,7.013439916253616513e-02
-7.034383248387562348e-01,7.013439916253616513e-02
-7.034383248387562348e-01,7.013439916253616513e-02
-9.879783484069279975e-01,-7.902756517001638392e-02
-9.879783484069279975e-01,-7.902756517001638392e-02
-1.025232417007576169e+00,-1.717695659389242846e-03
-1.025232417007576169e+00,-1.717695659389242846e-03
-9.604882426692771258e-01,-2.564278386592399456e-02
-7.164061523912471641e-01,-2.911605832265979493e-03
-7.164061523912471641e-01,-2.911605832265979493e-03
-8.311982039062596472e-01,-2.716796395519116211e-02
-8.311982039062596472e-01,-2.716796395519116211e-02
-6.315987085560718084e-01,-6.439445900378769350e-02
-6.315987085560718084e-01,-6.439445900378769350e-02
-6.369503148588092634e-01,1.206313082974466849e-01
-5.360109837738535887e-01,1.516155874769125889e-01
-5.360109837738535887e-01,1.516155874769125889e-01
-6.575938318935949933e-01,2.742778408647992272e-01
-6.909315499146755357e-01,3.216455889205891983e-01
-5.987871772248637425e-01,3.501338742739592558e-01
-4.609697156681058505e-01,8.048336978276682263e-02
-4.831741572226005976e-01,6.224027166486666152e-02
-5.982704389917808951e-01,-1.366761229859402293e-01
-5.982704389917808951e-01,-1.366761229859402293e-01
-4.496539082742741500e-01,-9.302987329047510134e-02
-5.444742678438840855e-01,7.623429115037105852e-02
-5.530480187809377890e-01,-2.736053600734124347e-02
-5.530480187809377890e-01,-2.736053600734124347e-02
-5.530480187809377890e-01,-2.736053600734124347e-02
-4.609059181097920899e-01,-3.726199863952152358e-03
-4.609059181097920899e-01,-3.726199863952152358e-03
-5.292778502766359860e-01,4.549045119953434163e-03
-5.292778502766359860e-01,4.549045119953434163e-03
-3.641963129129947574e-01,8.630608260844666035e-02
-3.641963129129947574e-01,8.630608260844666035e-02
-5.529800142227877524e-01,1.707792384823005882e-01
-5.529800142227877524e-01,1.707792384823005882e-01
-5.529800142227877524e-01,1.707792384823005882e-01
-5.227937223540224387e-01,1.942576788874728067e-01
-5.227937223540224387e-01,1.942576788874728067e-01
-6.355603245045660099e-01,1.008726704404816488e-01
-6.355603245045660099e-01,1.008726704404816488e-01
-6.355603245045660099e-01,1.008726704404816488e-01
-7.274370697558161236e-01,1.981523978873717673e-01
-8.493892639664040178e-01,8.336830375316788000e-02
-7.264331644469766980e-01,-6.561208891763141426e-02
-6.379987845263106472e-01,1.358880892888292835e-01
-5.546774434063677095e-01,1.371111491576443575e-01
-6.029947746629653604e-01,2.951990098123974393e-01
-6.029947746629653604e-01,2.951990098123974393e-01
-5.752077298424577156e-01,2.036389016230326365e-01
-4.944001807820401773e-01,2.573916802501243772e-01
-4.944001807820401773e-01,2.573916802501243772e-01
-5.683768045370752864e-01,4.099754156703773744e-01
-5.683768045370752864e-01,4.099754156703773744e-01
-5.683768045370752864e-01,4.099754156703773744e-01
-3.111801581096798053e-01,3.513228608787117846e-01
-3.111801581096798053e-01,3.513228608787117846e-01
-3.111801581096798053e-01,3.513228608787117846e-01
-5.062763748994721924e-01,4.668338601467620919e-01
-5.062763748994721924e-01,4.668338601467620919e-01
-6.872782785618987145e-01,2.266300379531097087e-01
-6.872782785618987145e-01,2.266300379531097087e-01
-7.177875164205147485e-01,1.520098717558566737e-01
-6.080751432874110796e-01,-1.119374743879893996e-01
-6.239483945465672532e-01,-5.160588830439995223e-02
-6.239483945465672532e-01,-5.160588830439995223e-02
-6.239483945465672532e-01,-5.160588830439995223e-02
-5.712160270705454179e-01,1.064792716475494033e-02
-5.712160270705454179e-01,1.064792716475494033e-02
-5.042735310618094990e-01,-1.495225697550318644e-01
-5.042735310618094990e-01,-1.495225697550318644e-01
-5.042735310618094990e-01,-1.495225697550318644e-01
-5.042735310618094990e-01,-1.495225697550318644e-01
-5.042735310618094990e-01,-1.495225697550318644e-01
-5.350553509934742324e-01,1.347139464998714509e-02
-5.350553509934742324e-01,1.347139464998714509e-02
-4.343498380410829585e-01,9.010811124575975051e-02
-4.343498380410829585e-01,9.010811124575975051e-02
-4.343498380410829585e-01,9.010811124575975051e-02
-4.343498380410829585e-01,9.010811124575975051e-02
-4.343498380410829585e-01,9.010811124575975051e-02
-5.202956451851726838e-01,1.467408506569183868e-01
-5.202956451851726838e-01,1.467408506569183868e-01
-5.574246478884675726e-01,1.204259457296712743e-01
-6.138738216675219128e-01,1.793423989850998490e-01
-6.138738216675219128e-01,1.793423989850998490e-01
-6.138738216675219128e-01,1.793423989850998490e-01
-5.855179383675083171e-01,4.722688484026477118e-02
-4.948676827162669101e-01,2.967419663548134801e-02
-6.959206556196010363e-01,-6.893468547484465914e-02
-7.330912541326670695e-01,-2.074031288192798583e-02
-6.017784972157176338e-01,8.002346957047701270e-02
-4.599552078541978006e-01,-3.108531860188488982e-02
-4.599552078541978006e-01,-3.108531860188488982e-02
-3.956774111690828932e-01,1.239094285276983592e-02
-3.956774111690828932e-01,1.239094285276983592e-02
-4.860855586539273854e-01,5.689897039720530000e-03
-4.860855586539273854e-01,5.689897039720530000e-03
-5.568201380196143857e-01,1.997374764150087328e-02
-5.568201380196143857e-01,1.997374764150087328e-02
-5.568201380196143857e-01,1.997374764150087328e-02
-7.078402101841269056e-01,-5.882904705857457811e-02
-6.315876328034591980e-01,3.813672766825627891e-03
-6.315876328034591980e-01,3.813672766825627891e-03
-6.590475956590629014e-01,1.059711156775121621e-01
-6.590475956590629014e-01,1.059711156775121621e-01
-8.050069515315901869e-01,-1.260010947939359249e-02
-8.050069515315901869e-01,-1.260010947939359249e-02
-6.955580917855604950e-01,-5.233378600200477154e-02
-6.955580917855604950e-01,-5.233378600200477154e-02
-6.955580917855604950e-01,-5.233378600200477154e-02
-6.955580917855604950e-01,-5.233378600200477154e-02
-6.955580917855604950e-01,-5.233378600200477154e-02
-6.955580917855604950e-01,-5.233378600200477154e-02
-4.892803791062865226e-01,1.306652553767627678e-01
-6.663716367463188295e-01,1.001505053481296370e-01
-6.270076952318515140e-01,4.740232491402110448e-03
-5.975303933440063719e-01,9.102043551168716162e-02
-6.907353336222293860e-01,-1.612103083633050771e-01
-6.907353336222293860e-01,-1.612103083633050771e-01
-6.907353336222293860e-01,-1.612103083633050771e-01
-6.470818127920040519e-01,5.949960198832623948e-02
-4.800605968872758700e-01,6.284003765949196241e-03
-5.510236657677647365e-01,-4.734596098804558229e-02
-5.510236657677647365e-01,-4.734596098804558229e-02
-5.642421918285838167e-01,-3.586844330309912898e-02
-6.358792971267512861e-01,-2.618871109981857695e-02
-6.358792971267512861e-01,-2.618871109981857695e-02
-6.358792971267512861e-01,-2.618871109981857695e-02
-6.358792971267512861e-01,-2.618871109981857695e-02
-6.358792971267512861e-01,-2.618871109981857695e-02
-7.138193923266911156e-01,1.113721476628624918e-01
-4.785975120364024948e-01,-6.001089342488125089e-02
-4.785975120364024948e-01,-6.001089342488125089e-02
-4.776044106437064007e-01,1.591538612670789221e-01
-5.890987804934668670e-01,1.597464668804437216e-01
-4.229500477513322698e-01,-1.491170744401202064e-01
-4.111868745884468823e-01,-2.127865528142798279e-01
-4.737816764903217126e-01,7.290310289547324851e-02
-4.737816764903217126e-01,7.290310289547324851e-02
-7.902979732739792151e-01,9.039646320637466370e-02
-7.902979732739792151e-01,9.039646320637466370e-02
-7.902979732739792151e-01,9.039646320637466370e-02
-7.902979732739792151e-01,9.039646320637466370e-02
-7.902979732739792151e-01,9.039646320637466370e-02
-7.902979732739792151e-01,9.039646320637466370e-02
-7.902979732739792151e-01,9.039646320637466370e-02
-5.281425451443128027e-01,1.413150883041992822e-02
-5.981106808322306234e-01,1.369919910831493559e-01
-5.323609200246792739e-01,2.069631247274219543e-01
-5.323609200246792739e-01,2.069631247274219543e-01
-3.138761257758639900e-01,1.461523703013647424e-01
-3.907933051168042127e-01,-1.171194878581499621e-03
-3.907933051168042127e-01,-1.171194878581499621e-03
-3.907933051168042127e-01,-1.171194878581499621e-03
-3.907933051168042127e-01,-1.171194878581499621e-03
-3.907933051168042127e-01,-1.171194878581499621e-03
-5.301203696799465792e-01,-5.706059648976203463e-02
-6.073008040552421161e-01,-7.201795188068754738e-02
-6.073008040552421161e-01,-7.201795188068754738e-02
-6.073008040552421161e-01,-7.201795188068754738e-02
-6.456050070310248579e-01,-1.049387362721580924e-01
-8.358597825052944685e-01,-1.771519570385365339e-01
-5.557791254260722180e-01,6.421267282856937819e-02
-5.557791254260722180e-01,6.421267282856937819e-02
-5.557791254260722180e-01,6.421267282856937819e-02
-7.201617532533364230e-01,4.649546407787798208e-02
-7.201617532533364230e-01,4.649546407787798208e-02
-8.001260603215600842e-01,1.201647341983637512e-01
-8.001260603215600842e-01,1.201647341983637512e-01
-6.032045177668823310e-01,2.224074963617673761e-01
-4.182433815142375666e-01,-5.918491729773178722e-02
-4.519206340553232892e-01,-3.117267558965358329e-02
-4.994915737420916324e-01,2.659178090034797562e-02
-5.518334584383677299e-01,-1.062158316365653388e-01
-3.717025064666141798e-01,-2.545174131686164243e-01
-5.731890551816651858e-01,-3.842666734365871584e-01
-5.731890551816651858e-01,-3.842666734365871584e-01
-5.731890551816651858e-01,-3.842666734365871584e-01
-6.554529202248000619e-01,-3.074029416320440689e-01
-6.674142241970744127e-01,-1.872508856740496275e-01
-4.767277368411064753e-01,-1.973752212597594258e-01
-3.577315991797648254e-01,7.333240851820010953e-02
-3.285082607552544665e-01,2.424844686800260024e-02
-3.285082607552544665e-01,2.424844686800260024e-02
-3.285082607552544665e-01,2.424844686800260024e-02
-4.586892114689348210e-01,-2.858004905972601900e-02
-8.371759607977455886e-01,3.990826082099737521e-02
-6.116090945647728594e-01,9.109915326685877335e-02
-6.116090945647728594e-01,9.109915326685877335e-02
-6.116090945647728594e-01,9.109915326685877335e-02
-6.116090945647728594e-01,9.109915326685877335e-02
-6.608348910301399259e-01,2.183438753583049341e-01
-6.901876226786662905e-01,1.826425387038654591e-01
-5.342703159191758422e-01,1.763071130485707183e-01
-5.342703159191758422e-01,1.763071130485707183e-01
-7.037863573004304873e-01,5.402906443415410320e-02
-7.037863573004304873e-01,5.402906443415410320e-02
-7.037863573004304873e-01,5.402906443415410320e-02
-7.037863573004304873e-01,5.402906443415410320e-02
-7.037863573004304873e-01,5.402906443415410320e-02
-4.787353688956704767e-01,8.643682248805359403e-02
-3.404157241088755503e-01,4.228313086071731203e-02
-3.467824138844637916e-01,-1.114467209609985854e-02
-4.424476393293665932e-01,-2.577650049503761934e-02
-4.424476393293665932e-01,-2.577650049503761934e-02
-4.424476393293665932e-01,-2.577650049503761934e-02
-4.868537875721578034e-01,5.873453224903817105e-02
-4.868537875721578034e-01,5.873453224903817105e-02
-3.671973083161222950e-01,-1.170829174503276726e-02
-3.671973083161222950e-01,-1.170829174503276726e-02
-3.671973083161222950e-01,-1.170829174503276726e-02
-3.686224958731296741e-01,6.499667176064415075e-02
-5.426412393929374023e-01,1.779430206254592750e-01
-5.679694378444528624e-01,3.784699342581362980e-01
-6.189094519808617800e-01,3.191233379940181525e-01
-6.862692507149996679e-01,2.874229012841497677e-01
-7.731143629054140209e-01,2.857621227731614311e-01
-7.731143629054140209e-01,2.857621227731614311e-01
-7.731143629054140209e-01,2.857621227731614311e-01
-7.731143629054140209e-01,2.857621227731614311e-01
-6.782844478618227368e-01,2.183479720463217810e-01
-6.782844478618227368e-01,2.183479720463217810e-01
-7.996939006141244866e-01,1.138517292086542176e-01
-7.996939006141244866e-01,1.138517292086542176e-01
-8.062601149824264457e-01,7.458231127011660799e-02
-8.062601149824264457e-01,7.458231127011660799e-02
-7.535603839598065123e-01,4.692747937019171867e-02
-7.535603839598065123e-01,4.692747937019171867e-02
-8.416323715483879919e-01,-5.233669274053226461e-02
-8.416323715483879919e-01,-5.233669274053226461e-02
-8.485253581949274704e-01,-1.220618889773763399e-01
-8.485253581949274704e-01,-1.220618889773763399e-01
-4.729702410001059842e-01,-2.926016423128529609e-01
-4.729702410001059842e-01,-2.926016423128529609e-01
-4.936195560322816922e-01,-2.237895847985751918e-01
-3.989917642107749240e-01,-2.026279260060731280e-01
-3.989917642107749240e-01,-2.026279260060731280e-01
-4.392816802543780819e-01,-3.669828888599660499e-02
-6.087449254847290270e-01,-2.669734926158344457e-02
-3.482340045007949469e-01,-3.145323427710573772e-02
-4.465178357812286669e-01,-6.157760382540346245e-02
-4.687270507683122256e-01,-1.262783010227867542e-01
-2.919127883376828603e-01,6.612315296467746739e-03
-3.073661382791788577e-01,1.959358076810042426e-01
-3.073661382791788577e-01,1.959358076810042426e-01
-4.775458592937851243e-01,2.970889560562541831e-01
-5.820473162065057382e-01,2.721946448243638961e-01
-5.820473162065057382e-01,2.721946448243638961e-01
-6.005017354312039979e-01,8.275297556702598811e-02
-6.005017354312039979e-01,8.275297556702598811e-02
-6.435753710038950581e-01,1.521449636495281199e-01
-7.007367639027547446e-01,1.104457627342218945e-01
-7.007367639027547446e-01,1.104457627342218945e-01
-5.226114401485576488e-01,7.879697448422734452e-02
-7.545269972850556783e-01,-6.504183653140482857e-03
-7.545269972850556783e-01,-6.504183653140482857e-03
-7.545269972850556783e-01,-6.504183653140482857e-03
-7.545269972850556783e-01,-6.504183653140482857e-03
-5.945085171235944266e-01,2.183348299324187058e-01
-5.945085171235944266e-01,2.183348299324187058e-01
-5.945085171235944266e-01,2.183348299324187058e-01
-6.645590600692918848e-01,3.467541412912207299e-01
-4.221549847808360179e-01,1.631206979302056714e-01
-4.221549847808360179e-01,1.631206979302056714e-01
-5.098209933157404894e-01,1.381853921374490979e-01
-3.456964057907739862e-01,1.500225426325325351e-01
-3.160911390817091604e-01,1.174736413496599297e-02
-6.207450915670352787e-01,1.234909200935771501e-01
-6.207450915670352787e-01,1.234909200935771501e-01
-6.207450915670352787e-01,1.234909200935771501e-01
-6.207450915670352787e-01,1.234909200935771501e-01
-6.346643690120680192e-01,9.754321900357613984e-02
-6.346643690120680192e-01,9.754321900357613984e-02
-5.656826426901623295e-01,1.493288702042764315e-01
-5.001930874534562532e-01,8.649814889356095826e-02
-6.170467515427934257e-01,1.053957114340552115e-02
-6.204796239041873163e-01,-7.064277791880345381e-02
-6.204796239041873163e-01,-7.064277791880345381e-02
-6.204796239041873163e-01,-7.064277791880345381e-02
-5.484574613070924975e-01,1.666114868037554819e-01
-5.484574613070924975e-01,1.666114868037554819e-01
-5.484574613070924975e-01,1.666114868037554819e-01
-5.270414103602083511e-01,-2.136436546528683311e-02
-5.270414103602083511e-01,-2.136436546528683311e-02
-5.270414103602083511e-01,-2.136436546528683311e-02
-5.270414103602083511e-01,-2.136436546528683311e-02
-5.270414103602083511e-01,-2.136436546528683311e-02
-5.210538315513028040e-01,-1.257097461788795889e-01
-5.210538315513028040e-01,-1.257097461788795889e-01
-5.333796827205269375e-01,-2.366448609650554924e-01
-5.333796827205269375e-01,-2.366448609650554924e-01
-6.148273833361946883e-01,-1.217008329450606496e-01
-6.148273833361946883e-01,-1.217008329450606496e-01
-5.592976402393660118e-01,-1.088857710498765952e-01
-7.419659216516132361e-01,-5.981123818000757403e-02
-7.419659216516132361e-01,-5.981123818000757403e-02
-7.419659216516132361e-01,-5.981123818000757403e-02
-5.616444895644499002e-01,-3.811430872559730398e-02
-9.123932473789306830e-01,-2.130033724046579979e-01
-8.112842054882544174e-01,-1.588630255042388362e-01
-8.112842054882544174e-01,-1.588630255042388362e-01
-8.707895242861484197e-01,-1.646133102729799846e-01
-8.707895242861484197e-01,-1.646133102729799846e-01
-8.707895242861484197e-01,-1.646133102729799846e-01
-8.707895242861484197e-01,-1.646133102729799846e-01
-5.616896452439771315e-01,-1.555681497890352427e-01
-7.268091907372542515e-01,7.518641490567842811e-02
-7.557047293816302469e-01,1.359907086005232857e-01
-7.557047293816302469e-01,1.359907086005232857e-01
-7.557047293816302469e-01,1.359907086005232857e-01
-6.524724651491846661e-01,1.556982999618142238e-01
-6.524724651491846661e-01,1.556982999618142238e-01
-7.021868615840860528e-01,-1.207219571020232141e-01
-5.901023301100378760e-01,1.628887403457133232e-01
-4.994485627651253923e-01,2.105807421454659323e-01
-4.994485627651253923e-01,2.105807421454659323e-01
-4.994485627651253923e-01,2.105807421454659323e-01
-4.994485627651253923e-01,2.105807421454659323e-01
-4.994485627651253923e-01,2.105807421454659323e-01
-5.631975473183604697e-01,-1.187596242516078537e-02
-5.631975473183604697e-01,-1.187596242516078537e-02
-6.862599092915409038e-01,1.972255023915291672e-01
-5.846358953506041178e-01,-3.929383296110533497e-02
-3.788575941290345250e-01,-7.187864868714918809e-02
-3.788575941290345250e-01,-7.187864868714918809e-02
-3.788575941290345250e-01,-7.187864868714918809e-02
-3.788575941290345250e-01,-7.187864868714918809e-02
-3.788575941290345250e-01,-7.187864868714918809e-02
-3.788575941290345250e-01,-7.187864868714918809e-02
-5.701730301125481626e-01,-1.603686541802660792e-01
-5.701730301125481626e-01,-1.603686541802660792e-01
-5.701730301125481626e-01,-1.603686541802660792e-01
-4.487632843038258934e-01,2.417404803270520319e-02
-4.504676831695432204e-01,-7.250431354239286752e-02
-4.504676831695432204e-01,-7.250431354239286752e-02
-4.504676831695432204e-01,-7.250431354239286752e-02
-4.946393857609345246e-01,-6.916851299261475572e-02
-4.946393857609345246e-01,-6.916851299261475572e-02
-5.684801375317573013e-01,-1.676354573736662523e-01
-5.684801375317573013e-01,-1.676354573736662523e-01
-5.684801375317573013e-01,-1.676354573736662523e-01
-4.797139066294475729e-01,-1.161582441859455861e-01
-4.234750430808109645e-01,-1.606491124182188590e-01
-5.449553508344917585e-01,-2.669804157850515502e-01
-5.449553508344917585e-01,-2.669804157850515502e-01
-5.824152810835828697e-01,-2.137681860515283638e-01
-5.824152810835828697e-01,-2.137681860515283638e-01
-5.824152810835828697e-01,-2.137681860515283638e-01
-5.824152810835828697e-01,-2.137681860515283638e-01
-4.718934347966875498e-01,3.044612739045421401e-02
-4.718934347966875498e-01,3.044612739045421401e-02
-6.197801598192620443e-01,5.673251370091998702e-02
-7.368165738019006872e-01,-4.632744978159825111e-03
-6.554411343255408529e-01,3.960134982538605908e-02
-6.554411343255408529e-01,3.960134982538605908e-02
-6.312655983790356196e-01,-2.968758479248327364e-01
-7.036714561633049536e-01,1.092750708800566128e-02
-7.036714561633049536e-01,1.092750708800566128e-02
-9.485935654904109615e-01,-3.253423123418575785e-02
-9.485935654904109615e-01,-3.253423123418575785e-02
-8.584396791677525451e-01,-5.021097117769769691e-02
-9.041790295654839049e-01,-9.906235804758423136e-02
-9.041790295654839049e-01,-9.906235804758423136e-02
-9.041790295654839049e-01,-9.906235804758423136e-02
-7.356106041807231044e-01,-1.652963073706142927e-01
-7.356106041807231044e-01,-1.652963073706142927e-01
-7.441647786518806873e-01,-1.353034702482973917e-01
-7.441647786518806873e-01,-1.353034702482973917e-01
-7.441647786518806873e-01,-1.353034702482973917e-01
-5.539244168453748562e-01,-1.440595302389615362e-01
-5.539244168453748562e-01,-1.440595302389615362e-01
-6.100692540419396792e-01,5.521514724320580880e-02
-6.011616863002634537e-01,7.303411114713859176e-02
-6.011616863002634537e-01,7.303411114713859176e-02
-6.420693631314201566e-01,-2.178276845204853152e-02
-5.071641460846414429e-01,-1.361539834628608947e-01
-5.071641460846414429e-01,-1.361539834628608947e-01
-3.925061177839851423e-01,-2.065374148688793876e-01
-3.925061177839851423e-01,-2.065374148688793876e-01
-6.052980763621451654e-01,-4.898252170168387876e-02
-6.052980763621451654e-01,-4.898252170168387876e-02
-4.979875026931467330e-01,9.162724317549800213e-02
-5.398398917050675205e-01,1.916507390909826247e-01
-5.398398917050675205e-01,1.916507390909826247e-01
-5.398398917050675205e-01,1.916507390909826247e-01
-4.428281782185887749e-01,-9.870270370190109555e-02
-2.780260228504309872e-01,1.331978162321555414e-01
-2.780260228504309872e-01,1.331978162321555414e-01
-2.780260228504309872e-01,1.331978162321555414e-01
-2.780260228504309872e-01,1.331978162321555414e-01
-2.702291374343920305e-01,4.978567519025002552e-02
-2.702291374343920305e-01,4.978567519025002552e-02
-2.702291374343920305e-01,4.978567519025002552e-02
-5.194157230208515941e-01,-9.068447054598187396e-02
-5.194157230208515941e-01,-9.068447054598187396e-02
-5.824874970814504227e-01,1.278458125746549379e-01
-5.985877240023930179e-01,1.195752176943994799e-01
-5.985877240023930179e-01,1.195752176943994799e-01
-7.347394679464833711e-01,-5.717165187146695804e-02
-7.347394679464833711e-01,-5.717165187146695804e-02
-7.347394679464833711e-01,-5.717165187146695804e-02
-8.990123114444946717e-01,-7.292962906452489513e-02
-8.990123114444946717e-01,-7.292962906452489513e-02
-8.990123114444946717e-01,-7.292962906452489513e-02
-4.619315998314695304e-01,2.003258391093309387e-01
-4.619315998314695304e-01,2.003258391093309387e-01
-6.501338781452756788e-01,3.421038393096098584e-02
-6.501338781452756788e-01,3.421038393096098584e-02
-6.501338781452756788e-01,3.421038393096098584e-02
-6.686592735420927580e-01,4.834164994862995279e-02
-6.686592735420927580e-01,4.834164994862995279e-02
-7.814945186303559055e-01,-1.201254902921763540e-01
-7.814945186303559055e-01,-1.201254902921763540e-01
-6.369067740391505250e-01,-2.650322220293689357e-01
-6.482068124442297297e-01,-1.678535479640871630e-01
-5.365190066892795429e-01,-1.564818202591115037e-01
-5.365190066892795429e-01,-1.564818202591115037e-01
-5.365190066892795429e-01,-1.564818202591115037e-01
-5.365190066892795429e-01,-1.564818202591115037e-01
-5.365190066892795429e-01,-1.564818202591115037e-01
-3.700170212730077290e-01,-1.061938242871500737e-01
-3.700170212730077290e-01,-1.061938242871500737e-01
-3.700170212730077290e-01,-1.061938242871500737e-01
-3.700170212730077290e-01,-1.061938242871500737e-01
-3.767797498992068728e-01,-1.716003052493788039e-01
-3.211370153351054690e-01,-1.242625972136005563e-01
-2.148744471509717591e-01,-2.049067008460928596e-01
-2.148744471509717591e-01,-2.049067008460928596e-01
-2.250047601621848470e-01,-1.503488248716501885e-01
-2.250047601621848470e-01,-1.503488248716501885e-01
-2.482192622565237150e-01,-5.959822540174977701e-02
-2.413613783562695014e-01,-3.096412252805178511e-01
-2.413613783562695014e-01,-3.096412252805178511e-01
-6.459223543336631845e-01,-3.390390552781335498e-01
-7.996492987730983160e-01,-3.530601498516010017e-01
-6.963668771650241007e-01,-3.440004108051460952e-01
-4.826833014174219949e-01,-3.018595100673153730e-01
-4.826833014174219949e-01,-3.018595100673153730e-01
-5.400552449706083058e-01,-1.236927386115594107e-01
-7.699522229123423323e-01,-1.754683601535950710e-01
-6.181203603710615502e-01,-2.637739996003110599e-01
-6.181203603710615502e-01,-2.637739996003110599e-01
-6.937664018765629104e-01,-5.940089394904443654e-02
-6.937664018765629104e-01,-5.940089394904443654e-02
-6.937664018765629104e-01,-5.940089394904443654e-02
-6.937664018765629104e-01,-5.940089394904443654e-02
-6.937664018765629104e-01,-5.940089394904443654e-02
-7.937271549297948425e-01,8.244163716671248920e-03
-7.937271549297948425e-01,8.244163716671248920e-03
-7.702728174368609348e-01,-1.324145301581310941e-01
-7.702728174368609348e-01,-1.324145301581310941e-01
-7.702728174368609348e-01,-1.324145301581310941e-01
-8.206823981139380608e-01,1.930882529407172421e-01
-5.628114532503054601e-01,3.644656993121320188e-02
-5.628114532503054601e-01,3.644656993121320188e-02
-3.491563777341647468e-01,-9.181918618874818083e-02
-4.850485293577620483e-01,-1.808194186893937461e-01
-4.850485293577620483e-01,-1.808194186893937461e-01
-3.375561775949267318e-01,-4.808693271321648477e-02
-3.409346238327310430e-01,-7.678798366079631066e-02
-4.564895245061788009e-01,1.120854789497335857e-01
-4.505294331473789216e-01,-1.092003288864252242e-01
-4.505294331473789216e-01,-1.092003288864252242e-01
-5.270877692160904626e-01,3.676557765316593174e-02
-4.681940364527296117e-01,1.979722291446365523e-01
-7.337517442590788530e-01,1.672152219494227321e-01
-7.337517442590788530e-01,1.672152219494227321e-01
-8.170464729975822626e-01,5.498709890709928272e-02
-7.777007283383507996e-01,9.939707169172834478e-02
-7.105050226685052372e-01,-3.641687720430458741e-02
-5.823129136546666418e-01,-7.622352057934783653e-02
-5.323405887301693173e-01,-1.628532476552955327e-02
-5.199791826932490535e-01,-8.661315953646753218e-02
-5.199791826932490535e-01,-8.661315953646753218e-02
-5.199791826932490535e-01,-8.661315953646753218e-02
-5.199791826932490535e-01,-8.661315953646753218e-02
-5.199791826932490535e-01,-8.661315953646753218e-02
-5.199791826932490535e-01,-8.661315953646753218e-02
-5.902038953044205227e-01,-9.012293880295646487e-03
-5.902038953044205227e-01,-9.012293880295646487e-03
-4.056409454512097668e-01,3.683386769508725095e-02
-5.388121040480904345e-01,-4.324507046167138519e-02
-6.324891874921949597e-01,-5.582763932000225915e-02
-6.324891874921949597e-01,-5.582763932000225915e-02
-3.918283809074648572e-01,-1.245657756778351388e-01
-6.370258077274837394e-01,2.022982014695281772e-01
-4.526912865750343795e-01,-2.507282567560138453e-01
-4.526912865750343795e-01,-2.507282567560138453e-01
-3.864943005800717257e-01,-1.348405839655617000e-02
-3.864943005800717257e-01,-1.348405839655617000e-02
-3.864943005800717257e-01,-1.348405839655617000e-02
-4.631486364752332996e-01,1.335859550625143610e-01
-4.631486364752332996e-01,1.335859550625143610e-01
-4.631486364752332996e-01,1.335859550625143610e-01
-4.631486364752332996e-01,1.335859550625143610e-01
-5.860574307005171901e-01,8.518126492373775949e-02
-5.860574307005171901e-01,8.518126492373775949e-02
-5.860574307005171901e-01,8.518126492373775949e-02
-5.860574307005171901e-01,8.518126492373775949e-02
-5.458315155750183001e-01,1.174804846786962759e-01
-5.458315155750183001e-01,1.174804846786962759e-01
-5.629586158568752330e-01,2.733866201933701778e-02
-5.762592713889835849e-01,-8.369008319009756114e-02
-5.762592713889835849e-01,-8.369008319009756114e-02
-4.869842400580513542e-01,-3.879746918214458523e-02
-4.869842400580513542e-01,-3.879746918214458523e-02
-4.869842400580513542e-01,-3.879746918214458523e-02
-4.869842400580513542e-01,-3.879746918214458523e-02
-4.869842400580513542e-01,-3.879746918214458523e-02
-3.713198370187056341e-01,1.323348403301317922e-03
-2.169437511341718028e-01,1.116463624104652164e-01
-4.201459178628041968e-01,1.552937933712944529e-03
-4.201459178628041968e-01,1.552937933712944529e-03
-5.766115466608878748e-01,-1.438238947173508531e-01
-5.758164053557804918e-01,-1.481807986207428485e-01
-5.758164053557804918e-01,-1.481807986207428485e-01
-5.758164053557804918e-01,-1.481807986207428485e-01
-4.728069194017612276e-01,-1.045998565490860038e-01
-4.728069194017612276e-01,-1.045998565490860038e-01
-5.128007883244528609e-01,-1.285520697338503326e-01
-5.128007883244528609e-01,-1.285520697338503326e-01
-5.128007883244528609e-01,-1.285520697338503326e-01
-4.959480758505015463e-01,-8.316668311493977117e-02
-4.959480758505015463e-01,-8.316668311493977117e-02
-4.959480758505015463e-01,-8.316668311493977117e-02
-4.959480758505015463e-01,-8.316668311493977117e-02
-3.380422780873903466e-01,-8.491748004776689118e-02
-3.380422780873903466e-01,-8.491748004776689118e-02
-4.104994588677661760e-01,7.156172647717634616e-02
-3.817741790658791268e-01,-3.440570594802856708e-02
-4.786428202140362576e-01,8.375677086954207151e-02
-4.655125762417299806e-01,5.959279907260845582e-02
-5.631845548036806814e-01,2.021617643426727035e-02
-5.631845548036806814e-01,2.021617643426727035e-02
-7.993266038890485259e-01,-1.695889891491596940e-02
-7.993266038890485259e-01,-1.695889891491596940e-02
-7.993266038890485259e-01,-1.695889891491596940e-02
-7.783559749381683268e-01,-2.086439815521494087e-02
-7.783559749381683268e-01,-2.086439815521494087e-02
-7.783559749381683268e-01,-2.086439815521494087e-02
-7.783559749381683268e-01,-2.086439815521494087e-02
-7.776181584175250183e-01,-6.739698913391251045e-02
-7.776181584175250183e-01,-6.739698913391251045e-02
-7.776181584175250183e-01,-6.739698913391251045e-02
-7.776181584175250183e-01,-6.739698913391251045e-02
-5.902077644879992757e-01,-8.175440561824658114e-02
-6.741898016804251936e-01,3.817930708531307171e-02
-8.087825723524391108e-01,1.419693593478735250e-01
-7.490640786732705170e-01,9.016778563730176721e-02
-7.637099355652561261e-01,2.294996655487756831e-01
-8.706531277928440948e-01,1.083512393766936088e-02
-8.706531277928440948e-01,1.083512393766936088e-02
-8.706531277928440948e-01,1.083512393766936088e-02
-8.706531277928440948e-01,1.083512393766936088e-02
-8.706531277928440948e-01,1.083512393766936088e-02
-9.620725078719222223e-01,-7.241765787510022478e-02
-9.620725078719222223e-01,-7.241765787510022478e-02
-9.620725078719222223e-01,-7.241765787510022478e-02
-7.085128444353746557e-01,-1.067503336248308010e-01
-7.085128444353746557e-01,-1.067503336248308010e-01
-7.085128444353746557e-01,-1.067503336248308010e-01
-7.085128444353746557e-01,-1.067503336248308010e-01
-6.619685343327023075e-01,-1.056148743517942301e-01
-6.229570688878935947e-01,5.362549039331476752e-02
-6.229570688878935947e-01,5.362549039331476752e-02
-5.998364822348069003e-01,-5.469844931016620837e-02
-5.998364822348069003e-01,-5.469844931016620837e-02
-7.643852709299967518e-01,-7.350011736784338445e-02
-7.643852709299967518e-01,-7.350011736784338445e-02
-7.643852709299967518e-01,-7.350011736784338445e-02
-7.643852709299967518e-01,-7.350011736784338445e-02
-7.643852709299967518e-01,-7.350011736784338445e-02
-7.123881600688809490e-01,1.928157448335217350e-02
-7.123881600688809490e-01,1.928157448335217350e-02
-7.123881600688809490e-01,1.928157448335217350e-02
-7.123881600688809490e-01,1.928157448335217350e-02
-7.123881600688809490e-01,1.928157448335217350e-02
-8.406736351711814326e-01,1.145586810971832986e-01
-8.406736351711814326e-01,1.145586810971832986e-01
-8.406736351711814326e-01,1.145586810971832986e-01
-8.406736351711814326e-01,1.145586810971832986e-01
-8.406736351711814326e-01,1.145586810971832986e-01
-8.406736351711814326e-01,1.145586810971832986e-01
-7.838268643585889484e-01,7.662969603550390252e-02
-7.838268643585889484e-01,7.662969603550390252e-02
-6.805879204697349305e-01,1.382230078383975269e-01
-7.254291477796687149e-01,1.899954989949321771e-01
-7.254291477796687149e-01,1.899954989949321771e-01
-7.254291477796687149e-01,1.899954989949321771e-01
-6.641677342419334273e-01,-1.775311134886045639e-02
-6.333128239689886918e-01,-1.043697502331634719e-01
-5.821195551294026105e-01,7.851107856736372348e-02
-5.821195551294026105e-01,7.851107856736372348e-02
-5.592452574097116491e-01,-1.458651145008376948e-01
-6.488582464296428487e-01,-1.941289597775237019e-01
-5.717746598184134665e-01,-2.097303265927014937e-01
-5.717746598184134665e-01,-2.097303265927014937e-01
-5.988739315376115924e-01,-2.030031143696517937e-01
-7.976373103951786003e-01,-1.295401373152912372e-01
-7.978201684185685094e-01,2.236938836589996704e-02
-7.978201684185685094e-01,2.236938836589996704e-02
-4.105823962953375483e-01,-2.280672469733309449e-02
-4.105823962953375483e-01,-2.280672469733309449e-02
-4.818010964438830257e-01,-1.093848643467624192e-02
-3.830626330726873974e-01,-7.992998265493587995e-02
-3.830626330726873974e-01,-7.992998265493587995e-02
-4.585723246519287088e-01,-1.314875254343894073e-01
-4.292144377614087736e-01,-3.608420539300342678e-01
-3.596029629710715270e-01,-3.249118907547986490e-01
-4.938312061488309701e-01,7.256692062221081763e-02
-4.938312061488309701e-01,7.256692062221081763e-02
-4.938312061488309701e-01,7.256692062221081763e-02
-4.496047780448958475e-01,1.852876106953213198e-01
-4.496047780448958475e-01,1.852876106953213198e-01
-5.432814127258815962e-01,3.977875356596083378e-02
-6.344217933876838966e-01,1.915380809198716505e-01
-5.396350917628409682e-01,3.036837103769540192e-01
-5.712436310066572043e-01,2.011615038458089699e-01
-8.108244629128649184e-01,2.968416362340499659e-01
-8.108244629128649184e-01,2.968416362340499659e-01
-5.230220739202264824e-01,3.787653145880413019e-01
-2.650561438422457949e-01,2.633480002870732806e-01
-1.846676119847446285e-01,1.972147394773143825e-01
-2.957380711520058991e-01,2.965835227927715034e-01
-2.957380711520058991e-01,2.965835227927715034e-01
-2.957380711520058991e-01,2.965835227927715034e-01
-5.007522529625437757e-01,2.322330226954909815e-01
-5.007522529625437757e-01,2.322330226954909815e-01
-6.165915540594786304e-01,-2.144701729581421912e-03
-6.165915540594786304e-01,-2.144701729581421912e-03
-6.165915540594786304e-01,-2.144701729581421912e-03
-6.165915540594786304e-01,-2.144701729581421912e-03
-6.165915540594786304e-01,-2.144701729581421912e-03
-6.165915540594786304e-01,-2.144701729581421912e-03
-6.165915540594786304e-01,-2.144701729581421912e-03
-6.165915540594786304e-01,-2.144701729581421912e-03
