x_model,y_model
6.720711108285883917e-01,-1.023662142944746778e-01
6.728520097812067391e-01,5.680626914579178788e-02
6.728520097812067391e-01,5.680626914579178788e-02
5.979863805462551918e-01,1.591195359744116689e-01
6.228457063408263661e-01,-1.065993451872858933e-01
6.228457063408263661e-01,-1.065993451872858933e-01
6.761806070878007002e-01,-1.037186695121710689e-01
6.761806070878007002e-01,-1.037186695121710689e-01
6.761806070878007002e-01,-1.037186695121710689e-01
6.535162440338980749e-01,7.259530730911351037e-02
5.496118310769069204e-01,5.069237633075661387e-02
5.496118310769069204e-01,5.069237633075661387e-02
5.496118310769069204e-01,5.069237633075661387e-02
5.496118310769069204e-01,5.069237633075661387e-02
6.257262878933846917e-01,1.757592899582495205e-01
6.257262878933846917e-01,1.757592899582495205e-01
6.257262878933846917e-01,1.757592899582495205e-01
6.257262878933846917e-01,1.757592899582495205e-01
5.564924028882137774e-01,3.592241741784943931e-01
5.564924028882137774e-01,3.592241741784943931e-01
5.564924028882137774e-01,3.592241741784943931e-01
5.564924028882137774e-01,3.592241741784943931e-01
5.759271011345480362e-01,3.718626773500062765e-01
5.759271011345480362e-01,3.718626773500062765e-01
5.759271011345480362e-01,3.718626773500062765e-01
5.759271011345480362e-01,3.718626773500062765e-01
7.033828106432000737e-01,1.867910457488039799e-01
7.001130970332861692e-01,-1.368132062616610745e-01
6.021845323716541465e-01,-1.455540624034309116e-01
6.021845323716541465e-01,-1.455540624034309116e-01
8.279004797969282681e-01,2.934759170325512700e-03
8.279004797969282681e-01,2.934759170325512700e-03
8.279004797969282681e-01,2.934759170325512700e-03
8.279004797969282681e-01,2.934759170325512700e-03
4.850946797187015713e-01,6.511749417750897773e-02
4.850946797187015713e-01,6.511749417750897773e-02
4.850946797187015713e-01,6.511749417750897773e-02
4.538340943868494071e-01,-4.028922553211911062e-03
4.516324971176883807e-01,1.143076862643809533e-01
4.516324971176883807e-01,1.143076862643809533e-01
4.516324971176883807e-01,1.143076862643809533e-01
4.516324971176883807e-01,1.143076862643809533e-01
5.392291410863249146e-01,1.012345854215716823e-02
5.392291410863249146e-01,1.012345854215716823e-02
5.392291410863249146e-01,1.012345854215716823e-02
5.392291410863249146e-01,1.012345854215716823e-02
5.295150307816900437e-01,4.915601436896459286e-02
5.168775776384805232e-01,-1.119236308104781807e-02
4.330760692963738778e-01,-2.998848705073278373e-02
4.683793882326717783e-01,-1.827158299258700436e-01
4.683793882326717783e-01,-1.827158299258700436e-01
6.038317837245028574e-01,-8.539986780974805070e-02
6.038317837245028574e-01,-8.539986780974805070e-02
8.402453775226921273e-01,-7.438022100939557790e-02
8.402453775226921273e-01,-7.438022100939557790e-02
7.491294089158067049e-01,-1.424402276549683599e-01
8.515126198230992260e-01,-1.355151381149850009e-01
8.515126198230992260e-01,-1.355151381149850009e-01
7.599695027806211423e-01,-2.408811569743713743e-01
7.599695027806211423e-01,-2.408811569743713743e-01
7.599695027806211423e-01,-2.408811569743713743e-01
9.455679500418749939e-01,-1.012756083858073752e-01
7.328190437219724851e-01,-2.106886106983115181e-01
8.356590073939682561e-01,-1.301150624765698982e-01
7.901212829838994978e-01,-1.761035487747842632e-01
4.267629202669224187e-01,-1.257636771939013021e-01
4.267629202669224187e-01,-1.257636771939013021e-01
5.261292066431658698e-01,-1.783556631178945251e-02
5.261292066431658698e-01,-1.783556631178945251e-02
5.261292066431658698e-01,-1.783556631178945251e-02
5.535325282603777985e-01,-3.306564845311969758e-02
5.535325282603777985e-01,-3.306564845311969758e-02
5.535325282603777985e-01,-3.306564845311969758e-02
5.535325282603777985e-01,-3.306564845311969758e-02
5.535325282603777985e-01,-3.306564845311969758e-02
5.535325282603777985e-01,-3.306564845311969758e-02
5.535325282603777985e-01,-3.306564845311969758e-02
4.779557213589529230e-01,6.224314626038657261e-02
4.796643559578439020e-01,5.202118329682980935e-02
6.050844852205266022e-01,9.913730982848022177e-02
6.050844852205266022e-01,9.913730982848022177e-02
6.050844852205266022e-01,9.913730982848022177e-02
6.941616005186981297e-01,1.730428108555579492e-01
6.927856583501572629e-01,2.277886722890670734e-02
6.927856583501572629e-01,2.277886722890670734e-02
6.373372121836009541e-01,-3.617103416709070013e-02
6.373372121836009541e-01,-3.617103416709070013e-02
5.983867791521623181e-01,-8.799061237637861854e-02
6.893228748923750926e-01,1.980161796033148847e-02
8.295301241828874073e-01,1.004891925109528128e-01
8.295301241828874073e-01,1.004891925109528128e-01
8.295301241828874073e-01,1.004891925109528128e-01
8.295301241828874073e-01,1.004891925109528128e-01
7.741464501820252142e-01,-6.440154275621881586e-02
6.196398002153777895e-01,-1.515555655518179001e-01
6.196398002153777895e-01,-1.515555655518179001e-01
5.397202733544337327e-01,-2.348840559331811795e-01
7.389025132887039327e-01,-2.529791452985506450e-01
6.217955163818851272e-01,-2.946332659028846335e-01
6.498246670140136461e-01,-2.216567997609764085e-01
5.829291108533164456e-01,-3.358175468960170051e-02
5.191259338731666340e-01,1.484264009019448938e-01
4.673238146112502212e-01,-3.948382265804850633e-03
3.963688926086277320e-01,3.641347034803734534e-02
3.963688926086277320e-01,3.641347034803734534e-02
4.977112866546414827e-01,-1.143462931243036107e-02
5.912335895063737246e-01,1.273705010726517567e-02
7.140842730088021728e-01,-6.425649836586441038e-03
7.140842730088021728e-01,-6.425649836586441038e-03
8.130935914808838927e-01,1.489814588986695110e-01
8.130935914808838927e-01,1.489814588986695110e-01
8.130935914808838927e-01,1.489814588986695110e-01
8.521697832536585526e-01,3.244128785241168211e-02
7.989263612935636472e-01,1.048095443639120439e-01
5.943264304581709068e-01,9.736434427598603114e-02
6.835091609602247376e-01,-1.089167695797084723e-01
6.835091609602247376e-01,-1.089167695797084723e-01
6.751421880031958089e-01,7.502599696432535326e-02
6.638105827863203245e-01,2.103964601543012458e-01
6.638105827863203245e-01,2.103964601543012458e-01
6.637073610012989011e-01,1.280822537449330389e-01
6.637073610012989011e-01,1.280822537449330389e-01
6.637073610012989011e-01,1.280822537449330389e-01
6.637073610012989011e-01,1.280822537449330389e-01
6.637073610012989011e-01,1.280822537449330389e-01
7.323869263524186435e-01,-3.891680613370696040e-04
7.323869263524186435e-01,-3.891680613370696040e-04
5.533569647649836387e-01,-9.806515001823834510e-02
7.004385807366342309e-01,-1.355640178143817098e-01
7.004385807366342309e-01,-1.355640178143817098e-01
5.711912881112545248e-01,-4.137522857694163336e-02
5.711912881112545248e-01,-4.137522857694163336e-02
5.711912881112545248e-01,-4.137522857694163336e-02
7.270069157575852481e-01,-1.229467133220858571e-01
7.270069157575852481e-01,-1.229467133220858571e-01
7.270069157575852481e-01,-1.229467133220858571e-01
7.270069157575852481e-01,-1.229467133220858571e-01
7.270069157575852481e-01,-1.229467133220858571e-01
5.884401911360068738e-01,-2.355366723777311821e-01
5.884401911360068738e-01,-2.355366723777311821e-01
6.665263711377488187e-01,-1.863095031423430137e-01
6.665263711377488187e-01,-1.863095031423430137e-01
6.541858366865588303e-01,-3.689715119924227849e-02
5.036313864638661819e-01,1.976496057988763599e-02
4.984427757729701924e-01,1.275247167177571139e-01
5.645997288927931956e-01,1.926981328895270851e-01
3.783887775537402298e-01,1.376630410172791363e-01
5.258672842630593980e-01,-6.330104051460297421e-02
4.032065542791090640e-01,7.648081459082448075e-02
5.036636694614683440e-01,7.006148398721968873e-02
5.903757933183219064e-01,-4.843529882733137171e-02
5.903757933183219064e-01,-4.843529882733137171e-02
5.903757933183219064e-01,-4.843529882733137171e-02
6.375837825965604555e-01,-2.140218954484544578e-01
6.375837825965604555e-01,-2.140218954484544578e-01
6.375837825965604555e-01,-2.140218954484544578e-01
6.375837825965604555e-01,-2.140218954484544578e-01
6.375837825965604555e-01,-2.140218954484544578e-01
6.660323245152639515e-01,-1.966679884052258409e-01
6.660323245152639515e-01,-1.966679884052258409e-01
6.660323245152639515e-01,-1.966679884052258409e-01
7.556881161377130285e-01,-1.548968690322809483e-01
7.504222912820188718e-01,-1.415140260766225289e-01
6.329751159007197536e-01,1.277580876251111774e-01
5.453719284777893694e-01,-3.223469262896194731e-02
5.453719284777893694e-01,-3.223469262896194731e-02
5.453719284777893694e-01,-3.223469262896194731e-02
5.453719284777893694e-01,-3.223469262896194731e-02
5.453719284777893694e-01,-3.223469262896194731e-02
5.333182173088664157e-01,5.466822192072627595e-02
5.333182173088664157e-01,5.466822192072627595e-02
5.333182173088664157e-01,5.466822192072627595e-02
5.228713077901858686e-01,-8.244384790283527942e-02
5.228713077901858686e-01,-8.244384790283527942e-02
5.228713077901858686e-01,-8.244384790283527942e-02
5.265655889510371113e-01,1.803592934980919882e-01
5.311390244075302469e-01,1.746022120519703236e-01
5.311390244075302469e-01,1.746022120519703236e-01
4.565131698530330295e-01,1.820998298089195055e-01
4.853915630971663564e-01,1.304824376097933614e-01
4.853915630971663564e-01,1.304824376097933614e-01
6.606892854262944592e-01,-2.610987018480181998e-02
6.606892854262944592e-01,-2.610987018480181998e-02
5.855600018309035093e-01,-1.978834250042496232e-02
5.855600018309035093e-01,-1.978834250042496232e-02
7.652883707620103948e-01,-9.480814308431353976e-04
7.652883707620103948e-01,-9.480814308431353976e-04
7.567694415853990497e-01,3.694162423953475938e-02
8.373283700602821567e-01,-3.612702522350939860e-02
8.373283700602821567e-01,-3.612702522350939860e-02
6.882710804404514882e-01,7.837016914257399769e-02
6.996846792599493714e-01,7.021086440590285083e-02
6.996846792599493714e-01,7.021086440590285083e-02
6.916726512961023365e-01,4.422798341704636815e-02
6.916726512961023365e-01,4.422798341704636815e-02
7.577332396018503502e-01,8.682376288081070093e-02
7.577332396018503502e-01,8.682376288081070093e-02
6.501826038334944657e-01,-4.068130908182837624e-03
6.901174825963991566e-01,1.484057608966886654e-01
5.887204232958027639e-01,-5.672590914483094382e-02
6.924225904462124603e-01,-2.048919698846185244e-01
5.200635554553987294e-01,-1.351210718910759723e-01
5.177039383052529642e-01,7.191421307700165966e-02
4.319415887871251858e-01,-2.676042669964254217e-02
4.951587083106147036e-01,-4.471284862255181514e-02
4.951587083106147036e-01,-4.471284862255181514e-02
4.951587083106147036e-01,-4.471284862255181514e-02
4.951587083106147036e-01,-4.471284862255181514e-02
4.951587083106147036e-01,-4.471284862255181514e-02
6.667703034003807927e-01,-2.056953024182416045e-01
6.667703034003807927e-01,-2.056953024182416045e-01
6.667703034003807927e-01,-2.056953024182416045e-01
6.491667634966181710e-01,-2.112188691303044374e-01
6.491667634966181710e-01,-2.112188691303044374e-01
6.491667634966181710e-01,-2.112188691303044374e-01
4.167003903249824059e-01,1.877177810567731975e-01
4.167003903249824059e-01,1.877177810567731975e-01
4.167003903249824059e-01,1.877177810567731975e-01
4.417013492625221360e-01,1.381013861594296566e-01
5.244433473430748505e-01,6.746723327900942813e-02
5.244433473430748505e-01,6.746723327900942813e-02
5.244433473430748505e-01,6.746723327900942813e-02
5.244433473430748505e-01,6.746723327900942813e-02
6.305610189326331660e-01,1.525584779067155061e-01
8.508157093304855589e-01,9.536701817101694845e-02
8.508157093304855589e-01,9.536701817101694845e-02
7.234211892234954089e-01,3.863212753196420546e-01
7.234211892234954089e-01,3.863212753196420546e-01
7.234211892234954089e-01,3.863212753196420546e-01
8.853660189825193205e-01,2.188588883334890156e-01
6.994425742157792669e-01,4.521580743184924756e-02
5.148532675975293627e-01,1.464644309840686942e-01
3.847441754756665278e-01,8.700076781879104160e-02
3.779519322192702036e-01,-1.964837267847850677e-02
3.779519322192702036e-01,-1.964837267847850677e-02
3.779519322192702036e-01,-1.964837267847850677e-02
3.782981832284551538e-01,6.739755969199158481e-03
3.782981832284551538e-01,6.739755969199158481e-03
3.482329693850190200e-01,-1.739293728052371951e-02
3.482329693850190200e-01,-1.739293728052371951e-02
3.482329693850190200e-01,-1.739293728052371951e-02
3.542337444179680661e-01,-2.003907697130182519e-01
3.542337444179680661e-01,-2.003907697130182519e-01
3.542337444179680661e-01,-2.003907697130182519e-01
6.011327683591867199e-01,-2.380322927060314342e-01
6.011327683591867199e-01,-2.380322927060314342e-01
5.874251443723369492e-01,4.372152480458674217e-02
6.686058622740522761e-01,4.453371355340274979e-02
6.686058622740522761e-01,4.453371355340274979e-02
5.436204456053852496e-01,1.393378482473308505e-02
5.423064268944397526e-01,4.340299732530182933e-03
5.423064268944397526e-01,4.340299732530182933e-03
5.423064268944397526e-01,4.340299732530182933e-03
5.086634912781662354e-01,1.863617381005234219e-01
4.474652261639431861e-01,6.093325001419255815e-02
4.233397542121768997e-01,1.307195410783211498e-02
6.088584971882652352e-01,-1.465230608822533365e-02
6.088584971882652352e-01,-1.465230608822533365e-02
6.088584971882652352e-01,-1.465230608822533365e-02
5.769698823975912827e-01,1.396364130805026818e-02
5.410797471264251479e-01,1.119226939588547909e-01
6.952935946446785476e-01,3.088794129815073952e-01
8.679181931499455604e-01,1.469166801477745921e-01
8.679181931499455604e-01,1.469166801477745921e-01
8.679181931499455604e-01,1.469166801477745921e-01
8.679181931499455604e-01,1.469166801477745921e-01
6.636328050850625049e-01,1.366412257565337018e-01
5.674694991807380795e-01,-2.405986818713304332e-02
5.674694991807380795e-01,-2.405986818713304332e-02
4.783790657380896927e-01,5.889206734741866955e-02
4.633348312500002453e-01,-7.170436973696758809e-02
4.426145273224967869e-01,-4.281704627326435308e-02
4.625296789214872195e-01,-6.030208677418984198e-03
4.625296789214872195e-01,-6.030208677418984198e-03
5.423043030860443814e-01,7.102041674994666320e-02
6.685243925062965831e-01,-1.323898685461980806e-01
6.688676475966872648e-01,1.269285710532944422e-01
6.569703784148231973e-01,1.654833620944938521e-01
6.878800828677267276e-01,2.441923107325547626e-01
8.370496934358748753e-01,-1.729572290767128484e-02
4.517182337070239084e-01,-3.801070219417684859e-02
4.517182337070239084e-01,-3.801070219417684859e-02
4.517182337070239084e-01,-3.801070219417684859e-02
6.279446359960720869e-01,1.740442410581091726e-04
6.856732404351559840e-01,-1.419530822156035710e-01
7.291056109381883754e-01,1.477605621373055678e-01
7.291056109381883754e-01,1.477605621373055678e-01
7.291056109381883754e-01,1.477605621373055678e-01
9.108956195690636193e-01,1.234900583043691824e-01
9.108956195690636193e-01,1.234900583043691824e-01
8.218136906568270783e-01,1.154664265553214941e-01
5.725346684838218403e-01,2.238854614798221065e-01
4.879836443116599143e-01,4.245838121082360361e-01
4.079768640398681590e-01,2.495818316767556833e-01
3.678976090711912339e-01,3.512877538641626662e-01
2.256866197563452137e-01,5.538660126792843696e-02
2.256866197563452137e-01,5.538660126792843696e-02
1.414975754361617877e-01,1.445223900913453902e-02
1.362265288066002444e-01,-1.050010708639174117e-01
1.362265288066002444e-01,-1.050010708639174117e-01
1.362265288066002444e-01,-1.050010708639174117e-01
1.362265288066002444e-01,-1.050010708639174117e-01
2.702760551639524778e-01,1.350746786319822201e-01
1.999280896962712661e-01,-1.613697349005352444e-02
3.084435458688614684e-01,5.764063786387292609e-02
4.419604278219473326e-01,2.363924533996740185e-01
6.476443581595545673e-01,9.669641812921728197e-02
6.130700036849068280e-01,-4.731079923986308833e-02
6.130700036849068280e-01,-4.731079923986308833e-02
6.130700036849068280e-01,-4.731079923986308833e-02
6.574162161742702626e-01,1.014248122088738657e-01
6.574162161742702626e-01,1.014248122088738657e-01
5.717865216463342559e-01,3.370575331499246763e-02
5.319632024594860287e-01,8.995867965342366213e-03
5.319632024594860287e-01,8.995867965342366213e-03
5.319632024594860287e-01,8.995867965342366213e-03
5.319632024594860287e-01,8.995867965342366213e-03
6.236068780501895503e-01,2.239082486562998242e-01
6.236068780501895503e-01,2.239082486562998242e-01
6.236068780501895503e-01,2.239082486562998242e-01
6.418337023058878765e-01,1.677162691098915970e-01
6.418337023058878765e-01,1.677162691098915970e-01
5.183065028588216272e-01,1.506947766014379853e-01
5.183065028588216272e-01,1.506947766014379853e-01
5.183065028588216272e-01,1.506947766014379853e-01
4.884708029102964311e-01,2.367357935662673385e-01
4.884708029102964311e-01,2.367357935662673385e-01
4.884708029102964311e-01,2.367357935662673385e-01
5.581570372816042624e-01,1.461960011998292286e-01
6.073825332564387613e-01,-7.255277317182765029e-02
6.073825332564387613e-01,-7.255277317182765029e-02
7.344653094226003542e-01,1.309163275062777132e-01
8.027852483445973020e-01,1.336508962647685872e-01
8.027852483445973020e-01,1.336508962647685872e-01
7.109313636520542268e-01,-9.010591823744032447e-02
7.743996249654208075e-01,7.054564663852461170e-02
6.798831044654133349e-01,2.875772540348336959e-02
6.798831044654133349e-01,2.875772540348336959e-02
6.798831044654133349e-01,2.875772540348336959e-02
4.269634256047867837e-01,-2.128575338026186536e-01
4.269634256047867837e-01,-2.128575338026186536e-01
2.693691591242779459e-01,-1.364884999987658054e-01
2.164428824225514691e-01,-2.575355909789414643e-02
2.164428824225514691e-01,-2.575355909789414643e-02
2.164428824225514691e-01,-2.575355909789414643e-02
2.164428824225514691e-01,-2.575355909789414643e-02
3.779487280604173494e-01,-1.378625893659307100e-01
3.779487280604173494e-01,-1.378625893659307100e-01
3.779487280604173494e-01,-1.378625893659307100e-01
3.779487280604173494e-01,-1.378625893659307100e-01
4.016871559408552450e-01,-2.178839660974912773e-02
4.016871559408552450e-01,-2.178839660974912773e-02
7.013805261527599200e-01,1.984819210741252393e-02
7.013805261527599200e-01,1.984819210741252393e-02
8.214370517675634309e-01,-1.576802841601729344e-01
8.214370517675634309e-01,-1.576802841601729344e-01
8.214370517675634309e-01,-1.576802841601729344e-01
8.438198581953320065e-01,-1.841096007141814483e-01
8.438198581953320065e-01,-1.841096007141814483e-01
8.438198581953320065e-01,-1.841096007141814483e-01
5.197020237154288402e-01,-8.866438692989514481e-02
7.511881659072475736e-01,-1.716479348318579734e-01
7.511881659072475736e-01,-1.716479348318579734e-01
7.511881659072475736e-01,-1.716479348318579734e-01
7.511881659072475736e-01,-1.716479348318579734e-01
4.855417147033935232e-01,-6.499589060349265923e-02
4.855417147033935232e-01,-6.499589060349265923e-02
6.578466163889733487e-01,-2.215849044552690994e-02
5.570460001809277584e-01,6.993128700219383709e-03
7.459656076844874972e-01,2.064059301804112984e-02
7.459656076844874972e-01,2.064059301804112984e-02
4.585105632974930678e-01,3.499789846464466253e-02
6.285112602061762033e-01,-9.087437681232285458e-02
6.285112602061762033e-01,-9.087437681232285458e-02
5.169766732272468301e-01,1.499753808745947492e-02
5.597238585282309220e-01,-7.040913917044748505e-02
6.170970998531650764e-01,-1.020679229303421143e-01
6.170970998531650764e-01,-1.020679229303421143e-01
6.453081459491774030e-01,3.432110799666207579e-02
6.453081459491774030e-01,3.432110799666207579e-02
7.141275215706713864e-01,-3.606831620056769605e-01
6.480802105519523071e-01,-8.435734084814833222e-02
6.426291621940196652e-01,-2.562915464466785087e-01
6.426291621940196652e-01,-2.562915464466785087e-01
6.426291621940196652e-01,-2.562915464466785087e-01
6.426291621940196652e-01,-2.562915464466785087e-01
6.671704276756981189e-01,-2.064600068936776056e-01
6.671704276756981189e-01,-2.064600068936776056e-01
8.870218927614191839e-01,7.146509789050881079e-02
8.870218927614191839e-01,7.146509789050881079e-02
8.870218927614191839e-01,7.146509789050881079e-02
8.870218927614191839e-01,7.146509789050881079e-02
6.425421188270602491e-01,4.933020369316519493e-02
6.425421188270602491e-01,4.933020369316519493e-02
4.469504040385139376e-01,7.058843243665088862e-02
5.649079648337947956e-01,-1.848864342159742269e-02
5.649079648337947956e-01,-1.848864342159742269e-02
5.649079648337947956e-01,-1.848864342159742269e-02
6.341055263504482564e-01,1.002677929263182111e-02
5.888667197829723365e-01,7.045541423180692875e-02
5.888667197829723365e-01,7.045541423180692875e-02
5.888667197829723365e-01,7.045541423180692875e-02
5.888667197829723365e-01,7.045541423180692875e-02
5.725954230407880319e-01,3.085843334560120499e-03
3.767030498451003906e-01,8.584778117417694865e-02
3.669170034658358337e-01,-7.666892202637165532e-03
3.669170034658358337e-01,-7.666892202637165532e-03
2.509571402349203284e-01,-2.118777935856800687e-01
2.385398455990256350e-01,-1.911764082267032594e-01
2.385398455990256350e-01,-1.911764082267032594e-01
2.682822930072500944e-01,-8.620583209167495542e-02
2.970287186936091395e-01,1.246963138976666108e-01
2.453193683506991185e-01,2.085570011770146448e-02
2.453193683506991185e-01,2.085570011770146448e-02
2.453193683506991185e-01,2.085570011770146448e-02
2.453193683506991185e-01,2.085570011770146448e-02
1.906006765155340288e-01,2.625532753848889428e-03
2.051091288683102309e-01,-3.879278526371309280e-03
3.856901244917379512e-01,-2.344416748694286845e-01
3.856901244917379512e-01,-2.344416748694286845e-01
3.856901244917379512e-01,-2.344416748694286845e-01
3.856901244917379512e-01,-2.344416748694286845e-01
4.697156421712092578e-01,-1.509873569792888892e-01
4.697156421712092578e-01,-1.509873569792888892e-01
4.697156421712092578e-01,-1.509873569792888892e-01
4.697156421712092578e-01,-1.509873569792888892e-01
5.521925162518553920e-01,-1.646047856238214147e-02
5.521925162518553920e-01,-1.646047856238214147e-02
3.148389608591365962e-01,2.817530131931689774e-01
3.148389608591365962e-01,2.817530131931689774e-01
3.836510111553514957e-01,7.422513740927605408e-02
3.739988874648293993e-01,-9.949382376607218692e-02
3.739988874648293993e-01,-9.949382376607218692e-02
6.272515366161581785e-01,-6.010937207445468666e-02
6.272515366161581785e-01,-6.010937207445468666e-02
5.407446325345099947e-01,-1.074574265744420026e-01
4.332321625975303903e-01,-2.186322097682953935e-01
4.332321625975303903e-01,-2.186322097682953935e-01
3.573652592653783211e-01,-1.623276975766309027e-01
2.302783658070475525e-01,-2.403398179672742163e-01
4.375837805264432001e-01,-1.682929080207029027e-01
4.375837805264432001e-01,-1.682929080207029027e-01
5.344803208078786616e-01,-3.088078754581670138e-01
3.115948395906971147e-01,1.653824356629481351e-01
3.115948395906971147e-01,1.653824356629481351e-01
2.067485216494523437e-01,1.047021748300157040e-01
3.313490588823468919e-01,1.746085181309462997e-01
3.416462891144419478e-01,-1.461393202410416481e-01
3.067931385880947603e-01,1.037714305740843612e-01
3.067931385880947603e-01,1.037714305740843612e-01
3.067931385880947603e-01,1.037714305740843612e-01
3.067931385880947603e-01,1.037714305740843612e-01
3.067931385880947603e-01,1.037714305740843612e-01
3.761933702727464635e-01,1.690936533091251803e-01
2.167003596091510165e-01,2.572836831417466552e-01
3.720515669401555092e-01,1.678856521668492530e-01
3.720515669401555092e-01,1.678856521668492530e-01
3.907406528112109534e-01,-2.523901537785382954e-01
3.907406528112109534e-01,-2.523901537785382954e-01
3.907406528112109534e-01,-2.523901537785382954e-01
6.582482632974098191e-01,-1.914198766325733714e-01
5.766668754901472793e-01,-2.218716916090874014e-01
4.697363154474635261e-01,-1.161425699947342682e-01
6.104173314263495742e-01,-1.294339174819242599e-01
6.104173314263495742e-01,-1.294339174819242599e-01
6.490806270464041239e-01,1.116971908564291516e-01
5.792961920976391621e-01,3.523581532389088999e-03
7.816034047717370647e-01,-2.225180372527229000e-01
8.038680900824345388e-01,3.463452921275533836e-02
8.038680900824345388e-01,3.463452921275533836e-02
8.038680900824345388e-01,3.463452921275533836e-02
8.038680900824345388e-01,3.463452921275533836e-02
6.663420051319590698e-01,1.692999905525914006e-01
5.580690144115785234e-01,6.686274620045402906e-02
6.774787660024222946e-01,-2.638027635087110412e-02
6.698469508496801561e-01,3.041212977537949974e-02
6.698469508496801561e-01,3.041212977537949974e-02
6.690358063386092624e-01,5.632238816269184711e-02
5.788911978459273522e-01,-3.398217846876896986e-03
5.788911978459273522e-01,-3.398217846876896986e-03
7.007611084006025726e-01,1.500464910740385571e-01
7.007611084006025726e-01,1.500464910740385571e-01
7.015718483028280383e-01,1.336854192278804920e-01
7.015718483028280383e-01,1.336854192278804920e-01
7.577450311533184824e-01,7.568866840133901819e-02
7.577450311533184824e-01,7.568866840133901819e-02
7.577450311533184824e-01,7.568866840133901819e-02
4.692166159652456092e-01,1.832835345453059928e-02
5.298957850524065316e-01,-1.385232900323976890e-01
5.298957850524065316e-01,-1.385232900323976890e-01
5.298957850524065316e-01,-1.385232900323976890e-01
6.140124356570798581e-01,-1.370017021208336239e-01
4.104474345284491177e-01,-5.842835228298177974e-02
4.114891823707885199e-01,1.192890732376052088e-02
4.114891823707885199e-01,1.192890732376052088e-02
4.114891823707885199e-01,1.192890732376052088e-02
4.765974740006883592e-01,1.040823678745254194e-01
4.666733431492707251e-01,2.302264992138927657e-01
4.666733431492707251e-01,2.302264992138927657e-01
4.666733431492707251e-01,2.302264992138927657e-01
4.753084021712269402e-01,1.308250895407709335e-01
4.753084021712269402e-01,1.308250895407709335e-01
4.753084021712269402e-01,1.308250895407709335e-01
4.753084021712269402e-01,1.308250895407709335e-01
5.060036954751637728e-01,9.126366516894018899e-02
3.705282081602833677e-01,-4.267264072864360158e-03
3.705282081602833677e-01,-4.267264072864360158e-03
2.089956667783179067e-01,1.107863482793826349e-01
2.089956667783179067e-01,1.107863482793826349e-01
2.821911929492359472e-01,-6.600774690943256306e-02
5.525554265609005089e-01,-1.994328795371489160e-01
5.525554265609005089e-01,-1.994328795371489160e-01
7.169275343228671549e-01,-2.167095910412719095e-01
5.924891283310932399e-01,-1.831166597779058103e-01
5.924891283310932399e-01,-1.831166597779058103e-01
6.956267089175238727e-01,-2.051951504877613519e-01
6.956267089175238727e-01,-2.051951504877613519e-01
4.733297733445601674e-01,-2.549035497498065017e-01
4.733297733445601674e-01,-2.549035497498065017e-01
4.710020776102949447e-01,-2.506782722526565421e-01
4.710020776102949447e-01,-2.506782722526565421e-01
4.710020776102949447e-01,-2.506782722526565421e-01
4.710020776102949447e-01,-2.506782722526565421e-01
5.190564163521602659e-01,-2.888879688433885762e-01
5.190564163521602659e-01,-2.888879688433885762e-01
7.532804256534070264e-01,-1.599260227207674190e-01
6.819214799569714991e-01,-1.765619066462527365e-01
5.561686580719094053e-01,-1.699110037554903418e-01
5.094831406195243773e-01,1.219017999298031563e-01
5.094831406195243773e-01,1.219017999298031563e-01
5.073553744295709045e-01,1.306172933854052864e-01
5.073553744295709045e-01,1.306172933854052864e-01
5.073553744295709045e-01,1.306172933854052864e-01
5.073553744295709045e-01,1.306172933854052864e-01
7.457452946847193953e-01,-9.362781134311465303e-03
6.325024900752489465e-01,1.272614131111570249e-02
6.378958538386748645e-01,1.291167448592059619e-01
5.295897015624222437e-01,9.344733522825041105e-02
5.295897015624222437e-01,9.344733522825041105e-02
5.295897015624222437e-01,9.344733522825041105e-02
7.986471784483680780e-01,4.572723693758808799e-02
7.986471784483680780e-01,4.572723693758808799e-02
7.986471784483680780e-01,4.572723693758808799e-02
7.106512468908275926e-01,-9.235872186243287985e-02
7.106512468908275926e-01,-9.235872186243287985e-02
7.106512468908275926e-01,-9.235872186243287985e-02
7.106512468908275926e-01,-9.235872186243287985e-02
5.000514472865204008e-01,-9.292952316451458250e-02
6.739376842071602702e-01,5.454380533094319028e-02
6.739376842071602702e-01,5.454380533094319028e-02
6.932663840897336227e-01,8.332633205423348177e-02
9.545469004529814061e-01,1.472761671795845273e-01
9.545469004529814061e-01,1.472761671795845273e-01
5.237350882025713084e-01,1.410653059597524184e-01
5.237350882025713084e-01,1.410653059597524184e-01
5.237350882025713084e-01,1.410653059597524184e-01
5.237350882025713084e-01,1.410653059597524184e-01
6.950529845435238219e-01,-7.282149020919370663e-02
6.950529845435238219e-01,-7.282149020919370663e-02
3.201274951626897347e-01,-1.416563995273259491e-01
4.702511340276973040e-01,-2.102405185523043007e-01
4.702511340276973040e-01,-2.102405185523043007e-01
4.512465870992656281e-01,-5.858527578560895899e-02
4.512465870992656281e-01,-5.858527578560895899e-02
5.462031851122195469e-01,-3.205231345162102424e-02
5.606408974711161175e-01,-7.103618879809053821e-02
5.606408974711161175e-01,-7.103618879809053821e-02
7.000323684835245697e-01,-1.696881501949151771e-02
6.119273359052471717e-01,1.846752984148553045e-01
6.487674158120617651e-01,1.448578797442671706e-01
6.168128699153327954e-01,-1.081293072840780467e-02
6.168128699153327954e-01,-1.081293072840780467e-02
6.248646010832110687e-01,-3.183507727836150103e-01
6.510129588595360284e-01,-2.504517801447495584e-01
7.207179299059011113e-01,-1.988968668471699230e-01
7.207179299059011113e-01,-1.988968668471699230e-01
6.561060390832452738e-01,-2.282917917873120983e-01
6.561060390832452738e-01,-2.282917917873120983e-01
4.235083233585039131e-01,-8.889773255721927780e-02
5.258358649917390659e-01,-7.226386208434530667e-02
5.258358649917390659e-01,-7.226386208434530667e-02
5.258358649917390659e-01,-7.226386208434530667e-02
5.657076210439643260e-01,-2.568923576648620144e-01
5.657076210439643260e-01,-2.568923576648620144e-01
4.577657991761678868e-01,-2.751893171480839784e-01
3.925765985178885087e-01,8.396070258822829757e-02
3.925765985178885087e-01,8.396070258822829757e-02
3.925765985178885087e-01,8.396070258822829757e-02
4.907312303431869971e-01,-6.487331740568416660e-02
5.928998833971258486e-01,-6.105570178814982707e-02
5.102463974026635318e-01,8.037386194134453488e-02
6.389871598320404633e-01,-6.947563232889512885e-02
6.389871598320404633e-01,-6.947563232889512885e-02
6.075578430255101914e-01,-1.502274606595856987e-01
6.075578430255101914e-01,-1.502274606595856987e-01
6.075578430255101914e-01,-1.502274606595856987e-01
7.369194181672018562e-01,-6.302201191574396955e-02
7.369194181672018562e-01,-6.302201191574396955e-02
7.328720606574999907e-01,9.436048862237214618e-02
7.244751938161606564e-01,5.471413475631878298e-02
8.631605436193421355e-01,6.913741634499148692e-03
4.363314113850372267e-01,3.034605891037856634e-02
4.548949235628571008e-01,-1.741675918649145949e-01
4.241433494282174643e-01,-1.758730110218922060e-01
4.657208065449338630e-01,-2.091700553076019653e-01
4.657208065449338630e-01,-2.091700553076019653e-01
4.657208065449338630e-01,-2.091700553076019653e-01
4.657208065449338630e-01,-2.091700553076019653e-01
5.095681201908605074e-01,-1.612505315264211592e-01
5.095681201908605074e-01,-1.612505315264211592e-01
5.095681201908605074e-01,-1.612505315264211592e-01
5.108044922014239875e-01,-1.945295404063897837e-01
5.108044922014239875e-01,-1.945295404063897837e-01
5.108044922014239875e-01,-1.945295404063897837e-01
5.108044922014239875e-01,-1.945295404063897837e-01
4.259005309764546388e-01,-9.232275679155250991e-02
7.247117486086842586e-01,-2.248284699213759508e-01
6.339334817189880011e-01,-2.244137226007558161e-01
4.723937571638583410e-01,-4.873195695898754898e-02
5.185963327566306402e-01,-1.387325874441210916e-01
5.185963327566306402e-01,-1.387325874441210916e-01
5.185963327566306402e-01,-1.387325874441210916e-01
3.703692288852197811e-01,-2.586310056689727355e-01
3.703692288852197811e-01,-2.586310056689727355e-01
3.947309144257624691e-01,-1.306248713240284187e-01
3.937281459554757279e-01,-2.012182130072059927e-01
3.937281459554757279e-01,-2.012182130072059927e-01
3.937281459554757279e-01,-2.012182130072059927e-01
6.903380376429253396e-01,-1.370594730223067825e-01
6.871283353658600435e-01,-1.192893621235844304e-01
7.435224668896314171e-01,-3.361794410258359123e-02
4.747156984521215262e-01,2.115676824443934734e-01
4.747156984521215262e-01,2.115676824443934734e-01
4.747156984521215262e-01,2.115676824443934734e-01
4.747156984521215262e-01,2.115676824443934734e-01
4.747156984521215262e-01,2.115676824443934734e-01
4.747156984521215262e-01,2.115676824443934734e-01
4.410778730076612697e-01,-9.922732668984959870e-02
6.737197823320731915e-01,-6.075459733393973744e-02
6.737197823320731915e-01,-6.075459733393973744e-02
8.746914437397740327e-01,-7.103479189337241761e-02
8.300849254209601291e-01,-1.258014878857016960e-01
8.300849254209601291e-01,-1.258014878857016960e-01
8.300849254209601291e-01,-1.258014878857016960e-01
8.300849254209601291e-01,-1.258014878857016960e-01
8.300849254209601291e-01,-1.258014878857016960e-01
8.075658549260573693e-01,-3.641916283267421228e-02
6.366430904604436503e-01,5.561386812548936576e-02
4.712631739123971375e-01,-1.499863027858215625e-02
4.251079280698528695e-01,-2.510146843017671894e-02
5.392525195366981716e-01,9.142481595568938135e-02
5.399987048922290089e-01,-7.316089487102545030e-02
5.399987048922290089e-01,-7.316089487102545030e-02
7.920376121696424132e-01,-9.226653563035330796e-02
7.920376121696424132e-01,-9.226653563035330796e-02
7.920376121696424132e-01,-9.226653563035330796e-02
6.615872401719939955e-01,-1.130672122156455572e-01
6.615872401719939955e-01,-1.130672122156455572e-01
6.615872401719939955e-01,-1.130672122156455572e-01
6.615872401719939955e-01,-1.130672122156455572e-01
6.615872401719939955e-01,-1.130672122156455572e-01
6.615872401719939955e-01,-1.130672122156455572e-01
5.883234407583063375e-01,-6.840395001959037602e-02
5.121263311367820759e-01,1.308165777795205764e-01
5.121263311367820759e-01,1.308165777795205764e-01
5.596790131719698858e-01,-7.365027976914831354e-02
5.596790131719698858e-01,-7.365027976914831354e-02
5.596790131719698858e-01,-7.365027976914831354e-02
5.596790131719698858e-01,-7.365027976914831354e-02
8.082791955796398975e-01,-1.178784940621938060e-01
7.325832881015755804e-01,-1.825143069275264041e-01
7.325832881015755804e-01,-1.825143069275264041e-01
7.325832881015755804e-01,-1.825143069275264041e-01
6.848171961849129907e-01,-9.335821687685320891e-02
6.848171961849129907e-01,-9.335821687685320891e-02
7.812173476748064394e-01,-8.704574768779721472e-02
7.812173476748064394e-01,-8.704574768779721472e-02
5.895558095050650316e-01,-9.113354532204369363e-02
7.607790456437258930e-01,-7.329123608119618438e-02
5.103356351822416759e-01,-3.236069258538383508e-02
6.835845803805790100e-01,-1.591903096645109206e-01
7.625922829140137083e-01,-1.594999812973058873e-01
7.051603083967031838e-01,-3.287730804763882020e-01
7.051603083967031838e-01,-3.287730804763882020e-01
7.051603083967031838e-01,-3.287730804763882020e-01
7.671553543114829621e-01,-4.472272665670679048e-02
5.070077796583516427e-01,-6.041471111188420617e-02
4.889755178566452254e-01,-8.237222356692938674e-02
6.629948865098379551e-01,-1.620453305087393991e-01
8.933591418368841408e-01,2.459509876094001513e-03
8.933591418368841408e-01,2.459509876094001513e-03
8.018144828226043686e-01,4.387206053481764595e-02
8.018144828226043686e-01,4.387206053481764595e-02
8.018144828226043686e-01,4.387206053481764595e-02
7.004299212261353436e-01,4.169802773801677132e-02
6.016591827426447381e-01,1.132993993682858760e-02
6.016591827426447381e-01,1.132993993682858760e-02
6.016591827426447381e-01,1.132993993682858760e-02
6.016591827426447381e-01,1.132993993682858760e-02
6.795840341315958488e-01,2.971544124184223243e-03
5.260651034583044838e-01,-6.858804897608083984e-02
7.404386034687273632e-01,6.799183335926747840e-02
7.404386034687273632e-01,6.799183335926747840e-02
9.397641018357256737e-01,9.712728532376532775e-02
8.263327276407101962e-01,2.196858910097117257e-02
8.263327276407101962e-01,2.196858910097117257e-02
8.263327276407101962e-01,2.196858910097117257e-02
6.210978127972786034e-01,-4.920818593872017949e-03
7.866270073941283858e-01,-4.269246678191630784e-02
7.866270073941283858e-01,-4.269246678191630784e-02
7.866270073941283858e-01,-4.269246678191630784e-02
7.866270073941283858e-01,-4.269246678191630784e-02
7.866270073941283858e-01,-4.269246678191630784e-02
7.231191166329403730e-01,-6.289499615010595013e-03
8.906005311091529375e-01,-2.537716905800430425e-02
6.515733207748340972e-01,-1.570106636138944578e-01
3.624936431932734293e-01,-1.546147016699154497e-01
5.041556496410890542e-01,-2.781151580402457801e-01
5.041556496410890542e-01,-2.781151580402457801e-01
6.647555788305362645e-01,-2.897591963121229353e-01
6.647555788305362645e-01,-2.897591963121229353e-01
6.647555788305362645e-01,-2.897591963121229353e-01
6.647555788305362645e-01,-2.897591963121229353e-01
5.727233085548055769e-01,-1.875166289600705971e-01
5.212065184066067003e-01,-1.456073836847494307e-01
4.975519549751328263e-01,4.088217112412270704e-02
4.975519549751328263e-01,4.088217112412270704e-02
4.141319379588294103e-01,1.676894185528077230e-01
4.422372049416358752e-01,7.868045727371902887e-02
4.422372049416358752e-01,7.868045727371902887e-02
4.422372049416358752e-01,7.868045727371902887e-02
4.422372049416358752e-01,7.868045727371902887e-02
5.669136368800414827e-01,4.055704718008835280e-02
5.669136368800414827e-01,4.055704718008835280e-02
5.669136368800414827e-01,4.055704718008835280e-02
5.669136368800414827e-01,4.055704718008835280e-02
5.656650644157041885e-01,3.013973415930980629e-02
5.656650644157041885e-01,3.013973415930980629e-02
6.613954798112599009e-01,1.753339000346780530e-02
6.613954798112599009e-01,1.753339000346780530e-02
7.333615497970149555e-01,1.753779297538456405e-01
5.011780177822380278e-01,-1.055480958891579224e-01
5.326286648096956178e-01,-2.650800055797135346e-02
6.161791204622976137e-01,-1.286121129666638677e-02
6.161791204622976137e-01,-1.286121129666638677e-02
6.587921176687664415e-01,-3.289107446018346009e-02
6.587921176687664415e-01,-3.289107446018346009e-02
6.262023819706024064e-01,-1.606762920096839464e-01
4.509162715171130542e-01,-5.747863040779054022e-02
4.194705093436036925e-01,2.149815579640146912e-01
4.297738555785380332e-01,1.762085585222652184e-01
4.704305459640806819e-01,5.245440982585969358e-02
4.704305459640806819e-01,5.245440982585969358e-02
4.704305459640806819e-01,5.245440982585969358e-02
4.704305459640806819e-01,5.245440982585969358e-02
4.704305459640806819e-01,5.245440982585969358e-02
4.704305459640806819e-01,5.245440982585969358e-02
7.387799156257506272e-01,3.872773399862559918e-02
7.387799156257506272e-01,3.872773399862559918e-02
7.387799156257506272e-01,3.872773399862559918e-02
7.387799156257506272e-01,3.872773399862559918e-02
7.387799156257506272e-01,3.872773399862559918e-02
7.921905937295405931e-01,-6.356953270689920388e-03
7.921905937295405931e-01,-6.356953270689920388e-03
7.921905937295405931e-01,-6.356953270689920388e-03
7.921905937295405931e-01,-6.356953270689920388e-03
7.921905937295405931e-01,-6.356953270689920388e-03
7.921905937295405931e-01,-6.356953270689920388e-03
7.921905937295405931e-01,-6.356953270689920388e-03
7.921905937295405931e-01,-6.356953270689920388e-03
7.921905937295405931e-01,-6.356953270689920388e-03
7.921905937295405931e-01,-6.356953270689920388e-03
7.749483748297829599e-01,-1.572955753416434982e-02
9.176241060784897652e-01,-1.446836732060989006e-01
9.176241060784897652e-01,-1.446836732060989006e-01
8.545468596781655712e-01,3.616270286454420502e-02
8.545468596781655712e-01,3.616270286454420502e-02
8.663620441364137115e-01,-8.862885329811935609e-03
7.205958830420653438e-01,1.173400842860615190e-01
7.216030357116978156e-01,8.798137078407658462e-02
7.216030357116978156e-01,8.798137078407658462e-02
7.794233717156677788e-01,-1.671414839282854559e-02
7.794233717156677788e-01,-1.671414839282854559e-02
7.096694272932979608e-01,2.896303025238213674e-02
7.096694272932979608e-01,2.896303025238213674e-02
7.450248035911345434e-01,1.123996512848334239e-01
7.807310057766844169e-01,1.206540173998337795e-01
7.993738136002923600e-01,-6.555365729742071434e-02
4.108785709780616302e-01,-1.452934417335881301e-02
3.286395247477843506e-01,4.311740740896327639e-02
3.404834902112494066e-01,3.238026859810892721e-02
5.481370854252294311e-01,2.120701329911832134e-01
7.277957881440608734e-01,-4.527073664548109111e-02
8.228931465993026828e-01,-1.486431722770337471e-01
8.536630972572065712e-01,-9.924541507896900150e-05
7.176485477086584908e-01,-5.696902324683943142e-02
7.176485477086584908e-01,-5.696902324683943142e-02
7.176485477086584908e-01,-5.696902324683943142e-02
5.530303313596027781e-01,1.064668946480206019e-01
4.914655933947811861e-01,-8.722936398858315010e-02
4.914655933947811861e-01,-8.722936398858315010e-02
4.914655933947811861e-01,-8.722936398858315010e-02
4.914655933947811861e-01,-8.722936398858315010e-02
4.914655933947811861e-01,-8.722936398858315010e-02
7.598705542121678702e-01,-4.856806853364484949e-02
7.598705542121678702e-01,-4.856806853364484949e-02
8.211520661884327277e-01,-2.739789938555564283e-02
8.211520661884327277e-01,-2.739789938555564283e-02
7.455006304909925774e-01,1.224262188640159732e-01
7.455006304909925774e-01,1.224262188640159732e-01
7.455006304909925774e-01,1.224262188640159732e-01
6.122435404662559533e-01,2.549526186370033587e-01
6.381655330472131293e-01,2.519953158269367943e-01
6.381655330472131293e-01,2.519953158269367943e-01
3.952904964939050192e-01,2.828787102827342581e-01
3.952904964939050192e-01,2.828787102827342581e-01
3.952904964939050192e-01,2.828787102827342581e-01
4.299243774588208389e-01,2.773155721960419706e-01
2.225228334867736801e-01,7.933811249762798279e-02
3.270540415775596843e-01,1.858135818827688357e-01
3.270540415775596843e-01,1.858135818827688357e-01
3.270540415775596843e-01,1.858135818827688357e-01
3.270540415775596843e-01,1.858135818827688357e-01
3.270540415775596843e-01,1.858135818827688357e-01
3.270540415775596843e-01,1.858135818827688357e-01
3.270540415775596843e-01,1.858135818827688357e-01
3.691292530534197036e-01,1.515625630338184593e-01
3.691292530534197036e-01,1.515625630338184593e-01
3.691292530534197036e-01,1.515625630338184593e-01
4.516901084192068150e-01,1.613593357956327745e-03
4.013940564560452562e-01,-2.797390488165000383e-02
4.374009303488536338e-01,7.896845086931095214e-02
5.365705454758535886e-01,2.692546365291437205e-01
5.848325004353250867e-01,-1.317549354850149346e-01
5.848325004353250867e-01,-1.317549354850149346e-01
5.768085100386191044e-01,1.154100851767697611e-02
6.157132899185728814e-01,-2.701065828327060131e-02
6.157132899185728814e-01,-2.701065828327060131e-02
4.501822030761978288e-01,-2.142161380351184641e-03
4.501822030761978288e-01,-2.142161380351184641e-03
5.248967335115066746e-01,-8.406124196559938960e-04
7.799537236632450021e-01,6.141781908471490026e-02
7.030887730044119710e-01,6.354123647452714074e-02
6.890016095458909584e-01,-1.284477404206481876e-01
6.890016095458909584e-01,-1.284477404206481876e-01
6.890016095458909584e-01,-1.284477404206481876e-01
5.128715697009302854e-01,2.630249678698395321e-01
6.167949012790930885e-01,6.098133833274407833e-02
6.167949012790930885e-01,6.098133833274407833e-02
7.547375390576318566e-01,6.946946798900108244e-02
7.547375390576318566e-01,6.946946798900108244e-02
7.547375390576318566e-01,6.946946798900108244e-02
7.547375390576318566e-01,6.946946798900108244e-02
7.656504615080316212e-01,4.268540657869446253e-02
7.656504615080316212e-01,4.268540657869446253e-02
7.656504615080316212e-01,4.268540657869446253e-02
7.515135090656679395e-01,4.249496461655758589e-02
7.515135090656679395e-01,4.249496461655758589e-02
7.515135090656679395e-01,4.249496461655758589e-02
7.061312135104725884e-01,2.604359464693137630e-02
7.061312135104725884e-01,2.604359464693137630e-02
7.061312135104725884e-01,2.604359464693137630e-02
7.967096389256640432e-01,2.570844144072284565e-03
7.293735009593942387e-01,-3.930157950387267590e-02
4.979470063800374713e-01,-1.116209142822890132e-01
4.979470063800374713e-01,-1.116209142822890132e-01
4.979470063800374713e-01,-1.116209142822890132e-01
4.149844822312425685e-01,7.962333540179494795e-02
4.149844822312425685e-01,7.962333540179494795e-02
4.149844822312425685e-01,7.962333540179494795e-02
3.449691563851724485e-01,1.079782593054919859e-01
3.449691563851724485e-01,1.079782593054919859e-01
3.449691563851724485e-01,1.079782593054919859e-01
3.449691563851724485e-01,1.079782593054919859e-01
5.870443099172377721e-01,-5.622799513353871070e-03
5.318861949526971777e-01,7.177448096415177392e-02
6.771834987030816988e-01,3.932529580576986372e-02
6.406211912544582665e-01,6.590635485900260548e-02
6.637198467851552763e-01,1.198600481422342073e-01
8.367117778071796463e-01,-6.653233359689615656e-02
8.367117778071796463e-01,-6.653233359689615656e-02
6.412006074544605028e-01,1.699259025430262526e-01
6.412006074544605028e-01,1.699259025430262526e-01
6.424520042746426629e-01,1.589056478560062768e-01
7.032000395388691150e-01,1.315151895373083690e-01
4.920367678790886212e-01,1.366910321142319196e-01
4.920367678790886212e-01,1.366910321142319196e-01
4.920367678790886212e-01,1.366910321142319196e-01
6.121459692323235613e-01,2.677610743613310085e-01
7.701259490734706503e-01,1.400575159513329782e-01
7.701259490734706503e-01,1.400575159513329782e-01
8.415900806661784639e-01,4.710071511919451670e-02
8.709035701345776426e-01,1.530407584844473146e-02
8.709035701345776426e-01,1.530407584844473146e-02
8.709035701345776426e-01,1.530407584844473146e-02
8.709035701345776426e-01,1.530407584844473146e-02
8.709035701345776426e-01,1.530407584844473146e-02
8.709035701345776426e-01,1.530407584844473146e-02
7.115330533866092155e-01,7.259041550328207415e-02
7.115330533866092155e-01,7.259041550328207415e-02
6.031448868565159049e-01,-1.535293387568260892e-01
6.134240086806271863e-01,-8.413081073904403462e-02
6.879437112525893516e-01,-2.551189187718766460e-03
6.879437112525893516e-01,-2.551189187718766460e-03
6.149259086556815301e-01,-8.112576713171035236e-02
4.880663078649748465e-01,-4.884282779024919086e-02
6.688185414424716591e-01,1.037146931111523479e-01
7.295909291097751881e-01,5.350832961053486603e-03
7.295909291097751881e-01,5.350832961053486603e-03
7.295909291097751881e-01,5.350832961053486603e-03
6.696765953466735644e-01,-2.418890834258236727e-02
6.696765953466735644e-01,-2.418890834258236727e-02
6.696765953466735644e-01,-2.418890834258236727e-02
6.696765953466735644e-01,-2.418890834258236727e-02
9.236001078475191139e-01,-3.896737465826308200e-02
6.155387242203937959e-01,9.530566973835188915e-02
7.839078870558541245e-01,2.686225989276086468e-02
5.274678058638907485e-01,5.669455188170337279e-02
5.274678058638907485e-01,5.669455188170337279e-02
4.081461791578677167e-01,-9.405264456008428919e-02
4.081461791578677167e-01,-9.405264456008428919e-02
5.455027434349007942e-01,-1.751645568577595291e-01
5.455027434349007942e-01,-1.751645568577595291e-01
4.546331471939496494e-01,-1.239434068526103910e-01
4.546331471939496494e-01,-1.239434068526103910e-01
4.154716596395486294e-01,1.893539772294323964e-02
4.154716596395486294e-01,1.893539772294323964e-02
4.154716596395486294e-01,1.893539772294323964e-02
4.154716596395486294e-01,1.893539772294323964e-02
4.266397448497853961e-01,5.738701724356276568e-02
3.900155326721722604e-01,-5.182608054615722715e-02
4.046235301783550065e-01,8.059396994107664858e-02
2.660546131958779759e-01,6.687468995837320129e-02
2.841215137310808547e-01,-2.551463310780226201e-02
4.073842362147293006e-01,1.313817140395021066e-01
2.802131145017707770e-01,1.083139068199341637e-01
3.349098507556553805e-01,1.987353641256825454e-01
5.302724707637704871e-01,2.494107877090395720e-01
5.302724707637704871e-01,2.494107877090395720e-01
5.302724707637704871e-01,2.494107877090395720e-01
5.302724707637704871e-01,2.494107877090395720e-01
5.302724707637704871e-01,2.494107877090395720e-01
5.543717204383120656e-01,8.733988639559062128e-02
5.543717204383120656e-01,8.733988639559062128e-02
6.779469248771194945e-01,1.750686546829620382e-02
6.779469248771194945e-01,1.750686546829620382e-02
6.779469248771194945e-01,1.750686546829620382e-02
6.779469248771194945e-01,1.750686546829620382e-02
6.779469248771194945e-01,1.750686546829620382e-02
6.779469248771194945e-01,1.750686546829620382e-02
6.779469248771194945e-01,1.750686546829620382e-02
6.469808486066265241e-01,-1.269659467705059330e-01
6.469808486066265241e-01,-1.269659467705059330e-01
7.204008597084814447e-01,9.569192216005079077e-03
5.827099254844271270e-01,1.547399136271416786e-01
5.827099254844271270e-01,1.547399136271416786e-01
5.827099254844271270e-01,1.547399136271416786e-01
5.866895506875821065e-01,6.988760934607939068e-02
5.866895506875821065e-01,6.988760934607939068e-02
5.866895506875821065e-01,6.988760934607939068e-02
5.866895506875821065e-01,6.988760934607939068e-02
5.866895506875821065e-01,6.988760934607939068e-02
6.878530199363844799e-01,2.712168122679199933e-01
7.621958808208839642e-01,2.636392895454438556e-01
7.621958808208839642e-01,2.636392895454438556e-01
7.621958808208839642e-01,2.636392895454438556e-01
5.692723087183875208e-01,3.657967079105695074e-01
5.574005816540220648e-01,4.075445134405414338e-01
4.942080493408587127e-01,4.153971702508350572e-01
4.942080493408587127e-01,4.153971702508350572e-01
5.886523966211536507e-01,3.274783805110620394e-01
4.319116305234671493e-01,-3.072543507687913733e-02
4.319116305234671493e-01,-3.072543507687913733e-02
4.319116305234671493e-01,-3.072543507687913733e-02
4.319116305234671493e-01,-3.072543507687913733e-02
4.606413516468445546e-01,1.057501277983944887e-01
4.787662428135531223e-01,1.097006261438027708e-01
4.787662428135531223e-01,1.097006261438027708e-01
4.787662428135531223e-01,1.097006261438027708e-01
5.651385445847716404e-01,1.062481041906362805e-01
4.124407994691768331e-01,-3.937415039793848437e-03
4.624097657251025617e-01,5.064142495508359987e-02
6.171741115261326627e-01,1.753186930572429580e-01
8.174271815834870392e-01,1.459580217183967243e-01
7.245686521067943309e-01,7.484026611805755236e-02
7.312675826906770427e-01,9.036967839440646078e-02
7.312675826906770427e-01,9.036967839440646078e-02
7.312675826906770427e-01,9.036967839440646078e-02
7.455680364681627204e-01,1.167249548397367304e-01
7.455680364681627204e-01,1.167249548397367304e-01
7.455680364681627204e-01,1.167249548397367304e-01
7.455680364681627204e-01,1.167249548397367304e-01
7.455680364681627204e-01,1.167249548397367304e-01
7.455680364681627204e-01,1.167249548397367304e-01
6.532570867845530760e-01,-1.060750792348001542e-01
6.532570867845530760e-01,-1.060750792348001542e-01
6.532570867845530760e-01,-1.060750792348001542e-01
7.283621016277510574e-01,-9.937121245020864857e-02
7.283621016277510574e-01,-9.937121245020864857e-02
6.976950804788230043e-01,4.834851121680468211e-02
6.976950804788230043e-01,4.834851121680468211e-02
6.125208210487042004e-01,-1.381984614008621159e-01
6.125208210487042004e-01,-1.381984614008621159e-01
6.125208210487042004e-01,-1.381984614008621159e-01
6.125208210487042004e-01,-1.381984614008621159e-01
4.656846772864209338e-01,-1.515085487019562083e-01
5.609809373493611639e-01,-9.972486704955624282e-02
5.609809373493611639e-01,-9.972486704955624282e-02
4.606157730009211582e-01,2.117274386964813904e-02
4.375162650449066493e-01,-1.915161305117976109e-01
4.375162650449066493e-01,-1.915161305117976109e-01
4.375162650449066493e-01,-1.915161305117976109e-01
5.288425021855663877e-01,-1.310044237523413924e-02
5.288425021855663877e-01,-1.310044237523413924e-02
5.288425021855663877e-01,-1.310044237523413924e-02
6.905904364000118312e-01,-1.311807342424014255e-01
6.905904364000118312e-01,-1.311807342424014255e-01
6.905904364000118312e-01,-1.311807342424014255e-01
5.835685312307040684e-01,7.434004787530146263e-04
5.835685312307040684e-01,7.434004787530146263e-04
5.835685312307040684e-01,7.434004787530146263e-04
3.455832558486063855e-01,-8.601769658018837417e-02
3.455832558486063855e-01,-8.601769658018837417e-02
3.455832558486063855e-01,-8.601769658018837417e-02
6.663108281989253978e-01,-6.594096178055600110e-02
6.663108281989253978e-01,-6.594096178055600110e-02
6.663108281989253978e-01,-6.594096178055600110e-02
6.663108281989253978e-01,-6.594096178055600110e-02
6.752653520615561344e-01,-3.068534337261291656e-02
6.752653520615561344e-01,-3.068534337261291656e-02
6.752653520615561344e-01,-3.068534337261291656e-02
6.752653520615561344e-01,-3.068534337261291656e-02
6.752653520615561344e-01,-3.068534337261291656e-02
6.752653520615561344e-01,-3.068534337261291656e-02
6.752653520615561344e-01,-3.068534337261291656e-02
6.752653520615561344e-01,-3.068534337261291656e-02
4.553187119828974172e-01,-8.508725635203742699e-02
6.277024411847261787e-01,-2.541197473261953554e-01
6.277024411847261787e-01,-2.541197473261953554e-01
6.474326957037911390e-01,-2.264788003595585852e-01
6.474326957037911390e-01,-2.264788003595585852e-01
6.770844442113180817e-01,-1.041727024728654055e-01
6.770844442113180817e-01,-1.041727024728654055e-01
6.770844442113180817e-01,-1.041727024728654055e-01
6.667900308393426290e-01,1.750095658457430647e-01
6.667900308393426290e-01,1.750095658457430647e-01
6.903114036156371425e-01,1.278924168318200660e-01
6.868167689811311982e-01,7.683087262578139343e-02
8.489220468135267872e-01,-7.281602458236974273e-02
8.489220468135267872e-01,-7.281602458236974273e-02
6.802120067024031158e-01,-1.604660748736912446e-01
5.575963508143773062e-01,-1.994280987138781214e-01
6.547862881505548405e-01,-1.831186917628627175e-02
6.693989932203836535e-01,-7.861298397396468407e-02
6.693989932203836535e-01,-7.861298397396468407e-02
5.899411640589281580e-01,-1.345568093113676256e-02
5.899411640589281580e-01,-1.345568093113676256e-02
6.650287576540026002e-01,4.388619585460790118e-02
6.650287576540026002e-01,4.388619585460790118e-02
7.996063795866623636e-01,2.415316062678969089e-01
5.997478440475283445e-01,2.048601826735416409e-01
5.262673523627622307e-01,3.714813525285304285e-02
5.145827824003892381e-01,-1.047133221865695074e-01
5.145827824003892381e-01,-1.047133221865695074e-01
5.094854893963722819e-01,2.894517292987389134e-02
4.824199911310328992e-01,-8.629063340156466200e-02
4.824199911310328992e-01,-8.629063340156466200e-02
5.830673429964630117e-01,-1.381710503127939749e-01
5.830673429964630117e-01,-1.381710503127939749e-01
6.623009749721257000e-01,-1.823192093118639057e-02
5.336512628155172244e-01,8.830321046166836330e-03
5.336512628155172244e-01,8.830321046166836330e-03
4.566925436392604842e-01,1.869393161775861553e-02
6.805770282374721258e-01,-9.205096804207209271e-02
7.557893649537660297e-01,2.840828191448525886e-02
8.324997722039435555e-01,-5.798033710544214792e-03
6.213340586904323448e-01,-9.907598856684393662e-02
6.213340586904323448e-01,-9.907598856684393662e-02
6.213340586904323448e-01,-9.907598856684393662e-02
5.400638582477709226e-01,-1.564105484554345060e-01
5.465400061164450429e-01,-9.839776594055213432e-02
5.465400061164450429e-01,-9.839776594055213432e-02
6.922054309111133064e-01,-1.019970853479188894e-01
5.667815649921882359e-01,-1.384899245359457187e-01
5.667815649921882359e-01,-1.384899245359457187e-01
5.155467820639245691e-01,-8.547302525904534876e-02
5.155467820639245691e-01,-8.547302525904534876e-02
4.212525215015868740e-01,7.963727368627537828e-02
4.212525215015868740e-01,7.963727368627537828e-02
4.212525215015868740e-01,7.963727368627537828e-02
5.741139516573610102e-01,-1.644526238011537744e-01
5.741139516573610102e-01,-1.644526238011537744e-01
8.464480926614759149e-01,-1.821338639253796687e-01
8.213542335920686055e-01,-1.846870186408779702e-01
8.213542335920686055e-01,-1.846870186408779702e-01
8.213542335920686055e-01,-1.846870186408779702e-01
6.874210974700396548e-01,-2.349478727014923385e-01
6.874210974700396548e-01,-2.349478727014923385e-01
6.874210974700396548e-01,-2.349478727014923385e-01
5.731159885910470653e-01,-2.552382169396448242e-01
4.083742622901864738e-01,-1.009431614612386618e-01
4.083742622901864738e-01,-1.009431614612386618e-01
4.083742622901864738e-01,-1.009431614612386618e-01
4.083742622901864738e-01,-1.009431614612386618e-01
4.083742622901864738e-01,-1.009431614612386618e-01
4.083742622901864738e-01,-1.009431614612386618e-01
3.578948160552120616e-01,-8.058512081643040559e-02
4.220278947775906175e-01,9.653172052965719452e-02
4.220278947775906175e-01,9.653172052965719452e-02
4.220278947775906175e-01,9.653172052965719452e-02
4.220278947775906175e-01,9.653172052965719452e-02
6.319950361372085323e-01,1.831009828328858668e-01
7.924828916578298132e-01,1.590389221518325180e-01
7.924828916578298132e-01,1.590389221518325180e-01
7.924828916578298132e-01,1.590389221518325180e-01
6.198706226929148189e-01,2.167838120305886074e-01
6.198706226929148189e-01,2.167838120305886074e-01
6.796543536622680071e-01,1.247418779545907408e-01
4.621497491112326328e-01,2.251207230701457451e-02
4.208023313713293301e-01,1.132617215736460015e-01
4.208023313713293301e-01,1.132617215736460015e-01
4.208023313713293301e-01,1.132617215736460015e-01
3.048129564873232056e-01,1.102800985905449255e-01
3.048129564873232056e-01,1.102800985905449255e-01
4.469133282368421556e-01,2.921802283592130900e-01
6.254568786445265927e-01,2.537675815003201940e-01
6.254568786445265927e-01,2.537675815003201940e-01
6.254568786445265927e-01,2.537675815003201940e-01
3.767876552565943005e-01,1.706295835964922736e-01
3.767876552565943005e-01,1.706295835964922736e-01
3.767876552565943005e-01,1.706295835964922736e-01
7.012380214093085762e-01,1.719543618013865960e-01
5.708242889453294389e-01,1.263229627474250494e-01
5.708242889453294389e-01,1.263229627474250494e-01
5.708242889453294389e-01,1.263229627474250494e-01
5.708242889453294389e-01,1.263229627474250494e-01
7.117902325984784007e-01,-1.755665854601418663e-01
6.195720092053313977e-01,-1.270239070064931586e-01
6.195720092053313977e-01,-1.270239070064931586e-01
6.195720092053313977e-01,-1.270239070064931586e-01
6.195720092053313977e-01,-1.270239070064931586e-01
6.195720092053313977e-01,-1.270239070064931586e-01
5.220851285652334806e-01,5.281904467747139398e-02
5.220851285652334806e-01,5.281904467747139398e-02
5.220851285652334806e-01,5.281904467747139398e-02
5.220851285652334806e-01,5.281904467747139398e-02
5.790900916879643257e-01,-5.679008084234619946e-02
4.263570778855685361e-01,9.725274922432566860e-03
5.850094640874838881e-01,-8.189768225063109863e-02
5.850094640874838881e-01,-8.189768225063109863e-02
7.367083405097496485e-01,-1.476037042946058697e-02
5.779785753040403984e-01,1.990740386211385382e-01
6.405462783998768783e-01,4.031212234702813424e-02
6.405462783998768783e-01,4.031212234702813424e-02
5.568206980908745329e-01,2.668530065932158135e-01
5.568206980908745329e-01,2.668530065932158135e-01
5.568206980908745329e-01,2.668530065932158135e-01
5.568206980908745329e-01,2.668530065932158135e-01
5.568206980908745329e-01,2.668530065932158135e-01
4.404879134215978764e-01,1.747259646422094637e-01
4.427337369727288863e-01,8.823871256496310100e-02
6.187346412663884410e-01,-4.786353509039817378e-02
5.394744207072448283e-01,4.377505020801197855e-02
5.593517056405665766e-01,1.814862098870340945e-01
5.228360198284918159e-01,1.840279069668950274e-01
6.542024454171027070e-01,2.354896743480148491e-01
6.542024454171027070e-01,2.354896743480148491e-01
6.542024454171027070e-01,2.354896743480148491e-01
6.542024454171027070e-01,2.354896743480148491e-01
6.542024454171027070e-01,2.354896743480148491e-01
8.054281119931963051e-01,2.010337813831275522e-01
8.054281119931963051e-01,2.010337813831275522e-01
8.054281119931963051e-01,2.010337813831275522e-01
6.411571702407558027e-01,2.906583609949946467e-01
6.411571702407558027e-01,2.906583609949946467e-01
5.830207037206407428e-01,-6.056261967257525747e-02
5.830207037206407428e-01,-6.056261967257525747e-02
6.708387063445898635e-01,5.297765088593153759e-02
8.023630596893529532e-01,-3.677047558744719891e-02
8.023630596893529532e-01,-3.677047558744719891e-02
7.098476295342746045e-01,-6.139591340733423219e-02
7.098476295342746045e-01,-6.139591340733423219e-02
7.098476295342746045e-01,-6.139591340733423219e-02
7.098476295342746045e-01,-6.139591340733423219e-02
7.098476295342746045e-01,-6.139591340733423219e-02
5.187409061952302780e-01,2.086017186254697786e-01
5.621449521911521252e-01,1.173450270333559892e-01
5.621449521911521252e-01,1.173450270333559892e-01
6.694198100063204482e-01,3.665187406322202579e-02
6.694198100063204482e-01,3.665187406322202579e-02
6.067323926811053481e-01,-2.934957685261155302e-04
6.067323926811053481e-01,-2.934957685261155302e-04
6.067323926811053481e-01,-2.934957685261155302e-04
6.067323926811053481e-01,-2.934957685261155302e-04
5.663003268091497677e-01,1.134405401204853503e-01
4.339577021176418414e-01,-3.267593940972349231e-02
4.339577021176418414e-01,-3.267593940972349231e-02
4.339577021176418414e-01,-3.267593940972349231e-02
4.510129242964427965e-01,9.497410245340123791e-02
4.218720006124919708e-01,-7.180876215253001460e-02
4.218720006124919708e-01,-7.180876215253001460e-02
4.673470363007742323e-01,1.276382929326176363e-01
4.673470363007742323e-01,1.276382929326176363e-01
4.281936407844210701e-01,3.554411763403998725e-02
4.281936407844210701e-01,3.554411763403998725e-02
4.281936407844210701e-01,3.554411763403998725e-02
4.281936407844210701e-01,3.554411763403998725e-02
2.753137913621317434e-01,3.115819417029141308e-02
2.436438360473494602e-01,5.811966602639634383e-02
2.491126711199613819e-01,6.957001701512464942e-02
2.923623073227878399e-01,-1.864230796214404462e-01
2.923623073227878399e-01,-1.864230796214404462e-01
3.083040574185881288e-01,-1.545691346695020618e-01
3.083040574185881288e-01,-1.545691346695020618e-01
3.083040574185881288e-01,-1.545691346695020618e-01
5.888165163274399205e-01,-2.761054081853610565e-01
5.329312989259213929e-01,-2.277023947306216489e-01
5.329312989259213929e-01,-2.277023947306216489e-01
3.630367588201741658e-01,-3.391488746842996616e-02
3.630367588201741658e-01,-3.391488746842996616e-02
3.630367588201741658e-01,-3.391488746842996616e-02
1.420508565715705995e-01,2.585870098613114731e-03
1.714668534293569413e-01,-1.104471337708029521e-01
3.944956584431080215e-01,-4.262056360706222014e-02
4.789844200753684555e-01,-9.333297612074110960e-02
4.789844200753684555e-01,-9.333297612074110960e-02
7.114030071090894358e-01,-2.023270135541627157e-01
7.356876239941101403e-01,3.644849891450216428e-02
7.356876239941101403e-01,3.644849891450216428e-02
7.356876239941101403e-01,3.644849891450216428e-02
6.680903148370851419e-01,1.317426850052386134e-01
6.680903148370851419e-01,1.317426850052386134e-01
6.680903148370851419e-01,1.317426850052386134e-01
6.680903148370851419e-01,1.317426850052386134e-01
4.722464529848283687e-01,1.458417699536637968e-01
6.236573835382770437e-01,4.096226583487326545e-02
6.236573835382770437e-01,4.096226583487326545e-02
5.863099867678117638e-01,7.795584267945523949e-02
5.863099867678117638e-01,7.795584267945523949e-02
5.617121994985271316e-01,2.553819034028150664e-02
5.617121994985271316e-01,2.553819034028150664e-02
6.030310315261482312e-01,5.301248030796711780e-02
6.030310315261482312e-01,5.301248030796711780e-02
6.030310315261482312e-01,5.301248030796711780e-02
6.030310315261482312e-01,5.301248030796711780e-02
6.030310315261482312e-01,5.301248030796711780e-02
6.030310315261482312e-01,5.301248030796711780e-02
7.124029570552856683e-01,-1.862906434990396071e-02
6.608449615073239691e-01,6.994764138046372093e-02
4.800868342087309948e-01,1.569748047322543083e-01
4.800868342087309948e-01,1.569748047322543083e-01
4.800868342087309948e-01,1.569748047322543083e-01
4.983658903374659221e-01,1.798852936892510745e-01
5.409150493045897790e-01,1.458679450741280359e-01
6.646106631410652055e-01,1.785432376182059244e-01
6.646106631410652055e-01,1.785432376182059244e-01
6.620148377054075883e-01,-1.565874242377950643e-01
6.620148377054075883e-01,-1.565874242377950643e-01
5.377753117799987104e-01,-9.931655970208812245e-02
6.777022944478532374e-01,3.068787763360413257e-01
6.777022944478532374e-01,3.068787763360413257e-01
6.777022944478532374e-01,3.068787763360413257e-01
6.777022944478532374e-01,3.068787763360413257e-01
7.243009908660658080e-01,2.924075120679350270e-01
8.863586874256934589e-01,1.114884542994246663e-01
8.863586874256934589e-01,1.114884542994246663e-01
8.435268861427906995e-01,2.025887742838968220e-01
8.909237390270861034e-01,-4.407662512889182205e-02
6.536849496740324561e-01,-1.391978952000816339e-01
6.536849496740324561e-01,-1.391978952000816339e-01
8.296633888010085389e-01,-4.775158501395294908e-02
6.959486448101145362e-01,1.953570943141674787e-01
7.218316446150553345e-01,-5.795200613972406600e-02
4.716642428777459428e-01,-4.782032612380886227e-02
4.716642428777459428e-01,-4.782032612380886227e-02
4.716642428777459428e-01,-4.782032612380886227e-02
6.763041493172380347e-01,-6.662763318957135028e-02
6.763041493172380347e-01,-6.662763318957135028e-02
5.729713489200419785e-01,9.221541042115755094e-02
5.888591156262084070e-01,3.278254313102348938e-01
7.764835131675646984e-01,1.534657290029934062e-01
5.919337404863580510e-01,8.810911721302340516e-02
6.412432006517011507e-01,1.091567775954069841e-01
6.412432006517011507e-01,1.091567775954069841e-01
5.304904661629771256e-01,3.357023224249164328e-02
5.304904661629771256e-01,3.357023224249164328e-02
5.607710829075875925e-01,-9.440358774219925753e-02
6.064566557344460707e-01,1.773002715092413251e-01
6.807635215587565236e-01,1.616542463744024549e-01
6.204155913504746378e-01,1.205749227369777715e-01
6.204155913504746378e-01,1.205749227369777715e-01
6.204155913504746378e-01,1.205749227369777715e-01
4.508940796334742762e-01,5.010093242347786469e-02
4.508940796334742762e-01,5.010093242347786469e-02
4.508940796334742762e-01,5.010093242347786469e-02
4.079385172542232540e-01,-3.142215523719751880e-02
4.079385172542232540e-01,-3.142215523719751880e-02
4.079385172542232540e-01,-3.142215523719751880e-02
6.821549496934138368e-01,9.506578790282757541e-03
6.483550157047390794e-01,4.284684548873226445e-02
6.483550157047390794e-01,4.284684548873226445e-02
6.483550157047390794e-01,4.284684548873226445e-02
6.578121456654874022e-01,6.011446118224721830e-02
6.578121456654874022e-01,6.011446118224721830e-02
6.001410885686037089e-01,-2.121187119449746139e-01
5.108919371116248387e-01,1.570524370636822153e-02
5.108919371116248387e-01,1.570524370636822153e-02
6.542572836549387372e-01,-1.531174213953347407e-01
5.904477431057688630e-01,-1.406999449208359843e-01
5.942797426360528767e-01,-6.612015153057541894e-02
7.799379777025068350e-01,7.254109324289483018e-02
6.123357128897208845e-01,4.690033290192824333e-03
5.035633365343212819e-01,-1.468672712679044701e-01
5.035633365343212819e-01,-1.468672712679044701e-01
5.035633365343212819e-01,-1.468672712679044701e-01
5.035633365343212819e-01,-1.468672712679044701e-01
4.204917941801599168e-01,-1.100847484622088229e-01
6.154489115660819465e-01,-6.017881025007135870e-02
6.154489115660819465e-01,-6.017881025007135870e-02
6.154489115660819465e-01,-6.017881025007135870e-02
6.510268989906331516e-01,4.551734320576298481e-02
6.510268989906331516e-01,4.551734320576298481e-02
6.510268989906331516e-01,4.551734320576298481e-02
5.667713843464876611e-01,7.826269276763979377e-02
4.183821748372552052e-01,4.463229611271445768e-02
4.183821748372552052e-01,4.463229611271445768e-02
4.184211277747185154e-01,-1.042642441315334151e-02
4.184211277747185154e-01,-1.042642441315334151e-02
3.808572408233844575e-01,5.211175070419133554e-02
2.417857854118758143e-01,7.903829031450830545e-02
2.417857854118758143e-01,7.903829031450830545e-02
5.401970196817791336e-01,3.224847943125668664e-02
7.808270357004214457e-01,-3.169455125763553927e-05
7.808270357004214457e-01,-3.169455125763553927e-05
7.808270357004214457e-01,-3.169455125763553927e-05
6.554885119710104346e-01,5.144820627646064237e-02
4.499670422462752617e-01,6.284275396626087806e-02
4.499670422462752617e-01,6.284275396626087806e-02
4.645889857782973253e-01,1.228121356216818616e-03
5.001440641151256861e-01,1.407149951769980922e-01
5.001440641151256861e-01,1.407149951769980922e-01
5.001440641151256861e-01,1.407149951769980922e-01
5.001440641151256861e-01,1.407149951769980922e-01
5.001440641151256861e-01,1.407149951769980922e-01
3.923887096112406159e-01,3.471335570143034566e-02
4.055720327352170251e-01,-7.126645517748012026e-02
5.205094122632870635e-01,-1.313973247134493927e-01
5.205094122632870635e-01,-1.313973247134493927e-01
5.205094122632870635e-01,-1.313973247134493927e-01
5.205094122632870635e-01,-1.313973247134493927e-01
5.302221043222705710e-01,-4.679595417951898373e-02
4.209534859060640177e-01,-1.150190289563649548e-01
4.209534859060640177e-01,-1.150190289563649548e-01
3.771778185037954478e-01,-1.395479050690862921e-01
2.717266682087033924e-01,9.347565288941619976e-02
3.348260607465409211e-01,-2.244266610480148139e-01
2.113332779735052624e-01,-3.075608551285702319e-01
5.196892183967984913e-01,-2.258697845044954911e-01
5.196892183967984913e-01,-2.258697845044954911e-01
5.196892183967984913e-01,-2.258697845044954911e-01
5.196892183967984913e-01,-2.258697845044954911e-01
3.968376464267505677e-01,-1.817090461496624065e-01
5.576575125881533257e-01,-9.491806794035473338e-02
5.340275354034537125e-01,-1.975648944891850722e-01
4.346985492085826963e-01,-1.572771178190894570e-01
6.016328224929320401e-01,-3.507268814984144112e-01
5.048037404387569760e-01,-3.525522328341509359e-01
6.706353506116692342e-01,-2.599986096938028401e-01
6.706353506116692342e-01,-2.599986096938028401e-01
8.457866627339800658e-01,-9.913018323271260979e-02
7.085074885565247893e-01,-6.196791393386123087e-02
3.357236577522643706e-01,-2.370709884051856453e-01
3.250135097643164217e-01,-1.969481901163391002e-01
3.250135097643164217e-01,-1.969481901163391002e-01
3.543602835873652657e-01,-7.693482729166867262e-03
3.543602835873652657e-01,-7.693482729166867262e-03
3.543602835873652657e-01,-7.693482729166867262e-03
3.543602835873652657e-01,-7.693482729166867262e-03
3.543602835873652657e-01,-7.693482729166867262e-03
4.654435103427996268e-01,4.453310737838295924e-03
5.459955493676522664e-01,6.433711654702070626e-02
5.623030306370686571e-01,1.978974161595379033e-01
5.623030306370686571e-01,1.978974161595379033e-01
5.623030306370686571e-01,1.978974161595379033e-01
4.128846958922299248e-01,1.898197468120257914e-02
3.514296315642717050e-01,-6.978742375776751661e-02
3.514296315642717050e-01,-6.978742375776751661e-02
4.877291858515945266e-01,2.153955841749460864e-03
4.877291858515945266e-01,2.153955841749460864e-03
4.877291858515945266e-01,2.153955841749460864e-03
4.877291858515945266e-01,2.153955841749460864e-03
4.877291858515945266e-01,2.153955841749460864e-03
5.156725482234387758e-01,-1.831506784503115215e-01
5.866141605050194663e-01,-1.840638132466081989e-01
5.652891694361287245e-01,2.464750117759814674e-02
5.652891694361287245e-01,2.464750117759814674e-02
5.652891694361287245e-01,2.464750117759814674e-02
5.652891694361287245e-01,2.464750117759814674e-02
4.616996540417041550e-01,-1.074224595774786462e-01
6.371155624811023488e-01,5.607497494407726046e-02
6.371155624811023488e-01,5.607497494407726046e-02
6.371155624811023488e-01,5.607497494407726046e-02
6.371155624811023488e-01,5.607497494407726046e-02
6.854005176114685849e-01,3.245804014630713358e-02
6.854005176114685849e-01,3.245804014630713358e-02
7.561383930367061579e-01,-3.757831832377590137e-02
7.561383930367061579e-01,-3.757831832377590137e-02
7.561383930367061579e-01,-3.757831832377590137e-02
5.729070893625491934e-01,-1.454327130951034788e-02
6.115301432347090005e-01,2.991885739012602533e-02
4.335107164243233169e-01,-7.683555801242607231e-02
4.699231783382605832e-01,-3.191871968975901891e-02
5.241985565674908143e-01,2.706755621324232614e-02
5.241985565674908143e-01,2.706755621324232614e-02
5.241985565674908143e-01,2.706755621324232614e-02
4.723677773101586097e-01,1.711661166697646119e-01
4.723677773101586097e-01,1.711661166697646119e-01
4.723677773101586097e-01,1.711661166697646119e-01
3.715221465616764807e-01,1.913248332434305810e-02
3.715221465616764807e-01,1.913248332434305810e-02
4.673838756701485520e-01,-1.640231448524306079e-01
5.664984275783759848e-01,1.843093642150954448e-01
5.664984275783759848e-01,1.843093642150954448e-01
6.004166072951326871e-01,1.857761489656419296e-01
8.085200386006849982e-01,1.202195815115811306e-01
6.877151375789803955e-01,1.009004273388423994e-01
6.771610374147879474e-01,-9.797069781047884618e-03
6.309750323899638857e-01,-4.664537963244950319e-02
8.158024491336730577e-01,5.736216006096844094e-02
8.158024491336730577e-01,5.736216006096844094e-02
8.158024491336730577e-01,5.736216006096844094e-02
8.158024491336730577e-01,5.736216006096844094e-02
8.158024491336730577e-01,5.736216006096844094e-02
8.158024491336730577e-01,5.736216006096844094e-02
8.128024588890957469e-01,-8.668715518600933478e-02
8.128024588890957469e-01,-8.668715518600933478e-02
9.074538558223884666e-01,4.171585606383501621e-02
9.382060173593634866e-01,8.567807621537304463e-02
9.382060173593634866e-01,8.567807621537304463e-02
9.598617273903110592e-01,2.016059605858104009e-01
9.598617273903110592e-01,2.016059605858104009e-01
9.598617273903110592e-01,2.016059605858104009e-01
7.459387455267119105e-01,1.562133788932871803e-01
8.183016582381350545e-01,1.867526376232744312e-01
8.183016582381350545e-01,1.867526376232744312e-01
8.183016582381350545e-01,1.867526376232744312e-01
7.244601074616561220e-01,1.993711877550228551e-01
7.244601074616561220e-01,1.993711877550228551e-01
4.689582846353479995e-01,4.958710011401323836e-02
4.614544895216924347e-01,1.759554122668367249e-01
4.667603510175578618e-01,-7.062110318961042910e-02
4.667603510175578618e-01,-7.062110318961042910e-02
4.288118335071109399e-01,-1.447131531644486047e-01
5.917585391266453332e-01,-2.433137414250996500e-02
4.721186820956687069e-01,-5.648429762803613974e-02
5.263324279628697200e-01,-7.983504686588489829e-02
5.263324279628697200e-01,-7.983504686588489829e-02
5.399114521114140031e-01,-2.622775837694767409e-01
5.399114521114140031e-01,-2.622775837694767409e-01
5.399114521114140031e-01,-2.622775837694767409e-01
5.399114521114140031e-01,-2.622775837694767409e-01
3.476236277280539966e-01,-2.361511100177293154e-01
3.476236277280539966e-01,-2.361511100177293154e-01
3.607731535588754590e-01,-1.825758470296140745e-01
3.607731535588754590e-01,-1.825758470296140745e-01
4.457269423338483527e-01,1.533348176937124052e-01
4.457269423338483527e-01,1.533348176937124052e-01
5.662778934156151855e-01,1.538877792865049055e-01
5.693583773882880950e-01,1.912470739663049979e-01
5.693583773882880950e-01,1.912470739663049979e-01
5.693583773882880950e-01,1.912470739663049979e-01
5.693583773882880950e-01,1.912470739663049979e-01
5.693583773882880950e-01,1.912470739663049979e-01
5.693583773882880950e-01,1.912470739663049979e-01
5.693583773882880950e-01,1.912470739663049979e-01
5.693583773882880950e-01,1.912470739663049979e-01
7.283102134966937813e-01,2.239153559711049568e-01
7.283102134966937813e-01,2.239153559711049568e-01
8.580465622946481519e-01,1.019648977435553411e-01
7.544480763603274021e-01,-4.684021247859580794e-02
6.455718720810593725e-01,6.595097148953364685e-02
5.612474610414714959e-01,7.221237369261838956e-02
5.612474610414714959e-01,7.221237369261838956e-02
5.612474610414714959e-01,7.221237369261838956e-02
3.518500493996683520e-01,-6.240972239500498786e-02
3.518500493996683520e-01,-6.240972239500498786e-02
3.326454440397118018e-01,-5.874860021331282378e-02
3.326454440397118018e-01,-5.874860021331282378e-02
3.660375281779510992e-01,8.979347380480090512e-03
3.660375281779510992e-01,8.979347380480090512e-03
3.263756336143288639e-01,-2.602744522488523171e-02
3.937906749572209208e-01,-1.620170235233666656e-01
3.937906749572209208e-01,-1.620170235233666656e-01
2.443278317144151335e-01,-1.484041647760432903e-01
2.468627092624782471e-01,-1.755077533538035306e-02
3.611816996782289957e-01,-7.603839137022325168e-02
3.611816996782289957e-01,-7.603839137022325168e-02
3.611816996782289957e-01,-7.603839137022325168e-02
3.611816996782289957e-01,-7.603839137022325168e-02
3.974796742837388708e-01,-1.161350253591069692e-01
3.974796742837388708e-01,-1.161350253591069692e-01
6.012290153103078127e-01,-1.011893557553310008e-01
6.012290153103078127e-01,-1.011893557553310008e-01
6.012290153103078127e-01,-1.011893557553310008e-01
6.012290153103078127e-01,-1.011893557553310008e-01
6.111180818212044175e-01,8.159391068866764241e-02
6.111180818212044175e-01,8.159391068866764241e-02
6.111180818212044175e-01,8.159391068866764241e-02
6.590297743637956174e-01,9.013615546183260940e-02
6.590297743637956174e-01,9.013615546183260940e-02
6.590297743637956174e-01,9.013615546183260940e-02
6.590297743637956174e-01,9.013615546183260940e-02
4.778412654538374271e-01,1.504620489050422782e-01
4.326076555804603818e-01,2.110467780594937615e-01
4.344038534312721911e-01,-3.725273184261504444e-02
4.344038534312721911e-01,-3.725273184261504444e-02
4.518884164560432182e-01,-1.470585684590533515e-01
3.548324668324518427e-01,-7.421173193895851117e-02
3.548324668324518427e-01,-7.421173193895851117e-02
3.548324668324518427e-01,-7.421173193895851117e-02
5.380441428110732671e-01,-2.368623323264091862e-01
3.078937388416780330e-01,7.275023995519019904e-02
3.078937388416780330e-01,7.275023995519019904e-02
3.078937388416780330e-01,7.275023995519019904e-02
3.078937388416780330e-01,7.275023995519019904e-02
5.754299217245650855e-01,1.096364709913734553e-01
8.024815908544048471e-01,8.766428982700211203e-02
8.024815908544048471e-01,8.766428982700211203e-02
6.873791333257517344e-01,4.711540398719314682e-02
6.931824733434237551e-01,2.346632793686048712e-01
5.813587685982933850e-01,3.106190029726497714e-01
6.278870402560320363e-01,2.240612054166228329e-01
5.157354934159630311e-01,4.257576753455949436e-02
5.370999086791427013e-01,3.796196716247381142e-02
7.079127232106368073e-01,-1.547707010300924946e-02
7.079127232106368073e-01,-1.547707010300924946e-02
3.688795037747387151e-01,-1.068567345505407572e-02
3.688795037747387151e-01,-1.068567345505407572e-02
3.688795037747387151e-01,-1.068567345505407572e-02
3.688795037747387151e-01,-1.068567345505407572e-02
3.688795037747387151e-01,-1.068567345505407572e-02
3.688795037747387151e-01,-1.068567345505407572e-02
3.073196592786676673e-01,-1.177738223802903411e-01
3.073196592786676673e-01,-1.177738223802903411e-01
3.073196592786676673e-01,-1.177738223802903411e-01
2.827963791505835878e-01,3.577380042060122889e-02
2.203992552532888505e-01,1.227949806760481322e-01
2.203992552532888505e-01,1.227949806760481322e-01
3.233718386631433406e-01,2.379225442877844765e-01
2.621364162784987073e-01,1.501111011100680903e-02
2.621364162784987073e-01,1.501111011100680903e-02
3.670027359802692235e-01,2.690854244440454290e-01
3.670027359802692235e-01,2.690854244440454290e-01
3.670027359802692235e-01,2.690854244440454290e-01
3.004367682638973136e-01,1.626443432362731367e-01
3.004367682638973136e-01,1.626443432362731367e-01
2.824624143113548813e-01,-1.929210981631729327e-02
2.824624143113548813e-01,-1.929210981631729327e-02
1.327879901525267081e-01,-2.016441325717145405e-01
6.526409586955296549e-02,-1.115696818339328433e-01
6.526409586955296549e-02,-1.115696818339328433e-01
8.893373824189138022e-02,-2.137941158618713033e-01
8.893373824189138022e-02,-2.137941158618713033e-01
8.893373824189138022e-02,-2.137941158618713033e-01
8.893373824189138022e-02,-2.137941158618713033e-01
8.893373824189138022e-02,-2.137941158618713033e-01
2.337357271426124539e-01,-1.433583394559137525e-01
2.337357271426124539e-01,-1.433583394559137525e-01
2.349674585359850798e-01,-1.254391878763861379e-01
2.349674585359850798e-01,-1.254391878763861379e-01
2.349674585359850798e-01,-1.254391878763861379e-01
2.349674585359850798e-01,-1.254391878763861379e-01
3.454458036242373797e-01,-2.471616020156056082e-01
4.836292790892319782e-01,-8.861269313672204273e-02
4.772025413929203985e-01,-8.782981193900345207e-02
4.627334743503906944e-01,-4.022652963718947872e-02
4.627334743503906944e-01,-4.022652963718947872e-02
4.627334743503906944e-01,-4.022652963718947872e-02
4.627334743503906944e-01,-4.022652963718947872e-02
4.627334743503906944e-01,-4.022652963718947872e-02
4.627334743503906944e-01,-4.022652963718947872e-02
7.006574080023156847e-01,1.309540153426923537e-01
7.006574080023156847e-01,1.309540153426923537e-01
5.628404521643703973e-01,-2.676081607996122491e-03
5.628404521643703973e-01,-2.676081607996122491e-03
5.514554462874994289e-01,6.228969966343496367e-02
5.514554462874994289e-01,6.228969966343496367e-02
5.514554462874994289e-01,6.228969966343496367e-02
5.514554462874994289e-01,6.228969966343496367e-02
5.514554462874994289e-01,6.228969966343496367e-02
5.514554462874994289e-01,6.228969966343496367e-02
5.514554462874994289e-01,6.228969966343496367e-02
5.514554462874994289e-01,6.228969966343496367e-02
5.514554462874994289e-01,6.228969966343496367e-02
4.936194859259830370e-01,-2.803131360870131372e-02
4.770817928843261724e-01,4.321049271469090680e-02
5.730894138177894392e-01,1.248132758310967205e-01
4.954724963800958837e-01,1.153344658816758822e-01
5.184207852663313965e-01,6.035889894092014152e-02
5.345888999599932578e-01,2.566190580690069778e-01
5.345888999599932578e-01,2.566190580690069778e-01
5.345888999599932578e-01,2.566190580690069778e-01
5.345888999599932578e-01,2.566190580690069778e-01
6.524719718964931969e-01,2.744811769574362348e-01
4.931335179387325018e-01,1.226812471562211126e-01
2.933616050951279863e-01,1.572021463752087955e-01
2.933616050951279863e-01,1.572021463752087955e-01
4.155805741967771860e-01,-4.437485858807579953e-02
4.747798468620268997e-01,1.076936506406434013e-01
5.413158282276516742e-01,1.892221676773410410e-02
6.724325365141321509e-01,-8.051321343978644351e-03
6.724325365141321509e-01,-8.051321343978644351e-03
7.817081153423528495e-01,6.467326132330272759e-02
7.604872049547360957e-01,-5.650772140626762752e-02
7.604872049547360957e-01,-5.650772140626762752e-02
4.957052834545642162e-01,-2.753588019186972366e-02
6.130384770831178720e-01,-6.414065234498669832e-02
6.130384770831178720e-01,-6.414065234498669832e-02
7.667473128203632360e-01,1.152289117354164116e-01
7.667473128203632360e-01,1.152289117354164116e-01
7.667473128203632360e-01,1.152289117354164116e-01
6.732491720022225623e-01,-2.451248857634785727e-03
6.732491720022225623e-01,-2.451248857634785727e-03
6.732491720022225623e-01,-2.451248857634785727e-03
6.777645182385482192e-01,-1.234950620029459656e-01
6.777645182385482192e-01,-1.234950620029459656e-01
6.779524014815094812e-01,-9.972162101557849323e-02
6.779524014815094812e-01,-9.972162101557849323e-02
6.779524014815094812e-01,-9.972162101557849323e-02
4.903410384653739129e-01,-1.195135856532125451e-01
4.903410384653739129e-01,-1.195135856532125451e-01
5.832670178945569273e-01,-1.422766215389623112e-01
5.832670178945569273e-01,-1.422766215389623112e-01
5.250112785320861786e-01,-1.161937114054097386e-01
5.250112785320861786e-01,-1.161937114054097386e-01
5.471284323835792218e-01,-2.804749991872303450e-01
5.471284323835792218e-01,-2.804749991872303450e-01
7.683725898019182488e-01,-2.724958816803344508e-01
7.683725898019182488e-01,-2.724958816803344508e-01
5.462678834742895617e-01,-3.273139456428156291e-01
5.302838045938351730e-01,-3.331960888014554589e-01
5.302838045938351730e-01,-3.331960888014554589e-01
3.331679307554801239e-01,-4.092515046958306035e-02
4.261314229623570093e-01,-6.114213909582355555e-02
3.941891858851611641e-01,2.285108775536934256e-02
6.563819282464515847e-01,1.324242052835526984e-01
5.641801580875647204e-01,-4.232704900125200398e-03
3.591132837016381973e-01,2.644695829335049625e-02
4.153542936550653208e-01,-1.014603089483491483e-01
4.058627946861202429e-01,1.046474295059174331e-02
3.733105050746120535e-01,1.454326371165818588e-01
6.128882661577073065e-01,1.534353637149925564e-01
6.128882661577073065e-01,1.534353637149925564e-01
6.128882661577073065e-01,1.534353637149925564e-01
4.764883421561693089e-01,1.836634706677095497e-01
4.764883421561693089e-01,1.836634706677095497e-01
4.764883421561693089e-01,1.836634706677095497e-01
4.764883421561693089e-01,1.836634706677095497e-01
3.655123081623108949e-01,6.718725653162695155e-02
3.655123081623108949e-01,6.718725653162695155e-02
3.431615908206191445e-01,1.469859142576037114e-01
3.431615908206191445e-01,1.469859142576037114e-01
3.431615908206191445e-01,1.469859142576037114e-01
3.431615908206191445e-01,1.469859142576037114e-01
4.842578880338038183e-01,6.987309745605700673e-02
4.842578880338038183e-01,6.987309745605700673e-02
4.842578880338038183e-01,6.987309745605700673e-02
4.842578880338038183e-01,6.987309745605700673e-02
4.436967188947635865e-01,-8.553502646494333395e-02
4.436967188947635865e-01,-8.553502646494333395e-02
4.436967188947635865e-01,-8.553502646494333395e-02
7.312115869499329346e-01,-1.441335358040128356e-01
7.312115869499329346e-01,-1.441335358040128356e-01
7.596685437633332594e-01,-1.859239214063423407e-01
7.596685437633332594e-01,-1.859239214063423407e-01
6.754937738176856055e-01,9.661433574104039135e-02
7.932175798190442828e-01,2.730567068923028806e-02
7.932175798190442828e-01,2.730567068923028806e-02
7.932175798190442828e-01,2.730567068923028806e-02
8.031947870584686955e-01,1.209496515804728625e-02
4.462013593152693858e-01,-1.215315111913928270e-01
4.168271698563592031e-01,-1.444876829786628236e-01
3.662407832845748779e-01,-2.874411830492945574e-03
3.662407832845748779e-01,-2.874411830492945574e-03
2.736953073832502636e-01,1.011413720606710448e-01
2.656010538442083457e-01,-2.303353575513948648e-02
2.656010538442083457e-01,-2.303353575513948648e-02
5.562798461895617219e-01,-3.902532111075397714e-02
5.562798461895617219e-01,-3.902532111075397714e-02
5.562798461895617219e-01,-3.902532111075397714e-02
6.461061218437141873e-01,-5.711590010817098328e-02
6.461061218437141873e-01,-5.711590010817098328e-02
6.310283022393111674e-01,-7.132769927794956055e-02
6.310283022393111674e-01,-7.132769927794956055e-02
6.310283022393111674e-01,-7.132769927794956055e-02
6.310283022393111674e-01,-7.132769927794956055e-02
6.310283022393111674e-01,-7.132769927794956055e-02
6.164118202159718507e-01,-5.432065106826332312e-02
5.707682123829382892e-01,-1.133093992541060746e-02
5.707682123829382892e-01,-1.133093992541060746e-02
5.707682123829382892e-01,-1.133093992541060746e-02
5.707682123829382892e-01,-1.133093992541060746e-02
5.707682123829382892e-01,-1.133093992541060746e-02
5.707682123829382892e-01,-1.133093992541060746e-02
5.707682123829382892e-01,-1.133093992541060746e-02
5.707682123829382892e-01,-1.133093992541060746e-02
3.933041510345518521e-01,-5.221777948046871926e-02
6.277374360296263944e-01,4.009861089411673879e-02
6.770860735633280614e-01,1.139505764373363594e-01
6.770860735633280614e-01,1.139505764373363594e-01
3.931802069485250128e-01,4.750952825087673137e-02
3.931802069485250128e-01,4.750952825087673137e-02
3.931802069485250128e-01,4.750952825087673137e-02
3.931802069485250128e-01,4.750952825087673137e-02
7.505634346398535328e-01,-1.768174803239372372e-02
7.938783214071429839e-01,2.415683695044568424e-01
7.064100979896744681e-01,2.236827587735670808e-01
7.064100979896744681e-01,2.236827587735670808e-01
7.523701806528428904e-01,1.246691372559165512e-01
6.699933735735996709e-01,5.105536819919748170e-02
6.915919321676650133e-01,2.930929602420125762e-02
5.323922684242562431e-01,6.423620288722392546e-02
4.869866468424098871e-01,4.717135247916330598e-02
4.869866468424098871e-01,4.717135247916330598e-02
7.207609752531415337e-01,9.332781237126736018e-02
6.842755199325005755e-01,3.099508642397629660e-02
6.842755199325005755e-01,3.099508642397629660e-02
5.991632907926537355e-01,-1.721370401306398512e-01
5.991632907926537355e-01,-1.721370401306398512e-01
6.734156953404301094e-01,-1.259638452883621862e-01
6.262082550819628723e-01,-1.595688498005122524e-01
6.262082550819628723e-01,-1.595688498005122524e-01
6.262082550819628723e-01,-1.595688498005122524e-01
6.486417204851296914e-01,-9.299491478337476580e-02
7.822549194914546478e-01,1.187874888618776770e-01
7.822549194914546478e-01,1.187874888618776770e-01
7.822549194914546478e-01,1.187874888618776770e-01
7.822549194914546478e-01,1.187874888618776770e-01
7.822549194914546478e-01,1.187874888618776770e-01
7.822549194914546478e-01,1.187874888618776770e-01
7.822549194914546478e-01,1.187874888618776770e-01
5.446327265008326091e-01,8.599037353569141673e-02
5.446327265008326091e-01,8.599037353569141673e-02
5.446327265008326091e-01,8.599037353569141673e-02
7.176267241914408013e-01,-4.328559440234788780e-02
7.176267241914408013e-01,-4.328559440234788780e-02
6.719901824908515175e-01,-2.600251692803618245e-02
6.116429232671534155e-01,-9.094393346482268492e-02
4.967549379090534512e-01,-1.949299112212030116e-01
4.967549379090534512e-01,-1.949299112212030116e-01
4.967549379090534512e-01,-1.949299112212030116e-01
5.418295512037423212e-01,2.682423353486557138e-02
5.418295512037423212e-01,2.682423353486557138e-02
3.915046684799442511e-01,7.047702844401057543e-02
5.023084304011672385e-01,1.123446184278457799e-01
5.023084304011672385e-01,1.123446184278457799e-01
5.023084304011672385e-01,1.123446184278457799e-01
5.023084304011672385e-01,1.123446184278457799e-01
5.023084304011672385e-01,1.123446184278457799e-01
5.641298619051224872e-01,-1.862118122931771813e-03
6.107096261009932192e-01,8.540562130857910772e-02
6.107096261009932192e-01,8.540562130857910772e-02
8.089306853313844581e-01,4.451070246342750392e-02
7.254195778221079749e-01,1.997849324678326599e-01
7.111809686729176905e-01,-6.565392892401791802e-02
7.111809686729176905e-01,-6.565392892401791802e-02
4.555159510855537608e-01,-6.436562500280788857e-02
4.555159510855537608e-01,-6.436562500280788857e-02
4.555159510855537608e-01,-6.436562500280788857e-02
6.191425697173594811e-01,-2.178300912406355150e-01
4.838478789915016121e-01,-1.727176251247492800e-01
5.775762563299891017e-01,-4.995993354618073756e-02
5.775762563299891017e-01,-4.995993354618073756e-02
5.456002541126541150e-01,-6.597035930014949479e-02
5.735009938825946785e-01,-1.309200941203574331e-01
7.903615667133019329e-01,-1.689265167596800121e-01
7.903615667133019329e-01,-1.689265167596800121e-01
4.994110044446855023e-01,5.609723410868980298e-02
5.824799926337346223e-01,3.934724780194541471e-02
5.824799926337346223e-01,3.934724780194541471e-02
5.824799926337346223e-01,3.934724780194541471e-02
5.824799926337346223e-01,3.934724780194541471e-02
5.824799926337346223e-01,3.934724780194541471e-02
5.824799926337346223e-01,3.934724780194541471e-02
7.556173419873566388e-01,1.896882035579465220e-01
7.556173419873566388e-01,1.896882035579465220e-01
7.556173419873566388e-01,1.896882035579465220e-01
6.797230501447301121e-01,2.301502463941726417e-02
4.835104261318811103e-01,-4.415088821333124081e-02
6.890573364969394543e-01,4.204220820794607461e-02
6.297111124089594947e-01,6.468849779634408548e-02
6.297111124089594947e-01,6.468849779634408548e-02
6.297111124089594947e-01,6.468849779634408548e-02
6.297111124089594947e-01,6.468849779634408548e-02
6.297111124089594947e-01,6.468849779634408548e-02
4.473205116274918680e-01,1.498734132140631115e-01
4.473205116274918680e-01,1.498734132140631115e-01
5.318821131963608062e-01,5.141616637896860575e-02
5.318821131963608062e-01,5.141616637896860575e-02
4.540742463649349858e-01,-1.873020800129553409e-01
3.614540766629612545e-01,-1.705509378686923538e-01
3.614540766629612545e-01,-1.705509378686923538e-01
4.058849974262375149e-01,-1.513060063266808419e-01
6.970102411968663869e-01,-1.338176365821884817e-01
6.807988667883344558e-01,3.163218488004207463e-02
6.807988667883344558e-01,3.163218488004207463e-02
6.011633352664428331e-01,6.380823902134818981e-02
6.757093460900748250e-01,1.295197921530050200e-01
6.842011145688770002e-01,1.676166023322278043e-01
5.238273334821086369e-01,6.825776768976625497e-02
6.246331285908084396e-01,-9.106311316470384887e-02
6.246331285908084396e-01,-9.106311316470384887e-02
6.897086908683524031e-01,-1.354959771639688004e-01
6.897086908683524031e-01,-1.354959771639688004e-01
5.840175338591679921e-01,-3.345827594227317181e-02
5.115423565377993365e-01,-1.174170384527137012e-01
5.115423565377993365e-01,-1.174170384527137012e-01
5.115423565377993365e-01,-1.174170384527137012e-01
5.115423565377993365e-01,-1.174170384527137012e-01
4.186629605346385286e-01,-2.298430225517711367e-01
5.720969515412932527e-01,-3.679274615553649319e-01
7.288173039370344775e-01,-2.264137674678712853e-01
7.288173039370344775e-01,-2.264137674678712853e-01
7.288173039370344775e-01,-2.264137674678712853e-01
7.677530121732059065e-01,-2.284586545409531821e-01
7.677530121732059065e-01,-2.284586545409531821e-01
5.785935474741941142e-01,-2.484374025691886978e-01
5.029737987880409378e-01,-2.081983373532658999e-01
5.701037660355390280e-01,-3.782516862617182896e-02
5.701037660355390280e-01,-3.782516862617182896e-02
5.701037660355390280e-01,-3.782516862617182896e-02
5.701037660355390280e-01,-3.782516862617182896e-02
4.559876796031771540e-01,-1.435070237288045836e-01
4.559876796031771540e-01,-1.435070237288045836e-01
4.559876796031771540e-01,-1.435070237288045836e-01
4.145431356077622365e-01,-1.210753231143965603e-01
4.257859258668406643e-01,-1.292868186294953148e-01
3.885841674339929330e-01,-9.249511603903697032e-02
3.885841674339929330e-01,-9.249511603903697032e-02
5.892527024570118899e-01,1.429454296037853678e-01
5.491081582252068660e-01,-1.580404117737449488e-02
6.971420966332945168e-01,1.190574636573523692e-01
6.523805071034718406e-01,1.194265708437495244e-01
6.523805071034718406e-01,1.194265708437495244e-01
7.118854940894802086e-01,2.005157440242301692e-01
7.381169830065165138e-01,1.627356249666804533e-01
8.612018800362617466e-01,3.943963663613121728e-02
8.612018800362617466e-01,3.943963663613121728e-02
7.973675871870889997e-01,5.333492029259936928e-02
7.973675871870889997e-01,5.333492029259936928e-02
6.315657258242350913e-01,-1.140863940574852464e-01
5.785373462750627027e-01,-5.106225652366434831e-02
5.785373462750627027e-01,-5.106225652366434831e-02
5.785373462750627027e-01,-5.106225652366434831e-02
4.940726899349140999e-01,-6.159891379660253213e-02
4.074508561949232721e-01,8.280377183110951278e-02
4.082266624036348102e-01,-1.877919670638075467e-01
4.082266624036348102e-01,-1.877919670638075467e-01
5.362527567570422038e-01,-1.488090596856556369e-01
6.788990539814887537e-01,-1.092613205365188800e-01
6.181298641080670286e-01,-1.285984269001550773e-01
7.905601951896520374e-01,-1.529333988593976068e-01
7.313515092998561506e-01,3.435259575555710265e-02
6.555926909001482672e-01,1.085117162154840692e-01
6.405681131127537453e-01,-3.195853277195417896e-03
6.405681131127537453e-01,-3.195853277195417896e-03
4.896184187030229173e-01,4.093054346519609671e-02
5.004668529536058230e-01,4.252729158597617909e-03
5.004668529536058230e-01,4.252729158597617909e-03
5.688867094675251757e-01,-2.192153737441313310e-01
5.688867094675251757e-01,-2.192153737441313310e-01
5.688867094675251757e-01,-2.192153737441313310e-01
5.179050449465795181e-01,-2.097045716746082089e-01
5.179050449465795181e-01,-2.097045716746082089e-01
4.983420376834268861e-01,-1.048961026796807472e-01
4.983420376834268861e-01,-1.048961026796807472e-01
4.983420376834268861e-01,-1.048961026796807472e-01
4.983420376834268861e-01,-1.048961026796807472e-01
4.983420376834268861e-01,-1.048961026796807472e-01
4.983420376834268861e-01,-1.048961026796807472e-01
4.983420376834268861e-01,-1.048961026796807472e-01
7.159207554886153346e-01,-1.648876968833037915e-01
6.152001273659384317e-01,1.986052258698367545e-02
6.152001273659384317e-01,1.986052258698367545e-02
5.652595404987413863e-01,4.727705750341158059e-02
5.871855944158240748e-01,1.704191283651596694e-02
5.871855944158240748e-01,1.704191283651596694e-02
5.792423047069915620e-01,3.729559261361398842e-02
5.792423047069915620e-01,3.729559261361398842e-02
5.925962612618808079e-01,-1.908469974437694561e-01
5.925962612618808079e-01,-1.908469974437694561e-01
5.925962612618808079e-01,-1.908469974437694561e-01
4.788191238918235726e-01,-1.577621813387586336e-01
5.249340955931758312e-01,1.789715677539658323e-01
5.249340955931758312e-01,1.789715677539658323e-01
5.879254421027172439e-01,5.168941586531927701e-02
5.879254421027172439e-01,5.168941586531927701e-02
5.879254421027172439e-01,5.168941586531927701e-02
5.879254421027172439e-01,5.168941586531927701e-02
5.879254421027172439e-01,5.168941586531927701e-02
7.006276893572588316e-01,2.217114681259965137e-01
6.090457540378610979e-01,2.111675957403806037e-01
6.090457540378610979e-01,2.111675957403806037e-01
5.369555340432423662e-01,3.395216967273939623e-02
5.369555340432423662e-01,3.395216967273939623e-02
5.369555340432423662e-01,3.395216967273939623e-02
5.369555340432423662e-01,3.395216967273939623e-02
5.369555340432423662e-01,3.395216967273939623e-02
5.369555340432423662e-01,3.395216967273939623e-02
5.369555340432423662e-01,3.395216967273939623e-02
8.316974875158580360e-01,7.159248409054977391e-02
8.316974875158580360e-01,7.159248409054977391e-02
5.167007707174622322e-01,-3.597531588163538352e-02
7.002400934364063634e-01,-1.500426148982089702e-03
6.576284604061437555e-01,-4.702445009563104017e-02
6.576284604061437555e-01,-4.702445009563104017e-02
5.229491099974512558e-01,2.295490576354597412e-01
6.559633968952797156e-01,1.663561830624397664e-01
7.242917451746678781e-01,1.116116583902062726e-01
7.242917451746678781e-01,1.116116583902062726e-01
4.738336596091834441e-01,2.312785474915524941e-01
5.336809347465619746e-01,2.141808103623271398e-01
5.336809347465619746e-01,2.141808103623271398e-01
5.336809347465619746e-01,2.141808103623271398e-01
5.336809347465619746e-01,2.141808103623271398e-01
5.336809347465619746e-01,2.141808103623271398e-01
4.321411753660069910e-01,1.360685718116995124e-01
4.321411753660069910e-01,1.360685718116995124e-01
4.321411753660069910e-01,1.360685718116995124e-01
2.799829570445715454e-01,2.777834241512887603e-01
2.537665674543404526e-01,4.027490129795125440e-01
3.031735084171783279e-01,4.048003563751916833e-01
2.966371488000928425e-01,2.539062132612128764e-01
2.810002268253462554e-01,2.441994272939622124e-01
2.810002268253462554e-01,2.441994272939622124e-01
2.119655070654447582e-01,2.021209267463769943e-01
2.119655070654447582e-01,2.021209267463769943e-01
2.113259627048916234e-01,1.146728509194529788e-01
2.113259627048916234e-01,1.146728509194529788e-01
2.113259627048916234e-01,1.146728509194529788e-01
2.113259627048916234e-01,1.146728509194529788e-01
2.113259627048916234e-01,1.146728509194529788e-01
1.714814520431773570e-01,8.321660497331997974e-02
5.752215001552098972e-01,-4.291538679253875666e-02
5.752215001552098972e-01,-4.291538679253875666e-02
5.752215001552098972e-01,-4.291538679253875666e-02
5.752215001552098972e-01,-4.291538679253875666e-02
5.920074426037078563e-01,-8.362010451291307378e-02
6.115922351392519829e-01,-8.137228429052818790e-02
6.115922351392519829e-01,-8.137228429052818790e-02
6.115922351392519829e-01,-8.137228429052818790e-02
6.115922351392519829e-01,-8.137228429052818790e-02
6.115922351392519829e-01,-8.137228429052818790e-02
7.445680847217845955e-01,-8.240600957480556654e-02
7.445680847217845955e-01,-8.240600957480556654e-02
5.694396102940112447e-01,-2.030722291977444249e-01
5.694396102940112447e-01,-2.030722291977444249e-01
5.694396102940112447e-01,-2.030722291977444249e-01
5.694396102940112447e-01,-2.030722291977444249e-01
3.268070983341972435e-01,-1.936121546771940316e-01
3.268070983341972435e-01,-1.936121546771940316e-01
4.300062763045964243e-01,-1.624475398788733649e-01
4.300062763045964243e-01,-1.624475398788733649e-01
4.471882076696001573e-01,-2.924282166102589731e-01
5.725918362185513644e-01,-2.095528796868124100e-01
4.678801645644349860e-01,-1.753285242303528613e-01
4.238604902191430712e-01,-2.189210331756049899e-01
2.140275435425699480e-01,-3.213058278189373507e-02
2.140275435425699480e-01,-3.213058278189373507e-02
2.140275435425699480e-01,-3.213058278189373507e-02
1.933025499560300509e-01,-1.659584567484029549e-01
1.777449618447766999e-01,4.219397254582635259e-02
2.683319418742177720e-01,9.433280282628409008e-02
4.262085435457287907e-01,-1.746064979286786056e-01
5.394912807454566028e-01,-3.225133572507024038e-01
5.394912807454566028e-01,-3.225133572507024038e-01
6.707573482613347071e-01,-9.603046377444623971e-02
5.166155376705837687e-01,-6.412992609074785744e-02
8.016693097420686254e-01,1.474666586607802088e-01
8.016693097420686254e-01,1.474666586607802088e-01
8.016693097420686254e-01,1.474666586607802088e-01
5.914160794167339086e-01,-1.729237606338612787e-03
5.914160794167339086e-01,-1.729237606338612787e-03
5.914160794167339086e-01,-1.729237606338612787e-03
6.407175325138471100e-01,-2.528374541035152134e-01
2.885757843012293211e-01,9.906857228560789208e-02
2.885757843012293211e-01,9.906857228560789208e-02
2.885757843012293211e-01,9.906857228560789208e-02
2.885757843012293211e-01,9.906857228560789208e-02
2.885757843012293211e-01,9.906857228560789208e-02
2.885757843012293211e-01,9.906857228560789208e-02
4.054707503346446362e-01,9.997109777382751084e-02
4.054707503346446362e-01,9.997109777382751084e-02
4.054707503346446362e-01,9.997109777382751084e-02
3.479045631561380469e-01,5.457853013333037462e-02
3.479045631561380469e-01,5.457853013333037462e-02
3.479045631561380469e-01,5.457853013333037462e-02
5.028824736546982921e-01,2.443111546004540502e-01
4.185856651391961503e-01,5.456103366396708454e-02
4.185856651391961503e-01,5.456103366396708454e-02
4.185856651391961503e-01,5.456103366396708454e-02
3.286156906258714816e-01,-6.305529953117200437e-03
5.118852538596418977e-01,1.231682328610944344e-01
5.792622942621780124e-01,1.503612275073384075e-01
7.150470931216397208e-01,1.972404257347288303e-01
7.150470931216397208e-01,1.972404257347288303e-01
7.150470931216397208e-01,1.972404257347288303e-01
4.774620172082640890e-01,1.239569244185492469e-01
6.199125203691199237e-01,9.849855258739552422e-02
6.199125203691199237e-01,9.849855258739552422e-02
5.704087369422671250e-01,1.304290969778164333e-01
5.704087369422671250e-01,1.304290969778164333e-01
5.704087369422671250e-01,1.304290969778164333e-01
4.592791923687259414e-01,5.970485014798498913e-02
5.203820088933989174e-01,1.347095925907462188e-01
5.203820088933989174e-01,1.347095925907462188e-01
5.203820088933989174e-01,1.347095925907462188e-01
5.203820088933989174e-01,1.347095925907462188e-01
5.203820088933989174e-01,1.347095925907462188e-01
5.203820088933989174e-01,1.347095925907462188e-01
5.203820088933989174e-01,1.347095925907462188e-01
5.203820088933989174e-01,1.347095925907462188e-01
6.462071671591175237e-01,2.192841157819226949e-01
7.677618092402729300e-01,1.786815061933308413e-01
7.677618092402729300e-01,1.786815061933308413e-01
5.979125020704543214e-01,2.366830325877268826e-01
5.754496028611282288e-01,1.614741304005790079e-01
5.754496028611282288e-01,1.614741304005790079e-01
5.754496028611282288e-01,1.614741304005790079e-01
5.754496028611282288e-01,1.614741304005790079e-01
4.117292209635878830e-01,7.323432019876181809e-02
4.117292209635878830e-01,7.323432019876181809e-02
4.117292209635878830e-01,7.323432019876181809e-02
4.117292209635878830e-01,7.323432019876181809e-02
4.117292209635878830e-01,7.323432019876181809e-02
4.970750638777814423e-01,-3.887933588176772925e-02
4.970750638777814423e-01,-3.887933588176772925e-02
5.087071117427338640e-01,1.030804366376474324e-01
4.124275001134867225e-01,9.239612961773291389e-02
4.124275001134867225e-01,9.239612961773291389e-02
4.124275001134867225e-01,9.239612961773291389e-02
4.124275001134867225e-01,9.239612961773291389e-02
7.133064779307419778e-01,6.652709035265319537e-02
7.133064779307419778e-01,6.652709035265319537e-02
7.133064779307419778e-01,6.652709035265319537e-02
4.719603771295926009e-01,4.694841401604026021e-02
4.562433415819157068e-01,-1.975101911285689349e-01
4.125298772324855756e-01,-1.821198693555028947e-02
4.125298772324855756e-01,-1.821198693555028947e-02
3.982255585327076353e-01,5.888288436316210794e-02
4.071082299264758841e-01,-7.174825534218373657e-03
4.071082299264758841e-01,-7.174825534218373657e-03
3.881363112118141889e-01,-4.959877406751650453e-02
4.239194510380887571e-01,-1.148270560303227550e-01
4.857373070813862381e-01,2.568107207016491200e-01
6.955054531136162232e-01,1.239330163892065351e-01
7.083864212075940969e-01,-1.601490702251079645e-01
7.083864212075940969e-01,-1.601490702251079645e-01
7.083864212075940969e-01,-1.601490702251079645e-01
7.083864212075940969e-01,-1.601490702251079645e-01
7.302649657817052997e-01,-1.905199145763391833e-01
4.786054712139131140e-01,-8.214362652629926542e-02
6.248447279267399512e-01,-5.598976381553957132e-02
6.248447279267399512e-01,-5.598976381553957132e-02
4.383213150799478153e-01,3.749356498105168439e-02
4.383213150799478153e-01,3.749356498105168439e-02
4.383213150799478153e-01,3.749356498105168439e-02
5.793637582355222193e-01,-4.793663178313432166e-02
5.793637582355222193e-01,-4.793663178313432166e-02
7.296373582571744620e-01,-7.675099421249025056e-02
8.082357994572382243e-01,-7.559951590952795897e-03
5.799552371557785690e-01,-1.704094013892576698e-01
5.799552371557785690e-01,-1.704094013892576698e-01
5.850337976494827119e-01,-1.260568804206241289e-01
5.635005956495544588e-01,-3.046854782000741890e-01
5.635005956495544588e-01,-3.046854782000741890e-01
5.635005956495544588e-01,-3.046854782000741890e-01
5.635005956495544588e-01,-3.046854782000741890e-01
5.790630435524625197e-01,4.111114353707262525e-02
6.928963368129102962e-01,7.624719787486614053e-02
6.115200981246819989e-01,3.894452854279919357e-02
6.115200981246819989e-01,3.894452854279919357e-02
6.115200981246819989e-01,3.894452854279919357e-02
5.081422626911453744e-01,-6.615507666848194357e-02
7.187711025967489231e-01,6.576083357677176000e-03
7.187711025967489231e-01,6.576083357677176000e-03
7.187711025967489231e-01,6.576083357677176000e-03
7.187711025967489231e-01,6.576083357677176000e-03
7.187711025967489231e-01,6.576083357677176000e-03
7.187711025967489231e-01,6.576083357677176000e-03
5.773233132424816505e-01,-9.430531665389833840e-02
4.364491555229325082e-01,-1.258201532107143528e-01
4.363518444044385824e-01,-2.008019448086895697e-01
3.545035120590985800e-01,-1.868793205465041352e-01
2.591532233444691080e-01,9.163019207805606081e-02
2.369461861174234074e-01,3.547715371356513492e-02
5.643369294767036637e-01,-2.805012774629094263e-01
4.341447893197831753e-01,-2.652863568569268637e-01
4.002949625263838018e-01,-2.742775894027691397e-01
4.594145146216738196e-01,1.251527420209280206e-01
4.594145146216738196e-01,1.251527420209280206e-01
4.594145146216738196e-01,1.251527420209280206e-01
4.594145146216738196e-01,1.251527420209280206e-01
5.042403726874898906e-01,9.775550534559085403e-02
5.042403726874898906e-01,9.775550534559085403e-02
5.296593603288707319e-01,-4.638262566057166358e-02
7.933465841616007541e-01,-3.214252228731614980e-02
6.596607637209820352e-01,8.627921535804169983e-02
6.596607637209820352e-01,8.627921535804169983e-02
6.596607637209820352e-01,8.627921535804169983e-02
6.596607637209820352e-01,8.627921535804169983e-02
6.596607637209820352e-01,8.627921535804169983e-02
6.596607637209820352e-01,8.627921535804169983e-02
6.844617277588428417e-01,4.839137418522116568e-02
6.627237179347864604e-01,-1.363280008099949370e-01
6.627237179347864604e-01,-1.363280008099949370e-01
4.321914777424963328e-01,-9.890619587834215132e-03
4.321914777424963328e-01,-9.890619587834215132e-03
4.321914777424963328e-01,-9.890619587834215132e-03
4.565343652537784958e-01,-1.288024356890394850e-01
4.565343652537784958e-01,-1.288024356890394850e-01
5.454550000919192732e-01,-6.582081490819713387e-02
5.012173508542534517e-01,-1.164910986839050311e-02
5.527854235285850626e-01,8.102041514308046255e-02
5.527854235285850626e-01,8.102041514308046255e-02
5.527854235285850626e-01,8.102041514308046255e-02
5.527854235285850626e-01,8.102041514308046255e-02
5.313431562432610056e-01,-1.038366014694328404e-01
5.313431562432610056e-01,-1.038366014694328404e-01
6.599622046315172241e-01,3.531992847457908480e-02
5.742452860817143234e-01,5.891212322345167063e-02
6.628189288891622732e-01,1.792967291736932700e-01
7.130826943100623261e-01,1.523408991286919478e-01
7.130826943100623261e-01,1.523408991286919478e-01
7.130826943100623261e-01,1.523408991286919478e-01
6.636424811311968375e-01,3.082727760391476557e-02
6.636424811311968375e-01,3.082727760391476557e-02
5.783338918194440570e-01,-7.114339481183090674e-02
5.783338918194440570e-01,-7.114339481183090674e-02
5.783338918194440570e-01,-7.114339481183090674e-02
5.783338918194440570e-01,-7.114339481183090674e-02
5.783338918194440570e-01,-7.114339481183090674e-02
6.119322854166129311e-01,-2.954314508785551435e-02
5.362993340967198153e-01,-9.321926272247318956e-02
5.454861338702178264e-01,-1.005227432633970519e-02
5.544556792285173508e-01,1.112392931193188911e-01
5.544556792285173508e-01,1.112392931193188911e-01
5.644983995932124632e-01,4.304091749615615581e-03
6.536206951154224232e-01,9.791222251685424705e-02
6.536206951154224232e-01,9.791222251685424705e-02
6.536206951154224232e-01,9.791222251685424705e-02
6.536206951154224232e-01,9.791222251685424705e-02
6.536206951154224232e-01,9.791222251685424705e-02
6.536206951154224232e-01,9.791222251685424705e-02
7.435192596099604589e-01,1.017384167333895001e-01
7.435192596099604589e-01,1.017384167333895001e-01
7.435192596099604589e-01,1.017384167333895001e-01
4.888000852988306222e-01,3.071659297189888171e-02
4.888000852988306222e-01,3.071659297189888171e-02
3.995922296980159438e-01,-5.330294030368751268e-02
3.995922296980159438e-01,-5.330294030368751268e-02
3.995922296980159438e-01,-5.330294030368751268e-02
3.995922296980159438e-01,-5.330294030368751268e-02
5.675195486122917021e-01,-1.167321328646297590e-01
5.675195486122917021e-01,-1.167321328646297590e-01
5.675195486122917021e-01,-1.167321328646297590e-01
4.148941602525821892e-01,2.276217021862725343e-01
4.148941602525821892e-01,2.276217021862725343e-01
4.790088070644276663e-01,1.211161237023362647e-01
4.790088070644276663e-01,1.211161237023362647e-01
4.790088070644276663e-01,1.211161237023362647e-01
6.521723133511914128e-01,1.501051555749090549e-01
6.521723133511914128e-01,1.501051555749090549e-01
5.582541058230126030e-01,1.620342145464837014e-01
5.582541058230126030e-01,1.620342145464837014e-01
5.582541058230126030e-01,1.620342145464837014e-01
5.819491564290858454e-01,2.162776652031129510e-01
7.890079619095136110e-01,2.314086457614010217e-01
9.000672806881562238e-01,-1.268948134378852233e-01
9.000672806881562238e-01,-1.268948134378852233e-01
9.000672806881562238e-01,-1.268948134378852233e-01
9.980912271356973120e-01,-6.752717187455745118e-02
9.980912271356973120e-01,-6.752717187455745118e-02
8.269281768111537145e-01,-9.233448483619233205e-02
6.765388765046218555e-01,-9.051046528346706754e-02
6.828165599117098639e-01,-4.846879186205041434e-02
6.828165599117098639e-01,-4.846879186205041434e-02
6.828165599117098639e-01,-4.846879186205041434e-02
6.828165599117098639e-01,-4.846879186205041434e-02
7.240532250938888081e-01,6.352480733917893752e-02
7.240532250938888081e-01,6.352480733917893752e-02
7.418456955287894283e-01,1.114266751167135167e-01
6.204825443933520424e-01,-9.089732599636825283e-02
6.204825443933520424e-01,-9.089732599636825283e-02
6.204825443933520424e-01,-9.089732599636825283e-02
6.204825443933520424e-01,-9.089732599636825283e-02
6.833674382461718544e-01,-7.615661901010584156e-02
6.833674382461718544e-01,-7.615661901010584156e-02
6.833674382461718544e-01,-7.615661901010584156e-02
7.083577629458903679e-01,-5.927861948676819981e-02
8.182934094004827852e-01,-5.741596455395180099e-02
8.182934094004827852e-01,-5.741596455395180099e-02
8.182934094004827852e-01,-5.741596455395180099e-02
8.182934094004827852e-01,-5.741596455395180099e-02
7.559728296934749014e-01,8.256325787891154178e-02
7.559728296934749014e-01,8.256325787891154178e-02
7.851688037341508775e-01,4.095898787466419055e-02
7.851688037341508775e-01,4.095898787466419055e-02
7.851688037341508775e-01,4.095898787466419055e-02
7.851688037341508775e-01,4.095898787466419055e-02
8.898321556938290078e-01,-7.774095734751286513e-02
8.898321556938290078e-01,-7.774095734751286513e-02
8.898321556938290078e-01,-7.774095734751286513e-02
6.632211202354895141e-01,5.618485873280330833e-02
6.632211202354895141e-01,5.618485873280330833e-02
6.928882536675717851e-01,-5.418788014021536092e-02
6.928882536675717851e-01,-5.418788014021536092e-02
6.928882536675717851e-01,-5.418788014021536092e-02
6.928882536675717851e-01,-5.418788014021536092e-02
6.928882536675717851e-01,-5.418788014021536092e-02
7.020707203931484397e-01,-1.455524768451056383e-01
7.020707203931484397e-01,-1.455524768451056383e-01
6.799856859898757433e-01,-6.979483666721658652e-03
6.799856859898757433e-01,-6.979483666721658652e-03
6.799856859898757433e-01,-6.979483666721658652e-03
6.799856859898757433e-01,-6.979483666721658652e-03
6.799856859898757433e-01,-6.979483666721658652e-03
7.520538214627976448e-01,3.526915687235376157e-02
5.773151362819513022e-01,-8.269468260738999099e-02
5.773151362819513022e-01,-8.269468260738999099e-02
5.773151362819513022e-01,-8.269468260738999099e-02
5.773151362819513022e-01,-8.269468260738999099e-02
7.403803246535995974e-01,-1.480118530047475622e-01
7.403803246535995974e-01,-1.480118530047475622e-01
7.403803246535995974e-01,-1.480118530047475622e-01
8.969664258486143016e-01,-1.739752205709383381e-01
8.210766130329172352e-01,-1.993137595678189933e-01
8.210766130329172352e-01,-1.993137595678189933e-01
7.296159940368657226e-01,2.489570294310428089e-02
7.296159940368657226e-01,2.489570294310428089e-02
6.850539899485982298e-01,1.308814322334954094e-01
6.850539899485982298e-01,1.308814322334954094e-01
6.192021919227994609e-01,-1.300096224152479385e-01
6.192021919227994609e-01,-1.300096224152479385e-01
6.192021919227994609e-01,-1.300096224152479385e-01
6.192021919227994609e-01,-1.300096224152479385e-01
6.192021919227994609e-01,-1.300096224152479385e-01
5.698275926218966392e-01,-9.686334233501023294e-02
4.442724102108680517e-01,-5.381162797124625086e-03
7.106922553676260357e-01,-1.770430368829810641e-01
7.106922553676260357e-01,-1.770430368829810641e-01
4.173963299542791661e-01,-6.257381524539308570e-02
4.173963299542791661e-01,-6.257381524539308570e-02
6.704430728598701483e-01,8.811008703623600391e-02
6.704430728598701483e-01,8.811008703623600391e-02
6.704430728598701483e-01,8.811008703623600391e-02
6.704430728598701483e-01,8.811008703623600391e-02
7.276148101752939468e-01,3.171453316327260685e-03
7.276148101752939468e-01,3.171453316327260685e-03
7.276148101752939468e-01,3.171453316327260685e-03
7.276148101752939468e-01,3.171453316327260685e-03
4.767671395048174721e-01,-4.244457791799197133e-02
4.767671395048174721e-01,-4.244457791799197133e-02
4.767671395048174721e-01,-4.244457791799197133e-02
6.202831274974986986e-01,-1.532523770469662039e-01
5.939700869205117861e-01,-1.135372008484771267e-01
7.557972342021257450e-01,-3.837586674091716943e-02
7.557972342021257450e-01,-3.837586674091716943e-02
8.369689200708388954e-01,6.590136539042848463e-02
6.486334044268673438e-01,-1.032544714767179850e-01
6.266305883636396068e-01,-5.975602949450289914e-02
6.266305883636396068e-01,-5.975602949450289914e-02
6.141652205598803205e-01,3.891368905589774607e-02
6.802459563762309758e-01,-6.548372984640615790e-02
6.802459563762309758e-01,-6.548372984640615790e-02
5.978175775710131701e-01,-1.021977707350392450e-01
7.036575691348189165e-01,-1.519240448217379635e-01
5.361838297020891098e-01,-1.503616993490641818e-01
5.164106261815031296e-01,-3.109271958259669788e-02
7.202418644333337117e-01,1.232318585186764764e-01
7.202418644333337117e-01,1.232318585186764764e-01
7.202418644333337117e-01,1.232318585186764764e-01
5.414451647587787964e-01,-1.734316899969683967e-01
6.396859818925584307e-01,-1.207143161158623357e-01
5.127985947399950062e-01,-5.455781691552043233e-02
5.127985947399950062e-01,-5.455781691552043233e-02
5.127985947399950062e-01,-5.455781691552043233e-02
6.603911541829244891e-01,-5.123032332897614616e-02
6.603911541829244891e-01,-5.123032332897614616e-02
8.567386988827779826e-01,9.752700176651007968e-02
7.566092039766443289e-01,-7.367191613795434635e-02
7.566092039766443289e-01,-7.367191613795434635e-02
7.566092039766443289e-01,-7.367191613795434635e-02
7.566092039766443289e-01,-7.367191613795434635e-02
5.302592726155301861e-01,-1.685182982188144774e-01
5.302592726155301861e-01,-1.685182982188144774e-01
5.302592726155301861e-01,-1.685182982188144774e-01
5.302592726155301861e-01,-1.685182982188144774e-01
5.302592726155301861e-01,-1.685182982188144774e-01
5.302592726155301861e-01,-1.685182982188144774e-01
7.032611282404759301e-01,-2.750038666641607676e-02
8.097860595890669089e-01,2.658804837386936903e-02
8.097860595890669089e-01,2.658804837386936903e-02
8.596313568090871993e-01,3.002359572257435466e-02
8.596313568090871993e-01,3.002359572257435466e-02
5.671904956314177682e-01,2.920795115040414683e-02
5.671904956314177682e-01,2.920795115040414683e-02
5.671904956314177682e-01,2.920795115040414683e-02
6.175000365624184751e-01,7.419878747978718436e-02
6.175000365624184751e-01,7.419878747978718436e-02
7.154326119180995924e-01,6.217017749868181814e-02
7.154326119180995924e-01,6.217017749868181814e-02
8.984853217386360447e-01,1.141041234553356598e-01
5.263226344525622213e-01,-2.707828792594496603e-02
6.284692153369845213e-01,8.507353259151327618e-02
5.230877506127639132e-01,4.274792485460662816e-02
7.510526125009544529e-01,-3.636926206850643606e-02
7.510526125009544529e-01,-3.636926206850643606e-02
7.637370220762433881e-01,-8.261729755535965336e-02
7.637370220762433881e-01,-8.261729755535965336e-02
8.749051863037784482e-01,-1.234314383159047096e-01
8.102113492191906907e-01,-2.316900455862904717e-01
8.610409961968570336e-01,-1.329095639921040184e-01
9.668039364378850919e-01,5.608952912748246811e-02
9.731620184829999909e-01,-6.465632443872174062e-03
9.719939787008763377e-01,9.846509095246362697e-02
9.719939787008763377e-01,9.846509095246362697e-02
9.719939787008763377e-01,9.846509095246362697e-02
9.719939787008763377e-01,9.846509095246362697e-02
9.719939787008763377e-01,9.846509095246362697e-02
9.719939787008763377e-01,9.846509095246362697e-02
5.403663065716539649e-01,1.039951844402724895e-01
5.403663065716539649e-01,1.039951844402724895e-01
6.315214680730693031e-01,-2.608380274219994355e-02
7.929040756875094242e-01,1.351544826111551467e-01
6.354085663603414869e-01,3.205242207284861866e-01
6.354085663603414869e-01,3.205242207284861866e-01
6.418523312547591564e-01,8.843483149539171917e-02
5.476587776939086938e-01,1.366869197350128184e-01
4.153620233371915216e-01,1.526754665405035960e-01
4.153620233371915216e-01,1.526754665405035960e-01
4.153620233371915216e-01,1.526754665405035960e-01
5.964649319957293638e-01,-9.252303923946714193e-03
5.964649319957293638e-01,-9.252303923946714193e-03
5.964649319957293638e-01,-9.252303923946714193e-03
5.964649319957293638e-01,-9.252303923946714193e-03
6.098015497113256078e-01,3.129778718970694512e-02
7.400392748157786915e-01,-1.839916913958084266e-01
7.741659875491333498e-01,-9.355118179655971811e-02
7.741659875491333498e-01,-9.355118179655971811e-02
5.186224817922127084e-01,-5.888789709083575019e-03
7.105975821469738829e-01,-1.006749334967078774e-01
6.481826075258899644e-01,5.723245811665793326e-02
6.481826075258899644e-01,5.723245811665793326e-02
6.481826075258899644e-01,5.723245811665793326e-02
6.481826075258899644e-01,5.723245811665793326e-02
4.863063999357009060e-01,-8.034366884702172362e-02
4.354837527121184215e-01,-7.669606389352426334e-02
6.178125355117691786e-01,-8.669255339626935619e-02
6.178125355117691786e-01,-8.669255339626935619e-02
6.178125355117691786e-01,-8.669255339626935619e-02
5.957542407484355262e-01,4.627933948291543254e-02
5.957542407484355262e-01,4.627933948291543254e-02
5.957542407484355262e-01,4.627933948291543254e-02
6.820789200709590494e-01,1.183053836437144568e-01
4.974767113293775411e-01,1.568348583322441425e-01
4.974767113293775411e-01,1.568348583322441425e-01
4.974767113293775411e-01,1.568348583322441425e-01
5.709468916544878647e-01,-1.221862254673772297e-03
5.709468916544878647e-01,-1.221862254673772297e-03
5.709468916544878647e-01,-1.221862254673772297e-03
5.709468916544878647e-01,-1.221862254673772297e-03
5.709468916544878647e-01,-1.221862254673772297e-03
5.709468916544878647e-01,-1.221862254673772297e-03
7.158621405718033071e-01,3.947930811002968443e-02
7.158621405718033071e-01,3.947930811002968443e-02
7.158621405718033071e-01,3.947930811002968443e-02
7.158621405718033071e-01,3.947930811002968443e-02
6.569280341053503891e-01,-9.285025616284613148e-02
6.407056830053822205e-01,-1.209941914232315341e-02
6.407056830053822205e-01,-1.209941914232315341e-02
4.345912179307479528e-01,3.504963111768710088e-02
6.755742604646572946e-01,8.116833464595699099e-02
6.755742604646572946e-01,8.116833464595699099e-02
6.755742604646572946e-01,8.116833464595699099e-02
4.630343005488787300e-01,6.580204049485784135e-02
5.407008807226767466e-01,3.530689940934719773e-02
5.407008807226767466e-01,3.530689940934719773e-02
5.407008807226767466e-01,3.530689940934719773e-02
7.663805511643838608e-01,-7.680832431335093968e-02
7.824453708410393782e-01,-1.890897856121634413e-03
7.824453708410393782e-01,-1.890897856121634413e-03
6.854307923336935282e-01,3.580817197387668044e-02
6.854307923336935282e-01,3.580817197387668044e-02
6.194044265152857109e-01,-6.951759774729820984e-02
5.708788677604980100e-01,-5.705072695992047943e-02
5.322340430477127127e-01,-9.710752837568359386e-02
5.322340430477127127e-01,-9.710752837568359386e-02
5.322340430477127127e-01,-9.710752837568359386e-02
5.322340430477127127e-01,-9.710752837568359386e-02
4.117566623044697782e-01,-3.968836869856690042e-03
4.441572273820703076e-01,-2.440657291581889085e-02
5.741044529100269855e-01,-5.608070013053848002e-02
5.741044529100269855e-01,-5.608070013053848002e-02
6.412131677044670131e-01,6.381286122658322291e-02
5.253930521080690808e-01,7.738822064732139849e-02
5.253930521080690808e-01,7.738822064732139849e-02
5.253930521080690808e-01,7.738822064732139849e-02
5.253930521080690808e-01,7.738822064732139849e-02
5.268945212934915689e-01,5.446441659699268606e-02
5.268945212934915689e-01,5.446441659699268606e-02
4.971473411475513804e-01,-1.313853780901536317e-01
5.310479073379719139e-01,-2.881242114642714180e-01
5.933610959387949357e-01,-2.426232218432399779e-01
5.933610959387949357e-01,-2.426232218432399779e-01
6.068179561952669054e-01,-2.242058210501407800e-01
4.795981335730330475e-01,-1.641926373894102287e-01
5.868696510620705631e-01,-2.066474961290395984e-02
5.868696510620705631e-01,-2.066474961290395984e-02
5.062598804109665895e-01,6.816558269670476566e-02
4.760122910949711739e-01,-4.178848397674377046e-02
5.341147489905857526e-01,-1.762884400573477839e-02
4.754905401846647450e-01,-2.490234052036095769e-02
2.989134018857107500e-01,-2.395459374237003392e-01
2.989134018857107500e-01,-2.395459374237003392e-01
2.989134018857107500e-01,-2.395459374237003392e-01
3.183651868444745126e-01,-2.070182047752662235e-01
3.183651868444745126e-01,-2.070182047752662235e-01
3.183651868444745126e-01,-2.070182047752662235e-01
3.183651868444745126e-01,-2.070182047752662235e-01
3.601226250499600101e-01,6.645044424049534326e-02
3.601226250499600101e-01,6.645044424049534326e-02
3.601226250499600101e-01,6.645044424049534326e-02
5.952297034851397051e-01,-7.238368438244729974e-02
4.726664250781122956e-01,-1.442364597330720588e-01
4.726664250781122956e-01,-1.442364597330720588e-01
6.047059900614148997e-01,-2.358376337512281817e-01
4.418434804795439153e-01,-2.834356938030496709e-02
6.152447307754806971e-01,-2.134582011556180881e-01
6.621454647077307243e-01,-9.444017811901042614e-02
6.621454647077307243e-01,-9.444017811901042614e-02
6.621454647077307243e-01,-9.444017811901042614e-02
6.423239231129795890e-01,-1.642335742624008166e-01
6.423239231129795890e-01,-1.642335742624008166e-01
6.423239231129795890e-01,-1.642335742624008166e-01
6.423239231129795890e-01,-1.642335742624008166e-01
6.756795080630167982e-01,7.048553720813530155e-02
5.689135923088397551e-01,8.461660232717975461e-02
5.689135923088397551e-01,8.461660232717975461e-02
4.149898228805338762e-01,8.091551839866810425e-02
4.149898228805338762e-01,8.091551839866810425e-02
6.941986277530767246e-01,1.391451875363702850e-02
6.461013420853560785e-01,6.058071754849906482e-03
6.461013420853560785e-01,6.058071754849906482e-03
6.461013420853560785e-01,6.058071754849906482e-03
6.461013420853560785e-01,6.058071754849906482e-03
6.461013420853560785e-01,6.058071754849906482e-03
6.461013420853560785e-01,6.058071754849906482e-03
5.500711562292556200e-01,-9.221796800473268385e-02
5.631335361303877463e-01,1.179384967016016000e-01
5.075043151651760232e-01,1.380652190014240721e-02
5.506912965682100314e-01,1.551401565403034977e-01
5.506912965682100314e-01,1.551401565403034977e-01
5.539166400211189556e-01,1.360708462923672923e-01
5.609646447639826672e-01,-9.031301654515036526e-02
6.102849010786682848e-01,-2.104432672363380774e-02
6.102849010786682848e-01,-2.104432672363380774e-02
6.102849010786682848e-01,-2.104432672363380774e-02
5.802616918008471902e-01,-8.906861696192540367e-02
7.070681954780040357e-01,-1.203511511717598598e-01
6.420717287802211182e-01,1.890492640949036074e-02
6.420717287802211182e-01,1.890492640949036074e-02
6.420717287802211182e-01,1.890492640949036074e-02
6.420717287802211182e-01,1.890492640949036074e-02
6.420717287802211182e-01,1.890492640949036074e-02
5.263967914234400913e-01,5.606768221908163541e-02
5.263967914234400913e-01,5.606768221908163541e-02
5.263967914234400913e-01,5.606768221908163541e-02
5.263967914234400913e-01,5.606768221908163541e-02
6.192846559227963565e-01,-1.212922374845366441e-01
6.935386324462580188e-01,-8.482561431073888658e-02
6.230110025091676329e-01,6.441921612074526238e-02
6.213614275894809857e-01,-1.273098174874223720e-01
5.279736270925022845e-01,-2.208702161145193466e-01
5.258542894739995921e-01,-1.880491640709014423e-01
5.258542894739995921e-01,-1.880491640709014423e-01
5.258542894739995921e-01,-1.880491640709014423e-01
5.258542894739995921e-01,-1.880491640709014423e-01
5.596330782391263359e-01,-1.729083901957564062e-01
5.596330782391263359e-01,-1.729083901957564062e-01
5.596330782391263359e-01,-1.729083901957564062e-01
5.596330782391263359e-01,-1.729083901957564062e-01
5.906413700375265918e-01,-5.876704118325040693e-02
5.906413700375265918e-01,-5.876704118325040693e-02
5.906413700375265918e-01,-5.876704118325040693e-02
5.906413700375265918e-01,-5.876704118325040693e-02
5.906413700375265918e-01,-5.876704118325040693e-02
5.906413700375265918e-01,-5.876704118325040693e-02
5.906413700375265918e-01,-5.876704118325040693e-02
4.544545780854717942e-01,-1.889992209321180727e-01
4.544545780854717942e-01,-1.889992209321180727e-01
4.544545780854717942e-01,-1.889992209321180727e-01
4.544545780854717942e-01,-1.889992209321180727e-01
7.335278617461674644e-01,-2.423982976089811558e-01
6.714043107188161219e-01,-1.331313464083684894e-01
7.610358970417575586e-01,-4.826026466874414056e-02
7.610358970417575586e-01,-4.826026466874414056e-02
7.011510162891280151e-01,1.795247675033291579e-02
6.811702447264140758e-01,9.274578518998415066e-02
6.811702447264140758e-01,9.274578518998415066e-02
6.811702447264140758e-01,9.274578518998415066e-02
6.811702447264140758e-01,9.274578518998415066e-02
5.853622461003978872e-01,-6.235003112653865476e-02
5.807473405068026562e-01,6.146088082003998976e-02
5.976393434360670609e-01,6.079814218377437712e-02
8.362753867151400122e-01,5.504724993506309588e-02
7.651920059320387324e-01,-5.779596320902163215e-02
7.651920059320387324e-01,-5.779596320902163215e-02
7.651920059320387324e-01,-5.779596320902163215e-02
7.651920059320387324e-01,-5.779596320902163215e-02
7.664890807856620247e-01,-1.275795097375950204e-01
7.664890807856620247e-01,-1.275795097375950204e-01
7.664890807856620247e-01,-1.275795097375950204e-01
6.606508907371116956e-01,-2.616683123574824466e-01
7.795709117916671538e-01,-3.051647224300683692e-01
8.418499621918688058e-01,-2.169401497102910192e-01
7.396253853951173518e-01,-1.659270341698954043e-01
7.396253853951173518e-01,-1.659270341698954043e-01
7.396253853951173518e-01,-1.659270341698954043e-01
7.396253853951173518e-01,-1.659270341698954043e-01
8.025441897774263644e-01,-1.659634636636707627e-01
4.868625986095325708e-01,-1.862431867887899273e-01
4.868625986095325708e-01,-1.862431867887899273e-01
6.981219027548219991e-01,-1.686385803706770825e-01
6.981219027548219991e-01,-1.686385803706770825e-01
8.001171659817429838e-01,-2.821341424427251110e-01
5.710227819882713884e-01,-1.670018552082073726e-01
5.710227819882713884e-01,-1.670018552082073726e-01
6.417899250186236415e-01,-1.312783959082469976e-01
7.170692793034759704e-01,5.651179429086550243e-02
5.784937175034178258e-01,-1.574812613524095295e-01
5.784937175034178258e-01,-1.574812613524095295e-01
6.356658987420119589e-01,-5.735564124863487545e-02
4.908240251734854454e-01,-1.605218933824729965e-01
4.829358770152712421e-01,-2.382468861071616040e-01
7.343310373341795927e-01,-1.783997049153113745e-01
7.187032363264113100e-01,-1.207146111084199114e-01
7.580309985539172013e-01,-1.307308804169045324e-01
7.580309985539172013e-01,-1.307308804169045324e-01
5.206628620063680213e-01,-1.051995208896068928e-01
5.206628620063680213e-01,-1.051995208896068928e-01
5.626012429437329265e-01,-2.447898630753136962e-02
6.586223772605600546e-01,-3.380744124091954184e-02
6.586223772605600546e-01,-3.380744124091954184e-02
5.764665404961784034e-01,-1.670568929086337362e-01
5.764665404961784034e-01,-1.670568929086337362e-01
4.917921528743798287e-01,-1.199443402901494427e-01
4.917921528743798287e-01,-1.199443402901494427e-01
4.838737433496219098e-01,-8.513790819746824834e-02
4.838737433496219098e-01,-8.513790819746824834e-02
4.838737433496219098e-01,-8.513790819746824834e-02
4.109935885546565082e-01,2.694482310584915552e-02
4.109935885546565082e-01,2.694482310584915552e-02
4.109935885546565082e-01,2.694482310584915552e-02
4.109935885546565082e-01,2.694482310584915552e-02
4.361702948179516093e-01,3.254931222264290797e-02
5.548810611584936714e-01,-6.549360267672119096e-02
5.548810611584936714e-01,-6.549360267672119096e-02
8.130890208207419700e-01,5.032734217781933972e-02
4.363841599670160165e-01,-9.111201300647428503e-02
4.363841599670160165e-01,-9.111201300647428503e-02
4.893398846372878364e-01,-9.741861285248275271e-02
4.793097039077858224e-01,-4.407419207639319547e-02
4.793097039077858224e-01,-4.407419207639319547e-02
4.793097039077858224e-01,-4.407419207639319547e-02
4.793097039077858224e-01,-4.407419207639319547e-02
4.794168316721724721e-01,-2.111758710720634258e-01
3.495843227393009567e-01,-2.483885278324932111e-02
5.426787604235907558e-01,-1.193621245550565146e-01
4.739434156948346688e-01,-2.481339351380830449e-01
4.843983059951056935e-01,3.594350603332310823e-02
4.339683228675144666e-01,-1.932864424634123668e-01
4.339683228675144666e-01,-1.932864424634123668e-01
4.339683228675144666e-01,-1.932864424634123668e-01
4.339683228675144666e-01,-1.932864424634123668e-01
4.339683228675144666e-01,-1.932864424634123668e-01
5.167797378064364899e-01,-1.805274367570768590e-01
4.910159028256828040e-01,-1.531603134351642859e-01
6.485861953918328204e-01,-1.666000927911840124e-01
7.240494256576501808e-01,-1.145180531192772633e-01
7.240494256576501808e-01,-1.145180531192772633e-01
7.240494256576501808e-01,-1.145180531192772633e-01
4.160452876282963453e-01,8.713570774843495959e-02
4.691654888837622495e-01,6.298080816010818983e-02
4.691654888837622495e-01,6.298080816010818983e-02
4.691654888837622495e-01,6.298080816010818983e-02
5.689583982726906797e-01,-1.851769289873848867e-02
5.689583982726906797e-01,-1.851769289873848867e-02
5.689583982726906797e-01,-1.851769289873848867e-02
5.658611571250335981e-01,-4.450127251990883964e-02
4.399116126814270888e-01,3.443828553212550242e-02
4.399116126814270888e-01,3.443828553212550242e-02
4.399116126814270888e-01,3.443828553212550242e-02
5.361470100027232455e-01,3.856594293510014898e-02
3.951149063297350050e-01,-7.026278927882120828e-02
4.594030981574939720e-01,1.541091118067250965e-01
4.594030981574939720e-01,1.541091118067250965e-01
4.594030981574939720e-01,1.541091118067250965e-01
5.784185160912121981e-01,7.903502305146137275e-03
5.784185160912121981e-01,7.903502305146137275e-03
5.784185160912121981e-01,7.903502305146137275e-03
6.121547747850643040e-01,2.142838228411263202e-02
6.883756481467872002e-01,-6.353784523430293374e-02
6.883756481467872002e-01,-6.353784523430293374e-02
6.942173639384943140e-01,1.746996314483136026e-02
6.942173639384943140e-01,1.746996314483136026e-02
6.376053962910930295e-01,1.242794260780625132e-01
6.376053962910930295e-01,1.242794260780625132e-01
6.376053962910930295e-01,1.242794260780625132e-01
6.376053962910930295e-01,1.242794260780625132e-01
6.376053962910930295e-01,1.242794260780625132e-01
6.819392971484221633e-01,-1.035129424328885134e-01
7.461676232854941304e-01,3.457752132901271980e-02
7.461676232854941304e-01,3.457752132901271980e-02
7.461676232854941304e-01,3.457752132901271980e-02
7.461676232854941304e-01,3.457752132901271980e-02
6.889926930221256240e-01,-2.967908249040759894e-02
6.889926930221256240e-01,-2.967908249040759894e-02
4.358129706177069074e-01,1.780661574097738009e-01
4.358129706177069074e-01,1.780661574097738009e-01
6.035892655498454884e-01,3.027746549871307424e-01
7.558431442650810350e-01,3.332171680873257658e-01
1.004578712436002830e+00,2.296301052707805379e-02
9.725480879090145914e-01,-8.883328443317016487e-02
9.042565830094349000e-01,2.112418606207304428e-02
9.042565830094349000e-01,2.112418606207304428e-02
7.644488713430592775e-01,1.826210259300871663e-01
7.644488713430592775e-01,1.826210259300871663e-01
7.644488713430592775e-01,1.826210259300871663e-01
7.644488713430592775e-01,1.826210259300871663e-01
5.607434495812844144e-01,2.230088265112931400e-01
5.607434495812844144e-01,2.230088265112931400e-01
5.607434495812844144e-01,2.230088265112931400e-01
5.607434495812844144e-01,2.230088265112931400e-01
6.742161325748228240e-01,1.021099203326433225e-01
6.742161325748228240e-01,1.021099203326433225e-01
7.227224167978736347e-01,1.342858095377681693e-01
7.741365103280112292e-01,1.907055892651422502e-01
7.741365103280112292e-01,1.907055892651422502e-01
8.673006762936097402e-01,1.695410931586983361e-01
9.205769892085978734e-01,5.676377882340988279e-03
9.205769892085978734e-01,5.676377882340988279e-03
9.205769892085978734e-01,5.676377882340988279e-03
9.205769892085978734e-01,5.676377882340988279e-03
9.230871315421487200e-01,1.165339209316923474e-01
8.917935300813023547e-01,6.855310422819294036e-02
8.041583503340101746e-01,1.009404290025835149e-01
7.409592763526924308e-01,2.482371325188224842e-02
7.409592763526924308e-01,2.482371325188224842e-02
5.847585975519945523e-01,-1.204815635876834851e-01
5.847585975519945523e-01,-1.204815635876834851e-01
5.747883872561411200e-01,-9.919211319032653074e-02
7.565368079704967164e-01,-1.684937646642424292e-01
7.565368079704967164e-01,-1.684937646642424292e-01
8.457491633997844538e-01,-1.111538053626650591e-01
7.174900877975183278e-01,-1.807450462683355408e-01
5.337727340819471422e-01,-3.705139141123899860e-01
6.004002519543895078e-01,-2.505301566649706380e-01
5.727161767640599477e-01,-1.404322357946793387e-01
4.766246800244270387e-01,-3.270062450704666612e-02
4.766246800244270387e-01,-3.270062450704666612e-02
4.766246800244270387e-01,-3.270062450704666612e-02
6.605748791930118324e-01,1.837298845186516316e-02
6.605748791930118324e-01,1.837298845186516316e-02
5.944569544285496221e-01,1.102376291128701891e-01
5.063589656414471118e-01,-1.027512512606291450e-01
7.645657066591018403e-01,-6.833027720110523839e-02
7.645657066591018403e-01,-6.833027720110523839e-02
7.645657066591018403e-01,-6.833027720110523839e-02
6.733066485909472432e-01,9.639725576787136485e-02
6.733066485909472432e-01,9.639725576787136485e-02
6.733066485909472432e-01,9.639725576787136485e-02
6.733066485909472432e-01,9.639725576787136485e-02
6.733066485909472432e-01,9.639725576787136485e-02
5.876938717418266345e-01,9.421144246804309674e-02
5.876938717418266345e-01,9.421144246804309674e-02
5.876938717418266345e-01,9.421144246804309674e-02
5.589208131954050973e-01,-7.879024410908787301e-02
5.253853872854493678e-01,-3.571090590963870576e-02
3.707239021496766540e-01,-4.679902950761090363e-02
3.707239021496766540e-01,-4.679902950761090363e-02
3.768356008972415516e-01,-7.892026037220836732e-02
5.814814986472273128e-01,1.970727888071857614e-02
5.355124130706723218e-01,-2.174522561218761030e-01
5.034310213330882577e-01,-1.340809824773253889e-01
5.034310213330882577e-01,-1.340809824773253889e-01
4.160947246801615096e-01,2.141748538115612055e-02
4.740661637235208947e-01,-3.228898677116149307e-01
4.740661637235208947e-01,-3.228898677116149307e-01
2.903570401290580527e-01,-2.319422632694267405e-01
3.099852669211898282e-01,-1.454120137664930423e-01
3.099852669211898282e-01,-1.454120137664930423e-01
4.073992246571500053e-01,-2.233453680412534892e-01
4.073992246571500053e-01,-2.233453680412534892e-01
4.073992246571500053e-01,-2.233453680412534892e-01
4.073992246571500053e-01,-2.233453680412534892e-01
4.073992246571500053e-01,-2.233453680412534892e-01
3.652183015823763923e-01,-1.569989350881343948e-01
3.456560595014818715e-01,-3.924044171367235823e-02
3.473522623810363918e-01,-1.347514097738418057e-02
4.687628122355274596e-01,-1.006727476878085947e-01
4.246381216030701289e-01,3.421041569519953085e-02
4.246381216030701289e-01,3.421041569519953085e-02
5.600481026544157359e-01,-1.400588064440574099e-01
5.600481026544157359e-01,-1.400588064440574099e-01
5.600481026544157359e-01,-1.400588064440574099e-01
7.595804404258249543e-01,1.463050132257912861e-01
7.595804404258249543e-01,1.463050132257912861e-01
7.104517789260109684e-01,2.110791645202272915e-02
7.104517789260109684e-01,2.110791645202272915e-02
7.104517789260109684e-01,2.110791645202272915e-02
7.104517789260109684e-01,2.110791645202272915e-02
7.104517789260109684e-01,2.110791645202272915e-02
7.104517789260109684e-01,2.110791645202272915e-02
7.814408992454613401e-01,-8.639563832532916321e-02
7.814408992454613401e-01,-8.639563832532916321e-02
7.814408992454613401e-01,-8.639563832532916321e-02
6.235820317071689711e-01,1.183818390491108014e-01
6.235820317071689711e-01,1.183818390491108014e-01
6.235820317071689711e-01,1.183818390491108014e-01
6.235820317071689711e-01,1.183818390491108014e-01
6.235820317071689711e-01,1.183818390491108014e-01
6.235820317071689711e-01,1.183818390491108014e-01
6.235820317071689711e-01,1.183818390491108014e-01
6.235820317071689711e-01,1.183818390491108014e-01
7.498678306229975554e-01,4.113842587238666915e-03
8.008838114487244475e-01,-2.570339798489828728e-02
8.008838114487244475e-01,-2.570339798489828728e-02
8.008838114487244475e-01,-2.570339798489828728e-02
8.184159981861388600e-01,-2.135966607469451384e-02
8.184159981861388600e-01,-2.135966607469451384e-02
8.184159981861388600e-01,-2.135966607469451384e-02
8.184159981861388600e-01,-2.135966607469451384e-02
8.184159981861388600e-01,-2.135966607469451384e-02
6.911224922255236880e-01,1.903663089912489004e-01
6.911224922255236880e-01,1.903663089912489004e-01
5.592864103183785573e-01,1.503251680346452679e-01
5.592864103183785573e-01,1.503251680346452679e-01
5.378612212498550260e-01,6.675197856746294123e-02
7.693491079605949690e-01,3.292419558607580232e-02
5.413640680770658298e-01,-2.631953710472229035e-03
5.413640680770658298e-01,-2.631953710472229035e-03
5.413640680770658298e-01,-2.631953710472229035e-03
5.413640680770658298e-01,-2.631953710472229035e-03
5.413640680770658298e-01,-2.631953710472229035e-03
5.230335087539765837e-01,1.401055918650247201e-01
5.230335087539765837e-01,1.401055918650247201e-01
7.172410990453534918e-01,5.010564636329832566e-02
7.172410990453534918e-01,5.010564636329832566e-02
7.869642365368599846e-01,-4.106357380560518577e-02
7.869642365368599846e-01,-4.106357380560518577e-02
7.869642365368599846e-01,-4.106357380560518577e-02
5.875009016441150589e-01,1.688201663973355748e-01
5.875009016441150589e-01,1.688201663973355748e-01
5.875009016441150589e-01,1.688201663973355748e-01
5.875009016441150589e-01,1.688201663973355748e-01
5.155159340158901315e-01,1.517637528244138168e-01
4.920360901235368845e-01,-4.821651579186345127e-02
6.530912583466295107e-01,-1.069411013929844334e-01
6.530912583466295107e-01,-1.069411013929844334e-01
6.480909503064956612e-01,-2.324203228541386057e-01
5.111476008467639165e-01,-2.118740746221765558e-01
3.534441951095458889e-01,-2.508078322449688868e-01
3.534441951095458889e-01,-2.508078322449688868e-01
2.476422915519857493e-01,-3.491677856669347935e-02
1.714149796051995800e-01,-2.304254296524801959e-02
1.714149796051995800e-01,-2.304254296524801959e-02
2.031187179297274936e-01,-7.253021752802617239e-03
3.141780072045059491e-01,1.064023563688728247e-01
3.141780072045059491e-01,1.064023563688728247e-01
4.453462963066288083e-01,1.790674145592997812e-02
5.538432085782041270e-01,-7.662837118296240979e-02
6.265285925430936764e-01,-1.023406907327242821e-01
7.024911913193967461e-01,8.753982382510255844e-02
9.019286375832170632e-01,3.174764451673530580e-02
7.085618327582875464e-01,-7.060123539386839453e-02
5.899647322789726145e-01,-1.403579096222095923e-01
5.899647322789726145e-01,-1.403579096222095923e-01
5.061419273562339782e-01,-1.753591749315898396e-02
4.942530112846248991e-01,2.137239511444208317e-02
4.942530112846248991e-01,2.137239511444208317e-02
5.308855806334811245e-01,-8.948768058820719129e-02
5.308855806334811245e-01,-8.948768058820719129e-02
5.308855806334811245e-01,-8.948768058820719129e-02
5.308855806334811245e-01,-8.948768058820719129e-02
5.308855806334811245e-01,-8.948768058820719129e-02
5.308855806334811245e-01,-8.948768058820719129e-02
5.650604684680896606e-01,-1.913150322111411283e-01
5.650604684680896606e-01,-1.913150322111411283e-01
5.650604684680896606e-01,-1.913150322111411283e-01
5.650604684680896606e-01,-1.913150322111411283e-01
5.650604684680896606e-01,-1.913150322111411283e-01
6.103354008184032065e-01,1.020591197712858167e-01
6.928285976933344914e-01,4.282040187991213720e-02
5.501736622933638410e-01,-2.617381895432135952e-01
5.667155910551668896e-01,-1.685530535852461098e-01
4.582958609688190244e-01,1.354361816369504534e-01
4.582958609688190244e-01,1.354361816369504534e-01
4.510435789681039309e-01,-1.616756988990702137e-01
4.609428316456631314e-01,-2.628660404421664931e-02
5.018461168383291371e-01,-3.209342130156285500e-02
4.334209072645807681e-01,-1.221324388025862989e-01
3.733097554336924917e-01,7.646046641754043749e-02
3.733097554336924917e-01,7.646046641754043749e-02
3.542556200142983336e-01,6.311692178954873833e-02
4.538784465404992474e-01,3.027409166466308449e-02
4.538784465404992474e-01,3.027409166466308449e-02
4.948749187780454029e-01,-7.937557262756386733e-02
5.589153174997433249e-01,-1.612929435704164027e-01
5.589153174997433249e-01,-1.612929435704164027e-01
4.412874555796526543e-01,-1.299621874315400327e-01
5.967740462382280509e-01,-1.671012174026453023e-01
6.239416511849177338e-01,-1.251671327775025211e-01
6.239416511849177338e-01,-1.251671327775025211e-01
7.248605439228644753e-01,2.330929585160343431e-02
7.248605439228644753e-01,2.330929585160343431e-02
7.248605439228644753e-01,2.330929585160343431e-02
8.623623672411037111e-01,-1.174584282936495805e-01
1.003339599820809669e+00,7.600264213606416908e-02
1.003339599820809669e+00,7.600264213606416908e-02
8.822347397788520285e-01,1.943596696970540938e-01
8.822347397788520285e-01,1.943596696970540938e-01
8.822347397788520285e-01,1.943596696970540938e-01
8.762383268525819613e-01,1.440612554401934087e-01
7.695717073274330744e-01,1.968985320684813189e-01
7.695717073274330744e-01,1.968985320684813189e-01
6.332578549195655437e-01,2.631892281453947491e-01
5.501080572893712883e-01,2.524973379683199126e-01
5.501080572893712883e-01,2.524973379683199126e-01
7.428006301770195829e-01,2.477320241706946757e-01
7.428006301770195829e-01,2.477320241706946757e-01
7.507724564274945722e-01,3.075565891215204517e-01
7.507724564274945722e-01,3.075565891215204517e-01
6.607028634532036149e-01,3.296553351851353453e-01
6.607028634532036149e-01,3.296553351851353453e-01
5.344061924202124780e-01,2.597637238460658859e-01
4.311021816463703193e-01,6.850506208062895341e-02
4.945196917840880002e-01,-9.669114318540950048e-03
2.761470946306624485e-01,9.721251421507808022e-02
3.751476365425069903e-01,2.259295010255139013e-01
6.505208770912502825e-01,2.296282346587897039e-01
5.485071317975336314e-01,2.198079576954506953e-01
5.485071317975336314e-01,2.198079576954506953e-01
5.485071317975336314e-01,2.198079576954506953e-01
6.909400878056239925e-01,2.688440692193099224e-01
5.183656534234943880e-01,1.622237424077972168e-01
5.183656534234943880e-01,1.622237424077972168e-01
5.183656534234943880e-01,1.622237424077972168e-01
4.107285582142989888e-01,2.844056800374226146e-01
4.107285582142989888e-01,2.844056800374226146e-01
4.107285582142989888e-01,2.844056800374226146e-01
4.391062796888942077e-01,1.059316106865871021e-01
5.204429522030966648e-01,2.637192672780005465e-01
5.204429522030966648e-01,2.637192672780005465e-01
4.125204168023366424e-01,-3.742934431486583113e-02
4.125204168023366424e-01,-3.742934431486583113e-02
5.278943236212580992e-01,9.905607630696186550e-02
6.556819179163777545e-01,1.200763000988571694e-01
6.556819179163777545e-01,1.200763000988571694e-01
7.858362318498770538e-01,1.546420951048990688e-01
7.858362318498770538e-01,1.546420951048990688e-01
7.858362318498770538e-01,1.546420951048990688e-01
7.858362318498770538e-01,1.546420951048990688e-01
8.062465685121863457e-01,8.374858816372195147e-02
8.062465685121863457e-01,8.374858816372195147e-02
8.062465685121863457e-01,8.374858816372195147e-02
7.718979192488606422e-01,1.092874418496774941e-01
7.718979192488606422e-01,1.092874418496774941e-01
7.718979192488606422e-01,1.092874418496774941e-01
7.718979192488606422e-01,1.092874418496774941e-01
7.718979192488606422e-01,1.092874418496774941e-01
7.863729164749065914e-01,1.183918287416874798e-01
7.863729164749065914e-01,1.183918287416874798e-01
8.730081559851537998e-01,-7.838276070265950968e-03
8.292028352025913041e-01,-9.017941672646401230e-02
8.292028352025913041e-01,-9.017941672646401230e-02
8.292028352025913041e-01,-9.017941672646401230e-02
8.292028352025913041e-01,-9.017941672646401230e-02
6.632861781867090967e-01,-5.626006608354183064e-02
6.632861781867090967e-01,-5.626006608354183064e-02
5.708273584204772710e-01,-3.894695947185325413e-02
7.190744491428153751e-01,-1.029403049579686591e-01
7.190744491428153751e-01,-1.029403049579686591e-01
4.298561166418030099e-01,-2.106895522283448452e-01
4.617022030053281600e-01,-2.186154476354331688e-01
3.410841415134835408e-01,-9.567059054006263330e-02
3.410841415134835408e-01,-9.567059054006263330e-02
3.568586698170024829e-01,-1.484137146416606989e-01
3.568586698170024829e-01,-1.484137146416606989e-01
4.048985624148261908e-01,-2.412552657835267678e-01
4.048985624148261908e-01,-2.412552657835267678e-01
6.620090618599359100e-01,-3.855998567273527522e-02
6.620090618599359100e-01,-3.855998567273527522e-02
6.720485511397895628e-01,-2.382059600505984434e-02
6.675945508759537628e-01,4.368507082735131886e-02
6.675945508759537628e-01,4.368507082735131886e-02
6.675945508759537628e-01,4.368507082735131886e-02
5.618642587409329314e-01,1.595951779625154332e-01
5.618642587409329314e-01,1.595951779625154332e-01
6.321420600905153231e-01,1.831040269135003618e-02
5.547813202130829069e-01,3.512465049921760507e-02
4.867224660740845366e-01,-9.263131632213504607e-02
3.988920788619406688e-01,-2.609327642798139890e-02
3.600976022609960192e-01,-1.336501066182211872e-01
3.600976022609960192e-01,-1.336501066182211872e-01
3.600976022609960192e-01,-1.336501066182211872e-01
6.317399579070656079e-01,-4.248591429872647374e-02
6.404608722216371675e-01,-1.879226921636072689e-01
6.384479383027925614e-01,-1.462732409840674652e-01
5.847730955076788639e-01,-1.250241069803352811e-01
6.920451107135853208e-01,2.033836541355520944e-01
4.138227432687380247e-01,-9.901873090330953753e-02
4.138227432687380247e-01,-9.901873090330953753e-02
4.138227432687380247e-01,-9.901873090330953753e-02
4.138227432687380247e-01,-9.901873090330953753e-02
4.165765875140230445e-01,-8.772816245915850131e-02
4.220266068917278846e-01,-6.777938699930959043e-02
4.220266068917278846e-01,-6.777938699930959043e-02
4.521666393458049771e-01,-9.791759382516095067e-02
4.521666393458049771e-01,-9.791759382516095067e-02
4.338574747128382536e-01,-1.495322437818487338e-01
5.007844043071592033e-01,-1.587630550174563837e-01
5.007844043071592033e-01,-1.587630550174563837e-01
3.586675364715249392e-01,-2.288268216852521741e-01
3.586675364715249392e-01,-2.288268216852521741e-01
3.698452457567713569e-01,-4.125278038545771575e-01
2.830412288578329494e-01,-4.289317196703925084e-01
2.071354684952221026e-01,-4.336724992362815390e-01
2.071354684952221026e-01,-4.336724992362815390e-01
3.242038530016154163e-01,-4.993079505197648427e-01
3.242038530016154163e-01,-4.993079505197648427e-01
3.242038530016154163e-01,-4.993079505197648427e-01
3.539268370031639632e-01,-3.257162231358216586e-01
3.539268370031639632e-01,-3.257162231358216586e-01
3.721140630338478084e-01,-3.936571242845524621e-01
3.721140630338478084e-01,-3.936571242845524621e-01
3.721140630338478084e-01,-3.936571242845524621e-01
4.791221676838737231e-01,-2.678392031755998381e-01
4.726648269592856333e-01,-1.825821681803680985e-01
7.608137853953409468e-01,-1.496556707940391862e-01
5.417337183724004745e-01,-2.126531472541627887e-01
7.650818031877717473e-01,-3.064510134950293452e-03
8.979565530433325504e-01,-8.827056580964114108e-02
8.979565530433325504e-01,-8.827056580964114108e-02
9.331347309312791882e-01,2.099802815891528562e-02
7.548171241403814902e-01,-8.082934768027298655e-02
7.548171241403814902e-01,-8.082934768027298655e-02
7.548171241403814902e-01,-8.082934768027298655e-02
8.723945936420679503e-01,-6.398455123436604108e-02
7.879241757134969326e-01,1.225114620300238738e-01
6.757475316086694050e-01,1.474733992732586707e-01
5.155931245486231607e-01,2.057442942180470746e-02
5.628326147110707112e-01,-9.340894714929431908e-02
5.628326147110707112e-01,-9.340894714929431908e-02
6.906556814141555645e-01,6.486403662878323373e-03
6.906556814141555645e-01,6.486403662878323373e-03
6.906556814141555645e-01,6.486403662878323373e-03
6.906556814141555645e-01,6.486403662878323373e-03
4.600143850615423524e-01,-3.349992697546117643e-02
6.545221154171760869e-01,-7.254447734740987475e-02
6.545221154171760869e-01,-7.254447734740987475e-02
6.638745952262932182e-01,1.406195262363668652e-02
6.638745952262932182e-01,1.406195262363668652e-02
6.638745952262932182e-01,1.406195262363668652e-02
5.452597896324031801e-01,-5.095066170736156641e-02
5.452597896324031801e-01,-5.095066170736156641e-02
4.823688233654752633e-01,4.995441425212093778e-02
4.823688233654752633e-01,4.995441425212093778e-02
5.587478433397138344e-01,1.694113085829145326e-01
5.587478433397138344e-01,1.694113085829145326e-01
4.596929220122593640e-01,3.623577025358479253e-02
4.596929220122593640e-01,3.623577025358479253e-02
6.171631176843769273e-01,2.884173439742119746e-02
6.171631176843769273e-01,2.884173439742119746e-02
6.171631176843769273e-01,2.884173439742119746e-02
8.878421562788196830e-01,-9.311724614360147867e-02
8.878421562788196830e-01,-9.311724614360147867e-02
8.424549962277488868e-01,5.226794328817371826e-02
8.690677903295390694e-01,1.298524506194585759e-01
6.161314753843505354e-01,1.597388189568544337e-01
7.679291974307450586e-01,2.012979577432622014e-02
5.478024077124600266e-01,-1.008117008897111422e-01
4.349690720333981298e-01,-7.654701074142206130e-02
4.349690720333981298e-01,-7.654701074142206130e-02
4.349690720333981298e-01,-7.654701074142206130e-02
6.637717959880694574e-01,-2.539489316689695908e-01
6.637717959880694574e-01,-2.539489316689695908e-01
6.637717959880694574e-01,-2.539489316689695908e-01
6.637717959880694574e-01,-2.539489316689695908e-01
6.637717959880694574e-01,-2.539489316689695908e-01
6.120342050141029944e-01,-7.157827730539806366e-02
3.273190823299128027e-01,-2.876022492898837601e-01
3.939977326410215586e-01,-1.488521448320623553e-01
4.558283810264696090e-01,-1.386796898745915052e-01
5.343067887363421864e-01,-2.011691059582356722e-01
3.034798479155077500e-01,-1.675103508677383557e-02
3.545356210167806554e-01,-5.146803769020363156e-03
4.449664323449648018e-01,1.692235112745240633e-01
3.946828985687843017e-01,-1.115206717708612794e-01
3.946828985687843017e-01,-1.115206717708612794e-01
5.880167889498681966e-01,-1.855633422338252847e-01
6.194146307852954614e-01,-3.000202223394775602e-01
6.194146307852954614e-01,-3.000202223394775602e-01
6.194146307852954614e-01,-3.000202223394775602e-01
5.962408348159858873e-01,-3.517860200006086013e-01
5.962408348159858873e-01,-3.517860200006086013e-01
7.167362913259537338e-01,-1.542422775707165961e-01
8.120074589295909195e-01,-5.108634234155084997e-03
7.716226748701310312e-01,3.365280356356734753e-02
7.716226748701310312e-01,3.365280356356734753e-02
7.778742123567372602e-01,-5.188533493304212790e-02
7.778742123567372602e-01,-5.188533493304212790e-02
7.778742123567372602e-01,-5.188533493304212790e-02
7.778742123567372602e-01,-5.188533493304212790e-02
7.778742123567372602e-01,-5.188533493304212790e-02
5.929414842865057267e-01,5.502950597584307935e-03
4.249680641238130496e-01,1.659327289563832797e-01
7.219896856037038013e-01,2.827379141162098541e-01
5.736574555653293217e-01,5.520547096262351516e-02
5.736574555653293217e-01,5.520547096262351516e-02
5.736574555653293217e-01,5.520547096262351516e-02
5.736574555653293217e-01,5.520547096262351516e-02
5.287422322006457565e-01,-1.273008684005783042e-01
5.287422322006457565e-01,-1.273008684005783042e-01
3.885794181904370648e-01,-7.813547175493545938e-02
4.584279428131234346e-01,-2.507865585434300160e-01
5.296237270507705430e-01,-9.273305067673887070e-02
5.296237270507705430e-01,-9.273305067673887070e-02
5.296237270507705430e-01,-9.273305067673887070e-02
6.378719844319844512e-01,-8.940960144938746301e-02
6.378719844319844512e-01,-8.940960144938746301e-02
4.792709946459827730e-01,7.065336415909881373e-03
6.535753950289067138e-01,-9.031633033114924713e-03
4.543395492164075122e-01,-1.704753201566832493e-02
6.130687302963702123e-01,-1.915219367732964514e-02
6.130687302963702123e-01,-1.915219367732964514e-02
6.031465711575904054e-01,-1.615644307486427678e-01
6.031465711575904054e-01,-1.615644307486427678e-01
6.031465711575904054e-01,-1.615644307486427678e-01
6.031465711575904054e-01,-1.615644307486427678e-01
6.264365133039220268e-01,-1.297350828534935274e-01
6.264365133039220268e-01,-1.297350828534935274e-01
5.573389941309404572e-01,-1.351288822316198124e-01
5.358116430580390777e-01,-1.913769539164350553e-01
4.858064376332714152e-01,-3.045262251859517932e-02
4.858064376332714152e-01,-3.045262251859517932e-02
4.858064376332714152e-01,-3.045262251859517932e-02
4.858064376332714152e-01,-3.045262251859517932e-02
6.335381551965609814e-01,8.591928796259963586e-02
5.281499172875929737e-01,1.751595597349399069e-01
5.385848806836879277e-01,-9.044646977387221787e-02
5.385848806836879277e-01,-9.044646977387221787e-02
5.475395780390419631e-01,-3.824602134241915363e-02
5.066248612598517331e-01,-1.079189317031633982e-01
5.066248612598517331e-01,-1.079189317031633982e-01
5.066248612598517331e-01,-1.079189317031633982e-01
5.066248612598517331e-01,-1.079189317031633982e-01
4.445463113938398214e-01,-3.670604862572095228e-02
4.445463113938398214e-01,-3.670604862572095228e-02
3.650261265658718557e-01,-5.560712247095261213e-02
3.770702099922146888e-01,1.245011671164225342e-01
4.849059045547216007e-01,1.444577836869286314e-01
6.469159206915175986e-01,7.643903233257379193e-02
5.027623845520112766e-01,-1.587941252923492919e-02
5.027623845520112766e-01,-1.587941252923492919e-02
5.027623845520112766e-01,-1.587941252923492919e-02
4.626654065291953000e-01,-1.396497026896343086e-01
6.903362129570718153e-01,2.865566483353992888e-02
6.903362129570718153e-01,2.865566483353992888e-02
6.903362129570718153e-01,2.865566483353992888e-02
6.903362129570718153e-01,2.865566483353992888e-02
6.903362129570718153e-01,2.865566483353992888e-02
6.538305683346017361e-01,-1.088195032371183923e-01
6.538305683346017361e-01,-1.088195032371183923e-01
6.192596751433347979e-01,-3.141855751583215450e-02
6.192596751433347979e-01,-3.141855751583215450e-02
6.192596751433347979e-01,-3.141855751583215450e-02
6.192596751433347979e-01,-3.141855751583215450e-02
6.192596751433347979e-01,-3.141855751583215450e-02
6.192596751433347979e-01,-3.141855751583215450e-02
6.192596751433347979e-01,-3.141855751583215450e-02
6.192596751433347979e-01,-3.141855751583215450e-02
7.528236228527260820e-01,-2.198093189234871098e-02
6.907020198588137427e-01,-5.818820731431299104e-02
6.067354191783750350e-01,-7.325816061273622559e-02
4.703331091153314936e-01,-2.353020228984583628e-01
3.984749058304561387e-01,-2.294804550833879353e-01
5.198969044770264114e-01,-2.694043219859607596e-01
5.198969044770264114e-01,-2.694043219859607596e-01
5.198969044770264114e-01,-2.694043219859607596e-01
4.558330630589553234e-01,-2.459275182405526172e-01
4.558330630589553234e-01,-2.459275182405526172e-01
4.558330630589553234e-01,-2.459275182405526172e-01
2.375558141996983175e-01,-8.081597556865377507e-02
3.445390337904428724e-01,1.111102384063102633e-01
4.254146906254601679e-01,1.450354659680885283e-01
4.680935129033905739e-01,2.236091857274132844e-01
4.898055508543929237e-01,2.080189994130858810e-01
7.914698048169390709e-01,-9.079834538327108406e-02
7.914698048169390709e-01,-9.079834538327108406e-02
7.914698048169390709e-01,-9.079834538327108406e-02
7.914698048169390709e-01,-9.079834538327108406e-02
7.914698048169390709e-01,-9.079834538327108406e-02
7.914698048169390709e-01,-9.079834538327108406e-02
7.471848138855617938e-01,6.607015969590607218e-02
7.471848138855617938e-01,6.607015969590607218e-02
6.505214124380612750e-01,-4.699964821162927464e-02
6.505214124380612750e-01,-4.699964821162927464e-02
6.505214124380612750e-01,-4.699964821162927464e-02
7.830053955946447708e-01,-3.028549693445879362e-02
7.611857327039689425e-01,-7.670652735209096407e-02
7.611857327039689425e-01,-7.670652735209096407e-02
5.877016882828960398e-01,-1.728956721044523637e-02
5.877016882828960398e-01,-1.728956721044523637e-02
5.079975391553620545e-01,6.003068146994453014e-02
5.079975391553620545e-01,6.003068146994453014e-02
5.079975391553620545e-01,6.003068146994453014e-02
5.079975391553620545e-01,6.003068146994453014e-02
5.079975391553620545e-01,6.003068146994453014e-02
5.079975391553620545e-01,6.003068146994453014e-02
7.146531281707039218e-01,-1.252733420946067766e-01
4.038563190386563195e-01,-2.611330335247609435e-02
4.038563190386563195e-01,-2.611330335247609435e-02
6.584534786373028581e-01,-1.853265335190046881e-01
6.584534786373028581e-01,-1.853265335190046881e-01
6.521477859503908014e-01,-1.860540437548865722e-01
6.521477859503908014e-01,-1.860540437548865722e-01
5.420901085836781208e-01,1.945197414210592113e-03
5.420901085836781208e-01,1.945197414210592113e-03
5.420901085836781208e-01,1.945197414210592113e-03
5.420901085836781208e-01,1.945197414210592113e-03
5.420901085836781208e-01,1.945197414210592113e-03
6.195685490607281132e-01,-2.736472840708191745e-01
6.460236885905257243e-01,-9.701054203704242984e-02
7.166331452175902506e-01,1.331198746736354799e-01
6.884867318598448804e-01,1.298234670059328355e-01
6.884867318598448804e-01,1.298234670059328355e-01
6.073556177024854730e-01,2.209908114461796858e-01
6.073556177024854730e-01,2.209908114461796858e-01
6.928957691115977813e-01,1.232958397832976116e-01
4.865755042106254535e-01,1.645431555734201412e-01
4.865755042106254535e-01,1.645431555734201412e-01
4.865755042106254535e-01,1.645431555734201412e-01
5.236560315019844758e-01,5.676629225306181747e-02
5.236560315019844758e-01,5.676629225306181747e-02
5.236560315019844758e-01,5.676629225306181747e-02
5.236560315019844758e-01,5.676629225306181747e-02
6.517455293153564533e-01,3.702236324967826675e-02
6.517455293153564533e-01,3.702236324967826675e-02
6.517455293153564533e-01,3.702236324967826675e-02
6.252697922597615365e-01,3.113179193357333216e-02
6.252697922597615365e-01,3.113179193357333216e-02
6.315443643085643100e-01,2.150631617876251900e-01
6.315443643085643100e-01,2.150631617876251900e-01
5.485249759409638326e-01,1.304802623625911373e-02
6.584065537190846307e-01,-1.244379400988796305e-03
6.584065537190846307e-01,-1.244379400988796305e-03
6.584065537190846307e-01,-1.244379400988796305e-03
6.584065537190846307e-01,-1.244379400988796305e-03
6.584065537190846307e-01,-1.244379400988796305e-03
6.313213569492922561e-01,-5.385948996850166426e-02
6.313213569492922561e-01,-5.385948996850166426e-02
6.313213569492922561e-01,-5.385948996850166426e-02
6.313213569492922561e-01,-5.385948996850166426e-02
6.336953372920506311e-01,1.252694314791945596e-01
6.390755923322335441e-01,1.635309666868162148e-01
6.390755923322335441e-01,1.635309666868162148e-01
6.330782212792984698e-01,4.387688605434865441e-02
6.330782212792984698e-01,4.387688605434865441e-02
6.251829816255037864e-01,-3.196109380279753276e-02
6.251829816255037864e-01,-3.196109380279753276e-02
6.251829816255037864e-01,-3.196109380279753276e-02
6.716708102460957619e-01,1.884606735512187603e-01
6.716708102460957619e-01,1.884606735512187603e-01
4.936200099621044224e-01,1.474207246612368460e-01
4.936200099621044224e-01,1.474207246612368460e-01
4.936200099621044224e-01,1.474207246612368460e-01
4.570776878707936142e-01,-7.619850542243217228e-02
5.101742539307625446e-01,-6.165191928388037701e-02
5.101742539307625446e-01,-6.165191928388037701e-02
5.749695225843515223e-01,9.495233755792323316e-03
5.749695225843515223e-01,9.495233755792323316e-03
5.749695225843515223e-01,9.495233755792323316e-03
5.749695225843515223e-01,9.495233755792323316e-03
5.749695225843515223e-01,9.495233755792323316e-03
5.749695225843515223e-01,9.495233755792323316e-03
5.749695225843515223e-01,9.495233755792323316e-03
7.615546843874536620e-01,1.766038779157557137e-01
6.503162018196275707e-01,-3.008710616061191501e-02
6.503162018196275707e-01,-3.008710616061191501e-02
6.503162018196275707e-01,-3.008710616061191501e-02
4.756695043948016011e-01,-1.469809645881688109e-01
4.239056846438685744e-01,-8.736244781967723860e-02
4.239056846438685744e-01,-8.736244781967723860e-02
4.239056846438685744e-01,-8.736244781967723860e-02
5.088648723612219094e-01,-7.653225745375732969e-03
6.952842441205089319e-01,-1.441117207200410255e-01
6.952842441205089319e-01,-1.441117207200410255e-01
6.952842441205089319e-01,-1.441117207200410255e-01
7.727484948906208073e-01,-2.180098030240387452e-01
7.727484948906208073e-01,-2.180098030240387452e-01
5.173797202039931431e-01,-3.178168062514445946e-01
5.173797202039931431e-01,-3.178168062514445946e-01
6.594814105941257942e-01,-2.606619736001372645e-01
6.594814105941257942e-01,-2.606619736001372645e-01
6.482517657821180723e-01,-2.477353460801907659e-01
6.875429508717972871e-01,-2.500701840452447811e-01
6.875429508717972871e-01,-2.500701840452447811e-01
6.875429508717972871e-01,-2.500701840452447811e-01
6.875429508717972871e-01,-2.500701840452447811e-01
6.082368673906543011e-01,-1.638259963553593823e-01
6.082368673906543011e-01,-1.638259963553593823e-01
6.082368673906543011e-01,-1.638259963553593823e-01
6.082368673906543011e-01,-1.638259963553593823e-01
2.667820583373570753e-01,-4.256249105892244422e-02
2.667820583373570753e-01,-4.256249105892244422e-02
3.276670245981683216e-01,-5.848174373674625698e-02
1.831541618339128097e-01,9.308393887169827408e-02
1.831541618339128097e-01,9.308393887169827408e-02
2.655276120074730462e-01,8.195415674256777139e-02
3.123726055190370055e-01,1.244296386276850519e-01
3.123726055190370055e-01,1.244296386276850519e-01
3.123726055190370055e-01,1.244296386276850519e-01
4.949100249460458567e-01,2.537370764005852930e-01
4.949100249460458567e-01,2.537370764005852930e-01
4.949100249460458567e-01,2.537370764005852930e-01
4.949100249460458567e-01,2.537370764005852930e-01
4.949100249460458567e-01,2.537370764005852930e-01
4.693974780375087530e-01,1.095044541540115546e-01
5.956777640636982118e-01,1.293275894678198590e-01
5.956777640636982118e-01,1.293275894678198590e-01
5.956777640636982118e-01,1.293275894678198590e-01
5.956777640636982118e-01,1.293275894678198590e-01
5.820324358356614436e-01,-1.597769388324432605e-01
6.809411061395467257e-01,-7.470482282972461252e-02
6.809411061395467257e-01,-7.470482282972461252e-02
6.809411061395467257e-01,-7.470482282972461252e-02
6.809411061395467257e-01,-7.470482282972461252e-02
6.507699513125694279e-01,-1.286320974659837246e-01
7.415544156964432032e-01,-9.962139856354203238e-02
6.858147907714118308e-01,-2.441500166397252425e-01
6.858147907714118308e-01,-2.441500166397252425e-01
8.286741444631601228e-01,-3.614081972827857259e-01
8.664012726534733311e-01,-1.788580983534492908e-01
8.664012726534733311e-01,-1.788580983534492908e-01
8.664012726534733311e-01,-1.788580983534492908e-01
6.296000912412998973e-01,-2.008492691800720931e-01
6.296000912412998973e-01,-2.008492691800720931e-01
7.246703083526588873e-01,9.314257526337202386e-02
7.246703083526588873e-01,9.314257526337202386e-02
8.192734780879239453e-01,-3.352687445850846548e-02
8.192734780879239453e-01,-3.352687445850846548e-02
5.727822654522565227e-01,-1.737671365170162241e-01
7.477109361864058279e-01,-9.217770747133730014e-02
7.477109361864058279e-01,-9.217770747133730014e-02
7.477109361864058279e-01,-9.217770747133730014e-02
7.477109361864058279e-01,-9.217770747133730014e-02
7.477109361864058279e-01,-9.217770747133730014e-02
7.366241737042167337e-01,-1.426108325148854328e-01
8.514692068397002878e-01,9.366196907553217543e-02
8.514692068397002878e-01,9.366196907553217543e-02
8.514692068397002878e-01,9.366196907553217543e-02
8.514692068397002878e-01,9.366196907553217543e-02
8.514692068397002878e-01,9.366196907553217543e-02
8.514692068397002878e-01,9.366196907553217543e-02
7.229355120688196745e-01,5.677931176144020847e-02
6.206448910413288056e-01,1.577039957081094457e-01
6.206448910413288056e-01,1.577039957081094457e-01
6.206448910413288056e-01,1.577039957081094457e-01
6.206448910413288056e-01,1.577039957081094457e-01
8.670197867797790892e-01,8.017479739930517824e-02
8.670197867797790892e-01,8.017479739930517824e-02
8.728747861124194207e-01,-5.516122162520727124e-02
8.728747861124194207e-01,-5.516122162520727124e-02
8.920061273234481947e-01,-6.342397275279379465e-02
9.075818291165801410e-01,1.498659191396362333e-01
9.075818291165801410e-01,1.498659191396362333e-01
8.083983492451261021e-01,-2.139553164224662074e-01
8.083983492451261021e-01,-2.139553164224662074e-01
8.083983492451261021e-01,-2.139553164224662074e-01
8.083983492451261021e-01,-2.139553164224662074e-01
5.536399412384906960e-01,-2.608711206315806330e-01
5.973389197709969567e-01,-3.710429882134388402e-01
5.417962476395214999e-01,-2.635724514126664975e-01
5.417962476395214999e-01,-2.635724514126664975e-01
5.947054665118378658e-01,-2.426133621794684392e-01
6.732626927255471738e-01,-1.526462144352405681e-02
6.732626927255471738e-01,-1.526462144352405681e-02
6.732626927255471738e-01,-1.526462144352405681e-02
6.732626927255471738e-01,-1.526462144352405681e-02
6.605880800751556814e-01,-1.873392682444584012e-01
3.910616629479781170e-01,-3.891985920516410902e-02
3.999416031216411760e-01,-8.186322010365607027e-02
5.411796739437855219e-01,1.250023903869197650e-01
6.263350607331135134e-01,-5.165601076205644793e-03
5.715485869394998364e-01,7.874116402958224181e-02
5.715485869394998364e-01,7.874116402958224181e-02
5.715485869394998364e-01,7.874116402958224181e-02
5.715485869394998364e-01,7.874116402958224181e-02
5.715485869394998364e-01,7.874116402958224181e-02
6.706108836924504768e-01,5.458335660205237277e-02
3.904683699224864024e-01,2.161309995777490889e-01
4.482655913144577009e-01,-2.694727262277735180e-03
4.482655913144577009e-01,-2.694727262277735180e-03
4.482655913144577009e-01,-2.694727262277735180e-03
8.140499243701093679e-01,-4.355312937919920274e-02
8.140499243701093679e-01,-4.355312937919920274e-02
8.140499243701093679e-01,-4.355312937919920274e-02
8.140499243701093679e-01,-4.355312937919920274e-02
8.140499243701093679e-01,-4.355312937919920274e-02
7.780235451925763268e-01,-1.103572030307358592e-02
7.780235451925763268e-01,-1.103572030307358592e-02
6.061630310780079522e-01,1.496301983649567582e-02
4.920078065976087878e-01,1.677781774006031623e-01
4.920078065976087878e-01,1.677781774006031623e-01
3.892056902471765500e-01,1.036832115112040209e-01
3.892056902471765500e-01,1.036832115112040209e-01
7.419438693931973416e-01,1.011355229714941684e-01
7.419438693931973416e-01,1.011355229714941684e-01
7.419438693931973416e-01,1.011355229714941684e-01
7.327039410348694659e-01,-5.421426562376666092e-02
7.596198419022888171e-01,-2.391723722578411801e-02
7.596198419022888171e-01,-2.391723722578411801e-02
4.559010137489997172e-01,9.740837446249420162e-02
3.688450084301402310e-01,5.792608254999621203e-02
3.688450084301402310e-01,5.792608254999621203e-02
3.688450084301402310e-01,5.792608254999621203e-02
3.688450084301402310e-01,5.792608254999621203e-02
3.688450084301402310e-01,5.792608254999621203e-02
4.357330489585065636e-01,-1.178395795198082241e-01
4.357330489585065636e-01,-1.178395795198082241e-01
4.357330489585065636e-01,-1.178395795198082241e-01
5.131407372627919683e-01,-1.726594727498464432e-01
4.108168092437485819e-01,7.969436548446834356e-02
4.592454374095875647e-01,3.193018329784896858e-01
4.315615699543179362e-01,9.743135266424912677e-02
6.163209937284056528e-01,6.511111170291576655e-02
6.163209937284056528e-01,6.511111170291576655e-02
6.163209937284056528e-01,6.511111170291576655e-02
6.163209937284056528e-01,6.511111170291576655e-02
6.163209937284056528e-01,6.511111170291576655e-02
7.474239792146085692e-01,8.625579048308919250e-02
7.474239792146085692e-01,8.625579048308919250e-02
7.474239792146085692e-01,8.625579048308919250e-02
8.819939776999596859e-01,-2.939728995077506291e-02
6.393687169481123700e-01,-1.031752818592108767e-01
7.488909603935273163e-01,7.064260335687322367e-02
7.473773371126823939e-01,7.591225678240345887e-02
7.473773371126823939e-01,7.591225678240345887e-02
8.210503207525201574e-01,-9.290311344375215552e-02
7.364298834696639817e-01,7.879333826276294084e-02
7.364298834696639817e-01,7.879333826276294084e-02
6.135167859327290696e-01,-1.123601336385531557e-01
5.557449921519115321e-01,2.581683557999966960e-02
5.557449921519115321e-01,2.581683557999966960e-02
5.557449921519115321e-01,2.581683557999966960e-02
5.564930675183569209e-01,5.388711697652027316e-02
5.564930675183569209e-01,5.388711697652027316e-02
4.799125526845747780e-01,-4.694589345612227432e-02
4.871659970768865144e-01,-5.947698707768350052e-02
4.871659970768865144e-01,-5.947698707768350052e-02
5.522464086617400181e-01,-1.738601844603046287e-01
5.522464086617400181e-01,-1.738601844603046287e-01
3.925421405425914001e-01,-2.162068683237696465e-01
3.876830056569982585e-01,-3.235821916483815341e-01
2.914321425644561536e-01,-2.383926730702190522e-02
2.914321425644561536e-01,-2.383926730702190522e-02
2.914321425644561536e-01,-2.383926730702190522e-02
4.989451260153344725e-01,-2.365793304463648106e-01
4.989451260153344725e-01,-2.365793304463648106e-01
4.989451260153344725e-01,-2.365793304463648106e-01
4.989451260153344725e-01,-2.365793304463648106e-01
7.503880948899035452e-01,-7.079016893626627338e-02
7.566184643883251404e-01,-9.167804815370365901e-02
7.566184643883251404e-01,-9.167804815370365901e-02
7.566184643883251404e-01,-9.167804815370365901e-02
9.070406673982992496e-01,-1.038161155991784851e-01
9.070406673982992496e-01,-1.038161155991784851e-01
8.050725097277170450e-01,-1.669138901793158491e-01
8.766688760129998093e-01,-5.562937613666853187e-02
8.490408524152384118e-01,-7.726700412669292029e-02
9.016000013294025450e-01,9.508624035223740834e-02
8.923450010479380134e-01,1.602712765709562448e-01
7.417152525942907193e-01,2.084081515614121805e-01
7.417152525942907193e-01,2.084081515614121805e-01
4.733612981905104267e-01,7.919802348719903740e-02
4.733612981905104267e-01,7.919802348719903740e-02
4.733612981905104267e-01,7.919802348719903740e-02
5.515976483641610306e-01,-1.853192248312389989e-01
7.053152071391793898e-01,-9.413872868888249756e-02
7.053152071391793898e-01,-9.413872868888249756e-02
7.053152071391793898e-01,-9.413872868888249756e-02
5.156796279202042754e-01,-2.176702293056586024e-01
6.614516618502871426e-01,-2.555604025610343499e-01
7.295137003378705520e-01,-4.449318694615059244e-02
7.295137003378705520e-01,-4.449318694615059244e-02
7.295137003378705520e-01,-4.449318694615059244e-02
7.967943798164628388e-01,-3.581660628904818899e-02
7.967943798164628388e-01,-3.581660628904818899e-02
5.584198516735902063e-01,7.196313745165311415e-02
8.214702751246165668e-01,-1.765778909384002338e-01
8.443042721059031974e-01,-7.229990676474454259e-02
8.443042721059031974e-01,-7.229990676474454259e-02
7.655638217573120796e-01,-2.724277263019415224e-02
6.894485401876989661e-01,-3.440313143859190931e-02
6.966581412932535411e-01,-1.925696857384434635e-01
6.966581412932535411e-01,-1.925696857384434635e-01
6.966581412932535411e-01,-1.925696857384434635e-01
7.354176926280114879e-01,-2.424918198400026204e-01
7.354176926280114879e-01,-2.424918198400026204e-01
7.354176926280114879e-01,-2.424918198400026204e-01
7.112052955403298515e-01,-1.804153222805968126e-01
7.112052955403298515e-01,-1.804153222805968126e-01
7.577334162180313637e-01,-1.286796231871523977e-01
6.681453803596624219e-01,6.528844332601702050e-03
6.681453803596624219e-01,6.528844332601702050e-03
6.681453803596624219e-01,6.528844332601702050e-03
6.681453803596624219e-01,6.528844332601702050e-03
7.013208384127425088e-01,-4.500913396276445128e-02
7.013208384127425088e-01,-4.500913396276445128e-02
7.013208384127425088e-01,-4.500913396276445128e-02
5.350432335351534840e-01,-1.318496313012200993e-01
5.350432335351534840e-01,-1.318496313012200993e-01
4.756917415095968660e-01,-3.439522330813511442e-01
4.756917415095968660e-01,-3.439522330813511442e-01
5.384240327775882129e-01,-3.887108633298458904e-01
5.384240327775882129e-01,-3.887108633298458904e-01
5.384240327775882129e-01,-3.887108633298458904e-01
5.384240327775882129e-01,-3.887108633298458904e-01
6.078797138175936476e-01,-2.844151273772929645e-01
3.994048790258883930e-01,-2.131069597543367999e-01
4.452367216528977378e-01,-1.200272035838916979e-01
5.405449167975148184e-01,-8.035488884755470629e-02
5.405449167975148184e-01,-8.035488884755470629e-02
5.405449167975148184e-01,-8.035488884755470629e-02
5.405449167975148184e-01,-8.035488884755470629e-02
5.373381899683600249e-01,-5.100842022101821638e-02
4.808476756000916730e-01,-8.623982344760938723e-02
5.273647015931414161e-01,-1.239240057404636386e-01
6.473201899837912610e-01,2.812946814027122988e-02
6.473201899837912610e-01,2.812946814027122988e-02
6.514712097823265324e-01,-7.233524889913930944e-02
7.816940780648100606e-01,-1.441998479877808215e-01
7.816940780648100606e-01,-1.441998479877808215e-01
7.816940780648100606e-01,-1.441998479877808215e-01
7.816940780648100606e-01,-1.441998479877808215e-01
8.676406891453516401e-01,-8.657362393679821078e-02
9.221584897751300414e-01,-2.205372631978216869e-03
9.221584897751300414e-01,-2.205372631978216869e-03
8.701522522497167067e-01,8.309192362794132203e-02
8.701522522497167067e-01,8.309192362794132203e-02
8.701522522497167067e-01,8.309192362794132203e-02
8.701522522497167067e-01,8.309192362794132203e-02
8.701522522497167067e-01,8.309192362794132203e-02
8.701522522497167067e-01,8.309192362794132203e-02
8.701522522497167067e-01,8.309192362794132203e-02
7.523521292785276815e-01,-1.013599737515512023e-01
7.523521292785276815e-01,-1.013599737515512023e-01
7.523521292785276815e-01,-1.013599737515512023e-01
7.523521292785276815e-01,-1.013599737515512023e-01
7.691579839084320414e-01,1.118784035217950390e-01
6.549551285196442141e-01,9.541270190514239413e-02
6.549551285196442141e-01,9.541270190514239413e-02
5.902129478483916225e-01,4.071281363724764402e-02
5.902129478483916225e-01,4.071281363724764402e-02
7.479348766715553376e-01,2.436631638622327456e-01
7.479348766715553376e-01,2.436631638622327456e-01
7.479348766715553376e-01,2.436631638622327456e-01
7.479348766715553376e-01,2.436631638622327456e-01
7.479348766715553376e-01,2.436631638622327456e-01
8.073307259983113493e-01,3.018147302526513753e-02
8.073307259983113493e-01,3.018147302526513753e-02
8.073307259983113493e-01,3.018147302526513753e-02
8.073307259983113493e-01,3.018147302526513753e-02
8.073307259983113493e-01,3.018147302526513753e-02
8.073307259983113493e-01,3.018147302526513753e-02
8.073307259983113493e-01,3.018147302526513753e-02
5.889401324223448864e-01,3.194983276869815120e-02
3.886037408846809704e-01,-6.632404283786225152e-03
4.927617956609879890e-01,5.059664251096324464e-03
6.232665116058085930e-01,-2.852627457551660389e-02
6.962386277867990136e-01,-4.501468236961056468e-02
7.934394636984392069e-01,1.236051938338920964e-01
5.417786882007011862e-01,1.446633983087616260e-01
5.295152507802977082e-01,3.336583463794173809e-02
5.295152507802977082e-01,3.336583463794173809e-02
5.295152507802977082e-01,3.336583463794173809e-02
5.295152507802977082e-01,3.336583463794173809e-02
5.295152507802977082e-01,3.336583463794173809e-02
5.295152507802977082e-01,3.336583463794173809e-02
5.295152507802977082e-01,3.336583463794173809e-02
5.295152507802977082e-01,3.336583463794173809e-02
5.295152507802977082e-01,3.336583463794173809e-02
5.295152507802977082e-01,3.336583463794173809e-02
6.370646314715741054e-01,1.458228933080477074e-01
7.339192582056607295e-01,1.959639021987452656e-01
7.221200620997042519e-01,1.629054430269063214e-01
6.748809637213271095e-01,1.030880382701330755e-01
5.786776817273504570e-01,6.692076737596031055e-03
5.745986394472413217e-01,-2.839564724987630323e-02
5.745986394472413217e-01,-2.839564724987630323e-02
5.029199746127408499e-01,-1.191845120634345279e-01
4.939629856205153824e-01,3.506316158666900051e-02
4.939629856205153824e-01,3.506316158666900051e-02
4.259494676986400608e-01,1.172178971152357391e-01
4.259494676986400608e-01,1.172178971152357391e-01
4.865494314064116033e-01,2.313092870801068401e-01
5.556109702769534975e-01,1.412143717921175434e-01
5.556109702769534975e-01,1.412143717921175434e-01
5.556109702769534975e-01,1.412143717921175434e-01
4.911206663499187997e-01,3.432988177645678041e-02
4.911206663499187997e-01,3.432988177645678041e-02
4.911206663499187997e-01,3.432988177645678041e-02
4.911206663499187997e-01,3.432988177645678041e-02
4.911206663499187997e-01,3.432988177645678041e-02
4.688839889452792176e-01,4.593129685686715008e-02
6.223956886285386680e-01,-5.037623067214546529e-02
6.223956886285386680e-01,-5.037623067214546529e-02
6.223956886285386680e-01,-5.037623067214546529e-02
6.131284341247446035e-01,-6.384894453184922214e-02
7.921434522930430600e-01,3.152883153780212944e-02
7.921434522930430600e-01,3.152883153780212944e-02
6.221677715565760991e-01,4.725539029835236493e-02
6.221677715565760991e-01,4.725539029835236493e-02
6.221677715565760991e-01,4.725539029835236493e-02
6.221677715565760991e-01,4.725539029835236493e-02
6.221677715565760991e-01,4.725539029835236493e-02
6.221677715565760991e-01,4.725539029835236493e-02
6.182385595538416601e-01,2.526003097315066004e-02
6.182385595538416601e-01,2.526003097315066004e-02
7.821987641253125290e-01,2.288676985937635189e-01
6.986793251638619973e-01,1.098976388518435876e-01
6.986793251638619973e-01,1.098976388518435876e-01
7.078679367052567173e-01,1.006317502085117277e-01
7.078679367052567173e-01,1.006317502085117277e-01
7.078679367052567173e-01,1.006317502085117277e-01
5.612942319180795891e-01,1.664870008895062703e-01
5.270176867386666686e-01,1.355429180706292092e-01
6.935940703016796327e-01,1.554117929789852470e-01
5.596250564396497706e-01,2.476570306502474950e-01
5.999855005148116982e-01,-2.836311713115488575e-02
5.526459204630213007e-01,7.282277153089604382e-02
6.651495824192948936e-01,-3.645329668828682645e-02
6.651495824192948936e-01,-3.645329668828682645e-02
6.651495824192948936e-01,-3.645329668828682645e-02
5.795500129089954378e-01,5.032218077479139184e-02
5.795500129089954378e-01,5.032218077479139184e-02
7.084275327674732781e-01,1.490420280191565028e-01
5.504271970412044634e-01,7.819210959997179022e-02
4.994170550882733872e-01,9.270328640131608733e-02
4.318887069030322712e-01,-1.309363553833178540e-01
4.318887069030322712e-01,-1.309363553833178540e-01
6.299528610940198226e-01,-7.087276952791646267e-02
6.299528610940198226e-01,-7.087276952791646267e-02
5.382019911271972434e-01,1.007554154566475679e-02
5.382019911271972434e-01,1.007554154566475679e-02
5.382019911271972434e-01,1.007554154566475679e-02
4.625697536375993346e-01,4.446822291973712843e-02
4.625697536375993346e-01,4.446822291973712843e-02
4.625697536375993346e-01,4.446822291973712843e-02
4.625697536375993346e-01,4.446822291973712843e-02
6.643206513162849269e-01,1.145580007139615497e-03
6.643206513162849269e-01,1.145580007139615497e-03
4.949639001761834689e-01,-7.590501448092383530e-02
6.720871345157758414e-01,-3.206714246671363844e-01
6.720871345157758414e-01,-3.206714246671363844e-01
6.720871345157758414e-01,-3.206714246671363844e-01
6.720871345157758414e-01,-3.206714246671363844e-01
6.720871345157758414e-01,-3.206714246671363844e-01
6.720871345157758414e-01,-3.206714246671363844e-01
6.720871345157758414e-01,-3.206714246671363844e-01
8.667295758600951361e-01,-3.545053984575819439e-01
6.597773467435723571e-01,-4.592140052024013541e-01
4.813546470500981167e-01,-4.565972217707581216e-01
4.813546470500981167e-01,-4.565972217707581216e-01
5.774850027798232865e-01,-2.218050937657736199e-01
5.342617381710645930e-01,4.631719686269153424e-02
5.846299064292712622e-01,1.140834403292618759e-01
5.846299064292712622e-01,1.140834403292618759e-01
4.280652607238058516e-01,8.465639880730577160e-02
4.649687571291435950e-01,-4.258582223285897750e-02
4.649687571291435950e-01,-4.258582223285897750e-02
4.649687571291435950e-01,-4.258582223285897750e-02
4.649687571291435950e-01,-4.258582223285897750e-02
5.759247630317592126e-01,1.216872748684004468e-01
5.759247630317592126e-01,1.216872748684004468e-01
6.130513053141957158e-01,1.346623402334237440e-01
7.787091615030605762e-01,6.864019327414538907e-03
4.513872545537298553e-01,-1.896529753589138931e-02
4.513872545537298553e-01,-1.896529753589138931e-02
6.394484438307257435e-01,-1.151970531298918132e-02
6.317599149708578166e-01,1.086929259831130451e-01
6.317599149708578166e-01,1.086929259831130451e-01
5.606690448771449731e-01,3.037265805999686541e-02
5.606690448771449731e-01,3.037265805999686541e-02
8.936020533287526435e-01,-5.740222948990190976e-02
8.936020533287526435e-01,-5.740222948990190976e-02
8.936020533287526435e-01,-5.740222948990190976e-02
6.695327932167688401e-01,-2.131667212840853143e-01
6.695327932167688401e-01,-2.131667212840853143e-01
6.580639382213834265e-01,-8.100005639952120862e-02
5.985539079895467740e-01,-1.008619193682782356e-01
5.985539079895467740e-01,-1.008619193682782356e-01
4.551257781828900173e-01,1.006387868851642831e-01
8.029221374679231804e-01,-2.552538498709835957e-02
8.029221374679231804e-01,-2.552538498709835957e-02
6.304694132531604156e-01,-4.013090472994846475e-02
6.304694132531604156e-01,-4.013090472994846475e-02
5.174966613930792603e-01,-2.077269978706542883e-02
5.174966613930792603e-01,-2.077269978706542883e-02
5.174966613930792603e-01,-2.077269978706542883e-02
5.174966613930792603e-01,-2.077269978706542883e-02
6.465827220650746110e-01,4.532200715614660702e-02
6.465827220650746110e-01,4.532200715614660702e-02
6.465827220650746110e-01,4.532200715614660702e-02
5.945130761209305170e-01,4.934867072390838882e-02
4.801118950998212731e-01,1.039100546126218855e-01
5.735147719816652279e-01,2.762675762019116132e-01
7.397097304670398055e-01,1.399820976193122679e-01
7.558034951759960984e-01,8.101106215121525733e-02
7.558034951759960984e-01,8.101106215121525733e-02
7.558034951759960984e-01,8.101106215121525733e-02
7.369468161663109695e-01,9.522501319203541259e-03
6.536881048155233076e-01,9.995485567747214306e-02
6.113233047441991586e-01,1.104043694775907331e-01
6.376870710960036437e-01,1.141399779778663193e-01
4.879660107556103021e-01,1.117544767299071817e-01
4.879660107556103021e-01,1.117544767299071817e-01
4.879660107556103021e-01,1.117544767299071817e-01
4.277680990598869415e-01,2.530816899271616793e-01
4.277680990598869415e-01,2.530816899271616793e-01
3.649695960041207665e-01,-6.846927113924583530e-02
3.649695960041207665e-01,-6.846927113924583530e-02
4.696878298514081673e-01,-1.820893692134322173e-01
6.651985748690028011e-01,-1.475094457867155984e-01
6.978570407457465041e-01,-1.839283451691923477e-01
7.326589922352997331e-01,-8.756294591477575828e-02
7.326589922352997331e-01,-8.756294591477575828e-02
6.992266047640336435e-01,2.556323488239295449e-03
6.272746425038084883e-01,8.282164069206595161e-03
6.272746425038084883e-01,8.282164069206595161e-03
6.272746425038084883e-01,8.282164069206595161e-03
5.051548628113466943e-01,1.014548808382138706e-01
5.752809964304876900e-01,-3.680733776337204166e-02
5.101715518332663457e-01,-1.923940150157204751e-02
4.813488017105625461e-01,4.334159713138453773e-02
3.603467592955753585e-01,-1.364902289206885722e-01
3.603467592955753585e-01,-1.364902289206885722e-01
3.555876098323140222e-01,5.099235663588175260e-02
2.681298807696745889e-01,1.546843866933397121e-02
2.681298807696745889e-01,1.546843866933397121e-02
2.681298807696745889e-01,1.546843866933397121e-02
2.874719875452621531e-01,8.346445917458802932e-02
2.224267796397433883e-01,5.510424330078482480e-02
2.541528030533783400e-01,-1.736929878275563777e-01
2.901011285938695505e-01,-3.047694384209354013e-01
2.557495824170565313e-01,-1.569759314443743836e-01
2.557495824170565313e-01,-1.569759314443743836e-01
2.557495824170565313e-01,-1.569759314443743836e-01
3.337398707335647030e-01,-1.318885132522719661e-01
4.728585711581932971e-01,-1.120731632965188407e-01
4.728585711581932971e-01,-1.120731632965188407e-01
4.728585711581932971e-01,-1.120731632965188407e-01
4.299310207502187731e-01,-1.521875045965629947e-01
2.901001459063917709e-01,-8.415447388022151420e-02
3.265683968450528996e-01,-1.163418067957579238e-01
3.723685857669890020e-01,7.750361455557130963e-03
3.838149692566528715e-01,2.184371649381954689e-02
4.000735777434464846e-01,7.962895543016887401e-02
4.000735777434464846e-01,7.962895543016887401e-02
4.000735777434464846e-01,7.962895543016887401e-02
4.000735777434464846e-01,7.962895543016887401e-02
3.082637915178410015e-01,1.494769024758929032e-01
5.047562146496135105e-01,3.469331390082497357e-01
4.478731607305115325e-01,3.787540614673555739e-01
6.488200778653510081e-01,2.655979603933105171e-01
6.907338591178494580e-01,1.997812179142370859e-01
6.907338591178494580e-01,1.997812179142370859e-01
6.907338591178494580e-01,1.997812179142370859e-01
8.838048534010805035e-01,1.313800407800000680e-01
5.944964300052667516e-01,6.261124008353849413e-02
2.485334559869091797e-01,-9.550852284786207069e-02
2.485334559869091797e-01,-9.550852284786207069e-02
2.485334559869091797e-01,-9.550852284786207069e-02
4.358743032048382204e-01,-2.231129361401223976e-01
4.358743032048382204e-01,-2.231129361401223976e-01
6.001274975664029343e-01,-1.833876692979401202e-01
6.001274975664029343e-01,-1.833876692979401202e-01
6.953344690648143311e-01,2.645232937287905761e-02
6.953344690648143311e-01,2.645232937287905761e-02
6.953344690648143311e-01,2.645232937287905761e-02
6.953344690648143311e-01,2.645232937287905761e-02
6.953344690648143311e-01,2.645232937287905761e-02
5.884526150089474106e-01,1.776946890571685922e-01
4.794189128144500933e-01,1.360287442208019115e-01
4.794189128144500933e-01,1.360287442208019115e-01
4.794189128144500933e-01,1.360287442208019115e-01
5.965381217504537315e-01,1.176724164049122445e-01
5.965381217504537315e-01,1.176724164049122445e-01
6.267570252899526961e-01,6.331534617982055579e-02
6.976068118865808021e-01,6.151679957139058463e-02
6.483773392907467015e-01,1.216187157972463961e-01
6.483773392907467015e-01,1.216187157972463961e-01
6.483773392907467015e-01,1.216187157972463961e-01
6.483773392907467015e-01,1.216187157972463961e-01
7.627143917152139352e-01,-4.722814118439266906e-02
7.627143917152139352e-01,-4.722814118439266906e-02
7.758758448807869801e-01,1.326458142049032063e-02
7.758758448807869801e-01,1.326458142049032063e-02
6.515287988310927147e-01,4.115565780795686635e-02
6.515287988310927147e-01,4.115565780795686635e-02
6.515287988310927147e-01,4.115565780795686635e-02
6.585528459260431289e-01,2.055835325468472266e-02
6.585528459260431289e-01,2.055835325468472266e-02
6.585528459260431289e-01,2.055835325468472266e-02
6.797985123086071058e-01,-1.099102478453029830e-01
6.797985123086071058e-01,-1.099102478453029830e-01
5.136218386704468619e-01,1.172574034364731732e-02
5.136218386704468619e-01,1.172574034364731732e-02
5.136218386704468619e-01,1.172574034364731732e-02
5.089303060449336114e-01,-1.289660353045755103e-01
4.806839649620038846e-01,-2.568900381933145183e-01
4.806839649620038846e-01,-2.568900381933145183e-01
4.806839649620038846e-01,-2.568900381933145183e-01
4.806839649620038846e-01,-2.568900381933145183e-01
3.545247950861611930e-01,-2.133273206378072384e-02
3.231234184938641674e-01,3.664427025773937807e-02
3.231234184938641674e-01,3.664427025773937807e-02
3.231234184938641674e-01,3.664427025773937807e-02
5.649484744990922458e-01,2.125450759106610743e-01
6.681488921266146574e-01,2.355506898673447314e-01
7.409617779924065895e-01,-7.211153808671566523e-02
7.409617779924065895e-01,-7.211153808671566523e-02
6.418276484536181714e-01,-1.496048432848440801e-01
5.627171102587085194e-01,1.467678662555113589e-02
6.235290699655847702e-01,1.253999018998248893e-01
6.055441787386530716e-01,-4.375171165992119970e-03
6.055441787386530716e-01,-4.375171165992119970e-03
6.055441787386530716e-01,-4.375171165992119970e-03
6.055441787386530716e-01,-4.375171165992119970e-03
6.055441787386530716e-01,-4.375171165992119970e-03
6.055441787386530716e-01,-4.375171165992119970e-03
6.900641721638516302e-01,-9.668478412116368603e-02
7.517408249290499223e-01,-2.335475221610792962e-02
7.517408249290499223e-01,-2.335475221610792962e-02
7.517408249290499223e-01,-2.335475221610792962e-02
7.517408249290499223e-01,-2.335475221610792962e-02
5.865737824205231599e-01,9.629614622068530250e-02
5.668745448609121551e-01,5.149819793919489103e-02
5.870486725379850945e-01,1.323217193012848347e-01
8.321465142726887088e-01,1.115421232624983494e-01
7.718527423876939686e-01,1.743164439439139624e-01
7.304017119098148436e-01,-1.488016693637933541e-02
6.156331894134523530e-01,6.999796019941928460e-02
4.593517399934250456e-01,5.323757786730987096e-02
4.593517399934250456e-01,5.323757786730987096e-02
5.580369918629347614e-01,2.267268032977680647e-01
5.580369918629347614e-01,2.267268032977680647e-01
6.638462459703036167e-01,2.712489964548795984e-01
7.877667398720665792e-01,2.776553411111162828e-01
7.877667398720665792e-01,2.776553411111162828e-01
7.514792902091034232e-01,1.512448266164975186e-01
7.514792902091034232e-01,1.512448266164975186e-01
7.514792902091034232e-01,1.512448266164975186e-01
7.352323890425273012e-01,1.346726540805180117e-01
7.352323890425273012e-01,1.346726540805180117e-01
7.352323890425273012e-01,1.346726540805180117e-01
6.994591611329625813e-01,1.593302818410717581e-01
8.787649945646427430e-01,-4.350680083992289338e-02
8.787649945646427430e-01,-4.350680083992289338e-02
8.787649945646427430e-01,-4.350680083992289338e-02
8.011170432944371145e-01,1.660306538183108083e-01
8.450291229660420456e-01,3.949267702021630466e-02
8.450291229660420456e-01,3.949267702021630466e-02
8.059406769903429968e-01,7.595507493770492502e-02
7.867760869612722141e-01,1.879643526546465743e-02
7.867760869612722141e-01,1.879643526546465743e-02
7.867760869612722141e-01,1.879643526546465743e-02
6.262107116862180023e-01,-2.417601845783158565e-02
6.262107116862180023e-01,-2.417601845783158565e-02
6.262107116862180023e-01,-2.417601845783158565e-02
6.262107116862180023e-01,-2.417601845783158565e-02
6.664827376374362622e-01,-3.297161362019433717e-02
6.664827376374362622e-01,-3.297161362019433717e-02
6.664827376374362622e-01,-3.297161362019433717e-02
6.664827376374362622e-01,-3.297161362019433717e-02
6.664827376374362622e-01,-3.297161362019433717e-02
8.643952370510229466e-01,8.661269793939774253e-02
8.643952370510229466e-01,8.661269793939774253e-02
9.094719642224549094e-01,-6.483404723875435538e-02
9.094719642224549094e-01,-6.483404723875435538e-02
5.231210358314084541e-01,-1.500528637315591829e-01
5.218536168189178426e-01,-1.695363035363670334e-01
5.744115978257440247e-01,-1.220706701470968270e-01
4.879243053972070476e-01,-4.797558251385614092e-03
4.565143693535157476e-01,-3.855968544882010240e-02
6.395788838557237010e-01,-7.573727850288060337e-02
6.912368483243007677e-01,-5.130666383215078119e-02
5.871175569263592520e-01,-2.070146332640891429e-01
5.871175569263592520e-01,-2.070146332640891429e-01
5.871175569263592520e-01,-2.070146332640891429e-01
5.637342172828003761e-01,-1.109921451666401743e-01
5.637342172828003761e-01,-1.109921451666401743e-01
5.544182730908706613e-01,-8.170682095116434118e-02
5.544182730908706613e-01,-8.170682095116434118e-02
5.544182730908706613e-01,-8.170682095116434118e-02
5.544182730908706613e-01,-8.170682095116434118e-02
5.544182730908706613e-01,-8.170682095116434118e-02
5.544182730908706613e-01,-8.170682095116434118e-02
5.544182730908706613e-01,-8.170682095116434118e-02
5.544182730908706613e-01,-8.170682095116434118e-02
5.501406726110372736e-01,-1.001362167303563866e-01
5.501406726110372736e-01,-1.001362167303563866e-01
5.501406726110372736e-01,-1.001362167303563866e-01
5.966788706526385822e-01,-2.323978370180019015e-01
5.966788706526385822e-01,-2.323978370180019015e-01
5.966788706526385822e-01,-2.323978370180019015e-01
5.966788706526385822e-01,-2.323978370180019015e-01
5.966788706526385822e-01,-2.323978370180019015e-01
4.579928251598266442e-01,-1.078091222625060519e-02
4.579928251598266442e-01,-1.078091222625060519e-02
6.030086480627007139e-01,-1.582395703397167230e-01
6.030086480627007139e-01,-1.582395703397167230e-01
6.030086480627007139e-01,-1.582395703397167230e-01
6.030086480627007139e-01,-1.582395703397167230e-01
6.971530632169773423e-01,-7.716000918069590431e-02
6.971530632169773423e-01,-7.716000918069590431e-02
6.971530632169773423e-01,-7.716000918069590431e-02
6.971530632169773423e-01,-7.716000918069590431e-02
8.357070661860112049e-01,7.291104323147296062e-02
8.357070661860112049e-01,7.291104323147296062e-02
8.357070661860112049e-01,7.291104323147296062e-02
7.192137679786031468e-01,1.117266276561730554e-01
7.192137679786031468e-01,1.117266276561730554e-01
7.358237580064291850e-01,1.361456540222591993e-01
7.358237580064291850e-01,1.361456540222591993e-01
6.606614398498883434e-01,-8.227254916202747514e-02
6.447621019606679660e-01,-1.445527202757067586e-01
5.058410943134334925e-01,1.619386112278038414e-01
6.506558284961470040e-01,6.911780755633283035e-02
8.671546567046799492e-01,1.018227416737573221e-01
8.234811690553817121e-01,1.861731802440852179e-01
5.092768846235447011e-01,1.234048842590873968e-01
5.092768846235447011e-01,1.234048842590873968e-01
5.092768846235447011e-01,1.234048842590873968e-01
5.092768846235447011e-01,1.234048842590873968e-01
5.092768846235447011e-01,1.234048842590873968e-01
5.092768846235447011e-01,1.234048842590873968e-01
5.142714255339586593e-01,-1.091775389791961731e-01
6.801513129754708231e-01,1.756321904720534177e-01
4.260330688041797931e-01,7.359270160346040313e-02
3.895873316506653916e-01,-4.997664041878643881e-02
3.895873316506653916e-01,-4.997664041878643881e-02
5.749568663852543393e-01,1.657090688414429580e-02
6.096231053005702893e-01,-9.728120756174325756e-02
6.096231053005702893e-01,-9.728120756174325756e-02
5.193753331076252922e-01,8.789697750649051733e-02
4.696302530487605487e-01,-1.477352678018378218e-01
4.285721382177680172e-01,-1.603257820465322780e-01
4.285721382177680172e-01,-1.603257820465322780e-01
4.944336185077111701e-01,-2.215114890166861306e-01
4.125751695288927268e-01,-1.528005164653062353e-01
4.125751695288927268e-01,-1.528005164653062353e-01
4.125751695288927268e-01,-1.528005164653062353e-01
4.026621396001623943e-01,-8.603119108299422946e-02
5.044280054903023114e-01,1.723872878679398590e-02
5.044280054903023114e-01,1.723872878679398590e-02
8.142835860866177722e-01,-1.909136177116253080e-02
8.142835860866177722e-01,-1.909136177116253080e-02
7.509649430432319139e-01,-1.649647355178252284e-01
6.323390800516389687e-01,-5.071474351616343801e-02
6.323390800516389687e-01,-5.071474351616343801e-02
6.323390800516389687e-01,-5.071474351616343801e-02
6.323390800516389687e-01,-5.071474351616343801e-02
6.323981778309488710e-01,-4.272802960958421714e-02
6.323981778309488710e-01,-4.272802960958421714e-02
6.323981778309488710e-01,-4.272802960958421714e-02
3.803077843908478362e-01,-5.450067771109452092e-02
3.803077843908478362e-01,-5.450067771109452092e-02
3.571108066578200790e-01,2.522911823728305608e-02
4.687510342953622455e-01,1.306253265132885644e-01
4.687510342953622455e-01,1.306253265132885644e-01
4.687510342953622455e-01,1.306253265132885644e-01
2.119828538141115826e-01,2.144286147517826535e-02
2.298840823511017484e-01,2.887027081328719796e-02
3.346326123105802797e-01,1.291249766240401553e-01
3.346326123105802797e-01,1.291249766240401553e-01
3.613640956115522496e-01,1.243030516286737774e-01
3.343773666018840518e-01,2.954317515957163853e-03
3.343773666018840518e-01,2.954317515957163853e-03
2.647773920887352972e-01,-3.350057009797156871e-02
2.647773920887352972e-01,-3.350057009797156871e-02
2.090040500883378893e-01,-1.048040619980878663e-01
2.090040500883378893e-01,-1.048040619980878663e-01
2.201019020578998120e-01,3.259407675584061748e-01
3.462886285591559865e-01,2.660395959113013298e-01
3.462886285591559865e-01,2.660395959113013298e-01
3.462886285591559865e-01,2.660395959113013298e-01
3.462886285591559865e-01,2.660395959113013298e-01
3.462886285591559865e-01,2.660395959113013298e-01
3.252230287612755122e-01,1.147821709584732619e-01
3.252230287612755122e-01,1.147821709584732619e-01
4.367684934465740909e-01,-2.325422496612303269e-02
6.751537079666138919e-01,2.336520045077905283e-01
3.652127702159715383e-01,-2.266517647706542404e-02
3.652127702159715383e-01,-2.266517647706542404e-02
6.408573958454124586e-01,6.402361247980652148e-02
8.330336689015054308e-01,6.251993983577842917e-02
8.330336689015054308e-01,6.251993983577842917e-02
7.716166427807212846e-01,7.844985106951458953e-02
6.976894382610518974e-01,2.116958250017966781e-01
6.976894382610518974e-01,2.116958250017966781e-01
3.844326610052856141e-01,1.621241389556590806e-01
4.463970669309603734e-01,8.754636256145349738e-02
4.463970669309603734e-01,8.754636256145349738e-02
4.463970669309603734e-01,8.754636256145349738e-02
4.463970669309603734e-01,8.754636256145349738e-02
4.075014222329178537e-01,1.073128850337677909e-01
6.292601698063940985e-01,1.760017029192043059e-02
7.833480338095363260e-01,3.343552728142389074e-02
7.833480338095363260e-01,3.343552728142389074e-02
8.679821817276496265e-01,-4.931067790724015520e-02
7.982173992290767517e-01,-9.200891721437423620e-02
7.982173992290767517e-01,-9.200891721437423620e-02
4.795189460079926635e-01,-1.336155029213085543e-01
4.795189460079926635e-01,-1.336155029213085543e-01
4.872661649403872697e-01,-2.802211981401571128e-01
4.872661649403872697e-01,-2.802211981401571128e-01
4.872661649403872697e-01,-2.802211981401571128e-01
4.675690139009757718e-01,-3.022703059038814866e-01
4.675690139009757718e-01,-3.022703059038814866e-01
4.070803279791708751e-01,-1.246464220766872744e-01
4.942707648884677729e-01,-1.130637654574838530e-01
4.914150941134518003e-01,-1.214511877988844191e-02
4.914150941134518003e-01,-1.214511877988844191e-02
4.914150941134518003e-01,-1.214511877988844191e-02
8.039740334182641224e-01,-6.854260988092580886e-02
5.929236769207693047e-01,-1.131777185286765575e-01
2.745643155623709863e-01,-6.311830011124296147e-02
2.750401497495624237e-01,-5.900829397836923618e-02
2.750401497495624237e-01,-5.900829397836923618e-02
2.750401497495624237e-01,-5.900829397836923618e-02
5.092189879179817025e-01,6.175390616662916610e-02
5.092189879179817025e-01,6.175390616662916610e-02
5.092189879179817025e-01,6.175390616662916610e-02
5.092189879179817025e-01,6.175390616662916610e-02
7.539812113188993914e-01,-3.552116760575370347e-02
7.539812113188993914e-01,-3.552116760575370347e-02
7.539812113188993914e-01,-3.552116760575370347e-02
7.539812113188993914e-01,-3.552116760575370347e-02
7.539812113188993914e-01,-3.552116760575370347e-02
7.653306432500004419e-01,-2.925926394473279957e-01
4.456415145357057184e-01,-8.218244143575345606e-02
7.807398021318943115e-01,1.772213205529327429e-01
7.796538889189171817e-01,7.188659371831311595e-02
7.796538889189171817e-01,7.188659371831311595e-02
7.796538889189171817e-01,7.188659371831311595e-02
7.796538889189171817e-01,7.188659371831311595e-02
5.113362837232271474e-01,2.585517385488303455e-01
3.748481336812279352e-01,1.451008886613963655e-01
7.572121832158831278e-01,6.519529087617725871e-02
7.572121832158831278e-01,6.519529087617725871e-02
7.572121832158831278e-01,6.519529087617725871e-02
7.572121832158831278e-01,6.519529087617725871e-02
6.050916504797079210e-01,-3.534642748627686570e-02
7.984270285615129303e-01,4.658864757070524387e-02
7.984270285615129303e-01,4.658864757070524387e-02
7.984270285615129303e-01,4.658864757070524387e-02
7.984270285615129303e-01,4.658864757070524387e-02
7.108115787380031581e-01,2.027769438759943477e-01
6.152047517400579535e-01,1.395025704182561443e-01
6.152047517400579535e-01,1.395025704182561443e-01
5.066046533351958869e-01,7.089065829663993012e-02
6.707923935541715288e-01,-2.325841571816232300e-01
6.707923935541715288e-01,-2.325841571816232300e-01
5.139165026447658491e-01,2.551570804017266880e-02
5.107452242068298842e-01,1.048927536905829155e-01
6.598515051580002844e-01,2.434850190801874925e-01
6.429818289515063512e-01,2.610162660596463957e-01
7.818672233129495552e-01,2.122208612164306896e-01
4.952897525922794197e-01,1.962365323092473135e-01
4.952897525922794197e-01,1.962365323092473135e-01
3.792952546441723527e-01,1.621465415629938789e-01
2.812947042954714871e-01,-1.041867218836709241e-01
2.812947042954714871e-01,-1.041867218836709241e-01
2.812947042954714871e-01,-1.041867218836709241e-01
2.812947042954714871e-01,-1.041867218836709241e-01
2.466341023645210462e-01,1.475545830198879416e-02
2.466341023645210462e-01,1.475545830198879416e-02
2.466341023645210462e-01,1.475545830198879416e-02
2.466341023645210462e-01,1.475545830198879416e-02
1.422468584697088589e-01,-1.484260047955501816e-01
2.723929748682591967e-01,-2.398476781039971528e-01
2.891552948699245285e-01,-6.871287710933690618e-02
5.171721657168124597e-01,-1.172110540579838212e-01
4.529040725100042519e-01,-6.958640301291446617e-02
4.529040725100042519e-01,-6.958640301291446617e-02
7.079950884281748236e-01,5.563855608077275527e-02
7.079950884281748236e-01,5.563855608077275527e-02
7.079950884281748236e-01,5.563855608077275527e-02
5.826513123974380592e-01,1.043802497477299140e-01
7.822390302185112665e-01,2.498721607143743195e-02
8.724796045361941088e-01,8.465240737730009291e-02
9.393674016164433871e-01,-1.723174729445101083e-02
9.393674016164433871e-01,-1.723174729445101083e-02
7.025198028638521830e-01,8.517941750813315394e-02
7.025198028638521830e-01,8.517941750813315394e-02
7.314051344829365364e-01,-3.965037901104856433e-02
7.673402720691757661e-01,-2.150927412338350317e-02
7.569125934013105628e-01,-4.521704528365692172e-02
7.569125934013105628e-01,-4.521704528365692172e-02
7.569125934013105628e-01,-4.521704528365692172e-02
7.569125934013105628e-01,-4.521704528365692172e-02
7.569125934013105628e-01,-4.521704528365692172e-02
7.080469905633387517e-01,3.090659300259846615e-02
5.144620872030415404e-01,-2.347854183749721879e-01
5.656683606742254344e-01,-2.120188605462102471e-01
6.879972991422785844e-01,-1.486171197547203615e-01
5.302524095978897734e-01,-1.767784270030595684e-01
5.302524095978897734e-01,-1.767784270030595684e-01
7.710061469871257733e-01,-5.247490815814145892e-02
7.710061469871257733e-01,-5.247490815814145892e-02
7.710061469871257733e-01,-5.247490815814145892e-02
7.710061469871257733e-01,-5.247490815814145892e-02
7.509551700086881665e-01,-1.128655069782235898e-01
7.509551700086881665e-01,-1.128655069782235898e-01
8.449608197527569420e-01,-7.458505126878091362e-02
8.449608197527569420e-01,-7.458505126878091362e-02
6.752307733364898423e-01,1.517323506564342006e-01
6.752307733364898423e-01,1.517323506564342006e-01
7.027813199109836928e-01,-2.210812920982223040e-01
7.027813199109836928e-01,-2.210812920982223040e-01
7.027813199109836928e-01,-2.210812920982223040e-01
7.027813199109836928e-01,-2.210812920982223040e-01
7.027813199109836928e-01,-2.210812920982223040e-01
6.330292583737979761e-01,-1.640458532740505793e-01
7.244579506671859903e-01,-1.317656569697759350e-01
7.244579506671859903e-01,-1.317656569697759350e-01
8.162965115485526502e-01,1.612444664170546993e-01
5.502769373370532957e-01,1.908023833578910144e-01
6.003470212808548201e-01,2.125818399312131290e-01
5.323093757978567542e-01,2.597652271191769335e-01
4.207289380367331688e-01,2.195040814357602788e-01
4.207289380367331688e-01,2.195040814357602788e-01
4.207289380367331688e-01,2.195040814357602788e-01
4.207289380367331688e-01,2.195040814357602788e-01
4.736616287140033021e-01,1.657958068775833294e-02
4.736616287140033021e-01,1.657958068775833294e-02
5.832991896595686176e-01,-1.127693226480476485e-01
6.763763335911736618e-01,1.921672605537957101e-01
6.763763335911736618e-01,1.921672605537957101e-01
6.763763335911736618e-01,1.921672605537957101e-01
7.299349093909700548e-01,2.316986516315926448e-01
7.299349093909700548e-01,2.316986516315926448e-01
7.299349093909700548e-01,2.316986516315926448e-01
7.965396035137805031e-01,1.195093367536347179e-01
9.373392523940202725e-01,8.354570362125215977e-02
8.217299021295039196e-01,-2.127447357434302522e-01
9.835223367107892578e-01,3.629284666674104098e-02
9.835223367107892578e-01,3.629284666674104098e-02
8.949082655259689156e-01,-1.993083345458650235e-02
5.552081883353974234e-01,-8.867824767915614970e-02
5.202743389821462561e-01,4.872402967351603664e-02
5.202743389821462561e-01,4.872402967351603664e-02
5.202743389821462561e-01,4.872402967351603664e-02
5.202743389821462561e-01,4.872402967351603664e-02
5.768320122054264587e-01,-8.121520781489947882e-02
5.768320122054264587e-01,-8.121520781489947882e-02
4.384868270147930236e-01,-6.278748508117706906e-02
5.271749221221189163e-01,-1.074268523807585529e-01
5.271749221221189163e-01,-1.074268523807585529e-01
5.271749221221189163e-01,-1.074268523807585529e-01
5.271749221221189163e-01,-1.074268523807585529e-01
4.353130296816355438e-01,-2.435561109886610898e-02
4.353130296816355438e-01,-2.435561109886610898e-02
4.353130296816355438e-01,-2.435561109886610898e-02
6.596794023686444186e-01,-2.873906953804883369e-01
6.596794023686444186e-01,-2.873906953804883369e-01
4.967996047144002669e-01,-2.285538444956128068e-01
4.967996047144002669e-01,-2.285538444956128068e-01
4.967996047144002669e-01,-2.285538444956128068e-01
5.047707607521134676e-01,-1.257013449697400587e-01
5.272521750110042982e-01,3.939675697534944510e-02
8.338824202132538721e-01,1.461166693254855042e-01
8.338824202132538721e-01,1.461166693254855042e-01
8.338824202132538721e-01,1.461166693254855042e-01
8.338824202132538721e-01,1.461166693254855042e-01
8.338824202132538721e-01,1.461166693254855042e-01
7.332508851090746571e-01,-1.443099288631156107e-01
7.332508851090746571e-01,-1.443099288631156107e-01
7.332508851090746571e-01,-1.443099288631156107e-01
7.332508851090746571e-01,-1.443099288631156107e-01
7.332508851090746571e-01,-1.443099288631156107e-01
1.018614455888962933e+00,5.539752261894342888e-02
1.018614455888962933e+00,5.539752261894342888e-02
1.018614455888962933e+00,5.539752261894342888e-02
1.018614455888962933e+00,5.539752261894342888e-02
1.018614455888962933e+00,5.539752261894342888e-02
8.337494456425541545e-01,1.265790977532581518e-01
8.337494456425541545e-01,1.265790977532581518e-01
8.165624374291439169e-01,3.968113250690405436e-02
8.165624374291439169e-01,3.968113250690405436e-02
8.165624374291439169e-01,3.968113250690405436e-02
8.165624374291439169e-01,3.968113250690405436e-02
8.165624374291439169e-01,3.968113250690405436e-02
7.664057767985259506e-01,1.475839344946202336e-01
9.043470699553789460e-01,2.611076407605804339e-02
6.167743071637166175e-01,5.502761283721171320e-02
6.167743071637166175e-01,5.502761283721171320e-02
6.167743071637166175e-01,5.502761283721171320e-02
7.197379728197397242e-01,3.218015765794604577e-02
4.097144821312264651e-01,3.525264205845054372e-02
6.124027704150353246e-01,1.588002490211258555e-01
6.124027704150353246e-01,1.588002490211258555e-01
5.490820495720014627e-01,-3.464940586289683155e-03
5.490820495720014627e-01,-3.464940586289683155e-03
5.490820495720014627e-01,-3.464940586289683155e-03
5.490820495720014627e-01,-3.464940586289683155e-03
6.431032792363893247e-01,2.355440268719033101e-02
6.431032792363893247e-01,2.355440268719033101e-02
4.664935629977585152e-01,7.163241296635762534e-02
5.559463348858991738e-01,1.621963495494436469e-01
5.416338555342725680e-01,9.191758997224835914e-02
5.416338555342725680e-01,9.191758997224835914e-02
5.637630920561538250e-01,1.280076070179777814e-01
5.873274459594942654e-01,1.269228771435325365e-02
5.873274459594942654e-01,1.269228771435325365e-02
5.873274459594942654e-01,1.269228771435325365e-02
5.654496624571788699e-01,1.832546047540027367e-01
3.468693389079197664e-01,7.120795683823601119e-02
3.468693389079197664e-01,7.120795683823601119e-02
3.270612160298543847e-01,-1.017275477766305808e-01
3.061309889448290966e-01,-3.362214590641718348e-02
4.035235764578778417e-01,-1.038456749178095218e-01
4.941691102692745696e-01,-2.190109023955914558e-01
4.941691102692745696e-01,-2.190109023955914558e-01
4.941691102692745696e-01,-2.190109023955914558e-01
6.391372679606536211e-01,-2.217165618217002976e-01
6.391372679606536211e-01,-2.217165618217002976e-01
7.731763821012248572e-01,-2.273818179369580250e-01
7.731763821012248572e-01,-2.273818179369580250e-01
7.121007666550049908e-01,-2.279013532345350312e-01
6.057999143911989570e-01,6.486407038880831477e-02
7.753057471531888956e-01,-6.187520384667483109e-02
7.753057471531888956e-01,-6.187520384667483109e-02
7.753057471531888956e-01,-6.187520384667483109e-02
7.753057471531888956e-01,-6.187520384667483109e-02
7.753057471531888956e-01,-6.187520384667483109e-02
6.531765654243837371e-01,-1.707396615032454323e-01
7.143479121962715839e-01,-1.186669830522908003e-01
7.416947001969680375e-01,-1.536227852881495992e-01
7.416947001969680375e-01,-1.536227852881495992e-01
7.416947001969680375e-01,-1.536227852881495992e-01
7.794982805923723612e-01,8.032681489216875192e-03
7.757583097602889222e-01,-1.015972338207260656e-01
7.757583097602889222e-01,-1.015972338207260656e-01
8.385090025718523465e-01,-3.169842121375276989e-03
6.437923979409231334e-01,7.348199136585853442e-02
5.432338200274862139e-01,-1.415367686976367056e-01
5.696106279182161503e-01,-9.779592336186099244e-02
4.607010457747891530e-01,-6.680929579686538389e-02
5.799544003669615533e-01,-7.219839013400228267e-02
5.799544003669615533e-01,-7.219839013400228267e-02
5.799544003669615533e-01,-7.219839013400228267e-02
5.699210460757129226e-01,2.632404047806052860e-02
5.699210460757129226e-01,2.632404047806052860e-02
6.471440234204529629e-01,-3.437001219320994644e-02
6.471440234204529629e-01,-3.437001219320994644e-02
6.471440234204529629e-01,-3.437001219320994644e-02
8.286019945999270053e-01,-1.682294103913089534e-01
7.516615429010501392e-01,1.887975157313059316e-01
8.627502579744638078e-01,9.789802242567832713e-02
8.627502579744638078e-01,9.789802242567832713e-02
8.627502579744638078e-01,9.789802242567832713e-02
8.627502579744638078e-01,9.789802242567832713e-02
8.627502579744638078e-01,9.789802242567832713e-02
8.627502579744638078e-01,9.789802242567832713e-02
8.627502579744638078e-01,9.789802242567832713e-02
8.627502579744638078e-01,9.789802242567832713e-02
8.627502579744638078e-01,9.789802242567832713e-02
8.627502579744638078e-01,9.789802242567832713e-02
8.627502579744638078e-01,9.789802242567832713e-02
8.627502579744638078e-01,9.789802242567832713e-02
8.627502579744638078e-01,9.789802242567832713e-02
8.627502579744638078e-01,9.789802242567832713e-02
7.378891688181115072e-01,-1.175586124824720968e-01
6.049873424098826113e-01,-1.438027520354337452e-01
6.049873424098826113e-01,-1.438027520354337452e-01
4.148926483020247691e-01,8.384998022810064011e-03
5.618725917488365251e-01,-1.990503119834402257e-01
5.670054526710874843e-01,-8.194920236515469691e-02
5.797662941361413358e-01,-1.525612019537746500e-01
6.535611376625284352e-01,-1.421096008768947538e-01
6.535611376625284352e-01,-1.421096008768947538e-01
4.817830443370986204e-01,-1.259460583887830609e-01
6.013849893330118768e-01,-7.696284610016203287e-02
6.015415542237609881e-01,-5.838811822236267268e-02
6.015415542237609881e-01,-5.838811822236267268e-02
5.919007548489637616e-01,-6.901812597740550337e-02
5.919007548489637616e-01,-6.901812597740550337e-02
5.919007548489637616e-01,-6.901812597740550337e-02
5.919007548489637616e-01,-6.901812597740550337e-02
5.375183431036758552e-01,-1.147335663569904185e-01
5.375183431036758552e-01,-1.147335663569904185e-01
5.375183431036758552e-01,-1.147335663569904185e-01
5.550444153701094008e-01,1.473837097269198315e-02
7.652515642204220647e-01,-1.166818602006984285e-01
7.323512658311982504e-01,-1.866089813411880849e-02
7.323512658311982504e-01,-1.866089813411880849e-02
7.323512658311982504e-01,-1.866089813411880849e-02
4.708525775236099276e-01,-1.664709780457565569e-01
4.708525775236099276e-01,-1.664709780457565569e-01
4.708525775236099276e-01,-1.664709780457565569e-01
3.709554253644539723e-01,-1.302681326862590860e-01
3.709554253644539723e-01,-1.302681326862590860e-01
3.213353858555046405e-01,5.345565550175546132e-02
2.870455308594106469e-01,-3.439576653108279702e-02
2.846051030298279438e-01,-1.341202418120859552e-01
1.097419664771941139e-01,-9.678450358219617411e-02
1.097419664771941139e-01,-9.678450358219617411e-02
1.097419664771941139e-01,-9.678450358219617411e-02
1.097419664771941139e-01,-9.678450358219617411e-02
6.552944218586956304e-02,1.068332495352293521e-01
1.906474122828693274e-01,1.385574870777491197e-01
1.568215588199227961e-01,2.962377662673350287e-02
1.568215588199227961e-01,2.962377662673350287e-02
1.784567396859455535e-01,9.559076387699221022e-02
1.784567396859455535e-01,9.559076387699221022e-02
2.171751383260756563e-01,1.790418523270478901e-02
2.171751383260756563e-01,1.790418523270478901e-02
3.624109565353550444e-01,2.553906514759077817e-01
4.870099015298446354e-01,2.440747689089234895e-01
2.841853134609426679e-01,1.972082127332518697e-01
2.841853134609426679e-01,1.972082127332518697e-01
2.841853134609426679e-01,1.972082127332518697e-01
4.101748724681982816e-01,8.070774920539819375e-02
4.070418992688801807e-01,2.267593674744388388e-01
3.957154563626187893e-01,1.307195786993954056e-01
5.207014856368230582e-01,8.986430340006316964e-02
5.207014856368230582e-01,8.986430340006316964e-02
5.207014856368230582e-01,8.986430340006316964e-02
5.207014856368230582e-01,8.986430340006316964e-02
5.207014856368230582e-01,8.986430340006316964e-02
5.207014856368230582e-01,8.986430340006316964e-02
5.207014856368230582e-01,8.986430340006316964e-02
5.988323041824474835e-01,1.270123862982411866e-01
5.988323041824474835e-01,1.270123862982411866e-01
7.346913513171323684e-01,-1.063392149055242819e-01
7.346913513171323684e-01,-1.063392149055242819e-01
9.015248437121705649e-01,-3.295044901505101431e-01
8.134039994380792837e-01,-3.283869852427497849e-01
8.134039994380792837e-01,-3.283869852427497849e-01
8.134039994380792837e-01,-3.283869852427497849e-01
8.266858557834960708e-01,-8.775162626945479105e-02
7.081208541384951261e-01,1.413765209432006620e-02
7.081208541384951261e-01,1.413765209432006620e-02
7.081208541384951261e-01,1.413765209432006620e-02
7.081208541384951261e-01,1.413765209432006620e-02
7.599394996817764314e-01,1.047748116505241578e-01
7.837967477057912191e-01,1.930861354514155359e-01
7.837967477057912191e-01,1.930861354514155359e-01
7.837967477057912191e-01,1.930861354514155359e-01
7.837967477057912191e-01,1.930861354514155359e-01
7.837967477057912191e-01,1.930861354514155359e-01
7.837967477057912191e-01,1.930861354514155359e-01
5.596935120007782150e-01,-1.547025211103109366e-01
5.596935120007782150e-01,-1.547025211103109366e-01
5.596935120007782150e-01,-1.547025211103109366e-01
5.596935120007782150e-01,-1.547025211103109366e-01
5.596935120007782150e-01,-1.547025211103109366e-01
5.596935120007782150e-01,-1.547025211103109366e-01
7.896476928742437451e-01,-2.291231441626995768e-01
7.896476928742437451e-01,-2.291231441626995768e-01
7.896476928742437451e-01,-2.291231441626995768e-01
7.896476928742437451e-01,-2.291231441626995768e-01
8.483940857366788491e-01,-1.987227446222410154e-01
9.790583979427623929e-01,-9.830140210583174221e-02
9.790583979427623929e-01,-9.830140210583174221e-02
9.312972302906553645e-01,1.019632851896856707e-01
6.171927471779088403e-01,6.362186952607506996e-02
6.171927471779088403e-01,6.362186952607506996e-02
5.982783518597148964e-01,-3.806945762303996783e-02
5.982783518597148964e-01,-3.806945762303996783e-02
5.982783518597148964e-01,-3.806945762303996783e-02
5.651793341162143491e-01,1.121413232886295380e-01
7.386263247051819691e-01,1.588501762880330237e-02
4.474487345981754682e-01,3.866564737015276004e-02
4.474487345981754682e-01,3.866564737015276004e-02
3.798667774464280500e-01,1.155367714934811274e-01
3.798667774464280500e-01,1.155367714934811274e-01
4.579846629020884463e-01,5.507035302631128199e-02
3.480414253991479523e-01,1.516506051906647001e-01
3.480414253991479523e-01,1.516506051906647001e-01
3.480414253991479523e-01,1.516506051906647001e-01
3.234769602767261776e-01,1.269958507621198607e-01
4.069381000691587036e-01,2.555344339531637754e-01
4.069381000691587036e-01,2.555344339531637754e-01
5.763051592388718225e-01,2.798542658165583119e-01
6.174727559397831245e-01,3.007281694950339479e-02
6.174727559397831245e-01,3.007281694950339479e-02
6.174727559397831245e-01,3.007281694950339479e-02
6.174727559397831245e-01,3.007281694950339479e-02
6.174727559397831245e-01,3.007281694950339479e-02
7.076904948861588718e-01,1.271091886927600834e-01
7.076904948861588718e-01,1.271091886927600834e-01
4.816415291220324524e-01,1.709357119012862858e-01
4.816415291220324524e-01,1.709357119012862858e-01
4.816415291220324524e-01,1.709357119012862858e-01
4.816415291220324524e-01,1.709357119012862858e-01
4.843801617663265335e-01,1.273321186666343807e-01
4.843801617663265335e-01,1.273321186666343807e-01
5.695023967251903185e-01,2.172551460615566865e-02
4.273273893500921794e-01,-1.031661245736515548e-02
4.273273893500921794e-01,-1.031661245736515548e-02
4.273273893500921794e-01,-1.031661245736515548e-02
4.273273893500921794e-01,-1.031661245736515548e-02
3.469311905078423797e-01,1.033170916223045965e-02
5.019527648907635697e-01,-9.407354490960941062e-02
5.019527648907635697e-01,-9.407354490960941062e-02
4.866619063098721609e-01,-7.348934298542586507e-02
5.803091792591195119e-01,-6.051269805225840265e-02
7.652969302275041130e-01,1.678448117212193724e-01
7.652969302275041130e-01,1.678448117212193724e-01
7.652969302275041130e-01,1.678448117212193724e-01
7.652969302275041130e-01,1.678448117212193724e-01
5.945743185378119522e-01,7.202317801154009547e-02
5.945743185378119522e-01,7.202317801154009547e-02
5.945743185378119522e-01,7.202317801154009547e-02
5.945743185378119522e-01,7.202317801154009547e-02
5.805625165399949106e-01,2.018418995734437005e-01
7.000379108180124765e-01,-1.020287672678134860e-01
6.339072886153936937e-01,-2.195653152539270292e-01
5.851750248250747743e-01,-1.781420524287635754e-02
6.841439951157480825e-01,2.062662666366070208e-01
6.841439951157480825e-01,2.062662666366070208e-01
4.885235890966033168e-01,-3.008375518753364508e-02
4.885235890966033168e-01,-3.008375518753364508e-02
4.885235890966033168e-01,-3.008375518753364508e-02
4.885235890966033168e-01,-3.008375518753364508e-02
3.267835862975179140e-01,-2.627612078848015065e-01
3.267835862975179140e-01,-2.627612078848015065e-01
3.267835862975179140e-01,-2.627612078848015065e-01
6.366028114007461491e-01,-2.658533916523514451e-01
6.366028114007461491e-01,-2.658533916523514451e-01
6.366028114007461491e-01,-2.658533916523514451e-01
6.366028114007461491e-01,-2.658533916523514451e-01
5.165640789712672154e-01,-3.184806273923188047e-01
3.112822667229403484e-01,-3.521010741795882470e-02
4.336944601860237558e-01,-7.822459815033194763e-02
6.535787085684678921e-01,-4.947627412063407282e-02
6.535787085684678921e-01,-4.947627412063407282e-02
5.540268031542829874e-01,2.410555639254269300e-03
7.043997401708473882e-01,1.463227798546427039e-01
4.742741623039014032e-01,-1.675759955949466806e-01
4.742741623039014032e-01,-1.675759955949466806e-01
4.742741623039014032e-01,-1.675759955949466806e-01
4.742741623039014032e-01,-1.675759955949466806e-01
5.639862670047379734e-01,-1.965397464448420395e-01
5.739013492567337504e-01,-2.654615514945721233e-02
5.739013492567337504e-01,-2.654615514945721233e-02
5.739013492567337504e-01,-2.654615514945721233e-02
5.739013492567337504e-01,-2.654615514945721233e-02
5.739013492567337504e-01,-2.654615514945721233e-02
5.739013492567337504e-01,-2.654615514945721233e-02
5.739013492567337504e-01,-2.654615514945721233e-02
5.739013492567337504e-01,-2.654615514945721233e-02
6.043102955604381377e-01,-4.294022033165510732e-02
6.043102955604381377e-01,-4.294022033165510732e-02
6.725503309350632231e-01,6.734437548653614269e-02
4.659677799746094196e-01,4.327984486935433639e-02
4.116111520559179726e-01,1.018505131367247463e-01
3.287030618346734046e-01,-8.056768443907505461e-02
2.996088568074770087e-01,2.160961368176601838e-02
2.884243436205508049e-01,-6.798858068771741758e-02
2.268848530859192691e-01,6.725647659979239190e-03
3.145802894490607460e-01,-5.010503172307210346e-02
4.356953289006634256e-01,-2.144378852162767135e-01
4.356953289006634256e-01,-2.144378852162767135e-01
3.600265211838681312e-01,-1.506988889264938014e-01
3.600265211838681312e-01,-1.506988889264938014e-01
3.126936503756379548e-01,5.049107762934246235e-02
3.126936503756379548e-01,5.049107762934246235e-02
5.655258110571607100e-01,4.544234317685977992e-02
5.655258110571607100e-01,4.544234317685977992e-02
5.655258110571607100e-01,4.544234317685977992e-02
6.920695391476484604e-01,7.894703661100363479e-02
6.920695391476484604e-01,7.894703661100363479e-02
6.920695391476484604e-01,7.894703661100363479e-02
6.920695391476484604e-01,7.894703661100363479e-02
6.770233284378519567e-01,7.331326165343607371e-02
7.350129073769534616e-01,1.633028459068788796e-01
7.350129073769534616e-01,1.633028459068788796e-01
7.350129073769534616e-01,1.633028459068788796e-01
6.421898953284582712e-01,1.945168390373188394e-01
6.421898953284582712e-01,1.945168390373188394e-01
6.554426208580685920e-01,2.231438928859506010e-01
5.955131204834466230e-01,1.681764258139480939e-01
5.955131204834466230e-01,1.681764258139480939e-01
5.353742843702345988e-01,-9.725847592846020850e-02
5.148048984659338023e-01,2.168917050099202770e-01
5.148048984659338023e-01,2.168917050099202770e-01
5.830701793123671539e-01,-7.059697622421945429e-02
5.830701793123671539e-01,-7.059697622421945429e-02
5.830701793123671539e-01,-7.059697622421945429e-02
6.785767647250091628e-01,2.471926518469701184e-02
6.785767647250091628e-01,2.471926518469701184e-02
6.785767647250091628e-01,2.471926518469701184e-02
5.720234304545624981e-01,4.333279929488332433e-02
5.720234304545624981e-01,4.333279929488332433e-02
5.720234304545624981e-01,4.333279929488332433e-02
5.720234304545624981e-01,4.333279929488332433e-02
6.297125768391941270e-01,2.640699822498256966e-01
6.297125768391941270e-01,2.640699822498256966e-01
7.695893981216228585e-01,3.049680017542917287e-01
6.926008011078622628e-01,3.674455772278344967e-01
6.926008011078622628e-01,3.674455772278344967e-01
6.497983844079588955e-01,4.963421493437164544e-02
6.497983844079588955e-01,4.963421493437164544e-02
6.497983844079588955e-01,4.963421493437164544e-02
6.497983844079588955e-01,4.963421493437164544e-02
4.428598167786342854e-01,2.067493952037869065e-01
4.733562900438835208e-01,2.007945890064441741e-01
5.189782641249648387e-01,2.025696281555340039e-01
5.189782641249648387e-01,2.025696281555340039e-01
5.175579551363962416e-01,6.196774394377588258e-02
5.175579551363962416e-01,6.196774394377588258e-02
5.409483602304047123e-01,6.871873593155998494e-02
5.458361007591452374e-01,5.984326443802272244e-02
7.278191202867159149e-01,-7.735230334779226447e-02
7.278191202867159149e-01,-7.735230334779226447e-02
5.743359845939206565e-01,-2.871349674609382369e-02
5.743359845939206565e-01,-2.871349674609382369e-02
5.743359845939206565e-01,-2.871349674609382369e-02
6.082344948238306293e-01,6.120749139040475295e-03
7.514732332753593091e-01,-9.474150257102853523e-02
7.514732332753593091e-01,-9.474150257102853523e-02
7.127977984139775014e-01,-3.695595165204044324e-02
7.127977984139775014e-01,-3.695595165204044324e-02
8.676193891789477641e-01,5.774304303668222754e-02
6.447944488572736610e-01,1.386754684154798412e-01
6.447944488572736610e-01,1.386754684154798412e-01
8.683892292618260456e-01,-1.081603272405889937e-03
8.683892292618260456e-01,-1.081603272405889937e-03
5.777533679962261193e-01,7.317823143422712284e-03
5.777533679962261193e-01,7.317823143422712284e-03
5.777533679962261193e-01,7.317823143422712284e-03
5.693587653766417622e-01,-1.954661156578071657e-01
6.046585084174338487e-01,-2.275812186547600535e-01
3.465838434520134848e-01,-1.226721732802704690e-01
3.465838434520134848e-01,-1.226721732802704690e-01
3.465838434520134848e-01,-1.226721732802704690e-01
3.465838434520134848e-01,-1.226721732802704690e-01
3.638773423725313871e-01,1.264692486618726741e-01
2.952340385833702174e-01,1.885777695009137056e-01
2.958160555966417582e-01,2.350425193799060564e-02
2.958160555966417582e-01,2.350425193799060564e-02
2.958160555966417582e-01,2.350425193799060564e-02
2.958160555966417582e-01,2.350425193799060564e-02
5.878380482499500070e-01,2.048309086948587043e-01
5.878380482499500070e-01,2.048309086948587043e-01
5.878380482499500070e-01,2.048309086948587043e-01
5.878380482499500070e-01,2.048309086948587043e-01
5.616924213703617941e-01,6.201561952542419820e-02
5.616924213703617941e-01,6.201561952542419820e-02
7.081846451314562918e-01,-4.958778862294938028e-02
7.081846451314562918e-01,-4.958778862294938028e-02
6.037847502823352475e-01,-2.536436334155824091e-03
4.774552232458899037e-01,-2.353936246401266974e-02
6.635256570710446056e-01,-1.728071475237783206e-01
6.635256570710446056e-01,-1.728071475237783206e-01
6.635256570710446056e-01,-1.728071475237783206e-01
7.167006159246804842e-01,-1.739115228413501413e-01
6.466010412134216567e-01,1.499952825245440269e-02
6.466010412134216567e-01,1.499952825245440269e-02
9.681854954495909826e-01,-1.423871734330455774e-01
7.186780278340140216e-01,-4.053137015473122218e-01
3.681338513970834891e-01,-3.171831268259087677e-01
3.681338513970834891e-01,-3.171831268259087677e-01
4.765142190362601782e-01,-2.920435305608770626e-01
6.589907826360129617e-01,-1.484750431297134354e-01
7.476560716565041620e-01,-2.099383757303441289e-02
6.181596506221640475e-01,-1.706767441258260909e-01
6.181596506221640475e-01,-1.706767441258260909e-01
5.755723242713716159e-01,-3.029049276472305929e-01
5.071164736976705445e-01,-3.453452126252614107e-01
5.071164736976705445e-01,-3.453452126252614107e-01
6.589925016287812021e-01,-2.487859343762546804e-01
6.639027353234627782e-01,-2.277571348632622394e-01
6.639027353234627782e-01,-2.277571348632622394e-01
8.745486849163074394e-01,-5.554717906089517987e-02
5.583618434683779164e-01,-3.398202837506175689e-02
5.150459680775869575e-01,-3.435706360078211175e-02
5.150459680775869575e-01,-3.435706360078211175e-02
5.150459680775869575e-01,-3.435706360078211175e-02
6.389536862051012900e-01,4.628234544028546338e-02
7.247829282367357351e-01,1.850702297902820023e-02
7.247829282367357351e-01,1.850702297902820023e-02
5.700058080527286020e-01,2.583672144952642857e-01
4.163625882556276636e-01,2.102700774977966369e-01
4.163625882556276636e-01,2.102700774977966369e-01
3.552167116369557842e-01,-1.816962390119722381e-02
5.415487390559998726e-01,-2.923096152609892806e-02
5.932132065294237755e-01,-2.403509605218810408e-01
6.346495115180078583e-01,-2.343044837219530607e-01
6.130060342134240337e-01,-1.653133136608953002e-01
6.130060342134240337e-01,-1.653133136608953002e-01
6.130060342134240337e-01,-1.653133136608953002e-01
6.130060342134240337e-01,-1.653133136608953002e-01
6.130060342134240337e-01,-1.653133136608953002e-01
4.259830312236740912e-01,-1.553994648764089603e-01
4.203731153190450875e-01,-1.066113567943209883e-01
4.187264422551213450e-01,-6.742767927325743482e-02
5.712298875973035317e-01,9.597662099379775102e-02
7.799731980201938253e-01,1.398547057979752650e-01
7.799731980201938253e-01,1.398547057979752650e-01
7.799731980201938253e-01,1.398547057979752650e-01
7.799731980201938253e-01,1.398547057979752650e-01
5.445047554175581617e-01,-5.238225839090690505e-02
5.445047554175581617e-01,-5.238225839090690505e-02
5.445047554175581617e-01,-5.238225839090690505e-02
5.445047554175581617e-01,-5.238225839090690505e-02
5.786139486101375962e-01,-7.550129493400228875e-02
5.786139486101375962e-01,-7.550129493400228875e-02
5.786139486101375962e-01,-7.550129493400228875e-02
5.786139486101375962e-01,-7.550129493400228875e-02
5.786139486101375962e-01,-7.550129493400228875e-02
5.786139486101375962e-01,-7.550129493400228875e-02
5.897586935172839384e-01,5.591914154076713106e-02
5.897586935172839384e-01,5.591914154076713106e-02
5.897586935172839384e-01,5.591914154076713106e-02
4.458760262876814706e-01,-1.908121817293405298e-03
6.027393376063826524e-01,-1.229043822667081308e-02
6.408416121132347598e-01,1.206622271840859240e-01
6.408416121132347598e-01,1.206622271840859240e-01
6.408416121132347598e-01,1.206622271840859240e-01
6.050750093795543849e-01,1.134687033176802334e-01
6.050750093795543849e-01,1.134687033176802334e-01
6.050750093795543849e-01,1.134687033176802334e-01
6.050750093795543849e-01,1.134687033176802334e-01
6.165122992999656493e-01,4.221436582322839193e-02
4.494408128168939642e-01,4.110328043335861187e-02
6.735799413137345537e-01,-9.988150175560234212e-02
6.735799413137345537e-01,-9.988150175560234212e-02
5.559477311371845420e-01,-6.546200412296004911e-02
5.559477311371845420e-01,-6.546200412296004911e-02
5.559477311371845420e-01,-6.546200412296004911e-02
5.200101601615916280e-01,1.291991727305766280e-01
4.559017871395715793e-01,1.747727444488273163e-01
5.339713798732599326e-01,9.772272386964467317e-02
5.339713798732599326e-01,9.772272386964467317e-02
5.284939587261092697e-01,-6.024904995114022110e-02
5.284939587261092697e-01,-6.024904995114022110e-02
5.188103498455627349e-01,7.276980703578586618e-03
5.188103498455627349e-01,7.276980703578586618e-03
6.723237261212131610e-01,-5.686660940266687059e-02
6.967950036496588506e-01,-2.864668713600721298e-02
6.967950036496588506e-01,-2.864668713600721298e-02
6.967950036496588506e-01,-2.864668713600721298e-02
6.967950036496588506e-01,-2.864668713600721298e-02
6.967950036496588506e-01,-2.864668713600721298e-02
6.967950036496588506e-01,-2.864668713600721298e-02
6.967950036496588506e-01,-2.864668713600721298e-02
7.558847135202886314e-01,1.038165699488058646e-01
7.558847135202886314e-01,1.038165699488058646e-01
7.558847135202886314e-01,1.038165699488058646e-01
6.064664684193548094e-01,1.248932730616596209e-02
6.064664684193548094e-01,1.248932730616596209e-02
6.064664684193548094e-01,1.248932730616596209e-02
5.817235472284923992e-01,9.344065061017374496e-02
5.802957417104345206e-01,2.846466073402035835e-01
6.194917647380823178e-01,5.576381857531831354e-02
6.194917647380823178e-01,5.576381857531831354e-02
6.194917647380823178e-01,5.576381857531831354e-02
6.194917647380823178e-01,5.576381857531831354e-02
6.194917647380823178e-01,5.576381857531831354e-02
6.340122053097269061e-01,-1.871497556195445000e-02
6.340122053097269061e-01,-1.871497556195445000e-02
6.340122053097269061e-01,-1.871497556195445000e-02
6.340122053097269061e-01,-1.871497556195445000e-02
6.340122053097269061e-01,-1.871497556195445000e-02
6.700927837566605927e-01,1.526406729482824298e-01
6.700927837566605927e-01,1.526406729482824298e-01
7.372382898527617412e-01,1.374342075608994129e-01
7.960870429183305452e-01,8.029173717341631100e-03
7.960870429183305452e-01,8.029173717341631100e-03
7.217795682703599391e-01,-3.820714406113950162e-02
7.217795682703599391e-01,-3.820714406113950162e-02
7.217795682703599391e-01,-3.820714406113950162e-02
7.256991808794888144e-01,3.123125994188166721e-03
7.256991808794888144e-01,3.123125994188166721e-03
7.256991808794888144e-01,3.123125994188166721e-03
7.256991808794888144e-01,3.123125994188166721e-03
7.256991808794888144e-01,3.123125994188166721e-03
7.256991808794888144e-01,3.123125994188166721e-03
7.340069608193153794e-01,1.361901835780156556e-01
7.340069608193153794e-01,1.361901835780156556e-01
8.271681662206041841e-01,-2.591681924254735092e-02
8.276236803896920291e-01,1.605662068414222959e-02
8.276236803896920291e-01,1.605662068414222959e-02
8.276236803896920291e-01,1.605662068414222959e-02
8.276236803896920291e-01,1.605662068414222959e-02
8.276236803896920291e-01,1.605662068414222959e-02
8.158548484919309063e-01,-1.953439370365533945e-01
5.350839424009221634e-01,-2.461874258298426266e-01
4.928506612478589788e-01,-2.215589589822913597e-01
4.928506612478589788e-01,-2.215589589822913597e-01
7.890546190506837476e-01,-1.607815951369943042e-01
7.890546190506837476e-01,-1.607815951369943042e-01
7.773127370873732511e-01,1.158983801739049135e-01
7.773127370873732511e-01,1.158983801739049135e-01
7.773127370873732511e-01,1.158983801739049135e-01
7.773127370873732511e-01,1.158983801739049135e-01
7.773127370873732511e-01,1.158983801739049135e-01
7.773127370873732511e-01,1.158983801739049135e-01
8.362971581238001217e-01,3.525682307306260421e-02
8.362971581238001217e-01,3.525682307306260421e-02
6.062479491499971340e-01,-9.472565786801237508e-03
6.062479491499971340e-01,-9.472565786801237508e-03
4.278951180412861599e-01,5.637865593884693050e-02
4.278951180412861599e-01,5.637865593884693050e-02
5.009623662460210847e-01,8.771800801124508828e-02
5.009623662460210847e-01,8.771800801124508828e-02
5.128444412962381849e-01,2.092535921311306502e-01
5.105329296901885971e-01,2.096052255082454241e-01
5.105329296901885971e-01,2.096052255082454241e-01
5.537083865526069015e-01,6.282437427427534082e-02
5.537083865526069015e-01,6.282437427427534082e-02
6.148868414327715026e-01,1.621831875803367295e-01
5.692769329738530670e-01,9.289728618609308097e-02
5.692769329738530670e-01,9.289728618609308097e-02
5.692769329738530670e-01,9.289728618609308097e-02
5.464068494622271732e-01,-5.603174199752394835e-02
5.464068494622271732e-01,-5.603174199752394835e-02
5.464068494622271732e-01,-5.603174199752394835e-02
4.859158744373884287e-01,-2.836046097118795697e-02
4.549514141697629244e-01,2.031067353999219810e-03
5.980261392306578383e-01,-6.338634417110132480e-02
5.090589643190227553e-01,-3.969016813646471242e-02
5.090589643190227553e-01,-3.969016813646471242e-02
5.090589643190227553e-01,-3.969016813646471242e-02
5.090589643190227553e-01,-3.969016813646471242e-02
5.090589643190227553e-01,-3.969016813646471242e-02
5.090589643190227553e-01,-3.969016813646471242e-02
6.296813723135032959e-01,1.033245028695441853e-01
7.382600098750728979e-01,1.558546970682188060e-01
7.382600098750728979e-01,1.558546970682188060e-01
7.382600098750728979e-01,1.558546970682188060e-01
7.382600098750728979e-01,1.558546970682188060e-01
6.058400464586611855e-01,2.141426995896909546e-01
6.058400464586611855e-01,2.141426995896909546e-01
6.058400464586611855e-01,2.141426995896909546e-01
7.036631703164043516e-01,2.304277786952380058e-01
8.574327933599121820e-01,-1.479570617220129503e-01
5.019610644961582935e-01,-2.087005433919864594e-01
4.138194692941916664e-01,-9.353955911533201606e-02
4.138194692941916664e-01,-9.353955911533201606e-02
6.057568890660307570e-01,-1.452285905935573607e-01
5.446222822111836948e-01,-1.011833498373430340e-01
6.400718502845370583e-01,-1.672305713180202713e-01
7.759031463813614860e-01,-2.103411008034106189e-01
8.582332483908732268e-01,-3.929519269244355351e-02
5.735171430125366454e-01,-5.252939608410306382e-03
5.735171430125366454e-01,-5.252939608410306382e-03
5.735171430125366454e-01,-5.252939608410306382e-03
5.735171430125366454e-01,-5.252939608410306382e-03
5.735171430125366454e-01,-5.252939608410306382e-03
5.735171430125366454e-01,-5.252939608410306382e-03
5.839858689424990423e-01,-6.684809144472420028e-02
6.285846190022681412e-01,-4.140181834822284634e-02
6.285846190022681412e-01,-4.140181834822284634e-02
7.089005612733819683e-01,-4.856865977796913370e-02
7.089005612733819683e-01,-4.856865977796913370e-02
7.089005612733819683e-01,-4.856865977796913370e-02
6.659993170520193129e-01,-9.626206892837664564e-02
6.659993170520193129e-01,-9.626206892837664564e-02
6.659993170520193129e-01,-9.626206892837664564e-02
6.659993170520193129e-01,-9.626206892837664564e-02
6.659993170520193129e-01,-9.626206892837664564e-02
7.067746062989445077e-01,-9.009459257004703847e-02
7.067746062989445077e-01,-9.009459257004703847e-02
7.067746062989445077e-01,-9.009459257004703847e-02
7.929264243698554981e-01,-9.004374255870255250e-02
7.344688613572125657e-01,-3.945169254770731354e-02
7.344688613572125657e-01,-3.945169254770731354e-02
5.508591125004725919e-01,-1.293459801526695707e-01
4.988111714419537490e-01,-1.112727045767074874e-01
4.535552239795235252e-01,1.253426548563577603e-01
5.797304153815409089e-01,-1.658824529516540469e-01
6.053905186909340763e-01,1.466218354401302992e-01
6.053905186909340763e-01,1.466218354401302992e-01
5.438566040040326843e-01,-2.145244715288782689e-02
5.438566040040326843e-01,-2.145244715288782689e-02
5.438566040040326843e-01,-2.145244715288782689e-02
8.897029427190179529e-01,-4.345832824723799837e-02
8.897029427190179529e-01,-4.345832824723799837e-02
8.353077146956759957e-01,-1.490103726689228081e-01
8.353077146956759957e-01,-1.490103726689228081e-01
7.308036606390414525e-01,-2.257070255672906367e-01
6.583969916310525861e-01,-1.883806662429329259e-01
6.583969916310525861e-01,-1.883806662429329259e-01
4.341833554457804056e-01,-1.716722040901332291e-01
4.341833554457804056e-01,-1.716722040901332291e-01
4.341833554457804056e-01,-1.716722040901332291e-01
4.341833554457804056e-01,-1.716722040901332291e-01
3.753031924493883120e-01,-1.285979309428347261e-01
3.753031924493883120e-01,-1.285979309428347261e-01
6.688867172893799840e-01,-9.558602289005299624e-02
5.602198773734876625e-01,-1.269315505809621991e-01
5.602198773734876625e-01,-1.269315505809621991e-01
5.602198773734876625e-01,-1.269315505809621991e-01
5.602198773734876625e-01,-1.269315505809621991e-01
5.602198773734876625e-01,-1.269315505809621991e-01
5.602198773734876625e-01,-1.269315505809621991e-01
5.602198773734876625e-01,-1.269315505809621991e-01
5.602198773734876625e-01,-1.269315505809621991e-01
5.602198773734876625e-01,-1.269315505809621991e-01
5.602198773734876625e-01,-1.269315505809621991e-01
5.602198773734876625e-01,-1.269315505809621991e-01
5.602198773734876625e-01,-1.269315505809621991e-01
7.054843077520138728e-01,-7.773769980869194018e-02
7.054843077520138728e-01,-7.773769980869194018e-02
5.705507571599979233e-01,-1.672147028278903602e-01
5.705507571599979233e-01,-1.672147028278903602e-01
5.959749616804040917e-01,-3.649548859899487407e-03
5.959749616804040917e-01,-3.649548859899487407e-03
6.940937767422471483e-01,-3.285432058742603079e-02
7.546682958232632243e-01,2.708817538557072718e-02
7.546682958232632243e-01,2.708817538557072718e-02
5.298473763741257114e-01,2.106517959742483237e-01
6.742786745344586663e-01,1.466945372111957968e-01
6.742786745344586663e-01,1.466945372111957968e-01
6.742786745344586663e-01,1.466945372111957968e-01
7.411365227188845273e-01,1.080120912140719591e-02
7.530153167464832542e-01,4.351047854256060582e-02
7.530153167464832542e-01,4.351047854256060582e-02
5.507932236404371462e-01,1.532395846067270417e-01
5.526359510759059068e-01,1.351657571381302270e-01
4.108101996081705565e-01,-2.656832192706179430e-02
4.645356869562004554e-01,5.998593927854893593e-04
5.215592044421569762e-01,2.720922188203206971e-01
5.193451423469173101e-01,6.465981742779280950e-02
6.082797111964740600e-01,1.556681132457551076e-01
5.249638250223933600e-01,3.246189963549303559e-02
6.479959154324640425e-01,6.193897224832263515e-02
6.479959154324640425e-01,6.193897224832263515e-02
6.479959154324640425e-01,6.193897224832263515e-02
6.479959154324640425e-01,6.193897224832263515e-02
6.479959154324640425e-01,6.193897224832263515e-02
6.479959154324640425e-01,6.193897224832263515e-02
5.464092999379563942e-01,3.645257161744130947e-02
6.147028939524905589e-01,-8.996720984365089158e-02
6.123647519536621342e-01,-2.846183104738275738e-03
7.056259637906217019e-01,3.874164205739424882e-02
8.079239792360726202e-01,6.048334845722207198e-02
8.079239792360726202e-01,6.048334845722207198e-02
6.433328371960336245e-01,7.849278867699785445e-02
6.433328371960336245e-01,7.849278867699785445e-02
4.795192503273865148e-01,3.194121992990198167e-03
6.771870750964553709e-01,7.145104403812366223e-02
6.771870750964553709e-01,7.145104403812366223e-02
7.594587545640851811e-01,2.546564973432013379e-01
7.594587545640851811e-01,2.546564973432013379e-01
7.257829266782116484e-01,1.441698483060065150e-01
8.043081512327286964e-01,-3.635882599590814501e-02
6.511181700527247651e-01,5.200083968371130294e-02
7.626899542237600693e-01,1.120707269589068800e-01
3.650166308394858228e-01,4.058262654529778968e-02
3.965337315228447124e-01,5.392357186690534959e-02
4.259119470809293317e-01,3.461413152079728661e-02
4.259119470809293317e-01,3.461413152079728661e-02
4.259119470809293317e-01,3.461413152079728661e-02
5.427687979279864905e-01,-3.969214000278099841e-02
6.974386340290027464e-01,1.610864373417389972e-01
7.131601854825287967e-01,5.031946615630666919e-03
7.024071386430069674e-01,-1.167576037962560348e-01
5.960402069026210503e-01,-1.218579043860320565e-01
5.960402069026210503e-01,-1.218579043860320565e-01
7.440748465274258372e-01,-1.593817088465780962e-01
5.844696632560655303e-01,-2.778938861889511114e-01
6.590181218888050418e-01,-2.873070901495844987e-01
6.268398624497044658e-01,-1.298578953010362524e-01
3.973586509639006614e-01,-2.054311041168759566e-01
4.319253944250901478e-01,-3.574889945588827223e-02
4.319253944250901478e-01,-3.574889945588827223e-02
4.286012506680028644e-01,-1.409801141296347649e-02
4.286012506680028644e-01,-1.409801141296347649e-02
4.286012506680028644e-01,-1.409801141296347649e-02
4.286012506680028644e-01,-1.409801141296347649e-02
4.286012506680028644e-01,-1.409801141296347649e-02
4.286012506680028644e-01,-1.409801141296347649e-02
4.286012506680028644e-01,-1.409801141296347649e-02
4.286012506680028644e-01,-1.409801141296347649e-02
3.767733547748745027e-01,4.378124436405826658e-02
3.769841982441283212e-01,-5.726871698736264726e-02
4.664977974968965713e-01,-2.012187989600803389e-02
4.664977974968965713e-01,-2.012187989600803389e-02
6.161527395159556164e-01,-1.228244861721199677e-01
6.161527395159556164e-01,-1.228244861721199677e-01
6.161527395159556164e-01,-1.228244861721199677e-01
5.312618441380765333e-01,-7.971900260867700871e-02
5.312618441380765333e-01,-7.971900260867700871e-02
5.312618441380765333e-01,-7.971900260867700871e-02
5.870400072035945049e-01,8.635953104322657836e-02
5.726415943892285698e-01,6.661010104471042081e-02
3.568474875992262985e-01,7.426580651230413332e-02
4.119939742885372902e-01,1.342251108411783855e-01
6.215317909496320681e-01,9.941577150100971982e-02
6.215317909496320681e-01,9.941577150100971982e-02
6.215317909496320681e-01,9.941577150100971982e-02
6.215317909496320681e-01,9.941577150100971982e-02
6.924812709530301369e-01,-3.681209119152348275e-02
6.924812709530301369e-01,-3.681209119152348275e-02
6.428232825357597102e-01,4.626937357140363527e-03
7.666422780128751002e-01,-3.142234043674464739e-02
7.666422780128751002e-01,-3.142234043674464739e-02
6.159233457049019256e-01,-1.770636566869676631e-01
6.159233457049019256e-01,-1.770636566869676631e-01
7.058381055427829232e-01,3.008783864653097329e-02
5.232709448698643628e-01,1.535393240058602060e-01
5.232709448698643628e-01,1.535393240058602060e-01
5.232709448698643628e-01,1.535393240058602060e-01
5.232709448698643628e-01,1.535393240058602060e-01
3.341520214821908086e-01,2.415210071973649952e-01
2.005884007771472632e-01,7.330681164779567771e-02
2.759576578882678710e-01,4.358245274751329501e-02
2.759576578882678710e-01,4.358245274751329501e-02
4.630978804225266421e-01,2.198543832742787252e-01
4.630978804225266421e-01,2.198543832742787252e-01
4.249555881740364471e-01,1.334066653818278825e-01
4.249555881740364471e-01,1.334066653818278825e-01
7.065381915746340447e-01,3.822503438255225872e-02
6.001534689759522312e-01,-1.511108341266795274e-01
6.238508366996247112e-01,-2.109488300861431798e-01
7.706665024855838819e-01,-1.881129883866795860e-01
7.706665024855838819e-01,-1.881129883866795860e-01
7.660810648610932860e-01,-1.868099539007218035e-01
5.119201374760835588e-01,-8.560008790682135937e-02
5.119201374760835588e-01,-8.560008790682135937e-02
5.718754853835585905e-01,-1.666481114285520149e-01
5.718754853835585905e-01,-1.666481114285520149e-01
6.341654021892263460e-01,-2.863758659384088578e-02
5.150418654707011878e-01,-1.124358090981134872e-01
6.994867675921720984e-01,-1.865261026575190106e-01
6.994867675921720984e-01,-1.865261026575190106e-01
7.394217866555831131e-01,5.010263664997399724e-02
7.394217866555831131e-01,5.010263664997399724e-02
7.394217866555831131e-01,5.010263664997399724e-02
7.706212862666322883e-01,5.828155959946387799e-02
7.706212862666322883e-01,5.828155959946387799e-02
7.706212862666322883e-01,5.828155959946387799e-02
7.586258671165693190e-01,-4.895047754346466828e-02
7.586258671165693190e-01,-4.895047754346466828e-02
7.586258671165693190e-01,-4.895047754346466828e-02
7.586258671165693190e-01,-4.895047754346466828e-02
7.586258671165693190e-01,-4.895047754346466828e-02
5.195026540063221177e-01,4.426202078088392611e-02
4.153029370843314139e-01,7.480216912663840978e-02
4.153029370843314139e-01,7.480216912663840978e-02
4.837462705797612728e-01,-9.466532993951624897e-02
6.041193653745536851e-01,7.321407700201436330e-02
6.041193653745536851e-01,7.321407700201436330e-02
5.636075268524095572e-01,5.248274313684904435e-02
3.023031094330243529e-01,4.181362289798671444e-02
3.023031094330243529e-01,4.181362289798671444e-02
3.023031094330243529e-01,4.181362289798671444e-02
3.023031094330243529e-01,4.181362289798671444e-02
4.337432926861360949e-01,1.166174631841636333e-01
3.516667178611099231e-01,1.511042093053815427e-01
3.516667178611099231e-01,1.511042093053815427e-01
4.609844659692279856e-01,2.035298324842829687e-02
4.609844659692279856e-01,2.035298324842829687e-02
6.962477762817016469e-01,-1.083947988450585931e-01
6.962477762817016469e-01,-1.083947988450585931e-01
6.962477762817016469e-01,-1.083947988450585931e-01
6.962477762817016469e-01,-1.083947988450585931e-01
6.562119237454531184e-01,-1.581903227152300917e-02
6.394738257774672530e-01,1.191966602797362440e-01
6.394738257774672530e-01,1.191966602797362440e-01
6.394738257774672530e-01,1.191966602797362440e-01
6.394738257774672530e-01,1.191966602797362440e-01
6.394738257774672530e-01,1.191966602797362440e-01
6.394738257774672530e-01,1.191966602797362440e-01
8.650936235805197771e-01,4.812005836287716609e-02
8.650936235805197771e-01,4.812005836287716609e-02
7.896142465012434553e-01,1.205581306937788949e-01
6.552223113199073801e-01,-2.130991951703641030e-02
5.774904471901972647e-01,-1.083557055742444611e-02
5.774904471901972647e-01,-1.083557055742444611e-02
4.826838850273487691e-01,-4.002710554287521039e-02
4.012448270380072346e-01,-2.742907986093014172e-02
4.012448270380072346e-01,-2.742907986093014172e-02
4.322846261486512631e-01,-1.072128765344911722e-01
3.136265996381979448e-01,1.333567273812984177e-02
3.136265996381979448e-01,1.333567273812984177e-02
3.136265996381979448e-01,1.333567273812984177e-02
3.136265996381979448e-01,1.333567273812984177e-02
3.880919440713493929e-01,-2.829179485437328251e-02
4.180878512616478249e-01,-3.221440009386665748e-01
2.593809086915666029e-01,-2.009018590303545959e-01
2.593809086915666029e-01,-2.009018590303545959e-01
5.139957913408716994e-01,1.632671965958498450e-01
5.139957913408716994e-01,1.632671965958498450e-01
5.029317248212812341e-01,1.105016309110777584e-01
5.935282391088166909e-01,-5.241229540474715010e-02
6.154569847680542161e-01,-8.672779960657914233e-02
6.154569847680542161e-01,-8.672779960657914233e-02
4.370744811703569654e-01,1.612299862266033945e-02
4.370744811703569654e-01,1.612299862266033945e-02
4.395765537516670984e-01,4.032065489216066223e-02
4.395765537516670984e-01,4.032065489216066223e-02
6.063626693771686504e-01,1.957152284640734652e-01
6.063626693771686504e-01,1.957152284640734652e-01
6.063626693771686504e-01,1.957152284640734652e-01
6.063626693771686504e-01,1.957152284640734652e-01
6.063626693771686504e-01,1.957152284640734652e-01
6.063626693771686504e-01,1.957152284640734652e-01
4.676549511164261874e-01,1.314240397116156478e-01
3.191952547841299115e-01,5.526004921399464698e-02
3.167001278294445110e-01,2.924386388396856828e-01
3.015039156999488879e-01,8.814316762518334403e-02
5.800517939235954046e-01,1.086750743278700887e-01
5.800517939235954046e-01,1.086750743278700887e-01
5.800517939235954046e-01,1.086750743278700887e-01
5.800517939235954046e-01,1.086750743278700887e-01
5.800517939235954046e-01,1.086750743278700887e-01
5.800517939235954046e-01,1.086750743278700887e-01
7.067785215892833373e-01,7.907427595939697795e-02
5.429895893918357253e-01,1.602840453250390373e-01
5.429895893918357253e-01,1.602840453250390373e-01
4.856049307301320561e-01,2.276413940129503044e-01
4.856049307301320561e-01,2.276413940129503044e-01
4.856049307301320561e-01,2.276413940129503044e-01
6.129113459091299898e-01,-2.591111816554625413e-02
6.381893719678756183e-01,-1.290378591062881115e-02
6.381893719678756183e-01,-1.290378591062881115e-02
6.348357517357747781e-01,1.225972566310466576e-02
6.348357517357747781e-01,1.225972566310466576e-02
7.126487258004030600e-01,1.806001691091133760e-03
7.126487258004030600e-01,1.806001691091133760e-03
7.126487258004030600e-01,1.806001691091133760e-03
7.126487258004030600e-01,1.806001691091133760e-03
5.873641781113715377e-01,-4.836668073825108050e-03
3.447433548740079789e-01,1.022632484243870751e-02
3.447433548740079789e-01,1.022632484243870751e-02
4.598244228272028722e-01,1.126217119094030661e-02
4.383134338771347283e-01,1.655668617381388930e-01
4.383134338771347283e-01,1.655668617381388930e-01
4.383134338771347283e-01,1.655668617381388930e-01
4.797952537255422145e-01,2.332403092583269499e-01
6.373218014125715536e-01,1.373585545344445102e-01
6.780040550604078398e-01,-5.119366330419147793e-02
6.780040550604078398e-01,-5.119366330419147793e-02
4.310832063894683985e-01,-3.597963197104009359e-03
4.438091852584201136e-01,-1.048854735041865605e-01
4.138820702220760706e-01,-1.876915985070508053e-01
4.138820702220760706e-01,-1.876915985070508053e-01
3.664176645656610498e-01,-1.182413293598851833e-01
4.979551495931320293e-01,4.490083875363337640e-02
4.979551495931320293e-01,4.490083875363337640e-02
6.193326646756024401e-01,9.648911794062692282e-02
6.193326646756024401e-01,9.648911794062692282e-02
7.462820219587777970e-01,1.094750397077163262e-01
6.184718646770608341e-01,1.065144640239704538e-01
6.184718646770608341e-01,1.065144640239704538e-01
6.016130487685377171e-01,1.473166217449421167e-01
6.657375628645756382e-01,1.086088278828473419e-01
5.213551168126173696e-01,-2.428326692264162756e-02
5.213551168126173696e-01,-2.428326692264162756e-02
5.213551168126173696e-01,-2.428326692264162756e-02
5.213551168126173696e-01,-2.428326692264162756e-02
5.213551168126173696e-01,-2.428326692264162756e-02
5.696986945774120681e-01,-9.791870963293509977e-02
6.746341645697195855e-01,-1.970534505468175546e-01
6.746341645697195855e-01,-1.970534505468175546e-01
7.647573889861113416e-01,-2.104110471050120446e-01
7.647573889861113416e-01,-2.104110471050120446e-01
7.647573889861113416e-01,-2.104110471050120446e-01
7.623451222254723492e-01,-1.270446598595458276e-01
7.623451222254723492e-01,-1.270446598595458276e-01
8.385708214805068783e-01,-6.603202858569945377e-02
6.584616016595525867e-01,6.087383517113914566e-02
6.584616016595525867e-01,6.087383517113914566e-02
6.584616016595525867e-01,6.087383517113914566e-02
6.584616016595525867e-01,6.087383517113914566e-02
5.571441077152087251e-01,2.131677713576784206e-01
7.874088109690241533e-01,1.102145042627748067e-01
7.874088109690241533e-01,1.102145042627748067e-01
7.874088109690241533e-01,1.102145042627748067e-01
6.408968243181113467e-01,-5.010511451051040399e-02
6.408968243181113467e-01,-5.010511451051040399e-02
6.408968243181113467e-01,-5.010511451051040399e-02
6.443359245759542331e-01,6.709801210406009242e-02
6.443359245759542331e-01,6.709801210406009242e-02
6.443359245759542331e-01,6.709801210406009242e-02
6.597288047024137958e-01,-1.088097323340079109e-01
6.597288047024137958e-01,-1.088097323340079109e-01
4.492212343556697407e-01,1.016021267443930481e-01
4.492212343556697407e-01,1.016021267443930481e-01
4.492212343556697407e-01,1.016021267443930481e-01
4.518986714374833569e-01,8.601523081816093985e-02
4.518986714374833569e-01,8.601523081816093985e-02
4.518986714374833569e-01,8.601523081816093985e-02
7.058291868188164564e-01,6.005879856915680159e-02
8.713542356021095614e-01,1.117598406342522332e-02
8.713542356021095614e-01,1.117598406342522332e-02
8.713542356021095614e-01,1.117598406342522332e-02
8.211826008284544010e-01,-3.142263931317208769e-02
8.211826008284544010e-01,-3.142263931317208769e-02
8.211826008284544010e-01,-3.142263931317208769e-02
8.211826008284544010e-01,-3.142263931317208769e-02
8.286269073364702642e-01,5.818629485727010164e-02
5.313661491040022611e-01,1.133525522623232001e-01
4.105539356249803262e-01,1.491002056536220588e-01
5.338343140080270555e-01,9.405146523820265281e-02
5.338343140080270555e-01,9.405146523820265281e-02
5.338343140080270555e-01,9.405146523820265281e-02
5.338343140080270555e-01,9.405146523820265281e-02
5.338343140080270555e-01,9.405146523820265281e-02
5.338343140080270555e-01,9.405146523820265281e-02
6.969116530327521541e-01,-1.276567443137608393e-01
5.992601468621447935e-01,-1.476990306447113765e-02
5.680408332564446106e-01,1.158538169101858001e-01
5.680408332564446106e-01,1.158538169101858001e-01
5.843122082413491070e-01,-5.070068026428091457e-02
5.843122082413491070e-01,-5.070068026428091457e-02
5.843122082413491070e-01,-5.070068026428091457e-02
5.843122082413491070e-01,-5.070068026428091457e-02
4.895077471449987283e-01,-8.190424521639853850e-02
5.774099905368346164e-01,-2.408986808419281284e-02
5.774099905368346164e-01,-2.408986808419281284e-02
5.807517313137596782e-01,6.868795931945115285e-02
6.584330132757018061e-01,1.590609782619357149e-01
6.829695694380574222e-01,1.040358203943099469e-01
6.829695694380574222e-01,1.040358203943099469e-01
5.764718483229173129e-01,1.789923148850912360e-02
6.119397044023606735e-01,-7.276224820999176168e-03
6.888521504664285589e-01,-1.129622852525110910e-01
6.813011148765428793e-01,-5.870635408852554332e-02
5.476199478712464597e-01,-1.676984129529170836e-02
4.062115442758575390e-01,-3.912578767449359507e-02
4.274739466004496280e-01,-2.855409659939743827e-01
6.879614460299550149e-01,-2.981084722201343129e-01
6.879614460299550149e-01,-2.981084722201343129e-01
6.879614460299550149e-01,-2.981084722201343129e-01
6.879614460299550149e-01,-2.981084722201343129e-01
6.879614460299550149e-01,-2.981084722201343129e-01
6.879614460299550149e-01,-2.981084722201343129e-01
7.925098408584407839e-01,-1.514327528617209762e-01
7.925098408584407839e-01,-1.514327528617209762e-01
7.925098408584407839e-01,-1.514327528617209762e-01
7.925098408584407839e-01,-1.514327528617209762e-01
7.925098408584407839e-01,-1.514327528617209762e-01
7.925098408584407839e-01,-1.514327528617209762e-01
7.925098408584407839e-01,-1.514327528617209762e-01
7.544932381302716928e-01,-1.665760984818268065e-02
7.544932381302716928e-01,-1.665760984818268065e-02
8.663388609088906733e-01,-5.857285950894629278e-02
5.436753600413334331e-01,-2.133286180124041587e-01
6.544680105305870077e-01,-1.047059933744603349e-01
5.902080744178901384e-01,5.893084032552804719e-02
5.902080744178901384e-01,5.893084032552804719e-02
5.006035539612040397e-01,1.246241335761189561e-01
2.897323646379147966e-01,1.493898990460668097e-01
4.729591198062811364e-01,2.571690740302277067e-01
5.756227582418045330e-01,1.128940721361421928e-01
5.756227582418045330e-01,1.128940721361421928e-01
5.249593651612686207e-01,5.073612306408266381e-02
5.249593651612686207e-01,5.073612306408266381e-02
5.249593651612686207e-01,5.073612306408266381e-02
3.407361677618990226e-01,-2.519137947931000543e-01
3.025727926388962485e-01,-2.341672184823473113e-01
4.710685165806108299e-01,-2.133452761958983812e-01
4.710685165806108299e-01,-2.133452761958983812e-01
6.975849808310169431e-01,-8.679739949205272920e-02
6.975849808310169431e-01,-8.679739949205272920e-02
7.564616107847046411e-01,-9.153163301437870769e-02
8.466089664185781904e-01,6.327148568458702826e-02
6.038280217427046681e-01,3.641385522080861636e-03
6.782071275284744516e-01,-4.322784127437061946e-02
6.578809937847601708e-01,-2.494554021136626831e-01
6.578809937847601708e-01,-2.494554021136626831e-01
6.578809937847601708e-01,-2.494554021136626831e-01
6.524650986722964063e-01,-2.761916866944771898e-01
6.524650986722964063e-01,-2.761916866944771898e-01
5.046045118349273828e-01,-2.574341383211540268e-01
5.960635899420291262e-01,-2.628398608432899186e-01
3.977093960770866632e-01,-1.529841107828452951e-02
3.977093960770866632e-01,-1.529841107828452951e-02
3.463659129648276047e-01,-4.158266319185071475e-03
3.463659129648276047e-01,-4.158266319185071475e-03
4.505227361907674366e-01,-2.378511663638732676e-01
5.531059807299305575e-01,-1.580995280067740150e-01
4.376089528311549737e-01,2.785644369288881039e-02
4.376089528311549737e-01,2.785644369288881039e-02
7.988504007714156696e-01,3.129563630203666125e-02
6.463821426814556625e-01,-1.659748969579902256e-02
5.901428987489404365e-01,1.927440350302747907e-01
5.901428987489404365e-01,1.927440350302747907e-01
6.364211414576782522e-01,2.900681476294825201e-03
6.364211414576782522e-01,2.900681476294825201e-03
7.002860544085615091e-01,4.080805847989572160e-02
8.232022469755676530e-01,-1.066416445242977795e-02
8.232022469755676530e-01,-1.066416445242977795e-02
8.232022469755676530e-01,-1.066416445242977795e-02
8.232022469755676530e-01,-1.066416445242977795e-02
7.000877497178692455e-01,4.322649717514585876e-02
7.000877497178692455e-01,4.322649717514585876e-02
7.125813465843653383e-01,-5.282261155891615489e-02
2.888466974061973391e-01,-1.744656938168080706e-01
3.402724767560519337e-01,-1.754889669779489680e-01
2.500742685662681875e-01,-2.552776303445692951e-01
2.500742685662681875e-01,-2.552776303445692951e-01
2.592790638496869637e-01,-2.308741466057025460e-01
2.911042450175888030e-01,-6.110825692143209698e-02
3.874903463927077407e-01,1.271177523839937817e-01
3.874903463927077407e-01,1.271177523839937817e-01
8.510773063559980978e-01,2.876781014416607274e-02
8.403756239986128751e-01,3.160854711793054106e-02
8.403756239986128751e-01,3.160854711793054106e-02
8.403756239986128751e-01,3.160854711793054106e-02
7.163067108043861264e-01,2.301655584635108748e-02
7.163067108043861264e-01,2.301655584635108748e-02
7.848077495602585607e-01,3.513892015869272134e-01
7.848077495602585607e-01,3.513892015869272134e-01
5.610965604223898673e-01,2.052750764632051139e-01
5.501281593037427031e-01,1.574741917718390782e-01
6.164952544904723775e-01,1.933868141788410155e-01
6.164952544904723775e-01,1.933868141788410155e-01
6.164952544904723775e-01,1.933868141788410155e-01
6.411328684983859105e-01,1.196438809177865353e-01
6.411328684983859105e-01,1.196438809177865353e-01
5.517789623002802291e-01,1.926531305342311096e-01
5.939461603003228785e-01,8.106677447041893414e-02
5.461873613626571089e-01,-7.549469088007199069e-02
5.639258571702642220e-01,-1.632832715334260332e-01
4.953356319514310435e-01,-2.521915280470043985e-02
4.953356319514310435e-01,-2.521915280470043985e-02
3.929378604809877773e-01,-1.659532739085203268e-01
3.929378604809877773e-01,-1.659532739085203268e-01
3.929378604809877773e-01,-1.659532739085203268e-01
4.198719783209285961e-01,2.259998903467591580e-02
6.125815069811053615e-01,1.984215126552074382e-01
5.919809364280232966e-01,9.483020759029212043e-02
5.919809364280232966e-01,9.483020759029212043e-02
5.919809364280232966e-01,9.483020759029212043e-02
5.919809364280232966e-01,9.483020759029212043e-02
5.904363284695075542e-01,-1.050265043097007855e-01
5.904363284695075542e-01,-1.050265043097007855e-01
5.404966905599162263e-01,-7.248183568307980940e-02
5.491902258580730889e-01,-7.321917747201951709e-02
2.720916754010977989e-01,-2.725320567042594511e-01
3.750998246738790898e-01,-2.858574421048633574e-01
3.750998246738790898e-01,-2.858574421048633574e-01
4.203295767835407148e-01,-3.019285503580727559e-01
8.050975962482580517e-01,-1.687834962072652933e-01
8.050975962482580517e-01,-1.687834962072652933e-01
4.614986869840277950e-01,-1.160547149556799135e-01
5.351486971334744602e-01,-3.703253395762305944e-01
7.406994589156716824e-01,-3.545474147861263914e-01
5.620006136950683739e-01,-3.205064868924173971e-01
5.620006136950683739e-01,-3.205064868924173971e-01
6.778429134162127223e-01,-2.048925697877464203e-01
6.785360780357735377e-01,-1.304304724863176446e-01
5.778597258883025889e-01,-1.363684079896418377e-01
5.778597258883025889e-01,-1.363684079896418377e-01
5.778597258883025889e-01,-1.363684079896418377e-01
5.778597258883025889e-01,-1.363684079896418377e-01
5.778597258883025889e-01,-1.363684079896418377e-01
6.792806940095390544e-01,-6.839597024289011118e-02
6.805976588901352375e-01,1.175338367031428660e-01
6.083178581174201183e-01,4.032640899334338780e-02
6.083178581174201183e-01,4.032640899334338780e-02
7.688615297116874192e-01,5.201591637995732487e-02
7.688615297116874192e-01,5.201591637995732487e-02
6.356768948204936098e-01,5.424170890751198876e-02
6.356768948204936098e-01,5.424170890751198876e-02
6.356768948204936098e-01,5.424170890751198876e-02
6.356768948204936098e-01,5.424170890751198876e-02
6.356768948204936098e-01,5.424170890751198876e-02
6.356768948204936098e-01,5.424170890751198876e-02
6.356768948204936098e-01,5.424170890751198876e-02
6.356768948204936098e-01,5.424170890751198876e-02
7.385613207209766884e-01,4.539864709174799839e-03
7.385613207209766884e-01,4.539864709174799839e-03
7.385613207209766884e-01,4.539864709174799839e-03
8.290161396765919344e-01,2.100969598819991957e-01
8.290161396765919344e-01,2.100969598819991957e-01
7.111263970964366576e-01,2.649987546770327107e-01
5.952850326965006822e-01,3.237541927626547689e-01
5.952850326965006822e-01,3.237541927626547689e-01
5.952850326965006822e-01,3.237541927626547689e-01
7.648856100612311248e-01,2.674606976332877251e-01
7.675122201003153899e-01,3.462698790551742567e-01
7.675122201003153899e-01,3.462698790551742567e-01
7.149140656161891982e-01,4.057467880993352871e-01
5.259603298305722818e-01,3.995689704002695630e-01
6.269150508293644952e-01,3.335352748714791593e-01
5.818090134219667808e-01,1.470216474069936108e-01
5.818090134219667808e-01,1.470216474069936108e-01
5.818090134219667808e-01,1.470216474069936108e-01
5.818090134219667808e-01,1.470216474069936108e-01
6.580596819118660346e-01,2.763736754083923053e-03
6.580596819118660346e-01,2.763736754083923053e-03
6.580596819118660346e-01,2.763736754083923053e-03
6.580596819118660346e-01,2.763736754083923053e-03
6.580596819118660346e-01,2.763736754083923053e-03
6.580596819118660346e-01,2.763736754083923053e-03
6.580596819118660346e-01,2.763736754083923053e-03
6.580596819118660346e-01,2.763736754083923053e-03
6.580596819118660346e-01,2.763736754083923053e-03
6.481235225058841198e-01,1.553472890557919608e-02
6.481235225058841198e-01,1.553472890557919608e-02
5.633712505119280456e-01,-6.433387340380811170e-02
6.549237815070204638e-01,-6.916415276975909632e-02
6.549237815070204638e-01,-6.916415276975909632e-02
6.549237815070204638e-01,-6.916415276975909632e-02
6.549237815070204638e-01,-6.916415276975909632e-02
6.549237815070204638e-01,-6.916415276975909632e-02
6.549237815070204638e-01,-6.916415276975909632e-02
6.549237815070204638e-01,-6.916415276975909632e-02
5.245832040477790281e-01,-1.011697867995281913e-01
5.245832040477790281e-01,-1.011697867995281913e-01
5.245832040477790281e-01,-1.011697867995281913e-01
6.698195980013785800e-01,-2.116198275084731906e-01
7.590723087609755337e-01,-8.147076728247076849e-02
7.590723087609755337e-01,-8.147076728247076849e-02
7.590723087609755337e-01,-8.147076728247076849e-02
7.590723087609755337e-01,-8.147076728247076849e-02
7.590723087609755337e-01,-8.147076728247076849e-02
8.387882428901186627e-01,-5.661676695821146049e-02
7.070345011676409941e-01,1.804678939990704001e-01
6.573440136643871057e-01,1.846453079137308495e-01
6.573440136643871057e-01,1.846453079137308495e-01
8.477513687368034567e-01,1.696480462210115947e-01
8.477513687368034567e-01,1.696480462210115947e-01
8.414546953508587057e-01,9.107356662130264291e-02
8.414546953508587057e-01,9.107356662130264291e-02
8.310275384543077681e-01,1.228561941389665069e-01
8.310275384543077681e-01,1.228561941389665069e-01
6.177963802938533089e-01,-1.137726120514274408e-01
6.177963802938533089e-01,-1.137726120514274408e-01
3.739264178319742227e-01,-7.166404407261711684e-02
3.739264178319742227e-01,-7.166404407261711684e-02
3.697733393457908746e-01,1.841355355710492248e-01
3.697733393457908746e-01,1.841355355710492248e-01
3.697733393457908746e-01,1.841355355710492248e-01
3.697733393457908746e-01,1.841355355710492248e-01
5.721018603898496702e-01,1.342462894311741706e-01
3.930174319450216447e-01,8.428793530725886551e-02
3.800605729247579223e-01,-1.080625984789126970e-01
5.451331287851544083e-01,-1.528066015986889736e-02
5.451331287851544083e-01,-1.528066015986889736e-02
5.451331287851544083e-01,-1.528066015986889736e-02
5.950488811758464225e-01,-1.822562393463057762e-02
4.847456092613017797e-01,-3.080049269380263910e-02
5.603623735048091081e-01,1.503328036501968418e-02
5.603623735048091081e-01,1.503328036501968418e-02
5.374653401306233036e-01,9.516991772407620842e-02
5.374653401306233036e-01,9.516991772407620842e-02
5.374653401306233036e-01,9.516991772407620842e-02
6.384207755334585510e-01,1.719544788071493135e-01
3.500340665810354746e-01,1.241741460080363207e-01
4.222260061099295525e-01,1.927851910567503213e-02
4.222260061099295525e-01,1.927851910567503213e-02
4.222260061099295525e-01,1.927851910567503213e-02
4.222260061099295525e-01,1.927851910567503213e-02
4.350944434802120897e-01,1.261494989172149139e-01
5.906831547479042266e-01,2.322379921117286306e-01
5.906831547479042266e-01,2.322379921117286306e-01
5.906831547479042266e-01,2.322379921117286306e-01
5.906831547479042266e-01,2.322379921117286306e-01
5.906831547479042266e-01,2.322379921117286306e-01
7.984759595262042042e-01,2.702470908388063253e-01
7.984759595262042042e-01,2.702470908388063253e-01
8.083053841189932198e-01,1.475696873033138790e-01
8.083053841189932198e-01,1.475696873033138790e-01
4.442735119998499349e-01,8.310882433361316268e-02
4.442735119998499349e-01,8.310882433361316268e-02
4.442735119998499349e-01,8.310882433361316268e-02
4.442735119998499349e-01,8.310882433361316268e-02
4.442735119998499349e-01,8.310882433361316268e-02
4.442735119998499349e-01,8.310882433361316268e-02
4.442735119998499349e-01,8.310882433361316268e-02
7.638500701635484447e-01,3.230413559388703448e-01
7.638500701635484447e-01,3.230413559388703448e-01
7.638500701635484447e-01,3.230413559388703448e-01
8.410179444568384177e-01,2.763983951402950723e-01
9.246290996218086145e-01,2.020300942366727304e-01
8.600802810333901816e-01,-2.463074558428229865e-01
9.729019587552993897e-01,-2.901972752888618001e-02
9.729019587552993897e-01,-2.901972752888618001e-02
9.993967232280797086e-01,8.907090072535003844e-02
1.017381271825900990e+00,1.114376498337932564e-01
1.017381271825900990e+00,1.114376498337932564e-01
9.356765456303488548e-01,-4.458554769440209453e-04
9.356765456303488548e-01,-4.458554769440209453e-04
9.179448171566335635e-01,-6.543055860634235110e-02
9.179448171566335635e-01,-6.543055860634235110e-02
9.891472247945943819e-01,-3.855127124352876467e-02
9.832794016509914803e-01,1.386646991581411692e-01
8.677471399654754780e-01,4.584699830114578878e-02
6.076969226856923090e-01,2.139197454014127864e-01
6.076969226856923090e-01,2.139197454014127864e-01
6.076969226856923090e-01,2.139197454014127864e-01
6.006605535069026169e-01,1.596129316964280676e-01
6.006605535069026169e-01,1.596129316964280676e-01
6.329533105453575281e-01,1.919406717845039967e-01
6.329533105453575281e-01,1.919406717845039967e-01
6.329533105453575281e-01,1.919406717845039967e-01
7.254171333867985849e-01,1.792158309080840173e-01
5.677870995537871446e-01,2.726715415935982989e-01
4.928718640646027604e-01,7.794145128538118583e-02
4.928718640646027604e-01,7.794145128538118583e-02
4.928718640646027604e-01,7.794145128538118583e-02
6.399168361936911076e-01,2.109199556708524492e-01
6.399168361936911076e-01,2.109199556708524492e-01
6.399168361936911076e-01,2.109199556708524492e-01
6.399168361936911076e-01,2.109199556708524492e-01
6.399168361936911076e-01,2.109199556708524492e-01
6.021050288523200900e-01,2.518021479325589507e-01
6.021050288523200900e-01,2.518021479325589507e-01
6.021050288523200900e-01,2.518021479325589507e-01
6.021050288523200900e-01,2.518021479325589507e-01
5.779206981975236745e-01,1.257905151183924819e-01
3.385119190612315698e-01,3.312980888847420757e-02
3.385119190612315698e-01,3.312980888847420757e-02
4.540118492618482882e-01,9.479182909997724282e-02
4.540118492618482882e-01,9.479182909997724282e-02
4.540118492618482882e-01,9.479182909997724282e-02
4.540118492618482882e-01,9.479182909997724282e-02
5.616173340119999802e-01,1.843650637737447862e-01
5.616173340119999802e-01,1.843650637737447862e-01
5.616173340119999802e-01,1.843650637737447862e-01
5.616173340119999802e-01,1.843650637737447862e-01
5.845684034857150380e-01,-7.195094708587385091e-02
5.845684034857150380e-01,-7.195094708587385091e-02
8.519078546769556226e-01,6.693977698042505309e-02
8.531504822886951667e-01,1.718896432830298998e-02
8.531504822886951667e-01,1.718896432830298998e-02
8.531504822886951667e-01,1.718896432830298998e-02
7.777382783976486413e-01,-7.328705764781232729e-03
7.777382783976486413e-01,-7.328705764781232729e-03
7.777382783976486413e-01,-7.328705764781232729e-03
7.842235409127433776e-01,-4.392792412940293989e-02
7.842235409127433776e-01,-4.392792412940293989e-02
7.078084174212473378e-01,1.036774615420312795e-01
7.078084174212473378e-01,1.036774615420312795e-01
7.078084174212473378e-01,1.036774615420312795e-01
6.062243253781197661e-01,5.342040509788592573e-02
7.109737388857599871e-01,-3.860394935775622594e-02
5.064401741871823459e-01,1.427666473128465507e-01
5.064401741871823459e-01,1.427666473128465507e-01
5.064401741871823459e-01,1.427666473128465507e-01
5.064401741871823459e-01,1.427666473128465507e-01
3.923031488587539473e-01,4.104701200681931672e-03
5.306028907861478627e-01,3.569264592290740529e-02
6.453718932008014608e-01,-2.058235268592589207e-01
6.453718932008014608e-01,-2.058235268592589207e-01
6.453718932008014608e-01,-2.058235268592589207e-01
6.453718932008014608e-01,-2.058235268592589207e-01
7.827249266601880029e-01,-6.909582108001249834e-02
6.841376908154230829e-01,-9.122270081382108375e-02
5.939679906994685954e-01,-3.616274596241765560e-02
5.984638168807336900e-01,1.212016180268106064e-01
5.654786900335736499e-01,-1.513514039457995730e-02
4.980808943331189731e-01,3.521696214106591338e-02
4.980808943331189731e-01,3.521696214106591338e-02
4.980808943331189731e-01,3.521696214106591338e-02
4.980808943331189731e-01,3.521696214106591338e-02
4.980808943331189731e-01,3.521696214106591338e-02
4.980808943331189731e-01,3.521696214106591338e-02
3.642549289309884308e-01,-7.333463719146741944e-02
5.237245312588432178e-01,-1.791914043835901027e-01
6.042809201484584669e-01,-6.911652532013032313e-02
6.042809201484584669e-01,-6.911652532013032313e-02
6.042809201484584669e-01,-6.911652532013032313e-02
6.042809201484584669e-01,-6.911652532013032313e-02
5.016403412435725961e-01,9.199230704524052893e-02
5.016403412435725961e-01,9.199230704524052893e-02
6.581525181399346947e-01,2.967152402184188853e-01
6.936107673384362959e-01,9.873944024415515219e-02
8.405354761001641029e-01,2.411652770418599989e-02
6.285940759153740842e-01,1.709397311197320690e-02
5.573104151463648126e-01,2.522016496080971629e-03
5.573104151463648126e-01,2.522016496080971629e-03
5.892618525043232802e-01,-8.492232024881390950e-02
5.902837195645056489e-01,1.124753588079544231e-01
5.902837195645056489e-01,1.124753588079544231e-01
4.802937786826113054e-01,7.874512653086526703e-02
5.362799733870328156e-01,2.483159069480073838e-02
5.362799733870328156e-01,2.483159069480073838e-02
5.000517377433372213e-01,1.244981252841509227e-02
5.513628277362320196e-01,-1.408966012611529151e-01
2.973098943319737453e-01,-7.858128239615999600e-02
2.973098943319737453e-01,-7.858128239615999600e-02
4.310690733804354302e-01,-6.238849965014159338e-02
4.310690733804354302e-01,-6.238849965014159338e-02
6.286423581831647178e-01,-7.628487190142628493e-02
6.286423581831647178e-01,-7.628487190142628493e-02
6.286423581831647178e-01,-7.628487190142628493e-02
6.286423581831647178e-01,-7.628487190142628493e-02
6.932866192952642503e-01,-1.218273497079712109e-01
8.184778243492432104e-01,1.346974413031920559e-01
6.458403378170577414e-01,1.301951191524380880e-01
6.458403378170577414e-01,1.301951191524380880e-01
6.434457654662172343e-01,-5.941680876203830897e-02
6.434457654662172343e-01,-5.941680876203830897e-02
5.172939227346127211e-01,3.463233634951028150e-02
7.598819106925187583e-01,7.522086865153227581e-03
7.598819106925187583e-01,7.522086865153227581e-03
6.338313950047477219e-01,2.085385571177420516e-01
6.338313950047477219e-01,2.085385571177420516e-01
6.654124820283728869e-01,3.389409605388162827e-01
5.923937603638324001e-01,3.472814123423573207e-01
5.923937603638324001e-01,3.472814123423573207e-01
5.923937603638324001e-01,3.472814123423573207e-01
5.923937603638324001e-01,3.472814123423573207e-01
9.038910632962171565e-01,1.950180078177802534e-01
9.910693337183338336e-01,1.389417810756251315e-01
1.032649957759069093e+00,-9.293004761612316811e-02
9.859627635664979239e-01,-1.110299404502287091e-01
8.512080549224046999e-01,-1.458924968445637349e-01
8.930970526431692980e-01,-1.752118242923844105e-01
7.173207543337242198e-01,-4.552922412679802355e-02
7.173207543337242198e-01,-4.552922412679802355e-02
7.173207543337242198e-01,-4.552922412679802355e-02
7.173207543337242198e-01,-4.552922412679802355e-02
7.173207543337242198e-01,-4.552922412679802355e-02
6.157164302790190114e-01,-1.673802718586227256e-03
4.279122544012935458e-01,2.223487164541601210e-02
4.279122544012935458e-01,2.223487164541601210e-02
4.703094375059778676e-01,6.580248524430383494e-02
4.703094375059778676e-01,6.580248524430383494e-02
7.172318827850983070e-01,1.178342681955041743e-01
7.461108048296174466e-01,-1.429079060356710507e-01
6.796919205087168514e-01,-1.999586399788386981e-01
6.796919205087168514e-01,-1.999586399788386981e-01
6.547300028756269930e-01,-2.146443352530005844e-01
4.913338802482698497e-01,-2.435584149800962273e-02
5.142703721090456925e-01,-1.255306395801020491e-01
4.259194596252331988e-01,-2.271589943699713066e-02
4.259194596252331988e-01,-2.271589943699713066e-02
6.987566677575245411e-01,5.148445936657534971e-02
7.600784182138347056e-01,-5.983645028921898146e-02
7.600784182138347056e-01,-5.983645028921898146e-02
7.600784182138347056e-01,-5.983645028921898146e-02
6.451666687469368444e-01,-1.880394043824566985e-01
7.057609227198435864e-01,-1.941395951982312906e-01
4.156667088858724823e-01,-4.459932140559419445e-02
6.056781017873982265e-01,-1.661465582848245803e-01
6.056781017873982265e-01,-1.661465582848245803e-01
6.593468614178518150e-01,-3.997079006225426334e-02
7.324793689014388320e-01,1.176346188431807160e-01
7.324793689014388320e-01,1.176346188431807160e-01
3.606173171791925980e-01,7.629638544952847823e-02
3.047070299268299087e-01,-1.965835544485143305e-01
3.090743833305985566e-01,-2.414242110570500310e-01
3.690025464335351946e-01,-2.729017480741048884e-01
2.100026430559681356e-01,-2.782800112376278556e-01
2.732028447860229692e-01,-1.416534401102916563e-01
2.732028447860229692e-01,-1.416534401102916563e-01
4.418037470925885168e-01,-1.315042872237706661e-01
5.069165302898673842e-01,-7.442156565493994458e-02
5.069165302898673842e-01,-7.442156565493994458e-02
6.182480467129837232e-01,-1.564715211130526806e-01
6.182480467129837232e-01,-1.564715211130526806e-01
6.132281169374623753e-01,-1.120230463012981958e-01
6.132281169374623753e-01,-1.120230463012981958e-01
6.132281169374623753e-01,-1.120230463012981958e-01
5.370645871354836620e-01,-8.587692568022281536e-02
5.370645871354836620e-01,-8.587692568022281536e-02
5.370645871354836620e-01,-8.587692568022281536e-02
5.370645871354836620e-01,-8.587692568022281536e-02
7.562493299998529483e-01,-1.411694816558033694e-01
5.710047319444513381e-01,-2.000638194579047735e-02
5.710047319444513381e-01,-2.000638194579047735e-02
5.710047319444513381e-01,-2.000638194579047735e-02
4.431169122961602924e-01,-2.593122208192177869e-02
4.431169122961602924e-01,-2.593122208192177869e-02
4.431169122961602924e-01,-2.593122208192177869e-02
7.483677022394608080e-01,-5.790632109710874831e-02
6.726528286557393876e-01,1.378690635898841277e-01
7.584609882025118432e-01,1.945311831028900817e-02
7.584609882025118432e-01,1.945311831028900817e-02
7.757640286027318588e-01,3.289163347077069671e-02
6.911880873623934551e-01,2.251091887110072756e-02
7.546079510798326950e-01,-1.346383838966512814e-01
6.426614227761384690e-01,-3.237613569073242159e-01
6.426614227761384690e-01,-3.237613569073242159e-01
6.426614227761384690e-01,-3.237613569073242159e-01
6.426614227761384690e-01,-3.237613569073242159e-01
7.176505201734582062e-01,-2.170976683915306349e-01
7.176505201734582062e-01,-2.170976683915306349e-01
7.011773348134873185e-01,-2.167169814092894109e-01
6.400674829653765219e-01,-1.820528144658962733e-01
6.024221397391595900e-01,6.573233049793672511e-02
5.501090779752969562e-01,-3.311957623302545783e-02
4.518359406502271969e-01,2.359032242522806494e-02
6.128279728448046138e-01,1.671955327739586550e-01
4.470322735882770182e-01,6.753231224874998995e-02
5.304742729412126323e-01,9.558748484546664148e-02
5.304742729412126323e-01,9.558748484546664148e-02
5.304742729412126323e-01,9.558748484546664148e-02
3.861682777846181525e-01,1.452627832985079193e-01
2.437852221953477339e-01,5.587150913907069916e-02
2.437852221953477339e-01,5.587150913907069916e-02
2.639734931120487627e-01,1.311540265754339019e-01
2.639734931120487627e-01,1.311540265754339019e-01
4.281576477122444047e-01,1.160230589992031214e-01
4.609794582837909993e-01,2.123860899474256936e-01
4.712528565640189959e-01,1.844413470972181279e-01
4.712528565640189959e-01,1.844413470972181279e-01
6.358100852112732460e-01,1.392669016680747607e-01
6.272591931401712007e-01,2.186941601519745149e-01
6.191558353625522537e-01,1.000096372278437978e-01
6.191558353625522537e-01,1.000096372278437978e-01
7.903127724990159919e-01,5.698830170925747035e-02
7.903127724990159919e-01,5.698830170925747035e-02
7.903127724990159919e-01,5.698830170925747035e-02
6.146003329221558786e-01,1.521175299921756485e-01
6.146003329221558786e-01,1.521175299921756485e-01
6.146003329221558786e-01,1.521175299921756485e-01
6.613837512001419228e-01,2.347624159674495670e-01
7.129010813237826039e-01,-8.997801465227828199e-04
7.129010813237826039e-01,-8.997801465227828199e-04
6.978405618916211361e-01,-3.006404826227905905e-02
6.978405618916211361e-01,-3.006404826227905905e-02
6.248455908399126457e-01,-3.670288767740368524e-03
5.881363097676082230e-01,-1.219173380350417960e-02
5.881363097676082230e-01,-1.219173380350417960e-02
5.881363097676082230e-01,-1.219173380350417960e-02
3.678875665165159958e-01,2.145507109259736089e-01
3.678875665165159958e-01,2.145507109259736089e-01
4.138568995547103890e-01,8.285924009324274753e-02
5.300782321968007249e-01,2.041883243025504058e-01
5.764359241043166548e-01,2.639296267854622235e-01
4.272686998343889764e-01,2.219324359572013294e-01
4.272686998343889764e-01,2.219324359572013294e-01
4.484549625878163637e-01,3.582222364616113319e-01
3.735950117928718006e-01,4.669556275905679676e-01
5.098637048818606132e-01,4.015797700293640693e-01
5.098637048818606132e-01,4.015797700293640693e-01
4.285721161299419490e-01,2.985093839835900598e-02
2.402392165578633443e-01,1.289028188537343633e-01
2.402392165578633443e-01,1.289028188537343633e-01
2.402392165578633443e-01,1.289028188537343633e-01
3.239035353811058338e-01,1.598950825507291507e-01
5.208101631165419354e-01,1.007781754190533591e-01
5.028891131018096150e-01,-2.333223226191027955e-02
5.028891131018096150e-01,-2.333223226191027955e-02
5.028891131018096150e-01,-2.333223226191027955e-02
5.488136067021973652e-01,7.606964434184904089e-02
5.488136067021973652e-01,7.606964434184904089e-02
5.881875921392751838e-01,1.276918302520171911e-01
4.365062158794150715e-01,1.605902326570118610e-01
6.243228672872140894e-01,1.299989550690398010e-01
6.243228672872140894e-01,1.299989550690398010e-01
6.243228672872140894e-01,1.299989550690398010e-01
6.243228672872140894e-01,1.299989550690398010e-01
6.243228672872140894e-01,1.299989550690398010e-01
6.243228672872140894e-01,1.299989550690398010e-01
6.043263976358761447e-01,8.151364432547122951e-02
6.043263976358761447e-01,8.151364432547122951e-02
6.043263976358761447e-01,8.151364432547122951e-02
6.108150109951567819e-01,9.573010715806609672e-02
6.108150109951567819e-01,9.573010715806609672e-02
6.108150109951567819e-01,9.573010715806609672e-02
6.108150109951567819e-01,9.573010715806609672e-02
6.108150109951567819e-01,9.573010715806609672e-02
6.108150109951567819e-01,9.573010715806609672e-02
7.671853991503101433e-01,-7.972848204543217521e-02
7.501562102106597019e-01,7.780947848241376308e-02
7.501562102106597019e-01,7.780947848241376308e-02
7.965253315821898550e-01,-1.312606670720625479e-01
7.965253315821898550e-01,-1.312606670720625479e-01
6.368380145021965699e-01,1.900843524720607636e-01
7.327965039921725543e-01,4.582661011025129794e-02
5.323107042150869717e-01,-1.677175299951716436e-02
4.656213126313997752e-01,2.136795969191532529e-01
4.656213126313997752e-01,2.136795969191532529e-01
5.253358523252601442e-01,3.236943360593054209e-01
5.253358523252601442e-01,3.236943360593054209e-01
5.282525298506800526e-01,2.946805623582831046e-01
5.282525298506800526e-01,2.946805623582831046e-01
5.282525298506800526e-01,2.946805623582831046e-01
3.225065288180381518e-01,1.034060487731833788e-01
3.206318026118403219e-01,3.851642212151450140e-02
3.206318026118403219e-01,3.851642212151450140e-02
3.470768316658001673e-01,-1.627283257412152073e-01
3.470768316658001673e-01,-1.627283257412152073e-01
3.470768316658001673e-01,-1.627283257412152073e-01
4.480260872192629584e-01,-1.351363336075040444e-01
4.480260872192629584e-01,-1.351363336075040444e-01
4.040454905346462233e-01,1.900922248306596840e-02
4.040454905346462233e-01,1.900922248306596840e-02
4.040454905346462233e-01,1.900922248306596840e-02
4.728602930153064654e-01,3.421894914765077900e-02
2.694700966636346395e-01,-1.088593600867284600e-02
2.615060863459972018e-01,-2.894680977447486869e-01
2.737346456522987692e-01,-3.086342044837648291e-01
1.938974775852131960e-01,-1.118827189258614629e-01
1.938974775852131960e-01,-1.118827189258614629e-01
2.366248693841773720e-01,-3.355939995619086069e-01
1.786843498966741439e-01,-2.731515962263207919e-01
1.786843498966741439e-01,-2.731515962263207919e-01
1.786843498966741439e-01,-2.731515962263207919e-01
1.786843498966741439e-01,-2.731515962263207919e-01
3.185573981820886136e-01,-2.249441144776626045e-01
2.287673616912326291e-01,-1.021474101672286416e-01
4.220309309376774065e-01,2.638445274127348972e-02
4.074698414559057014e-01,-6.351109060907543513e-02
5.155304264344914289e-01,-1.473411494041748648e-01
6.208657262436699797e-01,-1.061931881350277884e-01
6.208657262436699797e-01,-1.061931881350277884e-01
5.227417137510507184e-01,-6.677304889235180507e-04
5.227417137510507184e-01,-6.677304889235180507e-04
3.653848777295962691e-01,7.445547365782692606e-02
6.709701421111227138e-01,2.050128437677776333e-02
6.709701421111227138e-01,2.050128437677776333e-02
4.401638250957322640e-01,2.098259240395705938e-01
4.401638250957322640e-01,2.098259240395705938e-01
3.861834552529604392e-01,1.975391217788784182e-01
4.442225184975513441e-01,2.702196010993646036e-01
4.518258828219754442e-01,1.748950266665137421e-01
4.518258828219754442e-01,1.748950266665137421e-01
5.792795369655846516e-01,2.312821233149606193e-01
6.784711963869888285e-01,6.830681820501230406e-02
7.584847262199405638e-01,4.303963993272374999e-04
7.584847262199405638e-01,4.303963993272374999e-04
6.939706853093402517e-01,3.283882189957297582e-02
6.939706853093402517e-01,3.283882189957297582e-02
5.374411237550676956e-01,1.312079960453645666e-01
5.374411237550676956e-01,1.312079960453645666e-01
5.662133566686592401e-01,-1.804166346681587429e-01
6.572962846730973085e-01,3.078638705073682980e-02
6.572962846730973085e-01,3.078638705073682980e-02
5.678912405131607555e-01,1.378743131431530433e-01
5.678912405131607555e-01,1.378743131431530433e-01
6.466379940839469542e-01,1.048097699151376155e-01
7.017066184972226006e-01,1.913917330623599034e-04
7.069201044443036430e-01,-1.220941930126444724e-01
7.069201044443036430e-01,-1.220941930126444724e-01
7.069201044443036430e-01,-1.220941930126444724e-01
7.069201044443036430e-01,-1.220941930126444724e-01
7.069201044443036430e-01,-1.220941930126444724e-01
7.069201044443036430e-01,-1.220941930126444724e-01
6.359780861709266597e-01,7.840759042241976506e-03
5.631808813688737869e-01,-1.187500406499370637e-01
6.712877172816035243e-01,-1.923391178340977392e-03
6.712877172816035243e-01,-1.923391178340977392e-03
8.025731009193456389e-01,-1.439859360046665329e-02
8.025731009193456389e-01,-1.439859360046665329e-02
8.025731009193456389e-01,-1.439859360046665329e-02
8.025731009193456389e-01,-1.439859360046665329e-02
7.497151217527939782e-01,-4.244850794357868384e-02
7.497151217527939782e-01,-4.244850794357868384e-02
7.497151217527939782e-01,-4.244850794357868384e-02
7.944088591665681154e-01,-1.005560125980083097e-03
7.944088591665681154e-01,-1.005560125980083097e-03
7.944088591665681154e-01,-1.005560125980083097e-03
7.944088591665681154e-01,-1.005560125980083097e-03
7.944088591665681154e-01,-1.005560125980083097e-03
7.944088591665681154e-01,-1.005560125980083097e-03
7.215425826313847102e-01,-8.767100206329477702e-03
7.215425826313847102e-01,-8.767100206329477702e-03
5.076736166236184289e-01,8.008911600537108044e-02
5.076736166236184289e-01,8.008911600537108044e-02
5.076736166236184289e-01,8.008911600537108044e-02
6.363274002021783726e-01,3.088311290102208062e-01
6.363274002021783726e-01,3.088311290102208062e-01
6.363274002021783726e-01,3.088311290102208062e-01
7.017069788301487643e-01,1.411897074135198826e-02
7.017069788301487643e-01,1.411897074135198826e-02
7.017069788301487643e-01,1.411897074135198826e-02
6.275710463733517042e-01,1.467200499828480442e-01
6.275710463733517042e-01,1.467200499828480442e-01
6.275710463733517042e-01,1.467200499828480442e-01
6.275710463733517042e-01,1.467200499828480442e-01
5.966214043074618001e-01,1.322483132546382056e-01
4.482379626623707036e-01,1.351307135816958438e-01
5.836684816701559475e-01,1.943007706825916892e-01
5.836684816701559475e-01,1.943007706825916892e-01
6.749854324732268429e-01,1.479620500734951383e-01
5.488631186475902979e-01,7.164061654241382637e-02
5.043799387359180209e-01,3.483256927841474337e-02
4.755092123159284645e-01,8.617945135458476846e-02
4.620149957893132653e-01,6.766914007394939090e-02
4.620149957893132653e-01,6.766914007394939090e-02
4.620149957893132653e-01,6.766914007394939090e-02
5.092154439083461659e-01,-2.141436955630460492e-01
6.121386989705392967e-01,-3.094508983401472735e-02
6.744124770059477525e-01,9.586535757643821487e-02
6.744124770059477525e-01,9.586535757643821487e-02
6.744124770059477525e-01,9.586535757643821487e-02
8.906523333874106774e-01,7.338886308478106968e-02
6.546407286214682708e-01,2.891865225300011000e-01
4.922223783709651634e-01,1.985083367961426593e-01
4.904152216155078792e-01,1.191910309277006974e-01
5.759282794817497386e-01,8.094007235668596034e-02
5.759282794817497386e-01,8.094007235668596034e-02
6.243256868485506095e-01,-1.197888621201496917e-02
6.460153341515970649e-01,-1.616313109955425653e-01
6.310804929590131396e-01,-1.417195245859575181e-01
6.310804929590131396e-01,-1.417195245859575181e-01
5.710127430115072844e-01,-7.353162223769915684e-02
5.614397601406502236e-01,-1.452590733783921673e-01
7.342607607322215735e-01,-4.283067293825254529e-02
7.342607607322215735e-01,-4.283067293825254529e-02
7.423194984205311320e-01,-3.955542593449736660e-02
7.423194984205311320e-01,-3.955542593449736660e-02
7.423194984205311320e-01,-3.955542593449736660e-02
8.179626148592933355e-01,6.133052543731350864e-02
8.179626148592933355e-01,6.133052543731350864e-02
6.583586371834531104e-01,-4.174345150738622418e-02
5.935952866341073220e-01,4.783189753074362088e-02
4.761728754071110625e-01,-4.333614507857295323e-02
4.761728754071110625e-01,-4.333614507857295323e-02
4.659680860126867441e-01,-2.802521490429826095e-02
4.687956652952940395e-01,-1.782162603831570491e-02
4.687956652952940395e-01,-1.782162603831570491e-02
3.246207252406275723e-01,9.162002073507191646e-02
3.246207252406275723e-01,9.162002073507191646e-02
4.374699401227669648e-01,1.279938014977147209e-01
6.425600160595087429e-01,8.958954242517405686e-02
5.044651439164462570e-01,1.528917846767865185e-01
7.343432796473684521e-01,3.901628869802212241e-02
7.343432796473684521e-01,3.901628869802212241e-02
7.082588690104293372e-01,1.064395645925260286e-01
7.002915474999241718e-01,3.241120635150604445e-02
7.002915474999241718e-01,3.241120635150604445e-02
7.002915474999241718e-01,3.241120635150604445e-02
7.002915474999241718e-01,3.241120635150604445e-02
5.942260898680613579e-01,1.824439548650532983e-01
4.748043101886113559e-01,1.442709960887572362e-01
6.403438370565963655e-01,3.523429863684163776e-01
6.275477456660337738e-01,3.921323049024794116e-01
6.275477456660337738e-01,3.921323049024794116e-01
6.606843663666103206e-01,3.692991774876269728e-02
6.606843663666103206e-01,3.692991774876269728e-02
4.696910215783056119e-01,5.892689192405822785e-02
4.739896118802585101e-01,2.719231332880153729e-02
6.709175950971946190e-01,2.244697306214455124e-01
6.709175950971946190e-01,2.244697306214455124e-01
6.709175950971946190e-01,2.244697306214455124e-01
7.903872129428611837e-01,9.116170531346376449e-02
7.903872129428611837e-01,9.116170531346376449e-02
7.903872129428611837e-01,9.116170531346376449e-02
7.196153106466122162e-01,9.211323178771553544e-02
5.413155878255815345e-01,8.964427431173767336e-02
4.980849745598061040e-01,1.150516232442145292e-01
7.150651657060487221e-01,-9.658948274281889401e-03
7.150651657060487221e-01,-9.658948274281889401e-03
7.150651657060487221e-01,-9.658948274281889401e-03
7.281503452172106705e-01,2.021590914857572252e-01
7.281503452172106705e-01,2.021590914857572252e-01
7.281503452172106705e-01,2.021590914857572252e-01
7.281503452172106705e-01,2.021590914857572252e-01
7.281503452172106705e-01,2.021590914857572252e-01
7.281503452172106705e-01,2.021590914857572252e-01
6.922953491450817287e-01,1.993959145062698668e-02
6.922953491450817287e-01,1.993959145062698668e-02
5.952703113999985307e-01,-4.539315302415748710e-02
6.733862080472590161e-01,-3.474634166517652500e-02
6.733862080472590161e-01,-3.474634166517652500e-02
6.733862080472590161e-01,-3.474634166517652500e-02
6.991226399760366306e-01,-5.328677691608559031e-03
6.991226399760366306e-01,-5.328677691608559031e-03
6.991226399760366306e-01,-5.328677691608559031e-03
5.112716686661780141e-01,-7.681618276972038140e-02
5.223352358488412284e-01,-2.959411613966320825e-02
5.594194282277504815e-01,-1.111769959469808070e-02
5.594194282277504815e-01,-1.111769959469808070e-02
3.537739228168466643e-01,5.689162581060308588e-03
4.548880869116725956e-01,1.276802917306582019e-01
4.528218586400161727e-01,8.809583900089609787e-02
4.528218586400161727e-01,8.809583900089609787e-02
4.528218586400161727e-01,8.809583900089609787e-02
5.132650464089774101e-01,-8.811082661820393569e-02
5.132650464089774101e-01,-8.811082661820393569e-02
5.185277450342026251e-01,-1.198776855472127451e-01
5.185277450342026251e-01,-1.198776855472127451e-01
5.224599056074356040e-01,-9.814824797021476366e-02
5.224599056074356040e-01,-9.814824797021476366e-02
5.224599056074356040e-01,-9.814824797021476366e-02
6.840481229054815593e-01,-1.466116080105774044e-01
5.477985438700605503e-01,-7.998500287614136728e-02
6.408964437717256102e-01,-1.870562301258595905e-01
5.813473583598837147e-01,-2.135023780643221514e-01
5.813473583598837147e-01,-2.135023780643221514e-01
5.813473583598837147e-01,-2.135023780643221514e-01
5.813473583598837147e-01,-2.135023780643221514e-01
7.039923569039793216e-01,-3.187187596489585717e-01
7.039923569039793216e-01,-3.187187596489585717e-01
5.990125470421188147e-01,-2.500895001814135155e-01
4.117221638593638877e-01,-2.837735697513122934e-01
4.117221638593638877e-01,-2.837735697513122934e-01
4.727654514512370509e-01,-2.876661886903946752e-01
4.727654514512370509e-01,-2.876661886903946752e-01
4.727654514512370509e-01,-2.876661886903946752e-01
4.727654514512370509e-01,-2.876661886903946752e-01
4.727654514512370509e-01,-2.876661886903946752e-01
4.727654514512370509e-01,-2.876661886903946752e-01
4.200713822096430738e-01,-1.521212917705836998e-01
5.768508066589264072e-01,3.558053490030826937e-03
5.424642318883819980e-01,-3.349386801854412621e-01
7.773314376006679183e-01,-2.459816496531707641e-01
4.460254205552215967e-01,-2.254591277966811746e-01
6.911939485510456560e-01,-1.760537693850074692e-01
6.911939485510456560e-01,-1.760537693850074692e-01
8.296771490197789589e-01,-5.971513990427951279e-02
8.159038357971938327e-01,-4.281140575640501877e-02
8.159038357971938327e-01,-4.281140575640501877e-02
8.159038357971938327e-01,-4.281140575640501877e-02
4.845670762924982333e-01,2.801062518126234968e-02
4.845670762924982333e-01,2.801062518126234968e-02
5.432370083199842270e-01,3.131577703587907352e-02
7.055774977026355588e-01,2.723702410639415247e-02
7.055774977026355588e-01,2.723702410639415247e-02
7.055774977026355588e-01,2.723702410639415247e-02
7.055774977026355588e-01,2.723702410639415247e-02
7.055774977026355588e-01,2.723702410639415247e-02
6.866093014530448846e-01,4.042922485236577490e-02
6.866093014530448846e-01,4.042922485236577490e-02
6.807032745748555769e-01,1.243129923159871364e-01
6.971026199999592610e-01,-6.385225434133234845e-02
9.097790001980846641e-01,-7.104531170674439899e-02
9.084635647470039599e-01,-2.174799273080647855e-02
7.245140260650577702e-01,6.649357406036023044e-02
4.739003122415020863e-01,-7.859812423434768547e-02
4.739003122415020863e-01,-7.859812423434768547e-02
4.739003122415020863e-01,-7.859812423434768547e-02
5.006481568362964873e-01,-8.060249822859473501e-02
6.558969447489899629e-01,-1.502011111931084719e-01
5.490385358416620676e-01,-2.068645394220589573e-01
6.084687587226221828e-01,-1.829166529250796647e-01
6.084687587226221828e-01,-1.829166529250796647e-01
6.084687587226221828e-01,-1.829166529250796647e-01
6.084687587226221828e-01,-1.829166529250796647e-01
6.084687587226221828e-01,-1.829166529250796647e-01
8.251313915617108918e-01,-3.472904834603607327e-03
6.114734492622743156e-01,-6.015460742998759297e-02
6.114734492622743156e-01,-6.015460742998759297e-02
6.114734492622743156e-01,-6.015460742998759297e-02
5.906084324804408148e-01,-1.499635214064867772e-02
5.906084324804408148e-01,-1.499635214064867772e-02
5.675888568824163372e-01,2.327294350007359791e-02
7.799396094242880828e-01,5.735018227976611954e-02
6.803654092310963408e-01,-1.066564776509277279e-01
6.803654092310963408e-01,-1.066564776509277279e-01
6.803654092310963408e-01,-1.066564776509277279e-01
5.070011459357549599e-01,-4.356355473103221132e-02
4.883833579742786202e-01,-5.419953359795703918e-02
7.295564143326469519e-01,4.496464072218574193e-02
7.295564143326469519e-01,4.496464072218574193e-02
7.199244775272695129e-01,-7.084533831126607617e-02
5.740260313247688151e-01,-1.160461902700192782e-01
5.740260313247688151e-01,-1.160461902700192782e-01
5.732642724329756190e-01,-1.609693317335174900e-01
5.112598705790989406e-01,3.233632192661484162e-03
5.112598705790989406e-01,3.233632192661484162e-03
5.112598705790989406e-01,3.233632192661484162e-03
5.112598705790989406e-01,3.233632192661484162e-03
5.112598705790989406e-01,3.233632192661484162e-03
5.112598705790989406e-01,3.233632192661484162e-03
5.112598705790989406e-01,3.233632192661484162e-03
6.207558928098829698e-01,-1.214173252419403909e-01
6.207558928098829698e-01,-1.214173252419403909e-01
6.207558928098829698e-01,-1.214173252419403909e-01
6.207558928098829698e-01,-1.214173252419403909e-01
6.903253113196676782e-01,-1.377872595541303757e-01
6.903253113196676782e-01,-1.377872595541303757e-01
7.729947423788737781e-01,-9.309780779873577661e-02
7.729947423788737781e-01,-9.309780779873577661e-02
7.070267445442758314e-01,-7.365316960565096438e-03
5.621387014357182021e-01,8.130017496810701405e-02
5.233720902352888560e-01,3.351148075024409367e-01
4.826833708093519748e-01,2.058963736787957355e-01
4.835741499269149979e-01,2.432286849110363580e-01
4.835741499269149979e-01,2.432286849110363580e-01
6.377254778487650988e-01,1.695982049959521010e-01
6.377254778487650988e-01,1.695982049959521010e-01
5.486557404757330669e-01,8.087027762339005221e-02
6.885942257891231044e-01,4.188160182182661812e-02
6.885942257891231044e-01,4.188160182182661812e-02
6.885942257891231044e-01,4.188160182182661812e-02
6.885942257891231044e-01,4.188160182182661812e-02
5.504134921404351122e-01,1.998053664373733995e-01
7.099540458562063616e-01,-3.336056279399454705e-02
7.099540458562063616e-01,-3.336056279399454705e-02
7.099540458562063616e-01,-3.336056279399454705e-02
7.099540458562063616e-01,-3.336056279399454705e-02
7.099540458562063616e-01,-3.336056279399454705e-02
7.099540458562063616e-01,-3.336056279399454705e-02
5.885630391252587579e-01,-1.312782779293851787e-01
4.078238652863291902e-01,-4.619778590746324853e-02
4.078238652863291902e-01,-4.619778590746324853e-02
2.557752689210422425e-01,3.737368848170820324e-02
2.557752689210422425e-01,3.737368848170820324e-02
2.557752689210422425e-01,3.737368848170820324e-02
3.021817476712626016e-01,1.679460246408992150e-02
4.553875616338627919e-01,-2.208797521493840732e-01
4.553875616338627919e-01,-2.208797521493840732e-01
3.394451203421027241e-01,-4.916111858775018550e-02
2.846500036753748519e-01,7.509793852959803506e-02
2.846500036753748519e-01,7.509793852959803506e-02
2.846500036753748519e-01,7.509793852959803506e-02
2.463325929412542026e-01,2.248978877398960519e-02
3.559105365055015846e-01,1.979576355939039745e-01
5.709521995080930612e-01,1.158855971744354174e-01
4.799027031117776843e-01,7.221787227636217166e-02
5.667906986531191516e-01,1.010011029166228980e-01
4.238561017970966516e-01,-2.878864157890884123e-02
3.399916104167255426e-01,6.711386819248491009e-02
3.399916104167255426e-01,6.711386819248491009e-02
2.472283128309518130e-01,5.274204862570290586e-02
2.696515856282659662e-01,-2.830735649308444013e-02
2.912845011221685265e-01,-8.177139088114272758e-03
2.912845011221685265e-01,-8.177139088114272758e-03
4.002975651243569910e-01,3.344421080210153302e-02
4.002975651243569910e-01,3.344421080210153302e-02
4.002975651243569910e-01,3.344421080210153302e-02
4.002975651243569910e-01,3.344421080210153302e-02
4.002975651243569910e-01,3.344421080210153302e-02
4.002975651243569910e-01,3.344421080210153302e-02
4.002975651243569910e-01,3.344421080210153302e-02
4.655264931251750227e-01,-1.020243919569511770e-01
5.180737405043491783e-01,-1.264090271560173451e-01
6.221757303264372485e-01,2.509069551447304369e-02
5.271606011522469437e-01,4.672165800524446383e-02
5.676803490278572450e-01,-1.276260246400991172e-01
6.571286318150737493e-01,1.115783765685313123e-02
6.571286318150737493e-01,1.115783765685313123e-02
6.525128575855232427e-01,5.907747691859259465e-02
6.651534826389522426e-01,1.541738222726281304e-01
7.916097926099213700e-01,9.333771976532079240e-02
7.916097926099213700e-01,9.333771976532079240e-02
7.939886636740740578e-01,-1.195182478653054603e-01
7.939886636740740578e-01,-1.195182478653054603e-01
7.086787291514210496e-01,-5.373569014637526176e-02
6.803904883454450214e-01,7.339975120797830044e-02
7.051126830706446746e-01,6.470090844825601706e-02
7.319002451903029449e-01,-8.449921117446143604e-02
7.319002451903029449e-01,-8.449921117446143604e-02
4.715389390957533955e-01,-1.710518471265136120e-01
4.715389390957533955e-01,-1.710518471265136120e-01
3.266904039308653473e-01,3.285277642635189843e-02
3.517100236284366188e-01,1.676876324044529187e-01
2.495557843077138849e-01,1.082318421558595561e-01
2.167155121733499723e-01,1.194720593921849566e-01
2.167155121733499723e-01,1.194720593921849566e-01
2.167155121733499723e-01,1.194720593921849566e-01
2.167155121733499723e-01,1.194720593921849566e-01
2.167155121733499723e-01,1.194720593921849566e-01
2.167155121733499723e-01,1.194720593921849566e-01
4.534861558846455809e-01,1.541347931719298792e-01
6.729320534767245787e-01,2.040614512839347416e-01
6.793927430196495809e-01,1.841613375442742728e-01
6.793927430196495809e-01,1.841613375442742728e-01
6.793927430196495809e-01,1.841613375442742728e-01
6.793927430196495809e-01,1.841613375442742728e-01
6.157105260556907655e-01,2.772084120316447020e-01
4.341221995849868232e-01,2.783264515889134483e-01
4.341221995849868232e-01,2.783264515889134483e-01
5.517602072189142781e-01,2.262913977901318818e-01
6.087011136961868463e-01,2.556055204478999143e-02
6.087011136961868463e-01,2.556055204478999143e-02
4.750939906523455325e-01,-1.390724442530288096e-01
4.750939906523455325e-01,-1.390724442530288096e-01
3.918379288585006059e-01,-2.810918431843603127e-01
5.556240528785322264e-01,-3.139359731364649297e-01
5.556240528785322264e-01,-3.139359731364649297e-01
6.481440012941417361e-01,-2.878151302499059039e-01
6.481440012941417361e-01,-2.878151302499059039e-01
6.622014727973101200e-01,-2.121782740341328077e-01
6.622014727973101200e-01,-2.121782740341328077e-01
6.257138972161528923e-01,-2.106738591031578067e-01
6.409294714496399648e-01,-3.507431828794043693e-01
6.100749998444875422e-01,-6.531933540570578067e-04
5.491067149846321493e-01,-4.216523556956365548e-02
6.522023787284755292e-01,-8.208118636881818475e-03
6.522023787284755292e-01,-8.208118636881818475e-03
6.903460257445851456e-01,3.535004087930584266e-02
6.606937998499389231e-01,-6.129763758952497948e-02
5.211964382381002459e-01,-5.464625207927468337e-02
3.903955030349828270e-01,-4.281207896557774617e-03
3.903955030349828270e-01,-4.281207896557774617e-03
3.903955030349828270e-01,-4.281207896557774617e-03
4.766447721910174740e-01,-1.383903907882342299e-01
4.766447721910174740e-01,-1.383903907882342299e-01
4.766447721910174740e-01,-1.383903907882342299e-01
4.925070442220157441e-01,-8.863776530435379941e-03
4.925070442220157441e-01,-8.863776530435379941e-03
5.685047727680577756e-01,-1.309435535376879955e-01
5.752315823722280452e-01,-2.531016706453067533e-01
5.752315823722280452e-01,-2.531016706453067533e-01
5.251820648417961923e-01,-1.556100535079001090e-01
5.251820648417961923e-01,-1.556100535079001090e-01
5.394981687003022053e-01,-1.424742411664494668e-01
5.394981687003022053e-01,-1.424742411664494668e-01
6.941539366645675946e-01,-1.298042875638386051e-02
6.991146652041704268e-01,-4.750785072862844655e-02
6.991146652041704268e-01,-4.750785072862844655e-02
7.763352542338920470e-01,-3.023247598814601811e-03
7.763352542338920470e-01,-3.023247598814601811e-03
7.763352542338920470e-01,-3.023247598814601811e-03
6.977510348824190745e-01,1.077300654458806656e-01
6.977510348824190745e-01,1.077300654458806656e-01
6.977510348824190745e-01,1.077300654458806656e-01
6.633259723352737947e-01,-6.639169206061430739e-02
7.375657377310913532e-01,-2.208825799116595490e-02
8.531428704865215984e-01,6.475478931934726401e-02
8.545519232174766389e-01,7.010032208097080608e-02
8.062123699767660412e-01,3.676390769439966816e-02
4.582822500640882368e-01,-1.661443813460597718e-01
4.582822500640882368e-01,-1.661443813460597718e-01
4.524914980296334543e-01,1.133922610169948997e-02
4.524914980296334543e-01,1.133922610169948997e-02
7.419896533454986010e-01,4.117970210284366273e-02
7.419896533454986010e-01,4.117970210284366273e-02
7.419896533454986010e-01,4.117970210284366273e-02
7.419896533454986010e-01,4.117970210284366273e-02
7.041814747898881288e-01,-4.824056496303083530e-02
6.031093798030326969e-01,-1.604187854135739055e-01
6.031093798030326969e-01,-1.604187854135739055e-01
7.067725041384493867e-01,-1.751526726663298617e-01
7.747353298074245442e-01,1.118421150359584504e-01
7.747353298074245442e-01,1.118421150359584504e-01
7.747353298074245442e-01,1.118421150359584504e-01
5.656756653483190345e-01,1.436215199295271805e-01
5.358091741593581370e-01,2.087703328765574962e-01
2.719751115421086274e-01,-7.504540518457442078e-02
2.252770876213140983e-01,-1.927141987957340374e-01
3.403086210517133892e-01,-9.796097738118429710e-02
3.403086210517133892e-01,-9.796097738118429710e-02
3.403086210517133892e-01,-9.796097738118429710e-02
3.403086210517133892e-01,-9.796097738118429710e-02
3.403086210517133892e-01,-9.796097738118429710e-02
2.705889434567157470e-01,1.206030688153418989e-01
1.489199986287040312e-01,2.911332087180418249e-02
1.489199986287040312e-01,2.911332087180418249e-02
5.601711795544583872e-01,-1.277479648612019902e-01
4.885671642338603737e-01,-1.181272745178500311e-01
6.448340666953181755e-01,-6.913567714614420046e-02
6.448340666953181755e-01,-6.913567714614420046e-02
6.448340666953181755e-01,-6.913567714614420046e-02
5.777466490350088302e-01,3.729623655127425885e-02
7.088219766202221717e-01,-4.399498742990529121e-02
7.088219766202221717e-01,-4.399498742990529121e-02
7.088219766202221717e-01,-4.399498742990529121e-02
6.167849330639432193e-01,-1.893919509103999255e-01
7.331630650797283932e-01,-8.140369144603636087e-02
5.967037058490389789e-01,-1.455555846085959670e-01
7.524144125759127943e-01,-8.667892942908461684e-02
7.180074157823933545e-01,1.174391965289654782e-01
5.473363539661904031e-01,8.367327037106975229e-02
5.473363539661904031e-01,8.367327037106975229e-02
4.555505513055367883e-01,2.311677660269569612e-01
5.817133611811231564e-01,1.568535986959662121e-01
5.374689467640764162e-01,-1.984732811701799826e-01
5.374689467640764162e-01,-1.984732811701799826e-01
5.374689467640764162e-01,-1.984732811701799826e-01
6.702487668882068927e-01,-6.175436791256885827e-02
6.702487668882068927e-01,-6.175436791256885827e-02
6.231085147976191951e-01,1.563423651998219199e-02
5.022847743301946943e-01,6.307276511636611405e-02
5.022847743301946943e-01,6.307276511636611405e-02
5.022847743301946943e-01,6.307276511636611405e-02
2.235655677685834397e-01,-1.492385701837967149e-01
4.688598198981327458e-01,-2.563909080530961671e-01
4.077100133357715595e-01,-4.146831609183176948e-02
4.566483893654498805e-01,8.420525507213180716e-02
5.921744247543394568e-01,8.064024199838727702e-02
4.450930540013888770e-01,2.272548524266335135e-01
3.008786726305749948e-01,3.888812090322847359e-01
3.267228098746953746e-01,4.002158333163576276e-01
3.267228098746953746e-01,4.002158333163576276e-01
3.284956266146669135e-01,3.646558001521827408e-01
2.162166382101786133e-01,3.445468854337314646e-01
6.252903244324894971e-02,2.402876643969172887e-01
1.809233261283708094e-01,1.872068690253560763e-01
1.456293753858945716e-01,1.243443023820038768e-01
2.146387761059077026e-01,2.045128306391957029e-01
7.790647153177010509e-02,3.061659034427837156e-01
1.401168194665424749e-01,3.316847450344493908e-01
1.401168194665424749e-01,3.316847450344493908e-01
1.383402995928977863e-01,2.956752443296775668e-01
1.194611408144171660e-01,1.118964255827697984e-01
2.750357714415513355e-01,1.186108586095081657e-01
2.634897925619944514e-01,8.881333551392481263e-02
3.334322090156392471e-01,2.419496817381899534e-01
3.334322090156392471e-01,2.419496817381899534e-01
3.334322090156392471e-01,2.419496817381899534e-01
4.610434244599217468e-01,1.768695674871397228e-01
3.651786966517051036e-01,9.479434095582420228e-02
1.721440538796905340e-01,1.108972109093365604e-01
2.808643427629358147e-01,2.395154445485782047e-01
4.113360614497059142e-01,-3.366989918455109976e-02
3.063774311646360049e-01,2.198215173013763346e-01
3.063774311646360049e-01,2.198215173013763346e-01
3.231804873390600186e-01,1.952660770289814107e-01
3.231804873390600186e-01,1.952660770289814107e-01
3.231804873390600186e-01,1.952660770289814107e-01
3.231804873390600186e-01,1.952660770289814107e-01
3.231804873390600186e-01,1.952660770289814107e-01
3.269769818837173214e-01,9.806660349683812838e-02
3.017150583543943831e-01,-1.669907523417155093e-03
3.045202023318024365e-01,-1.352644003126940442e-01
3.045202023318024365e-01,-1.352644003126940442e-01
3.594852536255992437e-01,-1.840473460220362067e-01
3.456919348865061803e-01,-8.495149421716086113e-02
6.000004037241604138e-01,1.173008416177117874e-01
6.000004037241604138e-01,1.173008416177117874e-01
5.875539608486136656e-01,5.260951170545256905e-02
4.554690861424749437e-01,-7.160699145835967838e-03
5.024431740280245196e-01,3.626761427731484827e-02
5.465901230416567724e-01,2.015654069088519337e-02
5.465901230416567724e-01,2.015654069088519337e-02
5.465901230416567724e-01,2.015654069088519337e-02
5.465901230416567724e-01,2.015654069088519337e-02
5.465901230416567724e-01,2.015654069088519337e-02
6.725879319713179427e-01,-2.791727914224444995e-01
6.725879319713179427e-01,-2.791727914224444995e-01
6.725879319713179427e-01,-2.791727914224444995e-01
6.012116358921777426e-01,-2.146005572507810599e-01
6.012116358921777426e-01,-2.146005572507810599e-01
4.948564776547160760e-01,-1.681193139793525915e-01
4.948564776547160760e-01,-1.681193139793525915e-01
4.948564776547160760e-01,-1.681193139793525915e-01
4.948564776547160760e-01,-1.681193139793525915e-01
5.741832963351294339e-01,-3.637820503694645935e-01
5.741832963351294339e-01,-3.637820503694645935e-01
5.741832963351294339e-01,-3.637820503694645935e-01
5.741832963351294339e-01,-3.637820503694645935e-01
5.741832963351294339e-01,-3.637820503694645935e-01
5.741832963351294339e-01,-3.637820503694645935e-01
6.989648561926846693e-01,-2.844319805344236451e-01
9.118682291572517418e-01,-6.766314735880002429e-02
9.118682291572517418e-01,-6.766314735880002429e-02
9.118682291572517418e-01,-6.766314735880002429e-02
9.118682291572517418e-01,-6.766314735880002429e-02
9.118682291572517418e-01,-6.766314735880002429e-02
9.118682291572517418e-01,-6.766314735880002429e-02
6.386830279075281780e-01,-1.656665505719303599e-01
4.480541886796822748e-01,-1.214081201326702997e-01
4.480541886796822748e-01,-1.214081201326702997e-01
4.480541886796822748e-01,-1.214081201326702997e-01
4.480541886796822748e-01,-1.214081201326702997e-01
5.084825522268981990e-01,7.099272177202570200e-02
5.084825522268981990e-01,7.099272177202570200e-02
5.084825522268981990e-01,7.099272177202570200e-02
5.101351214612587226e-01,2.715742518428173602e-01
3.444818246609112067e-01,1.137480171928319794e-01
3.113361331558698875e-01,1.625496808300650187e-01
4.533836742069596304e-01,1.097612916776094516e-02
5.937328274844343445e-01,-2.975514406002074258e-04
5.937328274844343445e-01,-2.975514406002074258e-04
5.937328274844343445e-01,-2.975514406002074258e-04
6.611520236047202514e-01,3.946128305755284942e-03
7.946404182790479664e-01,-7.042017669589797912e-02
7.946404182790479664e-01,-7.042017669589797912e-02
6.667562442145760215e-01,1.186220509402977075e-01
7.752790684704210511e-01,-2.076841113430097363e-01
8.900334638602485082e-01,1.036914060837297868e-01
8.900334638602485082e-01,1.036914060837297868e-01
8.900334638602485082e-01,1.036914060837297868e-01
7.046917626404785029e-01,1.224494575768705212e-01
5.985085158880625311e-01,-2.942898310999883527e-01
5.400043287264638669e-01,1.047313769310317388e-01
5.400043287264638669e-01,1.047313769310317388e-01
5.400043287264638669e-01,1.047313769310317388e-01
5.400043287264638669e-01,1.047313769310317388e-01
5.400043287264638669e-01,1.047313769310317388e-01
5.055566439708657489e-01,-7.161496372075595862e-03
5.055566439708657489e-01,-7.161496372075595862e-03
5.055566439708657489e-01,-7.161496372075595862e-03
5.055566439708657489e-01,-7.161496372075595862e-03
5.055566439708657489e-01,-7.161496372075595862e-03
5.055566439708657489e-01,-7.161496372075595862e-03
7.004108100801131886e-01,8.693240600434264109e-02
7.401709407031461518e-01,2.097060068183644876e-01
7.331013728878630342e-01,1.719700384016546735e-01
7.331013728878630342e-01,1.719700384016546735e-01
7.119707950738773938e-01,2.705489741575251017e-03
5.310790653224164437e-01,-3.329351412906445679e-02
4.865063408902569608e-01,1.975650476711162534e-02
4.865063408902569608e-01,1.975650476711162534e-02
5.795811913014107253e-01,1.739518306372123124e-01
6.272330738268050432e-01,6.661202397837028000e-02
6.272330738268050432e-01,6.661202397837028000e-02
6.272330738268050432e-01,6.661202397837028000e-02
4.863570456422783295e-01,9.751064909601601938e-02
4.863570456422783295e-01,9.751064909601601938e-02
6.019118124185086627e-01,-3.012913990034092604e-02
6.800236725640464996e-01,3.837936577966942486e-02
6.800236725640464996e-01,3.837936577966942486e-02
6.800236725640464996e-01,3.837936577966942486e-02
6.800236725640464996e-01,3.837936577966942486e-02
6.800236725640464996e-01,3.837936577966942486e-02
6.800236725640464996e-01,3.837936577966942486e-02
6.800236725640464996e-01,3.837936577966942486e-02
6.800236725640464996e-01,3.837936577966942486e-02
6.800236725640464996e-01,3.837936577966942486e-02
6.800236725640464996e-01,3.837936577966942486e-02
6.800236725640464996e-01,3.837936577966942486e-02
6.800236725640464996e-01,3.837936577966942486e-02
6.512374762907958692e-01,-8.368221358498373341e-02
5.758331974475870974e-01,-1.387996312521715681e-01
5.758331974475870974e-01,-1.387996312521715681e-01
4.957335227574165004e-01,7.576522806649396702e-02
4.957335227574165004e-01,7.576522806649396702e-02
4.957335227574165004e-01,7.576522806649396702e-02
6.030746078601003646e-01,5.214030751642013961e-02
6.030746078601003646e-01,5.214030751642013961e-02
4.080842979154013506e-01,8.793060537226340956e-02
6.142715992261066349e-01,-9.906682143915798711e-02
6.142715992261066349e-01,-9.906682143915798711e-02
6.142715992261066349e-01,-9.906682143915798711e-02
7.457449788075241059e-01,-1.010317945900450626e-01
7.457449788075241059e-01,-1.010317945900450626e-01
7.457449788075241059e-01,-1.010317945900450626e-01
6.598832724692301754e-01,4.120084394663540983e-02
8.260130240605023655e-01,-7.045219938406703519e-02
8.268359129135050001e-01,4.636735985150382267e-02
9.212321605570467087e-01,-1.545079976751501105e-01
8.044206270386216051e-01,-4.803444914017103440e-02
8.208015538678349321e-01,-7.323385176529403906e-02
8.208015538678349321e-01,-7.323385176529403906e-02
8.496319192371665219e-01,-5.017535610674987712e-02
6.600732276601261050e-01,1.291107554107356892e-02
6.600732276601261050e-01,1.291107554107356892e-02
6.600732276601261050e-01,1.291107554107356892e-02
6.600732276601261050e-01,1.291107554107356892e-02
6.600732276601261050e-01,1.291107554107356892e-02
6.600732276601261050e-01,1.291107554107356892e-02
6.600732276601261050e-01,1.291107554107356892e-02
6.600732276601261050e-01,1.291107554107356892e-02
6.600732276601261050e-01,1.291107554107356892e-02
6.600732276601261050e-01,1.291107554107356892e-02
6.600732276601261050e-01,1.291107554107356892e-02
6.600732276601261050e-01,1.291107554107356892e-02
6.600732276601261050e-01,1.291107554107356892e-02
5.180808665007270442e-01,-6.194035038516343405e-02
5.180808665007270442e-01,-6.194035038516343405e-02
5.541160788709477147e-01,-1.043259068104475384e-01
6.669164656002992686e-01,8.061253844794127876e-03
6.669164656002992686e-01,8.061253844794127876e-03
6.669164656002992686e-01,8.061253844794127876e-03
5.965810769242807510e-01,2.503227648416871814e-02
5.965810769242807510e-01,2.503227648416871814e-02
5.965810769242807510e-01,2.503227648416871814e-02
5.965810769242807510e-01,2.503227648416871814e-02
6.096290673506126190e-01,1.966449943821085497e-02
6.096290673506126190e-01,1.966449943821085497e-02
6.096290673506126190e-01,1.966449943821085497e-02
6.096290673506126190e-01,1.966449943821085497e-02
7.365384312463076899e-01,1.122912047422188267e-02
7.335208805658524067e-01,-1.145312983358456466e-01
6.087608121124840066e-01,-4.008068694751860950e-02
6.916278455946089920e-01,6.406650170097953623e-02
6.916278455946089920e-01,6.406650170097953623e-02
6.916278455946089920e-01,6.406650170097953623e-02
6.916278455946089920e-01,6.406650170097953623e-02
6.916278455946089920e-01,6.406650170097953623e-02
4.271185363210152075e-01,1.504664573654848347e-01
4.271185363210152075e-01,1.504664573654848347e-01
4.271185363210152075e-01,1.504664573654848347e-01
4.271185363210152075e-01,1.504664573654848347e-01
5.495654973678193445e-01,1.523569847370222219e-01
5.495654973678193445e-01,1.523569847370222219e-01
5.495654973678193445e-01,1.523569847370222219e-01
6.016511080765810648e-01,3.156610881916505074e-02
6.016511080765810648e-01,3.156610881916505074e-02
6.016511080765810648e-01,3.156610881916505074e-02
5.712645315598772200e-01,1.459850361882880643e-01
6.063439090613912397e-01,2.812234181998735094e-02
6.063439090613912397e-01,2.812234181998735094e-02
6.063439090613912397e-01,2.812234181998735094e-02
7.527909567438333394e-01,1.149446132369160156e-01
7.527909567438333394e-01,1.149446132369160156e-01
8.363317354135110238e-01,7.938749936818330355e-02
8.216334766580718485e-01,2.412253646574463728e-03
8.216334766580718485e-01,2.412253646574463728e-03
6.956118176202268355e-01,9.128576255547891927e-02
6.956118176202268355e-01,9.128576255547891927e-02
8.028428528571642797e-01,-3.137696269826632800e-02
7.248761940530309422e-01,-3.802674501166697363e-02
7.661659214813170138e-01,3.198381098983098247e-02
8.635495053822482836e-01,-1.617040429237881494e-01
8.635495053822482836e-01,-1.617040429237881494e-01
8.305547927819668663e-01,-1.863962401261984314e-01
8.305547927819668663e-01,-1.863962401261984314e-01
8.256891256123801703e-01,-1.510593432712440676e-01
5.801733655564340619e-01,-7.001612693235297058e-02
5.801733655564340619e-01,-7.001612693235297058e-02
5.801733655564340619e-01,-7.001612693235297058e-02
5.379386897339069051e-01,-9.429406814827370753e-02
5.379386897339069051e-01,-9.429406814827370753e-02
5.379386897339069051e-01,-9.429406814827370753e-02
5.379386897339069051e-01,-9.429406814827370753e-02
5.379386897339069051e-01,-9.429406814827370753e-02
5.379386897339069051e-01,-9.429406814827370753e-02
5.379386897339069051e-01,-9.429406814827370753e-02
5.379386897339069051e-01,-9.429406814827370753e-02
5.379386897339069051e-01,-9.429406814827370753e-02
5.413490789206760745e-01,-1.611964988585150027e-01
5.413490789206760745e-01,-1.611964988585150027e-01
5.413490789206760745e-01,-1.611964988585150027e-01
5.413490789206760745e-01,-1.611964988585150027e-01
4.575149273291028162e-01,-1.000804621345125489e-01
4.575149273291028162e-01,-1.000804621345125489e-01
5.801637152662159069e-01,-1.738548028781541355e-01
5.801637152662159069e-01,-1.738548028781541355e-01
7.431434754946946164e-01,-1.334701635940091502e-02
7.431434754946946164e-01,-1.334701635940091502e-02
7.431434754946946164e-01,-1.334701635940091502e-02
7.431434754946946164e-01,-1.334701635940091502e-02
6.695062768665123176e-01,-3.779389854909530333e-02
6.850011282064756291e-01,1.784312085129329817e-01
7.029552664219587133e-01,1.518622917757052049e-01
6.256997730928752777e-01,5.913598308785655844e-02
6.256997730928752777e-01,5.913598308785655844e-02
6.256997730928752777e-01,5.913598308785655844e-02
6.256997730928752777e-01,5.913598308785655844e-02
6.405198268923271154e-01,-6.657491961049255558e-02
7.401214155376898418e-01,-1.195162815824375169e-01
7.731698010065514159e-01,-2.317478101708353444e-02
7.731698010065514159e-01,-2.317478101708353444e-02
5.520353200174249464e-01,5.948240386853280437e-02
5.520353200174249464e-01,5.948240386853280437e-02
6.790425219506762700e-01,5.751749287200998845e-02
5.935077188512322133e-01,-1.621384275362398042e-01
7.551685838896641245e-01,9.198697336724154239e-03
3.812197432883296933e-01,2.123417640283407626e-01
7.170456172345320844e-01,1.402006547878294485e-01
7.297369217628645321e-01,4.715158747641569337e-02
7.297369217628645321e-01,4.715158747641569337e-02
7.297369217628645321e-01,4.715158747641569337e-02
6.568716573662309877e-01,-3.298362743694668864e-02
6.568716573662309877e-01,-3.298362743694668864e-02
6.568716573662309877e-01,-3.298362743694668864e-02
6.568716573662309877e-01,-3.298362743694668864e-02
6.568716573662309877e-01,-3.298362743694668864e-02
6.568716573662309877e-01,-3.298362743694668864e-02
6.366683598075514317e-01,-1.217945234127566431e-02
6.366683598075514317e-01,-1.217945234127566431e-02
6.731719934887817614e-01,-1.461517605792108376e-01
6.899824863124728314e-01,-1.957844710147285672e-01
7.387507662463388414e-01,-1.015773785636020360e-01
7.387507662463388414e-01,-1.015773785636020360e-01
7.519083016828305155e-01,-9.887748860849455979e-02
6.775126497008576720e-01,-2.904624306682316859e-01
6.775126497008576720e-01,-2.904624306682316859e-01
6.775126497008576720e-01,-2.904624306682316859e-01
6.775126497008576720e-01,-2.904624306682316859e-01
8.118370856164525140e-01,7.366420238297494150e-02
8.118370856164525140e-01,7.366420238297494150e-02
8.118370856164525140e-01,7.366420238297494150e-02
8.118370856164525140e-01,7.366420238297494150e-02
6.122046850397804274e-01,7.388111466401021954e-02
6.521726236677428679e-01,-9.134483541934958206e-02
6.402158540812549203e-01,4.404866539853101448e-02
6.133196430112978215e-01,7.196559600067858886e-02
6.133196430112978215e-01,7.196559600067858886e-02
6.901532647949848442e-01,1.239109430946191415e-01
6.901532647949848442e-01,1.239109430946191415e-01
6.989506799824286576e-01,-6.831813597721098086e-02
6.989506799824286576e-01,-6.831813597721098086e-02
6.989506799824286576e-01,-6.831813597721098086e-02
6.989506799824286576e-01,-6.831813597721098086e-02
6.196183696247916650e-01,-6.460250041700900392e-02
6.196183696247916650e-01,-6.460250041700900392e-02
6.369268251109015955e-01,-1.236133775097611465e-03
6.369268251109015955e-01,-1.236133775097611465e-03
6.121892100251298263e-01,1.673548145320220837e-02
6.121892100251298263e-01,1.673548145320220837e-02
6.249256490068383352e-01,-1.343511039810202923e-01
6.249256490068383352e-01,-1.343511039810202923e-01
5.077062629880388922e-01,-9.742660999199059813e-02
5.077062629880388922e-01,-9.742660999199059813e-02
5.077062629880388922e-01,-9.742660999199059813e-02
5.077062629880388922e-01,-9.742660999199059813e-02
5.077062629880388922e-01,-9.742660999199059813e-02
4.812259419811393268e-01,-1.152842085145989875e-01
4.812259419811393268e-01,-1.152842085145989875e-01
4.812259419811393268e-01,-1.152842085145989875e-01
4.812259419811393268e-01,-1.152842085145989875e-01
3.534529635154010085e-01,8.992358696816653285e-02
7.281572041803001660e-01,2.444504244340559018e-02
7.281572041803001660e-01,2.444504244340559018e-02
7.281572041803001660e-01,2.444504244340559018e-02
8.040621331801413030e-01,6.143651461010864179e-02
7.834185497545662624e-01,2.969641779254360986e-02
9.153843270908549323e-01,1.555762033876799399e-01
9.153843270908549323e-01,1.555762033876799399e-01
1.030200465073080940e+00,-7.675331616516650746e-03
7.553944983140492564e-01,-1.910489590214873579e-01
7.553944983140492564e-01,-1.910489590214873579e-01
7.553944983140492564e-01,-1.910489590214873579e-01
7.553944983140492564e-01,-1.910489590214873579e-01
7.710695158183280551e-01,-3.223796244133011468e-01
7.222652006813867764e-01,-6.053375856786930020e-02
7.222652006813867764e-01,-6.053375856786930020e-02
7.282918323605692690e-01,7.499000415284590160e-02
7.696221416246116220e-01,-4.454120074701278797e-03
7.554594194919415084e-01,8.824118150404020033e-02
6.965866486204769226e-01,-2.846455833027602966e-03
6.965866486204769226e-01,-2.846455833027602966e-03
6.965866486204769226e-01,-2.846455833027602966e-03
6.965866486204769226e-01,-2.846455833027602966e-03
5.559961394588406325e-01,1.386904629512514808e-01
5.559961394588406325e-01,1.386904629512514808e-01
5.559961394588406325e-01,1.386904629512514808e-01
5.559961394588406325e-01,1.386904629512514808e-01
7.217398484663639646e-01,1.051930001817697469e-01
7.219024262472583109e-01,-3.703853498291989621e-02
7.785089033685675952e-01,-1.008275615796850044e-01
8.714638749886142177e-01,-1.274441299366609881e-01
8.714638749886142177e-01,-1.274441299366609881e-01
8.714638749886142177e-01,-1.274441299366609881e-01
9.850215660652996696e-01,-3.617022004597871820e-01
9.850215660652996696e-01,-3.617022004597871820e-01
9.850215660652996696e-01,-3.617022004597871820e-01
9.850215660652996696e-01,-3.617022004597871820e-01
9.850215660652996696e-01,-3.617022004597871820e-01
6.687627574419834353e-01,-3.582445829356407097e-01
8.388955821256298684e-01,-5.765246596732226392e-02
7.503120492975399181e-01,9.620436482463631811e-02
7.503120492975399181e-01,9.620436482463631811e-02
4.946810606206138994e-01,-6.121863728283866157e-02
4.946810606206138994e-01,-6.121863728283866157e-02
4.946810606206138994e-01,-6.121863728283866157e-02
4.946810606206138994e-01,-6.121863728283866157e-02
5.421171768846611005e-01,-1.370964926749217994e-01
5.421171768846611005e-01,-1.370964926749217994e-01
5.421171768846611005e-01,-1.370964926749217994e-01
5.731484996687460365e-01,6.806542012344252157e-02
5.731484996687460365e-01,6.806542012344252157e-02
5.729833228244293197e-01,-1.175710036383618151e-01
5.729833228244293197e-01,-1.175710036383618151e-01
5.729833228244293197e-01,-1.175710036383618151e-01
5.729833228244293197e-01,-1.175710036383618151e-01
5.729833228244293197e-01,-1.175710036383618151e-01
5.729833228244293197e-01,-1.175710036383618151e-01
5.729833228244293197e-01,-1.175710036383618151e-01
6.648481397922525460e-01,-1.281969042687721994e-01
6.648481397922525460e-01,-1.281969042687721994e-01
6.648481397922525460e-01,-1.281969042687721994e-01
6.818021959697315726e-01,-5.130202968987648826e-02
6.900080205015759471e-01,-2.296309254773032937e-01
7.097295838961092951e-01,-1.079768350281547079e-01
6.977925223009160405e-01,9.789691800084251994e-03
6.977925223009160405e-01,9.789691800084251994e-03
4.720078184147003530e-01,-1.317931664350341925e-01
4.720078184147003530e-01,-1.317931664350341925e-01
4.094022246213300797e-01,-1.053118235532279484e-01
3.474676254500760897e-01,-4.772354859256994902e-02
3.474676254500760897e-01,-4.772354859256994902e-02
3.474676254500760897e-01,-4.772354859256994902e-02
4.170914799324014766e-01,-1.668745016228827815e-01
4.170914799324014766e-01,-1.668745016228827815e-01
4.624212994966285795e-01,-1.729328156256469962e-01
5.566674850886336179e-01,-1.842076570497268584e-01
5.900370332592270728e-01,-2.088471550222952833e-01
6.640029429629545898e-01,-4.443993518533334575e-02
4.934430465980008673e-01,-2.310049965310671805e-02
4.934430465980008673e-01,-2.310049965310671805e-02
5.183507774721918260e-01,-1.017380271414857901e-01
5.183507774721918260e-01,-1.017380271414857901e-01
5.183507774721918260e-01,-1.017380271414857901e-01
4.436588360212402327e-01,-2.364830220943618388e-01
4.436588360212402327e-01,-2.364830220943618388e-01
5.460867244098324136e-01,-3.147489640970865810e-01
5.460867244098324136e-01,-3.147489640970865810e-01
7.090764726172729127e-01,-5.495560396919302315e-02
7.090764726172729127e-01,-5.495560396919302315e-02
6.720182461199480928e-01,-1.782255939656627319e-01
5.733842717573118808e-01,-9.149256473093110575e-02
4.226118616371838943e-01,1.288814951848207824e-02
5.967309800382117890e-01,-7.586491971574106652e-02
5.967309800382117890e-01,-7.586491971574106652e-02
4.942450259043700833e-01,-2.642958267316905530e-03
5.723320052955229720e-01,5.988976290104398859e-02
8.783831521617393445e-01,-1.291907372557743461e-01
5.645075974791819995e-01,1.187707912960872247e-01
5.645075974791819995e-01,1.187707912960872247e-01
5.645075974791819995e-01,1.187707912960872247e-01
5.645075974791819995e-01,1.187707912960872247e-01
6.335835610865707679e-01,1.626285490477182294e-01
6.057176354253830386e-01,2.052868874916250475e-01
6.057176354253830386e-01,2.052868874916250475e-01
5.386393696881877080e-01,1.882589869462166221e-01
5.744691706031450629e-01,1.436454249841978004e-01
4.755633704880679047e-01,6.510489314264045202e-02
4.750687145337432749e-01,4.335726291630356832e-03
4.750687145337432749e-01,4.335726291630356832e-03
4.750687145337432749e-01,4.335726291630356832e-03
6.366888221152471328e-01,-1.976446779883411220e-01
6.853715085075298141e-01,-5.482122481123485880e-02
6.990636967689987102e-01,-4.742946695844248162e-02
6.990636967689987102e-01,-4.742946695844248162e-02
6.990636967689987102e-01,-4.742946695844248162e-02
5.453592843673785717e-01,-3.612165081905088782e-02
5.453592843673785717e-01,-3.612165081905088782e-02
5.453592843673785717e-01,-3.612165081905088782e-02
5.453592843673785717e-01,-3.612165081905088782e-02
6.662460242551863088e-01,-9.344312157073000891e-03
4.697194332663073846e-01,-2.115816032980025185e-02
4.697194332663073846e-01,-2.115816032980025185e-02
4.455271556397243371e-01,-1.589018613565061910e-01
4.455271556397243371e-01,-1.589018613565061910e-01
6.641112460708591403e-01,-2.052367088890315328e-01
6.537044421172046871e-01,-2.618534370089794505e-01
6.537044421172046871e-01,-2.618534370089794505e-01
6.537044421172046871e-01,-2.618534370089794505e-01
8.552390227636845754e-01,-2.503987733740053456e-01
5.242027176445975822e-01,-1.748649295190797814e-01
5.242027176445975822e-01,-1.748649295190797814e-01
5.242027176445975822e-01,-1.748649295190797814e-01
5.242027176445975822e-01,-1.748649295190797814e-01
5.242027176445975822e-01,-1.748649295190797814e-01
1.979866390481253569e-01,2.761130252296734033e-02
2.791706146931056676e-01,-2.040955590775450357e-01
4.078189143078171930e-01,-3.148821432350936145e-01
5.901415284393507488e-01,-3.887394489298522937e-01
5.901415284393507488e-01,-3.887394489298522937e-01
5.743346410544135638e-01,-4.042673054847424896e-01
3.787987520567154265e-01,-2.460015999072178161e-01
3.787987520567154265e-01,-2.460015999072178161e-01
3.787987520567154265e-01,-2.460015999072178161e-01
3.648480782888554041e-01,-3.194943025174322160e-01
5.146350160768824455e-01,-2.432461467097521424e-01
8.038331865087342543e-01,-1.429371731912724708e-01
7.607569898110252415e-01,-1.812226460225364877e-01
7.607569898110252415e-01,-1.812226460225364877e-01
7.198500656998112479e-01,-1.381735462780788459e-01
6.104327740906362321e-01,-1.104712930899688916e-01
7.304233164445218529e-01,1.952480580563587531e-01
7.304233164445218529e-01,1.952480580563587531e-01
6.602590097158570481e-01,9.788864460661081401e-02
6.602590097158570481e-01,9.788864460661081401e-02
6.602590097158570481e-01,9.788864460661081401e-02
5.942809520871319418e-01,9.401812707371318134e-02
5.942809520871319418e-01,9.401812707371318134e-02
5.942809520871319418e-01,9.401812707371318134e-02
4.949035920685768697e-01,1.785945387195075895e-01
5.484572215005123486e-01,8.567324536402998181e-02
5.119464642855919845e-01,4.466104466816920443e-02
3.858011798115371649e-01,1.642602870080100974e-01
4.705345064266647226e-01,2.955394113221879171e-02
3.424550967505676224e-01,1.416005736410171911e-01
3.886820286891049525e-01,2.522322815401025764e-01
6.809913795989648300e-01,-8.396522719921578615e-02
6.304407823647693032e-01,-2.792628562810167692e-02
7.413497841831044877e-01,-4.728707194807291181e-02
7.413497841831044877e-01,-4.728707194807291181e-02
6.694801390782137984e-01,6.137227059054831124e-02
6.694801390782137984e-01,6.137227059054831124e-02
6.152383987412261002e-01,1.455227721862691892e-01
6.152383987412261002e-01,1.455227721862691892e-01
6.152383987412261002e-01,1.455227721862691892e-01
6.152383987412261002e-01,1.455227721862691892e-01
6.152383987412261002e-01,1.455227721862691892e-01
5.788208302529098681e-01,-1.031969336981990726e-01
6.746225944388654083e-01,-2.188669699163149907e-01
6.238788316169596726e-01,-8.205161034380620277e-02
6.238788316169596726e-01,-8.205161034380620277e-02
6.238788316169596726e-01,-8.205161034380620277e-02
7.682466241424587006e-01,-1.454846077782905867e-01
7.682466241424587006e-01,-1.454846077782905867e-01
6.584257326828379941e-01,1.246410679066911609e-02
6.807603073111311298e-01,3.501375312646953786e-02
7.267258913644933926e-01,-6.589872870783226866e-03
7.427495484194420738e-01,4.388173734200030013e-02
4.726440014054031358e-01,2.137924405543202566e-03
3.478531481640861900e-01,-1.316412631298673197e-02
3.478531481640861900e-01,-1.316412631298673197e-02
3.478531481640861900e-01,-1.316412631298673197e-02
4.092135977629487997e-01,2.383254918037597259e-01
4.092135977629487997e-01,2.383254918037597259e-01
4.783231267305871337e-01,1.744303794155060983e-01
3.655116269351142977e-01,2.931203345681870909e-02
5.544845609295978583e-01,8.691993010911813755e-02
5.544845609295978583e-01,8.691993010911813755e-02
5.544845609295978583e-01,8.691993010911813755e-02
5.364647594407051523e-01,1.488115336441411252e-01
7.384928778606391075e-01,4.278202674839906572e-02
6.243177877136850684e-01,4.200150857195769638e-02
6.729281523656585051e-01,-7.626159041116388482e-02
7.687728383409970778e-01,-7.352955676049743872e-02
3.467713515293062709e-01,-2.310684927543963374e-01
6.164920038860859375e-01,-3.210602795357183070e-01
4.879376177104912671e-01,-2.555740550688071488e-01
8.859617942852620054e-01,-6.605994558599170841e-02
8.859617942852620054e-01,-6.605994558599170841e-02
6.948501106042834774e-01,-5.594158054710142436e-02
7.673970342294016422e-01,-1.152329059311607284e-01
7.673970342294016422e-01,-1.152329059311607284e-01
7.673970342294016422e-01,-1.152329059311607284e-01
7.673970342294016422e-01,-1.152329059311607284e-01
6.546998855361565450e-01,-1.349606741452798186e-01
6.546998855361565450e-01,-1.349606741452798186e-01
8.441970885229699295e-01,-1.217805990893035539e-01
5.502957606879375074e-01,5.435428256786464796e-02
5.492075894662549196e-01,-6.055817095892318536e-02
5.492075894662549196e-01,-6.055817095892318536e-02
4.317437136367042738e-01,-5.203488419565652917e-02
4.317437136367042738e-01,-5.203488419565652917e-02
4.317437136367042738e-01,-5.203488419565652917e-02
4.317437136367042738e-01,-5.203488419565652917e-02
3.025478384832594458e-01,3.814056791774798200e-02
3.025478384832594458e-01,3.814056791774798200e-02
5.251659129468564391e-01,-1.186719672538909254e-02
5.251659129468564391e-01,-1.186719672538909254e-02
5.251659129468564391e-01,-1.186719672538909254e-02
5.027121528052924671e-01,-2.404607586535336683e-01
5.027121528052924671e-01,-2.404607586535336683e-01
5.842878876838991653e-01,-1.963947726985099673e-01
6.521887032655718786e-01,-2.109654613104784415e-01
5.589335870409877227e-01,-1.922486913561318733e-01
5.589335870409877227e-01,-1.922486913561318733e-01
5.214149700507260121e-01,-1.099627946354059249e-02
5.222636505061589718e-01,-2.144348045543187364e-01
5.222636505061589718e-01,-2.144348045543187364e-01
4.915444639979225649e-01,1.071182843352592728e-01
4.915444639979225649e-01,1.071182843352592728e-01
4.915444639979225649e-01,1.071182843352592728e-01
4.915444639979225649e-01,1.071182843352592728e-01
4.915444639979225649e-01,1.071182843352592728e-01
4.316736468406120464e-01,9.592763522064681747e-02
4.341687576481860211e-01,9.169517711732771970e-02
5.484895365280277879e-01,-1.274670471604871513e-01
5.484895365280277879e-01,-1.274670471604871513e-01
5.484895365280277879e-01,-1.274670471604871513e-01
5.490120685570099024e-01,-1.896481542517136354e-01
5.490120685570099024e-01,-1.896481542517136354e-01
7.212478822264766221e-01,1.697636676136372313e-01
7.212478822264766221e-01,1.697636676136372313e-01
7.212478822264766221e-01,1.697636676136372313e-01
7.212478822264766221e-01,1.697636676136372313e-01
6.617592973441309701e-01,4.191061747227009526e-02
6.617592973441309701e-01,4.191061747227009526e-02
6.358311764615207640e-01,7.753687720981761178e-02
6.465893754840853491e-01,1.464472752929707466e-01
5.118458954748097423e-01,1.208683379790259499e-01
5.118458954748097423e-01,1.208683379790259499e-01
5.118458954748097423e-01,1.208683379790259499e-01
7.817571510523588785e-01,1.461943859559328429e-01
7.817571510523588785e-01,1.461943859559328429e-01
7.817571510523588785e-01,1.461943859559328429e-01
5.846152063948522049e-01,1.525542514622061641e-01
5.846152063948522049e-01,1.525542514622061641e-01
5.846152063948522049e-01,1.525542514622061641e-01
6.627984111878859608e-01,1.835996963025822992e-01
5.383261652573902989e-01,-7.618386123701240131e-02
5.383261652573902989e-01,-7.618386123701240131e-02
8.449474185743379717e-01,1.494675644413502869e-01
8.449474185743379717e-01,1.494675644413502869e-01
7.428640056931228308e-01,1.050227528245131492e-01
7.428640056931228308e-01,1.050227528245131492e-01
6.390664241565174875e-01,-1.273228604895493554e-01
6.390664241565174875e-01,-1.273228604895493554e-01
6.390664241565174875e-01,-1.273228604895493554e-01
6.390664241565174875e-01,-1.273228604895493554e-01
6.390664241565174875e-01,-1.273228604895493554e-01
8.135922077886720283e-01,-8.124674271799492420e-02
8.135922077886720283e-01,-8.124674271799492420e-02
8.260013188140764573e-01,-1.756460873818148638e-01
8.260013188140764573e-01,-1.756460873818148638e-01
8.963732121185500334e-01,-1.461024267056298676e-01
9.385335568902857251e-01,-6.419544405817297072e-02
9.385335568902857251e-01,-6.419544405817297072e-02
9.385335568902857251e-01,-6.419544405817297072e-02
6.117358166572861577e-01,-1.543306294012404545e-01
5.721459538090906127e-01,2.445510965922492730e-03
6.833556452568941841e-01,-3.261693353903360321e-02
6.833556452568941841e-01,-3.261693353903360321e-02
5.630303774735710975e-01,-5.273242058408597610e-02
5.630303774735710975e-01,-5.273242058408597610e-02
5.630303774735710975e-01,-5.273242058408597610e-02
5.630303774735710975e-01,-5.273242058408597610e-02
5.630303774735710975e-01,-5.273242058408597610e-02
5.885168793289993205e-01,2.630657231517470607e-02
6.295449155894444759e-01,1.148392988545908905e-01
6.295449155894444759e-01,1.148392988545908905e-01
6.295449155894444759e-01,1.148392988545908905e-01
4.876731738115303028e-01,2.050268232229422727e-02
4.876731738115303028e-01,2.050268232229422727e-02
3.966273044156386485e-01,1.357230933804195183e-01
3.021121850617334292e-01,-6.141974518420120766e-02
5.751332290760449162e-01,-1.461822141705884648e-03
5.751332290760449162e-01,-1.461822141705884648e-03
5.751332290760449162e-01,-1.461822141705884648e-03
5.104344240829392643e-01,-2.859339829087204771e-02
5.464330519911042572e-01,2.734040717926847913e-02
5.559512974529917662e-01,9.052535180638321410e-02
5.559512974529917662e-01,9.052535180638321410e-02
5.441700158238943486e-01,-3.223927412549933147e-02
5.857766706888729580e-01,-4.075744293499434373e-02
5.857766706888729580e-01,-4.075744293499434373e-02
5.726767276769358928e-01,-4.226850566549723853e-02
5.726767276769358928e-01,-4.226850566549723853e-02
5.726767276769358928e-01,-4.226850566549723853e-02
5.726767276769358928e-01,-4.226850566549723853e-02
6.496433901113528586e-01,3.928901992308962698e-02
6.496433901113528586e-01,3.928901992308962698e-02
6.583815688760702445e-01,-5.331315400483994937e-02
6.411877128265219827e-01,-3.823210204295355435e-02
8.268880875691830834e-01,-1.306049257338601222e-01
8.268880875691830834e-01,-1.306049257338601222e-01
6.773300903917416349e-01,5.258796788492087204e-02
6.773300903917416349e-01,5.258796788492087204e-02
6.470912880263568479e-01,6.933003182257164998e-02
4.860056316371594853e-01,-2.429879884682727975e-01
6.708838779115733342e-01,-1.810303158260334055e-01
6.708838779115733342e-01,-1.810303158260334055e-01
8.797933780352321653e-01,-1.175994643176190568e-01
6.652136488016237026e-01,-1.778522396330323163e-02
6.388094821551144609e-01,5.359995538720598030e-02
6.557720138362491680e-01,-5.715688961877272989e-02
7.665317372041111632e-01,2.991894125797095461e-02
7.866136811979763666e-01,1.558893139962602703e-02
8.775749701543718029e-01,-1.478716454889107135e-01
8.186987601547066618e-01,5.486474134195307162e-02
8.186987601547066618e-01,5.486474134195307162e-02
7.690163952722539609e-01,3.424807370873285406e-03
8.077111018395479736e-01,8.321421003445558795e-02
6.035916987989951021e-01,-4.984026871010074911e-02
6.035916987989951021e-01,-4.984026871010074911e-02
6.035916987989951021e-01,-4.984026871010074911e-02
6.035916987989951021e-01,-4.984026871010074911e-02
6.848793866694704580e-01,1.386915307971992306e-01
8.566234833442595287e-01,9.564140560914791145e-02
5.800283603019751322e-01,5.802307230534625715e-02
5.800283603019751322e-01,5.802307230534625715e-02
5.800283603019751322e-01,5.802307230534625715e-02
7.441787961801374918e-01,5.944647421826232403e-02
7.441787961801374918e-01,5.944647421826232403e-02
7.441787961801374918e-01,5.944647421826232403e-02
7.441787961801374918e-01,5.944647421826232403e-02
7.441787961801374918e-01,5.944647421826232403e-02
7.441787961801374918e-01,5.944647421826232403e-02
7.441787961801374918e-01,5.944647421826232403e-02
7.930192858508475773e-01,-5.168130514114599450e-02
5.223561963956144805e-01,-1.587917011500434294e-01
4.849806652471265744e-01,2.065936253688643864e-03
4.140006006510932313e-01,8.900775393251995904e-02
4.140006006510932313e-01,8.900775393251995904e-02
3.269346404850784760e-01,-5.162424856160989506e-02
3.506289086821492984e-01,-1.143851092652271029e-01
3.506289086821492984e-01,-1.143851092652271029e-01
3.506289086821492984e-01,-1.143851092652271029e-01
3.506289086821492984e-01,-1.143851092652271029e-01
3.506289086821492984e-01,-1.143851092652271029e-01
5.942085424164688101e-01,8.345691775794825129e-02
6.005336351204372258e-01,-1.472558288932233062e-01
6.005336351204372258e-01,-1.472558288932233062e-01
5.450391551613219532e-01,-2.039442834252075398e-02
5.450391551613219532e-01,-2.039442834252075398e-02
5.450391551613219532e-01,-2.039442834252075398e-02
5.450391551613219532e-01,-2.039442834252075398e-02
5.450391551613219532e-01,-2.039442834252075398e-02
6.790893568357577736e-01,6.393374869706473784e-02
5.575524248077350364e-01,1.604595949668940480e-01
5.450339416336592580e-01,1.352436973298288825e-01
5.450339416336592580e-01,1.352436973298288825e-01
5.450339416336592580e-01,1.352436973298288825e-01
5.450339416336592580e-01,1.352436973298288825e-01
4.389916962623371943e-01,1.262114640167401047e-01
4.389916962623371943e-01,1.262114640167401047e-01
5.970864105886058981e-01,1.573749477200044600e-01
5.970864105886058981e-01,1.573749477200044600e-01
5.970864105886058981e-01,1.573749477200044600e-01
5.970864105886058981e-01,1.573749477200044600e-01
5.970864105886058981e-01,1.573749477200044600e-01
7.006182776841594073e-01,1.885870284954098142e-01
7.792446713303489148e-01,5.744877190973277092e-02
7.792446713303489148e-01,5.744877190973277092e-02
7.792446713303489148e-01,5.744877190973277092e-02
7.792446713303489148e-01,5.744877190973277092e-02
7.792446713303489148e-01,5.744877190973277092e-02
7.792446713303489148e-01,5.744877190973277092e-02
7.552016538942831758e-01,-6.444849553970058431e-02
7.208558346097280189e-01,1.752357382854202728e-03
7.208558346097280189e-01,1.752357382854202728e-03
8.370226495816939227e-01,-6.049566734887749236e-02
8.370226495816939227e-01,-6.049566734887749236e-02
8.370226495816939227e-01,-6.049566734887749236e-02
8.370226495816939227e-01,-6.049566734887749236e-02
8.370226495816939227e-01,-6.049566734887749236e-02
8.370226495816939227e-01,-6.049566734887749236e-02
5.113837247687389453e-01,-6.236129679825790084e-02
5.113837247687389453e-01,-6.236129679825790084e-02
4.173089908202332055e-01,-5.559241925200267276e-02
3.836213073142034635e-01,-1.403934180476534288e-01
5.952764660589658918e-01,1.080806251698331333e-01
5.952764660589658918e-01,1.080806251698331333e-01
5.124005988334034978e-01,2.455449273933416054e-01
5.124005988334034978e-01,2.455449273933416054e-01
5.124005988334034978e-01,2.455449273933416054e-01
5.124005988334034978e-01,2.455449273933416054e-01
5.124005988334034978e-01,2.455449273933416054e-01
5.124005988334034978e-01,2.455449273933416054e-01
7.364162309409396645e-01,1.132876557360464331e-01
7.364162309409396645e-01,1.132876557360464331e-01
7.364162309409396645e-01,1.132876557360464331e-01
7.364162309409396645e-01,1.132876557360464331e-01
7.561717519714066249e-01,4.746997472730996037e-03
5.625410204575252981e-01,-9.745358951329700925e-02
6.078677054653688350e-01,-7.292133744045706245e-02
6.078677054653688350e-01,-7.292133744045706245e-02
6.117810958289517931e-01,-7.300799682726140383e-02
4.106810543783664391e-01,1.133613740210024506e-01
3.418061843694844004e-01,2.850482980445348535e-01
3.418061843694844004e-01,2.850482980445348535e-01
4.692390651967313087e-01,2.083717238284016893e-01
3.724242832966284666e-01,1.547797593901650004e-01
3.724242832966284666e-01,1.547797593901650004e-01
3.724242832966284666e-01,1.547797593901650004e-01
3.724242832966284666e-01,1.547797593901650004e-01
5.225374749661967355e-01,2.855760175721033800e-02
5.225374749661967355e-01,2.855760175721033800e-02
5.225374749661967355e-01,2.855760175721033800e-02
6.585810447141218216e-01,-8.111937478941981527e-02
6.585810447141218216e-01,-8.111937478941981527e-02
6.585810447141218216e-01,-8.111937478941981527e-02
7.648126503060258541e-01,-1.132126588226080310e-01
7.648126503060258541e-01,-1.132126588226080310e-01
7.648126503060258541e-01,-1.132126588226080310e-01
3.930731541409855367e-01,1.341510444873150742e-02
3.930731541409855367e-01,1.341510444873150742e-02
3.651303080590390659e-01,-1.976958236632055943e-01
3.651303080590390659e-01,-1.976958236632055943e-01
2.718225205734568495e-01,-2.394630388560529954e-01
2.718225205734568495e-01,-2.394630388560529954e-01
2.718225205734568495e-01,-2.394630388560529954e-01
2.851441527139839671e-01,-2.314830923284826869e-01
2.851441527139839671e-01,-2.314830923284826869e-01
3.469701884444058027e-01,-1.728343127202262575e-01
3.469701884444058027e-01,-1.728343127202262575e-01
3.469701884444058027e-01,-1.728343127202262575e-01
2.490764275288107066e-01,1.347746465403498739e-02
2.727991749577793890e-01,-2.212763449502656160e-02
2.727991749577793890e-01,-2.212763449502656160e-02
2.727991749577793890e-01,-2.212763449502656160e-02
2.727991749577793890e-01,-2.212763449502656160e-02
2.727991749577793890e-01,-2.212763449502656160e-02
2.727991749577793890e-01,-2.212763449502656160e-02
2.727991749577793890e-01,-2.212763449502656160e-02
2.594089961643301079e-01,1.074156910495251416e-01
2.594089961643301079e-01,1.074156910495251416e-01
2.594089961643301079e-01,1.074156910495251416e-01
2.594089961643301079e-01,1.074156910495251416e-01
5.072794119878692998e-01,9.178885984050542957e-02
4.774871712817424507e-01,-1.817275462401070629e-01
4.774871712817424507e-01,-1.817275462401070629e-01
5.986106021456634174e-01,-1.831567501201929460e-01
5.986106021456634174e-01,-1.831567501201929460e-01
4.824747798082634764e-01,-1.289327109905223923e-01
4.571910757736883379e-01,-2.350906169283215053e-02
6.798594556226849051e-01,8.495509391976549529e-02
5.808042025792237162e-01,6.874156960755259393e-02
6.473483243095503603e-01,-1.057998955744366143e-01
6.473483243095503603e-01,-1.057998955744366143e-01
5.977993309592494198e-01,-2.347280747579623406e-02
5.977993309592494198e-01,-2.347280747579623406e-02
5.977993309592494198e-01,-2.347280747579623406e-02
5.977993309592494198e-01,-2.347280747579623406e-02
5.111773819707371436e-01,-9.482781647462337760e-02
6.135936710659746218e-01,-8.242897949398000912e-02
7.431446592111250471e-01,-2.199320331695467923e-01
8.100183272979901705e-01,-1.617263409210581704e-01
8.606443446735712044e-01,1.508289487462044220e-01
8.606443446735712044e-01,1.508289487462044220e-01
6.950506105355606090e-01,1.676158100229931391e-01
6.950506105355606090e-01,1.676158100229931391e-01
6.950506105355606090e-01,1.676158100229931391e-01
7.274728706110429322e-01,1.373413821899756304e-01
7.274728706110429322e-01,1.373413821899756304e-01
6.631080608777659702e-01,4.328263106471481880e-02
6.426939184957122242e-01,2.627571722306997967e-02
5.405000971102669194e-01,1.514316146946544650e-01
5.266257692206293139e-01,8.354615046130481337e-02
5.266257692206293139e-01,8.354615046130481337e-02
5.266257692206293139e-01,8.354615046130481337e-02
5.266257692206293139e-01,8.354615046130481337e-02
7.789222806180071679e-01,3.085555517629453570e-01
7.929763353764773814e-01,3.086928223795831761e-01
6.798590564964895888e-01,9.631322418705548505e-02
6.798590564964895888e-01,9.631322418705548505e-02
6.798590564964895888e-01,9.631322418705548505e-02
6.798590564964895888e-01,9.631322418705548505e-02
7.801834353284744505e-01,-4.457982390734013811e-02
7.801834353284744505e-01,-4.457982390734013811e-02
7.801834353284744505e-01,-4.457982390734013811e-02
7.356365471479582308e-01,-2.187081906060331371e-03
7.356365471479582308e-01,-2.187081906060331371e-03
7.356365471479582308e-01,-2.187081906060331371e-03
6.966941606232496254e-01,-2.672739694349462319e-02
5.870416108730456273e-01,-1.808276729428967833e-01
7.025257935039754820e-01,3.961487097307028749e-02
6.667529885252594379e-01,6.958287764690744559e-02
5.232381076281537036e-01,3.606389845937544442e-02
6.017532546742869748e-01,8.070149978234116006e-02
4.098902871043548224e-01,8.990891864575636938e-02
6.504202672276375718e-01,-3.435425686837344228e-02
6.504202672276375718e-01,-3.435425686837344228e-02
6.504202672276375718e-01,-3.435425686837344228e-02
6.215389332295793157e-01,6.679716961522839946e-02
6.215389332295793157e-01,6.679716961522839946e-02
6.563309842066824551e-01,1.322976333934808985e-02
4.315961225511334987e-01,7.499796821618173737e-02
4.398358745556160687e-01,-7.286232508084614090e-02
7.853744406483200713e-01,1.278482942503048059e-01
7.853744406483200713e-01,1.278482942503048059e-01
8.399241568359444576e-01,2.658185732782052391e-01
8.399241568359444576e-01,2.658185732782052391e-01
5.590939293051571113e-01,2.457616456517001113e-01
5.590939293051571113e-01,2.457616456517001113e-01
5.376101188928104069e-01,1.480897152047533916e-01
5.376101188928104069e-01,1.480897152047533916e-01
6.904003836123160376e-01,6.963634467562522523e-02
6.904003836123160376e-01,6.963634467562522523e-02
6.904003836123160376e-01,6.963634467562522523e-02
6.904003836123160376e-01,6.963634467562522523e-02
6.904003836123160376e-01,6.963634467562522523e-02
6.289161050071711001e-01,-1.022802635567062329e-01
5.530307791307895737e-01,-9.347929967254051120e-02
5.530307791307895737e-01,-9.347929967254051120e-02
5.530307791307895737e-01,-9.347929967254051120e-02
5.743600272383379002e-01,2.720493613788334264e-02
5.743600272383379002e-01,2.720493613788334264e-02
5.008896531498379101e-01,8.113943877430765395e-02
5.008896531498379101e-01,8.113943877430765395e-02
3.390439522899760805e-01,1.477298973974193463e-02
3.390439522899760805e-01,1.477298973974193463e-02
3.434169102414221242e-01,2.533888678272828709e-01
2.529487291524479819e-01,1.097296282977777426e-01
2.529487291524479819e-01,1.097296282977777426e-01
2.529487291524479819e-01,1.097296282977777426e-01
2.529487291524479819e-01,1.097296282977777426e-01
2.234985729727517745e-01,3.840395957988701481e-02
5.413032745593606698e-01,6.504661482034092279e-02
6.046269016860330581e-01,5.603297323310069133e-02
5.344832861571637839e-01,1.392700687436711215e-01
5.344832861571637839e-01,1.392700687436711215e-01
5.344832861571637839e-01,1.392700687436711215e-01
4.989454713549061893e-01,1.603465263889349290e-01
5.177891316041064451e-01,1.639184578101531287e-01
4.856856765297658529e-01,-3.448873195893989441e-02
4.638653866096666967e-01,1.037885699897097003e-01
4.267381662750961424e-01,-1.281404056847118555e-02
4.267381662750961424e-01,-1.281404056847118555e-02
3.855206047436120498e-01,-5.218764458497120347e-03
5.184852091530717244e-01,-1.088310044064498827e-01
5.184852091530717244e-01,-1.088310044064498827e-01
5.184852091530717244e-01,-1.088310044064498827e-01
6.232689385977958629e-01,-2.570695067412069879e-01
7.815345116905324518e-01,-3.610425542249152686e-01
7.815345116905324518e-01,-3.610425542249152686e-01
8.448031046197664873e-01,2.364416517345391267e-02
8.448031046197664873e-01,2.364416517345391267e-02
8.448031046197664873e-01,2.364416517345391267e-02
8.448031046197664873e-01,2.364416517345391267e-02
8.448031046197664873e-01,2.364416517345391267e-02
5.817937755548667766e-01,2.238759138908821000e-01
5.907044991765052488e-01,3.676769399691237616e-02
3.830209465079260078e-01,2.736724061595880580e-02
2.989049034380278358e-01,4.297948168606977037e-02
4.768255391560812795e-01,1.516119977076001990e-01
4.768255391560812795e-01,1.516119977076001990e-01
4.511897306876327396e-01,-7.981408292734071264e-02
4.511897306876327396e-01,-7.981408292734071264e-02
4.841335598373240900e-01,2.815313025879856434e-02
4.841335598373240900e-01,2.815313025879856434e-02
4.841335598373240900e-01,2.815313025879856434e-02
4.104104694892525274e-01,1.015808941596909043e-01
4.104104694892525274e-01,1.015808941596909043e-01
7.637697979793565128e-01,6.160735979124504214e-04
7.637697979793565128e-01,6.160735979124504214e-04
7.748509634501848931e-01,5.916839567584179782e-02
7.748509634501848931e-01,5.916839567584179782e-02
7.748509634501848931e-01,5.916839567584179782e-02
7.533089643701650351e-01,-5.179788725075555600e-02
7.140629041313184544e-01,2.791181717088227210e-02
4.507068646281819913e-01,4.240721817981787239e-02
6.444046871631419204e-01,1.886173275698606600e-01
8.075678798537031522e-01,1.808228975252699489e-01
8.075678798537031522e-01,1.808228975252699489e-01
7.976979687135257180e-01,5.139545215071250617e-02
5.162635998986329078e-01,1.921032881233694922e-01
7.371442135654691086e-01,1.637480778622650290e-01
6.923315113407647603e-01,2.322093097186409549e-01
6.923315113407647603e-01,2.322093097186409549e-01
6.923315113407647603e-01,2.322093097186409549e-01
6.923315113407647603e-01,2.322093097186409549e-01
7.273110296565407085e-01,1.988403654388154473e-02
7.273110296565407085e-01,1.988403654388154473e-02
6.451427342749203042e-01,1.682513038625146062e-01
6.059811420142436900e-01,1.767270338034049593e-01
6.059811420142436900e-01,1.767270338034049593e-01
6.059811420142436900e-01,1.767270338034049593e-01
6.059811420142436900e-01,1.767270338034049593e-01
6.140465654379120286e-01,2.604971217575665632e-01
5.319978310525141918e-01,1.107193574931057412e-01
5.319978310525141918e-01,1.107193574931057412e-01
5.319978310525141918e-01,1.107193574931057412e-01
4.622305689588249722e-01,-1.796354487007581491e-02
4.622305689588249722e-01,-1.796354487007581491e-02
7.395127465853787996e-01,-1.713055380018062984e-02
7.486802942931699567e-01,-3.206600832603188206e-03
7.486802942931699567e-01,-3.206600832603188206e-03
7.129815772748152591e-01,-2.645885762190083781e-03
7.057505022339122247e-01,-4.062378464509398129e-02
5.303146687131838899e-01,-1.105068302845742534e-01
5.303146687131838899e-01,-1.105068302845742534e-01
6.839708175974082982e-01,-1.020124575788825816e-01
6.839708175974082982e-01,-1.020124575788825816e-01
6.839708175974082982e-01,-1.020124575788825816e-01
7.238113043343139541e-01,8.716747693066753677e-03
8.687156850931858632e-01,2.136592163196693317e-02
8.687156850931858632e-01,2.136592163196693317e-02
8.736905777073256107e-01,1.684202191458963882e-01
8.736905777073256107e-01,1.684202191458963882e-01
8.736905777073256107e-01,1.684202191458963882e-01
8.736905777073256107e-01,1.684202191458963882e-01
9.111543092022237333e-01,-3.720133010038562116e-02
7.265725543527342678e-01,-9.872679756348681779e-02
7.265725543527342678e-01,-9.872679756348681779e-02
7.265725543527342678e-01,-9.872679756348681779e-02
6.565133690388670340e-01,-1.181930141513187205e-01
6.565133690388670340e-01,-1.181930141513187205e-01
6.565133690388670340e-01,-1.181930141513187205e-01
7.051236850895754582e-01,1.803767659264379764e-02
7.051236850895754582e-01,1.803767659264379764e-02
7.051236850895754582e-01,1.803767659264379764e-02
7.399724527670829000e-01,-1.563355565609892556e-02
7.399724527670829000e-01,-1.563355565609892556e-02
7.399724527670829000e-01,-1.563355565609892556e-02
6.791268656759816835e-01,-6.060380768345005609e-02
6.791268656759816835e-01,-6.060380768345005609e-02
6.791268656759816835e-01,-6.060380768345005609e-02
6.791268656759816835e-01,-6.060380768345005609e-02
5.077749564700001494e-01,-1.236175310645750564e-01
5.860828525843773118e-01,5.626609622847653092e-03
5.860828525843773118e-01,5.626609622847653092e-03
7.516825107810203299e-01,6.389224500385243255e-02
7.933085255239025191e-01,1.360915678915101124e-01
7.933085255239025191e-01,1.360915678915101124e-01
7.933085255239025191e-01,1.360915678915101124e-01
6.219812413304273147e-01,7.936442414369145049e-02
6.219812413304273147e-01,7.936442414369145049e-02
4.704748775593630139e-01,1.111035119072425748e-01
4.704748775593630139e-01,1.111035119072425748e-01
5.453574730405594817e-01,2.110124454749789935e-01
5.453574730405594817e-01,2.110124454749789935e-01
5.453574730405594817e-01,2.110124454749789935e-01
3.916842496769620263e-01,1.225952804280350111e-01
3.916842496769620263e-01,1.225952804280350111e-01
4.461936975183549703e-01,-1.930330042417270353e-01
4.810889708542059884e-01,-1.987840932669278360e-01
5.704292109737437722e-01,-9.176319167326893456e-02
5.704292109737437722e-01,-9.176319167326893456e-02
5.124722298012502897e-01,-8.861342712291225832e-02
4.939040808469096766e-01,-3.776012943248231030e-02
4.667041228240985107e-01,-7.577731845943447286e-02
4.667041228240985107e-01,-7.577731845943447286e-02
3.271742624564275559e-01,-3.370457336373408608e-03
3.271742624564275559e-01,-3.370457336373408608e-03
3.271742624564275559e-01,-3.370457336373408608e-03
3.372843715419611699e-01,1.301903070490734171e-01
4.379292807361577222e-01,3.549588602746933663e-02
3.031746545204181409e-01,-1.514802648667014640e-01
5.231886756187424936e-01,7.583014285356204365e-02
4.027671987790499841e-01,-1.776416070819618331e-02
4.027671987790499841e-01,-1.776416070819618331e-02
3.424256256954961164e-01,-2.109972933747261692e-03
3.424256256954961164e-01,-2.109972933747261692e-03
4.242138246688593184e-01,-2.016999049744762351e-01
4.672177752266257755e-01,-7.153212281595577871e-02
4.672177752266257755e-01,-7.153212281595577871e-02
4.672177752266257755e-01,-7.153212281595577871e-02
4.672177752266257755e-01,-7.153212281595577871e-02
4.672177752266257755e-01,-7.153212281595577871e-02
4.672177752266257755e-01,-7.153212281595577871e-02
4.672177752266257755e-01,-7.153212281595577871e-02
4.373210873354685946e-01,2.997841707877448025e-02
5.948938255268145792e-01,5.507273004540399336e-02
3.898224254762124863e-01,-1.440489457919003624e-01
5.533293857061565291e-01,-1.780092117214144287e-01
5.533293857061565291e-01,-1.780092117214144287e-01
5.302021169854875815e-01,-2.877348285544568673e-01
5.302021169854875815e-01,-2.877348285544568673e-01
5.439333979762048799e-01,-2.391443934516943315e-01
5.439333979762048799e-01,-2.391443934516943315e-01
5.439333979762048799e-01,-2.391443934516943315e-01
5.621863805484198506e-01,-1.159452585123501300e-01
5.621863805484198506e-01,-1.159452585123501300e-01
5.621863805484198506e-01,-1.159452585123501300e-01
5.878605807043004727e-01,1.772321131378118420e-02
5.878605807043004727e-01,1.772321131378118420e-02
4.929891893061899011e-01,-5.239892466170929797e-02
4.847040961771535428e-01,1.748566987526405103e-02
6.608465436514574520e-01,-2.005876321054401168e-01
3.889815282276423702e-01,3.816729755166664573e-02
5.929899204241222410e-01,-1.868860171448365470e-01
5.929899204241222410e-01,-1.868860171448365470e-01
6.398144198085141676e-01,2.300678586476733734e-01
6.460700062781673525e-01,5.924700449775877065e-02
4.919872201056567640e-01,4.451290969640709499e-02
4.919872201056567640e-01,4.451290969640709499e-02
4.919872201056567640e-01,4.451290969640709499e-02
4.141356421087325490e-01,1.690732325265903446e-01
5.313384848746764977e-01,2.538055585707190698e-01
5.313384848746764977e-01,2.538055585707190698e-01
5.313384848746764977e-01,2.538055585707190698e-01
5.313384848746764977e-01,2.538055585707190698e-01
5.501798128068545735e-01,2.641017140501874527e-01
5.501798128068545735e-01,2.641017140501874527e-01
3.724147645334918710e-01,2.297314219028291915e-01
5.145431150836439205e-01,9.092604944476612161e-02
5.145431150836439205e-01,9.092604944476612161e-02
5.145431150836439205e-01,9.092604944476612161e-02
5.145431150836439205e-01,9.092604944476612161e-02
5.145431150836439205e-01,9.092604944476612161e-02
7.177099833509803517e-01,-8.234103274682380569e-03
7.177099833509803517e-01,-8.234103274682380569e-03
7.177099833509803517e-01,-8.234103274682380569e-03
7.177099833509803517e-01,-8.234103274682380569e-03
7.177099833509803517e-01,-8.234103274682380569e-03
5.433698840808021124e-01,-6.029395540121299663e-02
7.549328086530067150e-01,-2.368123956510691935e-02
8.300827533888275322e-01,1.147910489062935746e-01
5.452792233432802727e-01,-2.147933137250749025e-01
5.354703969556862120e-01,2.909600798026590329e-02
5.354703969556862120e-01,2.909600798026590329e-02
6.085159602395556755e-01,1.351060942382937835e-01
6.755688126500704049e-01,4.727301284256101022e-02
6.755688126500704049e-01,4.727301284256101022e-02
6.575928612781744009e-01,5.398448206892982049e-03
6.575928612781744009e-01,5.398448206892982049e-03
6.575928612781744009e-01,5.398448206892982049e-03
6.575928612781744009e-01,5.398448206892982049e-03
3.607527229361821020e-01,-1.827495630297094886e-02
4.612095691159500133e-01,2.959166255041515564e-02
4.612095691159500133e-01,2.959166255041515564e-02
4.612095691159500133e-01,2.959166255041515564e-02
6.781026989187507459e-01,6.812509336115030179e-02
6.781026989187507459e-01,6.812509336115030179e-02
6.781026989187507459e-01,6.812509336115030179e-02
7.357797446911323869e-01,-8.791352818582195972e-02
7.357797446911323869e-01,-8.791352818582195972e-02
7.357797446911323869e-01,-8.791352818582195972e-02
5.343639249533245206e-01,-2.832364949985120006e-01
3.055344847046503887e-01,-1.494449142009952602e-01
2.694423046723000703e-01,4.395127258130598902e-02
3.120037018774912130e-01,4.430264411892919502e-02
4.810631593180657584e-01,3.272419141001368659e-01
4.810631593180657584e-01,3.272419141001368659e-01
4.810631593180657584e-01,3.272419141001368659e-01
4.810631593180657584e-01,3.272419141001368659e-01
3.541437001338225143e-01,2.482171430054352923e-01
2.892496047699371076e-01,-3.695821093882895036e-02
2.892496047699371076e-01,-3.695821093882895036e-02
2.892496047699371076e-01,-3.695821093882895036e-02
2.892496047699371076e-01,-3.695821093882895036e-02
2.892496047699371076e-01,-3.695821093882895036e-02
2.892496047699371076e-01,-3.695821093882895036e-02
2.892496047699371076e-01,-3.695821093882895036e-02
5.346929907413954242e-01,9.435443582976915655e-02
5.346929907413954242e-01,9.435443582976915655e-02
5.346929907413954242e-01,9.435443582976915655e-02
5.239324481111907739e-01,-9.465534633715480539e-03
5.239324481111907739e-01,-9.465534633715480539e-03
5.239324481111907739e-01,-9.465534633715480539e-03
5.333148202944323346e-01,-7.844938830104473959e-02
4.744080258945909678e-01,7.097153282575284494e-02
6.356780306671506731e-01,9.617385666917091513e-02
7.359441346886673729e-01,-7.166037496957169961e-02
6.756078341954514510e-01,-2.795616071600443009e-02
6.756078341954514510e-01,-2.795616071600443009e-02
4.370545820256801495e-01,-1.371497469057228191e-01
4.019103812260028663e-01,-9.018238542109233147e-02
4.019103812260028663e-01,-9.018238542109233147e-02
4.019103812260028663e-01,-9.018238542109233147e-02
6.484754594624357882e-01,-2.839444710834136687e-02
5.995783340551760210e-01,-4.022907558022166541e-02
6.169319082098606577e-01,-4.228994695431349121e-02
6.169319082098606577e-01,-4.228994695431349121e-02
6.169319082098606577e-01,-4.228994695431349121e-02
6.169319082098606577e-01,-4.228994695431349121e-02
6.169319082098606577e-01,-4.228994695431349121e-02
4.720819441672107208e-01,3.853274004988457152e-02
4.720819441672107208e-01,3.853274004988457152e-02
4.720819441672107208e-01,3.853274004988457152e-02
4.720819441672107208e-01,3.853274004988457152e-02
4.720819441672107208e-01,3.853274004988457152e-02
4.720819441672107208e-01,3.853274004988457152e-02
6.540995310161336063e-01,2.449631053051576635e-01
6.538976407126906309e-01,1.885401415758224952e-01
6.538976407126906309e-01,1.885401415758224952e-01
6.538976407126906309e-01,1.885401415758224952e-01
7.400609298678452186e-01,1.487600832744666868e-01
7.400609298678452186e-01,1.487600832744666868e-01
8.398473743993808416e-01,1.132886622067798277e-01
6.705969628539379945e-01,-6.651378695638954230e-02
7.989161920857690280e-01,-1.142537775135203382e-01
9.878310274240280631e-01,-2.255083260264537093e-02
9.878310274240280631e-01,-2.255083260264537093e-02
9.878310274240280631e-01,-2.255083260264537093e-02
9.878310274240280631e-01,-2.255083260264537093e-02
1.021078876441363859e+00,-2.535258416128453873e-02
1.021078876441363859e+00,-2.535258416128453873e-02
9.200222439089762450e-01,2.439388938444621568e-01
9.200222439089762450e-01,2.439388938444621568e-01
9.200222439089762450e-01,2.439388938444621568e-01
9.200222439089762450e-01,2.439388938444621568e-01
7.347015302886825694e-01,-2.034460477933890954e-01
6.035531858077943790e-01,-1.568300212177574926e-01
4.178194476802966628e-01,-1.061373518652229120e-01
5.268898431190919274e-01,-1.253591500265040237e-02
6.494572211789259031e-01,-7.395668414679584801e-02
6.494572211789259031e-01,-7.395668414679584801e-02
6.494572211789259031e-01,-7.395668414679584801e-02
6.494572211789259031e-01,-7.395668414679584801e-02
6.494572211789259031e-01,-7.395668414679584801e-02
7.411781817162397257e-01,-5.337626989251373355e-03
7.411781817162397257e-01,-5.337626989251373355e-03
7.857227185053150542e-01,7.440969287105657359e-02
7.128788034515869398e-01,-1.969058124240337382e-02
6.443850527529653149e-01,1.077221299305408803e-01
6.443850527529653149e-01,1.077221299305408803e-01
5.562948045877271763e-01,1.717230110150035072e-01
7.718152979113801493e-01,6.771812643515169594e-02
7.718152979113801493e-01,6.771812643515169594e-02
7.718152979113801493e-01,6.771812643515169594e-02
7.718152979113801493e-01,6.771812643515169594e-02
7.718152979113801493e-01,6.771812643515169594e-02
7.718152979113801493e-01,6.771812643515169594e-02
7.613187887595784797e-01,9.957605201468977540e-02
7.613187887595784797e-01,9.957605201468977540e-02
7.613187887595784797e-01,9.957605201468977540e-02
8.228235650517384814e-01,3.466978019286959256e-02
8.228235650517384814e-01,3.466978019286959256e-02
8.228235650517384814e-01,3.466978019286959256e-02
8.228235650517384814e-01,3.466978019286959256e-02
5.160282234136170931e-01,-2.514312444803271096e-01
5.160282234136170931e-01,-2.514312444803271096e-01
5.160282234136170931e-01,-2.514312444803271096e-01
7.316454273102139805e-01,2.590817157814850891e-02
8.307645589418115595e-01,6.962984862236465400e-02
8.858010535813707342e-01,-2.466054274672532798e-02
8.858010535813707342e-01,-2.466054274672532798e-02
8.858010535813707342e-01,-2.466054274672532798e-02
8.495365438892636956e-01,-1.269462783997136190e-01
8.495365438892636956e-01,-1.269462783997136190e-01
8.107100658257713199e-01,-1.026245702292024192e-01
6.722917778063589589e-01,-1.484871435390574257e-01
6.722917778063589589e-01,-1.484871435390574257e-01
6.722917778063589589e-01,-1.484871435390574257e-01
5.766821905512431456e-01,4.674734690103563017e-02
5.766821905512431456e-01,4.674734690103563017e-02
5.766821905512431456e-01,4.674734690103563017e-02
6.000383415127025222e-01,-1.851163752566337140e-02
6.000383415127025222e-01,-1.851163752566337140e-02
6.000383415127025222e-01,-1.851163752566337140e-02
5.239807880100680881e-01,2.459950882234468450e-02
5.239807880100680881e-01,2.459950882234468450e-02
5.303970725229674166e-01,8.574743881711383020e-02
5.303970725229674166e-01,8.574743881711383020e-02
5.303970725229674166e-01,8.574743881711383020e-02
5.303970725229674166e-01,8.574743881711383020e-02
6.778521638277978933e-01,1.013855965462454878e-01
7.715531508449844367e-01,-1.310917575842231730e-01
7.715531508449844367e-01,-1.310917575842231730e-01
7.715531508449844367e-01,-1.310917575842231730e-01
5.606017662482952746e-01,-7.712436673873723780e-04
5.058573753960118324e-01,2.306238271873867485e-01
4.075428706822940006e-01,2.467245925881686175e-01
3.858584153332048627e-01,2.762245433765616598e-01
3.620570299227789945e-01,2.596666842899963412e-01
3.756729299950817280e-01,1.090704262335005226e-01
3.291170757434095373e-01,1.534017397858167819e-01
3.291170757434095373e-01,1.534017397858167819e-01
3.291170757434095373e-01,1.534017397858167819e-01
3.466071072519711915e-01,1.674829656702331859e-01
3.466071072519711915e-01,1.674829656702331859e-01
2.666046104587382337e-01,1.095209507447455488e-01
2.666046104587382337e-01,1.095209507447455488e-01
2.666046104587382337e-01,1.095209507447455488e-01
3.233387922568223827e-01,2.277634859094218589e-01
3.233387922568223827e-01,2.277634859094218589e-01
3.233387922568223827e-01,2.277634859094218589e-01
1.320750385505532754e-01,1.510669535023156929e-03
1.320750385505532754e-01,1.510669535023156929e-03
2.620066647091651157e-01,1.274094916461922938e-02
2.368983663584597887e-01,8.645645199295581840e-02
2.368983663584597887e-01,8.645645199295581840e-02
2.368983663584597887e-01,8.645645199295581840e-02
2.368983663584597887e-01,8.645645199295581840e-02
2.368983663584597887e-01,8.645645199295581840e-02
2.368983663584597887e-01,8.645645199295581840e-02
2.368983663584597887e-01,8.645645199295581840e-02
2.368983663584597887e-01,8.645645199295581840e-02
2.368983663584597887e-01,8.645645199295581840e-02
2.444463757643217938e-01,-5.591714285964438647e-02
2.444463757643217938e-01,-5.591714285964438647e-02
2.444463757643217938e-01,-5.591714285964438647e-02
2.444463757643217938e-01,-5.591714285964438647e-02
2.444463757643217938e-01,-5.591714285964438647e-02
4.770854544078322323e-01,-2.173380767738569419e-01
4.993660014475890807e-01,-1.387446622401943552e-01
4.993660014475890807e-01,-1.387446622401943552e-01
4.993660014475890807e-01,-1.387446622401943552e-01
5.586680136817231412e-01,-1.750434919975264181e-01
5.586680136817231412e-01,-1.750434919975264181e-01
4.040921231285363735e-01,-1.558870901302358003e-01
5.946999035620492702e-01,-2.451789831025939503e-01
5.780523234356689244e-01,-2.937556530389504039e-01
5.729587979629590100e-01,-3.346499907114420247e-01
5.729587979629590100e-01,-3.346499907114420247e-01
5.729587979629590100e-01,-3.346499907114420247e-01
5.729587979629590100e-01,-3.346499907114420247e-01
4.817689080854506423e-01,-2.465306804312624722e-01
4.986062636497767819e-01,1.022696007446229904e-01
5.380068904316154255e-01,1.952915929648352811e-01
5.380068904316154255e-01,1.952915929648352811e-01
4.785679735991381634e-01,1.947881437020693995e-01
4.785679735991381634e-01,1.947881437020693995e-01
7.614092128765622691e-01,6.652165037711951778e-02
8.118336610916084828e-01,7.056641683282144362e-02
7.243312582581591386e-01,3.255108233347359104e-02
6.026624883043806280e-01,9.071791560606809468e-02
6.026624883043806280e-01,9.071791560606809468e-02
6.026624883043806280e-01,9.071791560606809468e-02
5.918872289880328097e-01,4.231320271882072631e-02
5.918872289880328097e-01,4.231320271882072631e-02
5.918872289880328097e-01,4.231320271882072631e-02
5.918872289880328097e-01,4.231320271882072631e-02
5.062666183245774221e-01,5.936157218521134760e-02
5.062666183245774221e-01,5.936157218521134760e-02
5.062666183245774221e-01,5.936157218521134760e-02
5.062666183245774221e-01,5.936157218521134760e-02
5.799983653942478723e-01,-3.668094137516265951e-02
5.838604601555474893e-01,1.166263725916635713e-01
5.838604601555474893e-01,1.166263725916635713e-01
5.838604601555474893e-01,1.166263725916635713e-01
5.838604601555474893e-01,1.166263725916635713e-01
6.668154741045515532e-01,5.365128761635933052e-02
6.668154741045515532e-01,5.365128761635933052e-02
5.513382152426502536e-01,1.769324371919012151e-01
5.993969095091760124e-01,1.838417969888064274e-01
5.993969095091760124e-01,1.838417969888064274e-01
5.041474292292021930e-01,2.271663221686178458e-01
3.754839601588858544e-01,1.538151366400058451e-01
3.227674520104151235e-01,2.039398006949940112e-01
4.369940321604116606e-01,3.026938895132180729e-01
4.369940321604116606e-01,3.026938895132180729e-01
4.369940321604116606e-01,3.026938895132180729e-01
4.369940321604116606e-01,3.026938895132180729e-01
4.094740967842987467e-01,1.820587887590706666e-01
3.508417890167496167e-01,1.917028643854277736e-01
2.444938201679138223e-01,1.423588924320695615e-01
2.444938201679138223e-01,1.423588924320695615e-01
4.985356075397783249e-01,1.972066346479502963e-01
4.985356075397783249e-01,1.972066346479502963e-01
5.866062164764500597e-01,1.640971756242140256e-01
5.866062164764500597e-01,1.640971756242140256e-01
5.095885786796225947e-01,-9.849214322943639077e-03
5.906199902740398855e-01,-1.190606577729041160e-01
5.906199902740398855e-01,-1.190606577729041160e-01
7.235887756411487626e-01,-1.856202257139211720e-01
6.288182973418177113e-01,6.548067862798845340e-02
6.288182973418177113e-01,6.548067862798845340e-02
7.173962834367131336e-01,-6.437459900538466950e-02
7.173962834367131336e-01,-6.437459900538466950e-02
8.165328851743639538e-01,-4.760334945773374293e-02
8.451118649919991954e-01,-6.117243497183731671e-02
8.451118649919991954e-01,-6.117243497183731671e-02
7.357347750285931909e-01,-1.245048463105013908e-01
7.053482648762836593e-01,-1.444221525822537155e-01
7.854985857734968491e-01,-2.619742163964516313e-01
7.854985857734968491e-01,-2.619742163964516313e-01
7.896036676363035189e-01,-1.230085338603981171e-02
7.896036676363035189e-01,-1.230085338603981171e-02
7.896036676363035189e-01,-1.230085338603981171e-02
7.896036676363035189e-01,-1.230085338603981171e-02
6.101029486954961945e-01,-3.894473188484157689e-01
3.718646473379818573e-01,-3.929741786100307555e-01
5.035791987286906135e-01,-4.542771153245052651e-01
5.035791987286906135e-01,-4.542771153245052651e-01
5.035791987286906135e-01,-4.542771153245052651e-01
5.035791987286906135e-01,-4.542771153245052651e-01
2.177095716920587898e-01,-2.180954676475655718e-01
2.177095716920587898e-01,-2.180954676475655718e-01
2.177095716920587898e-01,-2.180954676475655718e-01
2.177095716920587898e-01,-2.180954676475655718e-01
3.663282956949331926e-01,2.530491990778493960e-02
3.663282956949331926e-01,2.530491990778493960e-02
2.668597471307682101e-01,-2.190508485479615852e-01
3.591761810593105397e-01,2.484969050184882011e-01
6.793445941691776957e-01,1.167787871555021062e-01
6.712002093018351045e-01,1.772948750894788872e-01
6.712002093018351045e-01,1.772948750894788872e-01
6.712002093018351045e-01,1.772948750894788872e-01
9.552851520242728878e-01,1.591454210138608938e-01
9.552851520242728878e-01,1.591454210138608938e-01
6.083333510004514944e-01,-3.332002484045978874e-02
6.083333510004514944e-01,-3.332002484045978874e-02
7.345686470267881463e-01,-3.930443282970122465e-02
7.190460608917739194e-01,-2.372022498614023006e-02
5.406530291507118946e-01,6.502018561906475203e-02
5.406530291507118946e-01,6.502018561906475203e-02
4.620698553216914806e-01,2.325444399849730531e-02
5.742796018058433649e-01,8.109844353119274873e-03
5.742796018058433649e-01,8.109844353119274873e-03
5.819853513003355738e-01,-5.689670427754475734e-02
5.819853513003355738e-01,-5.689670427754475734e-02
5.980554783863289980e-01,-1.068438206820618575e-01
6.662337833208320514e-01,-7.534525947170961357e-02
6.662337833208320514e-01,-7.534525947170961357e-02
6.662337833208320514e-01,-7.534525947170961357e-02
6.431633511709649031e-01,4.320734598022485384e-02
6.431633511709649031e-01,4.320734598022485384e-02
6.431633511709649031e-01,4.320734598022485384e-02
5.361692176976335933e-01,-1.813972854293477710e-01
5.232513086860876017e-01,-7.049479235100193641e-02
5.232513086860876017e-01,-7.049479235100193641e-02
4.858640710533229101e-01,-3.167644503162019287e-01
4.225417802079184382e-01,-1.697969286221304164e-01
4.225417802079184382e-01,-1.697969286221304164e-01
7.209398081854558882e-01,-5.477532296345281881e-02
7.209398081854558882e-01,-5.477532296345281881e-02
7.011416336244922221e-01,1.263794902109919294e-01
4.945909902580778450e-01,2.152471165203006798e-01
5.923524846910871444e-01,3.476686767787875443e-01
7.583070476782931557e-01,-5.273869797390068337e-02
8.816994977649643683e-01,-7.067297414349255069e-02
9.257165229493626857e-01,2.811241559442453908e-02
8.924491064496743453e-01,-8.405943821792205561e-02
8.924491064496743453e-01,-8.405943821792205561e-02
8.924491064496743453e-01,-8.405943821792205561e-02
6.561158478227543389e-01,-1.503339288128179851e-01
6.545999345103482581e-01,-9.560074068477350528e-02
6.545999345103482581e-01,-9.560074068477350528e-02
6.545999345103482581e-01,-9.560074068477350528e-02
6.836400678857955659e-01,-1.240494792173361671e-01
6.921239078437882997e-01,-2.374743093525009119e-01
6.921239078437882997e-01,-2.374743093525009119e-01
6.027889043950236392e-01,-1.062669736077603844e-03
6.027889043950236392e-01,-1.062669736077603844e-03
6.027889043950236392e-01,-1.062669736077603844e-03
6.027889043950236392e-01,-1.062669736077603844e-03
6.027889043950236392e-01,-1.062669736077603844e-03
6.027889043950236392e-01,-1.062669736077603844e-03
6.869366303049213585e-01,6.085492538741300861e-02
5.933366321443219737e-01,-6.225391500724777871e-02
5.933366321443219737e-01,-6.225391500724777871e-02
5.933366321443219737e-01,-6.225391500724777871e-02
5.728381569157898756e-01,-1.882438789628283204e-01
6.170603299907394534e-01,-1.884919301929147695e-01
6.170603299907394534e-01,-1.884919301929147695e-01
5.961195014569775630e-01,-1.086553118762860481e-01
5.961195014569775630e-01,-1.086553118762860481e-01
4.674323701347223303e-01,-5.658642557443422511e-02
6.398519316433395332e-01,-6.915074166754660301e-02
5.096994784379805798e-01,-1.802747514776860405e-02
5.691743140649550003e-01,-2.998517778971245273e-01
4.181393419464565220e-01,1.889759176963236587e-01
5.372167143955814961e-01,-3.740552189580720333e-02
3.678003805847123164e-01,-4.952272986835191265e-02
5.536191662725804541e-01,-1.830227658496638987e-01
5.536191662725804541e-01,-1.830227658496638987e-01
6.319007134648304547e-01,-2.233266612129982676e-01
6.319007134648304547e-01,-2.233266612129982676e-01
8.459090202522834279e-01,-1.762268876987686805e-01
8.459090202522834279e-01,-1.762268876987686805e-01
8.459090202522834279e-01,-1.762268876987686805e-01
8.459090202522834279e-01,-1.762268876987686805e-01
8.635404184066567401e-01,-2.488979392790580114e-03
8.635404184066567401e-01,-2.488979392790580114e-03
8.552263620235655006e-01,1.351130971170924899e-01
8.552263620235655006e-01,1.351130971170924899e-01
8.357638723026860061e-01,-1.191927844837823158e-01
8.357638723026860061e-01,-1.191927844837823158e-01
8.357638723026860061e-01,-1.191927844837823158e-01
8.357638723026860061e-01,-1.191927844837823158e-01
7.065009374847073254e-01,-1.366580067566611212e-01
6.736221174455638838e-01,-2.391409831361140936e-01
6.643845479783039298e-01,-2.404005221566674622e-01
5.766857026151881449e-01,-3.021483639629501949e-01
5.766857026151881449e-01,-3.021483639629501949e-01
8.323637559096361827e-01,-1.233737721332377468e-01
5.117064628833936091e-01,-1.255214679942629197e-01
5.117064628833936091e-01,-1.255214679942629197e-01
5.350065809390089910e-01,-3.374419717858963552e-01
6.790291414950502258e-01,-8.692073243185127751e-02
8.171389836603790702e-01,-1.174076618328298849e-01
8.609649653475652809e-01,9.881703368746252991e-02
8.213863641960279516e-01,6.835975132550482780e-02
7.056670612646041008e-01,-1.153536426014649813e-01
7.056670612646041008e-01,-1.153536426014649813e-01
5.463830719927063040e-01,-9.777792122487782844e-02
6.998376415006308804e-01,6.234765882726048258e-03
4.941255062002949949e-01,-7.647701002350865140e-02
4.941255062002949949e-01,-7.647701002350865140e-02
4.941255062002949949e-01,-7.647701002350865140e-02
4.941255062002949949e-01,-7.647701002350865140e-02
4.941255062002949949e-01,-7.647701002350865140e-02
6.254187913848626712e-01,-3.721053089268583358e-02
7.267504318277471231e-01,-8.977706385140640094e-03
6.810171228820516287e-01,9.392009317727734174e-02
7.723770561876154295e-01,1.320948072382769622e-01
7.473788918050907615e-01,3.895534662081540089e-01
7.473788918050907615e-01,3.895534662081540089e-01
7.939659820509933352e-01,3.536677988533065142e-01
9.433121814014079343e-01,2.879633458070298135e-01
7.681587790516339886e-01,3.472168520297887473e-01
9.080832041183648506e-01,1.144324075640440475e-01
9.080832041183648506e-01,1.144324075640440475e-01
9.080832041183648506e-01,1.144324075640440475e-01
9.080832041183648506e-01,1.144324075640440475e-01
9.080832041183648506e-01,1.144324075640440475e-01
9.080832041183648506e-01,1.144324075640440475e-01
9.080832041183648506e-01,1.144324075640440475e-01
6.549109710869087664e-01,-1.966220797973576295e-01
6.604793583054797690e-01,-2.403106882840016501e-01
6.604793583054797690e-01,-2.403106882840016501e-01
5.228051251089277374e-01,-4.608127004437195806e-02
5.228051251089277374e-01,-4.608127004437195806e-02
6.886466274437414992e-01,-1.613489633950376256e-01
7.098603141783073056e-01,-2.022655707289348348e-01
7.098603141783073056e-01,-2.022655707289348348e-01
6.137867103312704131e-01,-2.346614537717985893e-01
6.137867103312704131e-01,-2.346614537717985893e-01
6.137867103312704131e-01,-2.346614537717985893e-01
6.137867103312704131e-01,-2.346614537717985893e-01
4.020548383461411968e-01,-1.549069130499463598e-01
2.632225585013869829e-01,-7.598380315552041853e-02
3.537624903980470803e-01,-9.629720964711377396e-02
3.537624903980470803e-01,-9.629720964711377396e-02
3.792215254813442460e-01,-1.670749131143453026e-01
3.792215254813442460e-01,-1.670749131143453026e-01
4.665536345417472530e-01,-1.645421740310385739e-01
4.665536345417472530e-01,-1.645421740310385739e-01
6.901056184838891827e-01,1.784998515808999542e-01
6.901056184838891827e-01,1.784998515808999542e-01
6.901056184838891827e-01,1.784998515808999542e-01
6.901056184838891827e-01,1.784998515808999542e-01
6.794668095181883860e-01,6.366214678392344284e-02
7.762277127971113355e-01,-4.922928550600762232e-02
7.762277127971113355e-01,-4.922928550600762232e-02
4.999487666876474834e-01,6.806003745862572452e-02
4.999487666876474834e-01,6.806003745862572452e-02
4.999487666876474834e-01,6.806003745862572452e-02
4.999487666876474834e-01,6.806003745862572452e-02
6.657989557039908357e-01,1.191092620479521774e-01
6.657989557039908357e-01,1.191092620479521774e-01
6.239914545058995454e-01,1.946330135765700353e-04
5.939408376361533515e-01,6.236215855575382577e-02
4.883497934745676949e-01,-1.321990015896031823e-01
5.591744624280431397e-01,4.276933306698890713e-02
4.394163605389390104e-01,1.783180305171912505e-01
6.533897452188990318e-01,1.664579022522605645e-01
4.347067334470119393e-01,-7.375245350651668530e-02
5.771316527226920678e-01,-6.553595630646941173e-02
5.771316527226920678e-01,-6.553595630646941173e-02
3.923896289490554912e-01,8.424117098897565548e-02
3.923896289490554912e-01,8.424117098897565548e-02
4.609565850746347726e-01,-1.522628378114595782e-01
6.031420141082877162e-01,-1.425822592456728877e-01
7.131670622650829738e-01,-6.899907478688903362e-02
7.131670622650829738e-01,-6.899907478688903362e-02
8.197028738332592379e-01,-3.699059788579331376e-03
8.197028738332592379e-01,-3.699059788579331376e-03
8.197028738332592379e-01,-3.699059788579331376e-03
6.451368811395770120e-01,9.065734540781554551e-02
6.451368811395770120e-01,9.065734540781554551e-02
6.451368811395770120e-01,9.065734540781554551e-02
5.478863113979776100e-01,-1.437728498418891498e-02
5.478863113979776100e-01,-1.437728498418891498e-02
5.763310278292809175e-01,1.194464393810563962e-01
5.763310278292809175e-01,1.194464393810563962e-01
5.763310278292809175e-01,1.194464393810563962e-01
4.787760500338328340e-01,1.232645462836991640e-01
5.821898970615899671e-01,9.557790855980476119e-02
5.821898970615899671e-01,9.557790855980476119e-02
5.821898970615899671e-01,9.557790855980476119e-02
5.821898970615899671e-01,9.557790855980476119e-02
5.821898970615899671e-01,9.557790855980476119e-02
5.821898970615899671e-01,9.557790855980476119e-02
5.821898970615899671e-01,9.557790855980476119e-02
5.476197209463761206e-01,1.478198936050444667e-01
6.738112608308021168e-01,-7.435674802553252083e-02
6.738112608308021168e-01,-7.435674802553252083e-02
6.738112608308021168e-01,-7.435674802553252083e-02
6.533082551135399596e-01,-2.085138011254392687e-01
6.533082551135399596e-01,-2.085138011254392687e-01
6.400669673168110085e-01,-2.045183775681233551e-01
7.219990883033916562e-01,-1.704387639533749832e-02
6.682812216021106755e-01,4.653705696093175803e-02
7.690185759399899013e-01,-8.592516439019301511e-04
7.690185759399899013e-01,-8.592516439019301511e-04
7.690185759399899013e-01,-8.592516439019301511e-04
7.690185759399899013e-01,-8.592516439019301511e-04
7.690185759399899013e-01,-8.592516439019301511e-04
7.216740958280114526e-01,-8.344973984584690141e-03
7.216740958280114526e-01,-8.344973984584690141e-03
6.205710946822086127e-01,-2.411660792024970246e-01
7.775858053926482105e-01,-5.702364479605395720e-02
6.040260719804584344e-01,-3.974012740859053650e-02
3.944804444180525227e-01,2.778734254552210625e-02
4.510442677863099048e-01,-1.187746541951636842e-01
4.510442677863099048e-01,-1.187746541951636842e-01
7.029636585868994647e-01,-5.145464255488568783e-02
5.635093471957748346e-01,-9.610656150692764577e-02
6.402572985014761686e-01,1.092042812417094166e-01
6.402572985014761686e-01,1.092042812417094166e-01
7.066199633287190141e-01,8.181220877877742881e-02
7.066199633287190141e-01,8.181220877877742881e-02
7.066199633287190141e-01,8.181220877877742881e-02
5.342756635887311312e-01,8.583964869530009978e-02
5.342756635887311312e-01,8.583964869530009978e-02
3.240530524414503288e-01,1.355643525142500305e-01
2.374933806201396103e-01,7.687169131439561265e-02
2.374933806201396103e-01,7.687169131439561265e-02
4.466820966828263240e-01,1.559558903696857957e-01
3.651175167736258054e-01,-3.605128001573579266e-02
4.456851394673608802e-01,3.804912845450184600e-01
4.456851394673608802e-01,3.804912845450184600e-01
5.287588964525280488e-01,2.116155198866986886e-02
5.719054005129162732e-01,2.727169232843221214e-02
5.719054005129162732e-01,2.727169232843221214e-02
5.719054005129162732e-01,2.727169232843221214e-02
5.719054005129162732e-01,2.727169232843221214e-02
5.719054005129162732e-01,2.727169232843221214e-02
6.063305000408010237e-01,7.991123727767590612e-02
7.010695341554055160e-01,1.167595462503488307e-01
8.073922613597996900e-01,1.266474864983822834e-02
8.073922613597996900e-01,1.266474864983822834e-02
6.410655147288925049e-01,-9.905080082590692059e-02
6.410655147288925049e-01,-9.905080082590692059e-02
6.410655147288925049e-01,-9.905080082590692059e-02
7.209428241842624763e-01,-4.841219702796255298e-02
7.597054764108938096e-01,1.071228665342001535e-01
8.246930312355035264e-01,-8.148828360128937409e-03
8.246930312355035264e-01,-8.148828360128937409e-03
8.246930312355035264e-01,-8.148828360128937409e-03
8.246930312355035264e-01,-8.148828360128937409e-03
8.246930312355035264e-01,-8.148828360128937409e-03
8.175886015755492453e-01,9.643643646157426530e-02
6.612244771311048819e-01,2.763265350963755584e-01
5.455663966383502705e-01,6.005511904156934921e-03
5.455663966383502705e-01,6.005511904156934921e-03
5.455663966383502705e-01,6.005511904156934921e-03
5.455663966383502705e-01,6.005511904156934921e-03
6.275471063684506801e-01,-4.816332777640196933e-02
6.275471063684506801e-01,-4.816332777640196933e-02
7.950506463874646990e-01,1.224435087891693752e-01
7.950506463874646990e-01,1.224435087891693752e-01
7.375409015478761043e-01,1.341907504689051900e-01
6.897392320251245490e-01,3.355310415597607954e-02
6.897392320251245490e-01,3.355310415597607954e-02
3.171163222592073838e-01,1.271502054309571750e-01
3.171163222592073838e-01,1.271502054309571750e-01
3.171163222592073838e-01,1.271502054309571750e-01
2.150714198059602289e-01,-2.408242025674647846e-02
2.150714198059602289e-01,-2.408242025674647846e-02
3.526402428326752547e-01,-3.947756097091785488e-02
3.526402428326752547e-01,-3.947756097091785488e-02
3.526402428326752547e-01,-3.947756097091785488e-02
5.123803717204958863e-01,2.843446581783061478e-02
5.123803717204958863e-01,2.843446581783061478e-02
5.123803717204958863e-01,2.843446581783061478e-02
2.981889453179163985e-01,2.181226126768850970e-02
2.981889453179163985e-01,2.181226126768850970e-02
1.762120865194858332e-01,2.934429837071497738e-02
2.042361854199276072e-01,-6.821651285948684973e-02
5.240714484174362475e-01,-3.005696830577848644e-01
5.240714484174362475e-01,-3.005696830577848644e-01
3.371133468931402088e-01,-1.945735869935969753e-01
3.371133468931402088e-01,-1.945735869935969753e-01
3.371133468931402088e-01,-1.945735869935969753e-01
4.253266548261325219e-01,-1.864757459395152139e-01
4.467540684116121930e-01,4.585116707985656404e-02
6.461028701481366099e-01,3.427551194268545903e-02
6.461028701481366099e-01,3.427551194268545903e-02
6.461028701481366099e-01,3.427551194268545903e-02
6.684178391070674241e-01,1.032089850237356554e-01
6.507327185257815172e-01,1.102857948400975674e-01
6.507327185257815172e-01,1.102857948400975674e-01
6.507327185257815172e-01,1.102857948400975674e-01
5.114557552805043539e-01,1.149115759113391033e-01
5.114557552805043539e-01,1.149115759113391033e-01
5.114557552805043539e-01,1.149115759113391033e-01
3.180824400673102348e-01,-8.572837945407210669e-03
3.180824400673102348e-01,-8.572837945407210669e-03
3.180824400673102348e-01,-8.572837945407210669e-03
2.948629126148384350e-01,-7.039246329944345848e-02
4.423542775137222494e-01,1.293805961301813245e-01
5.038904811006257312e-01,1.721373541954113184e-02
8.056978331161287477e-01,2.386698535802673354e-02
8.056978331161287477e-01,2.386698535802673354e-02
8.056978331161287477e-01,2.386698535802673354e-02
7.854418306484890477e-01,1.419848262068904576e-01
7.854418306484890477e-01,1.419848262068904576e-01
7.854418306484890477e-01,1.419848262068904576e-01
7.317153355922407787e-01,-1.095432930057444465e-01
7.317153355922407787e-01,-1.095432930057444465e-01
7.317153355922407787e-01,-1.095432930057444465e-01
6.764962101310096898e-01,4.884217882515784481e-02
6.764962101310096898e-01,4.884217882515784481e-02
6.918506080718010987e-01,2.109942528876150303e-01
5.425658904964271168e-01,8.521703631411969848e-04
5.425658904964271168e-01,8.521703631411969848e-04
6.894841160677079861e-01,6.081809677199043196e-02
6.293817043896221541e-01,-2.397320464253165084e-02
6.811059748038215123e-01,-2.979100515176201502e-02
5.662919861210504724e-01,-1.843161496900346252e-01
5.662919861210504724e-01,-1.843161496900346252e-01
5.662919861210504724e-01,-1.843161496900346252e-01
5.662919861210504724e-01,-1.843161496900346252e-01
5.662919861210504724e-01,-1.843161496900346252e-01
6.624423228748643755e-01,-2.079607146266425066e-01
6.624423228748643755e-01,-2.079607146266425066e-01
4.309935207397166401e-01,-1.183735160172354889e-01
5.121198941724730558e-01,-2.077789246792707822e-01
5.121198941724730558e-01,-2.077789246792707822e-01
5.121198941724730558e-01,-2.077789246792707822e-01
5.486208151423291879e-01,-1.171989516521073638e-01
5.533688432334081808e-01,8.464510805576674901e-02
5.533688432334081808e-01,8.464510805576674901e-02
5.533688432334081808e-01,8.464510805576674901e-02
6.543751453423141129e-01,1.709436031555711111e-02
3.273727677613316178e-01,-2.834924618226471182e-02
3.659037243735748235e-01,-5.312683389098057929e-03
4.495918128246529366e-01,2.439404894427723777e-02
4.495918128246529366e-01,2.439404894427723777e-02
4.940834335349416628e-01,-1.383861472420475081e-01
5.414191413372532180e-01,-9.664668008276866562e-03
2.676130312795804156e-01,-2.947150645631328031e-02
4.186747354088151130e-01,-7.719342214869970298e-02
4.897984595219339599e-01,-1.578061281009162098e-01
4.897984595219339599e-01,-1.578061281009162098e-01
5.070553311259603513e-01,-1.993628016450520735e-01
5.070553311259603513e-01,-1.993628016450520735e-01
5.498679314074841340e-01,-2.229571015145943025e-01
5.660886919093328640e-01,-1.574848206316435961e-01
3.345503503627588193e-01,-1.566456284754962069e-01
3.345503503627588193e-01,-1.566456284754962069e-01
3.483925946680497265e-01,-1.747710982782453015e-01
3.483925946680497265e-01,-1.747710982782453015e-01
3.753467313828961482e-01,-2.441798392804738760e-01
4.724079157438468846e-01,-1.798847162434178970e-01
4.724079157438468846e-01,-1.798847162434178970e-01
4.724079157438468846e-01,-1.798847162434178970e-01
4.724079157438468846e-01,-1.798847162434178970e-01
2.907390822984270984e-01,-4.021507854187406084e-02
2.907390822984270984e-01,-4.021507854187406084e-02
2.830364927541688114e-01,9.647038310457885235e-03
3.619034877399912586e-01,2.144719967863263077e-01
5.177252437841566302e-01,1.762321481735430739e-01
5.177252437841566302e-01,1.762321481735430739e-01
5.177252437841566302e-01,1.762321481735430739e-01
5.177252437841566302e-01,1.762321481735430739e-01
4.477668482650736248e-01,8.551663475702236950e-02
5.946491023117340680e-01,1.003308819011337616e-01
5.890995272509335079e-01,5.424114284048243279e-02
5.890995272509335079e-01,5.424114284048243279e-02
6.063499691643322587e-01,2.260670975697877394e-02
5.460416449732108379e-01,1.118467011509363673e-01
5.215418075853900381e-01,2.304820250782612101e-01
5.215418075853900381e-01,2.304820250782612101e-01
3.261025924069126392e-01,1.939841109574291789e-03
3.261025924069126392e-01,1.939841109574291789e-03
4.766949967217095629e-01,2.660839698503865147e-01
3.545482596627752003e-01,2.977210453634359655e-01
3.545482596627752003e-01,2.977210453634359655e-01
3.312435067816403844e-01,1.657544764154261774e-01
6.643380523796604820e-01,2.063828129325956939e-01
7.523162026093651589e-01,-9.999899066212458720e-02
6.484462522275310503e-01,-4.365539033231984056e-02
5.465394752855549099e-01,-7.880899423875406540e-02
5.465394752855549099e-01,-7.880899423875406540e-02
5.465394752855549099e-01,-7.880899423875406540e-02
6.312171696742191473e-01,-5.336362719304577062e-02
6.312171696742191473e-01,-5.336362719304577062e-02
6.312171696742191473e-01,-5.336362719304577062e-02
6.854043730191304862e-01,1.244459257486704162e-01
5.953161141804695911e-01,1.872659826991113774e-01
5.953161141804695911e-01,1.872659826991113774e-01
7.648685140394330118e-01,-1.192086136190112500e-02
7.648685140394330118e-01,-1.192086136190112500e-02
6.941408542442382146e-01,2.761945329377964997e-01
6.941408542442382146e-01,2.761945329377964997e-01
6.941408542442382146e-01,2.761945329377964997e-01
4.616980344238877931e-01,2.478687690527725251e-01
4.616980344238877931e-01,2.478687690527725251e-01
5.299668062230308285e-01,7.271366823698086068e-02
5.299668062230308285e-01,7.271366823698086068e-02
5.124972267389100722e-01,6.775049489499176958e-02
6.116108363290114758e-01,1.970607185304226044e-02
6.116108363290114758e-01,1.970607185304226044e-02
6.116108363290114758e-01,1.970607185304226044e-02
4.894738727826010716e-01,-1.001131812058318749e-02
4.894738727826010716e-01,-1.001131812058318749e-02
4.139166080651539015e-01,-4.811950363431628103e-02
4.139166080651539015e-01,-4.811950363431628103e-02
4.139166080651539015e-01,-4.811950363431628103e-02
6.326553583488672139e-01,1.906082687021635330e-02
6.326553583488672139e-01,1.906082687021635330e-02
7.264961118193251632e-01,-2.869344122125940671e-02
7.918332588454342069e-01,-7.561416930247041868e-02
6.998806904425942665e-01,-4.012418805322036375e-02
7.222914355439735701e-01,2.505085912327661979e-03
7.222914355439735701e-01,2.505085912327661979e-03
7.222914355439735701e-01,2.505085912327661979e-03
7.222914355439735701e-01,2.505085912327661979e-03
8.152495175511604852e-01,4.782340574826318864e-03
8.152495175511604852e-01,4.782340574826318864e-03
8.152495175511604852e-01,4.782340574826318864e-03
8.152495175511604852e-01,4.782340574826318864e-03
7.116599625849732158e-01,4.121515555184768892e-02
5.927669167153845065e-01,-6.004941644833832609e-02
4.130779913801557179e-01,1.462640412287482261e-01
5.522126495851829020e-01,1.978950945115619531e-01
5.217647881185221159e-01,1.099124368336544949e-01
5.217647881185221159e-01,1.099124368336544949e-01
5.217647881185221159e-01,1.099124368336544949e-01
5.818562349668900957e-01,-9.523274597159613053e-02
5.818562349668900957e-01,-9.523274597159613053e-02
7.079666490105753773e-01,1.395435157615901867e-01
7.079666490105753773e-01,1.395435157615901867e-01
5.916170943431177109e-01,7.756230526298421579e-02
5.383969756911864968e-01,1.268775846148988418e-01
5.383969756911864968e-01,1.268775846148988418e-01
5.383969756911864968e-01,1.268775846148988418e-01
5.383969756911864968e-01,1.268775846148988418e-01
7.596153505423727248e-01,-1.553404659464238668e-01
6.304948668497740716e-01,-3.346129573289499115e-01
6.304948668497740716e-01,-3.346129573289499115e-01
6.772739568628147744e-01,9.072537290378512864e-02
6.772739568628147744e-01,9.072537290378512864e-02
6.772739568628147744e-01,9.072537290378512864e-02
6.772739568628147744e-01,9.072537290378512864e-02
7.466781617539234306e-01,5.016482690879370959e-02
5.677793955127594661e-01,1.411053124142609971e-01
5.677793955127594661e-01,1.411053124142609971e-01
5.677793955127594661e-01,1.411053124142609971e-01
5.402143541440866947e-01,-1.038005073461495398e-02
5.048385489276221438e-01,-9.547548515536621871e-02
4.296332464305497312e-01,-1.022448718154220365e-01
4.296332464305497312e-01,-1.022448718154220365e-01
4.244746531978812465e-01,4.912354266571568318e-02
4.244746531978812465e-01,4.912354266571568318e-02
4.244746531978812465e-01,4.912354266571568318e-02
6.678906675755661437e-01,3.988265668595276925e-02
6.678906675755661437e-01,3.988265668595276925e-02
6.878366143285815637e-01,2.646725711818738724e-01
6.878366143285815637e-01,2.646725711818738724e-01
6.878366143285815637e-01,2.646725711818738724e-01
8.972169395534790315e-01,7.152511973310643478e-02
6.144624061142057725e-01,1.292654666367241689e-01
4.989719854083333739e-01,5.239209705064871991e-02
5.872041367684504021e-01,2.583028357823166088e-01
5.872041367684504021e-01,2.583028357823166088e-01
4.718786728334409264e-01,3.959511877020249759e-02
4.718786728334409264e-01,3.959511877020249759e-02
4.022690635282837879e-01,-5.594166225703726958e-02
4.022690635282837879e-01,-5.594166225703726958e-02
6.335241327464005145e-01,6.511955460080294522e-02
6.335241327464005145e-01,6.511955460080294522e-02
6.335241327464005145e-01,6.511955460080294522e-02
6.335241327464005145e-01,6.511955460080294522e-02
6.335241327464005145e-01,6.511955460080294522e-02
6.492700012839470736e-01,5.112414725904201873e-02
6.492700012839470736e-01,5.112414725904201873e-02
6.492700012839470736e-01,5.112414725904201873e-02
6.492700012839470736e-01,5.112414725904201873e-02
5.844314661450602522e-01,-3.985096034919269337e-02
5.992227750163566791e-01,-5.432105324935647406e-03
4.834962938344278260e-01,1.520446491105045123e-02
6.662997516756063998e-01,4.018899987200675872e-01
6.700281371368772554e-01,1.120612533965122393e-01
6.700281371368772554e-01,1.120612533965122393e-01
6.700281371368772554e-01,1.120612533965122393e-01
6.700281371368772554e-01,1.120612533965122393e-01
4.995079970514478829e-01,1.240853500804168508e-01
4.995079970514478829e-01,1.240853500804168508e-01
4.995079970514478829e-01,1.240853500804168508e-01
7.553450986499214981e-01,-1.556744617274078701e-01
7.553450986499214981e-01,-1.556744617274078701e-01
7.174974465524038836e-01,-4.600365573015011145e-02
8.000587380936894366e-01,1.163643543424465465e-01
5.769229974695059271e-01,-5.579939562312694057e-02
5.769229974695059271e-01,-5.579939562312694057e-02
6.245366641899059434e-01,-1.954426860690666734e-03
4.576466556202400393e-01,4.087809724648170523e-02
4.576466556202400393e-01,4.087809724648170523e-02
6.668000344612856622e-01,1.431670901198531243e-01
6.668000344612856622e-01,1.431670901198531243e-01
6.668000344612856622e-01,1.431670901198531243e-01
4.884400489390523514e-01,-1.394284341829008511e-01
4.303125586308367834e-01,-4.651209028783231947e-02
4.303125586308367834e-01,-4.651209028783231947e-02
5.608610666921485244e-01,3.742245756950909885e-03
5.621267219688322880e-01,-9.064965741923616815e-02
5.152445387282676981e-01,2.120703154052652750e-02
6.469604359031367879e-01,-5.985429357327559652e-02
6.469604359031367879e-01,-5.985429357327559652e-02
6.454900286148471666e-01,5.964634244026287280e-02
6.454900286148471666e-01,5.964634244026287280e-02
6.454900286148471666e-01,5.964634244026287280e-02
7.188105472086042669e-01,-1.196098991307564252e-01
7.188105472086042669e-01,-1.196098991307564252e-01
7.188105472086042669e-01,-1.196098991307564252e-01
7.188105472086042669e-01,-1.196098991307564252e-01
9.565709220749442077e-01,-7.898667416429133725e-02
8.367145264821689299e-01,1.691278164662727013e-01
8.077546307073959486e-01,1.519712611663705248e-01
8.077546307073959486e-01,1.519712611663705248e-01
8.077546307073959486e-01,1.519712611663705248e-01
7.811614418649912572e-01,2.490484030833466367e-01
7.494732461604382001e-01,9.235679975391811181e-02
5.530797629378374491e-01,1.635226559801839508e-01
5.530797629378374491e-01,1.635226559801839508e-01
5.530797629378374491e-01,1.635226559801839508e-01
5.530797629378374491e-01,1.635226559801839508e-01
5.530797629378374491e-01,1.635226559801839508e-01
5.581930303631195134e-01,4.387212621404476542e-02
5.581930303631195134e-01,4.387212621404476542e-02
5.655468787812164555e-01,1.349516702342914432e-01
5.655468787812164555e-01,1.349516702342914432e-01
5.143619927685624260e-01,2.366396553547562842e-01
6.729507108255742276e-01,4.980652013039321702e-02
6.729507108255742276e-01,4.980652013039321702e-02
6.729507108255742276e-01,4.980652013039321702e-02
6.729507108255742276e-01,4.980652013039321702e-02
6.485476902539614175e-01,3.318834956473729059e-02
7.246952896666217780e-01,1.347727546683786526e-01
6.307153034352405152e-01,2.041429405391329555e-01
6.307153034352405152e-01,2.041429405391329555e-01
6.307153034352405152e-01,2.041429405391329555e-01
6.501467658556451257e-01,2.189373124108126012e-01
6.776560821220908304e-01,1.363631113468818934e-01
6.776560821220908304e-01,1.363631113468818934e-01
6.776560821220908304e-01,1.363631113468818934e-01
7.043871921728879215e-01,1.918496430540705955e-01
5.466086782685967149e-01,2.279197675380198462e-01
5.466086782685967149e-01,2.279197675380198462e-01
5.802918745934452227e-01,1.151755057889666811e-02
6.572883835971120581e-01,5.915062054928954538e-02
5.417516269482545166e-01,1.524554155993667059e-01
5.417516269482545166e-01,1.524554155993667059e-01
5.308445288038559084e-01,4.682876741357089312e-02
4.243703539276256209e-01,-1.709526315307419164e-01
4.243703539276256209e-01,-1.709526315307419164e-01
4.243703539276256209e-01,-1.709526315307419164e-01
4.243703539276256209e-01,-1.709526315307419164e-01
3.417452974762923423e-01,-2.341658008951238434e-01
3.417452974762923423e-01,-2.341658008951238434e-01
5.678978752482128911e-01,-2.071032167281292857e-01
5.678978752482128911e-01,-2.071032167281292857e-01
5.678978752482128911e-01,-2.071032167281292857e-01
5.678978752482128911e-01,-2.071032167281292857e-01
5.678978752482128911e-01,-2.071032167281292857e-01
6.443391833629610321e-01,-1.086700902942481506e-01
6.443391833629610321e-01,-1.086700902942481506e-01
5.362185576681909316e-01,-3.229240557731492545e-01
5.362185576681909316e-01,-3.229240557731492545e-01
3.131727867869960047e-01,-1.632898765197831892e-01
4.276025201785721430e-01,1.640081158157004892e-01
5.190483026697650937e-01,3.119892993110248702e-02
5.190483026697650937e-01,3.119892993110248702e-02
5.190483026697650937e-01,3.119892993110248702e-02
5.190483026697650937e-01,3.119892993110248702e-02
4.966292906472085100e-01,4.722712413149626753e-02
4.226893760725686233e-01,3.280296289199251258e-02
4.226893760725686233e-01,3.280296289199251258e-02
4.334003820198017443e-01,9.384646766289797548e-02
4.334003820198017443e-01,9.384646766289797548e-02
4.070878080430885282e-01,2.058847199084095081e-01
4.070878080430885282e-01,2.058847199084095081e-01
4.030506700384016150e-01,1.942483755379513510e-01
3.613412361218198421e-01,1.325508484865248748e-01
3.200047462818054744e-01,6.967048346938790881e-02
3.200047462818054744e-01,6.967048346938790881e-02
3.854336905471843489e-01,-1.679160348792049784e-01
4.464661387265937420e-01,-2.043304571531313063e-01
4.458237420863401801e-01,-2.813116294999962186e-01
4.458237420863401801e-01,-2.813116294999962186e-01
6.423309726558974475e-01,-2.776384598631065903e-01
8.665049178800527940e-01,-1.975959678425222021e-01
8.665049178800527940e-01,-1.975959678425222021e-01
8.665049178800527940e-01,-1.975959678425222021e-01
7.983187215842144635e-01,-1.642463726723119299e-01
7.983187215842144635e-01,-1.642463726723119299e-01
7.579962749813138334e-01,-8.127271003048279485e-02
7.579962749813138334e-01,-8.127271003048279485e-02
6.954147440140719949e-01,-1.187784499047779274e-01
6.608674745082824264e-01,5.545105558654012112e-02
5.888950867142516143e-01,-3.278349553434023456e-02
5.888950867142516143e-01,-3.278349553434023456e-02
5.888950867142516143e-01,-3.278349553434023456e-02
5.888950867142516143e-01,-3.278349553434023456e-02
4.332698523855015305e-01,-3.114246931752663594e-02
4.332698523855015305e-01,-3.114246931752663594e-02
4.332698523855015305e-01,-3.114246931752663594e-02
6.020347356516245751e-01,2.802679818078353258e-02
5.010377148918008228e-01,-8.780414673789760371e-02
6.857347446373560640e-01,2.059381933427685829e-01
6.857347446373560640e-01,2.059381933427685829e-01
6.857347446373560640e-01,2.059381933427685829e-01
6.857347446373560640e-01,2.059381933427685829e-01
6.287541756257725156e-01,5.455890021800247069e-02
5.252665544634330663e-01,-4.505829048732487574e-02
5.312879391891421887e-01,-1.523927460092627806e-01
5.312879391891421887e-01,-1.523927460092627806e-01
7.923741780930642076e-01,-3.250690243635373511e-02
6.003448264850458349e-01,-6.702077804808596884e-02
5.452745507281899773e-01,1.321479067762661441e-01
5.452745507281899773e-01,1.321479067762661441e-01
5.452745507281899773e-01,1.321479067762661441e-01
5.452745507281899773e-01,1.321479067762661441e-01
5.452745507281899773e-01,1.321479067762661441e-01
4.758264332182581824e-01,-2.183363903850316090e-01
5.090408793408056631e-01,-1.307266656895128831e-01
5.090408793408056631e-01,-1.307266656895128831e-01
4.833838124146966342e-01,9.826266373823727696e-02
4.687284725631281068e-01,1.426616351188007004e-01
4.687284725631281068e-01,1.426616351188007004e-01
4.687284725631281068e-01,1.426616351188007004e-01
4.687284725631281068e-01,1.426616351188007004e-01
7.487632674996302917e-01,-1.009100834602452701e-01
7.487632674996302917e-01,-1.009100834602452701e-01
5.803424307596546372e-01,-5.478651442667221289e-02
7.153690533657109940e-01,-3.093525144413066322e-02
7.153690533657109940e-01,-3.093525144413066322e-02
7.153690533657109940e-01,-3.093525144413066322e-02
7.153690533657109940e-01,-3.093525144413066322e-02
7.153690533657109940e-01,-3.093525144413066322e-02
7.153690533657109940e-01,-3.093525144413066322e-02
8.869025048318039950e-01,-3.225765685366296931e-02
6.199778343225039734e-01,1.511858129957315000e-01
6.199778343225039734e-01,1.511858129957315000e-01
6.867904331903752491e-01,4.437902095589496554e-02
6.867904331903752491e-01,4.437902095589496554e-02
6.867904331903752491e-01,4.437902095589496554e-02
6.042297545030479444e-01,1.335053404138481503e-01
5.024754658213353986e-01,2.161465529577719091e-02
4.997913490074549769e-01,-1.948079056459521563e-02
4.997913490074549769e-01,-1.948079056459521563e-02
4.997913490074549769e-01,-1.948079056459521563e-02
4.997913490074549769e-01,-1.948079056459521563e-02
2.852767860938777433e-01,-9.605053716506814498e-02
2.852767860938777433e-01,-9.605053716506814498e-02
3.798764318801125528e-01,2.247956159207484539e-01
3.971047664094611851e-01,2.941728870576530430e-01
3.971047664094611851e-01,2.941728870576530430e-01
3.971047664094611851e-01,2.941728870576530430e-01
3.971047664094611851e-01,2.941728870576530430e-01
4.790352474349569012e-01,3.716995340521171420e-01
4.790352474349569012e-01,3.716995340521171420e-01
4.790352474349569012e-01,3.716995340521171420e-01
4.889425304363551605e-01,3.155022868299865446e-01
4.889425304363551605e-01,3.155022868299865446e-01
4.889425304363551605e-01,3.155022868299865446e-01
4.952456290088402269e-01,3.076337499460239933e-01
5.441039679727097678e-01,3.819362894819050558e-02
5.441039679727097678e-01,3.819362894819050558e-02
5.863479145743959453e-01,1.072209577740516756e-01
5.131560753341243286e-01,-3.088941970744353560e-02
4.780909436776783483e-01,-1.843166284628865170e-02
4.780909436776783483e-01,-1.843166284628865170e-02
4.780909436776783483e-01,-1.843166284628865170e-02
4.780909436776783483e-01,-1.843166284628865170e-02
7.527016097116359106e-01,-1.028309776242191248e-01
7.632591382676421343e-01,-2.138342049074668516e-01
8.291890716084248103e-01,4.443649641141228512e-02
8.291890716084248103e-01,4.443649641141228512e-02
8.291890716084248103e-01,4.443649641141228512e-02
8.291890716084248103e-01,4.443649641141228512e-02
8.291890716084248103e-01,4.443649641141228512e-02
9.343111222981970165e-01,-1.142976406963042146e-01
9.343111222981970165e-01,-1.142976406963042146e-01
9.343111222981970165e-01,-1.142976406963042146e-01
5.809385289513356865e-01,-1.167634792402854199e-01
5.069810051398074835e-01,-6.033417548029945676e-02
5.069810051398074835e-01,-6.033417548029945676e-02
4.273916677595234193e-01,-2.952591213454588276e-02
4.273916677595234193e-01,-2.952591213454588276e-02
5.517608795144793854e-01,-1.935590301470267380e-02
5.517608795144793854e-01,-1.935590301470267380e-02
5.517608795144793854e-01,-1.935590301470267380e-02
6.274210071365432517e-01,-2.141334384880679703e-02
5.394740019639495676e-01,-6.067598559357442745e-04
6.881728966151114957e-01,-1.475110996494937710e-01
6.881728966151114957e-01,-1.475110996494937710e-01
6.881728966151114957e-01,-1.475110996494937710e-01
6.881728966151114957e-01,-1.475110996494937710e-01
6.881728966151114957e-01,-1.475110996494937710e-01
6.808169249941209422e-01,1.358439729135426099e-01
6.808169249941209422e-01,1.358439729135426099e-01
5.603718731245918017e-01,1.759159287284253748e-01
5.603718731245918017e-01,1.759159287284253748e-01
5.193856601646857918e-01,1.745770547102500625e-01
4.642407530461959420e-01,-1.220527966007099174e-01
4.567612932688015492e-01,-6.329051677586147728e-02
5.875516589890293906e-01,3.385332373529542638e-02
5.875516589890293906e-01,3.385332373529542638e-02
5.037409466730313756e-01,-7.127198200831190433e-02
5.978028143841361830e-01,1.180129482874091168e-01
6.637251980132803375e-01,4.358166917083057534e-02
6.637251980132803375e-01,4.358166917083057534e-02
6.637251980132803375e-01,4.358166917083057534e-02
6.480090566104120819e-01,8.941516232038701495e-02
6.480090566104120819e-01,8.941516232038701495e-02
6.600053204360285530e-01,-1.713711555201593295e-01
6.600053204360285530e-01,-1.713711555201593295e-01
6.600053204360285530e-01,-1.713711555201593295e-01
5.867693418927623084e-01,4.201710077696399481e-02
5.867693418927623084e-01,4.201710077696399481e-02
5.867693418927623084e-01,4.201710077696399481e-02
5.867693418927623084e-01,4.201710077696399481e-02
6.135179630835008169e-01,1.730617885425501934e-01
6.634108946109714688e-01,1.820102678173949606e-01
6.634108946109714688e-01,1.820102678173949606e-01
6.634108946109714688e-01,1.820102678173949606e-01
6.634108946109714688e-01,1.820102678173949606e-01
6.634108946109714688e-01,1.820102678173949606e-01
4.845642306628082929e-01,7.142940769530058132e-02
4.845642306628082929e-01,7.142940769530058132e-02
4.845642306628082929e-01,7.142940769530058132e-02
3.676013861246117953e-01,-4.586277171546970788e-03
3.781249020785274473e-01,1.078304066821461210e-01
3.781249020785274473e-01,1.078304066821461210e-01
5.150485495710042105e-01,-9.793731489171215998e-02
5.660206075040898899e-01,1.892489058650573819e-01
5.660206075040898899e-01,1.892489058650573819e-01
5.660206075040898899e-01,1.892489058650573819e-01
5.660206075040898899e-01,1.892489058650573819e-01
7.630385081346342524e-01,4.018596834679549756e-02
7.630385081346342524e-01,4.018596834679549756e-02
7.630385081346342524e-01,4.018596834679549756e-02
8.968434350740267513e-01,2.808425886077302314e-02
8.968434350740267513e-01,2.808425886077302314e-02
5.967897690253427534e-01,1.810314284142213181e-01
5.967897690253427534e-01,1.810314284142213181e-01
3.388153498840366096e-01,7.381146821500178534e-02
3.388153498840366096e-01,7.381146821500178534e-02
5.978309088505564528e-01,-1.800438877939840032e-01
4.368890302522982494e-01,-1.468173455378168069e-01
4.173007189422645036e-01,-1.223421559948068282e-01
4.192353362950832496e-01,-7.923646213004181815e-02
4.192353362950832496e-01,-7.923646213004181815e-02
3.734351208514600784e-01,1.033232405869000947e-01
3.716558133486932425e-01,1.941248030802825431e-01
3.716558133486932425e-01,1.941248030802825431e-01
3.716558133486932425e-01,1.941248030802825431e-01
3.716558133486932425e-01,1.941248030802825431e-01
3.716558133486932425e-01,1.941248030802825431e-01
6.185197716923036548e-01,1.319418317177247502e-01
7.296280161565122935e-01,7.882270369637087160e-02
7.296280161565122935e-01,7.882270369637087160e-02
6.575977293504218224e-01,1.194826241114223808e-01
6.575977293504218224e-01,1.194826241114223808e-01
7.652922044370913390e-01,9.343539105091916430e-02
4.277807456670025821e-01,-7.133620582410843403e-02
4.277807456670025821e-01,-7.133620582410843403e-02
5.550883276451792359e-01,1.262421658060827734e-03
5.550883276451792359e-01,1.262421658060827734e-03
9.193959809619078882e-01,5.805725164865410681e-02
9.193959809619078882e-01,5.805725164865410681e-02
8.332692961373904250e-01,1.229757802085742757e-01
7.578338455123081463e-01,2.832550398058782115e-02
7.578338455123081463e-01,2.832550398058782115e-02
7.708212893841250857e-01,-1.039155568289118342e-01
7.708212893841250857e-01,-1.039155568289118342e-01
7.708212893841250857e-01,-1.039155568289118342e-01
7.708212893841250857e-01,-1.039155568289118342e-01
5.387705078201311393e-01,-1.729699648761330033e-01
6.047412872486012114e-01,-1.625768846577874127e-02
7.359708866841072616e-01,-6.405036931383470411e-02
7.570383631817353409e-01,1.885222796077913598e-02
7.570383631817353409e-01,1.885222796077913598e-02
7.570383631817353409e-01,1.885222796077913598e-02
8.304337349852816130e-01,1.800143968887332191e-01
8.304337349852816130e-01,1.800143968887332191e-01
7.799989565737142083e-01,1.424950170113340187e-01
7.799989565737142083e-01,1.424950170113340187e-01
8.272027901319159993e-01,3.566421604873602769e-02
8.272027901319159993e-01,3.566421604873602769e-02
8.272027901319159993e-01,3.566421604873602769e-02
8.272027901319159993e-01,3.566421604873602769e-02
8.272027901319159993e-01,3.566421604873602769e-02
8.272027901319159993e-01,3.566421604873602769e-02
8.272027901319159993e-01,3.566421604873602769e-02
8.101677657779502439e-01,2.878601024855447291e-02
8.518708510013583979e-01,4.048911038478793245e-02
8.518708510013583979e-01,4.048911038478793245e-02
8.518708510013583979e-01,4.048911038478793245e-02
8.518708510013583979e-01,4.048911038478793245e-02
7.689356329126607603e-01,1.400095179690298841e-01
7.689356329126607603e-01,1.400095179690298841e-01
6.807256895389441897e-01,1.089399956294325594e-01
4.746733415730980399e-01,1.141221438591555337e-01
4.746733415730980399e-01,1.141221438591555337e-01
3.851044059135518838e-01,-1.710484572831509897e-01
3.851044059135518838e-01,-1.710484572831509897e-01
7.682150609078604031e-01,9.950139120319112518e-03
7.682150609078604031e-01,9.950139120319112518e-03
8.152860185625314671e-01,1.161617537189755106e-01
8.085902994716489545e-01,-8.378662028880587420e-03
6.704330363695694128e-01,1.703420428134020392e-01
6.704330363695694128e-01,1.703420428134020392e-01
6.704330363695694128e-01,1.703420428134020392e-01
6.704330363695694128e-01,1.703420428134020392e-01
6.704330363695694128e-01,1.703420428134020392e-01
6.704330363695694128e-01,1.703420428134020392e-01
6.745340344442470881e-01,1.205920038172559050e-01
3.614267689331362443e-01,-9.200100118861906373e-02
5.275262418018425992e-01,1.158691875912337688e-01
4.007691804114253964e-01,1.310597698379671050e-01
6.186163667345329076e-01,7.004608583831044288e-02
6.186163667345329076e-01,7.004608583831044288e-02
6.186163667345329076e-01,7.004608583831044288e-02
6.186163667345329076e-01,7.004608583831044288e-02
5.406156513998581215e-01,-5.626887267680903693e-02
7.521134958143520510e-01,2.649058420725012297e-01
7.521134958143520510e-01,2.649058420725012297e-01
7.521134958143520510e-01,2.649058420725012297e-01
7.521134958143520510e-01,2.649058420725012297e-01
5.914001593885028774e-01,1.752904702942509330e-01
5.914001593885028774e-01,1.752904702942509330e-01
4.498614983648563381e-01,1.760917670201616880e-01
3.567466549385761576e-01,3.288865264618771600e-01
3.567466549385761576e-01,3.288865264618771600e-01
2.887040790635506671e-01,8.566197106259310079e-02
3.865475832359873132e-01,-4.659031613865205479e-02
4.880887280654009897e-01,2.770052772909357974e-02
4.880887280654009897e-01,2.770052772909357974e-02
4.880887280654009897e-01,2.770052772909357974e-02
6.739391833937089515e-01,4.686097362530398935e-02
6.010906935968017839e-01,-1.821793792085056318e-01
5.606711737139059570e-01,-1.376717373274636558e-01
5.606711737139059570e-01,-1.376717373274636558e-01
3.274754048236794279e-01,-5.344123850613030635e-03
3.274754048236794279e-01,-5.344123850613030635e-03
2.017204208953378430e-01,-2.022681888617624546e-01
2.017204208953378430e-01,-2.022681888617624546e-01
2.017204208953378430e-01,-2.022681888617624546e-01
2.017204208953378430e-01,-2.022681888617624546e-01
2.017204208953378430e-01,-2.022681888617624546e-01
2.017204208953378430e-01,-2.022681888617624546e-01
2.017204208953378430e-01,-2.022681888617624546e-01
9.255272338873204996e-02,-6.204304044689579190e-02
9.255272338873204996e-02,-6.204304044689579190e-02
9.255272338873204996e-02,-6.204304044689579190e-02
2.769274864974337058e-01,-1.100598478057945862e-02
3.424538304028678093e-01,1.505678766871735297e-01
3.424538304028678093e-01,1.505678766871735297e-01
3.424538304028678093e-01,1.505678766871735297e-01
3.101905446907239905e-01,2.526735829900036978e-02
3.143609617242879573e-01,-4.352012367880847554e-02
4.144788192884442113e-01,-3.409956460026335873e-02
3.606997775102953607e-01,-1.034595622910322310e-01
8.550202743989316900e-01,-3.479756282676621515e-02
7.286971066719171164e-01,-2.005196537298407911e-03
7.881917363026185175e-01,4.847377461353977179e-02
7.881917363026185175e-01,4.847377461353977179e-02
7.881917363026185175e-01,4.847377461353977179e-02
7.881917363026185175e-01,4.847377461353977179e-02
7.222439867792167512e-01,2.584007545898492006e-02
7.222439867792167512e-01,2.584007545898492006e-02
7.022036669291712441e-01,1.190018779370921181e-01
7.895667392805620910e-01,2.062329544914727197e-01
7.895667392805620910e-01,2.062329544914727197e-01
7.895667392805620910e-01,2.062329544914727197e-01
6.381723838883350819e-01,5.311084596189966089e-02
6.381723838883350819e-01,5.311084596189966089e-02
6.381723838883350819e-01,5.311084596189966089e-02
6.381723838883350819e-01,5.311084596189966089e-02
6.381723838883350819e-01,5.311084596189966089e-02
4.756175223989533851e-01,7.898200374218222741e-02
4.756175223989533851e-01,7.898200374218222741e-02
4.756175223989533851e-01,7.898200374218222741e-02
4.739626441566793247e-01,-1.364982642375756339e-01
7.289954892132159969e-01,-1.712653308062998259e-01
8.931692101861620214e-01,4.147934791286825296e-02
9.431228655966921171e-01,1.892951217496903760e-01
7.237426289581805339e-01,2.945648084303859604e-01
6.773585916576039256e-01,2.913045294059308787e-01
6.940636708872597316e-01,1.825692326524382680e-01
6.940636708872597316e-01,1.825692326524382680e-01
6.191126557105202100e-01,6.583114095927503073e-02
4.479216840069457084e-01,2.177364382826111472e-02
4.479216840069457084e-01,2.177364382826111472e-02
4.479216840069457084e-01,2.177364382826111472e-02
4.479216840069457084e-01,2.177364382826111472e-02
4.479216840069457084e-01,2.177364382826111472e-02
5.105615749724449204e-01,2.849004989852530478e-01
4.900537167310847209e-01,2.359387201979649129e-01
4.623073476583627328e-01,5.564582863324529782e-02
4.623073476583627328e-01,5.564582863324529782e-02
4.623073476583627328e-01,5.564582863324529782e-02
6.374181486123343676e-01,2.904605613837377143e-02
6.374181486123343676e-01,2.904605613837377143e-02
6.374181486123343676e-01,2.904605613837377143e-02
5.922758520258506465e-01,4.737848838150044567e-02
6.201972577471831505e-01,-3.078607411460589777e-02
6.201972577471831505e-01,-3.078607411460589777e-02
6.117514610030648781e-01,-1.976224389097168688e-01
5.426005907661146654e-01,-1.680786469118574766e-01
4.372993021647778589e-01,-1.128669960592497690e-01
4.372993021647778589e-01,-1.128669960592497690e-01
4.372993021647778589e-01,-1.128669960592497690e-01
4.372993021647778589e-01,-1.128669960592497690e-01
4.372993021647778589e-01,-1.128669960592497690e-01
4.372993021647778589e-01,-1.128669960592497690e-01
6.157859623406281013e-01,-6.550253161730371088e-03
6.157859623406281013e-01,-6.550253161730371088e-03
5.560792551224682523e-01,7.496893772533502753e-02
5.598991477895108870e-01,-7.596751045052457796e-02
5.598991477895108870e-01,-7.596751045052457796e-02
5.598991477895108870e-01,-7.596751045052457796e-02
7.983434659771252440e-01,-1.076509658653748147e-01
7.983434659771252440e-01,-1.076509658653748147e-01
5.790480753486098031e-01,-1.773877219989217768e-01
5.790480753486098031e-01,-1.773877219989217768e-01
5.516721406700152430e-01,1.911684091955955234e-01
5.516721406700152430e-01,1.911684091955955234e-01
6.715181845867564947e-01,1.024023427126031505e-01
6.790508608226903942e-01,1.214799414555078894e-02
6.400406799791776846e-01,5.230446697028322961e-02
6.371275461296582732e-01,4.602195083166007311e-02
6.371275461296582732e-01,4.602195083166007311e-02
6.371275461296582732e-01,4.602195083166007311e-02
6.024816054512286412e-01,-3.657504427464861735e-02
6.024816054512286412e-01,-3.657504427464861735e-02
6.024816054512286412e-01,-3.657504427464861735e-02
6.840392582505729901e-01,1.336767150163330892e-02
6.260677896402343512e-01,-1.552939545999693083e-01
6.260677896402343512e-01,-1.552939545999693083e-01
6.761874323620213900e-01,-7.075999871226969218e-02
2.716301194253173956e-01,-9.308062488021173753e-02
2.716301194253173956e-01,-9.308062488021173753e-02
2.716301194253173956e-01,-9.308062488021173753e-02
5.175394054817026301e-01,2.950463289128825439e-02
5.175394054817026301e-01,2.950463289128825439e-02
5.175394054817026301e-01,2.950463289128825439e-02
5.175394054817026301e-01,2.950463289128825439e-02
4.928602913754060455e-01,-5.568166376681492336e-02
4.259102405867212782e-01,-1.650058376291172191e-01
5.810920655001430291e-01,-6.665890899664793368e-02
6.613686974271481001e-01,3.229293954374096165e-02
7.502814550567412644e-01,1.716518426389146423e-02
6.078031844846957243e-01,-1.664678827214211010e-02
6.393708690631763059e-01,-8.919895855337829638e-02
6.393708690631763059e-01,-8.919895855337829638e-02
6.393708690631763059e-01,-8.919895855337829638e-02
6.393708690631763059e-01,-8.919895855337829638e-02
6.831664672063813004e-01,1.689059241081898310e-01
6.965099572322143162e-01,2.143746331116114234e-02
6.965099572322143162e-01,2.143746331116114234e-02
6.965099572322143162e-01,2.143746331116114234e-02
4.657125145077881667e-01,1.551172351034242058e-01
4.708551912105372050e-01,9.157011065492548507e-02
4.708551912105372050e-01,9.157011065492548507e-02
4.648976732416641444e-01,1.571173524290766788e-01
4.648976732416641444e-01,1.571173524290766788e-01
4.832506907308190547e-01,-4.957062372916196114e-02
3.818589894276240848e-01,-1.067964637058975430e-01
5.364971099042614711e-01,-1.165290199574033209e-01
5.364971099042614711e-01,-1.165290199574033209e-01
7.361144933831863524e-01,-1.127188250408695941e-01
6.578494579893664485e-01,-2.916422356758720247e-02
6.578494579893664485e-01,-2.916422356758720247e-02
6.444628029051926443e-01,-1.195450167765551575e-01
4.939119536783562192e-01,1.569447089038161769e-02
4.282726131703807892e-01,1.824391208043345258e-01
4.282726131703807892e-01,1.824391208043345258e-01
4.306768149455182382e-01,-6.083539385323522009e-03
4.306768149455182382e-01,-6.083539385323522009e-03
6.250077885279097245e-01,-1.177169983250686558e-01
6.250077885279097245e-01,-1.177169983250686558e-01
8.257862475791507562e-01,-1.255864964085634805e-01
6.449437088550856734e-01,-1.901046566682442207e-01
6.449437088550856734e-01,-1.901046566682442207e-01
6.088507096973643229e-01,-2.835096030720275495e-01
8.249787919810556147e-01,-6.519682027844531103e-02
8.249787919810556147e-01,-6.519682027844531103e-02
4.416065396360179807e-01,-5.891632912556560298e-02
5.371052859325761153e-01,-1.805136832719555495e-01
7.468069747577927853e-01,1.566980835182529841e-03
8.100390943011829270e-01,-1.564317779237241468e-01
8.095240057838739567e-01,-1.962248837600808482e-01
8.095240057838739567e-01,-1.962248837600808482e-01
8.125696867414415880e-01,-1.931714834700422045e-01
4.830856753518008584e-01,-1.735265067277813877e-01
6.371128659727434140e-01,-1.884327646661765054e-01
5.450952154053034793e-01,2.133042516009925060e-01
5.450952154053034793e-01,2.133042516009925060e-01
4.048110231657622293e-01,2.898534034370819357e-01
4.944490082793279728e-01,2.671697321701287930e-01
4.944490082793279728e-01,2.671697321701287930e-01
3.870021316492695540e-01,1.085799439001405853e-01
3.870021316492695540e-01,1.085799439001405853e-01
3.856613087101742332e-01,1.610147576710566630e-01
3.634498864993290779e-01,1.106555066336678550e-02
3.821823147256791509e-01,-8.938372069935551778e-02
3.292385960505537779e-01,1.261577927526146004e-02
3.292385960505537779e-01,1.261577927526146004e-02
3.452373033469842700e-01,8.480194559754448969e-02
6.811579406183960739e-01,5.152042321063356189e-02
5.827839624307291633e-01,-7.402372682657899772e-03
4.096304423087898106e-01,-2.155204603759190707e-02
7.701365198303301574e-01,4.110846859863329095e-02
7.701365198303301574e-01,4.110846859863329095e-02
7.701365198303301574e-01,4.110846859863329095e-02
6.677330585121462603e-01,-1.488435546349725358e-01
5.904587411843107425e-01,5.635061366488886003e-02
5.904587411843107425e-01,5.635061366488886003e-02
5.904587411843107425e-01,5.635061366488886003e-02
5.904587411843107425e-01,5.635061366488886003e-02
5.904587411843107425e-01,5.635061366488886003e-02
5.904587411843107425e-01,5.635061366488886003e-02
5.904587411843107425e-01,5.635061366488886003e-02
5.904587411843107425e-01,5.635061366488886003e-02
6.892984381907013569e-01,4.087669650415540201e-02
7.247236155269799474e-01,4.281515857231991268e-02
8.820665544289302273e-01,-9.631673463087131459e-02
9.661112153717297257e-01,-2.653985976926238055e-01
9.661112153717297257e-01,-2.653985976926238055e-01
1.018159000154952754e+00,3.659982903059794124e-02
8.293057706153457165e-01,-1.083438445009969331e-01
6.726444614622252294e-01,-3.181451415443883879e-02
7.370216749191382810e-01,5.799368588947330372e-02
6.013357716371870998e-01,3.756549394977161394e-02
6.013357716371870998e-01,3.756549394977161394e-02
6.904672992169437196e-01,-4.262747890613730051e-02
5.685429842145277579e-01,5.042822130592750085e-02
5.685429842145277579e-01,5.042822130592750085e-02
5.086245873989295729e-01,-4.289531773173939355e-02
5.086245873989295729e-01,-4.289531773173939355e-02
5.086245873989295729e-01,-4.289531773173939355e-02
5.086245873989295729e-01,-4.289531773173939355e-02
5.086245873989295729e-01,-4.289531773173939355e-02
4.660367627876914609e-01,6.056044873376872917e-02
5.336586483250329582e-01,4.464185163695713610e-02
5.336586483250329582e-01,4.464185163695713610e-02
4.558584868692343028e-01,-7.222068412642161650e-03
4.320507248839442482e-01,1.787731315238618932e-03
4.320507248839442482e-01,1.787731315238618932e-03
4.320507248839442482e-01,1.787731315238618932e-03
2.950601352266472022e-01,3.477348414070584315e-02
3.707170712655187828e-01,2.410823163338222108e-01
2.142836620625785948e-01,-1.227089358953081799e-02
2.142836620625785948e-01,-1.227089358953081799e-02
2.748941060222268029e-01,-2.403539350788651274e-02
5.207959729707347662e-01,2.946807032849389080e-03
4.771062522564559760e-01,3.887428375773592515e-02
7.284676756884647109e-01,8.665479535260536825e-02
8.369296352591382160e-01,2.108023630316930019e-01
8.369296352591382160e-01,2.108023630316930019e-01
8.369296352591382160e-01,2.108023630316930019e-01
8.680040191505957736e-01,3.472637845169282422e-01
6.890020146409916446e-01,3.402735847036909012e-01
6.890020146409916446e-01,3.402735847036909012e-01
4.953042331960794131e-01,3.113669657267785773e-01
4.953042331960794131e-01,3.113669657267785773e-01
4.738606023379962617e-01,2.666451571733163273e-01
5.292981354729047183e-01,3.340025711649708962e-01
6.517645447023040495e-01,3.213184510432091079e-01
6.517645447023040495e-01,3.213184510432091079e-01
3.802919255435140977e-01,1.691161846632893151e-01
3.802919255435140977e-01,1.691161846632893151e-01
2.292396224402377947e-01,1.335810622770253475e-01
2.292396224402377947e-01,1.335810622770253475e-01
2.203088224819090557e-01,2.039946900750037040e-01
1.454700392161010769e-01,1.949246535920287071e-01
2.156375115417611954e-01,5.352359715327528744e-02
2.156375115417611954e-01,5.352359715327528744e-02
2.156375115417611954e-01,5.352359715327528744e-02
2.607084122741162302e-01,1.476764800195913829e-01
4.625209274850038410e-01,1.968209347496692740e-01
4.625209274850038410e-01,1.968209347496692740e-01
4.625209274850038410e-01,1.968209347496692740e-01
4.625209274850038410e-01,1.968209347496692740e-01
5.145718672616836908e-01,1.452308064637920504e-01
5.145718672616836908e-01,1.452308064637920504e-01
7.290877221901821414e-01,7.207509015862674506e-02
7.290877221901821414e-01,7.207509015862674506e-02
7.290877221901821414e-01,7.207509015862674506e-02
6.066453341524610243e-01,-7.980945253270473050e-02
6.952297098729441904e-01,-1.772959501344351096e-01
6.952297098729441904e-01,-1.772959501344351096e-01
6.952297098729441904e-01,-1.772959501344351096e-01
6.952297098729441904e-01,-1.772959501344351096e-01
6.952297098729441904e-01,-1.772959501344351096e-01
6.952297098729441904e-01,-1.772959501344351096e-01
6.505638381272547122e-01,-1.729963684142850067e-01
6.505638381272547122e-01,-1.729963684142850067e-01
6.505638381272547122e-01,-1.729963684142850067e-01
5.322908413301543629e-01,3.309312696861549385e-03
5.322908413301543629e-01,3.309312696861549385e-03
5.322908413301543629e-01,3.309312696861549385e-03
7.316131236547795957e-01,2.128255166374475871e-01
6.331385605693158336e-01,-5.916929507038415359e-02
3.863695639569175722e-01,-5.024007233439516801e-02
3.863695639569175722e-01,-5.024007233439516801e-02
4.866490634563115369e-01,8.123108398107403705e-02
6.988290245702277748e-01,-1.382201560126060103e-01
8.003273490542442969e-01,-3.325127928823932988e-02
8.005704688656877233e-01,-8.543835662145962684e-04
6.566997303341870484e-01,-1.049135643797325101e-01
6.566997303341870484e-01,-1.049135643797325101e-01
6.566997303341870484e-01,-1.049135643797325101e-01
6.566997303341870484e-01,-1.049135643797325101e-01
6.566997303341870484e-01,-1.049135643797325101e-01
5.677343818554995147e-01,-1.787067687166673802e-01
4.382513413763706733e-01,-1.658912090620094926e-01
4.382513413763706733e-01,-1.658912090620094926e-01
4.735286322046734497e-01,-2.283487066722750258e-02
4.735286322046734497e-01,-2.283487066722750258e-02
3.842796405080958766e-01,-1.601865791498384706e-01
6.018450791804157429e-01,-2.369360208094867248e-01
6.018450791804157429e-01,-2.369360208094867248e-01
6.177558653476603601e-01,-1.651969093204070926e-01
6.431350339524047888e-01,1.093224582514756849e-01
6.431350339524047888e-01,1.093224582514756849e-01
6.431350339524047888e-01,1.093224582514756849e-01
6.431350339524047888e-01,1.093224582514756849e-01
6.431350339524047888e-01,1.093224582514756849e-01
5.381383775406308745e-01,1.774443543066960283e-01
5.381383775406308745e-01,1.774443543066960283e-01
5.756644184771281259e-01,1.312094244303390611e-01
7.130802079999792875e-01,1.177394653623393128e-01
7.188427378481399010e-01,8.256378458507215856e-02
7.188427378481399010e-01,8.256378458507215856e-02
5.559028904452281150e-01,4.078500983405278224e-02
5.559028904452281150e-01,4.078500983405278224e-02
6.475688206545896497e-01,3.585629609674172158e-03
8.055398665781653422e-01,-6.189362845333053892e-02
8.055398665781653422e-01,-6.189362845333053892e-02
8.055398665781653422e-01,-6.189362845333053892e-02
8.055398665781653422e-01,-6.189362845333053892e-02
8.055398665781653422e-01,-6.189362845333053892e-02
8.055398665781653422e-01,-6.189362845333053892e-02
8.055398665781653422e-01,-6.189362845333053892e-02
8.055398665781653422e-01,-6.189362845333053892e-02
8.055398665781653422e-01,-6.189362845333053892e-02
8.055398665781653422e-01,-6.189362845333053892e-02
8.055398665781653422e-01,-6.189362845333053892e-02
7.383751490677714635e-01,-1.918313162482891687e-01
6.434831665724772831e-01,3.056730727007697657e-02
7.130403928310550254e-01,-6.675851242812352870e-02
7.130403928310550254e-01,-6.675851242812352870e-02
7.130403928310550254e-01,-6.675851242812352870e-02
7.130403928310550254e-01,-6.675851242812352870e-02
6.798486404673423911e-01,-1.371732598594667674e-01
6.553891103367881499e-01,-5.693548947609046451e-02
6.553891103367881499e-01,-5.693548947609046451e-02
6.553891103367881499e-01,-5.693548947609046451e-02
5.290827581168924265e-01,6.922211611963553779e-02
5.290827581168924265e-01,6.922211611963553779e-02
5.290827581168924265e-01,6.922211611963553779e-02
5.290827581168924265e-01,6.922211611963553779e-02
5.290827581168924265e-01,6.922211611963553779e-02
5.290827581168924265e-01,6.922211611963553779e-02
5.772347401837566450e-01,-2.275157860831933943e-01
5.826945533884748674e-01,-6.447699687758992604e-02
8.289088589737710899e-01,-2.778865059745845856e-01
8.289088589737710899e-01,-2.778865059745845856e-01
8.289088589737710899e-01,-2.778865059745845856e-01
7.148530303618806370e-01,-3.457911250436483397e-01
5.035736416663694204e-01,-3.537652915671157250e-01
7.589855294212051184e-01,-3.697034290519972122e-01
4.442954835903102917e-01,-1.105063667235059444e-01
4.799713826330916921e-01,9.725175499656421585e-02
4.068552024884095619e-01,5.710793451691870137e-03
4.039826677443489333e-01,3.228949366331749227e-01
4.039826677443489333e-01,3.228949366331749227e-01
2.759899335940391163e-01,2.640841618562589921e-01
2.789225134489894398e-01,6.726675977863028066e-03
1.310467625134837388e-01,1.763419750631423089e-01
2.797066902619396722e-01,1.313938748172226445e-01
3.129637541535876810e-01,-1.287382999423366536e-01
3.129637541535876810e-01,-1.287382999423366536e-01
2.945320498011418375e-01,-7.648306270618558667e-02
2.945320498011418375e-01,-7.648306270618558667e-02
4.581848020297011326e-01,-1.448462827012277632e-01
5.170716626847978725e-01,-8.949882774286588294e-02
5.170716626847978725e-01,-8.949882774286588294e-02
4.479241740288929519e-01,-2.241263945753246833e-02
4.479241740288929519e-01,-2.241263945753246833e-02
4.479241740288929519e-01,-2.241263945753246833e-02
4.479241740288929519e-01,-2.241263945753246833e-02
4.479241740288929519e-01,-2.241263945753246833e-02
4.266202810191619399e-01,-5.922679684872299982e-02
4.454884232118102583e-01,-3.240891430315008537e-02
7.340040493743408279e-01,-3.130060329434435767e-02
3.658734682788005177e-01,-5.260152280998073304e-02
3.658734682788005177e-01,-5.260152280998073304e-02
5.538965290751300952e-01,-1.013033458933713382e-01
6.357249287248899483e-01,-5.471017659466155536e-02
6.357249287248899483e-01,-5.471017659466155536e-02
5.980379902651451474e-01,4.790194938827699311e-02
5.793878033045405385e-01,-1.452888036822596041e-01
6.561624892656339192e-01,-1.307706491360055290e-01
5.128739189307972568e-01,-1.346328632049795249e-01
5.128739189307972568e-01,-1.346328632049795249e-01
6.597551952593141422e-01,2.116705425097212268e-02
6.597551952593141422e-01,2.116705425097212268e-02
6.597551952593141422e-01,2.116705425097212268e-02
4.395490034214918351e-01,-1.513247101415839679e-01
4.395490034214918351e-01,-1.513247101415839679e-01
3.209915764575973496e-01,2.783991228686671926e-01
3.209915764575973496e-01,2.783991228686671926e-01
4.364480261236910463e-01,2.092741304246010514e-01
4.399221729844106088e-01,1.549598099131018203e-01
4.399221729844106088e-01,1.549598099131018203e-01
5.212776353138159902e-01,2.033750239535831450e-01
4.068567398424687287e-01,1.263136176651667164e-01
4.068567398424687287e-01,1.263136176651667164e-01
6.569611357680156249e-01,-2.226354725421840486e-01
7.569992989094118663e-01,-1.362664719549068204e-01
6.545184628209618216e-01,1.875371629336478052e-02
6.545184628209618216e-01,1.875371629336478052e-02
5.608061832518347334e-01,-1.746140643495147637e-02
5.608061832518347334e-01,-1.746140643495147637e-02
5.608061832518347334e-01,-1.746140643495147637e-02
7.165797887424640855e-01,8.708605434726024441e-02
7.165797887424640855e-01,8.708605434726024441e-02
7.165797887424640855e-01,8.708605434726024441e-02
7.165797887424640855e-01,8.708605434726024441e-02
7.165797887424640855e-01,8.708605434726024441e-02
7.598550555714249644e-01,8.775385096852422739e-02
7.598550555714249644e-01,8.775385096852422739e-02
7.381891987913358211e-01,5.356148256698391869e-02
6.421025161865324682e-01,-4.010294132012037771e-03
7.481198060387069804e-01,1.587351092998251501e-01
7.124917210204635420e-01,3.785785497775788488e-02
7.124917210204635420e-01,3.785785497775788488e-02
6.044852993568825550e-01,1.023643571048089285e-01
6.924471078676418534e-01,-6.919219226072220730e-02
6.924471078676418534e-01,-6.919219226072220730e-02
6.924471078676418534e-01,-6.919219226072220730e-02
8.532332683197824119e-01,-1.967095010056470888e-02
8.255364995797774830e-01,-9.807759701292045884e-02
8.255364995797774830e-01,-9.807759701292045884e-02
1.028016900163976066e+00,-1.873427304900722457e-02
1.028016900163976066e+00,-1.873427304900722457e-02
1.028016900163976066e+00,-1.873427304900722457e-02
1.028016900163976066e+00,-1.873427304900722457e-02
9.880784274969365288e-01,-6.473485277070145649e-02
9.880784274969365288e-01,-6.473485277070145649e-02
9.880784274969365288e-01,-6.473485277070145649e-02
9.880784274969365288e-01,-6.473485277070145649e-02
9.880784274969365288e-01,-6.473485277070145649e-02
8.855022153964493548e-01,9.735445607334503038e-02
8.033708030372862519e-01,1.203411649298487818e-01
6.215617162595995504e-01,1.403328512090716573e-01
3.754442374855205822e-01,1.538586426308724275e-01
4.217239927864796512e-01,2.486817052421319563e-03
4.217239927864796512e-01,2.486817052421319563e-03
4.477114860329826640e-01,-1.359412739346549104e-01
4.477114860329826640e-01,-1.359412739346549104e-01
5.634053286596064636e-01,-1.349446229881154646e-01
4.964876382598198967e-01,5.605019205363673263e-02
4.047607742931360608e-01,1.475778523997596237e-01
4.590720665495074959e-01,1.833405641685271759e-01
4.590720665495074959e-01,1.833405641685271759e-01
3.092184788022497299e-01,1.305919431250897045e-01
5.121587202747448497e-01,2.312495821200961088e-01
5.121587202747448497e-01,2.312495821200961088e-01
6.532233568875327467e-01,1.084095037384177757e-01
6.532233568875327467e-01,1.084095037384177757e-01
6.573422096809730109e-01,-4.982063298392640227e-02
5.575255344906689947e-01,-8.724051670267511660e-03
5.575255344906689947e-01,-8.724051670267511660e-03
5.906504579754610074e-01,1.152097103326554794e-01
5.906504579754610074e-01,1.152097103326554794e-01
5.454893200142344467e-01,1.929935161806928257e-01
5.976303448113776673e-01,1.075648669377680250e-01
5.976303448113776673e-01,1.075648669377680250e-01
4.248162623430272733e-01,9.882673096124494627e-02
2.798096058640359152e-01,6.844400977285582111e-02
3.089816388251853674e-01,-1.857468327604650526e-01
3.613471423069978816e-01,1.463936962789929574e-01
4.464088224674476746e-01,1.342216122116602073e-01
5.075026451305746367e-01,-1.698139266293946514e-03
6.201252011519476914e-01,-1.103225920579514602e-01
6.468947980851320612e-01,-1.533962573618691816e-01
7.085981475688747366e-01,3.954920959671653913e-02
7.085981475688747366e-01,3.954920959671653913e-02
7.085981475688747366e-01,3.954920959671653913e-02
7.085981475688747366e-01,3.954920959671653913e-02
7.085981475688747366e-01,3.954920959671653913e-02
7.085981475688747366e-01,3.954920959671653913e-02
5.209849103960644268e-01,1.525364584723589573e-02
5.209849103960644268e-01,1.525364584723589573e-02
5.571018250651029735e-01,1.811750009437792519e-01
5.571018250651029735e-01,1.811750009437792519e-01
5.945798572050936537e-01,2.535737265121838502e-01
5.643287058941323098e-01,4.361952433994137346e-02
5.643287058941323098e-01,4.361952433994137346e-02
4.314018484296597844e-01,-7.336844694142385936e-02
4.516980277821709966e-01,-1.650467878031463553e-01
4.516980277821709966e-01,-1.650467878031463553e-01
5.129923230338001572e-01,-2.518300105293477253e-01
5.129923230338001572e-01,-2.518300105293477253e-01
4.915987511265051402e-01,2.368329150699954866e-03
4.915987511265051402e-01,2.368329150699954866e-03
4.915987511265051402e-01,2.368329150699954866e-03
4.915987511265051402e-01,2.368329150699954866e-03
4.915987511265051402e-01,2.368329150699954866e-03
4.915987511265051402e-01,2.368329150699954866e-03
4.915987511265051402e-01,2.368329150699954866e-03
4.915987511265051402e-01,2.368329150699954866e-03
4.915987511265051402e-01,2.368329150699954866e-03
4.915987511265051402e-01,2.368329150699954866e-03
4.915987511265051402e-01,2.368329150699954866e-03
4.915987511265051402e-01,2.368329150699954866e-03
4.178012457674105673e-01,1.803622557622840961e-01
4.419410714460204059e-01,1.369650202358996260e-02
3.590593880661276383e-01,-2.342288382377219480e-02
2.546343781331384948e-01,-4.732539802648910721e-02
2.546343781331384948e-01,-4.732539802648910721e-02
2.814884995529328138e-01,-4.670789025288113461e-04
4.805850388326725064e-01,8.158448247501451367e-02
4.805850388326725064e-01,8.158448247501451367e-02
8.590073883016704492e-01,1.904216761096522159e-02
6.807212780355319515e-01,-9.333321871851560370e-02
6.807212780355319515e-01,-9.333321871851560370e-02
9.649819686321101653e-01,-1.686347289296259433e-01
6.570054798212117131e-01,-2.613207878775642978e-01
6.570054798212117131e-01,-2.613207878775642978e-01
6.570054798212117131e-01,-2.613207878775642978e-01
6.570054798212117131e-01,-2.613207878775642978e-01
6.570054798212117131e-01,-2.613207878775642978e-01
4.174470473441208584e-01,-3.526526118018635803e-01
4.174470473441208584e-01,-3.526526118018635803e-01
4.174470473441208584e-01,-3.526526118018635803e-01
3.578555883366009716e-01,-2.809180901782779571e-01
3.894012787889238325e-01,-3.044503922880086311e-01
3.582820745461625656e-01,-4.948088234291014853e-02
3.991777234809523733e-01,2.501372376022797939e-01
2.728916549951095893e-01,5.370237371583422292e-02
3.348238581304688877e-01,1.365417943160642800e-01
5.420700897777867011e-01,-3.105493278788715172e-02
5.420700897777867011e-01,-3.105493278788715172e-02
5.420700897777867011e-01,-3.105493278788715172e-02
5.420700897777867011e-01,-3.105493278788715172e-02
6.607492447552679726e-01,4.889606403145822788e-02
6.607492447552679726e-01,4.889606403145822788e-02
5.831407063376311539e-01,-1.388760054731988380e-02
5.831407063376311539e-01,-1.388760054731988380e-02
5.831407063376311539e-01,-1.388760054731988380e-02
6.960073451129482613e-01,-1.262793851319466143e-01
6.431169213915736149e-01,-1.249536654998716495e-01
6.431169213915736149e-01,-1.249536654998716495e-01
6.431169213915736149e-01,-1.249536654998716495e-01
6.431169213915736149e-01,-1.249536654998716495e-01
6.431169213915736149e-01,-1.249536654998716495e-01
7.195678381987287153e-01,-2.511489507682044264e-01
6.728196328327222808e-01,-1.453202339330508519e-01
6.728196328327222808e-01,-1.453202339330508519e-01
6.728196328327222808e-01,-1.453202339330508519e-01
6.728196328327222808e-01,-1.453202339330508519e-01
6.550199828319500650e-01,-2.123527961708266965e-01
6.550199828319500650e-01,-2.123527961708266965e-01
6.550199828319500650e-01,-2.123527961708266965e-01
6.550199828319500650e-01,-2.123527961708266965e-01
7.646993552139983441e-01,-1.180837849332091877e-01
7.627853185981934292e-01,2.934787993490424463e-02
7.627853185981934292e-01,2.934787993490424463e-02
7.627853185981934292e-01,2.934787993490424463e-02
7.627853185981934292e-01,2.934787993490424463e-02
7.272140629990460070e-01,-4.854748692788446451e-02
7.662693305610481787e-01,1.491757919135346666e-01
7.662693305610481787e-01,1.491757919135346666e-01
7.662693305610481787e-01,1.491757919135346666e-01
7.662693305610481787e-01,1.491757919135346666e-01
7.662693305610481787e-01,1.491757919135346666e-01
7.662693305610481787e-01,1.491757919135346666e-01
5.152968222701495016e-01,1.295193521933174774e-01
7.408903856016837430e-01,-2.229234823583972624e-02
7.408903856016837430e-01,-2.229234823583972624e-02
7.408903856016837430e-01,-2.229234823583972624e-02
8.372341824285727263e-01,-4.189908206301582588e-02
8.372341824285727263e-01,-4.189908206301582588e-02
8.372341824285727263e-01,-4.189908206301582588e-02
6.953436164806909847e-01,-1.833665576185868340e-01
6.953436164806909847e-01,-1.833665576185868340e-01
6.953436164806909847e-01,-1.833665576185868340e-01
6.953436164806909847e-01,-1.833665576185868340e-01
6.953436164806909847e-01,-1.833665576185868340e-01
8.132004079694145071e-01,1.739887767160025467e-03
8.132004079694145071e-01,1.739887767160025467e-03
8.132004079694145071e-01,1.739887767160025467e-03
7.194154698632388989e-01,-3.742815683178186276e-02
5.685137601273352326e-01,-2.444341861533159965e-03
5.685137601273352326e-01,-2.444341861533159965e-03
5.995520807346272907e-01,1.517128987849334087e-01
5.995520807346272907e-01,1.517128987849334087e-01
5.995520807346272907e-01,1.517128987849334087e-01
5.993153699967262993e-01,1.039014113999365552e-01
4.819836357230050661e-01,2.700872070282604731e-02
4.819836357230050661e-01,2.700872070282604731e-02
5.764021848425644468e-01,1.901984035433938389e-02
4.572032480459927162e-01,-4.071819036080726040e-02
4.572032480459927162e-01,-4.071819036080726040e-02
4.572032480459927162e-01,-4.071819036080726040e-02
4.614907000275623727e-01,2.074460329080246579e-02
4.614907000275623727e-01,2.074460329080246579e-02
4.614907000275623727e-01,2.074460329080246579e-02
4.614907000275623727e-01,2.074460329080246579e-02
8.545391691209696106e-01,-1.764543438836714828e-01
6.223960775988697236e-01,-1.280084162066534303e-01
6.339085021687532739e-01,-4.333926582316674492e-02
6.339085021687532739e-01,-4.333926582316674492e-02
6.943460110945202102e-01,1.464200998207819127e-01
6.943460110945202102e-01,1.464200998207819127e-01
6.943460110945202102e-01,1.464200998207819127e-01
8.762665781275049692e-01,2.225868471773015389e-01
8.762665781275049692e-01,2.225868471773015389e-01
8.762665781275049692e-01,2.225868471773015389e-01
7.013343876552571299e-01,2.393891548464110730e-01
7.049935015744173139e-01,-4.818045032473211586e-03
7.049935015744173139e-01,-4.818045032473211586e-03
6.464735580785647695e-01,-7.811441671532431963e-02
7.690710557572286721e-01,2.651963022333786446e-02
7.634296414759966787e-01,-7.217178809693337860e-02
5.920993487690940915e-01,-5.074041837391654597e-02
6.953772256708694588e-01,-3.096494266151220143e-02
6.133556491699748703e-01,-1.812996222254179279e-01
6.133556491699748703e-01,-1.812996222254179279e-01
6.963610096273037398e-01,-1.572809444557565772e-01
6.963610096273037398e-01,-1.572809444557565772e-01
6.963610096273037398e-01,-1.572809444557565772e-01
6.963610096273037398e-01,-1.572809444557565772e-01
5.776593496561021057e-01,-1.945934040393569320e-01
4.425653726421520107e-01,-9.954559906240938172e-02
4.858215911138529242e-01,-2.245066324401326363e-01
3.759234281458220805e-01,-2.112623750475418061e-01
3.759234281458220805e-01,-2.112623750475418061e-01
4.967045015429524812e-01,-2.097320860526383501e-01
4.967045015429524812e-01,-2.097320860526383501e-01
5.902696164169547455e-01,-2.156651452198320440e-01
5.902696164169547455e-01,-2.156651452198320440e-01
3.218215922320276645e-01,-4.261127665564595768e-02
3.218215922320276645e-01,-4.261127665564595768e-02
3.218215922320276645e-01,-4.261127665564595768e-02
3.218215922320276645e-01,-4.261127665564595768e-02
4.261477793568165806e-01,1.661832921145761088e-01
4.890184370436683747e-01,1.255057716386338562e-01
3.975123170815239027e-01,-5.782494108036578817e-02
4.940117117502613175e-01,-1.291064767696670224e-01
4.303456411572355034e-01,2.207670301630762499e-02
5.184030897492998280e-01,9.794681393795853785e-02
5.344525735042598980e-01,1.193564086174537242e-01
5.344525735042598980e-01,1.193564086174537242e-01
5.008505965116173408e-01,-3.251829092718810932e-02
6.138283872445197131e-01,-6.865038162987471826e-02
6.138283872445197131e-01,-6.865038162987471826e-02
6.892964175361873114e-01,1.426105635730608445e-01
6.892964175361873114e-01,1.426105635730608445e-01
8.115722244147876019e-01,1.420089830207911241e-01
7.147142948919338323e-01,-1.071795028334068256e-01
7.147142948919338323e-01,-1.071795028334068256e-01
6.450278305278424051e-01,-2.284894068458276362e-02
6.450278305278424051e-01,-2.284894068458276362e-02
6.450278305278424051e-01,-2.284894068458276362e-02
6.032720203552266458e-01,1.784732397246958369e-01
6.032720203552266458e-01,1.784732397246958369e-01
6.032720203552266458e-01,1.784732397246958369e-01
6.032720203552266458e-01,1.784732397246958369e-01
4.713473441621915949e-01,2.008174903010228052e-01
4.713473441621915949e-01,2.008174903010228052e-01
7.025361033056859439e-01,-4.443300856054466230e-02
7.025361033056859439e-01,-4.443300856054466230e-02
7.025361033056859439e-01,-4.443300856054466230e-02
7.025361033056859439e-01,-4.443300856054466230e-02
7.789734415271057921e-01,1.362415571450055485e-01
7.789734415271057921e-01,1.362415571450055485e-01
7.851259451256292765e-01,7.195325863978502268e-02
7.415704884556281185e-01,2.521049699826099499e-01
7.415704884556281185e-01,2.521049699826099499e-01
7.415704884556281185e-01,2.521049699826099499e-01
7.415704884556281185e-01,2.521049699826099499e-01
7.415704884556281185e-01,2.521049699826099499e-01
6.100634331221261863e-01,2.900699579031384978e-02
6.100634331221261863e-01,2.900699579031384978e-02
6.100634331221261863e-01,2.900699579031384978e-02
7.301402580334781511e-01,1.145975615389312890e-03
7.301402580334781511e-01,1.145975615389312890e-03
6.281183444474525146e-01,1.590855381453769035e-01
4.222187925834527400e-01,1.879583914915522180e-01
6.439098944302708016e-01,2.060580676685124235e-01
5.110592845188309807e-01,1.968560470302771204e-01
6.155252693586472645e-01,-5.406003590802968550e-02
5.729132007575756802e-01,-2.734502413547849065e-01
7.534226628084713662e-01,-2.553733832150195115e-01
4.229854795062170658e-01,-2.380944269588397555e-01
4.957634316717524081e-01,-2.462344869387172175e-01
4.368529298803444094e-01,-2.171301821898381501e-01
4.132972330230236246e-01,-1.873437282834766182e-01
5.915536649316859297e-01,1.623818182960680145e-01
3.183981975099110517e-01,-1.303315541535453037e-01
6.572114320810382715e-01,-2.118945630137051284e-01
6.528986573940938065e-01,6.292604517221117577e-02
2.979193415302466286e-01,4.742820934357984408e-02
2.979193415302466286e-01,4.742820934357984408e-02
2.979193415302466286e-01,4.742820934357984408e-02
3.993589856889473988e-01,-1.543689585636441597e-02
3.993589856889473988e-01,-1.543689585636441597e-02
4.630451496360684649e-01,1.312583309994478920e-01
3.874287386497644592e-01,1.840622132739332950e-01
3.874287386497644592e-01,1.840622132739332950e-01
5.418301651579905398e-01,2.605660133806232404e-01
5.418301651579905398e-01,2.605660133806232404e-01
5.418301651579905398e-01,2.605660133806232404e-01
3.922121177557955085e-01,1.735769673016266668e-01
5.401599054390642252e-01,-1.847257999426581143e-01
5.401599054390642252e-01,-1.847257999426581143e-01
5.401599054390642252e-01,-1.847257999426581143e-01
5.401599054390642252e-01,-1.847257999426581143e-01
5.401599054390642252e-01,-1.847257999426581143e-01
6.950457399017531124e-01,-4.916183271296767354e-02
6.950457399017531124e-01,-4.916183271296767354e-02
6.950457399017531124e-01,-4.916183271296767354e-02
7.006078272946312246e-01,4.669174483128286923e-02
4.944725116687106459e-01,-1.102000972065331347e-01
5.627457489993713535e-01,1.136839817683066717e-01
6.114235960957817850e-01,6.496682152885747963e-02
7.313663626072022250e-01,1.240791388924273320e-01
7.326368165224853568e-01,-2.674193037200006673e-02
6.317544385429068043e-01,-5.821955756169615304e-02
6.317544385429068043e-01,-5.821955756169615304e-02
6.381268064715053256e-01,6.313228754875342685e-02
5.544568590913344641e-01,1.537445855680412143e-01
5.544568590913344641e-01,1.537445855680412143e-01
5.544568590913344641e-01,1.537445855680412143e-01
5.544568590913344641e-01,1.537445855680412143e-01
5.544568590913344641e-01,1.537445855680412143e-01
5.544568590913344641e-01,1.537445855680412143e-01
5.544568590913344641e-01,1.537445855680412143e-01
5.544568590913344641e-01,1.537445855680412143e-01
5.544568590913344641e-01,1.537445855680412143e-01
7.162802066085055541e-01,-9.232424732591806849e-02
7.162802066085055541e-01,-9.232424732591806849e-02
4.391031007752760895e-01,-2.049946602405138818e-01
4.391031007752760895e-01,-2.049946602405138818e-01
4.391031007752760895e-01,-2.049946602405138818e-01
3.475283835580595393e-01,-3.404089129672191461e-02
4.637845373398750137e-01,7.366779235381439028e-02
4.637845373398750137e-01,7.366779235381439028e-02
4.637845373398750137e-01,7.366779235381439028e-02
4.637845373398750137e-01,7.366779235381439028e-02
6.838548557677007755e-01,6.686746989893792292e-02
6.838548557677007755e-01,6.686746989893792292e-02
6.838548557677007755e-01,6.686746989893792292e-02
6.838548557677007755e-01,6.686746989893792292e-02
6.950843000624921109e-01,1.350633342287658190e-01
6.950843000624921109e-01,1.350633342287658190e-01
6.950843000624921109e-01,1.350633342287658190e-01
6.950843000624921109e-01,1.350633342287658190e-01
5.451132581184254811e-01,-7.659100263225554484e-03
5.451132581184254811e-01,-7.659100263225554484e-03
5.451132581184254811e-01,-7.659100263225554484e-03
5.451132581184254811e-01,-7.659100263225554484e-03
4.723654587876315869e-01,1.200504260497809172e-01
4.723654587876315869e-01,1.200504260497809172e-01
5.283493421206099105e-01,1.011280871220611305e-01
5.283493421206099105e-01,1.011280871220611305e-01
5.283493421206099105e-01,1.011280871220611305e-01
6.763909389115797532e-01,-6.448474192345633738e-02
6.763909389115797532e-01,-6.448474192345633738e-02
6.763909389115797532e-01,-6.448474192345633738e-02
5.808422261230394845e-01,-4.788854623974871105e-02
5.348862213987949366e-01,-1.441072241457897612e-02
5.348862213987949366e-01,-1.441072241457897612e-02
6.134265596001640120e-01,1.106103751112322564e-01
9.255688017306473725e-01,5.781972998934133828e-02
9.255688017306473725e-01,5.781972998934133828e-02
7.901342728323826892e-01,1.705994185077386871e-01
6.124505356449473359e-01,2.194944826165742546e-01
6.818149635944312781e-01,1.916729136040793424e-01
6.685008066745866673e-01,-1.382090575865878579e-01
6.685008066745866673e-01,-1.382090575865878579e-01
7.524720962795421464e-01,-5.184886347223623126e-02
7.638990745287804751e-01,-1.036619477529110156e-01
7.638990745287804751e-01,-1.036619477529110156e-01
7.187337589917703884e-01,7.728464374226978739e-02
7.187337589917703884e-01,7.728464374226978739e-02
5.849574704281041981e-01,-2.261898859216369129e-01
7.121756685411911869e-01,-2.131490339517662091e-01
3.779933463520563919e-01,7.834547143419551274e-02
3.779933463520563919e-01,7.834547143419551274e-02
5.852563237463856982e-01,6.897184559179179997e-02
7.316132611118810747e-01,1.633421578522316897e-01
6.089604894373464861e-01,1.832464210883366640e-02
7.011994553362597138e-01,-1.748324775588371710e-02
7.011994553362597138e-01,-1.748324775588371710e-02
7.021578784526701922e-01,-2.257844138821245294e-02
7.021578784526701922e-01,-2.257844138821245294e-02
7.021578784526701922e-01,-2.257844138821245294e-02
7.152406790769306744e-01,-6.200830744490181540e-02
7.152406790769306744e-01,-6.200830744490181540e-02
7.152406790769306744e-01,-6.200830744490181540e-02
7.524012400290864822e-01,4.620613738474895621e-02
5.130162205083024229e-01,6.535918783664100562e-02
5.130162205083024229e-01,6.535918783664100562e-02
5.130162205083024229e-01,6.535918783664100562e-02
5.130162205083024229e-01,6.535918783664100562e-02
6.925813884498892570e-01,8.971440826558485515e-02
6.242556646232021444e-01,8.757133768675466612e-02
6.242556646232021444e-01,8.757133768675466612e-02
8.246955416753134482e-01,-7.850099209060656946e-03
8.246955416753134482e-01,-7.850099209060656946e-03
6.330771460784194726e-01,-1.087577069241802141e-01
6.330771460784194726e-01,-1.087577069241802141e-01
7.073819280786515229e-01,2.029958185387747971e-02
7.073819280786515229e-01,2.029958185387747971e-02
5.628898873690074689e-01,1.563851741490273617e-01
5.628898873690074689e-01,1.563851741490273617e-01
7.423043664535009523e-01,6.953971803322213374e-02
7.423043664535009523e-01,6.953971803322213374e-02
7.423043664535009523e-01,6.953971803322213374e-02
7.423043664535009523e-01,6.953971803322213374e-02
7.283418285995605368e-01,6.322366667199139090e-02
7.283418285995605368e-01,6.322366667199139090e-02
9.237219722374054864e-01,-1.713351732924069115e-01
8.910460915382416580e-01,-1.265775445722710224e-01
8.910460915382416580e-01,-1.265775445722710224e-01
8.910460915382416580e-01,-1.265775445722710224e-01
8.910460915382416580e-01,-1.265775445722710224e-01
8.173276352007445844e-01,1.421991113703794662e-01
8.173276352007445844e-01,1.421991113703794662e-01
8.173276352007445844e-01,1.421991113703794662e-01
8.783278844908232186e-01,2.091784345505756648e-02
8.783278844908232186e-01,2.091784345505756648e-02
7.681744212011798467e-01,-2.812263822708914729e-01
7.431401739741080315e-01,2.844637170586711283e-02
6.821063051901035124e-01,1.400789746854909923e-01
6.821063051901035124e-01,1.400789746854909923e-01
7.423326765339821609e-01,1.209091159850278069e-01
7.423326765339821609e-01,1.209091159850278069e-01
6.363007098309547693e-01,1.904037664026428378e-01
6.363007098309547693e-01,1.904037664026428378e-01
6.363007098309547693e-01,1.904037664026428378e-01
4.522438045995780254e-01,1.807141712312216042e-01
4.520285856484220210e-01,1.662082928119659186e-01
5.218993866056339526e-01,-5.597101657423728116e-02
2.890096430977474595e-01,-4.908338502151545629e-02
2.134331166702028160e-01,-1.458737131555555011e-01
1.850529576497539908e-01,-1.329443002757492442e-01
4.227677287170743536e-01,-9.137342574673348872e-02
3.402323527802997294e-01,-1.786553024462897987e-01
7.099662395744490428e-01,-7.980321470481969992e-02
5.301375370163211587e-01,3.811459018699510370e-02
5.301375370163211587e-01,3.811459018699510370e-02
5.301375370163211587e-01,3.811459018699510370e-02
5.910563414357481449e-01,-6.324129884831210247e-02
5.910563414357481449e-01,-6.324129884831210247e-02
5.910563414357481449e-01,-6.324129884831210247e-02
5.910563414357481449e-01,-6.324129884831210247e-02
5.140728745199635297e-01,-4.266818822686520990e-02
4.935929135240271770e-01,2.134945227111400418e-02
4.935929135240271770e-01,2.134945227111400418e-02
4.935929135240271770e-01,2.134945227111400418e-02
4.935929135240271770e-01,2.134945227111400418e-02
4.935929135240271770e-01,2.134945227111400418e-02
4.935929135240271770e-01,2.134945227111400418e-02
5.729626502689926237e-01,1.200433306733558469e-01
5.855815386176876913e-01,4.337397074249582651e-02
6.031330188026305938e-01,1.026098500510042033e-01
5.151029685747661180e-01,-1.035032109471079598e-01
5.151029685747661180e-01,-1.035032109471079598e-01
5.151029685747661180e-01,-1.035032109471079598e-01
5.151029685747661180e-01,-1.035032109471079598e-01
5.151029685747661180e-01,-1.035032109471079598e-01
5.151029685747661180e-01,-1.035032109471079598e-01
4.232369958983124847e-01,-1.243047617696247664e-01
4.192728938005255146e-01,-1.725703318214701076e-02
4.192728938005255146e-01,-1.725703318214701076e-02
5.299115136338676812e-01,-1.294793864709005704e-01
5.299115136338676812e-01,-1.294793864709005704e-01
3.691775466386384985e-01,-6.204850422629783202e-02
4.704182829870152127e-01,5.389745195331109573e-02
4.704182829870152127e-01,5.389745195331109573e-02
4.704182829870152127e-01,5.389745195331109573e-02
4.704182829870152127e-01,5.389745195331109573e-02
4.704182829870152127e-01,5.389745195331109573e-02
3.071924015213796100e-01,2.722385490244068340e-03
3.873596750901945884e-01,-1.430172602903122814e-01
3.945092524212819307e-01,-2.147978910608006053e-01
4.936662282701904103e-01,2.990638949977514338e-02
4.936662282701904103e-01,2.990638949977514338e-02
4.646581095202309553e-01,-9.791765853281927945e-02
5.612243194140333902e-01,-6.626093061762716729e-02
4.974552081212166854e-01,-5.662260024025389527e-02
4.974552081212166854e-01,-5.662260024025389527e-02
4.974552081212166854e-01,-5.662260024025389527e-02
5.602314223811094562e-01,-2.500666733884955306e-01
5.838439800767545318e-01,-1.670136838062158957e-01
5.838439800767545318e-01,-1.670136838062158957e-01
6.585516248137756046e-01,-1.680386851985429253e-01
6.034660628645369673e-01,-1.308598531371358564e-01
5.800479245947773865e-01,-2.246144282904903589e-02
6.536809812412026632e-01,6.135712830407930030e-02
6.536809812412026632e-01,6.135712830407930030e-02
6.122457902576411426e-01,3.129612230111504523e-02
6.122457902576411426e-01,3.129612230111504523e-02
6.122457902576411426e-01,3.129612230111504523e-02
6.122457902576411426e-01,3.129612230111504523e-02
4.497380973734459442e-01,1.906379993097531006e-03
5.164661576854041591e-01,4.637667307841264464e-02
5.164661576854041591e-01,4.637667307841264464e-02
6.891746705838737164e-01,-3.509397242915093806e-02
6.891746705838737164e-01,-3.509397242915093806e-02
8.482872830769841999e-01,-2.640522038954622869e-02
8.482872830769841999e-01,-2.640522038954622869e-02
8.741374936026811149e-01,-7.814090956567448787e-02
8.385270978676936382e-01,1.111093314836576751e-01
8.741918875794515431e-01,-4.158613177692524476e-02
8.137974251368147449e-01,-8.261183216674110319e-02
7.728635662897744840e-01,8.562961753328778014e-02
7.728635662897744840e-01,8.562961753328778014e-02
4.322815133480862326e-01,-5.206163838540216193e-02
4.800690397337006865e-01,-4.304143779746844034e-02
7.240675432600176542e-01,9.210296846887774946e-02
6.894166300512525325e-01,5.321380160365837830e-02
6.894166300512525325e-01,5.321380160365837830e-02
8.582356944455797887e-01,1.187095401905710890e-01
8.167600009794603322e-01,5.305651021682276924e-02
8.167600009794603322e-01,5.305651021682276924e-02
8.167600009794603322e-01,5.305651021682276924e-02
6.878181924317697815e-01,5.838639969574749983e-02
6.878181924317697815e-01,5.838639969574749983e-02
6.878181924317697815e-01,5.838639969574749983e-02
6.878181924317697815e-01,5.838639969574749983e-02
5.783268299714297012e-01,5.735237555178229057e-02
5.086239141369571781e-01,5.812959480285792568e-02
5.086239141369571781e-01,5.812959480285792568e-02
4.440359130665597065e-01,-1.485831391983667704e-02
4.440359130665597065e-01,-1.485831391983667704e-02
5.957157652469748932e-01,-2.076649632546039015e-02
5.957157652469748932e-01,-2.076649632546039015e-02
5.957157652469748932e-01,-2.076649632546039015e-02
5.957157652469748932e-01,-2.076649632546039015e-02
5.957157652469748932e-01,-2.076649632546039015e-02
5.957157652469748932e-01,-2.076649632546039015e-02
5.957157652469748932e-01,-2.076649632546039015e-02
7.132787810350776914e-01,-1.043139989153125946e-01
7.132787810350776914e-01,-1.043139989153125946e-01
8.676632066685621147e-01,1.109586365909498440e-01
8.676632066685621147e-01,1.109586365909498440e-01
7.216935452817757612e-01,2.451444354483530430e-01
7.216935452817757612e-01,2.451444354483530430e-01
7.216935452817757612e-01,2.451444354483530430e-01
3.087766355045341027e-01,5.307417965555102923e-02
3.049394458627046611e-01,2.013700321150683759e-01
6.370613185119952115e-01,1.129375793534796030e-01
6.519444270421713705e-01,1.254308573281461836e-01
5.519601033396245304e-01,1.342343742310263544e-01
4.977412450306621938e-01,1.563336198741836491e-01
4.977412450306621938e-01,1.563336198741836491e-01
6.979777842887806560e-01,-7.581967829100283440e-02
6.678793261160632655e-01,-2.514950384163558428e-02
6.802413961914454132e-01,8.211240168417704988e-02
7.211926503605124994e-01,-1.258792967919377948e-01
7.211926503605124994e-01,-1.258792967919377948e-01
7.211926503605124994e-01,-1.258792967919377948e-01
7.211926503605124994e-01,-1.258792967919377948e-01
7.211926503605124994e-01,-1.258792967919377948e-01
5.219553396921604582e-01,-9.250579666788241728e-02
5.219553396921604582e-01,-9.250579666788241728e-02
5.219553396921604582e-01,-9.250579666788241728e-02
6.451987196843603778e-01,-1.585034677152488414e-01
6.451987196843603778e-01,-1.585034677152488414e-01
7.884356875379424645e-01,-1.098953711740185690e-01
5.808022209517165191e-01,6.289349391882556595e-02
5.808022209517165191e-01,6.289349391882556595e-02
5.808022209517165191e-01,6.289349391882556595e-02
5.808022209517165191e-01,6.289349391882556595e-02
5.808022209517165191e-01,6.289349391882556595e-02
5.808022209517165191e-01,6.289349391882556595e-02
7.854650817635641102e-01,-1.101522795792456710e-01
7.854650817635641102e-01,-1.101522795792456710e-01
5.687778894918501527e-01,-1.872776527496468613e-01
5.687778894918501527e-01,-1.872776527496468613e-01
6.478801808986700550e-01,-2.707641413841190281e-01
7.508911821458456037e-01,-3.206971447443593415e-01
7.508911821458456037e-01,-3.206971447443593415e-01
7.508911821458456037e-01,-3.206971447443593415e-01
7.711212173477101084e-01,-1.928074160391297365e-01
7.711212173477101084e-01,-1.928074160391297365e-01
6.985043876515260042e-01,-1.897290738844868707e-01
4.023312068119399565e-01,-1.408108454295475820e-01
4.513453534900885300e-01,2.540367179751801263e-02
4.513453534900885300e-01,2.540367179751801263e-02
4.513453534900885300e-01,2.540367179751801263e-02
4.513453534900885300e-01,2.540367179751801263e-02
5.460163013064901483e-01,-1.475946253416852705e-01
5.460163013064901483e-01,-1.475946253416852705e-01
6.692470881699981167e-01,-1.178102973728701874e-01
6.988382690775284400e-01,-2.997828398819440965e-02
6.988382690775284400e-01,-2.997828398819440965e-02
6.479941543883903643e-01,1.660130192465846810e-01
7.101691145396676896e-01,-7.156973983674130846e-02
7.101691145396676896e-01,-7.156973983674130846e-02
7.101691145396676896e-01,-7.156973983674130846e-02
7.101691145396676896e-01,-7.156973983674130846e-02
6.613161911726266329e-01,-2.004932446904724996e-01
6.613161911726266329e-01,-2.004932446904724996e-01
7.473301321296511590e-01,-9.625917680373639873e-02
7.473301321296511590e-01,-9.625917680373639873e-02
5.639347788361261937e-01,-1.608316661039353723e-02
5.639347788361261937e-01,-1.608316661039353723e-02
6.002301050366333213e-01,5.946957813491593470e-02
5.081713801475674641e-01,4.021323690058389855e-02
5.081713801475674641e-01,4.021323690058389855e-02
7.104802250371681227e-01,-7.183324886940255227e-02
7.104802250371681227e-01,-7.183324886940255227e-02
7.104802250371681227e-01,-7.183324886940255227e-02
7.104802250371681227e-01,-7.183324886940255227e-02
4.848927069617390284e-01,2.440317245452169881e-02
4.848927069617390284e-01,2.440317245452169881e-02
4.848927069617390284e-01,2.440317245452169881e-02
6.457482043164048946e-01,1.494074132391720600e-01
6.457482043164048946e-01,1.494074132391720600e-01
6.457482043164048946e-01,1.494074132391720600e-01
7.211249170985816193e-01,3.624614099367511055e-02
7.211249170985816193e-01,3.624614099367511055e-02
7.211249170985816193e-01,3.624614099367511055e-02
5.665165451389146956e-01,-5.193183580329099880e-02
5.590216588135875631e-01,-1.859186734777808769e-01
5.673507197309811678e-01,-8.641091022599470262e-02
5.673507197309811678e-01,-8.641091022599470262e-02
5.673507197309811678e-01,-8.641091022599470262e-02
5.673507197309811678e-01,-8.641091022599470262e-02
5.673507197309811678e-01,-8.641091022599470262e-02
5.673507197309811678e-01,-8.641091022599470262e-02
5.673507197309811678e-01,-8.641091022599470262e-02
5.673507197309811678e-01,-8.641091022599470262e-02
5.673507197309811678e-01,-8.641091022599470262e-02
5.673507197309811678e-01,-8.641091022599470262e-02
5.673507197309811678e-01,-8.641091022599470262e-02
5.673507197309811678e-01,-8.641091022599470262e-02
7.701103105538883442e-01,-4.936213197085290161e-02
8.366245360257322794e-01,-1.794635223252986911e-01
8.366245360257322794e-01,-1.794635223252986911e-01
7.868545453969364445e-01,-6.097638949815827047e-02
8.728234565153749624e-01,-3.944419577759762652e-02
8.728234565153749624e-01,-3.944419577759762652e-02
8.728234565153749624e-01,-3.944419577759762652e-02
8.728234565153749624e-01,-3.944419577759762652e-02
8.728234565153749624e-01,-3.944419577759762652e-02
5.433899679071483302e-01,-8.833255786895076456e-02
5.994452114442208046e-01,-9.224555800217329460e-02
5.295140126901565214e-01,-2.480885284787913425e-02
5.295140126901565214e-01,-2.480885284787913425e-02
5.295140126901565214e-01,-2.480885284787913425e-02
5.295140126901565214e-01,-2.480885284787913425e-02
3.975591121629049596e-01,1.404331771076339913e-02
3.975591121629049596e-01,1.404331771076339913e-02
3.975591121629049596e-01,1.404331771076339913e-02
5.854671789348779853e-01,-2.727112133612311085e-02
5.854671789348779853e-01,-2.727112133612311085e-02
5.280339999780073734e-01,1.263449720557122125e-01
5.280339999780073734e-01,1.263449720557122125e-01
5.280339999780073734e-01,1.263449720557122125e-01
5.431660648665520563e-01,7.500627137169831038e-02
5.431660648665520563e-01,7.500627137169831038e-02
5.431660648665520563e-01,7.500627137169831038e-02
5.431660648665520563e-01,7.500627137169831038e-02
5.777301227362761082e-01,-1.265757858416284576e-02
5.777301227362761082e-01,-1.265757858416284576e-02
6.058190387577251368e-01,-1.548757930015235394e-02
5.658377083185123224e-01,-3.140202957291082092e-02
6.398558812053528611e-01,2.455690512651154817e-02
6.398558812053528611e-01,2.455690512651154817e-02
6.398558812053528611e-01,2.455690512651154817e-02
6.398558812053528611e-01,2.455690512651154817e-02
7.201466102998318464e-01,6.075635958409178472e-02
7.224753491282783768e-01,1.661482359058981395e-02
5.421043847931987791e-01,5.068023246397023590e-02
5.421043847931987791e-01,5.068023246397023590e-02
5.421043847931987791e-01,5.068023246397023590e-02
5.421043847931987791e-01,5.068023246397023590e-02
5.421043847931987791e-01,5.068023246397023590e-02
5.166041258894554788e-01,1.300660370214456463e-01
5.166041258894554788e-01,1.300660370214456463e-01
4.666067151214937647e-01,2.092105236548159886e-02
5.446050909853367150e-01,-2.098164011496150838e-01
7.014519544912020121e-01,-3.488555631741810381e-02
7.014519544912020121e-01,-3.488555631741810381e-02
7.821820953857463454e-01,-1.788017259009143378e-03
8.413732542588002739e-01,1.631666273038079595e-01
9.971375877894553819e-01,-2.495114478258803059e-02
8.620259240038233850e-01,2.190726428230339862e-02
8.041353791709665577e-01,1.101354417022501614e-01
8.041353791709665577e-01,1.101354417022501614e-01
8.041353791709665577e-01,1.101354417022501614e-01
8.041353791709665577e-01,1.101354417022501614e-01
5.282478087177162607e-01,6.463469406030825093e-02
5.282478087177162607e-01,6.463469406030825093e-02
5.679112244542735555e-01,5.800129970611212632e-02
6.961960578657173659e-01,1.077613917049243114e-01
6.191364306014444097e-01,8.719613737808704079e-02
5.134086902071525182e-01,7.118065744218787794e-02
5.134086902071525182e-01,7.118065744218787794e-02
6.349360893042653720e-01,2.782503069830783576e-02
5.240179404593040546e-01,6.006222757646332427e-02
5.240179404593040546e-01,6.006222757646332427e-02
5.240179404593040546e-01,6.006222757646332427e-02
5.591725264773943493e-01,-1.675465957210868773e-01
5.591725264773943493e-01,-1.675465957210868773e-01
3.667822706025931634e-01,-1.399227254472023285e-01
2.541865656597660506e-01,-2.270088796320887115e-01
2.541865656597660506e-01,-2.270088796320887115e-01
4.183133113081781707e-01,-9.006859079795170864e-02
4.183133113081781707e-01,-9.006859079795170864e-02
6.899872711208367981e-01,-1.731223517868120121e-01
6.899872711208367981e-01,-1.731223517868120121e-01
4.280056571520153841e-01,-1.684489517474731801e-01
4.280056571520153841e-01,-1.684489517474731801e-01
4.280056571520153841e-01,-1.684489517474731801e-01
6.500300062427382120e-01,5.887885164139114447e-02
6.342278596829495907e-01,3.241576394889667673e-02
6.342278596829495907e-01,3.241576394889667673e-02
4.863203342575389554e-01,1.581354134080537321e-01
6.026835039565209273e-01,8.722553386013438825e-02
7.554105050524355658e-01,7.881551839045571051e-02
5.367537495906355982e-01,1.319019328666407587e-01
4.621456052676573556e-01,2.731390231924688550e-01
4.621456052676573556e-01,2.731390231924688550e-01
2.240554285544990309e-01,1.115647476551139272e-01
1.869891499384994660e-01,-1.825823612630418369e-01
4.927995192429421301e-01,-2.502273420603151055e-01
4.927995192429421301e-01,-2.502273420603151055e-01
6.114031982327603476e-01,-3.490005987310268454e-02
6.114031982327603476e-01,-3.490005987310268454e-02
6.114031982327603476e-01,-3.490005987310268454e-02
6.114031982327603476e-01,-3.490005987310268454e-02
6.114031982327603476e-01,-3.490005987310268454e-02
6.310633541022769855e-01,-5.154186632526830403e-02
7.081575728827799177e-01,4.507162091782350444e-02
7.749476391892123894e-01,-1.285564681984178725e-01
8.995940702198939043e-01,-1.126430919812486248e-01
7.683980801811058914e-01,-9.409085842253379905e-02
8.436378535568943571e-01,4.528385823736345850e-02
5.926523840692706768e-01,3.003020816986937125e-02
5.926523840692706768e-01,3.003020816986937125e-02
5.926523840692706768e-01,3.003020816986937125e-02
5.926523840692706768e-01,3.003020816986937125e-02
5.926523840692706768e-01,3.003020816986937125e-02
6.378135546553536095e-01,-5.411589692779048000e-02
6.378135546553536095e-01,-5.411589692779048000e-02
6.378135546553536095e-01,-5.411589692779048000e-02
4.783338964477485966e-01,8.465061381843386190e-03
4.783338964477485966e-01,8.465061381843386190e-03
4.783338964477485966e-01,8.465061381843386190e-03
4.742957702243669194e-01,-1.920090921156540065e-01
4.448402303526409196e-01,-1.729540898373440327e-01
4.448402303526409196e-01,-1.729540898373440327e-01
4.448402303526409196e-01,-1.729540898373440327e-01
6.817762115708732029e-01,-1.867730570115459510e-01
6.817762115708732029e-01,-1.867730570115459510e-01
5.900476121659908868e-01,-1.501682906756717506e-01
5.466400885121142084e-01,6.005549010875133042e-04
5.466400885121142084e-01,6.005549010875133042e-04
6.768570792221906274e-01,-1.100265583744781811e-01
6.878989733147160557e-01,8.277907557417016338e-03
6.379074695713800036e-01,1.659241815749467053e-01
6.379074695713800036e-01,1.659241815749467053e-01
8.799381508329313650e-01,-2.485563276055646753e-04
8.799381508329313650e-01,-2.485563276055646753e-04
8.272268471067590889e-01,2.470289470461252065e-02
8.272268471067590889e-01,2.470289470461252065e-02
8.272268471067590889e-01,2.470289470461252065e-02
8.272268471067590889e-01,2.470289470461252065e-02
8.272268471067590889e-01,2.470289470461252065e-02
6.810048274780864386e-01,4.933028186760543554e-02
6.810048274780864386e-01,4.933028186760543554e-02
6.810048274780864386e-01,4.933028186760543554e-02
6.810048274780864386e-01,4.933028186760543554e-02
5.894255187081541836e-01,1.324972870769604849e-01
5.894255187081541836e-01,1.324972870769604849e-01
4.897289842081190003e-01,2.362992456039670341e-01
4.173332205964966901e-01,1.652961566227469370e-01
6.059623412158724465e-01,2.561393492691109164e-01
5.668879441272030029e-01,1.122696307197773580e-01
5.668879441272030029e-01,1.122696307197773580e-01
5.668879441272030029e-01,1.122696307197773580e-01
7.541116572078028213e-01,-1.888360113865342749e-01
7.541116572078028213e-01,-1.888360113865342749e-01
7.541116572078028213e-01,-1.888360113865342749e-01
7.541116572078028213e-01,-1.888360113865342749e-01
7.541116572078028213e-01,-1.888360113865342749e-01
7.960177005222350832e-01,-7.632688444912967551e-02
7.960177005222350832e-01,-7.632688444912967551e-02
7.960177005222350832e-01,-7.632688444912967551e-02
7.960177005222350832e-01,-7.632688444912967551e-02
6.571277641343067355e-01,-2.157117145478631426e-01
6.571277641343067355e-01,-2.157117145478631426e-01
4.981821707953412171e-01,-1.269095348047426519e-01
7.352050156069082076e-01,-4.205050084199613014e-02
7.352050156069082076e-01,-4.205050084199613014e-02
7.352050156069082076e-01,-4.205050084199613014e-02
7.352050156069082076e-01,-4.205050084199613014e-02
4.215622832423293609e-01,-1.878526967019109040e-03
5.152539676331867602e-01,-1.108526011478073586e-01
2.957658211657452352e-01,3.825465326946918265e-02
2.619678217764890849e-01,-3.150677300860660335e-03
2.619678217764890849e-01,-3.150677300860660335e-03
2.619678217764890849e-01,-3.150677300860660335e-03
2.619678217764890849e-01,-3.150677300860660335e-03
3.867254410424389999e-01,-1.563775008444077130e-01
4.435196934491667520e-01,-2.494833297032874597e-01
4.435196934491667520e-01,-2.494833297032874597e-01
4.435196934491667520e-01,-2.494833297032874597e-01
4.435196934491667520e-01,-2.494833297032874597e-01
4.435196934491667520e-01,-2.494833297032874597e-01
4.435196934491667520e-01,-2.494833297032874597e-01
4.435196934491667520e-01,-2.494833297032874597e-01
4.435196934491667520e-01,-2.494833297032874597e-01
3.915385800459725840e-01,-1.234516384582005910e-01
3.915385800459725840e-01,-1.234516384582005910e-01
3.915385800459725840e-01,-1.234516384582005910e-01
3.804998737986550195e-01,2.665410880508489733e-02
2.316824767320520562e-01,2.067143551581665517e-02
1.920802638907716797e-01,-3.547604821106761785e-02
3.238687966193702916e-01,5.292683605282856585e-02
4.815410836939235661e-01,1.002860129190241423e-01
4.815410836939235661e-01,1.002860129190241423e-01
2.425644299706822271e-01,9.392786573519755489e-02
2.425644299706822271e-01,9.392786573519755489e-02
4.526211850971632034e-01,-1.441351661175678533e-02
3.668059411509949630e-01,6.537564669575518517e-02
3.936842622482587539e-01,1.095895925042978392e-01
2.687110402194294867e-01,4.878843352702716407e-02
2.687110402194294867e-01,4.878843352702716407e-02
3.240347653146304907e-01,-2.777607750054081337e-02
4.146332160775213493e-01,4.734918723330137913e-02
4.146332160775213493e-01,4.734918723330137913e-02
4.146332160775213493e-01,4.734918723330137913e-02
4.146332160775213493e-01,4.734918723330137913e-02
5.926808919664905417e-01,9.865805396998487964e-02
5.926808919664905417e-01,9.865805396998487964e-02
5.926808919664905417e-01,9.865805396998487964e-02
5.926808919664905417e-01,9.865805396998487964e-02
5.926808919664905417e-01,9.865805396998487964e-02
6.514627441404664543e-01,-4.983439839479232580e-02
6.514627441404664543e-01,-4.983439839479232580e-02
6.514627441404664543e-01,-4.983439839479232580e-02
6.200808775985394705e-01,1.097983070082371865e-01
4.172975204974850305e-01,-4.480181201243123301e-02
4.172975204974850305e-01,-4.480181201243123301e-02
4.172975204974850305e-01,-4.480181201243123301e-02
4.172975204974850305e-01,-4.480181201243123301e-02
4.172975204974850305e-01,-4.480181201243123301e-02
3.703349886975698113e-01,5.718535803823206198e-02
3.703349886975698113e-01,5.718535803823206198e-02
2.986331974775052744e-01,-8.409169872889366015e-03
6.252292067866604963e-01,-4.767777274715804398e-02
6.252292067866604963e-01,-4.767777274715804398e-02
6.252292067866604963e-01,-4.767777274715804398e-02
6.083087619608695817e-01,-1.557807767963902690e-01
5.708014574703801358e-01,-5.211101117799288307e-02
4.845287516043261244e-01,2.416061558983109148e-01
5.015690309916074341e-01,2.080940648576801166e-01
5.015690309916074341e-01,2.080940648576801166e-01
5.015690309916074341e-01,2.080940648576801166e-01
5.015690309916074341e-01,2.080940648576801166e-01
5.015690309916074341e-01,2.080940648576801166e-01
4.518820067735777046e-01,-9.455935389545977454e-03
4.518820067735777046e-01,-9.455935389545977454e-03
4.486518239504788119e-01,-1.111746369042505150e-01
5.290971898525443917e-01,-8.658551343002143796e-02
4.486474406900212153e-01,-9.710771791287713117e-02
5.218791912984287462e-01,-3.453533695121982494e-03
6.435251181750244465e-01,-6.079244990761218520e-02
6.435251181750244465e-01,-6.079244990761218520e-02
6.928731112745941667e-01,-6.044682650978593780e-02
8.433871359543396728e-01,4.023899099119161715e-03
6.673908282605658382e-01,1.999562794194197773e-02
6.574832516887411105e-01,1.604191516703668274e-01
4.984681432720077243e-01,1.303948595685426592e-01
5.982284092004124254e-01,1.487418248426205514e-01
6.337095652034431259e-01,9.403125612300949898e-02
5.586098155265537546e-01,9.475757134530113368e-02
5.008892117051202408e-01,1.171806730151265241e-01
5.008892117051202408e-01,1.171806730151265241e-01
5.008892117051202408e-01,1.171806730151265241e-01
5.008892117051202408e-01,1.171806730151265241e-01
5.008892117051202408e-01,1.171806730151265241e-01
5.008892117051202408e-01,1.171806730151265241e-01
5.008892117051202408e-01,1.171806730151265241e-01
5.008892117051202408e-01,1.171806730151265241e-01
5.359735905887206275e-01,-3.617917957054048173e-02
5.469493754302490185e-01,-1.258751803666283142e-01
5.469493754302490185e-01,-1.258751803666283142e-01
4.763877433149685814e-01,-6.497753789614954534e-02
5.529990299295119982e-01,2.290585446742800235e-01
5.332870859424441168e-01,2.553709877712484477e-01
5.332870859424441168e-01,2.553709877712484477e-01
6.165655317639059385e-01,9.759071525258511404e-03
6.165655317639059385e-01,9.759071525258511404e-03
6.165655317639059385e-01,9.759071525258511404e-03
4.546671685032890875e-01,-2.022488854192799057e-01
5.406967240714178891e-01,-2.076213296075826720e-02
4.547913211709258552e-01,-7.858506651682949096e-02
4.547913211709258552e-01,-7.858506651682949096e-02
8.633611124696087824e-01,4.130362340916150787e-02
6.962716509855152447e-01,-1.259732633381953071e-01
6.962716509855152447e-01,-1.259732633381953071e-01
5.500122401785385584e-01,1.670932958207509422e-01
5.500122401785385584e-01,1.670932958207509422e-01
7.814642207288033937e-01,6.318589327352074070e-02
7.284780293801879081e-01,5.568236889058029299e-02
6.871648080266790082e-01,1.718443260363397285e-01
8.225452249103641922e-01,8.794171919288491790e-02
9.177660594482803802e-01,-1.047449223737886154e-01
7.240681714242738209e-01,-9.221933565493138640e-02
7.497847975641166451e-01,9.238177539695809071e-02
8.294238089185842489e-01,-1.759517864973081380e-02
8.294238089185842489e-01,-1.759517864973081380e-02
8.223501748367182396e-01,1.046879428580266280e-02
8.173355729063583874e-01,-6.055061100625368231e-02
5.906942105889632089e-01,-9.190711550227113891e-02
5.906942105889632089e-01,-9.190711550227113891e-02
4.377836208311505772e-01,-1.120934951371241328e-01
4.312581869148118807e-01,-4.474773991405993356e-02
3.159674232059861421e-01,-1.222147808190098134e-01
3.168355648485655096e-01,1.103614909122044713e-01
3.168355648485655096e-01,1.103614909122044713e-01
4.698170949484120063e-01,-5.309943756678366100e-02
4.698170949484120063e-01,-5.309943756678366100e-02
4.698170949484120063e-01,-5.309943756678366100e-02
4.698170949484120063e-01,-5.309943756678366100e-02
4.698170949484120063e-01,-5.309943756678366100e-02
4.698170949484120063e-01,-5.309943756678366100e-02
4.698170949484120063e-01,-5.309943756678366100e-02
4.698170949484120063e-01,-5.309943756678366100e-02
4.643447211140154240e-01,2.450616344753711595e-02
4.643447211140154240e-01,2.450616344753711595e-02
4.643447211140154240e-01,2.450616344753711595e-02
4.039292477172633511e-01,1.022187402076863011e-01
5.428169065568217988e-01,5.248859972276988251e-02
5.428169065568217988e-01,5.248859972276988251e-02
5.428169065568217988e-01,5.248859972276988251e-02
5.428169065568217988e-01,5.248859972276988251e-02
5.428169065568217988e-01,5.248859972276988251e-02
5.428169065568217988e-01,5.248859972276988251e-02
5.428169065568217988e-01,5.248859972276988251e-02
5.428169065568217988e-01,5.248859972276988251e-02
6.780670794989969163e-01,2.050249417691802911e-01
6.780670794989969163e-01,2.050249417691802911e-01
7.026737521233704653e-01,-1.309343908436771398e-01
7.026737521233704653e-01,-1.309343908436771398e-01
8.653987281808440679e-01,-5.511563565341039139e-02
8.653987281808440679e-01,-5.511563565341039139e-02
8.653987281808440679e-01,-5.511563565341039139e-02
7.238522455841835956e-01,-2.522871920893370382e-02
7.238522455841835956e-01,-2.522871920893370382e-02
7.082386650336324196e-01,5.371427213377084897e-02
7.082386650336324196e-01,5.371427213377084897e-02
7.082386650336324196e-01,5.371427213377084897e-02
7.367115045093858283e-01,-5.892925052860424617e-02
8.224729944113118307e-01,-1.811263657579630648e-01
8.224729944113118307e-01,-1.811263657579630648e-01
8.586621630652611081e-01,-1.364643945874135789e-01
6.619103655660856234e-01,-2.529808077101394770e-02
6.619103655660856234e-01,-2.529808077101394770e-02
7.932823519675461510e-01,2.592292421701052063e-03
4.611060118910025873e-01,1.232534963712505482e-01
2.952136402337987020e-01,1.121974486080995065e-01
2.952136402337987020e-01,1.121974486080995065e-01
1.590980195591106816e-01,2.963659671571602927e-01
1.590980195591106816e-01,2.963659671571602927e-01
3.104973762449391161e-01,3.075759280688273312e-01
3.104973762449391161e-01,3.075759280688273312e-01
2.968579148630164921e-01,2.146526272645445377e-01
2.968579148630164921e-01,2.146526272645445377e-01
4.236335100165611878e-01,1.265877968426749600e-01
3.012922335622565950e-01,-2.326141716395968562e-02
3.012922335622565950e-01,-2.326141716395968562e-02
3.012922335622565950e-01,-2.326141716395968562e-02
4.424799874932322519e-01,3.475095603535204025e-02
4.153834388164353020e-01,9.300579012565061976e-02
4.191004864692906562e-01,2.199755861612597008e-02
4.191004864692906562e-01,2.199755861612597008e-02
7.763841548588475971e-01,9.157615727276061102e-02
6.951379257908645304e-01,2.496939314353647243e-01
6.951379257908645304e-01,2.496939314353647243e-01
6.951379257908645304e-01,2.496939314353647243e-01
8.306971506775537861e-01,1.582150962627191237e-01
6.162161939090735618e-01,2.860117016392679790e-02
6.162161939090735618e-01,2.860117016392679790e-02
6.162161939090735618e-01,2.860117016392679790e-02
4.405189299846337114e-01,-1.595086692402545581e-01
5.931940939333461005e-01,-2.248221809795619697e-02
6.436984069103957040e-01,7.169026966354523356e-02
6.128844603068844821e-01,-7.869714640034781994e-02
5.309947443472088358e-01,-1.231110635856966090e-01
5.309947443472088358e-01,-1.231110635856966090e-01
5.309947443472088358e-01,-1.231110635856966090e-01
5.309947443472088358e-01,-1.231110635856966090e-01
5.309947443472088358e-01,-1.231110635856966090e-01
5.309947443472088358e-01,-1.231110635856966090e-01
4.859461701644266496e-01,3.195505080767492567e-02
4.373397036249857539e-01,-8.476497749252760727e-02
3.232014676039141055e-01,1.977388361561258079e-02
3.232014676039141055e-01,1.977388361561258079e-02
5.146016556104743289e-01,-9.014111721239637109e-02
5.676550403879188078e-01,8.073064624816050916e-03
5.676550403879188078e-01,8.073064624816050916e-03
5.676550403879188078e-01,8.073064624816050916e-03
4.634701783893293570e-01,6.100789588985816581e-02
4.634701783893293570e-01,6.100789588985816581e-02
4.716937520731719347e-01,2.254881998659492848e-01
5.084875394381049851e-01,2.477506038120068921e-01
3.655401173806697157e-01,1.908003585508358246e-01
3.655401173806697157e-01,1.908003585508358246e-01
3.655401173806697157e-01,1.908003585508358246e-01
3.655401173806697157e-01,1.908003585508358246e-01
6.245591263799481485e-01,1.227532233802371558e-01
6.857904365952766090e-01,1.350654603041790414e-01
6.917564473468426067e-01,2.368788011226403978e-01
8.683034200868919861e-01,6.157130794802365137e-02
7.558667208091580658e-01,2.299975269898411612e-01
8.422573125304460007e-01,6.240917952515215306e-02
8.422573125304460007e-01,6.240917952515215306e-02
8.422573125304460007e-01,6.240917952515215306e-02
7.319471658225126243e-01,2.396474849578584254e-01
7.195774992455253871e-01,2.983931503576826016e-01
7.195774992455253871e-01,2.983931503576826016e-01
7.195774992455253871e-01,2.983931503576826016e-01
4.971041569017465855e-01,8.364548923231870936e-02
4.971041569017465855e-01,8.364548923231870936e-02
4.487414378220618838e-01,-4.724171865415549565e-02
5.559880151304266160e-01,7.257913385079702018e-02
5.830835882317989549e-01,1.712632417030670456e-02
5.831454278669292446e-01,-9.783093664899152747e-03
5.831454278669292446e-01,-9.783093664899152747e-03
5.378632827042952869e-01,5.513081542710655814e-02
5.036315055551575659e-01,-7.903324808264458601e-03
7.036820656290735387e-01,1.400182244675424181e-02
7.036820656290735387e-01,1.400182244675424181e-02
7.036820656290735387e-01,1.400182244675424181e-02
7.646167474661624830e-01,3.204507730372324614e-01
8.269816110992246339e-01,1.793174757046542001e-01
6.900531633628680384e-01,3.482957939803510428e-02
6.900531633628680384e-01,3.482957939803510428e-02
6.900531633628680384e-01,3.482957939803510428e-02
7.214829336243197000e-01,4.634263565158669440e-02
6.702333827867766880e-01,-7.848448315357917093e-02
6.702333827867766880e-01,-7.848448315357917093e-02
6.702333827867766880e-01,-7.848448315357917093e-02
6.702333827867766880e-01,-7.848448315357917093e-02
6.702333827867766880e-01,-7.848448315357917093e-02
6.702333827867766880e-01,-7.848448315357917093e-02
6.702333827867766880e-01,-7.848448315357917093e-02
6.702333827867766880e-01,-7.848448315357917093e-02
6.702333827867766880e-01,-7.848448315357917093e-02
3.166895784077798370e-01,1.255886036268019645e-02
5.286627682399481776e-01,-1.777711001219140774e-01
3.651179086853800215e-01,-6.018182767714944092e-02
2.136948226440894549e-01,5.688071283714553339e-02
2.136948226440894549e-01,5.688071283714553339e-02
2.136948226440894549e-01,5.688071283714553339e-02
3.153470498867911864e-01,6.781808248609824674e-02
4.578262453440408164e-01,-7.914856524131638760e-02
6.497470720007675338e-01,-1.356677838406911141e-01
6.619587999395601940e-01,1.050185380222943554e-01
6.619587999395601940e-01,1.050185380222943554e-01
6.196460278535237398e-01,1.016964332908435048e-01
6.196460278535237398e-01,1.016964332908435048e-01
5.463630399047322284e-01,2.594026570260383191e-01
3.474857683010550424e-01,3.199221942023414145e-01
3.474857683010550424e-01,3.199221942023414145e-01
5.275319458608009882e-01,2.103675512832608174e-01
5.275319458608009882e-01,2.103675512832608174e-01
4.441391732291243288e-01,1.468416646674480242e-01
5.575911935966084698e-01,1.220887942929040765e-01
5.575911935966084698e-01,1.220887942929040765e-01
5.212930489948413015e-01,1.589779249236606962e-01
4.238984151119177812e-01,1.835888325011945932e-01
4.238984151119177812e-01,1.835888325011945932e-01
4.238984151119177812e-01,1.835888325011945932e-01
5.094237237573041588e-01,1.928625393083114592e-01
5.094237237573041588e-01,1.928625393083114592e-01
5.094237237573041588e-01,1.928625393083114592e-01
5.733924382181575519e-01,-5.391611437219376302e-02
5.733924382181575519e-01,-5.391611437219376302e-02
5.460010364728477006e-01,6.321274410930545484e-02
5.489098648904331412e-01,7.993197241643251738e-02
5.489098648904331412e-01,7.993197241643251738e-02
6.327864189814197404e-01,6.843076725197305699e-02
6.327864189814197404e-01,6.843076725197305699e-02
4.882291939169698392e-01,4.512047956697869816e-02
6.732462653737275593e-01,-9.517749316696394457e-02
6.732462653737275593e-01,-9.517749316696394457e-02
6.732462653737275593e-01,-9.517749316696394457e-02
5.865581250823872494e-01,-1.191340896529055615e-01
5.865581250823872494e-01,-1.191340896529055615e-01
5.955892707932697316e-01,-1.804809064884779213e-01
5.955892707932697316e-01,-1.804809064884779213e-01
5.955892707932697316e-01,-1.804809064884779213e-01
4.659759289067982868e-01,-1.080569317283354841e-01
4.846156176645448621e-01,-9.356492487095172117e-02
4.846156176645448621e-01,-9.356492487095172117e-02
4.280401500286747929e-01,8.896977360911645372e-02
4.280401500286747929e-01,8.896977360911645372e-02
4.280401500286747929e-01,8.896977360911645372e-02
4.280401500286747929e-01,8.896977360911645372e-02
5.182130279522536576e-01,2.195895457131370465e-01
5.602564561069945936e-01,9.989227061272958064e-02
5.602564561069945936e-01,9.989227061272958064e-02
6.828274058172745242e-01,-3.273024513428014759e-02
5.699109231558119326e-01,8.795055524203576613e-02
5.699109231558119326e-01,8.795055524203576613e-02
5.699109231558119326e-01,8.795055524203576613e-02
5.699109231558119326e-01,8.795055524203576613e-02
5.699109231558119326e-01,8.795055524203576613e-02
6.698295967294831676e-01,-5.532398397036134008e-02
6.698295967294831676e-01,-5.532398397036134008e-02
6.698295967294831676e-01,-5.532398397036134008e-02
6.698295967294831676e-01,-5.532398397036134008e-02
6.698295967294831676e-01,-5.532398397036134008e-02
6.698295967294831676e-01,-5.532398397036134008e-02
6.698295967294831676e-01,-5.532398397036134008e-02
6.698295967294831676e-01,-5.532398397036134008e-02
6.698295967294831676e-01,-5.532398397036134008e-02
7.520108711281319191e-01,-1.017554819395852517e-01
7.520108711281319191e-01,-1.017554819395852517e-01
7.097793743354894325e-01,-6.803806113505733721e-02
6.366915910759208819e-01,-8.645641543912090110e-02
5.808316385798686365e-01,-1.186446298298543534e-02
5.808316385798686365e-01,-1.186446298298543534e-02
7.888425894773494207e-01,-2.371359223402119687e-02
7.974204748770495899e-01,-1.493544858160885530e-03
7.193996415890289153e-01,-1.025679842592890495e-01
5.549330731149915152e-01,-9.938219665676192860e-02
5.401495862054664920e-01,-5.802351249009704559e-02
5.401495862054664920e-01,-5.802351249009704559e-02
4.843597690006853362e-01,4.056356722025747374e-02
4.843597690006853362e-01,4.056356722025747374e-02
4.843597690006853362e-01,4.056356722025747374e-02
4.843597690006853362e-01,4.056356722025747374e-02
4.843597690006853362e-01,4.056356722025747374e-02
4.843597690006853362e-01,4.056356722025747374e-02
4.546967806217307451e-01,1.550770974938312508e-01
3.764856596930548083e-01,6.861093222830867699e-02
3.764856596930548083e-01,6.861093222830867699e-02
5.893794833742941330e-01,-1.640723004804858220e-01
4.055740878013653905e-01,-1.935463631767871395e-01
7.436594319054286029e-01,-1.011581559467217978e-01
7.436594319054286029e-01,-1.011581559467217978e-01
6.456401309791524046e-01,-1.300617289894426265e-01
5.096128683507625823e-01,9.096539947910403656e-02
4.015027555752961330e-01,3.200354910074331150e-01
4.185538450923302900e-01,2.514879169206051257e-01
4.185538450923302900e-01,2.514879169206051257e-01
4.185538450923302900e-01,2.514879169206051257e-01
4.185538450923302900e-01,2.514879169206051257e-01
5.823857381702413072e-01,3.054625610762070620e-01
5.823857381702413072e-01,3.054625610762070620e-01
5.823857381702413072e-01,3.054625610762070620e-01
7.182780063898561718e-01,2.369987938095647895e-01
6.851415301234087263e-01,3.690039022274645975e-01
6.851415301234087263e-01,3.690039022274645975e-01
4.010295334553777291e-01,3.807533486547162171e-01
4.010295334553777291e-01,3.807533486547162171e-01
2.663297964602343026e-01,2.601752215114435662e-01
2.663297964602343026e-01,2.601752215114435662e-01
2.693578556122544487e-01,2.719488063384348231e-01
2.693578556122544487e-01,2.719488063384348231e-01
3.553464112716465118e-01,1.051342480832170856e-01
5.379945814500315393e-01,4.677058444028977385e-02
5.379945814500315393e-01,4.677058444028977385e-02
6.303147505986842480e-01,-8.382845614011952273e-03
6.889299560753912033e-01,-2.173024706832548392e-01
5.521897342129555852e-01,-2.724911073161678798e-02
5.521897342129555852e-01,-2.724911073161678798e-02
5.521897342129555852e-01,-2.724911073161678798e-02
6.274746060008958848e-01,1.455339374705248989e-01
5.756004089403519153e-01,-4.738944716358819975e-02
5.756004089403519153e-01,-4.738944716358819975e-02
4.399337263354194949e-01,2.174303821329140463e-02
6.540034013710600558e-01,1.325083311431881072e-01
7.685739368066031307e-01,9.501509080862338696e-02
7.685739368066031307e-01,9.501509080862338696e-02
7.685739368066031307e-01,9.501509080862338696e-02
7.685739368066031307e-01,9.501509080862338696e-02
5.470133695153094333e-01,7.877366142287532680e-02
4.851633865130498546e-01,1.510322590345744009e-01
4.851633865130498546e-01,1.510322590345744009e-01
4.980443181690623056e-01,1.600633302495326760e-01
4.980443181690623056e-01,1.600633302495326760e-01
5.767455258117849537e-01,-1.246501293582827352e-02
6.914282543488722288e-01,4.713044624865554699e-02
6.599136329719417216e-01,6.376432372091722645e-02
6.621823178179413460e-01,-1.223252621444522181e-01
6.621823178179413460e-01,-1.223252621444522181e-01
6.688829082162915940e-01,-1.620124919247026563e-01
8.329293804581747729e-01,-5.550508444984529610e-02
8.329293804581747729e-01,-5.550508444984529610e-02
8.329293804581747729e-01,-5.550508444984529610e-02
9.502438800147628983e-01,-1.783526609341636870e-01
8.381422574826069560e-01,-1.085127790927731262e-03
8.381422574826069560e-01,-1.085127790927731262e-03
6.111476331959251329e-01,-3.614334271078054744e-02
6.111476331959251329e-01,-3.614334271078054744e-02
5.272224299912539047e-01,-1.132888470216359134e-01
4.973104589467402525e-01,-1.678059876914171911e-01
4.337516965369969668e-01,-2.297816685007095239e-02
4.337516965369969668e-01,-2.297816685007095239e-02
4.337516965369969668e-01,-2.297816685007095239e-02
4.337516965369969668e-01,-2.297816685007095239e-02
5.859858650402065550e-01,-1.573942479599572397e-01
5.587876620436302844e-01,-1.209897008482101605e-01
5.587876620436302844e-01,-1.209897008482101605e-01
5.180702666549262814e-01,8.872056376147298418e-02
5.180702666549262814e-01,8.872056376147298418e-02
4.475598973985823736e-01,5.806877056586605412e-02
4.475598973985823736e-01,5.806877056586605412e-02
4.475598973985823736e-01,5.806877056586605412e-02
5.080172887432361506e-01,-3.765754006821929456e-02
6.358285432050622132e-01,1.137935321990422438e-01
7.390610460982007801e-01,-1.229103302629543787e-01
7.390610460982007801e-01,-1.229103302629543787e-01
8.152578666650347472e-01,-7.980579095568710035e-02
8.152578666650347472e-01,-7.980579095568710035e-02
7.228956184991024436e-01,4.458990292227896224e-02
6.933032481998515628e-01,1.050353379751423899e-01
6.933032481998515628e-01,1.050353379751423899e-01
6.933032481998515628e-01,1.050353379751423899e-01
6.714974112192629851e-01,-5.997250254883129683e-02
6.714974112192629851e-01,-5.997250254883129683e-02
5.675896685488238669e-01,2.644238665410357514e-02
7.244950030097232485e-01,5.300067204172551755e-02
8.261282322548405554e-01,-2.546432916726107942e-01
6.301834953666323180e-01,4.766781540524789307e-02
6.283978818820505907e-01,-6.987046921818740319e-02
6.283978818820505907e-01,-6.987046921818740319e-02
6.283978818820505907e-01,-6.987046921818740319e-02
6.283978818820505907e-01,-6.987046921818740319e-02
4.870880453206708482e-01,1.218758872178143937e-01
1.583156680549605011e-01,5.702649999089069721e-02
2.045116131673389015e-01,3.476524689846359206e-01
2.045116131673389015e-01,3.476524689846359206e-01
2.267644838840257304e-01,3.370689441410069098e-01
2.905549087923051665e-01,3.265265336521189221e-01
2.905549087923051665e-01,3.265265336521189221e-01
2.905549087923051665e-01,3.265265336521189221e-01
3.278894031294047329e-01,2.092734141303640438e-01
3.278894031294047329e-01,2.092734141303640438e-01
4.851661930724052718e-01,2.043795034623279716e-01
5.542447605370156571e-01,2.354032596350803253e-01
5.542447605370156571e-01,2.354032596350803253e-01
6.265292628590442003e-01,1.555681533015106921e-01
6.265292628590442003e-01,1.555681533015106921e-01
6.265292628590442003e-01,1.555681533015106921e-01
7.811597412245061545e-01,-4.622498952873033140e-02
7.811597412245061545e-01,-4.622498952873033140e-02
7.811597412245061545e-01,-4.622498952873033140e-02
6.277115766030445521e-01,-3.789410136432289078e-03
6.537704673480905226e-01,-1.861653280974980285e-01
5.924412920279602535e-01,-3.864897764270155966e-02
5.537769412585223927e-01,-3.195658214957425303e-02
5.537769412585223927e-01,-3.195658214957425303e-02
5.371671358551873832e-01,1.477040695426808103e-01
5.865932398426796368e-01,2.481331615424939852e-01
5.304990580316026882e-01,1.516011234575219413e-01
5.304990580316026882e-01,1.516011234575219413e-01
5.304990580316026882e-01,1.516011234575219413e-01
6.128344306114706930e-01,-1.776784950463869139e-01
3.782908035445381456e-01,-2.052581926849883220e-01
4.155950341830277894e-01,-3.143905411115378579e-01
4.155950341830277894e-01,-3.143905411115378579e-01
3.937709586025786579e-01,-2.155215209613150773e-01
6.754295531575984501e-01,-3.005979154647344664e-01
6.494725441862703175e-01,-2.381285038465119630e-02
6.494725441862703175e-01,-2.381285038465119630e-02
6.494725441862703175e-01,-2.381285038465119630e-02
7.056898989781964504e-01,-1.057553937135231603e-01
7.056898989781964504e-01,-1.057553937135231603e-01
6.082198137790493231e-01,-4.461431158631573579e-02
4.972371721524312393e-01,1.216662018031079706e-01
6.346842657351854378e-01,1.584928401115031082e-01
7.002555849862143189e-01,-2.094946402981862077e-02
5.758476484288055364e-01,1.572940040818326946e-02
5.072749721637713760e-01,6.464543527120034105e-02
5.072749721637713760e-01,6.464543527120034105e-02
4.709335938884733341e-01,2.515116053658418838e-01
3.738470340479768117e-01,2.208645424654883116e-01
2.151457323109857156e-01,4.095581679138876607e-02
2.151457323109857156e-01,4.095581679138876607e-02
2.151457323109857156e-01,4.095581679138876607e-02
2.151457323109857156e-01,4.095581679138876607e-02
3.193817687520273951e-01,1.748666684995773546e-01
2.948034169487160905e-01,4.450088610627853103e-02
3.311262940428517654e-01,-3.857586907313390046e-02
3.311262940428517654e-01,-3.857586907313390046e-02
3.311262940428517654e-01,-3.857586907313390046e-02
4.100380433568586169e-01,-6.230227518002094678e-02
4.100380433568586169e-01,-6.230227518002094678e-02
5.722255059535090727e-01,-1.146126265872092764e-01
5.722255059535090727e-01,-1.146126265872092764e-01
5.722255059535090727e-01,-1.146126265872092764e-01
4.091668591064898663e-01,-5.906559028081932033e-02
5.273437379203969044e-01,-9.572600460806600375e-02
5.273437379203969044e-01,-9.572600460806600375e-02
5.273437379203969044e-01,-9.572600460806600375e-02
5.477637338072655071e-01,2.031802470366837754e-02
5.487266084899647955e-01,5.095155955254399016e-02
4.749659314444046321e-01,-7.751369477291869536e-02
5.168543712893410857e-01,-2.317354913170909525e-01
7.457333311880058879e-01,-3.413640310222052499e-01
5.640841329525964065e-01,-2.625820854992868547e-01
5.640841329525964065e-01,-2.625820854992868547e-01
5.140586501338315628e-01,-3.298470523937830912e-01
5.140586501338315628e-01,-3.298470523937830912e-01
5.971373548187184355e-01,-2.801937721423444216e-01
5.971373548187184355e-01,-2.801937721423444216e-01
5.971373548187184355e-01,-2.801937721423444216e-01
4.413548115085051959e-01,-2.339247517579280955e-01
4.413548115085051959e-01,-2.339247517579280955e-01
6.400902131547001606e-01,-3.209731923008822818e-01
6.274185815086020801e-01,-3.201592659721674283e-01
6.274185815086020801e-01,-3.201592659721674283e-01
9.237383812492752089e-01,-2.035569217694831456e-01
9.237383812492752089e-01,-2.035569217694831456e-01
8.494141362951692642e-01,-2.246749080280110999e-02
8.494141362951692642e-01,-2.246749080280110999e-02
8.494141362951692642e-01,-2.246749080280110999e-02
8.494141362951692642e-01,-2.246749080280110999e-02
9.862153845302543687e-01,-3.295434323862449222e-02
9.862153845302543687e-01,-3.295434323862449222e-02
9.862153845302543687e-01,-3.295434323862449222e-02
8.406508824135815461e-01,-4.983652468573082639e-02
6.560363450329146362e-01,-3.118999833939790634e-01
6.560363450329146362e-01,-3.118999833939790634e-01
6.560363450329146362e-01,-3.118999833939790634e-01
6.560363450329146362e-01,-3.118999833939790634e-01
3.790704800831254384e-01,-2.639952750911891410e-01
5.649032151138402291e-01,-1.074763244161529574e-01
3.745944428788335889e-01,-6.814701626901634168e-03
4.798860319894036053e-01,1.261793134769180202e-01
4.798860319894036053e-01,1.261793134769180202e-01
4.798860319894036053e-01,1.261793134769180202e-01
3.664590470393069288e-01,-7.940801078483827879e-03
3.664590470393069288e-01,-7.940801078483827879e-03
3.664590470393069288e-01,-7.940801078483827879e-03
3.664590470393069288e-01,-7.940801078483827879e-03
3.824367756189654410e-01,-9.116990910588616825e-02
1.920647697240676910e-01,3.097970384931700294e-02
2.745884549008553166e-01,3.016401563425944454e-01
2.969201018743383158e-01,-6.309555074810291320e-03
2.959294968790214253e-01,-1.463292684956320755e-01
3.383130720781388767e-01,-8.210388246426271464e-02
3.383130720781388767e-01,-8.210388246426271464e-02
2.514805013809792156e-01,-2.766532677091286252e-01
4.191636022884616120e-01,-3.359137766705969086e-01
5.106508926300538098e-01,-3.264743151076301420e-01
4.734800319069217833e-01,-4.019604334411404634e-01
4.835543335968604528e-01,-3.853167033472895131e-01
4.059176534286379479e-01,-1.523053842109625133e-01
4.680109190187861645e-01,-4.555259416382154147e-02
4.680109190187861645e-01,-4.555259416382154147e-02
4.230816710515102330e-01,6.584015619304289801e-02
4.135987362833058456e-01,2.173126756120593861e-01
4.135987362833058456e-01,2.173126756120593861e-01
4.135987362833058456e-01,2.173126756120593861e-01
6.329200728404713594e-01,2.973432418272239919e-01
6.329200728404713594e-01,2.973432418272239919e-01
6.329200728404713594e-01,2.973432418272239919e-01
6.329200728404713594e-01,2.973432418272239919e-01
4.694180690726189042e-01,3.692061029411338180e-01
4.694180690726189042e-01,3.692061029411338180e-01
6.896660794628284297e-01,2.468900533216993876e-01
7.153774499752403315e-01,-1.580362415674558263e-01
4.078421662904222478e-01,1.028520110753878281e-01
4.078421662904222478e-01,1.028520110753878281e-01
4.925205345307659965e-01,-5.620674100962730346e-03
4.925205345307659965e-01,-5.620674100962730346e-03
4.925205345307659965e-01,-5.620674100962730346e-03
5.290875065088561646e-01,-6.614901303976569724e-02
6.550878076681995177e-01,-8.990838211983159800e-02
6.550878076681995177e-01,-8.990838211983159800e-02
7.309533517218642640e-01,4.794870653508179204e-02
7.466583552669172619e-01,2.820672288211930126e-02
7.975697318707277716e-01,-3.669406554330688353e-02
7.975697318707277716e-01,-3.669406554330688353e-02
7.975697318707277716e-01,-3.669406554330688353e-02
7.975697318707277716e-01,-3.669406554330688353e-02
7.339001618787540648e-01,6.026480687748607401e-02
6.346039764802445804e-01,1.158793973880471728e-02
6.346039764802445804e-01,1.158793973880471728e-02
6.346039764802445804e-01,1.158793973880471728e-02
6.346039764802445804e-01,1.158793973880471728e-02
6.922112162418807557e-01,1.078851643045017350e-01
6.922112162418807557e-01,1.078851643045017350e-01
7.448358344775973805e-01,-7.416317852391618448e-02
5.753682754109430419e-01,-4.303726056445304760e-02
5.753682754109430419e-01,-4.303726056445304760e-02
5.753682754109430419e-01,-4.303726056445304760e-02
3.785973671194532431e-01,-1.563458825207859060e-01
3.785973671194532431e-01,-1.563458825207859060e-01
5.017871734255789917e-01,1.187840993314531746e-01
5.017871734255789917e-01,1.187840993314531746e-01
4.950462342276383265e-01,4.333476867717646341e-02
4.950462342276383265e-01,4.333476867717646341e-02
4.950462342276383265e-01,4.333476867717646341e-02
5.207680966051116966e-01,8.974455111216501912e-02
5.207680966051116966e-01,8.974455111216501912e-02
5.207680966051116966e-01,8.974455111216501912e-02
5.207680966051116966e-01,8.974455111216501912e-02
5.207680966051116966e-01,8.974455111216501912e-02
5.207680966051116966e-01,8.974455111216501912e-02
5.207680966051116966e-01,8.974455111216501912e-02
5.207680966051116966e-01,8.974455111216501912e-02
5.207680966051116966e-01,8.974455111216501912e-02
5.207680966051116966e-01,8.974455111216501912e-02
5.207680966051116966e-01,8.974455111216501912e-02
5.207680966051116966e-01,8.974455111216501912e-02
4.798433063789557251e-01,-5.440586178778740456e-02
4.798433063789557251e-01,-5.440586178778740456e-02
4.887449149421628780e-01,-2.808138997707737561e-03
4.373211085645359875e-01,2.287624370937173524e-01
4.430435602466253897e-01,2.323533447945835273e-01
4.430435602466253897e-01,2.323533447945835273e-01
4.289486859916539219e-01,2.068232622058628345e-01
4.246562035795327650e-01,1.842514998643437762e-01
5.180056548066883648e-01,6.952702899432645911e-02
5.180056548066883648e-01,6.952702899432645911e-02
5.180056548066883648e-01,6.952702899432645911e-02
4.427605028294867573e-01,4.096793227158997130e-02
4.590844576298373503e-01,6.569483865614365870e-02
6.390922615910610283e-01,-9.095882155957797643e-02
5.441974964245309687e-01,1.015028975230309743e-01
5.441974964245309687e-01,1.015028975230309743e-01
5.441974964245309687e-01,1.015028975230309743e-01
5.180716216466663138e-01,2.237684944032694301e-01
5.180716216466663138e-01,2.237684944032694301e-01
5.180716216466663138e-01,2.237684944032694301e-01
3.472356827672099522e-01,-3.765633851716379543e-02
4.271469279012956588e-01,-7.869917802943629526e-02
4.271469279012956588e-01,-7.869917802943629526e-02
5.056077618820450370e-01,-7.405603269542168632e-02
4.783214689029648969e-01,-7.769522410770515752e-03
6.015728214393026851e-01,-2.317840018760513043e-01
5.944246054192017237e-01,-1.760909688370745907e-01
5.944246054192017237e-01,-1.760909688370745907e-01
7.953858675279323887e-01,-2.532352179210548004e-02
7.953858675279323887e-01,-2.532352179210548004e-02
6.763467193755752227e-01,2.119006351743384642e-01
7.532402953289459857e-01,1.088284096588630900e-01
7.532402953289459857e-01,1.088284096588630900e-01
7.532402953289459857e-01,1.088284096588630900e-01
7.646638299027550545e-01,2.835405100295754210e-02
6.863095657204146827e-01,-6.702363284840390234e-03
5.613652419458552423e-01,2.499520773519268990e-02
5.613652419458552423e-01,2.499520773519268990e-02
6.383634188291233968e-01,1.937358459866184157e-01
6.383634188291233968e-01,1.937358459866184157e-01
7.833629992019672805e-01,-1.534877491345501554e-02
7.833629992019672805e-01,-1.534877491345501554e-02
6.133468260107697301e-01,1.308100351536981565e-01
6.342431942559975111e-01,5.118165932111541638e-02
6.342431942559975111e-01,5.118165932111541638e-02
5.970416587101781136e-01,-1.240894283517663815e-01
5.970416587101781136e-01,-1.240894283517663815e-01
4.596961213486004949e-01,-9.782187097607814019e-02
5.143511373121824048e-01,2.023124485692860686e-02
4.257408084411261062e-01,-1.491490871984826883e-01
4.257408084411261062e-01,-1.491490871984826883e-01
5.670237992760330803e-01,-1.725283338025363211e-01
5.670237992760330803e-01,-1.725283338025363211e-01
5.670237992760330803e-01,-1.725283338025363211e-01
5.670237992760330803e-01,-1.725283338025363211e-01
5.670237992760330803e-01,-1.725283338025363211e-01
4.783916208408620641e-01,-1.252394614302531073e-01
4.783916208408620641e-01,-1.252394614302531073e-01
5.155405726062100014e-01,-7.655735107764140290e-02
3.001391229321663245e-01,1.117342249216574102e-02
4.829995053555953266e-01,-3.890852070692764342e-02
8.032839852143686121e-01,6.604637016155601170e-03
6.811103438768157936e-01,1.191304314044599154e-03
7.169980466918821627e-01,-5.330013355491578647e-02
8.030043624892515552e-01,1.313214042766864542e-01
6.340226158293549297e-01,3.872769475178892973e-02
5.746115883915957623e-01,6.760299105278277931e-02
6.638237358972015612e-01,8.505861174561149540e-02
4.849801322367052747e-01,6.095214738629843587e-02
4.849801322367052747e-01,6.095214738629843587e-02
4.849801322367052747e-01,6.095214738629843587e-02
4.849801322367052747e-01,6.095214738629843587e-02
6.118077491090363473e-01,1.029002470602025793e-01
6.118077491090363473e-01,1.029002470602025793e-01
5.641027590840592687e-01,1.822822457248935435e-01
5.641027590840592687e-01,1.822822457248935435e-01
5.641027590840592687e-01,1.822822457248935435e-01
5.672548902019037831e-01,1.047488787476417715e-01
7.206463497986145272e-01,5.346845764342536556e-03
5.628164504016892611e-01,-3.126281802919325670e-02
5.182369866682778881e-01,5.123217295989897224e-02
5.089321288474618621e-01,-6.538094516641775045e-02
5.934127500583477044e-01,-8.614305635020265417e-02
5.703806251473372280e-01,-5.816191354357119758e-02
2.421817489570972648e-01,4.710585274793034627e-02
3.438598143780562388e-01,1.665588162548224324e-02
6.082089898232537761e-01,-4.901164137674496324e-05
6.082089898232537761e-01,-4.901164137674496324e-05
4.907192403088350141e-01,2.387342248792720736e-02
4.907192403088350141e-01,2.387342248792720736e-02
3.098894568876537914e-01,-1.006133568488481872e-01
3.098894568876537914e-01,-1.006133568488481872e-01
4.570074328054944957e-01,5.131991672270842797e-02
4.570074328054944957e-01,5.131991672270842797e-02
4.570074328054944957e-01,5.131991672270842797e-02
4.570074328054944957e-01,5.131991672270842797e-02
4.570074328054944957e-01,5.131991672270842797e-02
4.833665029227831589e-01,1.471389368362475136e-01
4.621701374024223541e-01,2.601145735985511687e-01
3.797440480430762100e-01,2.121838710958724450e-01
5.346681147928904476e-01,2.957660013744974337e-01
6.259197438946426661e-01,2.685436514341679737e-01
6.259197438946426661e-01,2.685436514341679737e-01
6.259197438946426661e-01,2.685436514341679737e-01
7.355785952721300980e-01,2.644095403267772149e-01
5.244167595476844079e-01,1.861920819573373020e-01
6.872109428893329319e-01,1.762231752899811876e-01
6.260205355899702839e-01,2.696554495834702081e-02
6.912856083496092818e-01,-1.120550261171511242e-01
5.007457111000419570e-01,1.089613334192254257e-01
4.019064832441912039e-01,-2.271478406110394310e-02
4.019064832441912039e-01,-2.271478406110394310e-02
4.019064832441912039e-01,-2.271478406110394310e-02
4.101432043076383427e-01,1.028507194336109043e-01
4.475549197316879835e-01,5.996775608433951854e-02
6.821173710644271582e-01,4.458688245943485950e-02
7.931775006002679262e-01,1.587892321661540929e-01
6.422764873151768361e-01,4.620087434833185236e-02
4.634289115569628636e-01,-4.810662746627866748e-02
4.634289115569628636e-01,-4.810662746627866748e-02
4.961988621906046615e-01,1.898019663227500098e-02
4.961988621906046615e-01,1.898019663227500098e-02
4.961988621906046615e-01,1.898019663227500098e-02
6.297234178002751870e-01,9.853163083843592684e-02
6.707724630662482701e-01,7.737094229579283278e-02
6.707724630662482701e-01,7.737094229579283278e-02
3.722421692368299562e-01,9.198136433700376813e-02
3.722421692368299562e-01,9.198136433700376813e-02
3.722421692368299562e-01,9.198136433700376813e-02
2.337765489367732985e-01,3.234166101863902854e-03
2.337765489367732985e-01,3.234166101863902854e-03
2.166682111995655580e-01,-1.084147796416254778e-01
1.338307196498610963e-01,3.470097634396045183e-02
5.733747348631842433e-01,7.558938477302502845e-02
5.733747348631842433e-01,7.558938477302502845e-02
5.733747348631842433e-01,7.558938477302502845e-02
5.733747348631842433e-01,7.558938477302502845e-02
5.733747348631842433e-01,7.558938477302502845e-02
5.512185794925347215e-01,9.863306811696254117e-03
6.000626331242711053e-01,1.550801249569142351e-02
7.221837352312538982e-01,2.662153622175211093e-02
7.221837352312538982e-01,2.662153622175211093e-02
6.319476945280857461e-01,1.429896163980795380e-02
6.319476945280857461e-01,1.429896163980795380e-02
5.401093343141268877e-01,-8.747852241356922354e-02
5.401093343141268877e-01,-8.747852241356922354e-02
5.401093343141268877e-01,-8.747852241356922354e-02
5.401093343141268877e-01,-8.747852241356922354e-02
6.896210807837893642e-01,-4.040604745068879927e-02
6.895953220854229571e-01,-7.032948582821091366e-02
6.895953220854229571e-01,-7.032948582821091366e-02
8.774107190138411561e-01,7.288211489378626506e-02
8.314235808123608962e-01,4.026212886599428442e-02
8.314235808123608962e-01,4.026212886599428442e-02
6.970959934705059924e-01,1.892044694509514846e-01
6.970959934705059924e-01,1.892044694509514846e-01
6.321240363710554089e-01,2.398347818922205443e-01
6.321240363710554089e-01,2.398347818922205443e-01
5.614451939525363366e-01,3.219060300358579374e-01
4.895086457067009400e-01,2.653633049702663893e-01
4.895086457067009400e-01,2.653633049702663893e-01
4.895086457067009400e-01,2.653633049702663893e-01
7.957558137929225950e-01,-8.734208198042597848e-02
7.957558137929225950e-01,-8.734208198042597848e-02
7.957558137929225950e-01,-8.734208198042597848e-02
8.855573968058652046e-01,-1.229445360179578228e-01
6.251951186566859775e-01,-2.283423838759007785e-02
6.705816317923991576e-01,-3.669847198765337215e-02
6.705816317923991576e-01,-3.669847198765337215e-02
6.593334723474134629e-01,3.166719455629952995e-02
6.593334723474134629e-01,3.166719455629952995e-02
6.490085974395432000e-01,2.873261680855327543e-02
6.490085974395432000e-01,2.873261680855327543e-02
6.402259614265658483e-01,2.120043778260144174e-01
6.902011201490723113e-01,1.634885274133966171e-01
6.649922953350246857e-01,-1.023164801449995276e-01
6.649922953350246857e-01,-1.023164801449995276e-01
6.649922953350246857e-01,-1.023164801449995276e-01
4.630817160527671561e-01,-1.166236260427885030e-01
4.630817160527671561e-01,-1.166236260427885030e-01
7.154773491918653416e-01,2.432556969559929172e-02
7.154773491918653416e-01,2.432556969559929172e-02
6.384782711590378801e-01,-8.028605031160658545e-03
6.092505397747334239e-01,7.597832187171554841e-02
6.092505397747334239e-01,7.597832187171554841e-02
6.092505397747334239e-01,7.597832187171554841e-02
7.898971649798982586e-01,-7.012262560422158342e-03
7.898971649798982586e-01,-7.012262560422158342e-03
7.898971649798982586e-01,-7.012262560422158342e-03
7.898971649798982586e-01,-7.012262560422158342e-03
7.898971649798982586e-01,-7.012262560422158342e-03
7.898971649798982586e-01,-7.012262560422158342e-03
7.898971649798982586e-01,-7.012262560422158342e-03
6.868471792310042456e-01,1.885331384735223215e-01
6.162120171471446861e-01,1.326946719572433264e-01
6.059874866654560988e-01,1.899062300632470279e-01
5.536689725335007806e-01,-2.229409233473774177e-01
4.975759955117242672e-01,-2.995056537922861084e-01
4.975759955117242672e-01,-2.995056537922861084e-01
4.975759955117242672e-01,-2.995056537922861084e-01
4.975759955117242672e-01,-2.995056537922861084e-01
4.975759955117242672e-01,-2.995056537922861084e-01
4.975759955117242672e-01,-2.995056537922861084e-01
4.975759955117242672e-01,-2.995056537922861084e-01
4.975759955117242672e-01,-2.995056537922861084e-01
4.975759955117242672e-01,-2.995056537922861084e-01
5.340437632265808698e-01,-2.905147933558204221e-01
5.340437632265808698e-01,-2.905147933558204221e-01
5.059994035510863020e-01,-6.449813455548153440e-02
5.059994035510863020e-01,-6.449813455548153440e-02
5.130427669850103900e-01,-6.455113752406668737e-02
6.156797772379941636e-01,-3.138670872094788400e-02
6.156797772379941636e-01,-3.138670872094788400e-02
6.156797772379941636e-01,-3.138670872094788400e-02
6.156797772379941636e-01,-3.138670872094788400e-02
5.614531086348369948e-01,6.704830078009058059e-02
5.011298810560985695e-01,1.529639684926465404e-01
5.011298810560985695e-01,1.529639684926465404e-01
6.421700931495374354e-01,-3.988766533886625720e-02
6.421700931495374354e-01,-3.988766533886625720e-02
6.421700931495374354e-01,-3.988766533886625720e-02
5.088624648130997130e-01,1.068993491778613136e-01
5.088624648130997130e-01,1.068993491778613136e-01
5.576174528762603000e-01,1.556919532956664298e-01
5.538867691234237167e-01,8.327487203952148309e-02
5.393372209448624721e-01,6.417152744498165473e-02
5.393372209448624721e-01,6.417152744498165473e-02
5.393372209448624721e-01,6.417152744498165473e-02
5.393372209448624721e-01,6.417152744498165473e-02
6.624093921964080423e-01,2.197804376267702975e-01
6.691227569487547822e-01,-4.517092360849683796e-02
6.714575634873671817e-01,-1.208892668222585898e-01
8.227145170629297510e-01,-6.451713089065574946e-02
7.056296323967333750e-01,3.174307932437174518e-02
7.083134925637413204e-01,6.240457961735819403e-02
7.083134925637413204e-01,6.240457961735819403e-02
6.301976346058761891e-01,1.328088287137360601e-01
7.053582974060856881e-01,1.650485957250569791e-01
5.030774818336278820e-01,4.592421292799757360e-02
4.232703992692030681e-01,-2.092879710614369282e-01
4.232703992692030681e-01,-2.092879710614369282e-01
4.232703992692030681e-01,-2.092879710614369282e-01
4.232703992692030681e-01,-2.092879710614369282e-01
4.897857153722790513e-01,-1.944011018404084856e-01
5.488811541852756104e-01,-3.293808929349254511e-01
4.497445201384021596e-01,-6.178611913928294674e-02
4.497445201384021596e-01,-6.178611913928294674e-02
4.497445201384021596e-01,-6.178611913928294674e-02
4.497445201384021596e-01,-6.178611913928294674e-02
3.975671851944965196e-01,-1.526138994783934333e-01
3.975671851944965196e-01,-1.526138994783934333e-01
3.975671851944965196e-01,-1.526138994783934333e-01
4.845128210730953455e-01,-2.170870745568173055e-01
4.845128210730953455e-01,-2.170870745568173055e-01
5.430623399397056517e-01,-3.036419576703752177e-01
6.388686468887618819e-01,-2.490133299197389016e-02
6.202357667217629489e-01,9.184176736359343785e-03
7.891611650430065961e-01,-1.657659713457745321e-01
6.294347334013024042e-01,-1.284665389997391716e-01
6.294347334013024042e-01,-1.284665389997391716e-01
6.126754015536233222e-01,-1.550530786884604662e-02
6.126754015536233222e-01,-1.550530786884604662e-02
6.264964977554081660e-01,-7.466558391287705931e-02
6.315825991757334501e-01,1.554256182099469918e-02
6.315825991757334501e-01,1.554256182099469918e-02
5.999387114234199236e-01,1.395904379577458942e-01
5.999387114234199236e-01,1.395904379577458942e-01
5.999387114234199236e-01,1.395904379577458942e-01
5.999387114234199236e-01,1.395904379577458942e-01
8.178119179243246162e-01,-2.220456211347335285e-02
7.819535210589410035e-01,-5.003721717821324466e-02
4.011084691460573004e-01,-2.135723958528738461e-02
3.589160575554312116e-01,2.201317079924267617e-01
5.170720267503570167e-01,1.051466764316113522e-01
5.170720267503570167e-01,1.051466764316113522e-01
5.170720267503570167e-01,1.051466764316113522e-01
5.040582552201710032e-01,-4.590941088037042705e-02
6.205849649283970981e-01,1.380416856789167673e-02
6.969214864065959025e-01,-1.770158926851563563e-01
6.969214864065959025e-01,-1.770158926851563563e-01
6.969214864065959025e-01,-1.770158926851563563e-01
6.969214864065959025e-01,-1.770158926851563563e-01
6.969214864065959025e-01,-1.770158926851563563e-01
6.969214864065959025e-01,-1.770158926851563563e-01
6.969214864065959025e-01,-1.770158926851563563e-01
6.969214864065959025e-01,-1.770158926851563563e-01
6.969214864065959025e-01,-1.770158926851563563e-01
6.840406756374663999e-01,-1.108123192829091608e-01
7.184129080982596394e-01,-1.895514674605970340e-01
7.184129080982596394e-01,-1.895514674605970340e-01
5.293350590561247682e-01,-2.480667389622042140e-01
5.772426081573197587e-01,-2.204646807982966472e-01
5.772426081573197587e-01,-2.204646807982966472e-01
5.772426081573197587e-01,-2.204646807982966472e-01
5.068850099882752369e-01,-2.403488494410471743e-01
5.068850099882752369e-01,-2.403488494410471743e-01
5.068850099882752369e-01,-2.403488494410471743e-01
5.068850099882752369e-01,-2.403488494410471743e-01
4.276249501670381648e-01,-3.440409482246009620e-01
3.325326563148123249e-01,-1.844351635655973876e-01
3.044745619714384621e-01,-7.093890034050259752e-02
3.044745619714384621e-01,-7.093890034050259752e-02
3.044745619714384621e-01,-7.093890034050259752e-02
1.805325139250584243e-01,1.289537537670431000e-01
3.719436212651642815e-01,-5.003846424404348459e-02
3.719436212651642815e-01,-5.003846424404348459e-02
6.050137477474403225e-01,-1.015587267087081635e-01
6.050137477474403225e-01,-1.015587267087081635e-01
5.259489229403717658e-01,-7.031966435584061093e-02
5.259489229403717658e-01,-7.031966435584061093e-02
4.463163255326536571e-01,-2.186529045082385991e-01
6.151336181817464999e-01,-7.237583786143975129e-02
4.525749150315502844e-01,-6.121123145150947353e-02
6.313723922125979993e-01,-1.316451194989342599e-01
6.313723922125979993e-01,-1.316451194989342599e-01
5.734430748046741577e-01,-1.098172776564626807e-01
5.405041783062483063e-01,-3.965703931186613518e-02
6.508701403920408302e-01,2.220051498034014692e-01
6.508701403920408302e-01,2.220051498034014692e-01
6.508701403920408302e-01,2.220051498034014692e-01
6.706601493459437568e-01,1.462127173278931491e-01
6.706601493459437568e-01,1.462127173278931491e-01
5.065449907630490411e-01,1.149274342778427993e-02
5.808570174251362905e-01,-1.797259298791357290e-02
5.808570174251362905e-01,-1.797259298791357290e-02
5.808570174251362905e-01,-1.797259298791357290e-02
5.808570174251362905e-01,-1.797259298791357290e-02
5.808570174251362905e-01,-1.797259298791357290e-02
4.754669807056962627e-01,1.420969957155016755e-02
4.754669807056962627e-01,1.420969957155016755e-02
4.639495924370743984e-01,-3.441829724581390443e-02
4.639495924370743984e-01,-3.441829724581390443e-02
5.594197843382012758e-01,-1.095428343546064609e-01
5.257791618922068588e-01,-3.023835513439100398e-01
6.697829898203032650e-01,-9.045547228345096613e-02
6.143827655803627552e-01,-2.477660015763499812e-01
6.143827655803627552e-01,-2.477660015763499812e-01
3.740995013937651326e-01,-7.088290574592095994e-02
4.611528830316818373e-01,1.476905066175279724e-02
4.611528830316818373e-01,1.476905066175279724e-02
4.611528830316818373e-01,1.476905066175279724e-02
4.611528830316818373e-01,1.476905066175279724e-02
4.611528830316818373e-01,1.476905066175279724e-02
5.347069656798186799e-01,-8.671755615601028921e-02
5.347069656798186799e-01,-8.671755615601028921e-02
5.347069656798186799e-01,-8.671755615601028921e-02
5.347069656798186799e-01,-8.671755615601028921e-02
4.278289928065550640e-01,-9.458151536067160858e-02
4.278289928065550640e-01,-9.458151536067160858e-02
2.713554001536481186e-01,-2.838451493512250678e-02
2.713554001536481186e-01,-2.838451493512250678e-02
1.601351417884829820e-01,9.658272582426116748e-03
3.856848844677602806e-01,3.315038625792682825e-01
6.256546175642383467e-01,1.691099401405693758e-01
6.256546175642383467e-01,1.691099401405693758e-01
6.782447288308731670e-01,4.900477949810802536e-02
5.789394315665270518e-01,4.050332153622112491e-02
5.789394315665270518e-01,4.050332153622112491e-02
5.789394315665270518e-01,4.050332153622112491e-02
5.789394315665270518e-01,4.050332153622112491e-02
5.789394315665270518e-01,4.050332153622112491e-02
5.789394315665270518e-01,4.050332153622112491e-02
5.789394315665270518e-01,4.050332153622112491e-02
5.789394315665270518e-01,4.050332153622112491e-02
8.025411738454025778e-01,2.651168589161333189e-02
8.025411738454025778e-01,2.651168589161333189e-02
6.193475266045054273e-01,-2.832488827130076881e-01
3.819531991800837467e-01,-1.007892321233199995e-01
4.697516367245107016e-01,-1.940526109517384246e-01
4.697516367245107016e-01,-1.940526109517384246e-01
6.540722516686316990e-01,-1.529578049696100894e-01
5.683507522371984422e-01,1.028145027995435723e-01
5.871298750648195064e-01,-4.858539650661411469e-02
5.871298750648195064e-01,-4.858539650661411469e-02
5.871298750648195064e-01,-4.858539650661411469e-02
5.871298750648195064e-01,-4.858539650661411469e-02
4.504985020179070876e-01,-1.825013274491808224e-01
4.504985020179070876e-01,-1.825013274491808224e-01
5.253451559215056577e-01,-5.117564585150549683e-02
5.253451559215056577e-01,-5.117564585150549683e-02
5.253451559215056577e-01,-5.117564585150549683e-02
5.253451559215056577e-01,-5.117564585150549683e-02
5.847847333831114325e-01,-5.499943176906309239e-02
5.847847333831114325e-01,-5.499943176906309239e-02
5.574008368794183266e-01,-1.887395152076581234e-02
5.574008368794183266e-01,-1.887395152076581234e-02
4.848050402252140345e-01,-6.794939159310323107e-02
4.701595582500913695e-01,6.500649501289040844e-02
6.389784737399476500e-01,2.783444079431328655e-01
6.389784737399476500e-01,2.783444079431328655e-01
6.595443849867339559e-01,7.644807600403472070e-02
5.693309998865744292e-01,-1.072352013286488326e-01
5.693309998865744292e-01,-1.072352013286488326e-01
5.559481050756592824e-01,-4.424008891235589602e-02
5.559481050756592824e-01,-4.424008891235589602e-02
5.563895631051977153e-01,4.096943727863487650e-02
5.563895631051977153e-01,4.096943727863487650e-02
2.266229115629189717e-01,6.389821953493776685e-02
2.415128897134395103e-01,-2.347329424731856851e-01
2.415128897134395103e-01,-2.347329424731856851e-01
2.415128897134395103e-01,-2.347329424731856851e-01
2.415128897134395103e-01,-2.347329424731856851e-01
2.415128897134395103e-01,-2.347329424731856851e-01
2.415128897134395103e-01,-2.347329424731856851e-01
2.415128897134395103e-01,-2.347329424731856851e-01
2.415128897134395103e-01,-2.347329424731856851e-01
2.415128897134395103e-01,-2.347329424731856851e-01
2.415128897134395103e-01,-2.347329424731856851e-01
2.415128897134395103e-01,-2.347329424731856851e-01
2.415128897134395103e-01,-2.347329424731856851e-01
6.679122977687265150e-01,-2.855595031116933136e-01
5.844855691432215838e-01,1.088797645771139022e-02
6.960434938209095757e-01,-8.565615543065380200e-02
6.960434938209095757e-01,-8.565615543065380200e-02
6.960434938209095757e-01,-8.565615543065380200e-02
6.960434938209095757e-01,-8.565615543065380200e-02
6.960434938209095757e-01,-8.565615543065380200e-02
6.960434938209095757e-01,-8.565615543065380200e-02
6.960434938209095757e-01,-8.565615543065380200e-02
6.960434938209095757e-01,-8.565615543065380200e-02
6.960434938209095757e-01,-8.565615543065380200e-02
6.960434938209095757e-01,-8.565615543065380200e-02
6.960434938209095757e-01,-8.565615543065380200e-02
7.398070877286881952e-01,-1.312746274867292451e-01
7.398070877286881952e-01,-1.312746274867292451e-01
5.697535083726752436e-01,-7.623479995422252631e-02
6.792620689078272544e-01,-1.299313604803491728e-01
6.792620689078272544e-01,-1.299313604803491728e-01
6.792620689078272544e-01,-1.299313604803491728e-01
7.514658747864657595e-01,-5.307631077456508029e-02
7.753404644223985676e-01,-9.080836375840803387e-02
6.977928352045984495e-01,-1.271948343440726104e-01
6.234199366406206755e-01,-4.849942586080990825e-02
6.234199366406206755e-01,-4.849942586080990825e-02
6.234199366406206755e-01,-4.849942586080990825e-02
6.234199366406206755e-01,-4.849942586080990825e-02
6.452419996538083513e-01,3.248913138891459940e-02
6.452419996538083513e-01,3.248913138891459940e-02
4.636039714427802050e-01,2.156289615477793853e-02
5.294720382966207062e-01,-4.185371156900272172e-02
4.713922101984789337e-01,1.075653840120147642e-01
5.942015556061370773e-01,1.184631080118081492e-01
5.663571433816225742e-01,1.035589344655434285e-01
6.436546401908139758e-01,-1.067680525340627407e-01
4.668662688405827987e-01,-1.703534415888503795e-02
4.668662688405827987e-01,-1.703534415888503795e-02
7.170923935450919107e-01,5.475213802309769617e-02
7.170923935450919107e-01,5.475213802309769617e-02
7.170923935450919107e-01,5.475213802309769617e-02
7.170923935450919107e-01,5.475213802309769617e-02
7.170923935450919107e-01,5.475213802309769617e-02
7.170923935450919107e-01,5.475213802309769617e-02
7.170923935450919107e-01,5.475213802309769617e-02
7.170923935450919107e-01,5.475213802309769617e-02
6.344698316339122401e-01,1.095836084485017348e-01
6.344698316339122401e-01,1.095836084485017348e-01
7.845486573466053937e-01,-1.788851649427800061e-02
6.390618494721473919e-01,-1.351867281649681285e-01
7.012682955828046794e-01,-9.560721931697088727e-02
7.012682955828046794e-01,-9.560721931697088727e-02
7.012682955828046794e-01,-9.560721931697088727e-02
7.357080875479194981e-01,-1.465377409717215362e-02
7.357080875479194981e-01,-1.465377409717215362e-02
7.357080875479194981e-01,-1.465377409717215362e-02
7.357080875479194981e-01,-1.465377409717215362e-02
8.147368470910518745e-01,-9.276675170444653729e-02
8.147368470910518745e-01,-9.276675170444653729e-02
8.147368470910518745e-01,-9.276675170444653729e-02
8.147368470910518745e-01,-9.276675170444653729e-02
8.147368470910518745e-01,-9.276675170444653729e-02
5.078473425684539855e-01,9.542863563344072819e-02
5.953440216603439472e-01,1.191613108109875196e-01
5.953440216603439472e-01,1.191613108109875196e-01
6.086279779046536165e-01,1.164619665112223701e-02
6.086279779046536165e-01,1.164619665112223701e-02
6.086279779046536165e-01,1.164619665112223701e-02
4.858428007840966956e-01,1.852574090500861206e-02
4.858428007840966956e-01,1.852574090500861206e-02
4.858428007840966956e-01,1.852574090500861206e-02
4.858428007840966956e-01,1.852574090500861206e-02
7.737156186947378167e-01,-1.431332889025441757e-01
7.737156186947378167e-01,-1.431332889025441757e-01
6.325243921157336358e-01,-2.050139989821527509e-01
7.009261996151170404e-01,-5.009973643058257542e-02
7.009261996151170404e-01,-5.009973643058257542e-02
7.009261996151170404e-01,-5.009973643058257542e-02
7.009261996151170404e-01,-5.009973643058257542e-02
5.933802433904309392e-01,8.341579335975657372e-02
5.933802433904309392e-01,8.341579335975657372e-02
5.933802433904309392e-01,8.341579335975657372e-02
5.933802433904309392e-01,8.341579335975657372e-02
5.933802433904309392e-01,8.341579335975657372e-02
5.664725230917314613e-01,1.564312774505388637e-01
5.618133297368725909e-01,1.084643983112705823e-01
6.101886223847728941e-01,-1.198213408222910392e-01
7.347687439532288867e-01,1.302007780758027422e-01
7.347687439532288867e-01,1.302007780758027422e-01
7.347687439532288867e-01,1.302007780758027422e-01
7.347687439532288867e-01,1.302007780758027422e-01
7.480072523962534303e-01,3.313366904216195896e-02
7.182383628241151285e-01,2.481054851950979800e-02
7.182383628241151285e-01,2.481054851950979800e-02
7.182383628241151285e-01,2.481054851950979800e-02
7.182383628241151285e-01,2.481054851950979800e-02
7.182383628241151285e-01,2.481054851950979800e-02
8.127174354751732777e-01,-1.651551755651992637e-01
7.788559190928724396e-01,-1.531877603437062640e-01
7.788559190928724396e-01,-1.531877603437062640e-01
7.788559190928724396e-01,-1.531877603437062640e-01
5.548854315985091157e-01,9.579221523793168824e-02
6.828263514876674600e-01,-2.463256664784636563e-01
6.519027196642549482e-01,-1.919406916215358749e-01
7.279873140651370589e-01,-3.071073746852356345e-01
7.279873140651370589e-01,-3.071073746852356345e-01
6.606249199752994850e-01,-3.240006310037830684e-01
3.874889082192606860e-01,-2.168419301968338153e-01
5.261488578945645589e-01,-2.620960311633103168e-01
5.261488578945645589e-01,-2.620960311633103168e-01
5.261488578945645589e-01,-2.620960311633103168e-01
5.261488578945645589e-01,-2.620960311633103168e-01
3.998578776043439920e-01,-2.858772914425136147e-01
3.061082633918334461e-01,-2.268126687669708708e-01
3.061082633918334461e-01,-2.268126687669708708e-01
5.564388984663746207e-01,-3.520635012739489755e-01
5.564388984663746207e-01,-3.520635012739489755e-01
5.564388984663746207e-01,-3.520635012739489755e-01
5.564388984663746207e-01,-3.520635012739489755e-01
5.158159611237093101e-01,-3.237267709496851609e-01
5.158159611237093101e-01,-3.237267709496851609e-01
5.158159611237093101e-01,-3.237267709496851609e-01
5.158159611237093101e-01,-3.237267709496851609e-01
3.613123932788367965e-01,-2.845193918308156489e-01
3.748016768893763229e-01,-2.885194841248062136e-01
3.748016768893763229e-01,-2.885194841248062136e-01
3.518335635844113130e-01,-2.720688468637547097e-01
3.518335635844113130e-01,-2.720688468637547097e-01
3.518335635844113130e-01,-2.720688468637547097e-01
3.518335635844113130e-01,-2.720688468637547097e-01
3.518335635844113130e-01,-2.720688468637547097e-01
3.518335635844113130e-01,-2.720688468637547097e-01
4.851744170066059070e-01,-6.671143842305593541e-02
6.772477293538400334e-01,-2.538069276302810651e-01
6.772477293538400334e-01,-2.538069276302810651e-01
6.470573082074377869e-01,-8.294970006098328907e-02
6.470573082074377869e-01,-8.294970006098328907e-02
6.052730298404890297e-01,1.707491362569354409e-01
7.999172225016112359e-01,1.038403072406851452e-01
6.643167041052072674e-01,1.515083665324288287e-01
7.229427155534335903e-01,1.486795698470155247e-01
7.312356318475369266e-01,-7.006160058787375133e-03
7.438731472606560091e-01,-9.171959104094733195e-03
5.706900989065928353e-01,-8.349269606671810839e-02
6.131457952223976493e-01,-2.193665177313964265e-01
6.131457952223976493e-01,-2.193665177313964265e-01
6.131457952223976493e-01,-2.193665177313964265e-01
5.634693304838068739e-01,-1.347733219383902559e-01
5.634693304838068739e-01,-1.347733219383902559e-01
7.233403955595987256e-01,3.269992987348771529e-02
7.233403955595987256e-01,3.269992987348771529e-02
8.212265173976290855e-01,1.347762382002619386e-01
7.198797005767084700e-01,1.023294605778699434e-01
5.097986693878081566e-01,-6.209394468463790007e-02
3.418635751686404101e-01,-8.328833083874567778e-03
3.418635751686404101e-01,-8.328833083874567778e-03
4.582849608706683897e-01,1.423502750977813022e-03
5.450788818568128580e-01,9.310565710178611565e-02
5.450788818568128580e-01,9.310565710178611565e-02
5.450788818568128580e-01,9.310565710178611565e-02
6.438100986827395289e-01,8.623928007690379038e-03
5.805247934395357801e-01,1.756444655603073834e-01
5.055372639430707471e-01,1.992173443146162404e-01
5.055372639430707471e-01,1.992173443146162404e-01
5.055372639430707471e-01,1.992173443146162404e-01
5.055372639430707471e-01,1.992173443146162404e-01
4.363287823862274650e-01,1.711523441224210296e-01
4.695856750923181888e-01,2.754874954856189606e-01
5.658450335155950084e-01,2.187692442854770880e-01
5.658450335155950084e-01,2.187692442854770880e-01
5.658450335155950084e-01,2.187692442854770880e-01
6.027893669925494802e-01,-1.805118948153428271e-01
7.689313091835997538e-01,-4.979246502087680826e-02
5.304086073061087259e-01,-1.197217858392019690e-02
4.784522162640558740e-01,-1.603600853468859500e-01
5.553810088893823549e-01,4.777815121923850716e-02
5.553810088893823549e-01,4.777815121923850716e-02
5.553810088893823549e-01,4.777815121923850716e-02
5.228013771342228111e-01,3.939216090978444468e-02
5.228013771342228111e-01,3.939216090978444468e-02
8.055123433075146444e-01,8.096447127043736314e-03
8.055123433075146444e-01,8.096447127043736314e-03
8.250823258459059062e-01,7.712699117542978766e-02
6.309021494260602658e-01,6.908674470950101898e-02
6.309021494260602658e-01,6.908674470950101898e-02
6.309021494260602658e-01,6.908674470950101898e-02
6.309021494260602658e-01,6.908674470950101898e-02
5.440983643417338644e-01,-7.876698039466914492e-02
5.440983643417338644e-01,-7.876698039466914492e-02
5.872050045014408637e-01,9.193083172648391921e-02
4.310436987070456194e-01,1.440887375205456289e-01
6.388658899282497750e-01,2.254783125857622306e-01
6.388658899282497750e-01,2.254783125857622306e-01
6.667814242879046560e-01,1.799602585759581264e-01
6.085738530554133385e-01,1.081267935170176775e-01
6.085738530554133385e-01,1.081267935170176775e-01
6.085738530554133385e-01,1.081267935170176775e-01
6.085738530554133385e-01,1.081267935170176775e-01
6.409187303860650609e-01,-1.038676654099289498e-01
7.333605777061662501e-01,-8.951233295549990143e-02
5.912627669221245386e-01,-2.624278110232879935e-01
6.275176849510384347e-01,-3.154591886816326962e-01
5.597167148507363743e-01,-2.259004801780537530e-01
5.597167148507363743e-01,-2.259004801780537530e-01
3.903593468752135642e-01,-1.580049008672211874e-01
4.400583922245353552e-01,-2.638535476404944013e-01
4.400583922245353552e-01,-2.638535476404944013e-01
4.400583922245353552e-01,-2.638535476404944013e-01
5.260245783040066181e-01,-7.265166100361281076e-02
5.260245783040066181e-01,-7.265166100361281076e-02
5.260245783040066181e-01,-7.265166100361281076e-02
5.260245783040066181e-01,-7.265166100361281076e-02
4.063319068027097525e-01,-1.510194841769998686e-01
4.418416421366596625e-01,-1.518464153861976695e-01
4.418416421366596625e-01,-1.518464153861976695e-01
4.418416421366596625e-01,-1.518464153861976695e-01
4.455801588112036082e-01,-1.602273626315960098e-01
3.515686914493824089e-01,-2.064239286106206994e-01
1.789399117930229877e-01,-1.695637434540112065e-01
1.789399117930229877e-01,-1.695637434540112065e-01
2.286977993420438171e-01,2.739706536118677316e-02
2.286977993420438171e-01,2.739706536118677316e-02
2.286977993420438171e-01,2.739706536118677316e-02
3.328857537750966600e-01,-2.082135869766457981e-01
3.328857537750966600e-01,-2.082135869766457981e-01
4.232563610505369334e-01,-1.491655819944494032e-01
5.212923280315840957e-01,-1.764469620273556583e-01
5.212923280315840957e-01,-1.764469620273556583e-01
6.391914973742069961e-01,-2.656657152652505682e-01
6.391914973742069961e-01,-2.656657152652505682e-01
6.391914973742069961e-01,-2.656657152652505682e-01
5.031980848826536068e-01,-3.018400275312794756e-01
5.031980848826536068e-01,-3.018400275312794756e-01
6.590420294115384436e-01,-2.004087331004872352e-01
6.590420294115384436e-01,-2.004087331004872352e-01
6.590420294115384436e-01,-2.004087331004872352e-01
6.590420294115384436e-01,-2.004087331004872352e-01
5.386194790132111665e-01,-1.420474262937501675e-02
6.486073440975007598e-01,-1.455297572245254634e-01
6.486073440975007598e-01,-1.455297572245254634e-01
6.486073440975007598e-01,-1.455297572245254634e-01
7.072702351925003184e-01,-1.404613973123522153e-01
8.772309420961690307e-01,-8.729195923405730362e-02
7.897387261379402723e-01,-1.463487922983332246e-02
4.466141411353120039e-01,1.800938122235886535e-02
4.466141411353120039e-01,1.800938122235886535e-02
4.910214691296028722e-01,1.313681696892074202e-01
4.910214691296028722e-01,1.313681696892074202e-01
4.910214691296028722e-01,1.313681696892074202e-01
4.910214691296028722e-01,1.313681696892074202e-01
4.910214691296028722e-01,1.313681696892074202e-01
4.910214691296028722e-01,1.313681696892074202e-01
3.708424542033166293e-01,2.605349138173861934e-01
3.708424542033166293e-01,2.605349138173861934e-01
6.094795781710110605e-01,1.602994994279998142e-01
6.094795781710110605e-01,1.602994994279998142e-01
6.629534046835288130e-01,-1.160253758779238864e-01
6.622378835587352519e-01,6.684814515021836323e-02
6.237174847037250114e-01,2.698841446100408437e-02
5.536507338738965167e-01,-8.532559468684856874e-02
5.536507338738965167e-01,-8.532559468684856874e-02
5.536507338738965167e-01,-8.532559468684856874e-02
5.123697023230088243e-01,-1.372245539456857510e-01
5.687428094650366361e-01,1.742600019727205407e-01
5.687428094650366361e-01,1.742600019727205407e-01
4.933247429734178291e-01,2.236601956763271393e-01
4.933247429734178291e-01,2.236601956763271393e-01
5.128829446529632463e-01,1.195183289639838303e-01
5.128829446529632463e-01,1.195183289639838303e-01
5.128829446529632463e-01,1.195183289639838303e-01
6.138450985552046379e-01,1.030836715174170970e-01
6.138450985552046379e-01,1.030836715174170970e-01
6.138450985552046379e-01,1.030836715174170970e-01
6.138450985552046379e-01,1.030836715174170970e-01
6.138450985552046379e-01,1.030836715174170970e-01
5.146805901952256068e-01,2.451409924399451656e-01
5.146805901952256068e-01,2.451409924399451656e-01
5.146805901952256068e-01,2.451409924399451656e-01
4.902093500729887143e-01,1.080090510024797057e-01
5.265701510944149621e-01,-6.341849735865107140e-02
5.265701510944149621e-01,-6.341849735865107140e-02
6.145751689643497162e-01,-1.037809450196795769e-01
6.145751689643497162e-01,-1.037809450196795769e-01
6.145751689643497162e-01,-1.037809450196795769e-01
6.627749621058910412e-01,4.766929595675178932e-02
6.578274750891739409e-01,1.073963744000124843e-01
6.578274750891739409e-01,1.073963744000124843e-01
7.368938105686053675e-01,-5.645065112612859815e-02
7.368938105686053675e-01,-5.645065112612859815e-02
7.535092250359354260e-01,1.241336401148167290e-02
7.535092250359354260e-01,1.241336401148167290e-02
7.535092250359354260e-01,1.241336401148167290e-02
7.658532434005812517e-01,-2.259089123127605570e-01
7.658532434005812517e-01,-2.259089123127605570e-01
9.463862893726550096e-01,8.767226512121617521e-02
9.044669707895516275e-01,7.474410453140234445e-02
1.016319709248947767e+00,1.268231607876355027e-01
1.016319709248947767e+00,1.268231607876355027e-01
9.788846017479977402e-01,2.568526715427096874e-02
9.788846017479977402e-01,2.568526715427096874e-02
8.224402594760404916e-01,-6.362062537042090238e-02
7.788723793812887264e-01,-1.875510420924596938e-02
7.788723793812887264e-01,-1.875510420924596938e-02
7.788723793812887264e-01,-1.875510420924596938e-02
7.461914348151900134e-01,-5.814106948600810537e-02
7.461914348151900134e-01,-5.814106948600810537e-02
7.461914348151900134e-01,-5.814106948600810537e-02
8.559142851266298146e-01,-1.162978747069507435e-01
8.559142851266298146e-01,-1.162978747069507435e-01
7.547510334127888187e-01,-1.960705982076937914e-02
5.425598164799109169e-01,-2.291870202249219057e-01
5.425598164799109169e-01,-2.291870202249219057e-01
5.425598164799109169e-01,-2.291870202249219057e-01
3.316186007051659113e-01,1.958151840223271156e-03
3.316186007051659113e-01,1.958151840223271156e-03
6.120418327676169223e-01,-7.288094509107002905e-02
6.120418327676169223e-01,-7.288094509107002905e-02
5.193595822252683458e-01,-1.724115861056011723e-01
5.412694613464787974e-01,-1.401166501718441593e-01
6.623760735285761925e-01,-1.317553619052208580e-02
6.623760735285761925e-01,-1.317553619052208580e-02
6.623760735285761925e-01,-1.317553619052208580e-02
6.121982839606456839e-01,-3.029354492676667940e-02
5.294054493460845778e-01,-1.720548484468199246e-01
5.294054493460845778e-01,-1.720548484468199246e-01
5.294054493460845778e-01,-1.720548484468199246e-01
7.884531660431374211e-01,1.756870582025635286e-02
7.884531660431374211e-01,1.756870582025635286e-02
7.884531660431374211e-01,1.756870582025635286e-02
7.884531660431374211e-01,1.756870582025635286e-02
7.884531660431374211e-01,1.756870582025635286e-02
7.620078692740115400e-01,9.395423706459427038e-02
7.620078692740115400e-01,9.395423706459427038e-02
7.620078692740115400e-01,9.395423706459427038e-02
7.620078692740115400e-01,9.395423706459427038e-02
6.162962791128755446e-01,-1.294518726828541855e-01
4.786501886349307511e-01,6.819953539865528103e-02
7.115337846661912158e-01,2.879679610897149800e-02
7.115337846661912158e-01,2.879679610897149800e-02
7.115337846661912158e-01,2.879679610897149800e-02
7.115337846661912158e-01,2.879679610897149800e-02
5.812588184017684068e-01,-1.478477409891594541e-02
7.689922537290793114e-01,-2.134760859491002249e-01
7.689922537290793114e-01,-2.134760859491002249e-01
7.936954184347634333e-01,-2.178686467305376295e-01
6.209942228639332429e-01,-2.409551108871244018e-02
5.956683321509401718e-01,7.604769465809918527e-02
5.956683321509401718e-01,7.604769465809918527e-02
7.397960508525377454e-01,-4.493344364397944268e-02
6.931010658293932369e-01,1.130735707016402025e-01
7.092422883078719487e-01,1.427286147434197738e-01
7.092422883078719487e-01,1.427286147434197738e-01
7.092422883078719487e-01,1.427286147434197738e-01
7.092422883078719487e-01,1.427286147434197738e-01
7.331455967803751639e-01,1.807416737123206940e-01
8.270595697764357990e-01,3.317878222303421998e-03
8.270595697764357990e-01,3.317878222303421998e-03
8.190087679104608442e-01,3.762603726634496798e-02
6.597063674062044747e-01,6.031456276946602080e-02
6.672570525007585074e-01,2.322399551809350426e-01
6.672570525007585074e-01,2.322399551809350426e-01
6.672570525007585074e-01,2.322399551809350426e-01
6.672570525007585074e-01,2.322399551809350426e-01
4.862595455965735836e-01,2.434866050162686202e-01
4.862595455965735836e-01,2.434866050162686202e-01
5.696018395222870456e-01,2.335517089838429761e-01
6.404797148010781260e-01,2.021480115280339662e-01
5.370372232192699435e-01,2.043831990071068583e-01
5.370372232192699435e-01,2.043831990071068583e-01
4.828014150464570164e-01,2.145023342224449681e-01
6.510667396868496937e-01,7.345991363452791800e-03
6.510667396868496937e-01,7.345991363452791800e-03
6.510667396868496937e-01,7.345991363452791800e-03
5.513805764887294014e-01,-2.697459432126729506e-04
4.996937008527987389e-01,-1.908740440150482054e-01
4.996937008527987389e-01,-1.908740440150482054e-01
6.534471801263400659e-01,-1.063449549914520925e-01
6.534471801263400659e-01,-1.063449549914520925e-01
6.930443116525095704e-01,-9.795922648857990911e-02
6.930443116525095704e-01,-9.795922648857990911e-02
7.509980802890598994e-01,1.649790400918188515e-01
7.509980802890598994e-01,1.649790400918188515e-01
6.853788461529842779e-01,1.393812372552604706e-01
6.853788461529842779e-01,1.393812372552604706e-01
6.138664784891262327e-01,8.289946023792837959e-02
6.138664784891262327e-01,8.289946023792837959e-02
5.217179649719794199e-01,9.478235233850679231e-02
6.054802658888555067e-01,3.460573988819479196e-03
5.314301537605503611e-01,1.708644659889088646e-01
5.314301537605503611e-01,1.708644659889088646e-01
7.796086740655758796e-01,2.467990613115508824e-02
5.615849605390434984e-01,1.756890640781651747e-01
5.615849605390434984e-01,1.756890640781651747e-01
7.068101830125033125e-01,1.794044659993307422e-01
7.068101830125033125e-01,1.794044659993307422e-01
6.133504349088101382e-01,2.825818133729491310e-01
8.517691059932270825e-01,1.830768391913847881e-01
9.191142708872128697e-01,1.002946143358361547e-01
8.168039931336201764e-01,1.343072142435954575e-01
8.168039931336201764e-01,1.343072142435954575e-01
7.036088839256968708e-01,-6.958577174856406256e-02
7.036088839256968708e-01,-6.958577174856406256e-02
7.808304819716157530e-01,-9.003063342031415728e-02
7.194671952153629535e-01,-1.536361479252483786e-01
7.194671952153629535e-01,-1.536361479252483786e-01
7.194671952153629535e-01,-1.536361479252483786e-01
7.194671952153629535e-01,-1.536361479252483786e-01
6.643792823972752837e-01,-8.419406290315009644e-02
6.643792823972752837e-01,-8.419406290315009644e-02
6.643792823972752837e-01,-8.419406290315009644e-02
6.643792823972752837e-01,-8.419406290315009644e-02
5.129459310051092125e-01,1.102395645013563019e-01
5.772734366477147994e-01,-8.321278546188173864e-02
8.148267261438391085e-01,-5.013156480546301919e-03
6.977207810929151321e-01,-1.077416127074615759e-01
6.977207810929151321e-01,-1.077416127074615759e-01
6.977207810929151321e-01,-1.077416127074615759e-01
6.977207810929151321e-01,-1.077416127074615759e-01
6.727660234178571841e-01,1.668301426879876814e-01
6.727660234178571841e-01,1.668301426879876814e-01
5.099724765092115142e-01,1.468020238888798068e-02
5.603748474730572138e-01,9.351866135591609119e-02
5.603748474730572138e-01,9.351866135591609119e-02
2.696505355988050856e-01,-2.349576739550396365e-02
3.797320898300795555e-01,-7.172099217873062482e-02
3.797320898300795555e-01,-7.172099217873062482e-02
4.559998300364210833e-01,-1.339992443077411555e-01
5.113870173946442055e-01,4.246765962417936580e-02
4.339840240917895997e-01,-1.015549995052480448e-01
4.339840240917895997e-01,-1.015549995052480448e-01
4.053438263543479581e-01,9.826526161190435316e-02
4.837088044093093009e-01,2.113504677448037605e-01
4.837088044093093009e-01,2.113504677448037605e-01
4.837088044093093009e-01,2.113504677448037605e-01
6.394346163897065560e-01,1.081744320267756659e-01
5.746574210187340714e-01,6.130315546836297841e-02
6.321306727418743998e-01,1.954605180135085551e-03
6.321306727418743998e-01,1.954605180135085551e-03
6.321306727418743998e-01,1.954605180135085551e-03
6.292390054846145331e-01,-8.843215671702034375e-02
6.292390054846145331e-01,-8.843215671702034375e-02
6.292390054846145331e-01,-8.843215671702034375e-02
6.292390054846145331e-01,-8.843215671702034375e-02
6.404566862527767412e-01,-1.302545258687372587e-01
5.062402187097687634e-01,-6.158749217403947096e-03
5.062402187097687634e-01,-6.158749217403947096e-03
5.062402187097687634e-01,-6.158749217403947096e-03
3.173984503601119389e-01,-1.530115809138448135e-01
3.173984503601119389e-01,-1.530115809138448135e-01
3.799433708998269932e-01,1.363993720710783841e-01
3.799433708998269932e-01,1.363993720710783841e-01
5.811405821064754562e-01,2.076904915118895079e-01
4.746008413989114549e-01,2.509923989581079873e-01
5.403521123667042181e-01,2.004070093654016227e-01
5.403521123667042181e-01,2.004070093654016227e-01
5.403521123667042181e-01,2.004070093654016227e-01
3.713472097571001718e-01,1.413881885646190995e-01
3.713472097571001718e-01,1.413881885646190995e-01
3.713472097571001718e-01,1.413881885646190995e-01
4.090946646488227145e-01,6.097775712200581566e-02
4.090946646488227145e-01,6.097775712200581566e-02
4.090946646488227145e-01,6.097775712200581566e-02
4.090946646488227145e-01,6.097775712200581566e-02
4.090946646488227145e-01,6.097775712200581566e-02
4.941421892785717307e-01,5.050719407239891851e-02
4.941421892785717307e-01,5.050719407239891851e-02
4.941421892785717307e-01,5.050719407239891851e-02
4.941421892785717307e-01,5.050719407239891851e-02
4.513101381313369131e-01,-7.122157883823626578e-02
4.513101381313369131e-01,-7.122157883823626578e-02
4.513101381313369131e-01,-7.122157883823626578e-02
5.135518653904161956e-01,-2.592271723845347431e-01
5.122813058923034735e-01,-1.065788388384993901e-01
5.122813058923034735e-01,-1.065788388384993901e-01
5.122813058923034735e-01,-1.065788388384993901e-01
4.870619738818848798e-01,-1.096377801821781656e-01
5.462818865594585294e-01,-2.545940282942396604e-01
4.738496302971197949e-01,-1.501675957263488848e-01
5.579848983013546704e-01,-1.579168026735206232e-01
5.579848983013546704e-01,-1.579168026735206232e-01
5.579848983013546704e-01,-1.579168026735206232e-01
5.579848983013546704e-01,-1.579168026735206232e-01
5.579848983013546704e-01,-1.579168026735206232e-01
3.710896192524401060e-01,-8.411408744893307532e-02
3.710896192524401060e-01,-8.411408744893307532e-02
3.710896192524401060e-01,-8.411408744893307532e-02
4.882090714648221197e-01,-9.893919131251405208e-02
4.303244798724382703e-01,-7.593448974396718731e-02
6.073003710307525171e-01,-9.258453184547078829e-02
5.855796251979691336e-01,-3.340491347296312835e-02
5.855796251979691336e-01,-3.340491347296312835e-02
6.868585512585889674e-01,-1.468746065940657874e-01
6.130225048021228362e-01,-1.452531757462565409e-01
5.405420786025798563e-01,4.428683044525191792e-02
6.938576755320813305e-01,4.721033670403342736e-02
5.671056951774648969e-01,1.807416794205339849e-01
5.671056951774648969e-01,1.807416794205339849e-01
3.896368150532031338e-01,2.535665509742656143e-01
4.722411521337968598e-01,3.738629221655884183e-02
4.722411521337968598e-01,3.738629221655884183e-02
5.408713310632922155e-01,-1.090490067451453660e-03
7.275767075900244629e-01,-4.822478761677114617e-02
7.275767075900244629e-01,-4.822478761677114617e-02
7.275767075900244629e-01,-4.822478761677114617e-02
7.275767075900244629e-01,-4.822478761677114617e-02
7.275767075900244629e-01,-4.822478761677114617e-02
6.897407566985174210e-01,-7.615741220157955238e-02
5.360511892861825611e-01,2.430775837126630812e-02
5.344442774685882469e-01,1.812377051713960074e-01
6.582133885441987520e-01,1.074936485126138097e-01
6.582133885441987520e-01,1.074936485126138097e-01
6.582133885441987520e-01,1.074936485126138097e-01
6.582133885441987520e-01,1.074936485126138097e-01
6.582133885441987520e-01,1.074936485126138097e-01
5.132163065965262838e-01,1.310032783904050979e-01
5.458823372153430720e-01,1.505744335222862218e-01
7.066875223383295435e-01,2.857378132674130711e-02
7.066875223383295435e-01,2.857378132674130711e-02
5.810597841339359970e-01,1.068951633785567429e-01
5.810597841339359970e-01,1.068951633785567429e-01
5.197805649763345137e-01,1.155960272606846306e-01
4.854689781212896404e-01,1.738735724329563692e-01
5.525680761634113036e-01,1.699312693540838692e-01
5.119935181757854226e-01,-1.019166039924457312e-02
4.688938985900829581e-01,1.458770535706804816e-01
4.572135996466810126e-01,-7.103887150142262907e-02
4.572135996466810126e-01,-7.103887150142262907e-02
6.752157895602561855e-01,1.073193552317687205e-01
6.752157895602561855e-01,1.073193552317687205e-01
7.197516485352764004e-01,1.988210911821788329e-01
4.702315956133863994e-01,3.138824092968126034e-02
4.702315956133863994e-01,3.138824092968126034e-02
4.702315956133863994e-01,3.138824092968126034e-02
3.671996502223867087e-01,1.349430150819088958e-01
3.671996502223867087e-01,1.349430150819088958e-01
2.450446101732633442e-01,1.074384286978218028e-01
3.173692465800730389e-01,1.401818595570868131e-01
3.173692465800730389e-01,1.401818595570868131e-01
3.173692465800730389e-01,1.401818595570868131e-01
2.390913122026602777e-01,1.957565481865647383e-02
2.390913122026602777e-01,1.957565481865647383e-02
2.390913122026602777e-01,1.957565481865647383e-02
2.390913122026602777e-01,1.957565481865647383e-02
5.315072097696591502e-01,9.784404727155789072e-02
5.315072097696591502e-01,9.784404727155789072e-02
5.315072097696591502e-01,9.784404727155789072e-02
4.546519582208702892e-01,-1.007566432509504756e-01
4.546519582208702892e-01,-1.007566432509504756e-01
6.739809746874109164e-01,-1.541990824874950594e-01
7.941472482353085782e-01,-1.150629057107264985e-01
7.403120845148742912e-01,1.358332550105796621e-01
7.403120845148742912e-01,1.358332550105796621e-01
7.403120845148742912e-01,1.358332550105796621e-01
7.834534688992804696e-01,9.795855500362005142e-02
7.087712779312589362e-01,2.484271792732518913e-02
7.087712779312589362e-01,2.484271792732518913e-02
6.583984498387832618e-01,9.861436390683274433e-02
6.622726810858500235e-01,3.576887702470309127e-02
6.049556463132561568e-01,1.354542470791577635e-01
5.395550976702266910e-01,1.635352981196426803e-01
4.346771869153190915e-01,1.238704333971118593e-01
6.083122988068221382e-01,7.837569704178795615e-02
6.083122988068221382e-01,7.837569704178795615e-02
6.083122988068221382e-01,7.837569704178795615e-02
6.083122988068221382e-01,7.837569704178795615e-02
5.454308896144978158e-01,3.786488911808534585e-02
5.454308896144978158e-01,3.786488911808534585e-02
3.505143434263127689e-01,-8.228695523982659799e-02
3.505143434263127689e-01,-8.228695523982659799e-02
3.505143434263127689e-01,-8.228695523982659799e-02
3.505143434263127689e-01,-8.228695523982659799e-02
4.848654436629193931e-01,1.538976840568026250e-01
6.500238699152335320e-01,6.029948020119771379e-02
7.814573817468799533e-01,-6.828263979647947179e-03
8.027844011929132773e-01,-1.248367783871093678e-01
8.027844011929132773e-01,-1.248367783871093678e-01
6.264957764694909503e-01,-1.306558202610419994e-01
7.117836836000381862e-01,9.979990547857844896e-02
7.117836836000381862e-01,9.979990547857844896e-02
7.117836836000381862e-01,9.979990547857844896e-02
6.807723624205958002e-01,1.015416320344246920e-01
6.807723624205958002e-01,1.015416320344246920e-01
6.807723624205958002e-01,1.015416320344246920e-01
6.807723624205958002e-01,1.015416320344246920e-01
5.270298192682328908e-01,-5.105015964447763566e-02
5.164530020807991395e-01,-1.615399962358294444e-02
5.164530020807991395e-01,-1.615399962358294444e-02
6.938633786284206240e-01,-1.248734848963282407e-01
6.938633786284206240e-01,-1.248734848963282407e-01
6.938633786284206240e-01,-1.248734848963282407e-01
4.499422527417574758e-01,-2.001810597315778484e-02
5.023873769369177067e-01,-1.970183839644542856e-01
8.089517531452883325e-01,-8.286092372344547319e-02
8.623956996800573593e-01,-5.055409994046726474e-02
6.537312982868235256e-01,1.992071078445065146e-02
6.195036062920998843e-01,-7.378738752055469252e-03
6.195036062920998843e-01,-7.378738752055469252e-03
5.454148335832839090e-01,-1.669052197298587781e-01
5.454148335832839090e-01,-1.669052197298587781e-01
4.550990714183120178e-01,-2.225539695043488031e-01
4.226857178107504276e-01,-1.967379129561662165e-01
3.585676492504020207e-01,-6.126451078744299394e-02
3.585676492504020207e-01,-6.126451078744299394e-02
4.418453241885145766e-01,-1.942100705167740249e-02
3.724335665742130042e-01,-8.137791580175527534e-03
3.268965549527788617e-01,-2.119369199236244977e-03
3.008269271064641925e-01,1.271377850908201323e-01
5.070477589227869730e-01,-1.212160122592800537e-01
4.888942085334213594e-01,-1.566502921433179096e-01
5.498138419248381759e-01,1.720400016498675744e-01
5.498138419248381759e-01,1.720400016498675744e-01
5.498138419248381759e-01,1.720400016498675744e-01
5.498138419248381759e-01,1.720400016498675744e-01
5.498138419248381759e-01,1.720400016498675744e-01
5.498138419248381759e-01,1.720400016498675744e-01
5.205716974586214185e-01,3.075449285825931911e-02
5.682699645086123352e-01,-8.646835427451710077e-02
5.682699645086123352e-01,-8.646835427451710077e-02
6.722582701051945664e-01,-1.894150936911695449e-01
6.722582701051945664e-01,-1.894150936911695449e-01
6.878332645193313555e-01,-6.671095692127400334e-02
5.104982935859421200e-01,-1.381836401735899167e-01
4.907525958473453742e-01,1.379840342703811396e-02
5.428465416140739741e-01,2.672068608189427374e-01
6.575777089014467336e-01,2.625008150484787750e-01
6.575777089014467336e-01,2.625008150484787750e-01
5.684490441559223450e-01,-2.202296558505878465e-02
5.684490441559223450e-01,-2.202296558505878465e-02
5.905798905390177156e-01,-1.326875393531014025e-01
6.459524754544222480e-01,3.699617296638479935e-02
4.353019829368054427e-01,-7.212874240769363843e-02
4.353019829368054427e-01,-7.212874240769363843e-02
4.353019829368054427e-01,-7.212874240769363843e-02
3.542341890781481872e-01,-1.217896136034298665e-02
3.542341890781481872e-01,-1.217896136034298665e-02
3.618722503312420957e-01,-8.752383571771582549e-02
3.618722503312420957e-01,-8.752383571771582549e-02
3.618722503312420957e-01,-8.752383571771582549e-02
3.738480436519742156e-01,-8.849762391965666775e-02
3.738480436519742156e-01,-8.849762391965666775e-02
3.738480436519742156e-01,-8.849762391965666775e-02
3.727593596504248374e-01,-1.428605678660329892e-01
3.727593596504248374e-01,-1.428605678660329892e-01
4.467255302682601736e-01,-2.056892220639324753e-01
4.358830291597431406e-01,-2.391175750459994531e-01
3.541822929722612812e-01,-1.962704524336036649e-01
5.255500774139926223e-01,2.599260287686361304e-02
6.798312795242607010e-01,1.169730599998029114e-01
6.798312795242607010e-01,1.169730599998029114e-01
6.798312795242607010e-01,1.169730599998029114e-01
7.555769107495377002e-01,-2.187239556689070386e-02
7.555769107495377002e-01,-2.187239556689070386e-02
7.634870960800328454e-01,2.031140895148563635e-03
7.634870960800328454e-01,2.031140895148563635e-03
6.210862534676362401e-01,-1.342939914895069885e-02
5.586058373199105365e-01,-1.510471439664773929e-01
5.586058373199105365e-01,-1.510471439664773929e-01
5.586058373199105365e-01,-1.510471439664773929e-01
3.678217617373543691e-01,-5.134954707737084123e-02
4.581502323647091424e-01,7.444297721862350170e-03
4.581502323647091424e-01,7.444297721862350170e-03
4.898036971119321126e-01,-7.832705735055579821e-02
4.898036971119321126e-01,-7.832705735055579821e-02
7.159720676948915230e-01,1.575524397009447908e-03
7.159720676948915230e-01,1.575524397009447908e-03
7.159720676948915230e-01,1.575524397009447908e-03
7.159720676948915230e-01,1.575524397009447908e-03
8.867933597651468380e-01,4.277568879335882923e-02
6.551858804414227855e-01,1.690960995736401906e-01
7.051085465823451193e-01,2.742744512164937420e-01
6.741928903449811994e-01,2.850217689708253177e-01
4.950962094498330135e-01,2.277915567321720791e-01
4.950962094498330135e-01,2.277915567321720791e-01
4.950962094498330135e-01,2.277915567321720791e-01
4.950962094498330135e-01,2.277915567321720791e-01
4.878848862218419513e-01,2.719611975501488033e-01
5.400502067785843963e-01,1.943330768587355484e-01
5.400502067785843963e-01,1.943330768587355484e-01
3.740242251761120573e-01,2.024865051440191688e-02
3.740242251761120573e-01,2.024865051440191688e-02
3.740242251761120573e-01,2.024865051440191688e-02
3.740242251761120573e-01,2.024865051440191688e-02
3.740242251761120573e-01,2.024865051440191688e-02
6.136281131993626126e-01,9.843065366172908115e-02
6.136281131993626126e-01,9.843065366172908115e-02
6.136281131993626126e-01,9.843065366172908115e-02
6.136281131993626126e-01,9.843065366172908115e-02
6.233925851344120916e-01,1.539450356091153216e-01
5.176603965466060053e-01,-4.724195908351108697e-02
4.367532062894831091e-01,-1.437055593960942512e-03
5.344132704641892939e-01,-1.344599764978731127e-01
5.502834521135692158e-01,-1.734312490388983385e-01
7.894309805279602354e-01,-1.044530682027585283e-01
7.894309805279602354e-01,-1.044530682027585283e-01
6.819003127152838406e-01,9.137496210890501402e-02
6.766742074628976367e-01,-6.497967273116202203e-02
6.766742074628976367e-01,-6.497967273116202203e-02
6.766742074628976367e-01,-6.497967273116202203e-02
6.597321426080268170e-01,1.029362319492869299e-01
5.527476123780866724e-01,-1.624759798910597741e-01
4.704815362166601678e-01,-1.961613803819456381e-01
5.022788792675595415e-01,-1.879538827003184309e-01
6.545475053586574665e-01,-2.136345722117606316e-01
4.710295159835876655e-01,-2.423790302054049661e-01
4.710295159835876655e-01,-2.423790302054049661e-01
4.973289868164796901e-01,-1.269030191080022241e-01
5.738061674535793744e-01,-1.817673772253309838e-01
5.738061674535793744e-01,-1.817673772253309838e-01
6.760576744444156683e-01,2.496273921360536718e-02
6.760576744444156683e-01,2.496273921360536718e-02
7.906219718044819045e-01,-6.089331741634859685e-02
7.876297238334448725e-01,-9.454068831132497741e-02
8.150398572151495991e-01,5.817727095692434847e-02
8.150398572151495991e-01,5.817727095692434847e-02
6.114297630534937245e-01,2.473181965885936640e-01
6.114297630534937245e-01,2.473181965885936640e-01
5.800573209515920148e-01,1.727335623087529748e-01
6.089380329104454592e-01,6.849420765259947586e-02
6.799478490082371263e-01,2.076056137479989627e-02
6.799478490082371263e-01,2.076056137479989627e-02
6.268549650156209907e-01,2.630134179409933035e-02
7.091402166974568599e-01,-3.007078896940401647e-01
7.091402166974568599e-01,-3.007078896940401647e-01
6.648170343850767772e-01,-2.485174711515039103e-01
7.613654710613954046e-01,-2.800649520694639127e-01
7.613654710613954046e-01,-2.800649520694639127e-01
7.613654710613954046e-01,-2.800649520694639127e-01
6.250187036881111879e-01,-2.697120166946054831e-01
3.425792012968038036e-01,-7.359922332156204616e-02
3.425792012968038036e-01,-7.359922332156204616e-02
3.042532532170166837e-01,-4.161183883846017451e-02
2.709736132469615644e-01,-7.863714599172573483e-03
3.462160697632546968e-01,2.395872016221271134e-02
3.462160697632546968e-01,2.395872016221271134e-02
5.309386758622927083e-01,-2.379834922921479634e-03
7.610566587380754866e-01,-1.648549236033679255e-01
5.340236770532749144e-01,-5.337180741227171010e-02
5.340236770532749144e-01,-5.337180741227171010e-02
5.089777722654603709e-01,-1.592220809590145780e-01
5.089777722654603709e-01,-1.592220809590145780e-01
5.633814264457165377e-01,9.382275073265672338e-02
6.638078676554027835e-01,8.423822654507726049e-02
6.638078676554027835e-01,8.423822654507726049e-02
6.638078676554027835e-01,8.423822654507726049e-02
6.638078676554027835e-01,8.423822654507726049e-02
6.638078676554027835e-01,8.423822654507726049e-02
6.638078676554027835e-01,8.423822654507726049e-02
6.390898041843858790e-01,9.124782709497579469e-02
6.390898041843858790e-01,9.124782709497579469e-02
7.081306782745172557e-01,3.611458384146916389e-02
5.291002276168312868e-01,1.078526423751547531e-01
5.291002276168312868e-01,1.078526423751547531e-01
5.291002276168312868e-01,1.078526423751547531e-01
7.545782846452042669e-01,-1.651900148833183035e-01
8.048942485461115792e-01,-4.024851640283633181e-02
8.048942485461115792e-01,-4.024851640283633181e-02
7.209943733516277486e-01,9.222376618840863460e-02
8.327823465613624077e-01,2.178835936245890892e-01
7.801470525014905233e-01,2.053092810325052586e-01
8.383240839862828864e-01,2.196214159583242675e-01
8.383240839862828864e-01,2.196214159583242675e-01
6.060559293624220301e-01,-3.564898189120033201e-02
4.270154501425922344e-01,1.736248884063397169e-01
3.536532016374515086e-01,2.230049517372270085e-01
3.536532016374515086e-01,2.230049517372270085e-01
3.536532016374515086e-01,2.230049517372270085e-01
3.536532016374515086e-01,2.230049517372270085e-01
2.526841209117159925e-01,6.051488298195695226e-02
3.747853071452407203e-01,1.299118477186177456e-01
3.888907865179683232e-01,1.946727086660293704e-02
3.888907865179683232e-01,1.946727086660293704e-02
3.888907865179683232e-01,1.946727086660293704e-02
5.306027785511303607e-01,4.397484610258554222e-02
4.941684304095647629e-01,1.914941682630723063e-01
5.832220566042179977e-01,-1.425700038646930401e-01
2.473677844380556823e-01,-7.243723704171893540e-02
2.739069567817971063e-01,-3.084974747819973356e-02
4.571430108334633147e-01,-9.864919330671842457e-02
4.571430108334633147e-01,-9.864919330671842457e-02
4.571430108334633147e-01,-9.864919330671842457e-02
6.131479007610043386e-01,-6.793663322006268657e-02
6.131479007610043386e-01,-6.793663322006268657e-02
6.131479007610043386e-01,-6.793663322006268657e-02
5.785199188607841325e-01,1.408459783647134089e-01
5.785199188607841325e-01,1.408459783647134089e-01
6.686376482292858414e-01,5.694660148778674102e-03
6.686376482292858414e-01,5.694660148778674102e-03
6.686376482292858414e-01,5.694660148778674102e-03
6.686376482292858414e-01,5.694660148778674102e-03
5.811268193308105623e-01,-1.882476983998853937e-01
5.811268193308105623e-01,-1.882476983998853937e-01
5.811268193308105623e-01,-1.882476983998853937e-01
4.697710897542414221e-01,-1.081278747548272690e-01
5.120360247571829060e-01,-1.163048889542006720e-01
6.198008877672465111e-01,7.361724538662793582e-02
5.675858459589532279e-01,1.018403942595577233e-01
5.675858459589532279e-01,1.018403942595577233e-01
5.777335571573832818e-01,1.031572550651131820e-01
4.244815718523686776e-01,1.789520484505821574e-01
4.360783720577868228e-01,1.413979146411824539e-01
4.360783720577868228e-01,1.413979146411824539e-01
4.360783720577868228e-01,1.413979146411824539e-01
4.360783720577868228e-01,1.413979146411824539e-01
5.690968018520434768e-01,9.359181334569637023e-02
4.271033829802748927e-01,1.191914603922952648e-01
3.906595681185450752e-01,1.260287889374336057e-01
5.691730157917718191e-01,1.233069550017973776e-01
6.653106439516388582e-01,-1.417840363975705897e-01
6.653106439516388582e-01,-1.417840363975705897e-01
5.914359676715518210e-01,-3.070032449826745613e-02
5.914359676715518210e-01,-3.070032449826745613e-02
7.357917213421579783e-01,-1.474484770899083808e-01
7.357917213421579783e-01,-1.474484770899083808e-01
9.207244989472116448e-01,-7.204651904502606952e-02
7.831725496813166654e-01,-7.520048622292570262e-02
8.769064616889409303e-01,-1.351059348638958824e-01
8.246263658625619941e-01,-1.367917480786162154e-01
8.246263658625619941e-01,-1.367917480786162154e-01
8.246263658625619941e-01,-1.367917480786162154e-01
7.706772151307219598e-01,-3.330874230932182045e-02
7.706772151307219598e-01,-3.330874230932182045e-02
7.706772151307219598e-01,-3.330874230932182045e-02
8.556139423612620920e-01,-6.767787855850235235e-02
8.556139423612620920e-01,-6.767787855850235235e-02
8.556139423612620920e-01,-6.767787855850235235e-02
8.782348158231475521e-01,6.769693099671855729e-02
8.618266664129775601e-01,7.975115681237526788e-02
8.618266664129775601e-01,7.975115681237526788e-02
8.989102410134578447e-01,1.003240585294618847e-01
8.055980749246969275e-01,9.218518203525177812e-03
8.055980749246969275e-01,9.218518203525177812e-03
7.016428381172248319e-01,-7.251913986520600042e-02
7.016428381172248319e-01,-7.251913986520600042e-02
7.494571199025350516e-01,-2.068736918688416498e-02
7.494571199025350516e-01,-2.068736918688416498e-02
7.176045514534099556e-01,-1.520107778743260973e-01
6.589768562080196013e-01,-4.492140372037102536e-02
6.589768562080196013e-01,-4.492140372037102536e-02
7.023654279808970724e-01,9.059606702284118962e-02
5.896549376009388999e-01,-1.421650356252355252e-01
5.896549376009388999e-01,-1.421650356252355252e-01
4.647049320654806914e-01,1.344570444822612565e-01
3.775340566699774136e-01,2.069190983316568366e-01
2.914846402261698777e-01,1.784206918735980751e-01
5.528427554500328078e-01,8.302932678536403821e-02
5.528427554500328078e-01,8.302932678536403821e-02
5.528427554500328078e-01,8.302932678536403821e-02
5.528427554500328078e-01,8.302932678536403821e-02
5.528427554500328078e-01,8.302932678536403821e-02
5.528427554500328078e-01,8.302932678536403821e-02
4.273265044018776382e-01,2.144449035127199421e-03
4.523297865333933965e-01,-5.650276591214124788e-02
5.587302028744377536e-01,-1.343666563243127998e-01
5.587302028744377536e-01,-1.343666563243127998e-01
5.587302028744377536e-01,-1.343666563243127998e-01
6.873179448425650317e-01,-6.943151412124141941e-02
6.873179448425650317e-01,-6.943151412124141941e-02
4.285329194331938818e-01,-3.424900868390710895e-02
4.675871434544944250e-01,-2.320335457141116386e-03
4.675871434544944250e-01,-2.320335457141116386e-03
4.247994763530946738e-01,8.225428424937603067e-02
4.247994763530946738e-01,8.225428424937603067e-02
4.247994763530946738e-01,8.225428424937603067e-02
4.247994763530946738e-01,8.225428424937603067e-02
4.247994763530946738e-01,8.225428424937603067e-02
4.326983479225200435e-01,1.645939248360240303e-01
3.965055638808938077e-01,1.130447409283141247e-01
6.057580242270675930e-01,2.344232311739190555e-01
6.057580242270675930e-01,2.344232311739190555e-01
6.057580242270675930e-01,2.344232311739190555e-01
6.439051741512055171e-01,3.425569850145593342e-01
6.439051741512055171e-01,3.425569850145593342e-01
7.421071815508986091e-01,5.489721977748901471e-02
7.421071815508986091e-01,5.489721977748901471e-02
7.421071815508986091e-01,5.489721977748901471e-02
7.421071815508986091e-01,5.489721977748901471e-02
8.183105361475995210e-01,9.306993255667117548e-02
8.183105361475995210e-01,9.306993255667117548e-02
6.338831516683394174e-01,1.021188851093854377e-03
6.338831516683394174e-01,1.021188851093854377e-03
6.338831516683394174e-01,1.021188851093854377e-03
6.338831516683394174e-01,1.021188851093854377e-03
5.074258351844069814e-01,-1.190407553563651438e-02
5.550423693003886383e-01,-8.179302630323737056e-02
4.686675690383302895e-01,-1.354146809330991630e-02
4.686675690383302895e-01,-1.354146809330991630e-02
6.387679381114836907e-01,1.092027131856822264e-01
6.387679381114836907e-01,1.092027131856822264e-01
6.387679381114836907e-01,1.092027131856822264e-01
6.683556015697468267e-01,1.136447998998737774e-01
6.683556015697468267e-01,1.136447998998737774e-01
6.743815911364750004e-01,-1.058217451012845589e-01
6.411536835555030622e-01,-1.140505696894855703e-02
6.411536835555030622e-01,-1.140505696894855703e-02
4.727103508992688274e-01,-1.619458959414504795e-01
4.112879842029107391e-01,-1.550854694185398730e-01
4.112879842029107391e-01,-1.550854694185398730e-01
4.112879842029107391e-01,-1.550854694185398730e-01
4.112879842029107391e-01,-1.550854694185398730e-01
4.178242227786720386e-01,-1.311169941121281268e-01
4.828537339350283397e-01,-2.251675888409960247e-01
3.601033227429849548e-01,-1.799479214735198729e-01
3.766397206047435442e-01,-8.072726211223126003e-02
3.766397206047435442e-01,-8.072726211223126003e-02
3.766397206047435442e-01,-8.072726211223126003e-02
6.750192597450164200e-01,5.902740947534444726e-02
8.737913750267871649e-01,-9.010637594614522017e-02
8.737913750267871649e-01,-9.010637594614522017e-02
8.737913750267871649e-01,-9.010637594614522017e-02
8.737913750267871649e-01,-9.010637594614522017e-02
8.737913750267871649e-01,-9.010637594614522017e-02
8.426040017208631383e-01,1.103626947480996351e-01
6.634243222481159830e-01,1.637860830817018387e-01
6.330937001138903231e-01,7.344134808626556765e-03
6.508990063366041356e-01,-5.238319557680759520e-02
6.508990063366041356e-01,-5.238319557680759520e-02
6.508990063366041356e-01,-5.238319557680759520e-02
5.894879896405481601e-01,-2.824732432459732545e-02
5.894879896405481601e-01,-2.824732432459732545e-02
5.894879896405481601e-01,-2.824732432459732545e-02
5.228663904413888286e-01,1.467231535987548185e-01
5.228663904413888286e-01,1.467231535987548185e-01
5.200311453420985996e-01,1.993024001978198623e-01
5.200311453420985996e-01,1.993024001978198623e-01
5.220173988282496014e-01,2.170895595852695426e-01
4.403891234602949067e-01,-4.186356083589853894e-02
3.321602687929787190e-01,2.538135831629447225e-01
3.321602687929787190e-01,2.538135831629447225e-01
3.321602687929787190e-01,2.538135831629447225e-01
3.069466183102060319e-01,1.142633863666806804e-01
3.069466183102060319e-01,1.142633863666806804e-01
3.782448825153256200e-01,-6.706974925019093536e-02
3.782448825153256200e-01,-6.706974925019093536e-02
5.724967072367496135e-01,1.786488535079231998e-01
5.724967072367496135e-01,1.786488535079231998e-01
5.724967072367496135e-01,1.786488535079231998e-01
4.308205880157711110e-01,2.652047602182324715e-01
6.199929209340313552e-01,2.479453781066972007e-01
6.199929209340313552e-01,2.479453781066972007e-01
6.199929209340313552e-01,2.479453781066972007e-01
6.199929209340313552e-01,2.479453781066972007e-01
6.199929209340313552e-01,2.479453781066972007e-01
3.556938401910391123e-01,3.050119437657820010e-01
3.874078320581916812e-01,2.034088022551996389e-01
5.861723710723416580e-01,7.266591313616918568e-02
5.861723710723416580e-01,7.266591313616918568e-02
5.291956649774943733e-01,-3.775906971110518096e-02
5.102840047296950399e-01,-2.276883535062846839e-02
5.102840047296950399e-01,-2.276883535062846839e-02
5.102840047296950399e-01,-2.276883535062846839e-02
5.384753254224133867e-01,-7.987863020885244136e-02
5.384753254224133867e-01,-7.987863020885244136e-02
6.986495507247493242e-01,1.296720217790063023e-01
6.376925783754675559e-01,2.444131895865911397e-01
9.219129243688704012e-01,-2.250177341493830863e-02
9.219129243688704012e-01,-2.250177341493830863e-02
8.517773016821751364e-01,9.174011444518351266e-02
9.479746924698446708e-01,4.375124091714574504e-03
9.479746924698446708e-01,4.375124091714574504e-03
8.411465220132008369e-01,7.917280944653763697e-02
8.411465220132008369e-01,7.917280944653763697e-02
8.411465220132008369e-01,7.917280944653763697e-02
8.411465220132008369e-01,7.917280944653763697e-02
8.411465220132008369e-01,7.917280944653763697e-02
8.411465220132008369e-01,7.917280944653763697e-02
7.742319920703878422e-01,6.376852546501915464e-03
9.154858260201776954e-01,-3.964429888214143771e-02
8.534632246365991826e-01,-8.074030985314004094e-02
8.534632246365991826e-01,-8.074030985314004094e-02
6.931380842147545351e-01,-1.122730451157078757e-01
5.772048892351078209e-01,-6.559552966421176856e-02
5.243210874621357931e-01,8.263349715983765720e-02
5.243210874621357931e-01,8.263349715983765720e-02
5.243210874621357931e-01,8.263349715983765720e-02
5.280263695649405342e-01,7.615717073045334684e-02
5.280263695649405342e-01,7.615717073045334684e-02
4.382205717188026317e-01,-4.882618236574122472e-02
4.382205717188026317e-01,-4.882618236574122472e-02
4.382205717188026317e-01,-4.882618236574122472e-02
5.664925581918874853e-01,-1.025589381862814786e-01
5.609812610461540894e-01,6.296119830341917467e-02
5.131474660980253066e-01,7.431223399618751280e-02
5.131474660980253066e-01,7.431223399618751280e-02
3.652287437661576597e-01,-3.552040165378420045e-02
3.652287437661576597e-01,-3.552040165378420045e-02
3.652287437661576597e-01,-3.552040165378420045e-02
3.652287437661576597e-01,-3.552040165378420045e-02
6.682936461196917755e-01,5.633135062569750995e-02
6.491110270973163843e-01,1.459180499701626665e-01
6.491110270973163843e-01,1.459180499701626665e-01
6.785906315057008698e-01,1.385969382265407890e-01
6.785906315057008698e-01,1.385969382265407890e-01
6.715725778912503552e-01,1.068802658959734087e-01
6.715725778912503552e-01,1.068802658959734087e-01
5.763040388621836208e-01,-9.119174805112151283e-02
5.961337605840075771e-01,1.347767654544858584e-01
7.209477683411033011e-01,1.629390299711071244e-01
7.209477683411033011e-01,1.629390299711071244e-01
7.209477683411033011e-01,1.629390299711071244e-01
5.352766154516684916e-01,1.113997551969594935e-02
5.352766154516684916e-01,1.113997551969594935e-02
6.949529098733475685e-01,-1.341565517847100042e-01
6.949529098733475685e-01,-1.341565517847100042e-01
6.949529098733475685e-01,-1.341565517847100042e-01
6.949529098733475685e-01,-1.341565517847100042e-01
6.772606495291076945e-01,-1.986426067809224927e-01
6.772606495291076945e-01,-1.986426067809224927e-01
7.024347369920680428e-01,-1.989026602975517977e-01
7.024347369920680428e-01,-1.989026602975517977e-01
7.304851415255801950e-01,-1.637361477119998743e-01
4.704229847119711372e-01,-2.826015191276054495e-02
7.211041496397240236e-01,2.192841583178930381e-02
8.469584275375723337e-01,-7.156358442440147183e-02
8.130305135978697084e-01,-2.215605513992493364e-02
8.130305135978697084e-01,-2.215605513992493364e-02
6.076538810829146264e-01,2.846473111668017947e-02
6.076538810829146264e-01,2.846473111668017947e-02
5.286213390739044060e-01,-3.710181096041530874e-02
5.286213390739044060e-01,-3.710181096041530874e-02
5.286213390739044060e-01,-3.710181096041530874e-02
5.286213390739044060e-01,-3.710181096041530874e-02
5.286213390739044060e-01,-3.710181096041530874e-02
5.385277416675283702e-01,-1.212344841173655652e-01
4.787569205801178174e-01,-1.188104790149917545e-01
7.936221724666114863e-01,-5.352370753131789616e-02
8.579337644601042756e-01,1.105024418724674246e-01
7.315200095880487474e-01,-1.642897069303673185e-01
5.944656771357662572e-01,-2.179219316975860021e-01
5.944656771357662572e-01,-2.179219316975860021e-01
4.451679967136089600e-01,-1.719162430956356902e-01
4.110930125360839904e-01,-2.433095328286603853e-01
4.989624765848589272e-01,-2.372307140282835236e-01
4.989624765848589272e-01,-2.372307140282835236e-01
6.944579308858629396e-01,9.685130484000922801e-02
6.944579308858629396e-01,9.685130484000922801e-02
6.944579308858629396e-01,9.685130484000922801e-02
6.518782932460609469e-01,9.113909869053934965e-02
5.520687009429241510e-01,1.542234505643900744e-01
6.309997641207250041e-01,-1.988102108922542022e-01
5.385909230322469821e-01,-2.304318717673252692e-01
5.385909230322469821e-01,-2.304318717673252692e-01
6.091477708540864455e-01,-2.225535662850356144e-01
6.091477708540864455e-01,-2.225535662850356144e-01
4.093127675008955135e-01,-1.808066859865449794e-01
4.093127675008955135e-01,-1.808066859865449794e-01
2.002788441950629494e-01,-9.771351564263514033e-02
3.170887993285974038e-01,-2.936138712665651296e-01
3.170887993285974038e-01,-2.936138712665651296e-01
3.703385784513490431e-01,-4.560998011152547216e-01
2.860868970790633736e-01,-4.520720054546150113e-01
1.521818912008251756e-01,-1.738362542120093224e-01
1.521818912008251756e-01,-1.738362542120093224e-01
1.521818912008251756e-01,-1.738362542120093224e-01
2.474562793267494343e-01,-2.293102879969517449e-01
2.474562793267494343e-01,-2.293102879969517449e-01
6.497751167720471344e-01,-1.631188273460666138e-01
6.830532182726700707e-01,5.276298848455704404e-02
6.830532182726700707e-01,5.276298848455704404e-02
3.821706257294315012e-01,-8.130399348768679868e-02
2.923979480412403076e-01,-2.360366504829561896e-01
7.685409714344961785e-01,-2.175497689627091114e-01
8.430964276058919848e-01,-2.274888274263495436e-01
9.269360785457745333e-01,-8.311325715292575134e-02
9.269360785457745333e-01,-8.311325715292575134e-02
9.269360785457745333e-01,-8.311325715292575134e-02
9.269360785457745333e-01,-8.311325715292575134e-02
9.349871765177162342e-01,6.272596492159174253e-02
9.349871765177162342e-01,6.272596492159174253e-02
9.349871765177162342e-01,6.272596492159174253e-02
9.349871765177162342e-01,6.272596492159174253e-02
7.870427351996334142e-01,6.193985589231291999e-02
7.870427351996334142e-01,6.193985589231291999e-02
8.998703886030975374e-01,2.528327594041521881e-02
8.964223547277043735e-01,-6.226850629413631377e-03
8.964223547277043735e-01,-6.226850629413631377e-03
8.964223547277043735e-01,-6.226850629413631377e-03
7.746279693054318738e-01,2.365026185840734402e-03
7.087218418855978364e-01,4.615332921089940199e-02
7.087218418855978364e-01,4.615332921089940199e-02
7.087218418855978364e-01,4.615332921089940199e-02
7.087218418855978364e-01,4.615332921089940199e-02
7.087218418855978364e-01,4.615332921089940199e-02
6.028376065319090982e-01,1.847714320045628633e-01
7.230116906457244585e-01,-1.573932180226997324e-02
7.230116906457244585e-01,-1.573932180226997324e-02
7.230116906457244585e-01,-1.573932180226997324e-02
7.766663990532552964e-01,-5.589580705403859179e-02
9.094422104525466954e-01,2.016430649706490302e-02
8.686416754378182281e-01,-1.226289606035003144e-01
8.107846894671527638e-01,-1.561299395070875895e-01
8.107846894671527638e-01,-1.561299395070875895e-01
9.404544861922221610e-01,-9.541222158684026233e-02
7.305757755140435128e-01,-1.379411962122967517e-01
4.566580852773699517e-01,-1.720235460015960005e-01
4.037150163323892649e-01,-1.839452164705718262e-02
4.037150163323892649e-01,-1.839452164705718262e-02
4.210761603903150907e-01,8.509935582707442436e-02
3.621273374310063353e-01,-3.184152412087534745e-02
3.621273374310063353e-01,-3.184152412087534745e-02
4.724626232964370676e-01,-1.056503277244051492e-01
4.056674578543368881e-01,-1.750579715630258271e-01
4.874851185000297904e-01,-1.832175523326332045e-02
4.874851185000297904e-01,-1.832175523326332045e-02
4.874851185000297904e-01,-1.832175523326332045e-02
3.812865763151440657e-01,-9.675996526606849002e-02
3.812865763151440657e-01,-9.675996526606849002e-02
3.926930395165549870e-01,-1.256962352859473664e-01
3.740493099061666937e-01,-1.579555103363301793e-01
4.876084165246115099e-01,-2.199259026207141254e-01
4.876084165246115099e-01,-2.199259026207141254e-01
6.987166291991127043e-01,-7.315692038730647884e-02
6.987166291991127043e-01,-7.315692038730647884e-02
6.607537044063183096e-01,-4.932044790845048488e-02
6.607537044063183096e-01,-4.932044790845048488e-02
6.607537044063183096e-01,-4.932044790845048488e-02
6.607537044063183096e-01,-4.932044790845048488e-02
5.155531686526011459e-01,1.484508859789980817e-01
5.155531686526011459e-01,1.484508859789980817e-01
6.972796411909406578e-01,-1.528361918897297445e-02
9.234495134688314177e-01,-1.840138733319194031e-01
9.234495134688314177e-01,-1.840138733319194031e-01
9.234495134688314177e-01,-1.840138733319194031e-01
8.082009155929192890e-01,4.853318033037143375e-02
8.082009155929192890e-01,4.853318033037143375e-02
8.082009155929192890e-01,4.853318033037143375e-02
8.082009155929192890e-01,4.853318033037143375e-02
7.026076817352001624e-01,7.302463693001910727e-02
5.439034480347332279e-01,1.421244672494355044e-01
5.439034480347332279e-01,1.421244672494355044e-01
7.366460728960407822e-01,3.170013959854762198e-01
7.366460728960407822e-01,3.170013959854762198e-01
7.424344285861648185e-01,1.836536146260171198e-01
7.335130218324751317e-01,1.988387514536545941e-01
7.214330950835556866e-01,1.705569669894960172e-01
7.214330950835556866e-01,1.705569669894960172e-01
8.595107461120701231e-01,1.038022974645635144e-01
8.595107461120701231e-01,1.038022974645635144e-01
8.805346263897319004e-01,-7.327728927095736311e-02
8.805346263897319004e-01,-7.327728927095736311e-02
6.958473897201420399e-01,-4.869695376570642303e-02
5.601824088374877109e-01,5.437644300225701749e-02
5.601824088374877109e-01,5.437644300225701749e-02
5.601824088374877109e-01,5.437644300225701749e-02
5.601824088374877109e-01,5.437644300225701749e-02
5.601824088374877109e-01,5.437644300225701749e-02
5.601824088374877109e-01,5.437644300225701749e-02
5.601824088374877109e-01,5.437644300225701749e-02
5.601824088374877109e-01,5.437644300225701749e-02
8.451361466913955844e-01,7.599437431897110296e-02
6.187661554887630144e-01,-2.179216181437780286e-01
5.653478520116338446e-01,-3.046204770307156529e-01
5.653478520116338446e-01,-3.046204770307156529e-01
6.044665376527568190e-01,-1.439358884602683630e-01
6.492411127773650703e-01,-3.225825158414040439e-02
6.492411127773650703e-01,-3.225825158414040439e-02
6.492411127773650703e-01,-3.225825158414040439e-02
8.000750405737373505e-01,-2.478128100051827862e-02
8.000750405737373505e-01,-2.478128100051827862e-02
5.608426915551025793e-01,-1.317660939050395441e-01
5.608426915551025793e-01,-1.317660939050395441e-01
5.608426915551025793e-01,-1.317660939050395441e-01
4.589175909718190005e-01,-4.346180713514809224e-02
4.589175909718190005e-01,-4.346180713514809224e-02
4.589175909718190005e-01,-4.346180713514809224e-02
5.896698781546961809e-01,-2.815349966033561455e-02
4.578334856492926042e-01,1.043021209672146885e-02
4.809531804429768576e-01,-6.446563943026381582e-02
4.809531804429768576e-01,-6.446563943026381582e-02
4.809531804429768576e-01,-6.446563943026381582e-02
4.809531804429768576e-01,-6.446563943026381582e-02
4.809531804429768576e-01,-6.446563943026381582e-02
6.188927448666117215e-01,5.647722273026548057e-02
6.188927448666117215e-01,5.647722273026548057e-02
6.188927448666117215e-01,5.647722273026548057e-02
6.949202723226521883e-01,1.185949435836635424e-01
7.317498409373796031e-01,1.400885126027910377e-01
7.607899943993851055e-01,2.092883612080780886e-01
6.506041637372397268e-01,1.204474393083951322e-01
6.506041637372397268e-01,1.204474393083951322e-01
6.506041637372397268e-01,1.204474393083951322e-01
6.506041637372397268e-01,1.204474393083951322e-01
6.527974921106227679e-01,2.482970722201480185e-03
5.640159661571947369e-01,-6.311649719861803232e-02
5.526061876731465095e-01,-9.704607404134872606e-02
5.526061876731465095e-01,-9.704607404134872606e-02
5.526061876731465095e-01,-9.704607404134872606e-02
5.526061876731465095e-01,-9.704607404134872606e-02
5.526061876731465095e-01,-9.704607404134872606e-02
5.526061876731465095e-01,-9.704607404134872606e-02
8.221790050700604757e-01,1.788458244825540944e-01
8.221790050700604757e-01,1.788458244825540944e-01
6.767904362973772292e-01,1.083814567127727724e-01
6.767904362973772292e-01,1.083814567127727724e-01
6.767904362973772292e-01,1.083814567127727724e-01
7.607873336036885537e-01,-1.416360922411675771e-01
7.607873336036885537e-01,-1.416360922411675771e-01
7.607873336036885537e-01,-1.416360922411675771e-01
6.844246076610762675e-01,-6.612911035764183765e-02
5.932188322604833308e-01,-1.443586890461853178e-01
5.932188322604833308e-01,-1.443586890461853178e-01
6.715991208331806295e-01,-1.178616286040913147e-01
6.715991208331806295e-01,-1.178616286040913147e-01
5.384335766414248825e-01,5.326414756482360235e-02
5.384335766414248825e-01,5.326414756482360235e-02
5.542314615458083793e-01,-5.141079669555120857e-02
5.542314615458083793e-01,-5.141079669555120857e-02
5.542314615458083793e-01,-5.141079669555120857e-02
5.542314615458083793e-01,-5.141079669555120857e-02
2.794540159951033331e-01,-4.860232933978943931e-02
7.541431453917717409e-01,1.029563223821207685e-01
7.541431453917717409e-01,1.029563223821207685e-01
7.541431453917717409e-01,1.029563223821207685e-01
7.541431453917717409e-01,1.029563223821207685e-01
7.541431453917717409e-01,1.029563223821207685e-01
7.541431453917717409e-01,1.029563223821207685e-01
7.541431453917717409e-01,1.029563223821207685e-01
6.647525118477108919e-01,-2.885715803712965433e-02
6.647525118477108919e-01,-2.885715803712965433e-02
6.647525118477108919e-01,-2.885715803712965433e-02
6.647525118477108919e-01,-2.885715803712965433e-02
6.647525118477108919e-01,-2.885715803712965433e-02
6.647525118477108919e-01,-2.885715803712965433e-02
6.647525118477108919e-01,-2.885715803712965433e-02
6.647525118477108919e-01,-2.885715803712965433e-02
7.060630111370908013e-01,-1.733332764778897084e-02
7.060630111370908013e-01,-1.733332764778897084e-02
7.060630111370908013e-01,-1.733332764778897084e-02
7.060630111370908013e-01,-1.733332764778897084e-02
7.060630111370908013e-01,-1.733332764778897084e-02
5.400319277949882091e-01,6.192078056749723836e-02
5.400319277949882091e-01,6.192078056749723836e-02
5.400319277949882091e-01,6.192078056749723836e-02
5.400319277949882091e-01,6.192078056749723836e-02
3.303585344052696327e-01,1.039907378190421949e-01
3.303585344052696327e-01,1.039907378190421949e-01
3.303585344052696327e-01,1.039907378190421949e-01
5.529187164468336579e-01,2.112698516040122654e-01
5.415897929509019271e-01,-5.114081485655594395e-02
5.415897929509019271e-01,-5.114081485655594395e-02
5.415897929509019271e-01,-5.114081485655594395e-02
7.153679519734094105e-01,1.355172158528661353e-02
7.153679519734094105e-01,1.355172158528661353e-02
7.153679519734094105e-01,1.355172158528661353e-02
7.796078492417516381e-01,-5.477485629923267013e-03
7.796078492417516381e-01,-5.477485629923267013e-03
6.431972198158496523e-01,-2.161150895651583748e-01
7.555893835983334972e-01,-1.083883285365958710e-01
5.991711847062038965e-01,-1.753180316551929130e-01
6.880627752761434568e-01,-1.915657335661593852e-01
6.977125244094585232e-01,4.764697342558438242e-02
8.354482131921209254e-01,8.259836839527266716e-02
6.874383287578438306e-01,2.341905144542474893e-02
6.874383287578438306e-01,2.341905144542474893e-02
6.874383287578438306e-01,2.341905144542474893e-02
6.874383287578438306e-01,2.341905144542474893e-02
6.237174188149592347e-01,1.732724162708925916e-02
5.647326757863857516e-01,-9.167830847742856892e-03
7.730232501191705019e-01,9.551108414020962473e-03
7.283889964540143369e-01,1.851636526921672521e-01
7.564218940495137655e-01,1.514623009653266461e-01
4.649261560623800804e-01,1.797572021726339120e-01
4.649261560623800804e-01,1.797572021726339120e-01
7.250617051189545137e-01,1.051001835383141014e-01
7.250617051189545137e-01,1.051001835383141014e-01
7.248963424171004366e-01,1.509598102323661539e-02
7.223300623658505115e-01,4.173408329917746573e-02
7.223300623658505115e-01,4.173408329917746573e-02
5.784740308004403531e-01,4.080946801017823478e-02
6.699011308549385202e-01,2.486229296603576638e-02
5.142846485563672410e-01,-9.502507503527621302e-02
5.142846485563672410e-01,-9.502507503527621302e-02
5.100087465364322448e-01,-5.063152976660913879e-02
5.100087465364322448e-01,-5.063152976660913879e-02
5.100087465364322448e-01,-5.063152976660913879e-02
5.100087465364322448e-01,-5.063152976660913879e-02
5.100087465364322448e-01,-5.063152976660913879e-02
5.429763395765678791e-01,1.063029980653767692e-01
5.120375336551096224e-01,7.655379943890561201e-02
5.120375336551096224e-01,7.655379943890561201e-02
5.120375336551096224e-01,7.655379943890561201e-02
6.421025809304669041e-01,2.621537156708970973e-02
6.421025809304669041e-01,2.621537156708970973e-02
6.421025809304669041e-01,2.621537156708970973e-02
6.421025809304669041e-01,2.621537156708970973e-02
7.437448706170366464e-01,1.474789083159837588e-01
6.901940701940324496e-01,1.913148251668373989e-01
6.821869096157188173e-01,-2.283124375812093376e-01
8.154387973502830178e-01,1.707314004738881841e-01
8.154387973502830178e-01,1.707314004738881841e-01
8.154387973502830178e-01,1.707314004738881841e-01
7.603509785375556218e-01,2.087484220298371773e-02
8.464771452450481348e-01,-2.732761028383181440e-03
6.008187788134558005e-01,-6.371631923564063937e-02
4.795028042241861188e-01,1.883187821244595717e-01
5.015157391913100948e-01,3.293825318505652633e-02
5.015157391913100948e-01,3.293825318505652633e-02
6.849296686134576095e-01,1.343426451190798399e-01
6.094820305078052503e-01,9.103735490637465677e-02
6.094820305078052503e-01,9.103735490637465677e-02
6.701877756011567211e-01,1.583693359957241142e-01
8.454568186792155160e-01,-3.229177675449163010e-02
6.037116739768404461e-01,-2.838826902533669871e-01
4.565803894520423789e-01,-3.062095284979985954e-01
4.565803894520423789e-01,-3.062095284979985954e-01
1.495861924987580971e-01,4.316902195631977524e-02
3.003506953813779301e-01,-1.758855614511830867e-01
3.003506953813779301e-01,-1.758855614511830867e-01
2.829843444182432721e-01,-1.820797225854866030e-01
5.396876615118058051e-01,-2.435692619008459903e-01
5.205322458706105326e-01,-8.091914235872343930e-02
7.063625315859243248e-01,-4.956088461622831787e-02
5.634673081533698724e-01,-1.913716123330072294e-01
4.449014983915331456e-01,-1.248503563658973636e-01
5.684888546521065233e-01,-1.178071241193703739e-01
5.684888546521065233e-01,-1.178071241193703739e-01
5.684888546521065233e-01,-1.178071241193703739e-01
5.171570777975572630e-01,-1.886664971630809262e-01
2.995182089054692076e-01,9.207953372397653657e-02
3.493820714672929428e-01,2.471047948298941421e-01
3.274367074815202616e-01,2.927051393816131886e-01
1.976844308018491647e-01,2.630588377394655897e-01
2.567403320853162141e-01,2.638477396354003690e-01
2.567403320853162141e-01,2.638477396354003690e-01
2.567403320853162141e-01,2.638477396354003690e-01
2.908829734855383209e-01,2.006712387682887677e-01
2.908829734855383209e-01,2.006712387682887677e-01
4.338262568781600104e-01,1.705221545903464198e-01
4.338262568781600104e-01,1.705221545903464198e-01
5.976515650013821679e-01,2.235592210876552466e-01
5.976515650013821679e-01,2.235592210876552466e-01
5.693071308430970312e-01,2.701677410102443222e-02
5.693071308430970312e-01,2.701677410102443222e-02
5.693071308430970312e-01,2.701677410102443222e-02
6.227734036244634286e-01,-2.864855263833306076e-02
4.310727700999982259e-01,3.255428597240852401e-02
4.310727700999982259e-01,3.255428597240852401e-02
4.310727700999982259e-01,3.255428597240852401e-02
4.310727700999982259e-01,3.255428597240852401e-02
6.672824441379352489e-01,-2.631018475636501264e-02
6.672824441379352489e-01,-2.631018475636501264e-02
4.420280653400587290e-01,9.213984761320029304e-02
4.420280653400587290e-01,9.213984761320029304e-02
4.420280653400587290e-01,9.213984761320029304e-02
4.563805885942084917e-01,1.102852232083696982e-01
3.506655959762909336e-01,-2.270920576929585932e-02
3.506655959762909336e-01,-2.270920576929585932e-02
3.506655959762909336e-01,-2.270920576929585932e-02
3.506655959762909336e-01,-2.270920576929585932e-02
2.700066206957510984e-01,-1.191873719589705768e-02
3.907657686498493543e-01,2.958159359086942261e-02
3.796986940077042849e-01,4.417970525611088217e-02
3.796986940077042849e-01,4.417970525611088217e-02
3.796986940077042849e-01,4.417970525611088217e-02
3.796986940077042849e-01,4.417970525611088217e-02
3.796986940077042849e-01,4.417970525611088217e-02
3.796986940077042849e-01,4.417970525611088217e-02
3.016627144583314268e-01,1.132396106860141943e-01
3.553537849218083022e-01,1.322102350180901498e-01
3.553537849218083022e-01,1.322102350180901498e-01
4.453316415153854568e-01,2.215918619249572230e-01
3.270661279316485759e-01,2.505180485683062841e-01
3.270661279316485759e-01,2.505180485683062841e-01
2.204960513115694631e-01,1.310417143431785725e-01
3.181374079552425904e-01,-2.249358353607560090e-01
3.181374079552425904e-01,-2.249358353607560090e-01
3.181374079552425904e-01,-2.249358353607560090e-01
3.701804196310875539e-01,-5.893079703978201800e-02
4.614568771986377604e-01,-5.423056469574878691e-02
4.092571840424758522e-01,2.880161244542178700e-02
4.268988071122702954e-01,-7.903353959068976087e-02
6.059641201506902330e-01,-1.529590203417727223e-02
6.059641201506902330e-01,-1.529590203417727223e-02
7.488077595748374726e-01,9.301646810518371389e-04
6.705891324299754208e-01,1.683539483294049094e-02
4.846223358760370359e-01,-3.990334213297536126e-02
4.531249534665688916e-01,-6.083683937667137831e-02
4.531249534665688916e-01,-6.083683937667137831e-02
5.448254370469904906e-01,3.372177682734724125e-02
5.448254370469904906e-01,3.372177682734724125e-02
5.448254370469904906e-01,3.372177682734724125e-02
5.448254370469904906e-01,3.372177682734724125e-02
5.448254370469904906e-01,3.372177682734724125e-02
5.448254370469904906e-01,3.372177682734724125e-02
4.679104572448444244e-01,2.138692913247953326e-02
5.227947259040450767e-01,2.160612853161541017e-02
6.645578434657359868e-01,1.598593055800062446e-01
6.614203574028099109e-01,7.352477969572171479e-02
9.195604267341332960e-01,4.000210179090136348e-02
7.881301312904511747e-01,1.772814605717755107e-02
7.881301312904511747e-01,1.772814605717755107e-02
7.881301312904511747e-01,1.772814605717755107e-02
7.797088920486970887e-01,1.795497541958429866e-01
8.999395725682017844e-01,1.702640788542680861e-02
8.999395725682017844e-01,1.702640788542680861e-02
8.999395725682017844e-01,1.702640788542680861e-02
6.410358962985081011e-01,-1.528610648875711464e-01
4.814079148016275900e-01,2.250477585748700271e-03
4.814079148016275900e-01,2.250477585748700271e-03
4.814079148016275900e-01,2.250477585748700271e-03
4.814079148016275900e-01,2.250477585748700271e-03
7.145213224637918525e-01,5.905321259200842221e-02
7.145213224637918525e-01,5.905321259200842221e-02
5.948798928964332822e-01,-2.932721561571317859e-02
6.483655350517214533e-01,2.994154941205787873e-02
3.927250841509191126e-01,-1.032841970051862346e-01
4.746469581355601264e-01,-1.902779337174200225e-01
3.352692132227870214e-01,-8.539225847760034682e-02
4.011143877923266099e-01,-1.451346287527559564e-01
4.011143877923266099e-01,-1.451346287527559564e-01
3.105184975505974054e-01,-1.691419955734828617e-01
3.055052322211038729e-01,-7.879554120802279016e-02
3.062045148871404554e-01,2.662744953475984500e-02
3.062045148871404554e-01,2.662744953475984500e-02
3.062045148871404554e-01,2.662744953475984500e-02
4.952927374303737751e-01,-8.791262846114497598e-02
4.878010966867840636e-01,3.198396009947650220e-02
6.592039243514526969e-01,3.747740313934700557e-02
4.076056654717101768e-01,-5.028596693780946342e-02
4.076056654717101768e-01,-5.028596693780946342e-02
4.076056654717101768e-01,-5.028596693780946342e-02
4.076056654717101768e-01,-5.028596693780946342e-02
5.517719136779997147e-01,-6.550670347047519992e-02
6.637297904389887204e-01,-4.219461333164659100e-02
6.175200378853828997e-01,-1.192550714072721230e-01
6.175200378853828997e-01,-1.192550714072721230e-01
6.175200378853828997e-01,-1.192550714072721230e-01
6.175200378853828997e-01,-1.192550714072721230e-01
6.175200378853828997e-01,-1.192550714072721230e-01
6.175200378853828997e-01,-1.192550714072721230e-01
7.689836705404442529e-01,-2.003804216355775658e-01
6.013876507936325444e-01,-1.099512929221665436e-01
6.013876507936325444e-01,-1.099512929221665436e-01
6.565291048367113413e-01,-1.034001802096240763e-01
6.565291048367113413e-01,-1.034001802096240763e-01
5.943274478724760446e-01,-1.799222967000871365e-02
5.943274478724760446e-01,-1.799222967000871365e-02
5.943274478724760446e-01,-1.799222967000871365e-02
7.364153828416146741e-01,5.298454261091625761e-02
6.309222833856618085e-01,-5.506543106138939159e-02
6.309222833856618085e-01,-5.506543106138939159e-02
5.582911484783461553e-01,4.382830129732742663e-02
5.582911484783461553e-01,4.382830129732742663e-02
4.539125039425357389e-01,-5.304806298845705925e-02
7.121614046843838253e-01,1.093486115176511841e-02
7.268863917009186215e-01,4.441280811340485996e-02
7.268863917009186215e-01,4.441280811340485996e-02
6.035115150323182576e-01,-4.925080521526258026e-03
6.035115150323182576e-01,-4.925080521526258026e-03
4.776143910078707866e-01,-7.099512127353035940e-02
4.760808143172728935e-01,-2.640824355913254373e-02
6.536083557597259786e-01,6.281078784277162319e-02
3.120096809824006168e-01,-1.893162280922673635e-02
3.120096809824006168e-01,-1.893162280922673635e-02
3.120096809824006168e-01,-1.893162280922673635e-02
3.120096809824006168e-01,-1.893162280922673635e-02
1.137138586802111384e-01,-9.565433918783486367e-02
1.137138586802111384e-01,-9.565433918783486367e-02
3.621054331057433906e-01,-2.340780787042789912e-01
3.621054331057433906e-01,-2.340780787042789912e-01
3.621054331057433906e-01,-2.340780787042789912e-01
3.621054331057433906e-01,-2.340780787042789912e-01
3.621054331057433906e-01,-2.340780787042789912e-01
3.621054331057433906e-01,-2.340780787042789912e-01
3.621054331057433906e-01,-2.340780787042789912e-01
3.487715833149930833e-01,8.499941124947563154e-03
4.137651675633657322e-01,1.434445847525790685e-01
4.137651675633657322e-01,1.434445847525790685e-01
3.275801833563762311e-01,1.603200487833439380e-03
5.850864116242615598e-01,-6.005529035429156906e-04
6.801431030225277841e-01,-7.145850186130403570e-02
6.801431030225277841e-01,-7.145850186130403570e-02
7.332246764461048949e-01,-1.158758355278573238e-01
7.930591215399049876e-01,9.266065704973153183e-03
6.392580600799544488e-01,4.014755258812054139e-02
5.489017724901458228e-01,4.470394943648651337e-02
6.040637033541664813e-01,-1.164758646327872238e-01
5.132619083815338490e-01,3.645249134337352759e-02
7.716893708543579589e-01,-2.350268232773425336e-02
6.030010450333687100e-01,-1.456580442630572292e-01
4.219664415038740790e-01,-8.401286394027082660e-02
4.219664415038740790e-01,-8.401286394027082660e-02
4.219664415038740790e-01,-8.401286394027082660e-02
4.219664415038740790e-01,-8.401286394027082660e-02
3.689288424942033795e-01,3.135662771729003095e-02
4.127830653761977442e-01,1.461719540802272066e-01
4.511516648489977688e-01,1.669631053940989762e-02
2.607803283349540147e-01,3.127834667961414822e-02
3.947214691278953524e-01,-3.593878625479878658e-02
7.293300020675252959e-01,-8.046124132157894682e-02
6.197236319773822277e-01,-1.281925126683475524e-01
4.360700907159878459e-01,-1.512582464783748804e-01
3.627087523113979861e-01,1.218761880947683562e-01
6.160650726495495721e-01,2.961091237245285779e-01
5.296751069637282150e-01,2.965829516113950293e-01
5.296751069637282150e-01,2.965829516113950293e-01
6.970150847823340934e-01,3.180822542081380155e-01
5.756687471112909016e-01,1.434329715056661958e-01
5.756687471112909016e-01,1.434329715056661958e-01
5.756687471112909016e-01,1.434329715056661958e-01
4.750177152384713053e-01,-8.288056484128830670e-02
4.750177152384713053e-01,-8.288056484128830670e-02
3.676511915739126835e-01,5.659090926785181885e-02
3.676511915739126835e-01,5.659090926785181885e-02
4.840101663116567199e-01,2.024418884924050477e-01
4.840101663116567199e-01,2.024418884924050477e-01
4.840101663116567199e-01,2.024418884924050477e-01
4.840101663116567199e-01,2.024418884924050477e-01
5.275644562692188844e-01,1.592508448352789319e-01
6.686824350630851121e-01,-3.971367752821045038e-02
6.733113611955803268e-01,5.533278192061730216e-02
6.733113611955803268e-01,5.533278192061730216e-02
6.733113611955803268e-01,5.533278192061730216e-02
6.733113611955803268e-01,5.533278192061730216e-02
6.733113611955803268e-01,5.533278192061730216e-02
6.733113611955803268e-01,5.533278192061730216e-02
6.733113611955803268e-01,5.533278192061730216e-02
6.161412839274381659e-01,2.263080843505135831e-01
6.161412839274381659e-01,2.263080843505135831e-01
6.161412839274381659e-01,2.263080843505135831e-01
5.268780109022561664e-01,2.230275743336332939e-01
5.387555789858471389e-01,1.826483358048821559e-01
6.409837946716999690e-01,1.561623433890593771e-01
6.076557031884848303e-01,-1.692946364000395554e-01
6.076557031884848303e-01,-1.692946364000395554e-01
6.076557031884848303e-01,-1.692946364000395554e-01
6.076557031884848303e-01,-1.692946364000395554e-01
5.537588337859933318e-01,-2.432169071377102143e-01
5.537588337859933318e-01,-2.432169071377102143e-01
7.075011047824528720e-01,-2.009153852317121236e-01
6.888941051406105576e-01,-1.478926313764422351e-01
5.892144446323526186e-01,-1.818932257469465241e-01
4.391970615716567217e-01,-1.863434821565378152e-01
3.334789433756334409e-01,-1.799378040320128158e-01
3.334789433756334409e-01,-1.799378040320128158e-01
3.890379089040033045e-01,1.856308931458891531e-02
3.890379089040033045e-01,1.856308931458891531e-02
3.890379089040033045e-01,1.856308931458891531e-02
3.890379089040033045e-01,1.856308931458891531e-02
3.890379089040033045e-01,1.856308931458891531e-02
3.890379089040033045e-01,1.856308931458891531e-02
3.890379089040033045e-01,1.856308931458891531e-02
3.917516937359926121e-01,-2.222185072967300667e-01
2.166620773314177073e-01,-6.455549001296378986e-02
2.166620773314177073e-01,-6.455549001296378986e-02
2.917716515740285121e-01,6.641559914396708009e-02
2.917716515740285121e-01,6.641559914396708009e-02
2.917716515740285121e-01,6.641559914396708009e-02
4.878153683001082985e-01,5.281445757484300868e-02
4.878153683001082985e-01,5.281445757484300868e-02
8.141482795373020664e-01,9.114507642956676259e-02
8.141482795373020664e-01,9.114507642956676259e-02
8.141482795373020664e-01,9.114507642956676259e-02
8.141482795373020664e-01,9.114507642956676259e-02
7.870842955279300224e-01,-3.302966576894350581e-02
7.870842955279300224e-01,-3.302966576894350581e-02
7.691199212563127885e-01,1.661591383458593807e-01
7.691199212563127885e-01,1.661591383458593807e-01
5.786744883394157046e-01,2.291319157032322695e-01
5.786744883394157046e-01,2.291319157032322695e-01
8.174137645672712171e-01,1.974489871003226038e-01
8.608044732504807062e-01,1.650673453012750647e-01
6.460785224777668700e-01,2.381598819746821860e-01
6.460785224777668700e-01,2.381598819746821860e-01
5.526144183133078203e-01,3.138335587749012667e-01
5.526144183133078203e-01,3.138335587749012667e-01
5.903848510956117845e-01,1.596116367462668828e-01
5.903848510956117845e-01,1.596116367462668828e-01
7.392792524289010236e-01,1.920633885425902798e-01
9.169880207021050555e-01,1.343209797832556340e-01
8.230383484104984992e-01,1.977290786627072805e-01
8.230383484104984992e-01,1.977290786627072805e-01
7.696250380893187026e-01,1.991391873901332821e-01
7.696250380893187026e-01,1.991391873901332821e-01
7.696250380893187026e-01,1.991391873901332821e-01
5.299913377029035200e-01,1.553475740568395214e-01
5.299913377029035200e-01,1.553475740568395214e-01
5.299913377029035200e-01,1.553475740568395214e-01
5.244482984775145074e-01,1.087257080517322894e-01
5.244482984775145074e-01,1.087257080517322894e-01
4.246790131037375682e-01,2.085465541998482164e-01
5.078967845689899008e-01,-4.261784620716183025e-02
4.589224070683234347e-01,-6.280449638971766224e-02
3.977483970029867533e-01,-1.554994056897164578e-03
3.977483970029867533e-01,-1.554994056897164578e-03
4.297039071003564414e-01,1.486030332343808436e-01
4.297039071003564414e-01,1.486030332343808436e-01
4.297039071003564414e-01,1.486030332343808436e-01
4.297039071003564414e-01,1.486030332343808436e-01
4.297039071003564414e-01,1.486030332343808436e-01
4.297039071003564414e-01,1.486030332343808436e-01
3.843592145265007920e-01,1.347242139000872363e-01
3.843592145265007920e-01,1.347242139000872363e-01
5.615968618573393689e-01,-9.992549451505766678e-02
5.796871172520344784e-01,-1.488465258928174939e-01
5.371441671617709357e-01,-1.248822537208725686e-01
7.830711164590140605e-01,-3.396777279386632986e-01
6.808560523551367982e-01,-3.602445925112329195e-01
6.808560523551367982e-01,-3.602445925112329195e-01
6.808560523551367982e-01,-3.602445925112329195e-01
4.381136174722902177e-01,-2.262995575744864707e-01
1.975582198867456840e-01,-1.289546811486952382e-02
1.975582198867456840e-01,-1.289546811486952382e-02
1.975582198867456840e-01,-1.289546811486952382e-02
2.477606850464376120e-01,-8.218745546653616341e-02
3.285580174180576796e-01,4.861222299990378137e-03
5.699759064200424774e-01,3.881701879940162303e-02
6.161165219594556541e-01,1.960362461715096927e-03
6.161165219594556541e-01,1.960362461715096927e-03
6.238069180518331924e-01,2.773281357649880902e-02
6.238069180518331924e-01,2.773281357649880902e-02
6.828922855032796280e-01,2.755904367055214341e-02
5.243387685790869002e-01,-1.874999146274521633e-01
4.731198639416969720e-01,1.151956656643917387e-01
4.731198639416969720e-01,1.151956656643917387e-01
4.731198639416969720e-01,1.151956656643917387e-01
4.731198639416969720e-01,1.151956656643917387e-01
6.518723967198005731e-01,1.875114135286459205e-01
6.518723967198005731e-01,1.875114135286459205e-01
6.518723967198005731e-01,1.875114135286459205e-01
4.790323311572248777e-01,-1.666530020278256807e-01
4.000025356964458934e-01,-6.236340382189398124e-02
4.000025356964458934e-01,-6.236340382189398124e-02
4.000025356964458934e-01,-6.236340382189398124e-02
3.955070742336009859e-01,-7.252199314140628239e-02
3.955070742336009859e-01,-7.252199314140628239e-02
3.875606737662117274e-01,1.265742624546888073e-01
5.940037928989744254e-01,1.113807063432961098e-01
5.090008244513727353e-01,2.036693800222204309e-01
5.090008244513727353e-01,2.036693800222204309e-01
6.559005110364789504e-01,1.398637780724447388e-01
5.021148585390819985e-01,1.379796358451349514e-01
5.652252500169909766e-01,1.602865101961083449e-01
5.652252500169909766e-01,1.602865101961083449e-01
3.964112165613210559e-01,2.665115962779754377e-02
3.964112165613210559e-01,2.665115962779754377e-02
4.990364232179791970e-01,-2.437230846798310591e-03
4.990364232179791970e-01,-2.437230846798310591e-03
4.725522024900826734e-01,-1.841481606267791615e-01
4.725522024900826734e-01,-1.841481606267791615e-01
6.086633014812624642e-01,-1.957030471018627871e-01
7.293499181440553647e-01,-2.928225186678731773e-02
7.293499181440553647e-01,-2.928225186678731773e-02
7.293499181440553647e-01,-2.928225186678731773e-02
7.162685337715191114e-01,8.626173199686261450e-02
7.162685337715191114e-01,8.626173199686261450e-02
7.162685337715191114e-01,8.626173199686261450e-02
6.881969447510499771e-01,-4.779961861431189507e-03
6.881969447510499771e-01,-4.779961861431189507e-03
6.881969447510499771e-01,-4.779961861431189507e-03
6.886924352215418876e-01,-1.292232331124018863e-01
6.385859558029690630e-01,-3.165349089157999674e-02
6.851875134856991734e-01,-1.436035881978620782e-03
8.086255365919542415e-01,-8.506516196196575730e-02
6.447992005603352395e-01,-4.804256585081537884e-02
6.447992005603352395e-01,-4.804256585081537884e-02
6.447992005603352395e-01,-4.804256585081537884e-02
5.767582868482238334e-01,7.298472445239340134e-02
4.367761883675093104e-01,9.532747736120505966e-03
4.367761883675093104e-01,9.532747736120505966e-03
4.367761883675093104e-01,9.532747736120505966e-03
4.511212305922282506e-01,-1.178285930660009362e-01
5.435450243495201228e-01,1.520686588926891958e-01
6.362696557018050481e-01,5.386184568460303246e-02
6.362696557018050481e-01,5.386184568460303246e-02
5.400468056434640785e-01,1.763965024449994368e-01
5.400468056434640785e-01,1.763965024449994368e-01
5.400468056434640785e-01,1.763965024449994368e-01
5.400468056434640785e-01,1.763965024449994368e-01
5.400468056434640785e-01,1.763965024449994368e-01
6.299909125125368048e-01,8.449043977142438322e-02
6.299909125125368048e-01,8.449043977142438322e-02
7.542866940513811569e-01,-5.860178502018580093e-02
4.519202642644845613e-01,5.941215851498968248e-02
4.519202642644845613e-01,5.941215851498968248e-02
4.455494198401549477e-01,2.692191291383083662e-02
4.455494198401549477e-01,2.692191291383083662e-02
4.455494198401549477e-01,2.692191291383083662e-02
4.941156439834137326e-01,3.069515915663827976e-01
4.941156439834137326e-01,3.069515915663827976e-01
4.941156439834137326e-01,3.069515915663827976e-01
6.319845059618485195e-01,1.401050938497170051e-01
7.324671807792884071e-01,-1.037992067428036569e-01
7.109102270354982211e-01,1.548577319437261235e-01
8.442882921042044186e-01,1.734173956551008366e-01
7.700520388136122829e-01,1.612227472056972088e-01
7.700520388136122829e-01,1.612227472056972088e-01
7.700520388136122829e-01,1.612227472056972088e-01
7.700520388136122829e-01,1.612227472056972088e-01
7.565716403378875965e-01,3.677372045794560784e-02
8.716906392338342746e-01,-2.446648599019370096e-02
8.774258498495411951e-01,-1.056430079199191102e-01
9.189647605639121863e-01,-1.851304338090992152e-02
9.189647605639121863e-01,-1.851304338090992152e-02
7.430902110529205018e-01,1.044248967588563975e-01
6.071511685332167119e-01,3.307471745500627225e-02
5.883916338131596202e-01,-5.467640051719441230e-02
6.367879293927557471e-01,8.777801674044843905e-02
5.422212980771496937e-01,-1.805507246540962729e-01
5.638623769488253501e-01,-2.742646164014272414e-01
7.719419090524641813e-01,-2.288597864629234313e-01
6.746584672665966176e-01,-1.239131460630141096e-01
6.746584672665966176e-01,-1.239131460630141096e-01
6.746584672665966176e-01,-1.239131460630141096e-01
5.825252431297406330e-01,-3.199807776408633564e-01
5.252029414632386484e-01,-1.792792973994004058e-01
4.312291260385419100e-01,-7.300282854415278411e-02
3.055583771086075595e-01,-1.650325225791214878e-01
3.055583771086075595e-01,-1.650325225791214878e-01
3.055583771086075595e-01,-1.650325225791214878e-01
3.823047246808667365e-01,-1.603297723553952503e-01
3.823047246808667365e-01,-1.603297723553952503e-01
5.468770395377003934e-01,-1.737346933048672382e-02
5.468770395377003934e-01,-1.737346933048672382e-02
5.468770395377003934e-01,-1.737346933048672382e-02
5.468770395377003934e-01,-1.737346933048672382e-02
2.964041640591013049e-01,1.955617731807471338e-02
3.952428986557171564e-01,-1.258662797126489930e-01
3.952428986557171564e-01,-1.258662797126489930e-01
2.006599824467108495e-01,-1.276970584163204248e-01
2.006599824467108495e-01,-1.276970584163204248e-01
2.006599824467108495e-01,-1.276970584163204248e-01
3.613550557794188434e-01,-1.157616090509710621e-01
4.344084933220500599e-01,2.904032590598316921e-02
4.708920967801910051e-01,1.163198762011233844e-01
4.708920967801910051e-01,1.163198762011233844e-01
7.070988919115961391e-01,1.991643430993450536e-01
8.471806908494707855e-01,7.919118183311564529e-02
8.471806908494707855e-01,7.919118183311564529e-02
7.646771827667390165e-01,3.432217636754296419e-02
6.183166709375427228e-01,-1.319445904510433420e-01
5.409555063319715362e-01,-6.180474718067613393e-02
5.409555063319715362e-01,-6.180474718067613393e-02
7.090969950692606050e-01,7.803583978541406285e-02
7.090969950692606050e-01,7.803583978541406285e-02
7.090969950692606050e-01,7.803583978541406285e-02
7.090969950692606050e-01,7.803583978541406285e-02
7.090969950692606050e-01,7.803583978541406285e-02
5.800865563667346736e-01,1.218851650842489864e-01
5.800865563667346736e-01,1.218851650842489864e-01
4.682440281957611639e-01,-5.857376331276881176e-02
4.682440281957611639e-01,-5.857376331276881176e-02
5.184905309600060797e-01,7.500880722247676990e-02
5.184905309600060797e-01,7.500880722247676990e-02
6.226611258423528916e-01,1.468247413762363285e-01
4.277660202485731311e-01,2.790357292403673750e-02
3.297481804823131357e-01,6.567279480974685946e-02
4.207575703378781951e-01,8.207847678876353803e-02
4.207575703378781951e-01,8.207847678876353803e-02
5.070105116755663222e-01,-7.537262425540844357e-02
5.070105116755663222e-01,-7.537262425540844357e-02
5.489749754048340868e-01,-8.849763684395908769e-02
7.014233524158908217e-01,5.989851976688609358e-02
7.014233524158908217e-01,5.989851976688609358e-02
4.761972225549974125e-01,1.077835611781360614e-01
5.083950517953745862e-01,1.569656924481366844e-01
7.297619130090868822e-01,1.358584747033670936e-01
7.297619130090868822e-01,1.358584747033670936e-01
7.297619130090868822e-01,1.358584747033670936e-01
7.297619130090868822e-01,1.358584747033670936e-01
7.297619130090868822e-01,1.358584747033670936e-01
7.297619130090868822e-01,1.358584747033670936e-01
7.297619130090868822e-01,1.358584747033670936e-01
7.691458384549668681e-01,-1.342563263156180131e-01
7.691458384549668681e-01,-1.342563263156180131e-01
7.691458384549668681e-01,-1.342563263156180131e-01
5.764258539993913910e-01,6.920528083460417146e-02
6.779322750937547548e-01,1.732675057147595177e-01
6.779322750937547548e-01,1.732675057147595177e-01
4.294615422178541531e-01,-4.869703241409822914e-02
4.294615422178541531e-01,-4.869703241409822914e-02
3.442376160273204477e-01,-1.238901227776900010e-02
3.442376160273204477e-01,-1.238901227776900010e-02
4.156741918709309092e-01,-1.012332228388994615e-01
4.156741918709309092e-01,-1.012332228388994615e-01
4.156741918709309092e-01,-1.012332228388994615e-01
5.062537458372466936e-01,-2.304507284537998801e-02
5.062537458372466936e-01,-2.304507284537998801e-02
5.063389345519608842e-01,-1.053099298537314849e-01
4.269114378504151319e-01,8.094543700819629983e-02
4.269114378504151319e-01,8.094543700819629983e-02
5.171529825539299408e-01,1.062075962392393103e-01
4.763505861734155244e-01,-1.565544588416852012e-02
5.496672429533864257e-01,-1.374831328549573628e-01
5.496672429533864257e-01,-1.374831328549573628e-01
5.496672429533864257e-01,-1.374831328549573628e-01
5.155905177811734852e-01,-1.703564811738748630e-01
5.155905177811734852e-01,-1.703564811738748630e-01
5.155905177811734852e-01,-1.703564811738748630e-01
4.415185356547823847e-01,-2.156993583193452246e-01
3.913760083852045324e-01,-2.453921113131940501e-01
3.913760083852045324e-01,-2.453921113131940501e-01
4.249541970133078328e-01,-2.579018770825613482e-01
4.249541970133078328e-01,-2.579018770825613482e-01
4.249541970133078328e-01,-2.579018770825613482e-01
4.249541970133078328e-01,-2.579018770825613482e-01
2.260885683015348147e-01,-4.910478006607629786e-02
2.510522042881724314e-01,2.122365166015538207e-01
2.510522042881724314e-01,2.122365166015538207e-01
2.510522042881724314e-01,2.122365166015538207e-01
4.035798995209851081e-01,1.672911172028859195e-01
4.822693632536730890e-01,-1.066069956175791367e-01
5.285488961873833214e-01,-7.022450673128385890e-03
6.396298252909023985e-01,1.529412764129282065e-01
6.396298252909023985e-01,1.529412764129282065e-01
5.634822056105430743e-01,3.943105208726380706e-01
7.401434685407574099e-01,3.435152039971402504e-01
7.401434685407574099e-01,3.435152039971402504e-01
6.432496819559149204e-01,1.437434946981169526e-01
7.841553889691776913e-01,6.173966198513418380e-02
7.841553889691776913e-01,6.173966198513418380e-02
5.420052292980455100e-01,1.841146050939735379e-01
5.093205962952900290e-01,1.313614163775334021e-01
5.093205962952900290e-01,1.313614163775334021e-01
5.093205962952900290e-01,1.313614163775334021e-01
5.093205962952900290e-01,1.313614163775334021e-01
5.093205962952900290e-01,1.313614163775334021e-01
5.093205962952900290e-01,1.313614163775334021e-01
5.093205962952900290e-01,1.313614163775334021e-01
4.982278376858298996e-01,-1.199316044681915661e-01
4.806415311534698032e-01,2.694027944446317213e-02
5.925096867547420265e-01,2.253979922226751476e-01
5.925096867547420265e-01,2.253979922226751476e-01
5.409056092841943997e-01,9.027025728919008118e-02
5.668016254188334990e-01,1.332049818902744653e-01
5.362856729936849032e-01,5.284648870540856191e-02
5.362856729936849032e-01,5.284648870540856191e-02
3.888859859070809555e-01,-5.508609175213982634e-02
4.399059404386114758e-01,-1.064838530071424844e-01
4.175404938168960634e-01,-1.289543619281180442e-01
6.775436756924023696e-01,-9.931089538642975945e-02
6.775436756924023696e-01,-9.931089538642975945e-02
6.775436756924023696e-01,-9.931089538642975945e-02
4.619254670269955509e-01,8.419435442844652728e-02
4.619254670269955509e-01,8.419435442844652728e-02
5.303938359737561115e-01,-5.490258888838242535e-02
5.303938359737561115e-01,-5.490258888838242535e-02
5.303938359737561115e-01,-5.490258888838242535e-02
5.303938359737561115e-01,-5.490258888838242535e-02
5.303938359737561115e-01,-5.490258888838242535e-02
8.224745454645316922e-01,-4.151220704348925622e-02
8.224745454645316922e-01,-4.151220704348925622e-02
8.224745454645316922e-01,-4.151220704348925622e-02
8.224745454645316922e-01,-4.151220704348925622e-02
8.224745454645316922e-01,-4.151220704348925622e-02
5.238114526536292725e-01,1.350882009425639907e-02
5.238114526536292725e-01,1.350882009425639907e-02
5.238114526536292725e-01,1.350882009425639907e-02
4.287695959887576347e-01,1.461689022120312709e-01
4.287695959887576347e-01,1.461689022120312709e-01
4.310752399022617087e-01,1.641672840079129725e-01
5.385606724568132719e-01,2.220074165833994806e-01
5.385606724568132719e-01,2.220074165833994806e-01
5.385606724568132719e-01,2.220074165833994806e-01
5.385606724568132719e-01,2.220074165833994806e-01
5.661454359653927959e-01,-1.340434248603641909e-02
5.661454359653927959e-01,-1.340434248603641909e-02
5.661454359653927959e-01,-1.340434248603641909e-02
5.661454359653927959e-01,-1.340434248603641909e-02
7.422790589799940220e-01,7.694813184582974253e-02
7.627005410505572902e-01,1.516734987672950508e-02
6.887732696601068794e-01,-2.296719647714546841e-01
6.887732696601068794e-01,-2.296719647714546841e-01
4.073143096741073665e-01,-2.233865598437011213e-01
3.152061179695177517e-01,-2.269087197337930073e-01
6.226396611313100848e-01,-9.916331677818218671e-03
5.370619303367908381e-01,9.244536624687138548e-02
5.370619303367908381e-01,9.244536624687138548e-02
5.370619303367908381e-01,9.244536624687138548e-02
5.370619303367908381e-01,9.244536624687138548e-02
4.450431733837834636e-01,-5.083526033648785858e-02
4.450431733837834636e-01,-5.083526033648785858e-02
4.275149118378997470e-01,2.389596626854352535e-02
3.811632050698511298e-01,-2.901621431823444425e-02
2.859344722868938371e-01,-1.235474666501843594e-02
2.859344722868938371e-01,-1.235474666501843594e-02
2.859344722868938371e-01,-1.235474666501843594e-02
2.859344722868938371e-01,-1.235474666501843594e-02
2.859344722868938371e-01,-1.235474666501843594e-02
6.751506372882928320e-01,-6.386785750458201516e-02
6.751506372882928320e-01,-6.386785750458201516e-02
6.751506372882928320e-01,-6.386785750458201516e-02
6.751506372882928320e-01,-6.386785750458201516e-02
8.056543997018338343e-01,-3.660462786299937404e-02
7.714940446432750898e-01,-7.547881094270608715e-02
7.363952198760527201e-01,-9.398860250047383347e-02
7.363952198760527201e-01,-9.398860250047383347e-02
7.363952198760527201e-01,-9.398860250047383347e-02
6.164626628030269728e-01,-6.993523954870808912e-03
5.538167645185081422e-01,4.464383138201133416e-02
5.538167645185081422e-01,4.464383138201133416e-02
4.418657329939164602e-01,2.498966052281293149e-01
7.405549383676908182e-01,7.737266808411383257e-02
8.798064381961234748e-01,9.489873728501185823e-02
8.798064381961234748e-01,9.489873728501185823e-02
8.798064381961234748e-01,9.489873728501185823e-02
8.590358825333724857e-01,-1.288011596844905460e-02
8.590358825333724857e-01,-1.288011596844905460e-02
8.590358825333724857e-01,-1.288011596844905460e-02
8.590358825333724857e-01,-1.288011596844905460e-02
7.175837215467777419e-01,5.850741471123838133e-02
7.175837215467777419e-01,5.850741471123838133e-02
5.320888657328060045e-01,4.079695010133811001e-02
5.660719402406083622e-01,1.417358475675800297e-02
6.920969825193472591e-01,1.708337775649684531e-01
6.920969825193472591e-01,1.708337775649684531e-01
5.912182489633843741e-01,5.673878485028749363e-02
5.803035304585231202e-01,-7.295103138932790277e-02
5.803035304585231202e-01,-7.295103138932790277e-02
6.608399975248219205e-01,-1.774213632802472129e-01
6.485548962595373279e-01,-9.039311385007477162e-02
4.811410664378618085e-01,-1.693992916233393875e-01
4.874458735877312821e-01,4.233343269562128697e-02
6.741799993842443328e-01,1.780719804011957341e-01
6.094879385289478924e-01,2.143465294518136222e-01
8.038752151756699549e-01,2.019237714765496072e-01
8.038752151756699549e-01,2.019237714765496072e-01
6.922084938345800520e-01,1.187122825863934500e-01
6.922084938345800520e-01,1.187122825863934500e-01
7.341781559622723163e-01,3.339083691590774561e-02
7.341781559622723163e-01,3.339083691590774561e-02
7.341781559622723163e-01,3.339083691590774561e-02
6.997697097746440331e-01,-6.996130708658761244e-02
6.666160081157285200e-01,-7.819462397955709299e-02
6.666160081157285200e-01,-7.819462397955709299e-02
6.666160081157285200e-01,-7.819462397955709299e-02
7.927968570136714188e-01,8.859387848003125177e-02
9.989071989185204226e-01,9.587424033608749063e-02
9.989071989185204226e-01,9.587424033608749063e-02
9.989071989185204226e-01,9.587424033608749063e-02
9.989071989185204226e-01,9.587424033608749063e-02
8.452850192667650253e-01,1.035936227273739491e-01
8.452850192667650253e-01,1.035936227273739491e-01
8.466861558887883721e-01,-6.865045613813884617e-02
8.466861558887883721e-01,-6.865045613813884617e-02
8.466861558887883721e-01,-6.865045613813884617e-02
7.691698718510165955e-01,-1.217939470562092452e-01
7.691698718510165955e-01,-1.217939470562092452e-01
7.552611529253419054e-01,1.355385137060167444e-01
6.909327557507490836e-01,-1.204086925330902502e-01
6.909327557507490836e-01,-1.204086925330902502e-01
4.449828511605371517e-01,-1.308264439788319744e-01
4.449828511605371517e-01,-1.308264439788319744e-01
4.882143390472509781e-01,-9.837051043359842928e-03
3.869646175310488267e-01,6.892749225192225382e-02
3.869646175310488267e-01,6.892749225192225382e-02
5.535632519162501097e-01,-1.026525774742943070e-01
5.535632519162501097e-01,-1.026525774742943070e-01
5.535632519162501097e-01,-1.026525774742943070e-01
5.535632519162501097e-01,-1.026525774742943070e-01
5.998771085143531634e-01,-8.666032208147440852e-02
5.998771085143531634e-01,-8.666032208147440852e-02
6.133676236702799711e-01,-1.658046346276946525e-02
6.133676236702799711e-01,-1.658046346276946525e-02
6.133676236702799711e-01,-1.658046346276946525e-02
4.748742327546505715e-01,-1.140553872655191703e-01
7.637250873453660382e-01,1.222136956395374896e-01
7.637250873453660382e-01,1.222136956395374896e-01
7.637250873453660382e-01,1.222136956395374896e-01
7.764770717473490347e-01,2.544410370117352604e-01
8.979080907149097346e-01,1.235851083243736104e-01
8.266489524090399055e-01,7.188915353196118074e-02
8.266489524090399055e-01,7.188915353196118074e-02
6.018713340700028169e-01,-1.739907771347613819e-02
7.057122264879015505e-01,-1.586957020974549826e-01
6.018695567462002405e-01,-2.064818637898417353e-01
7.290396974541607511e-01,-1.613136509946683228e-01
6.181501575600366616e-01,-2.376183253910329751e-01
5.174658543915527931e-01,1.084201458008494934e-01
6.733872566448206864e-01,7.610722070308320597e-02
6.997686123479940346e-01,-5.908664319054321434e-02
6.310481779212698816e-01,-1.077769119332042946e-01
6.310481779212698816e-01,-1.077769119332042946e-01
6.018557934857809988e-01,-2.098191945354642707e-01
6.018557934857809988e-01,-2.098191945354642707e-01
4.369673095692458986e-01,-1.028112574119279532e-01
4.369673095692458986e-01,-1.028112574119279532e-01
7.220105131207594784e-01,-1.310431605791349263e-01
5.140440209003319660e-01,1.009799181925660760e-02
5.140440209003319660e-01,1.009799181925660760e-02
5.140440209003319660e-01,1.009799181925660760e-02
5.140440209003319660e-01,1.009799181925660760e-02
5.140440209003319660e-01,1.009799181925660760e-02
5.321753843273391293e-01,2.149060200091056083e-01
7.329587116388394108e-01,1.851366939862235383e-01
7.329587116388394108e-01,1.851366939862235383e-01
7.329587116388394108e-01,1.851366939862235383e-01
8.018326663040132862e-01,-1.616803186241086709e-01
8.018326663040132862e-01,-1.616803186241086709e-01
9.383102310752661213e-01,-2.702789799718102737e-02
7.543371377912837517e-01,1.113996282328039988e-01
7.543371377912837517e-01,1.113996282328039988e-01
7.543371377912837517e-01,1.113996282328039988e-01
7.365135281470538420e-01,4.767315934664725918e-02
7.365135281470538420e-01,4.767315934664725918e-02
7.365135281470538420e-01,4.767315934664725918e-02
5.614616641889209614e-01,-4.865763296250172343e-04
5.451988198854184065e-01,1.378883869622246627e-01
5.467269283530821200e-01,1.238215787383019906e-01
5.467269283530821200e-01,1.238215787383019906e-01
6.960832947848230035e-01,4.591209058077373728e-02
6.960832947848230035e-01,4.591209058077373728e-02
6.960832947848230035e-01,4.591209058077373728e-02
7.221515517273746632e-01,-2.556789404466069948e-02
6.318583366745450514e-01,5.612223854430133801e-03
5.866307562399049047e-01,-1.536740653356085395e-01
5.866307562399049047e-01,-1.536740653356085395e-01
5.866307562399049047e-01,-1.536740653356085395e-01
5.866307562399049047e-01,-1.536740653356085395e-01
5.866307562399049047e-01,-1.536740653356085395e-01
6.744090130760826973e-01,-2.900810199281927959e-03
6.744090130760826973e-01,-2.900810199281927959e-03
6.744090130760826973e-01,-2.900810199281927959e-03
6.744090130760826973e-01,-2.900810199281927959e-03
5.463680212775385847e-01,1.242474400318268613e-01
4.493649746233078779e-01,1.795866241158074750e-01
4.935548355073250404e-01,2.245583515680182607e-01
6.292675981483406566e-01,-1.277070551553877165e-03
5.899891738502487382e-01,-7.908391207139717216e-02
7.006986249176552217e-01,3.461277823443047186e-02
7.006986249176552217e-01,3.461277823443047186e-02
7.006986249176552217e-01,3.461277823443047186e-02
7.006986249176552217e-01,3.461277823443047186e-02
7.006986249176552217e-01,3.461277823443047186e-02
7.006986249176552217e-01,3.461277823443047186e-02
8.179897570906081716e-01,-1.055054700490511005e-01
8.179897570906081716e-01,-1.055054700490511005e-01
8.996989982457248569e-01,5.293289988547918157e-02
8.996989982457248569e-01,5.293289988547918157e-02
8.996989982457248569e-01,5.293289988547918157e-02
8.996989982457248569e-01,5.293289988547918157e-02
8.996989982457248569e-01,5.293289988547918157e-02
8.996989982457248569e-01,5.293289988547918157e-02
8.996989982457248569e-01,5.293289988547918157e-02
8.996989982457248569e-01,5.293289988547918157e-02
7.986046074368596814e-01,5.555441461352448457e-02
7.986046074368596814e-01,5.555441461352448457e-02
7.986046074368596814e-01,5.555441461352448457e-02
1.001544732095882573e+00,1.073822223162877731e-01
1.001544732095882573e+00,1.073822223162877731e-01
1.008377408235779038e+00,5.275535528740164098e-02
7.704567916416116269e-01,5.459543217969069911e-02
7.141165306342402985e-01,1.718484290159152383e-01
7.141165306342402985e-01,1.718484290159152383e-01
6.556788274418542395e-01,5.032894783634866975e-02
6.351462681245177988e-01,9.613492403900902872e-02
5.277714455814859207e-01,7.186777844715219743e-02
5.277714455814859207e-01,7.186777844715219743e-02
5.277714455814859207e-01,7.186777844715219743e-02
5.277714455814859207e-01,7.186777844715219743e-02
5.788693994857065928e-01,1.210706082129943684e-01
5.788693994857065928e-01,1.210706082129943684e-01
6.763815340394858655e-01,-2.541972642844492203e-02
6.763815340394858655e-01,-2.541972642844492203e-02
7.260928820723130395e-01,1.605676678235768567e-02
7.260928820723130395e-01,1.605676678235768567e-02
4.890237551523258230e-01,1.215470264684076658e-02
4.890237551523258230e-01,1.215470264684076658e-02
4.535587247307529268e-01,1.212780504761643008e-01
4.983816094090964821e-01,1.898009595460073418e-01
4.983816094090964821e-01,1.898009595460073418e-01
4.983816094090964821e-01,1.898009595460073418e-01
6.897980319046030928e-01,-8.016335837247673402e-02
6.897980319046030928e-01,-8.016335837247673402e-02
6.897980319046030928e-01,-8.016335837247673402e-02
5.857331841289377117e-01,-3.893574627693835444e-02
5.857331841289377117e-01,-3.893574627693835444e-02
6.267891488661239130e-01,2.287210831209707945e-02
6.267891488661239130e-01,2.287210831209707945e-02
6.267891488661239130e-01,2.287210831209707945e-02
5.896802870370536631e-01,-2.475628081143977366e-01
6.401997450780148036e-01,-2.541143695827537963e-01
7.937171480662165157e-01,-1.182527726429841164e-01
7.937171480662165157e-01,-1.182527726429841164e-01
7.937171480662165157e-01,-1.182527726429841164e-01
7.772957669566226135e-01,1.849608437548669326e-02
6.234992239271109904e-01,3.411445447732357195e-02
6.234992239271109904e-01,3.411445447732357195e-02
6.234992239271109904e-01,3.411445447732357195e-02
6.234992239271109904e-01,3.411445447732357195e-02
6.234992239271109904e-01,3.411445447732357195e-02
6.234992239271109904e-01,3.411445447732357195e-02
4.180080293098800692e-01,-1.309443775269035770e-01
4.180080293098800692e-01,-1.309443775269035770e-01
4.235699539117805945e-01,-1.826005140927033366e-01
3.908987961085371166e-01,-2.373521384029291803e-01
5.941219999771324423e-01,-2.585367895544137817e-01
5.941219999771324423e-01,-2.585367895544137817e-01
5.941219999771324423e-01,-2.585367895544137817e-01
5.941219999771324423e-01,-2.585367895544137817e-01
6.281841628014970258e-01,-1.567787627072182444e-01
6.281841628014970258e-01,-1.567787627072182444e-01
6.281841628014970258e-01,-1.567787627072182444e-01
6.281841628014970258e-01,-1.567787627072182444e-01
6.495353652655881938e-01,-9.359317254022053723e-02
6.495353652655881938e-01,-9.359317254022053723e-02
6.029042159319994987e-01,1.125485799381889807e-01
6.101000192840472236e-01,-9.264875941880174048e-02
6.269139472774779565e-01,-2.362964561745188319e-01
4.770520495976697806e-01,-2.202893911279238393e-01
4.770520495976697806e-01,-2.202893911279238393e-01
4.770520495976697806e-01,-2.202893911279238393e-01
4.770520495976697806e-01,-2.202893911279238393e-01
6.125775746328167015e-01,-1.829578141372297240e-01
6.125775746328167015e-01,-1.829578141372297240e-01
6.125775746328167015e-01,-1.829578141372297240e-01
6.125775746328167015e-01,-1.829578141372297240e-01
6.125775746328167015e-01,-1.829578141372297240e-01
5.848612494205207568e-01,3.070192117247189101e-02
7.736432187861392862e-01,-7.819709943788015483e-02
6.447908656198545474e-01,-1.050114071916752462e-01
5.507668202620883413e-01,1.992807372670081512e-02
7.400561432788962390e-01,2.262864150378057077e-02
7.400561432788962390e-01,2.262864150378057077e-02
5.695541084300517198e-01,-4.683231853704378916e-02
4.425975726695267065e-01,-1.584011795388921146e-02
4.425975726695267065e-01,-1.584011795388921146e-02
4.425975726695267065e-01,-1.584011795388921146e-02
4.425975726695267065e-01,-1.584011795388921146e-02
4.425975726695267065e-01,-1.584011795388921146e-02
4.425975726695267065e-01,-1.584011795388921146e-02
4.425975726695267065e-01,-1.584011795388921146e-02
6.818687146450602699e-01,-8.054459343669137517e-02
4.723902584993217579e-01,-1.449827647290644062e-02
4.803667469186956307e-01,-5.369294524233286098e-02
5.171666299662288635e-01,-1.858218027036777908e-01
5.171666299662288635e-01,-1.858218027036777908e-01
4.368648265211522164e-01,-1.089417082904104439e-01
4.368648265211522164e-01,-1.089417082904104439e-01
4.368648265211522164e-01,-1.089417082904104439e-01
4.368648265211522164e-01,-1.089417082904104439e-01
4.368648265211522164e-01,-1.089417082904104439e-01
4.368648265211522164e-01,-1.089417082904104439e-01
6.272813663997741651e-01,-2.683343255595325161e-01
6.272813663997741651e-01,-2.683343255595325161e-01
6.272813663997741651e-01,-2.683343255595325161e-01
6.272813663997741651e-01,-2.683343255595325161e-01
6.579327116284036103e-01,-5.159285395248972006e-02
7.702961954445487480e-01,-1.694572334550275283e-01
9.141525043544836970e-01,-1.550230896285080262e-01
7.770162100347575151e-01,9.637928106214954660e-02
7.009275322700705413e-01,2.454061689038531113e-01
6.987989138414503199e-01,1.002157738597355685e-01
6.987989138414503199e-01,1.002157738597355685e-01
6.276980748959311018e-01,1.819496427579859188e-01
6.276980748959311018e-01,1.819496427579859188e-01
6.276980748959311018e-01,1.819496427579859188e-01
6.276980748959311018e-01,1.819496427579859188e-01
4.623125701794434939e-01,1.385303784119245873e-01
4.623125701794434939e-01,1.385303784119245873e-01
4.541480541383809966e-01,1.055327093627936308e-02
4.761295179572998526e-01,1.175538069026199894e-01
4.761295179572998526e-01,1.175538069026199894e-01
5.899895366668251873e-01,1.637637091172002013e-01
5.899895366668251873e-01,1.637637091172002013e-01
4.636298704396394355e-01,7.539490704786924735e-02
4.820396428992189120e-01,1.026903162585520446e-01
4.820396428992189120e-01,1.026903162585520446e-01
3.757059366254933974e-01,1.097784066625957372e-01
3.757059366254933974e-01,1.097784066625957372e-01
3.120210658864724373e-01,-1.653401757150939622e-01
3.120210658864724373e-01,-1.653401757150939622e-01
3.120210658864724373e-01,-1.653401757150939622e-01
3.789797842873920963e-01,-1.200726550551431682e-01
3.436097209156057652e-01,-1.220166761722766002e-01
3.736363211891610137e-01,1.417826193837250226e-01
3.736363211891610137e-01,1.417826193837250226e-01
3.430683313222970265e-01,-5.130515783844666333e-02
5.681262796129487036e-01,-2.716280521713369811e-02
5.256676625160110472e-01,5.463464851868501948e-02
6.375797192041806616e-01,3.894654063282375345e-02
6.375797192041806616e-01,3.894654063282375345e-02
6.375797192041806616e-01,3.894654063282375345e-02
5.580775454596689222e-01,1.087318418633134998e-01
6.171252556296088487e-01,8.110273806649610784e-02
6.171252556296088487e-01,8.110273806649610784e-02
6.171252556296088487e-01,8.110273806649610784e-02
5.862723958274986824e-01,2.998202199028235926e-01
5.862723958274986824e-01,2.998202199028235926e-01
6.974523292091558968e-01,1.013995153574985819e-01
6.974523292091558968e-01,1.013995153574985819e-01
6.843356528340982514e-01,2.487523753773649149e-01
6.843356528340982514e-01,2.487523753773649149e-01
7.282530837954396263e-01,-1.357519466391996221e-01
7.753963004898435374e-01,-5.680345356081108188e-02
7.808956769793408137e-01,4.106251054665784050e-03
7.808956769793408137e-01,4.106251054665784050e-03
7.808956769793408137e-01,4.106251054665784050e-03
7.808956769793408137e-01,4.106251054665784050e-03
7.808956769793408137e-01,4.106251054665784050e-03
7.808956769793408137e-01,4.106251054665784050e-03
6.689504387060171142e-01,9.098335925942606373e-03
6.689504387060171142e-01,9.098335925942606373e-03
5.874913810677624415e-01,1.756925271867529892e-01
7.320138007986805029e-01,1.252482103429534699e-01
7.320138007986805029e-01,1.252482103429534699e-01
7.320138007986805029e-01,1.252482103429534699e-01
7.320138007986805029e-01,1.252482103429534699e-01
7.320138007986805029e-01,1.252482103429534699e-01
7.320138007986805029e-01,1.252482103429534699e-01
7.320138007986805029e-01,1.252482103429534699e-01
7.320138007986805029e-01,1.252482103429534699e-01
7.320138007986805029e-01,1.252482103429534699e-01
6.580488367211839718e-01,4.276276805705690742e-02
6.274408502772281793e-01,-1.679624469906058626e-01
6.797020257270319776e-01,-2.959588110250469528e-01
6.797020257270319776e-01,-2.959588110250469528e-01
6.797020257270319776e-01,-2.959588110250469528e-01
6.577782501434844553e-01,-1.324093407547361767e-01
7.127173060772841184e-01,-4.258868258180660560e-02
7.127173060772841184e-01,-4.258868258180660560e-02
5.161492056131742334e-01,5.781345459343507909e-03
4.983227861426048899e-01,3.012808274021155919e-02
4.983227861426048899e-01,3.012808274021155919e-02
4.983227861426048899e-01,3.012808274021155919e-02
5.470506927017909637e-01,-2.040475125303346099e-02
5.470506927017909637e-01,-2.040475125303346099e-02
3.659943712420709039e-01,-2.735681274683168795e-01
3.414505871897818290e-01,-1.788540346935981740e-01
1.765822477383190980e-01,9.817270837156244490e-02
3.141102112066849195e-01,-2.346989178835323653e-01
3.141102112066849195e-01,-2.346989178835323653e-01
6.308846733645854243e-01,-2.587739334104349753e-01
5.358199471266923419e-01,2.481745186610956333e-02
5.358199471266923419e-01,2.481745186610956333e-02
5.465945106053218261e-01,3.861420809715666175e-02
5.575797762981568040e-01,-1.246353286612060518e-01
5.575797762981568040e-01,-1.246353286612060518e-01
7.532126384289663523e-01,-1.489181021949724515e-01
8.743112761737967809e-01,-1.923472193285831189e-01
9.076633449421809274e-01,1.372053093466041318e-01
7.962954709031304645e-01,1.043344094102341274e-01
7.962954709031304645e-01,1.043344094102341274e-01
8.871393270017734478e-01,1.441231887484218099e-01
6.168288427403098018e-01,2.870544930532995531e-01
6.168288427403098018e-01,2.870544930532995531e-01
6.721300702943423522e-01,1.947532633104559485e-01
6.721300702943423522e-01,1.947532633104559485e-01
5.597118610183311471e-01,1.562052665928295447e-01
5.597118610183311471e-01,1.562052665928295447e-01
5.399929369039292437e-01,4.143115432629469463e-01
7.597131397826651922e-01,2.260758672746874531e-01
7.597131397826651922e-01,2.260758672746874531e-01
5.859560936285933552e-01,2.212274146571225342e-01
4.373530625461451438e-01,4.641527761123795393e-02
4.484013304688977963e-01,1.529964681240051916e-01
5.573285515287739189e-01,7.890572249071985123e-02
5.573285515287739189e-01,7.890572249071985123e-02
8.296836220287308050e-01,1.095001043861294765e-01
7.530448686668431701e-01,1.222699334920450548e-01
7.530448686668431701e-01,1.222699334920450548e-01
7.530448686668431701e-01,1.222699334920450548e-01
7.530448686668431701e-01,1.222699334920450548e-01
6.026654285960190149e-01,1.998489973025827093e-01
6.026654285960190149e-01,1.998489973025827093e-01
6.944321944425884130e-01,1.335061503233278546e-01
5.667068169216560314e-01,1.632741597673420808e-01
6.723801021532840316e-01,1.131985437123886329e-02
6.723801021532840316e-01,1.131985437123886329e-02
6.723801021532840316e-01,1.131985437123886329e-02
4.880410235598321989e-01,-9.483406012512225758e-02
4.880410235598321989e-01,-9.483406012512225758e-02
4.224168823179126342e-01,-1.976593994833517609e-01
4.224168823179126342e-01,-1.976593994833517609e-01
4.224168823179126342e-01,-1.976593994833517609e-01
4.224168823179126342e-01,-1.976593994833517609e-01
4.224168823179126342e-01,-1.976593994833517609e-01
4.224168823179126342e-01,-1.976593994833517609e-01
4.224168823179126342e-01,-1.976593994833517609e-01
4.224168823179126342e-01,-1.976593994833517609e-01
5.567630251439013023e-01,-2.750604014767850658e-01
4.010131084533528623e-01,-1.498326150841461646e-01
4.010131084533528623e-01,-1.498326150841461646e-01
4.010131084533528623e-01,-1.498326150841461646e-01
4.010131084533528623e-01,-1.498326150841461646e-01
4.010131084533528623e-01,-1.498326150841461646e-01
7.137728260055691276e-01,-9.187741540562462117e-02
6.315996342889359516e-01,-4.457328302894598276e-02
6.366160676355638870e-01,3.267514272349800186e-01
6.366160676355638870e-01,3.267514272349800186e-01
5.130979790148738617e-01,3.066034237746285696e-01
4.643486951851378275e-01,3.043271498504244166e-01
3.705538187612491541e-01,2.809615797280173299e-01
3.705538187612491541e-01,2.809615797280173299e-01
4.748999986731188283e-01,1.548561583794300089e-01
4.233400264517701017e-01,3.117392308862061978e-01
4.567209723319486381e-01,2.490738649395262960e-01
4.921573204089190190e-01,1.243963032164608906e-01
4.921573204089190190e-01,1.243963032164608906e-01
4.921573204089190190e-01,1.243963032164608906e-01
4.921573204089190190e-01,1.243963032164608906e-01
6.147747221377543037e-01,2.360283424953434905e-01
6.147747221377543037e-01,2.360283424953434905e-01
6.147747221377543037e-01,2.360283424953434905e-01
6.073094874631144169e-01,7.416003768095433268e-02
6.073094874631144169e-01,7.416003768095433268e-02
6.073094874631144169e-01,7.416003768095433268e-02
5.654458414062388805e-01,7.587946899708566950e-02
5.654458414062388805e-01,7.587946899708566950e-02
5.654458414062388805e-01,7.587946899708566950e-02
5.654458414062388805e-01,7.587946899708566950e-02
5.252113373675999508e-01,1.637320201882174614e-02
5.252113373675999508e-01,1.637320201882174614e-02
7.248837929700974181e-01,-8.185417848151921305e-02
9.251134321843300645e-01,-1.078416836502042730e-01
9.251134321843300645e-01,-1.078416836502042730e-01
8.967474172221794326e-01,-1.767761624671513321e-01
8.967474172221794326e-01,-1.767761624671513321e-01
7.013844045241002245e-01,-1.774084010267124034e-02
8.018308372445250853e-01,-1.963951772459401890e-02
8.018308372445250853e-01,-1.963951772459401890e-02
7.091524245321991771e-01,-1.446988632710520528e-01
5.449990812086176195e-01,-1.052121488444160702e-01
5.449990812086176195e-01,-1.052121488444160702e-01
5.449990812086176195e-01,-1.052121488444160702e-01
5.449990812086176195e-01,-1.052121488444160702e-01
5.449990812086176195e-01,-1.052121488444160702e-01
5.059686061877520791e-01,-1.186083535940682387e-02
5.059686061877520791e-01,-1.186083535940682387e-02
5.059686061877520791e-01,-1.186083535940682387e-02
5.059686061877520791e-01,-1.186083535940682387e-02
5.773920617542591671e-01,-1.030572805637957612e-01
5.773920617542591671e-01,-1.030572805637957612e-01
5.773920617542591671e-01,-1.030572805637957612e-01
5.773920617542591671e-01,-1.030572805637957612e-01
4.798605533844371718e-01,-5.447249927820164983e-02
7.087758436468081236e-01,-4.593779890104658647e-02
7.357919163893992254e-01,6.194133017952400955e-02
7.357919163893992254e-01,6.194133017952400955e-02
7.795196892704555625e-01,3.937230482989415026e-02
7.795196892704555625e-01,3.937230482989415026e-02
7.086309570689430792e-01,1.225724913434235036e-01
7.086309570689430792e-01,1.225724913434235036e-01
7.086309570689430792e-01,1.225724913434235036e-01
7.187049749329949000e-01,3.617636705578124168e-02
7.187049749329949000e-01,3.617636705578124168e-02
7.187049749329949000e-01,3.617636705578124168e-02
7.340175659081854542e-01,1.119872338923827149e-01
7.259977337036179756e-01,1.934895434708789885e-01
7.259977337036179756e-01,1.934895434708789885e-01
7.345370358622869134e-01,2.129578533772123194e-01
7.786728616521296775e-01,1.367795314982964694e-01
7.786728616521296775e-01,1.367795314982964694e-01
5.808499636173698466e-01,-3.844738693716981404e-02
5.792779470611296722e-01,1.471006797278666400e-02
5.792779470611296722e-01,1.471006797278666400e-02
5.792779470611296722e-01,1.471006797278666400e-02
5.792779470611296722e-01,1.471006797278666400e-02
6.686605657209684361e-01,3.180368350431009294e-02
5.676889279423130708e-01,9.091190194599151064e-02
5.676889279423130708e-01,9.091190194599151064e-02
5.676889279423130708e-01,9.091190194599151064e-02
5.742149916213385996e-01,-5.354066477088424703e-02
5.742149916213385996e-01,-5.354066477088424703e-02
5.773399653364035267e-01,1.255579420767534149e-01
6.579372491081563190e-01,1.562139329486756933e-01
5.842749046349292597e-01,2.474471665197984505e-01
5.842749046349292597e-01,2.474471665197984505e-01
6.922352481197080465e-01,7.149114229619180083e-02
6.922352481197080465e-01,7.149114229619180083e-02
6.522346294469995032e-01,4.085098118380391108e-02
6.522346294469995032e-01,4.085098118380391108e-02
7.738161670733403330e-01,2.083378132173694941e-01
7.738161670733403330e-01,2.083378132173694941e-01
7.738161670733403330e-01,2.083378132173694941e-01
5.211526445737957314e-01,4.106839064827344510e-02
5.211526445737957314e-01,4.106839064827344510e-02
5.211526445737957314e-01,4.106839064827344510e-02
7.001692740196469034e-01,1.076502236354806852e-01
7.620976103807347579e-01,-9.082397717127801973e-02
7.620976103807347579e-01,-9.082397717127801973e-02
7.771045231325799385e-01,1.341474232482640083e-01
7.771045231325799385e-01,1.341474232482640083e-01
7.771045231325799385e-01,1.341474232482640083e-01
7.376129837419633795e-01,-2.019347915127782667e-01
7.376129837419633795e-01,-2.019347915127782667e-01
6.816365860385407149e-01,-1.911192733222992768e-01
6.816365860385407149e-01,-1.911192733222992768e-01
7.637308079010418638e-01,1.321954121560824924e-01
7.637308079010418638e-01,1.321954121560824924e-01
7.637308079010418638e-01,1.321954121560824924e-01
6.688369749484291971e-01,1.532352597546426387e-01
6.688369749484291971e-01,1.532352597546426387e-01
6.688369749484291971e-01,1.532352597546426387e-01
5.974176949439964357e-01,1.887284691202844589e-01
6.976005113204194474e-01,1.318925536178294777e-02
8.128133296362159976e-01,8.615024152409793412e-02
7.497285413490536454e-01,-8.413580941342181652e-02
7.497285413490536454e-01,-8.413580941342181652e-02
5.839696011537531817e-01,6.555762822030088144e-02
5.814874954324754652e-01,-2.662766807855573847e-02
5.814874954324754652e-01,-2.662766807855573847e-02
5.814874954324754652e-01,-2.662766807855573847e-02
5.814874954324754652e-01,-2.662766807855573847e-02
5.814874954324754652e-01,-2.662766807855573847e-02
7.400338259877747848e-01,7.421917986207104967e-02
7.400338259877747848e-01,7.421917986207104967e-02
8.469162753977347302e-01,-8.993647306426633126e-02
6.274393127030771788e-01,-1.529248837507410086e-01
7.434159350144771139e-01,6.032071954177109507e-02
7.434159350144771139e-01,6.032071954177109507e-02
7.871982184887711398e-01,-6.024911741924462993e-02
7.871982184887711398e-01,-6.024911741924462993e-02
7.223592406331929006e-01,-1.172570460674897674e-01
7.223592406331929006e-01,-1.172570460674897674e-01
7.223592406331929006e-01,-1.172570460674897674e-01
6.453122172458471972e-01,-1.846101139696800231e-01
6.721178691393066007e-01,6.572245016994898714e-02
6.721178691393066007e-01,6.572245016994898714e-02
6.046406534248688347e-01,-6.450719972284837955e-02
7.259436791722628790e-01,-5.576740096568708061e-02
7.259436791722628790e-01,-5.576740096568708061e-02
7.259436791722628790e-01,-5.576740096568708061e-02
6.755705246954976095e-01,3.485530236471409693e-02
6.755705246954976095e-01,3.485530236471409693e-02
6.755705246954976095e-01,3.485530236471409693e-02
6.755705246954976095e-01,3.485530236471409693e-02
6.755705246954976095e-01,3.485530236471409693e-02
6.755705246954976095e-01,3.485530236471409693e-02
7.523172313604011840e-01,-1.501106221015459374e-01
8.403814040373036587e-01,-1.076789768894552274e-01
8.403814040373036587e-01,-1.076789768894552274e-01
8.869396550290914449e-01,-3.943810694946592310e-05
6.591901949069552957e-01,-6.322031220764670958e-03
6.651409184720483703e-01,2.598745251788969757e-02
6.651409184720483703e-01,2.598745251788969757e-02
6.651409184720483703e-01,2.598745251788969757e-02
6.474481525840746210e-01,-2.434926324726170016e-02
6.474481525840746210e-01,-2.434926324726170016e-02
6.646460833953895531e-01,7.876960169373362075e-02
6.515793432709277022e-01,1.485653665563376746e-01
6.515793432709277022e-01,1.485653665563376746e-01
7.116805978012015199e-01,3.341010203439657988e-02
7.116805978012015199e-01,3.341010203439657988e-02
7.116805978012015199e-01,3.341010203439657988e-02
5.613423215761168539e-01,2.194476127275295924e-02
4.960022611607645127e-01,-1.960927645129934005e-02
4.960022611607645127e-01,-1.960927645129934005e-02
4.960022611607645127e-01,-1.960927645129934005e-02
4.635397054099588687e-01,-1.289705591083302738e-01
4.635397054099588687e-01,-1.289705591083302738e-01
5.934359786679687110e-01,9.281222422755197599e-02
3.968845312127406988e-01,-1.923184016380354022e-02
4.405949950042117313e-01,-1.693215199959041128e-01
4.405949950042117313e-01,-1.693215199959041128e-01
4.405949950042117313e-01,-1.693215199959041128e-01
4.405949950042117313e-01,-1.693215199959041128e-01
6.248687294206936027e-01,-5.105124702502010503e-02
6.248687294206936027e-01,-5.105124702502010503e-02
6.883010133690634635e-01,1.132298571782650171e-01
6.883010133690634635e-01,1.132298571782650171e-01
6.893147600997580060e-01,-7.650869355272064964e-02
7.315228933079135354e-01,1.211174031592975042e-02
7.315228933079135354e-01,1.211174031592975042e-02
7.315228933079135354e-01,1.211174031592975042e-02
7.315228933079135354e-01,1.211174031592975042e-02
7.315228933079135354e-01,1.211174031592975042e-02
7.315228933079135354e-01,1.211174031592975042e-02
7.315228933079135354e-01,1.211174031592975042e-02
7.315228933079135354e-01,1.211174031592975042e-02
7.236535476597001360e-01,5.082099213595182852e-02
6.961354828058052835e-01,8.962120114862813514e-02
5.095479015465744776e-01,1.408051886634754668e-01
7.267465171774691868e-01,2.964598804879774174e-02
7.351984508009550279e-01,-6.734019637983923445e-04
7.351984508009550279e-01,-6.734019637983923445e-04
7.618627684678017653e-01,1.836146530257213583e-01
7.618627684678017653e-01,1.836146530257213583e-01
6.695830747279141182e-01,3.161591962074051243e-01
6.695830747279141182e-01,3.161591962074051243e-01
6.695830747279141182e-01,3.161591962074051243e-01
6.695830747279141182e-01,3.161591962074051243e-01
4.614468789093386647e-01,2.304821517981365253e-01
4.614468789093386647e-01,2.304821517981365253e-01
4.614468789093386647e-01,2.304821517981365253e-01
5.290061053972934246e-01,-5.642944059503540721e-02
5.290061053972934246e-01,-5.642944059503540721e-02
5.735739710198914931e-01,-1.063043023939666543e-01
5.735739710198914931e-01,-1.063043023939666543e-01
5.735739710198914931e-01,-1.063043023939666543e-01
5.735739710198914931e-01,-1.063043023939666543e-01
5.891440849057678619e-01,-3.739309142882507597e-03
6.007250947015775333e-01,5.919536322999761901e-02
6.007250947015775333e-01,5.919536322999761901e-02
6.007250947015775333e-01,5.919536322999761901e-02
5.224832900831513083e-01,-7.435964517240713223e-02
5.861376349491838056e-01,-5.386250867330007186e-02
5.861376349491838056e-01,-5.386250867330007186e-02
5.861376349491838056e-01,-5.386250867330007186e-02
5.861376349491838056e-01,-5.386250867330007186e-02
6.554521641362797135e-01,1.627976812468466261e-01
6.554521641362797135e-01,1.627976812468466261e-01
7.617019995227487517e-01,5.029744306204743387e-02
7.617019995227487517e-01,5.029744306204743387e-02
7.617019995227487517e-01,5.029744306204743387e-02
7.906818234434727088e-01,2.156185427003708965e-01
7.708652800200552768e-01,5.329399784694482944e-02
7.708652800200552768e-01,5.329399784694482944e-02
7.660890470425647525e-01,-6.637839625439416469e-02
8.091923979151151025e-01,1.232599116992029592e-01
8.091923979151151025e-01,1.232599116992029592e-01
7.895251411843459133e-01,2.249726931080737180e-01
7.895251411843459133e-01,2.249726931080737180e-01
7.895251411843459133e-01,2.249726931080737180e-01
5.356134243118295668e-01,3.070824461791155091e-01
5.356134243118295668e-01,3.070824461791155091e-01
5.356134243118295668e-01,3.070824461791155091e-01
7.789334142726453969e-01,3.288708107369201494e-01
8.419852612358119659e-01,2.285186927228292919e-01
6.997041689077295734e-01,2.632939703707388168e-01
6.997041689077295734e-01,2.632939703707388168e-01
6.997041689077295734e-01,2.632939703707388168e-01
8.799349410296851692e-01,6.489450153401316035e-02
9.901390486801083801e-01,2.663654682403965995e-02
9.901390486801083801e-01,2.663654682403965995e-02
9.901390486801083801e-01,2.663654682403965995e-02
7.565958865148023627e-01,1.860032851642842017e-02
7.264153139131419579e-01,9.245204816056293295e-02
7.603146178951105671e-01,-2.187799155938388584e-02
6.699251408596245128e-01,-3.622861619737995087e-02
6.699251408596245128e-01,-3.622861619737995087e-02
6.699251408596245128e-01,-3.622861619737995087e-02
6.699251408596245128e-01,-3.622861619737995087e-02
6.699251408596245128e-01,-3.622861619737995087e-02
6.639354812699290731e-01,1.825105947946240592e-01
7.200936622258388153e-01,1.183212568442209983e-01
4.702273670534339312e-01,2.069409852498603486e-01
4.702273670534339312e-01,2.069409852498603486e-01
2.601500444538193957e-01,2.384493772825485025e-01
3.932596236214300767e-01,3.623920033036379107e-01
3.932596236214300767e-01,3.623920033036379107e-01
4.713733442958527586e-01,3.728332330058611865e-01
5.251964842293818103e-01,4.000063909056581490e-01
4.541371761749972702e-01,2.522475755225528360e-01
4.541371761749972702e-01,2.522475755225528360e-01
6.104096327987688086e-01,1.683051787541985922e-01
6.104096327987688086e-01,1.683051787541985922e-01
6.104096327987688086e-01,1.683051787541985922e-01
6.104096327987688086e-01,1.683051787541985922e-01
6.145615752410682475e-01,-3.290748899832449115e-02
6.145615752410682475e-01,-3.290748899832449115e-02
6.145615752410682475e-01,-3.290748899832449115e-02
5.857421658351810168e-01,-9.436379326193256034e-02
6.787094343016512044e-01,-1.596460365670000769e-02
6.139788536954933207e-01,-3.454614078629603124e-02
6.139788536954933207e-01,-3.454614078629603124e-02
6.139788536954933207e-01,-3.454614078629603124e-02
4.679595578970701109e-01,-5.920472524438942508e-02
4.679595578970701109e-01,-5.920472524438942508e-02
4.679595578970701109e-01,-5.920472524438942508e-02
4.679595578970701109e-01,-5.920472524438942508e-02
4.679595578970701109e-01,-5.920472524438942508e-02
4.679595578970701109e-01,-5.920472524438942508e-02
4.905953470430216568e-01,-1.106410388659111038e-01
6.388200753573125557e-01,-1.253644511588865307e-01
6.388200753573125557e-01,-1.253644511588865307e-01
6.865371737774846883e-01,2.333472766848559976e-03
6.865371737774846883e-01,2.333472766848559976e-03
6.865371737774846883e-01,2.333472766848559976e-03
7.356797504010470501e-01,1.406107776895929289e-03
7.494802432843596929e-01,1.272710231557183181e-03
7.494802432843596929e-01,1.272710231557183181e-03
5.199066034812800385e-01,-9.726464236844242772e-02
6.361966600444718400e-01,1.233850707273659031e-01
6.361966600444718400e-01,1.233850707273659031e-01
7.218442820304125096e-01,-2.684315058978814506e-03
7.218442820304125096e-01,-2.684315058978814506e-03
7.218442820304125096e-01,-2.684315058978814506e-03
7.059979766158782644e-01,-3.803021849020288281e-02
4.978621467278628865e-01,1.129849668212695724e-01
5.110739170793718866e-01,-1.600568436090007429e-01
6.298103137583411781e-01,-1.659232670097789686e-01
4.859484464109367075e-01,-1.258939252640736695e-02
5.009118383888003789e-01,-7.594033957083572151e-02
5.009118383888003789e-01,-7.594033957083572151e-02
7.895659881051320106e-01,1.283940373455315087e-01
7.895659881051320106e-01,1.283940373455315087e-01
5.740651287691534987e-01,1.319406442667655499e-01
6.055124067900419238e-01,-9.603647636135248522e-02
5.270778510014084706e-01,7.501096653558969596e-02
5.270778510014084706e-01,7.501096653558969596e-02
5.270778510014084706e-01,7.501096653558969596e-02
5.270778510014084706e-01,7.501096653558969596e-02
5.270778510014084706e-01,7.501096653558969596e-02
5.270778510014084706e-01,7.501096653558969596e-02
5.270778510014084706e-01,7.501096653558969596e-02
5.270778510014084706e-01,7.501096653558969596e-02
4.041058946418154552e-01,-2.726718308211445452e-03
4.041058946418154552e-01,-2.726718308211445452e-03
4.041058946418154552e-01,-2.726718308211445452e-03
4.041058946418154552e-01,-2.726718308211445452e-03
4.041058946418154552e-01,-2.726718308211445452e-03
4.041058946418154552e-01,-2.726718308211445452e-03
7.961882844783594315e-01,-8.729741475374265189e-03
6.710324821846528343e-01,-4.107066145394622919e-03
5.431192767691239709e-01,-8.544298933939849239e-02
6.411893190109936302e-01,3.990714479887726152e-02
5.292716454324570829e-01,-7.010200655248287338e-03
5.292716454324570829e-01,-7.010200655248287338e-03
5.292716454324570829e-01,-7.010200655248287338e-03
6.716149195853552412e-01,-1.346888490881494316e-01
6.716149195853552412e-01,-1.346888490881494316e-01
6.716149195853552412e-01,-1.346888490881494316e-01
6.480831925972968532e-01,9.692053657887239604e-02
4.335872870385019673e-01,-1.802934260857571580e-01
8.399452110593457199e-01,-2.089744822659244383e-01
9.901349781358256275e-01,1.877844465586121780e-01
8.901394681875045567e-01,-1.676359304362699254e-01
8.901394681875045567e-01,-1.676359304362699254e-01
7.427612287233462673e-01,-2.328763412885269390e-01
7.427612287233462673e-01,-2.328763412885269390e-01
7.427612287233462673e-01,-2.328763412885269390e-01
6.915514281845606126e-01,-3.307809436516572776e-01
6.156937073196190324e-01,-4.305912906078308566e-01
7.933149295362520448e-01,-2.049193946803705701e-01
6.961730596395894199e-01,-9.280353190831248933e-02
6.522623597664872763e-01,4.643755282108587290e-02
6.522623597664872763e-01,4.643755282108587290e-02
6.522623597664872763e-01,4.643755282108587290e-02
4.512634699273476713e-01,3.055049747176969213e-02
4.512634699273476713e-01,3.055049747176969213e-02
4.512634699273476713e-01,3.055049747176969213e-02
2.494678988422489585e-01,7.149421260447449966e-02
2.494678988422489585e-01,7.149421260447449966e-02
2.494678988422489585e-01,7.149421260447449966e-02
2.494678988422489585e-01,7.149421260447449966e-02
1.553308653160456188e-01,2.102373416083647417e-01
5.940674313940425000e-01,3.374038629834913983e-01
5.590400552962206948e-01,2.416998413924302258e-01
2.589944506214884590e-01,8.393142615502319215e-02
2.589944506214884590e-01,8.393142615502319215e-02
2.806712110354938061e-01,-9.564304389896191583e-02
3.609815917920236594e-01,-1.925667646071586581e-01
7.376361649749754168e-01,-3.057971431858050315e-02
7.327191328913682522e-01,-1.531977087304465801e-01
7.327191328913682522e-01,-1.531977087304465801e-01
6.203183461552310707e-01,-1.167483801281940792e-01
7.172335729904225632e-01,-3.360853274569515492e-02
9.090975842547354135e-01,6.267400614179596818e-02
8.412390441190999990e-01,-3.543414318267468222e-02
9.424742971279134185e-01,-1.891578209109094078e-01
9.614341024324640772e-01,2.433599956940890596e-02
9.614341024324640772e-01,2.433599956940890596e-02
9.614341024324640772e-01,2.433599956940890596e-02
9.614341024324640772e-01,2.433599956940890596e-02
9.508450031355554222e-01,-4.503582358718741241e-02
9.933854142425228018e-01,1.272328829755217661e-01
9.933854142425228018e-01,1.272328829755217661e-01
9.486701719496348773e-01,1.702801251993521503e-02
9.486701719496348773e-01,1.702801251993521503e-02
9.486701719496348773e-01,1.702801251993521503e-02
9.486701719496348773e-01,1.702801251993521503e-02
8.467762632743289775e-01,-4.819567710833279339e-02
8.467762632743289775e-01,-4.819567710833279339e-02
8.014632061952720044e-01,-1.348403265810869112e-01
7.481019060561945322e-01,-9.334620997020509625e-02
7.481019060561945322e-01,-9.334620997020509625e-02
6.419804155971855497e-01,-1.906311356573139049e-01
6.481735919636942844e-01,-2.521201567042931080e-01
6.620426354129744784e-01,-4.343760390971665442e-02
4.988483745666490998e-01,-1.997815727313849432e-01
5.731525656114599965e-01,3.155816776057709938e-02
5.731525656114599965e-01,3.155816776057709938e-02
5.731525656114599965e-01,3.155816776057709938e-02
5.731525656114599965e-01,3.155816776057709938e-02
5.731525656114599965e-01,3.155816776057709938e-02
5.731525656114599965e-01,3.155816776057709938e-02
5.703438415584504151e-01,-1.360771337361136452e-02
5.703438415584504151e-01,-1.360771337361136452e-02
5.694769291961074842e-01,4.226296247943697737e-04
7.407049387631355897e-01,-1.573243400296080174e-01
7.316816217826647151e-01,-1.522544734313453774e-01
7.316816217826647151e-01,-1.522544734313453774e-01
7.790741480514331574e-01,-1.997281702133113512e-01
7.790741480514331574e-01,-1.997281702133113512e-01
7.646448400212931817e-01,-7.496002222602617115e-02
7.532223396329000842e-01,1.042226015169187975e-01
7.532223396329000842e-01,1.042226015169187975e-01
7.990662122911490473e-01,7.553135355563200815e-02
7.990662122911490473e-01,7.553135355563200815e-02
5.910159643137083973e-01,7.582148630694225677e-02
6.365560393804550188e-01,8.046712185546396612e-02
4.505852010197499702e-01,7.478022800070227571e-02
3.807080967331148980e-01,-5.097506914070429329e-02
7.428170175462832647e-01,-2.844488184591318844e-02
7.428170175462832647e-01,-2.844488184591318844e-02
7.583657230906264424e-01,1.715984722136839891e-01
7.427383283611214138e-01,2.120253305340510652e-01
7.427383283611214138e-01,2.120253305340510652e-01
7.427383283611214138e-01,2.120253305340510652e-01
7.427383283611214138e-01,2.120253305340510652e-01
7.139613014537421476e-01,-1.583464718153117234e-01
7.149930376354581840e-01,-5.024884465476639472e-02
7.149930376354581840e-01,-5.024884465476639472e-02
6.703722328105095052e-01,4.247738149141505604e-03
4.921470351262204890e-01,-9.102845493921765674e-02
4.921470351262204890e-01,-9.102845493921765674e-02
4.921470351262204890e-01,-9.102845493921765674e-02
2.765710842521528212e-01,-3.307030976580736803e-02
2.765710842521528212e-01,-3.307030976580736803e-02
2.765710842521528212e-01,-3.307030976580736803e-02
2.765710842521528212e-01,-3.307030976580736803e-02
5.285982558649824359e-01,-1.617440688380967009e-02
2.648507241614518892e-01,8.207260351393030895e-02
2.648507241614518892e-01,8.207260351393030895e-02
2.555113923119077257e-01,6.675523486912093851e-02
2.555113923119077257e-01,6.675523486912093851e-02
2.555113923119077257e-01,6.675523486912093851e-02
3.430899063412556349e-01,2.463884615672554124e-01
5.547660294120334568e-01,2.154358650765592076e-01
5.106412680529235359e-01,1.561341927110300731e-01
5.106412680529235359e-01,1.561341927110300731e-01
4.890511736572603074e-01,2.339226429427231913e-01
4.890511736572603074e-01,2.339226429427231913e-01
4.890511736572603074e-01,2.339226429427231913e-01
3.370143849980125061e-01,2.294166629487947584e-01
3.370143849980125061e-01,2.294166629487947584e-01
5.507081200705757906e-01,2.591931749450748224e-01
5.599920515707137447e-01,2.122442892889132293e-01
5.599920515707137447e-01,2.122442892889132293e-01
5.599920515707137447e-01,2.122442892889132293e-01
4.900821226266882658e-01,5.408254342514184909e-02
4.900821226266882658e-01,5.408254342514184909e-02
4.900821226266882658e-01,5.408254342514184909e-02
5.531857043917975947e-01,1.585226584217184764e-01
4.663118839600876031e-01,1.488936057063875162e-01
4.663118839600876031e-01,1.488936057063875162e-01
4.663118839600876031e-01,1.488936057063875162e-01
4.663118839600876031e-01,1.488936057063875162e-01
4.498573511675881820e-01,1.182614724775657988e-01
4.498573511675881820e-01,1.182614724775657988e-01
5.960209294120271117e-01,-1.547556264101729862e-01
5.960209294120271117e-01,-1.547556264101729862e-01
5.960209294120271117e-01,-1.547556264101729862e-01
5.960209294120271117e-01,-1.547556264101729862e-01
7.899264482216761252e-01,3.756981668018841147e-02
8.073751335101188031e-01,1.355453398456118452e-01
9.128202946658529049e-01,-1.212385904784722968e-01
8.372585234805637322e-01,-2.183298220084443908e-01
8.372585234805637322e-01,-2.183298220084443908e-01
8.372585234805637322e-01,-2.183298220084443908e-01
9.867201755922812012e-01,5.629166317757061666e-03
9.867201755922812012e-01,5.629166317757061666e-03
9.867201755922812012e-01,5.629166317757061666e-03
9.867201755922812012e-01,5.629166317757061666e-03
9.825336912894115926e-01,2.777155217514109750e-02
7.401936756989748734e-01,-7.096681718390357441e-02
7.739778324850493663e-01,1.400136696758302879e-02
6.776954566441982797e-01,6.766225975862766306e-02
6.777319061104079001e-01,8.154262574835625943e-02
7.023933008250198284e-01,-8.339266643168842530e-02
7.023933008250198284e-01,-8.339266643168842530e-02
7.173684317232660312e-01,3.599609797526197308e-02
7.173684317232660312e-01,3.599609797526197308e-02
6.930927736260363847e-01,-1.015829784511404627e-01
6.930927736260363847e-01,-1.015829784511404627e-01
6.930927736260363847e-01,-1.015829784511404627e-01
4.237966428541962705e-01,-9.955542415462495520e-02
4.076728085804012247e-01,-8.887747887004855685e-02
4.076728085804012247e-01,-8.887747887004855685e-02
3.585237679167580516e-01,-2.284340368432505319e-01
3.585237679167580516e-01,-2.284340368432505319e-01
3.585237679167580516e-01,-2.284340368432505319e-01
5.184742983710994846e-01,-2.515906420552567191e-01
5.184742983710994846e-01,-2.515906420552567191e-01
5.109144563032216313e-01,-2.494968105547126225e-01
5.109144563032216313e-01,-2.494968105547126225e-01
1.915402443896670470e-01,-3.132155928252288168e-01
3.078001978736150668e-01,-2.973687332448141096e-01
3.078001978736150668e-01,-2.973687332448141096e-01
3.490696582801043890e-01,-2.097472171626215687e-01
3.490696582801043890e-01,-2.097472171626215687e-01
4.183350443369568405e-01,-2.782740073896607380e-01
4.183350443369568405e-01,-2.782740073896607380e-01
4.932859118781224850e-01,-1.825478325166875471e-01
6.019659615525190244e-01,-2.236823645477792333e-01
6.019659615525190244e-01,-2.236823645477792333e-01
4.132599997439507233e-01,-1.615050135507364315e-01
3.286760555067056444e-01,-2.263094444938690275e-02
4.663571430985729016e-01,6.575093076903792966e-02
4.310878183626747906e-01,-1.160019736473559548e-02
5.683573788688995876e-01,-1.443303971020728493e-01
6.581606830191505386e-01,-1.011151509768224988e-01
5.161559832746934751e-01,-1.067645962602664506e-01
5.161559832746934751e-01,-1.067645962602664506e-01
5.161559832746934751e-01,-1.067645962602664506e-01
5.161559832746934751e-01,-1.067645962602664506e-01
5.161559832746934751e-01,-1.067645962602664506e-01
5.161559832746934751e-01,-1.067645962602664506e-01
5.590281767782961930e-01,-1.155410189893412987e-01
4.985069157019604846e-01,-8.283763070693611619e-02
5.654019320911142232e-01,-4.311163160422371715e-02
5.654019320911142232e-01,-4.311163160422371715e-02
5.007207320904114578e-01,1.402499199519931239e-01
5.007207320904114578e-01,1.402499199519931239e-01
5.788241938633396089e-01,-2.855236157378387984e-01
5.788241938633396089e-01,-2.855236157378387984e-01
6.116262692875873430e-01,-2.349052943220021894e-01
6.116262692875873430e-01,-2.349052943220021894e-01
6.071440905781196884e-01,-2.053744453509670498e-02
4.636680607835912404e-01,1.415422250940130688e-01
4.636680607835912404e-01,1.415422250940130688e-01
6.154416960174309281e-01,-1.009498847063358129e-01
6.478896302211192282e-01,-3.581682270670301371e-02
7.488741187214276174e-01,9.035376072122557056e-02
7.488741187214276174e-01,9.035376072122557056e-02
7.078161114916291519e-01,2.026641100615075297e-01
5.913893533091840737e-01,-1.330424299887517092e-02
5.913893533091840737e-01,-1.330424299887517092e-02
5.383021662989765366e-01,2.363665515902546588e-02
5.268005943369330479e-01,-2.733249075723675481e-01
5.268005943369330479e-01,-2.733249075723675481e-01
6.533065751632610718e-01,-1.804652431761843978e-02
6.481142192606675900e-01,-6.500689385220924377e-02
6.481142192606675900e-01,-6.500689385220924377e-02
6.481142192606675900e-01,-6.500689385220924377e-02
6.481142192606675900e-01,-6.500689385220924377e-02
4.240217222786683005e-01,-1.836646774579349106e-01
4.240217222786683005e-01,-1.836646774579349106e-01
4.240217222786683005e-01,-1.836646774579349106e-01
7.093436633197662822e-01,-2.350678299800041393e-01
7.093436633197662822e-01,-2.350678299800041393e-01
7.365122369029438731e-01,-2.192708274215546815e-01
7.365122369029438731e-01,-2.192708274215546815e-01
7.365122369029438731e-01,-2.192708274215546815e-01
4.594142823556731647e-01,-1.362427228142968072e-01
4.594142823556731647e-01,-1.362427228142968072e-01
5.217573487181275116e-01,-1.603951268019491172e-01
5.832206724952530008e-01,-6.752833452405757053e-02
5.832206724952530008e-01,-6.752833452405757053e-02
6.078230194437986844e-01,-5.484755620240838736e-02
6.078230194437986844e-01,-5.484755620240838736e-02
6.078230194437986844e-01,-5.484755620240838736e-02
5.751847085870414045e-01,-6.136603021802228275e-02
6.696290767413820566e-01,-8.078709710849636683e-02
4.311303882487763639e-01,-5.937403020128952102e-02
4.407671742755046584e-01,-7.660490335015601726e-02
4.318970155942067346e-01,1.189424857079823816e-02
4.633867350721692091e-01,1.396034496244998035e-01
4.633867350721692091e-01,1.396034496244998035e-01
5.891391700431896084e-01,-1.131059825000036712e-01
5.436498832870236830e-01,-1.854942475685567027e-01
5.436498832870236830e-01,-1.854942475685567027e-01
5.436498832870236830e-01,-1.854942475685567027e-01
7.524731648234681547e-01,-9.950898901012278364e-03
7.524731648234681547e-01,-9.950898901012278364e-03
7.524731648234681547e-01,-9.950898901012278364e-03
7.524731648234681547e-01,-9.950898901012278364e-03
6.293584877327151883e-01,-1.324510052273243366e-01
4.065560731676939321e-01,-5.853175720828679429e-02
4.556118177812299996e-01,-1.024930432787896639e-01
6.533305811701497490e-01,-6.654508041155340892e-02
6.533305811701497490e-01,-6.654508041155340892e-02
4.058426415272645138e-01,1.729444783877677472e-02
4.781412426950497063e-01,1.075688127681837941e-01
4.781412426950497063e-01,1.075688127681837941e-01
4.920671992378985449e-01,2.683607443604309195e-02
6.537318890283765338e-01,8.599554228896171687e-03
6.537318890283765338e-01,8.599554228896171687e-03
6.537318890283765338e-01,8.599554228896171687e-03
6.537318890283765338e-01,8.599554228896171687e-03
7.218033411175862613e-01,-2.619553768023491838e-02
7.218033411175862613e-01,-2.619553768023491838e-02
7.218033411175862613e-01,-2.619553768023491838e-02
7.218033411175862613e-01,-2.619553768023491838e-02
7.218033411175862613e-01,-2.619553768023491838e-02
7.042918579178101268e-01,-5.069526473969658553e-02
7.799424994408538092e-01,1.624200420572735615e-01
7.799424994408538092e-01,1.624200420572735615e-01
7.811433827675124952e-01,-1.984200944895908592e-02
8.599766097915968466e-01,1.128893024151608054e-02
8.181445504313937800e-01,-3.391839093854640691e-02
6.546492523965401489e-01,-1.795396112034399472e-01
6.364929556784383324e-01,-2.512127175174332927e-01
6.364929556784383324e-01,-2.512127175174332927e-01
4.345321186615407338e-01,-2.540822095269745229e-01
4.345321186615407338e-01,-2.540822095269745229e-01
4.345321186615407338e-01,-2.540822095269745229e-01
4.610752209815902614e-01,-2.910519349672518463e-01
6.775426425667407937e-01,-3.050541075080527298e-01
6.775426425667407937e-01,-3.050541075080527298e-01
6.775426425667407937e-01,-3.050541075080527298e-01
5.553278292425675167e-01,-2.969241239501636542e-01
5.352417662929481734e-01,-6.768874352641277015e-02
5.053361740007338287e-01,5.701962472012375716e-02
3.717511056215125897e-01,1.744390527302223104e-01
3.717511056215125897e-01,1.744390527302223104e-01
5.512582139852110208e-01,1.450878628402781090e-01
3.887076140710281624e-01,2.815073786755187268e-02
3.887076140710281624e-01,2.815073786755187268e-02
7.641652430594010337e-01,2.350139500674884863e-01
7.641652430594010337e-01,2.350139500674884863e-01
7.024615343814938351e-01,2.560774053963481012e-01
6.062250301181770773e-01,2.775188820435668946e-01
6.062250301181770773e-01,2.775188820435668946e-01
6.062250301181770773e-01,2.775188820435668946e-01
4.677771048598946546e-01,2.376829470968229996e-01
6.649162587894926757e-01,2.087928403222813478e-01
6.649162587894926757e-01,2.087928403222813478e-01
6.649162587894926757e-01,2.087928403222813478e-01
7.507809896488351065e-01,6.443172579347669626e-02
7.507809896488351065e-01,6.443172579347669626e-02
7.507809896488351065e-01,6.443172579347669626e-02
5.204875333643487201e-01,1.698419288403461846e-01
5.204875333643487201e-01,1.698419288403461846e-01
4.365660798674535492e-01,-1.150264572448347900e-02
6.140998794550970308e-01,6.243765833852858715e-02
6.140998794550970308e-01,6.243765833852858715e-02
5.814852583085975413e-01,5.210168157342824624e-02
5.814852583085975413e-01,5.210168157342824624e-02
7.913002984752949276e-01,-1.278103306533604488e-01
6.805896499595860405e-01,8.980930556780164498e-02
5.828455791253298601e-01,-5.595233536596036505e-03
5.828455791253298601e-01,-5.595233536596036505e-03
6.951148701758046444e-01,-1.554842550574464521e-01
6.951148701758046444e-01,-1.554842550574464521e-01
5.116819146743607494e-01,-1.303564892727086533e-01
5.807618807806039785e-01,1.616813333484412585e-01
5.807618807806039785e-01,1.616813333484412585e-01
6.557082058574028594e-01,7.565421531831476032e-02
6.557082058574028594e-01,7.565421531831476032e-02
6.557082058574028594e-01,7.565421531831476032e-02
5.546650464316102980e-01,5.180099579545739685e-02
5.546650464316102980e-01,5.180099579545739685e-02
5.546650464316102980e-01,5.180099579545739685e-02
5.233759705772951243e-01,-6.134573890236351412e-02
4.355433558654572823e-01,-1.941811363100769405e-01
4.700816355978771344e-01,-6.957906464890029063e-04
4.700816355978771344e-01,-6.957906464890029063e-04
4.700816355978771344e-01,-6.957906464890029063e-04
4.700816355978771344e-01,-6.957906464890029063e-04
4.825949573028434636e-01,1.096439732715797089e-01
4.535681342855245601e-01,1.156983583109223029e-01
5.338403019422082174e-01,2.146145117654828516e-01
7.559124977647936339e-01,8.588192170847547269e-02
5.493603172569304638e-01,-8.129458593631183616e-02
5.493603172569304638e-01,-8.129458593631183616e-02
5.493603172569304638e-01,-8.129458593631183616e-02
5.493603172569304638e-01,-8.129458593631183616e-02
7.520796396693687491e-01,-1.019534079163170737e-01
7.520796396693687491e-01,-1.019534079163170737e-01
8.911784066708106078e-01,-8.993928425825659101e-02
8.911784066708106078e-01,-8.993928425825659101e-02
6.844191283445395513e-01,8.673409028100695362e-02
7.764461886338572816e-01,1.673720556390201342e-04
7.764461886338572816e-01,1.673720556390201342e-04
7.764461886338572816e-01,1.673720556390201342e-04
6.537053435275569369e-01,1.164090430402632548e-01
6.537053435275569369e-01,1.164090430402632548e-01
6.537053435275569369e-01,1.164090430402632548e-01
7.353962726560214769e-01,5.828940843391158810e-02
5.807932628708500911e-01,-1.060823265780071745e-01
5.807932628708500911e-01,-1.060823265780071745e-01
5.807932628708500911e-01,-1.060823265780071745e-01
5.807932628708500911e-01,-1.060823265780071745e-01
5.807932628708500911e-01,-1.060823265780071745e-01
6.937246936673014952e-01,-6.274939410533036943e-02
3.380042547894951954e-01,1.129005443405177445e-01
3.380042547894951954e-01,1.129005443405177445e-01
3.380042547894951954e-01,1.129005443405177445e-01
4.327983573977002285e-01,-8.818102312300138412e-03
5.857508847200734170e-01,1.188017685273248109e-01
5.857508847200734170e-01,1.188017685273248109e-01
4.608529415690855169e-01,-8.389675929236492524e-03
4.490410105360444493e-01,9.575156287239200426e-02
6.496672692262384086e-01,1.610847694261165752e-01
6.496672692262384086e-01,1.610847694261165752e-01
6.496672692262384086e-01,1.610847694261165752e-01
6.851871203016151046e-01,2.129318232183316506e-01
6.851871203016151046e-01,2.129318232183316506e-01
6.851871203016151046e-01,2.129318232183316506e-01
3.542594504389079968e-01,9.408364816023642718e-02
3.542594504389079968e-01,9.408364816023642718e-02
3.542594504389079968e-01,9.408364816023642718e-02
3.214181552222615812e-01,6.586311354510396288e-02
2.282476016591018231e-01,-5.681603477694485704e-02
3.966123734397983269e-01,-2.521326117820341661e-01
3.966123734397983269e-01,-2.521326117820341661e-01
1.972256172965306253e-01,-2.144983122404636733e-02
1.972256172965306253e-01,-2.144983122404636733e-02
7.865256870308240389e-02,-3.402979541028547383e-02
7.865256870308240389e-02,-3.402979541028547383e-02
2.293548692516635401e-01,-2.569485699726603567e-02
2.662875365769542535e-01,1.378021769663205220e-01
2.330711809259135292e-01,2.850941185495498575e-01
2.330711809259135292e-01,2.850941185495498575e-01
2.330711809259135292e-01,2.850941185495498575e-01
4.829869665847871252e-01,2.740555969191663666e-01
6.970678569730335283e-01,2.158448152814755883e-01
6.519319341883903496e-01,2.266030784100520890e-01
7.588444789231036935e-01,7.848433375579169646e-02
7.666332460363423085e-01,-1.157283656626609258e-03
7.666332460363423085e-01,-1.157283656626609258e-03
7.783772952226960529e-01,-5.156069088986969806e-02
7.783772952226960529e-01,-5.156069088986969806e-02
8.933489287823705993e-01,-1.294492347197953031e-01
9.534139340745436675e-01,-7.163077135879089563e-03
8.792291722353702266e-01,-5.487148853548362570e-02
8.792291722353702266e-01,-5.487148853548362570e-02
8.257028247444061497e-01,-1.403368111151321873e-01
6.483652496094991502e-01,-1.744365139757816929e-01
6.483652496094991502e-01,-1.744365139757816929e-01
6.705666703416898189e-01,-3.882113853334681619e-02
4.777728737074697918e-01,2.482921775308100099e-02
6.755612884833512854e-01,-5.247707121705434685e-02
6.755612884833512854e-01,-5.247707121705434685e-02
8.067264489078878054e-01,4.723038329131221125e-03
8.544419956501841940e-01,1.010559996543492454e-02
8.551041374853753929e-01,1.888896238052081150e-02
5.019903062985855424e-01,-1.032689748588793699e-01
5.019903062985855424e-01,-1.032689748588793699e-01
4.366088654046114681e-01,-7.679307533907295258e-02
4.366088654046114681e-01,-7.679307533907295258e-02
6.312175258675103429e-01,-1.393486529848427802e-01
6.312175258675103429e-01,-1.393486529848427802e-01
4.862415347086243567e-01,-1.919285204115155075e-02
4.862415347086243567e-01,-1.919285204115155075e-02
6.479358993548486323e-01,6.567945256988244607e-02
6.479358993548486323e-01,6.567945256988244607e-02
5.989131908416250871e-01,-5.997615908964468168e-02
6.711874286115545596e-01,-1.697523075916057556e-01
6.711874286115545596e-01,-1.697523075916057556e-01
5.738387126557913387e-01,-3.011612654580745341e-01
5.738387126557913387e-01,-3.011612654580745341e-01
7.127938953077452844e-01,-2.081320499213383524e-01
5.479266941079825592e-01,-1.396927392812197799e-01
5.479266941079825592e-01,-1.396927392812197799e-01
6.041790305969544361e-01,-2.346498900994579973e-01
6.041790305969544361e-01,-2.346498900994579973e-01
6.041790305969544361e-01,-2.346498900994579973e-01
4.222453225053127701e-01,-1.190690155337820050e-01
7.126884236391082261e-01,-1.052913802068368154e-01
7.126884236391082261e-01,-1.052913802068368154e-01
2.003225045414701588e-01,-1.058886361007650712e-02
4.488890467281402286e-01,1.240379547053065551e-01
3.242470642113655654e-01,2.022116180373019212e-01
2.123685448554993305e-01,4.002837761964624930e-01
2.899380049353070810e-01,1.468433134567406761e-01
2.882041617923038479e-01,-2.343144378740505407e-02
2.882041617923038479e-01,-2.343144378740505407e-02
2.882041617923038479e-01,-2.343144378740505407e-02
3.503248134916142620e-01,1.820883439723540997e-01
3.503248134916142620e-01,1.820883439723540997e-01
5.306889970303605431e-01,3.526255116596355155e-01
5.195603332340350544e-01,6.732034775301676266e-02
5.195603332340350544e-01,6.732034775301676266e-02
4.658185450402304584e-01,1.478625103367859350e-01
4.658185450402304584e-01,1.478625103367859350e-01
4.107340228063615650e-01,1.726951216056399341e-01
4.107340228063615650e-01,1.726951216056399341e-01
4.107340228063615650e-01,1.726951216056399341e-01
7.588840833242005424e-01,1.002906522342082857e-01
7.588840833242005424e-01,1.002906522342082857e-01
7.588840833242005424e-01,1.002906522342082857e-01
8.515717215199728463e-01,2.124721604368773331e-01
7.977404166229329352e-01,1.427405248188969855e-01
7.977404166229329352e-01,1.427405248188969855e-01
7.977404166229329352e-01,1.427405248188969855e-01
8.007299137935748323e-01,1.361378994983264146e-01
8.007299137935748323e-01,1.361378994983264146e-01
8.007299137935748323e-01,1.361378994983264146e-01
6.730716385679493818e-01,4.646500111282357570e-02
6.348741578998824409e-01,2.434418601258454135e-02
6.348741578998824409e-01,2.434418601258454135e-02
6.348741578998824409e-01,2.434418601258454135e-02
6.419170876529646241e-01,1.215640593302279027e-01
6.523636855872017026e-01,-1.317422135474711209e-01
6.523636855872017026e-01,-1.317422135474711209e-01
7.883792589960826325e-01,7.311417116678778361e-02
6.792478212669692539e-01,2.386373292973775484e-01
4.478966689519585653e-01,-3.222360966334950061e-02
3.318602591840966731e-01,-1.536325775993652720e-01
3.318602591840966731e-01,-1.536325775993652720e-01
2.806553795243225680e-01,-1.279498359652216921e-01
2.756606260060743274e-01,-2.066932461863770776e-01
2.756606260060743274e-01,-2.066932461863770776e-01
2.756606260060743274e-01,-2.066932461863770776e-01
1.997856130234716976e-01,-1.818652508427485992e-01
-2.280503230771158130e-02,-2.641375777806222458e-01
-2.280503230771158130e-02,-2.641375777806222458e-01
-2.280503230771158130e-02,-2.641375777806222458e-01
-3.887619903777567165e-02,-3.775191419861007036e-02
-3.887619903777567165e-02,-3.775191419861007036e-02
-3.887619903777567165e-02,-3.775191419861007036e-02
-1.551711168596000001e-01,-2.054149921273615009e-01
-9.230888102064403744e-02,-1.142498034564718434e-01
4.876259323417800329e-03,-2.480944311020258919e-01
-1.429039404778167932e-02,5.487447487719904204e-02
-1.429039404778167932e-02,5.487447487719904204e-02
-1.429039404778167932e-02,5.487447487719904204e-02
3.462127371909040630e-01,-1.272496739909331764e-02
4.745630220410635425e-01,1.497727918371742628e-01
5.127288832925853690e-01,-2.290984057166670362e-01
5.127288832925853690e-01,-2.290984057166670362e-01
3.888860931025413525e-01,-3.027879313235154468e-01
4.786513528588351996e-01,-2.513831835453172459e-01
6.751055423425095237e-01,-2.703273081102414155e-01
7.273618825858982895e-01,-2.247445336788866377e-01
7.273618825858982895e-01,-2.247445336788866377e-01
6.742333627516153838e-01,-1.611144643576202795e-01
7.802215329345268957e-01,-1.135877775840299225e-01
7.475642339458965502e-01,-1.484287321510326385e-01
7.475642339458965502e-01,-1.484287321510326385e-01
7.475642339458965502e-01,-1.484287321510326385e-01
6.059576562663144816e-01,3.375585982806136864e-02
6.059576562663144816e-01,3.375585982806136864e-02
6.059576562663144816e-01,3.375585982806136864e-02
6.356217602031836167e-01,8.295916658815946643e-02
5.888268513978160978e-01,-6.111436633460914924e-02
5.888268513978160978e-01,-6.111436633460914924e-02
5.066052498441867558e-01,-2.438542859616156799e-01
5.066052498441867558e-01,-2.438542859616156799e-01
5.066052498441867558e-01,-2.438542859616156799e-01
5.066052498441867558e-01,-2.438542859616156799e-01
5.066052498441867558e-01,-2.438542859616156799e-01
7.161494028828915281e-01,-6.223378786119157513e-02
7.161494028828915281e-01,-6.223378786119157513e-02
7.161494028828915281e-01,-6.223378786119157513e-02
7.616517110657524681e-01,-7.442512344073279329e-02
5.288230558910481660e-01,-2.281187967342406531e-01
5.288230558910481660e-01,-2.281187967342406531e-01
6.277317729775911959e-01,2.154809113938206677e-01
6.277317729775911959e-01,2.154809113938206677e-01
5.801640413912071415e-01,2.099550857721305674e-01
6.582116160597631938e-01,1.031301971241201931e-01
6.802548669474508536e-01,-2.087694597163537447e-01
7.424349573647039957e-01,-8.461357068416246185e-02
7.424349573647039957e-01,-8.461357068416246185e-02
4.494160308997572906e-01,7.478149152318876169e-02
4.756862486050235650e-01,9.013804319293100553e-02
4.756862486050235650e-01,9.013804319293100553e-02
4.756862486050235650e-01,9.013804319293100553e-02
6.426021246352064953e-01,1.116274754235327404e-01
6.426021246352064953e-01,1.116274754235327404e-01
6.426021246352064953e-01,1.116274754235327404e-01
6.426021246352064953e-01,1.116274754235327404e-01
4.743402734537537357e-01,1.428936581783838700e-01
4.743402734537537357e-01,1.428936581783838700e-01
5.744317656424637875e-01,2.220647822603596944e-01
5.744317656424637875e-01,2.220647822603596944e-01
5.744317656424637875e-01,2.220647822603596944e-01
5.744317656424637875e-01,2.220647822603596944e-01
5.359890366233783787e-01,6.928640722056950141e-02
5.359890366233783787e-01,6.928640722056950141e-02
5.359890366233783787e-01,6.928640722056950141e-02
6.375647907590997754e-01,3.653819558850337351e-02
8.006364671140483447e-01,6.563482191432506996e-02
8.006364671140483447e-01,6.563482191432506996e-02
7.729406766133876117e-01,1.479639376139474383e-02
7.729406766133876117e-01,1.479639376139474383e-02
7.729406766133876117e-01,1.479639376139474383e-02
7.729406766133876117e-01,1.479639376139474383e-02
7.737202916267190700e-01,1.026366742262716514e-01
7.737202916267190700e-01,1.026366742262716514e-01
7.737202916267190700e-01,1.026366742262716514e-01
7.626936656485053811e-01,-1.492668572802578753e-02
7.626936656485053811e-01,-1.492668572802578753e-02
5.648058405404524640e-01,-1.764999019361809252e-01
5.704798094348118020e-01,-1.582015384252835888e-01
5.704798094348118020e-01,-1.582015384252835888e-01
5.518433382073535398e-01,-5.432138801368931180e-02
5.518433382073535398e-01,-5.432138801368931180e-02
5.518433382073535398e-01,-5.432138801368931180e-02
8.555486606062068233e-01,-1.336213476631680219e-01
9.812475937327054254e-01,-1.916688839930411892e-01
9.088413028051065545e-01,-1.125372033998065235e-01
9.088413028051065545e-01,-1.125372033998065235e-01
7.985004816079290801e-01,-2.510351378479536155e-01
7.985004816079290801e-01,-2.510351378479536155e-01
7.985004816079290801e-01,-2.510351378479536155e-01
9.391882096962282933e-01,-1.060531440069672204e-01
8.561976553929798728e-01,1.548040261635009462e-01
5.176715479374021101e-01,2.545249723821025323e-01
5.176715479374021101e-01,2.545249723821025323e-01
5.562867598726874974e-01,3.837971430701705988e-02
5.562867598726874974e-01,3.837971430701705988e-02
5.562867598726874974e-01,3.837971430701705988e-02
5.544709741781274071e-01,-5.175767720042100117e-02
6.179966742578411054e-01,-1.046466555164600881e-01
6.179966742578411054e-01,-1.046466555164600881e-01
6.348195077234507488e-01,-3.847009823623359637e-01
7.245482181458267057e-01,-3.228253695015086411e-01
7.245482181458267057e-01,-3.228253695015086411e-01
6.144126704678480877e-01,-1.969135124024775363e-01
6.488130617703458114e-01,-7.623438682698034652e-02
6.488130617703458114e-01,-7.623438682698034652e-02
6.488130617703458114e-01,-7.623438682698034652e-02
6.488130617703458114e-01,-7.623438682698034652e-02
6.488130617703458114e-01,-7.623438682698034652e-02
6.488130617703458114e-01,-7.623438682698034652e-02
6.488130617703458114e-01,-7.623438682698034652e-02
4.610249691692619445e-01,-9.096889008926971332e-02
3.875197486147132220e-01,-9.422282340410709223e-02
3.875197486147132220e-01,-9.422282340410709223e-02
4.899403944274420830e-01,2.213274308096456477e-02
5.810305426182088562e-01,8.298976914938305249e-02
5.810305426182088562e-01,8.298976914938305249e-02
3.898189467172099576e-01,5.719323858479137546e-02
4.390183076807774309e-01,2.037323408137665243e-02
5.885071880172512149e-01,1.036118242383502787e-02
5.076394026122517111e-01,7.642418669172539036e-02
5.076394026122517111e-01,7.642418669172539036e-02
5.076394026122517111e-01,7.642418669172539036e-02
5.076394026122517111e-01,7.642418669172539036e-02
6.944570333383581762e-01,1.612288187093268155e-01
5.886268951185360532e-01,-6.775441095873030450e-02
5.886268951185360532e-01,-6.775441095873030450e-02
6.213079584644984887e-01,3.769252336177786322e-02
6.213079584644984887e-01,3.769252336177786322e-02
6.213079584644984887e-01,3.769252336177786322e-02
5.083262883001856691e-01,-7.740280838364214933e-02
5.659624115362296148e-01,-1.962278077068488336e-03
5.659624115362296148e-01,-1.962278077068488336e-03
5.659624115362296148e-01,-1.962278077068488336e-03
6.548144414507701683e-01,5.831441082201764201e-03
5.101846065307910072e-01,-3.746084216519610793e-02
5.101846065307910072e-01,-3.746084216519610793e-02
5.101846065307910072e-01,-3.746084216519610793e-02
5.101846065307910072e-01,-3.746084216519610793e-02
5.101846065307910072e-01,-3.746084216519610793e-02
5.101846065307910072e-01,-3.746084216519610793e-02
5.101846065307910072e-01,-3.746084216519610793e-02
5.372086292801048213e-01,-3.165285244996122321e-02
5.372086292801048213e-01,-3.165285244996122321e-02
5.352069638632852566e-01,5.257841863362538309e-02
5.352069638632852566e-01,5.257841863362538309e-02
5.352069638632852566e-01,5.257841863362538309e-02
4.854972775670999274e-01,-9.752622683746392518e-02
5.551850168716372380e-01,-2.602460336624589643e-01
6.005757422632040932e-01,-1.630814797188209764e-01
6.005757422632040932e-01,-1.630814797188209764e-01
4.334130825934976450e-01,1.143608626062017075e-01
5.532066662708249316e-01,5.845153060056521022e-03
4.510692084176460837e-01,-4.083104960006066902e-02
5.120785163818093455e-01,-4.462469670665408783e-03
5.120785163818093455e-01,-4.462469670665408783e-03
5.120785163818093455e-01,-4.462469670665408783e-03
5.120785163818093455e-01,-4.462469670665408783e-03
5.120785163818093455e-01,-4.462469670665408783e-03
4.463245158399619661e-01,-5.013219142500067310e-02
4.319167928959052327e-01,-1.315934718484974009e-01
4.830394740005983234e-01,-4.052589801383651991e-02
5.425903705174822678e-01,-1.333141157135342425e-01
6.000224983299311532e-01,2.303031193177512703e-03
6.000224983299311532e-01,2.303031193177512703e-03
4.099046427580186336e-01,3.566188339548212460e-02
6.665759232650126931e-01,3.784931120065984644e-02
5.120002475301630440e-01,2.666079875439274494e-01
8.541313543605033587e-01,9.223201085449272973e-02
6.349405234915740381e-01,-1.053582046588963372e-01
6.349405234915740381e-01,-1.053582046588963372e-01
6.151508752114870360e-01,-1.226750105496893090e-01
5.466473871148261887e-01,-3.117368276577187070e-03
5.175510752618576182e-01,-5.824142022850255229e-02
5.175510752618576182e-01,-5.824142022850255229e-02
5.175510752618576182e-01,-5.824142022850255229e-02
5.175510752618576182e-01,-5.824142022850255229e-02
5.175510752618576182e-01,-5.824142022850255229e-02
5.175510752618576182e-01,-5.824142022850255229e-02
7.268600832248139909e-01,1.169010447146532489e-01
7.268600832248139909e-01,1.169010447146532489e-01
7.268600832248139909e-01,1.169010447146532489e-01
6.338755806588642905e-01,2.970518886768777622e-01
6.357906302940351528e-01,4.518567978508741811e-02
6.357906302940351528e-01,4.518567978508741811e-02
6.357906302940351528e-01,4.518567978508741811e-02
6.320552836116659634e-01,-1.064366075126003952e-01
5.944870750089485956e-01,-1.379398762410978252e-01
3.351391472469926747e-01,-5.021793267033286545e-02
3.971543324143541609e-01,-3.060911714320668775e-02
3.971543324143541609e-01,-3.060911714320668775e-02
3.971543324143541609e-01,-3.060911714320668775e-02
3.971543324143541609e-01,-3.060911714320668775e-02
3.971543324143541609e-01,-3.060911714320668775e-02
3.971543324143541609e-01,-3.060911714320668775e-02
3.971543324143541609e-01,-3.060911714320668775e-02
5.637936477902412147e-01,2.195646729439238998e-01
7.669493922069072767e-01,1.564889556909875856e-01
5.134642513076552728e-01,2.726423965413475314e-01
8.689620480715236628e-01,9.058004880110032131e-02
8.689620480715236628e-01,9.058004880110032131e-02
6.316195977138954198e-01,1.843040371998491411e-01
5.449167663303693399e-01,-1.292510687245988221e-01
5.449167663303693399e-01,-1.292510687245988221e-01
5.449167663303693399e-01,-1.292510687245988221e-01
3.724416254250233482e-01,9.082652186286349627e-02
3.724416254250233482e-01,9.082652186286349627e-02
3.342117370276789790e-01,-6.773923320682578852e-02
3.342117370276789790e-01,-6.773923320682578852e-02
3.342117370276789790e-01,-6.773923320682578852e-02
2.063295023035954245e-01,-4.294765057511913675e-02
2.047438648642841141e-01,-1.179329064410162969e-01
1.544459544682779406e-01,1.985496144632724058e-01
1.544459544682779406e-01,1.985496144632724058e-01
1.544459544682779406e-01,1.985496144632724058e-01
5.757281591984951818e-01,3.877444912422126078e-02
6.376136483546351874e-01,1.522126710581566678e-01
6.223502230281375835e-01,9.092531660913473479e-02
6.223502230281375835e-01,9.092531660913473479e-02
6.223502230281375835e-01,9.092531660913473479e-02
6.223502230281375835e-01,9.092531660913473479e-02
5.140101482934371635e-01,2.866407877185162545e-01
2.882318003913437177e-01,1.591198454071940382e-01
4.190661353291141311e-01,-4.535547154535560233e-02
4.190661353291141311e-01,-4.535547154535560233e-02
5.804675822073532832e-01,-1.681265665448141156e-01
5.804675822073532832e-01,-1.681265665448141156e-01
5.804675822073532832e-01,-1.681265665448141156e-01
5.430705677755442995e-01,4.561758110094932261e-02
5.430705677755442995e-01,4.561758110094932261e-02
5.430705677755442995e-01,4.561758110094932261e-02
5.430705677755442995e-01,4.561758110094932261e-02
5.929343929448331885e-01,-1.312650923476651327e-02
5.929343929448331885e-01,-1.312650923476651327e-02
6.234722474263565406e-01,-9.301327126683602703e-03
6.454147957381879408e-01,-4.246290660674170714e-02
6.454147957381879408e-01,-4.246290660674170714e-02
6.454147957381879408e-01,-4.246290660674170714e-02
6.454147957381879408e-01,-4.246290660674170714e-02
6.454147957381879408e-01,-4.246290660674170714e-02
6.454147957381879408e-01,-4.246290660674170714e-02
6.566739786620863217e-01,-2.506132065243670340e-02
6.566739786620863217e-01,-2.506132065243670340e-02
6.583120777579672955e-01,3.517028206035791027e-02
6.583120777579672955e-01,3.517028206035791027e-02
6.469792367849065418e-01,1.552332744078946392e-01
6.469792367849065418e-01,1.552332744078946392e-01
6.469792367849065418e-01,1.552332744078946392e-01
6.469792367849065418e-01,1.552332744078946392e-01
6.953364143784676044e-01,3.625238213776467433e-02
5.098255684851503711e-01,7.762516532363405997e-02
4.378792073946870533e-01,-3.213393336641462428e-02
5.102322599076705156e-01,1.353133184616885365e-01
5.102322599076705156e-01,1.353133184616885365e-01
6.063449241414878843e-01,-1.362185342712909919e-01
6.131921638074016023e-01,-1.186422899542460829e-03
6.131921638074016023e-01,-1.186422899542460829e-03
4.200414678168329363e-01,5.179294074450285779e-02
3.872449441253809077e-01,2.079084860954614339e-02
3.872449441253809077e-01,2.079084860954614339e-02
4.518885883499827449e-01,2.287064858096602912e-02
3.899407506402323698e-01,7.055230577811041209e-03
3.899407506402323698e-01,7.055230577811041209e-03
4.194687943561528631e-01,-4.517092762116466098e-02
4.194687943561528631e-01,-4.517092762116466098e-02
4.194687943561528631e-01,-4.517092762116466098e-02
4.194687943561528631e-01,-4.517092762116466098e-02
5.548762172057762898e-01,-5.743057308930099580e-04
5.548762172057762898e-01,-5.743057308930099580e-04
5.548762172057762898e-01,-5.743057308930099580e-04
4.201822934425344380e-01,-1.643795404329400633e-01
4.201822934425344380e-01,-1.643795404329400633e-01
4.017219693629776045e-01,-8.873919463894261450e-02
4.310332432408138792e-01,3.317737931727068879e-02
4.310332432408138792e-01,3.317737931727068879e-02
5.983337289283734428e-01,7.534187290800602177e-02
7.343083179644547265e-01,6.904410507862433766e-02
6.268604523069406520e-01,5.586268532654656976e-02
5.623867429645784677e-01,-2.706788388027493025e-02
5.699227578398673444e-01,-1.890395767412346439e-02
5.699227578398673444e-01,-1.890395767412346439e-02
4.430022919237890378e-01,2.169170736315296777e-01
2.276330629002790984e-01,1.483005206601745452e-01
2.276330629002790984e-01,1.483005206601745452e-01
1.747678638456777178e-01,9.988073495685811931e-03
1.747678638456777178e-01,9.988073495685811931e-03
1.747678638456777178e-01,9.988073495685811931e-03
1.747678638456777178e-01,9.988073495685811931e-03
1.747678638456777178e-01,9.988073495685811931e-03
1.837823823519847133e-01,6.510268061916582583e-02
1.837823823519847133e-01,6.510268061916582583e-02
1.837823823519847133e-01,6.510268061916582583e-02
1.837823823519847133e-01,6.510268061916582583e-02
1.837823823519847133e-01,6.510268061916582583e-02
5.225218131303355218e-01,3.359560068405716970e-01
4.516168946551156749e-01,7.254491785378069935e-02
8.057964689939336456e-01,6.977560109384371712e-02
8.210366352780054111e-01,-3.772804123055664705e-02
8.210366352780054111e-01,-3.772804123055664705e-02
8.210366352780054111e-01,-3.772804123055664705e-02
6.928293997429730844e-01,-1.381856664802209311e-01
6.928293997429730844e-01,-1.381856664802209311e-01
7.550880436373199611e-01,-5.888075516078759841e-02
7.550880436373199611e-01,-5.888075516078759841e-02
5.150803729673817388e-01,-2.266955805949355529e-01
5.249597277669924011e-01,-2.429433006345108059e-01
4.820379126538798520e-01,-1.273080611292480013e-01
4.820379126538798520e-01,-1.273080611292480013e-01
5.241380490495008981e-01,-1.667006230004056122e-02
6.250638523373014399e-01,1.642643684495131984e-02
6.250638523373014399e-01,1.642643684495131984e-02
6.569442688998105018e-01,2.136980496845432981e-03
6.569442688998105018e-01,2.136980496845432981e-03
6.569442688998105018e-01,2.136980496845432981e-03
6.569442688998105018e-01,2.136980496845432981e-03
6.569442688998105018e-01,2.136980496845432981e-03
6.688204594842050987e-01,-6.520515567184972938e-02
6.688204594842050987e-01,-6.520515567184972938e-02
5.380630734277408456e-01,-2.652869914859523059e-01
5.647556763429569804e-01,-9.529805802493684919e-02
5.647556763429569804e-01,-9.529805802493684919e-02
5.149403655819575487e-01,-1.950451635285112839e-01
5.149403655819575487e-01,-1.950451635285112839e-01
4.718856772492840967e-01,-6.014508289133779773e-02
4.718856772492840967e-01,-6.014508289133779773e-02
4.718856772492840967e-01,-6.014508289133779773e-02
4.718856772492840967e-01,-6.014508289133779773e-02
6.644834239509663787e-01,6.319857859848368453e-02
5.646467724124177856e-01,1.041039260303761593e-01
4.487253057539500878e-01,-6.774628358382825399e-02
4.487253057539500878e-01,-6.774628358382825399e-02
4.487253057539500878e-01,-6.774628358382825399e-02
4.487253057539500878e-01,-6.774628358382825399e-02
3.056839659247274632e-01,-3.047377245730049644e-01
3.588949703993488116e-01,-2.560674535706718435e-01
4.423118745283807773e-01,5.061470243967147731e-02
3.876130476785110135e-01,-5.921966818806123634e-02
3.876130476785110135e-01,-5.921966818806123634e-02
3.876130476785110135e-01,-5.921966818806123634e-02
7.279549090116232968e-01,-3.121800743914908693e-01
5.367638452131557880e-01,-3.271886625207466315e-01
3.882675962043867779e-01,-3.096666928327762025e-01
3.882675962043867779e-01,-3.096666928327762025e-01
2.290889884828816725e-01,-2.994974614682741065e-01
2.290889884828816725e-01,-2.994974614682741065e-01
2.290889884828816725e-01,-2.994974614682741065e-01
1.689275056879937231e-01,-8.719298750459328340e-02
3.538512820593130437e-01,-1.335005294512328355e-01
2.792870029633717222e-01,-2.446936557239497712e-01
2.792870029633717222e-01,-2.446936557239497712e-01
2.184785565105159255e-01,-2.481165655454854457e-01
2.184785565105159255e-01,-2.481165655454854457e-01
3.726153161310309381e-01,-3.135936237614143085e-01
4.714227987262753494e-01,-4.023723987616744102e-01
4.714227987262753494e-01,-4.023723987616744102e-01
4.714227987262753494e-01,-4.023723987616744102e-01
4.714227987262753494e-01,-4.023723987616744102e-01
4.714227987262753494e-01,-4.023723987616744102e-01
3.693379250689710069e-01,-1.316066010402250352e-01
5.606928918891560532e-01,2.616762511644379341e-01
7.660061654985617086e-01,2.426214327537538351e-01
7.660061654985617086e-01,2.426214327537538351e-01
5.643457444100549170e-01,7.165753988781886630e-02
5.643457444100549170e-01,7.165753988781886630e-02
5.288613700348188118e-01,-1.231047652019595373e-01
6.205914804005334684e-01,-2.080701150011422806e-02
6.205914804005334684e-01,-2.080701150011422806e-02
6.205914804005334684e-01,-2.080701150011422806e-02
7.338252900662805001e-01,1.829758980003419189e-01
7.338252900662805001e-01,1.829758980003419189e-01
7.338252900662805001e-01,1.829758980003419189e-01
8.723456515570209291e-01,4.407168292319413316e-02
7.176556735036803136e-01,1.017584494642353454e-01
8.599197483040206258e-01,-1.114202161701916272e-01
8.599197483040206258e-01,-1.114202161701916272e-01
8.599197483040206258e-01,-1.114202161701916272e-01
8.599197483040206258e-01,-1.114202161701916272e-01
8.599197483040206258e-01,-1.114202161701916272e-01
8.599197483040206258e-01,-1.114202161701916272e-01
7.880336329125019468e-01,-9.383327018175907641e-02
7.035039528145755616e-01,3.687886184434016612e-02
6.108153555337867413e-01,-8.289724803311371293e-02
6.108153555337867413e-01,-8.289724803311371293e-02
6.108153555337867413e-01,-8.289724803311371293e-02
6.108153555337867413e-01,-8.289724803311371293e-02
6.108153555337867413e-01,-8.289724803311371293e-02
6.710354474249914380e-01,9.286557547974361171e-03
6.710354474249914380e-01,9.286557547974361171e-03
4.193233411831589486e-01,-1.672655756615031020e-01
4.193233411831589486e-01,-1.672655756615031020e-01
4.193233411831589486e-01,-1.672655756615031020e-01
4.324054192353173343e-01,-3.745729995077440311e-02
3.895587634185121995e-01,7.517476252202845433e-02
3.895587634185121995e-01,7.517476252202845433e-02
3.895587634185121995e-01,7.517476252202845433e-02
2.008617256486992242e-01,2.133119610270743927e-01
3.033449428476288623e-01,2.892769672702305561e-01
1.816962772507522139e-01,1.313430338976460665e-01
3.585855474493148121e-01,2.245945086393816847e-01
3.585855474493148121e-01,2.245945086393816847e-01
3.585855474493148121e-01,2.245945086393816847e-01
3.585855474493148121e-01,2.245945086393816847e-01
3.585855474493148121e-01,2.245945086393816847e-01
3.585855474493148121e-01,2.245945086393816847e-01
3.613261662652805239e-01,-5.315498380325101024e-02
3.613261662652805239e-01,-5.315498380325101024e-02
3.613261662652805239e-01,-5.315498380325101024e-02
5.741365010059518159e-01,1.996017703982064240e-01
7.777376103564395127e-01,-4.961847148308409783e-02
9.026556006626752504e-01,9.638304135922143301e-02
9.026556006626752504e-01,9.638304135922143301e-02
8.265364370884675793e-01,1.483063204366631693e-02
7.139081618207197000e-01,-1.257202560940548497e-01
6.841389448637050785e-01,-1.186449862487079093e-01
7.197960661136694194e-01,-2.494886709320265905e-01
7.197960661136694194e-01,-2.494886709320265905e-01
7.197960661136694194e-01,-2.494886709320265905e-01
9.077444454620560155e-01,-1.487233277986670932e-01
7.543340169290422281e-01,-1.176029311619719853e-01
7.543340169290422281e-01,-1.176029311619719853e-01
5.052252047202778762e-01,-2.721300944212136086e-01
5.112852516298350691e-01,-4.055004837260614559e-02
5.112852516298350691e-01,-4.055004837260614559e-02
5.112852516298350691e-01,-4.055004837260614559e-02
5.077838428477534638e-01,-3.101853139101869855e-02
3.948068702424021303e-01,-2.298668311464743125e-02
3.405380841630719635e-01,-1.010146355145470631e-01
5.652582155339983538e-01,1.856585697182559780e-02
3.958537017444447859e-01,4.639646072809401611e-02
3.958537017444447859e-01,4.639646072809401611e-02
3.958537017444447859e-01,4.639646072809401611e-02
4.141391635657284409e-01,-4.404829641340443636e-02
4.141391635657284409e-01,-4.404829641340443636e-02
4.141391635657284409e-01,-4.404829641340443636e-02
4.141391635657284409e-01,-4.404829641340443636e-02
5.541990362643106627e-01,-1.782972486967314418e-03
5.541990362643106627e-01,-1.782972486967314418e-03
6.410491599167668086e-01,7.627604053854855626e-02
7.838341963687455172e-01,-4.151741796527426420e-02
7.838341963687455172e-01,-4.151741796527426420e-02
7.838341963687455172e-01,-4.151741796527426420e-02
7.773489789563957642e-01,-6.145096657596331446e-02
5.711254001917082102e-01,-5.895869969809339195e-02
5.697287812823111919e-01,-9.221791376131155404e-02
5.715761084196652186e-01,5.953704861241801427e-02
5.882355840294068994e-01,-1.447537856240275478e-01
5.882355840294068994e-01,-1.447537856240275478e-01
3.397653209022136744e-01,-1.542072438649865762e-01
3.397653209022136744e-01,-1.542072438649865762e-01
4.537988649972301003e-01,1.537921806764249166e-01
4.537988649972301003e-01,1.537921806764249166e-01
4.537988649972301003e-01,1.537921806764249166e-01
5.576676556033103305e-01,1.985943365030560515e-01
4.283662167168715840e-01,-4.706916589332701961e-02
4.283662167168715840e-01,-4.706916589332701961e-02
4.283662167168715840e-01,-4.706916589332701961e-02
4.283662167168715840e-01,-4.706916589332701961e-02
4.283662167168715840e-01,-4.706916589332701961e-02
4.426521308243632213e-01,-1.077402703379298499e-01
5.050949781842857256e-01,-1.058615280353510518e-01
4.728747451123638257e-01,1.936004699578099952e-01
4.858996067094193405e-01,6.919601477329039019e-02
5.509188027744420513e-01,6.899385521356889150e-02
5.509188027744420513e-01,6.899385521356889150e-02
7.549352046540128702e-01,1.144053823896156452e-01
5.149662080792829499e-01,2.017856660771695509e-01
5.149662080792829499e-01,2.017856660771695509e-01
5.149662080792829499e-01,2.017856660771695509e-01
5.149662080792829499e-01,2.017856660771695509e-01
5.149662080792829499e-01,2.017856660771695509e-01
5.149662080792829499e-01,2.017856660771695509e-01
5.149662080792829499e-01,2.017856660771695509e-01
2.837507950122585276e-01,1.667219044145679674e-01
2.530328640896986059e-01,1.425461231705671683e-01
2.530328640896986059e-01,1.425461231705671683e-01
