time_internal,E_eV,x1,y1,z1,x2,y2,z2
0.0,-0.890065287583076,0.0,0.0,0.0,1.2,0.0,0.0
0.002,-0.8900652879556091,4.423386684446157e-06,6e-05,0.0,1.1999955766133155,-6e-05,0.0
0.004,-0.8900652890741538,1.7693209642904133e-05,0.00011999911534985068,0.0,1.199982306790357,-0.00011999911534985068,0.0
0.006,-0.8900652909415477,3.980845704133017e-05,0.00017999646157568607,0.0,1.1999601915429585,-0.00017999646157568607,0.0
0.008,-0.890065293562523,7.076744065772026e-05,0.00023999115455677493,0.0,1.199929232559342,-0.00023999115455677493,0.0
0.01,-0.8900652969437115,0.00011056779313214755,0.0002999823107035091,0.0,1.1998894322068676,-0.0002999823107035091,0.0
0.012,-0.8900653010936501,0.0001592064641126832,0.00035996904713709975,0.0,1.199840793535887,-0.00035996904713709975,0.0
0.014,-0.8900653060227889,0.00021667971529306827,0.0004199504818715551,0.0,1.1997833202847066,-0.0004199504818715551,0.0
0.016,-0.8900653117434999,0.0002829831143368245,0.00047992573399851737,0.0,1.1997170168856628,-0.00047992573399851737,0.0
0.018000000000000002,-0.8900653182700912,0.0003581115276813101,0.0005398939238755408,0.0,1.1996418884723183,-0.0005398939238755408,0.0
0.02,-0.8900653256188151,0.00044205911221404656,0.000599854173318399,0.0,1.1995579408877857,-0.000599854173318399,0.0
0.022,-0.8900653338078873,0.0005348193058124616,0.0006598056057980158,0.0,1.1994651806941872,-0.0006598056057980158,0.0
0.024,-0.8900653428574987,0.0006363848167370128,0.0007197473466426223,0.0,1.1993636151832625,-0.0007197473466426223,0.0
0.026000000000000002,-0.8900653527898352,0.0007467476118664769,0.0007796785232457506,0.0,1.199253252388133,-0.0007796785232457506,0.0
0.028,-0.8900653636290939,0.0008658989037630112,0.0008395982652806832,0.0,1.1991341010962364,-0.0008395982652806832,0.0
0.03,-0.890065375401505,0.0009938291365534147,0.0008995057049219913,0.0,1.199006170863446,-0.0008995057049219913,0.0
0.032,-0.8900653881353514,0.0011305279706118436,0.0009593999770748019,0.0,1.1988694720293875,-0.0009593999770748019,0.0
0.034,-0.8900654018609904,0.0012759842660280574,0.001019280219612449,0.0,1.1987240157339714,-0.001019280219612449,0.0
0.036000000000000004,-0.890065416610874,0.0014301860648441099,0.0010791455736231755,0.0,1.1985698139351553,-0.0010791455736231755,0.0
0.038,-0.8900654324195773,0.001593120572041224,0.0011389951836665725,0.0,1.198406879427958,-0.0011389951836665725,0.0
0.04,-0.8900654493238147,0.0017647741352574394,0.0011988281980404455,0.0,1.198235225864742,-0.0011988281980404455,0.0
0.042,-0.8900654673624712,0.001945132223215457,0.001258643769058829,0.0,1.198054867776784,-0.001258643769058829,0.0
0.044,-0.8900654865766195,0.0021341794028389696,0.0013184410533418765,0.0,1.1978658205971604,-0.0013184410533418765,0.0
0.046,-0.8900655070095483,0.002331899315034624,0.001378219212118374,0.0,1.1976681006849648,-0.001378219212118374,0.0
0.048,-0.8900655287067828,0.0025382746491156363,0.001437977411541649,0.0,1.1974617253508837,-0.001437977411541649,0.0
0.05,-0.8900655517161075,0.002753287115841977,0.0014977148230196592,0.0,1.1972467128841573,-0.0014977148230196592,0.0
0.052000000000000005,-0.8900655760875886,0.00297691741905094,0.001557430623560072,0.0,1.1970230825809482,-0.001557430623560072,0.0
0.054,-0.8900656018735917,0.0032091452258508394,0.0016171239961311659,0.0,1.1967908547741484,-0.0016171239961311659,0.0
0.056,-0.8900656291288038,0.0034499491353495197,0.0016767941300394075,0.0,1.1965500508646496,-0.0016767941300394075,0.0
0.058,-0.8900656579102455,0.003699306645888339,0.00173644022132458,0.0,1.1963006933541107,-0.00173644022132458,0.0
0.06,-0.8900656882772854,0.003957194120751286,0.0017960614731733677,0.0,1.1960428058792478,-0.0017960614731733677,0.0
0.062,-0.8900657202916523,0.004223586752317914,0.0018556570963523214,0.0,1.1957764132476811,-0.0018556570963523214,0.0
0.064,-0.8900657540174399,0.004498458524627862,0.0019152263096611603,0.0,1.1955015414753711,-0.0019152263096611603,0.0
0.066,-0.8900657895211095,0.004781782174323835,0.001974768340407389,0.0,1.1952182178256752,-0.001974768340407389,0.0
0.068,-0.8900658268714897,0.005073529149939068,0.002034282424903237,0.0,1.19492647085006,-0.002034282424903237,0.0
0.07,-0.8900658661397679,0.005373669569494539,0.0020937678089859605,0.0,1.1946263304305045,-0.0020937678089859605,0.0
0.07200000000000001,-0.8900659073994757,0.005682172176370441,0.002153223748562566,0.0,1.1943178278236286,-0.002153223748562566,0.0
0.074,-0.8900659507264699,0.005999004293415785,0.0022126495101800546,0.0,1.1940009957065834,-0.0022126495101800546,0.0
0.076,-0.8900659961989054,0.0063241317752594185,0.002272044371622307,0.0,1.1936758682247397,-0.002272044371622307,0.0
0.078,-0.8900660438971957,0.0066575189587852425,0.002331407622534769,0.0,1.1933424810412139,-0.002331407622534769,0.0
0.08,-0.8900660939039693,0.006999128611734012,0.002390738565078117,0.0,1.1930008713882652,-0.002390738565078117,0.0
0.082,-0.8900661463040133,0.007348921879393788,0.00245003651461212,0.0,1.1926510781206054,-0.00245003651461212,0.0
0.084,-0.8900662011842034,0.00770685822934095,0.0025093008004109466,0.0,1.1922931417706584,-0.0025093008004109466,0.0
0.08600000000000001,-0.890066258633427,0.00807289539419357,0.002568530766411193,0.0,1.1919271046058058,-0.002568530766411193,0.0
0.088,-0.8900663187424854,0.008446989312339073,0.002627725771993933,0.0,1.1915530106876602,-0.002627725771993933,0.0
0.09,-0.8900663816039847,0.008829094066598299,0.0026868851928021375,0.0,1.191170905933401,-0.0026868851928021375,0.0
0.092,-0.8900664473122116,0.00921916182078849,0.002746008421594818,0.0,1.1907808381792109,-0.002746008421594818,0.0
0.094,-0.8900665159629888,0.0096171427541483,0.0028050948691392976,0.0,1.190382857245851,-0.0028050948691392976,0.0
0.096,-0.8900665876535091,0.010022984993588694,0.002864143965143026,0.0,1.1899770150064106,-0.002864143965143026,0.0
0.098,-0.8900666624821528,0.010436634543734597,0.002923155159226387,0.0,1.1895633654562647,-0.002923155159226387,0.0
0.1,-0.8900667405482804,0.010858035214723373,0.0029821279219379754,0.0,1.189141964785276,-0.0029821279219379754,0.0
0.10200000000000001,-0.8900668219519975,0.011287128547727704,0.00304106174581383,0.0,1.1887128714522717,-0.00304106174581383,0.0
0.10400000000000001,-0.8900669067939004,0.011723853738172198,0.0030999561464821477,0.0,1.1882761462618272,-0.0030999561464821477,0.0
0.106,-0.8900669951747825,0.012168147556615116,0.003158810663815006,0.0,1.1878318524433842,-0.003158810663815006,0.0
0.108,-0.8900670871953222,0.012619944267268986,0.0032176248631286437,0.0,1.1873800557327303,-0.0032176248631286437,0.0
0.11,-0.8900671829557282,0.013079175544136644,0.00327639833643386,0.0,1.1869208244558627,-0.00327639833643386,0.0
0.112,-0.8900672825553552,0.013545770384742334,0.0033351307037381033,0.0,1.186454229615257,-0.0033351307037381033,0.0
0.114,-0.8900673860922794,0.01401965502144105,0.0033938216144008115,0.0,1.1859803449785582,-0.0033938216144008115,0.0
0.116,-0.8900674936628371,0.01450075283029327,0.003452470748543585,0.0,1.185499247169706,-0.003452470748543585,0.0
0.11800000000000001,-0.8900676053611192,0.014988984237496708,0.003511077818516749,0.0,1.1850110157625025,-0.003511077818516749,0.0
0.12,-0.8900677212784216,0.015484266623371601,0.003569642570423851,0.0,1.1845157333766276,-0.003569642570423851,0.0
0.122,-0.8900678415026486,0.015986514223901654,0.0036281647857056313,0.0,1.1840134857760976,-0.0036281647857056313,0.0
0.124,-0.8900679661176676,0.016495638029838763,0.0036866442827849645,0.0,1.1835043619701604,-0.0036866442827849645,0.0
0.126,-0.8900680952026111,0.01701154568338638,0.003745080918774238,0.0,1.1829884543166127,-0.003745080918774238,0.0
0.128,-0.8900682288311238,0.017534141372483793,0.003803474591246591,0.0,1.1824658586275152,-0.003803474591246591,0.0
0.13,-0.8900683670705528,0.01806332572272159,0.003861825240072379,0.0,1.1819366742772774,-0.003861825240072379,0.0
0.132,-0.8900685099810824,0.018598995686927484,0.003920132849322167,0.0,1.1814010043130716,-0.003920132849322167,0.0
0.134,-0.8900686576148013,0.01914104443247129,0.003978397449237476,0.0,1.1808589555675277,-0.003978397449237476,0.0
0.136,-0.8900688100147108,0.019689361226348238,0.004036619118270406,0.0,1.1803106387736508,-0.004036619118270406,0.0
0.138,-0.8900689672136675,0.020243831318111256,0.004094797985193176,0.0,1.1797561686818878,-0.004094797985193176,0.0
0.14,-0.8900691292332575,0.020804335820735126,0.004152934231278481,0.0,1.179195664179264,-0.004152934231278481,0.0
0.14200000000000002,-0.890069296082606,0.021370751589508644,0.004211028092551431,0.0,1.1786292484104905,-0.004211028092551431,0.0
0.14400000000000002,-0.8900694677571133,0.02194295109906529,0.004269079862113697,0.0,1.1780570489009339,-0.004269079862113697,0.0
0.146,-0.8900696442371275,0.02252080231867829,0.004327089892540294,0.0,1.1774791976813208,-0.004327089892540294,0.0
0.148,-0.8900698254865435,0.023104168585962478,0.00438505859834926,0.0,1.1768958314140365,-0.00438505859834926,0.0
0.15,-0.8900700114513359,0.02369290847914307,0.004442986458544237,0.0,1.176307091520856,-0.004442986458544237,0.0
0.152,-0.8900702020580264,0.024286875688070437,0.004500874019229769,0.0,1.1757131243119285,-0.004500874019229769,0.0
0.154,-0.8900703972120834,0.024885918884180073,0.004558721896298816,0.0,1.175114081115819,-0.004558721896298816,0.0
0.156,-0.8900705967962635,0.02548988158961856,0.004616530778191719,0.0,1.1745101184103806,-0.004616530778191719,0.0
0.158,-0.8900708006688947,0.02609860204577911,0.004674301428725522,0.0,1.17390139795422,-0.004674301428725522,0.0
0.16,-0.8900710086621054,0.026711913081514493,0.0047320346899922105,0.0,1.1732880869184847,-0.0047320346899922105,0.0
0.162,-0.8900712205800125,0.027329641981320804,0.004789731485324029,0.0,1.1726703580186784,-0.004789731485324029,0.0
0.164,-0.8900714361968685,0.027951610353812533,0.004847392822323636,0.0,1.1720483896461866,-0.004847392822323636,0.0
0.166,-0.8900716552551817,0.028577634000837862,0.004905019795956398,0.0,1.1714223659991614,-0.004905019795956398,0.0
0.168,-0.8900718774638199,0.029207522787613006,0.004962613591701637,0.0,1.1707924772123863,-0.004962613591701637,0.0
0.17,-0.89007210249611,0.029841080514285755,0.005020175488759122,0.0,1.1701589194857136,-0.005020175488759122,0.0
0.17200000000000001,-0.890072329987947,0.030478104789371012,0.0050777068633065196,0.0,1.1695218952106283,-0.0050777068633065196,0.0
0.17400000000000002,-0.8900725595359327,0.03111838690553524,0.005135209191802931,0.0,1.1688816130944641,-0.005135209191802931,0.0
0.176,-0.8900727906955596,0.03176171171824211,0.0051926840543329725,0.0,1.1682382882817572,-0.0051926840543329725,0.0
0.178,-0.8900730229794636,0.03240785752780824,0.005250133137985191,0.0,1.1675921424721911,-0.005250133137985191,0.0
0.18,-0.8900732558557677,0.033056595965455626,0.005307558240257849,0.0,1.1669434040345437,-0.005307558240257849,0.0
0.182,-0.8900734887465453,0.03370769188398631,0.005364961272484362,0.0,1.166292308116013,-0.005364961272484362,0.0
0.184,-0.8900737210264291,0.034360903253744406,0.005422344263269828,0.0,1.1656390967462549,-0.005422344263269828,0.0
0.186,-0.8900739520213983,0.03501598106457113,0.005479709361929238,0.0,1.1649840189354281,-0.005479709361929238,0.0
0.188,-0.8900741810077799,0.035672669234499514,0.005537058841917057,0.0,1.1643273307654998,-0.005537058841917057,0.0
0.19,-0.8900744072114982,0.03633070452597679,0.0055943951042369084,0.0,1.1636692954740224,-0.0055943951042369084,0.0
0.192,-0.8900746298076121,0.03698981647044388,0.005651720680819106,0.0,1.1630101835295554,-0.005651720680819106,0.0
0.194,-0.8900748479201832,0.037649727302142805,0.005709038237852773,0.0,1.1623502726978565,-0.005709038237852773,0.0
0.196,-0.8900750606225181,0.03831015190206334,0.005766350579058218,0.0,1.161689848097936,-0.005766350579058218,0.0
0.198,-0.8900752669378276,0.03897079775298031,0.005823660648884154,0.0,1.161029202247019,-0.005823660648884154,0.0
0.2,-0.8900754658403559,0.039631364906571355,0.0058809715356132365,0.0,1.160368635093428,-0.0058809715356132365,0.0
0.202,-0.8900756562570199,0.04029154596364195,0.005938286474358268,0.0,1.1597084540363574,-0.005938286474358268,0.0
0.20400000000000001,-0.8900758370696172,0.04095102606851908,0.005995608849930275,0.0,1.1590489739314802,-0.005995608849930275,0.0
0.20600000000000002,-0.8900760071176419,0.04160948291870691,0.006052942199558505,0.0,1.1583905170812925,-0.006052942199558505,0.0
0.20800000000000002,-0.8900761652017627,0.04226658679092639,0.006110290215441245,0.0,1.157733413209073,-0.006110290215441245,0.0
0.21,-0.8900763100880087,0.04292200058468558,0.006167656747105243,0.0,1.157077999415314,-0.006167656747105243,0.0
0.212,-0.8900764405127041,0.04357537988454753,0.006225045803550377,0.0,1.156424620115452,-0.006225045803550377,0.0
0.214,-0.8900765551881941,0.04422637304227757,0.006282461555155156,0.0,1.155773626957722,-0.006282461555155156,0.0
0.216,-0.8900766528093985,0.044874621280060784,0.00633990833531761,0.0,1.1551253787199387,-0.00633990833531761,0.0
0.218,-0.8900767320612165,0.04551975881598274,0.0063973906418051335,0.0,1.1544802411840167,-0.0063973906418051335,0.0
0.22,-0.8900767916268136,0.0461614130129613,0.006454913137785994,0.0,1.1538385869870382,-0.006454913137785994,0.0
0.222,-0.8900768301967927,0.046799204552303755,0.006512480652514389,0.0,1.1532007954476957,-0.006512480652514389,0.0
0.224,-0.8900768464792618,0.04743274763304095,0.0065700981816402635,0.0,1.1525672523669586,-0.0065700981816402635,0.0
0.226,-0.8900768392107767,0.04806165019815749,0.006627770887114556,0.0,1.151938349801842,-0.006627770887114556,0.0
0.228,-0.8900768071681476,0.048685514188793855,0.0066855040966601175,0.0,1.1513144858112057,-0.0066855040966601175,0.0
0.23,-0.8900767491810602,0.049303935827441615,0.006743303302778328,0.0,1.1506960641725579,-0.006743303302778328,0.0
0.232,-0.8900766641454598,0.04991650593108579,0.006801174161261397,0.0,1.1500834940689137,-0.006801174161261397,0.0
0.234,-0.8900765510376232,0.050522810255168714,0.00685912248918049,0.0,1.1494771897448308,-0.00685912248918049,0.0
0.23600000000000002,-0.8900764089288274,0.05112242986915618,0.00691715426232025,0.0,1.1488775701308434,-0.00691715426232025,0.0
0.23800000000000002,-0.8900762370004954,0.05171494156437929,0.006975275612030912,0.0,1.1482850584356203,-0.006975275612030912,0.0
0.24,-0.8900760345596908,0.05229991829470315,0.007033492821470177,0.0,1.1477000817052965,-0.007033492821470177,0.0
0.242,-0.8900758010547987,0.052876929650437055,0.007091812321208222,0.0,1.1471230703495625,-0.007091812321208222,0.0
0.244,-0.8900755360912184,0.05344554236574837,0.007150240684170754,0.0,1.1465544576342512,-0.007150240684170754,0.0
0.246,-0.8900752394468643,0.05400532085967601,0.007208784619896931,0.0,1.1459946791403235,-0.007208784619896931,0.0
0.248,-0.8900749110872666,0.0545558278106571,0.007267450968091121,0.0,1.1454441721893425,-0.007267450968091121,0.0
0.25,-0.8900745511800142,0.05509662476428434,0.007326246691450117,0.0,1.1449033752357152,-0.007326246691450117,0.0
0.252,-0.8900741601083095,0.05562727277380159,0.007385178867750288,0.0,1.1443727272261979,-0.007385178867750288,0.0
0.254,-0.8900737384833514,0.056147333072621514,0.0074442546811825,0.0,1.1438526669273779,-0.0074442546811825,0.0
0.256,-0.8900732871552754,0.056656367777914274,0.007503481412926267,0.0,1.1433436322220851,-0.007503481412926267,0.0
0.258,-0.8900728072223717,0.057153940624070095,0.007562866430958657,0.0,1.1428460593759293,-0.007562866430958657,0.0
0.26,-0.8900723000382996,0.05763961772458366,0.007622417179097834,0.0,1.1423603822754158,-0.007622417179097834,0.0
0.262,-0.8900717672170103,0.05811296836064609,0.007682141165285844,0.0,1.1418870316393535,-0.007682141165285844,0.0
0.264,-0.8900712106351285,0.058573565794463,0.007742045949120299,0.0,1.1414264342055365,-0.007742045949120299,0.0
0.266,-0.8900706324315406,0.05902098810504745,0.007802139128649916,0.0,1.140979011894952,-0.007802139128649916,0.0
0.268,-0.8900700350039552,0.05945481904396658,0.007862428326454457,0.0,1.140545180956033,-0.007862428326454457,0.0
0.27,-0.8900694210022612,0.059874648908253926,0.007922921175035407,0.0,1.1401253510917455,-0.007922921175035407,0.0
0.272,-0.8900687933185271,0.060280075427438545,0.007983625301549665,0.0,1.1397199245725609,-0.007983625301549665,0.0
0.274,-0.8900681550735241,0.06067070466139021,0.00804454831192461,0.0,1.1393292953386092,-0.00804454831192461,0.0
0.276,-0.8900675095997334,0.061046151905441194,0.00810569777439901,0.0,1.1389538480945582,-0.00810569777439901,0.0
0.278,-0.8900668604208393,0.06140604259902197,0.008167081202540359,0.0,1.1385939574009776,-0.008167081202540359,0.0
0.28,-0.8900662112277583,0.06175001323384514,0.00822870603779524,0.0,1.1382499867661544,-0.00822870603779524,0.0
0.28200000000000003,-0.890065565851363,0.06207771225749155,0.008290579631635216,0.0,1.137922287742508,-0.008290579631635216,0.0
0.28400000000000003,-0.8900649282320772,0.06238880096809906,0.008352709227366344,0.0,1.1376111990319004,-0.008352709227366344,0.0
0.28600000000000003,-0.8900643023866255,0.06268295439573039,0.008415101941675803,0.0,1.1373170456042692,-0.008415101941675803,0.0
0.28800000000000003,-0.890063692372272,0.06295986216590548,0.008477764745994005,0.0,1.1370401378340942,-0.008477764745994005,0.0
0.29,-0.8900631022489588,0.0632192293407282,0.008540704447755109,0.0,1.1367807706592714,-0.008540704447755109,0.0
0.292,-0.890062536039796,0.06346077723301966,0.008603927671642728,0.0,1.13653922276698,-0.008603927671642728,0.0
0.294,-0.8900619976904419,0.06368424418889239,0.008667440840911004,0.0,1.1363157558111072,-0.008667440840911004,0.0
0.296,-0.8900614910279173,0.06388938633426382,0.008731250158873815,0.0,1.1361106136657357,-0.008731250158873815,0.0
0.298,-0.8900610197194901,0.06407597828091285,0.00879536159065682,0.0,1.1359240217190867,-0.00879536159065682,0.0
0.3,-0.8900605872322106,0.06424381378783295,0.00885978084530815,0.0,1.1357561862121666,-0.00885978084530815,0.0
0.302,-0.8900601967937943,0.06439270637382576,0.008924513358363776,0.0,1.1356072936261739,-0.008924513358363776,0.0
0.304,-0.8900598513554346,0.0645224898775133,0.008989564274963061,0.0,1.1354775101224863,-0.008989564274963061,0.0
0.306,-0.8900595535572209,0.06463301896121951,0.009054938433608422,0.0,1.13536698103878,-0.009054938433608422,0.0
0.308,-0.8900593056967059,0.06472416955548412,0.009120640350660717,0.0,1.1352758304445154,-0.009120640350660717,0.0
0.31,-0.8900591097012216,0.06479583924131878,0.009186674205658623,0.0,1.1352041607586807,-0.009186674205658623,0.0
0.312,-0.8900589671043874,0.06484794756769473,0.009253043827546143,0.0,1.1351520524323047,-0.009253043827546143,0.0
0.314,-0.8900588790272698,0.0648804363021589,0.009319752681887344,0.0,1.1351195636978404,-0.009319752681887344,0.0
0.316,-0.8900588461645264,0.06489326961290713,0.009386803859141623,0.0,1.135106730387092,-0.009386803859141623,0.0
0.318,-0.8900588687757707,0.0648864341810939,0.009454200064066264,0.0,1.1351135658189053,-0.009454200064066264,0.0
0.32,-0.8900589466823506,0.06485993924262295,0.009521943606305776,0.0,1.1351400607573763,-0.009521943606305776,0.0
0.322,-0.890059079269565,0.06481381655913715,0.009590036392219713,0.0,1.135186183440862,-0.009590036392219713,0.0
0.324,-0.8900592654943044,0.0647481203184027,0.009658479917992315,0.0,1.1352518796815965,-0.009658479917992315,0.0
0.326,-0.8900595038979604,0.064662926964758,0.009727275264058598,0.0,1.1353370730352412,-0.009727275264058598,0.0
0.328,-0.89005979262437,0.06455833496076406,0.009796423090872438,0.0,1.1354416650392352,-0.009796423090872438,0.0
0.33,-0.8900601294424711,0.06443446448164737,0.009865923636032982,0.0,1.1355655355183518,-0.009865923636032982,0.0
0.332,-0.890060511773252,0.06429145704456184,0.009935776712776357,0.0,1.1357085429554374,-0.009935776712776357,0.0
0.334,-0.8900609367205237,0.06412947507510819,0.010005981709830353,0.0,1.135870524924891,-0.010005981709830353,0.0
0.336,-0.890061401104975,0.06394870141393481,0.010076537592620546,0.0,1.1360512985860645,-0.010076537592620546,0.0
0.338,-0.8900619015009096,0.06374933876659644,0.01014744290580741,0.0,1.136250661233403,-0.01014744290580741,0.0
0.34,-0.8900624342750678,0.06353160910016624,0.010218695777125307,0.0,1.1364683908998332,-0.010218695777125307,0.0
0.342,-0.890062995626881,0.0632957529903768,0.010290293922486095,0.0,1.1367042470096227,-0.010290293922486095,0.0
0.34400000000000003,-0.8900635816295193,0.06304202892330674,0.010362234652302358,0.0,1.1369579710766928,-0.010362234652302358,0.0
0.34600000000000003,-0.8900641882711077,0.06277071255582817,0.010434514878978198,0.0,1.1372292874441714,-0.010434514878978198,0.0
0.34800000000000003,-0.8900648114954971,0.062482095939187625,0.01050713112550908,0.0,1.1375179040608119,-0.01050713112550908,0.0
0.35000000000000003,-0.8900654472420209,0.06217648671020593,0.01058007953512641,0.0,1.1378235132897936,-0.01058007953512641,0.0
0.352,-0.8900660914836918,0.06185420725465476,0.01065335588191758,0.0,1.1381457927453447,-0.01065335588191758,0.0
0.354,-0.8900667402633944,0.06151559384739656,0.01072695558234793,0.0,1.138484406152603,-0.01072695558234793,0.0
0.356,-0.8900673897276171,0.06116099577386456,0.010800873707607595,0.0,1.138839004226135,-0.010800873707607595,0.0
0.358,-0.890068036157411,0.060790774437410204,0.010875104996703584,0.0,1.1392092255625892,-0.010875104996703584,0.0
0.36,-0.8900686759962607,0.06040530245696112,0.010949643870215506,0.0,1.1395946975430382,-0.010949643870215506,0.0
0.362,-0.8900693058746794,0.06000496275931392,0.011024484444632244,0.0,1.1399950372406855,-0.011024484444632244,0.0
0.364,-0.8900699226313606,0.05959014767023817,0.011099620547186516,0.0,1.1404098523297612,-0.011099620547186516,0.0
0.366,-0.8900705233308267,0.059161258008391955,0.011175045731104576,0.0,1.1408387419916075,-0.011175045731104576,0.0
0.368,-0.8900711052775494,0.05871870218585029,0.011250753291189288,0.0,1.141281297814149,-0.011250753291189288,0.0
0.37,-0.8900716660265883,0.05826289531882781,0.011326736279656444,0.0,1.1417371046811715,-0.011326736279656444,0.0
0.372,-0.890072203390846,0.057794258351941095,0.01140298752214635,0.0,1.1422057416480582,-0.01140298752214635,0.0
0.374,-0.8900727154450817,0.057313217199105974,0.011479499633835395,0.0,1.1426867828008933,-0.011479499633835395,0.0
0.376,-0.890073200526871,0.056820201903906076,0.011556265035575438,0.0,1.1431797980960932,-0.011556265035575438,0.0
0.378,-0.8900736572347228,0.056315645822002346,0.011633275969992389,0.0,1.1436843541779969,-0.011633275969992389,0.0
0.38,-0.8900740844236039,0.055799984827884105,0.011710524517479169,0.0,1.144200015172115,-0.011710524517479169,0.0
0.382,-0.8900744811981288,0.05527365654799192,0.011788002612022376,0.0,1.1447263434520072,-0.011788002612022376,0.0
0.384,-0.8900748469036932,0.05473709962197476,0.011865702056806282,0.0,1.1452629003780244,-0.011865702056806282,0.0
0.386,-0.8900751811158287,0.05419075299358063,0.011943614539542248,0.0,1.1458092470064185,-0.011943614539542248,0.0
0.388,-0.890075483628065,0.05363505523242333,0.0120217316474762,0.0,1.1463649447675759,-0.0120217316474762,0.0
0.39,-0.8900757544385758,0.05307044388762048,0.012100044882031435,0.0,1.1469295561123787,-0.012100044882031435,0.0
0.392,-0.8900759937358732,0.05249735487406032,0.012178545673048578,0.0,1.147502645125939,-0.012178545673048578,0.0
0.394,-0.8900762018838175,0.05191622189182961,0.012257225392589116,0.0,1.1480837781081696,-0.012257225392589116,0.0
0.396,-0.8900763794061682,0.051327475879121974,0.012336075368273337,0.0,1.1486725241208773,-0.012336075368273337,0.0
0.398,-0.8900765269709144,0.050731544498747415,0.012415086896127917,0.0,1.1492684555012518,-0.012415086896127917,0.0
0.4,-0.8900766453745752,0.05012885165817912,0.012494251252922535,0.0,1.14987114834182,-0.012494251252922535,0.0
0.402,-0.8900767355266594,0.04951981706290403,0.012573559707978955,0.0,1.1504801829370952,-0.012573559707978955,0.0
0.404,-0.8900767984344451,0.0489048558026891,0.012653003534439832,0.0,1.15109514419731,-0.012653003534439832,0.0
0.406,-0.8900768351882112,0.04828437797023543,0.01273257401998811,0.0,1.1517156220297637,-0.01273257401998811,0.0
0.40800000000000003,-0.8900768469470502,0.04765878831156782,0.012812262477011269,0.0,1.1523412116884313,-0.012812262477011269,0.0
0.41000000000000003,-0.8900768349253498,0.04702848590739714,0.012892060252207859,0.0,1.152971514092602,-0.012892060252207859,0.0
0.41200000000000003,-0.8900768003800237,0.04639386388459699,0.012971958735636644,0.0,1.1536061361154022,-0.012971958735636644,0.0
0.41400000000000003,-0.890076744598555,0.04575530915685379,0.013051949369211377,0.0,1.1542446908431454,-0.013051949369211377,0.0
0.41600000000000004,-0.890076668887889,0.04511320219348011,0.013132023654646673,0.0,1.1548867978065191,-0.013132023654646673,0.0
0.418,-0.8900765745642026,0.04446791681532446,0.013212173160862616,0.0,1.1555320831846747,-0.013212173160862616,0.0
0.42,-0.8900764629435677,0.04381982001666493,0.013292389530857715,0.0,1.1561801799833342,-0.013292389530857715,0.0
0.422,-0.8900763353335014,0.04316927181194032,0.01337266448806158,0.0,1.1568307281880588,-0.01337266448806158,0.0
0.424,-0.8900761930254,0.04251662510614743,0.01345298984218015,0.0,1.1574833748938516,-0.01345298984218015,0.0
0.426,-0.8900760372878291,0.04186222558771845,0.013533357494547692,0.0,1.1581377744122805,-0.013533357494547692,0.0
0.428,-0.8900758693606475,0.041206411642685535,0.013613759443000821,0.0,1.1587935883573135,-0.013613759443000821,0.0
0.43,-0.8900756904499284,0.04054951428894067,0.013694187786290774,0.0,1.1594504857110584,-0.013694187786290774,0.0
0.432,-0.8900755017236402,0.03989185712940676,0.013774634728050872,0.0,1.1601081428705922,-0.013774634728050872,0.0
0.434,-0.8900753043080395,0.03923375632294967,0.013855092580336719,0.0,1.1607662436770492,-0.013855092580336719,0.0
0.436,-0.8900750992847357,0.038575520571880455,0.013935553766757092,0.0,1.1614244794281183,-0.013935553766757092,0.0
0.438,-0.8900748876883768,0.03791745112492079,0.014016010825213785,0.0,1.162082548875078,-0.014016010825213785,0.0
0.44,-0.8900746705049059,0.037259841794532664,0.014096456410268821,0.0,1.162740158205466,-0.014096456410268821,0.0
0.442,-0.8900744486703429,0.03660297898754483,0.014176883295157504,0.0,1.1633970210124538,-0.014176883295157504,0.0
0.444,-0.8900742230700418,0.03594714174804266,0.014257284373465724,0.0,1.164052858251956,-0.014257284373465724,0.0
0.446,-0.8900739945383743,0.03529260181152457,0.014337652660489773,0.0,1.1647073981884741,-0.014337652660489773,0.0
0.448,-0.8900737638587966,0.034639623669366564,0.014417981294296715,0.0,1.1653603763306322,-0.014417981294296715,0.0
0.45,-0.8900735317642535,0.03398846464267599,0.014498263536503044,0.0,1.1660115353573228,-0.014498263536503044,0.0
0.452,-0.8900732989378788,0.033339374964656346,0.014578492772788988,0.0,1.1666606250353424,-0.014578492772788988,0.0
0.454,-0.8900730660139508,0.032692597870646004,0.014658662513165428,0.0,1.1673074021293528,-0.014658662513165428,0.0
0.456,-0.8900728335790691,0.03204836969503541,0.014738766392009911,0.0,1.1679516303049633,-0.014738766392009911,0.0
0.458,-0.8900726021735138,0.03140691997430843,0.014818798167887741,0.0,1.1685930800256903,-0.014818798167887741,0.0
0.46,-0.8900723722927589,0.030768471555494822,0.014898751723173627,0.0,1.1692315284445038,-0.014898751723173627,0.0
0.462,-0.8900721443891071,0.030133240709361367,0.01497862106348877,0.0,1.1698667592906373,-0.01497862106348877,0.0
0.464,-0.8900719188734234,0.02950143724770896,0.015058400316967748,0.0,1.1704985627522897,-0.015058400316967748,0.0
0.466,-0.8900716961169393,0.028873264644182068,0.015138083733368918,0.0,1.1711267353558166,-0.015138083733368918,0.0
0.468,-0.8900714764531084,0.02824892015803487,0.01521766568304152,0.0,1.1717510798419637,-0.01521766568304152,0.0
0.47000000000000003,-0.8900712601794911,0.02762859496033525,0.015297140655762024,0.0,1.1723714050396634,-0.015297140655762024,0.0
0.47200000000000003,-0.890071047559657,0.027012474262123425,0.015376503259451712,0.0,1.1729875257378752,-0.015376503259451712,0.0
0.47400000000000003,-0.8900708388250813,0.026400737444076262,0.01545574821878683,0.0,1.1735992625559224,-0.01545574821878683,0.0
0.47600000000000003,-0.8900706341770293,0.025793558187261412,0.015534870373712152,0.0,1.1742064418127371,-0.015534870373712152,0.0
0.47800000000000004,-0.8900704337884134,0.025191104604596785,0.015613864677868124,0.0,1.1748088953954017,-0.015613864677868124,0.0
0.48,-0.8900702378056163,0.024593539372661222,0.015692726196941273,0.0,1.1754064606273373,-0.015692726196941273,0.0
0.482,-0.8900700463502674,0.024001019863530797,0.015771450106946982,0.0,1.1759989801364679,-0.015771450106946982,0.0
0.484,-0.8900698595209715,0.023413698276342574,0.01585003169245317,0.0,1.1765863017236562,-0.01585003169245317,0.0
0.486,-0.8900696773949777,0.02283172176831346,0.015928466344752975,0.0,1.1771682782316852,-0.015928466344752975,0.0
0.488,-0.8900695000297908,0.02225523258496633,0.016006749559993923,0.0,1.1777447674150323,-0.016006749559993923,0.0
0.49,-0.8900693274647169,0.0216843681893386,0.01608487693727072,0.0,1.17831563181066,-0.01608487693727072,0.0
0.492,-0.8900691597223428,0.02111926138997029,0.0161628441766882,0.0,1.1788807386100284,-0.0161628441766882,0.0
0.494,-0.8900689968099497,0.020560040467488938,0.016240647077400625,0.0,1.1794399595325098,-0.016240647077400625,0.0
0.496,-0.890068838720853,0.020006829299627975,0.016318281535633018,0.0,1.1799931707003708,-0.016318281535633018,0.0
0.498,-0.8900686854356786,0.01945974748453303,0.016395743542689915,0.0,1.1805402525154658,-0.016395743542689915,0.0
0.5,-0.8900685369235679,0.018918910462227437,0.016473029182956383,0.0,1.1810810895377715,-0.016473029182956383,0.0
0.502,-0.8900683931433138,0.018384429634123747,0.016550134631895915,0.0,1.181615570365875,-0.016550134631895915,0.0
0.504,-0.8900682540444308,0.017856412480482652,0.0166270561540494,0.0,1.182143587519516,-0.0166270561540494,0.0
0.506,-0.89006811956816,0.017334962675734075,0.016703790101039024,0.0,1.1826650373242646,-0.016703790101039024,0.0
0.508,-0.890067989648412,0.01682018020158774,0.01678033290958069,0.0,1.183179819798411,-0.01678033290958069,0.0
0.51,-0.8900678642126431,0.01631216145787203,0.016856681099508195,0.0,1.1836878385421266,-0.016856681099508195,0.0
0.512,-0.8900677431826773,0.01581099937105056,0.016932831271812162,0.0,1.184189000628948,-0.016932831271812162,0.0
0.514,-0.8900676264754691,0.015316783500375658,0.01700878010669646,0.0,1.1846832164996228,-0.01700878010669646,0.0
0.516,-0.8900675140038105,0.014829600141646929,0.01708452436165454,0.0,1.1851703998583516,-0.01708452436165454,0.0
0.518,-0.8900674056769855,0.014349532428551323,0.017160060869568006,0.0,1.1856504675714472,-0.017160060869568006,0.0
0.52,-0.8900673014013778,0.013876660431568539,0.01723538653682935,0.0,1.18612333956843,-0.01723538653682935,0.0
0.522,-0.8900672010810273,0.01341106125443251,0.01731049834149078,0.0,1.1865889387455661,-0.01731049834149078,0.0
0.524,-0.8900671046181434,0.012952809128145872,0.017385393331440676,0.0,1.1870471908718527,-0.017385393331440676,0.0
0.526,-0.8900670119135744,0.012501975502549913,0.01746006862260921,0.0,1.1874980244974487,-0.01746006862260921,0.0
0.528,-0.8900669228672393,0.012058629135457596,0.017534521397204378,0.0,1.187941370864541,-0.017534521397204378,0.0
0.53,-0.8900668373785198,0.011622836179361735,0.017608748901979627,0.0,1.1883771638206369,-0.017608748901979627,0.0
0.532,-0.8900667553466175,0.011194660265734516,0.017682748446534027,0.0,1.1888053397342642,-0.017682748446534027,0.0
0.534,-0.8900666766708786,0.010774162586938125,0.017756517401645935,0.0,1.1892258374130606,-0.017756517401645935,0.0
0.536,-0.8900666012510856,0.010361401975769445,0.017830053197640833,0.0,1.1896385980242292,-0.017830053197640833,0.0
0.538,-0.8900665289877225,0.009956434982664629,0.017903353322794056,0.0,1.190043565017334,-0.017903353322794056,0.0
0.54,-0.8900664597822107,0.00955931595059175,0.017976415321768895,0.0,1.1904406840494068,-0.017976415321768895,0.0
0.542,-0.8900663935371231,0.009170097087661899,0.018049236794090567,0.0,1.1908299029123366,-0.018049236794090567,0.0
0.544,-0.8900663301563717,0.008788828537490875,0.01812181539265642,0.0,1.1912111714625075,-0.01812181539265642,0.0
0.546,-0.8900662695453736,0.008415558447345178,0.018194148822282645,0.0,1.1915844415526533,-0.018194148822282645,0.0
0.548,-0.8900662116112021,0.008050333034107257,0.01826623483828774,0.0,1.1919496669658913,-0.01826623483828774,0.0
0.55,-0.8900661562627128,0.007693196648095996,0.0183380712451129,0.0,1.1923068033519026,-0.0183380712451129,0.0
0.552,-0.8900661034106578,0.007344191834779275,0.018409655894979397,0.0,1.1926558081652194,-0.018409655894979397,0.0
0.554,-0.8900660529677831,0.007003359394415975,0.01848098668658306,0.0,1.1929966406055827,-0.01848098668658306,0.0
0.556,-0.8900660048489093,0.006670738439665298,0.018552061563825845,0.0,1.1933292615603335,-0.018552061563825845,0.0
0.558,-0.8900659589710045,0.006346366451201472,0.018622878514584457,0.0,1.1936536335487973,-0.018622878514584457,0.0
0.56,-0.8900659152532411,0.006030279331372044,0.018693435569515995,0.0,1.1939697206686266,-0.018693435569515995,0.0
0.562,-0.8900658736170441,0.005722511455937906,0.018763730800900505,0.0,1.1942774885440608,-0.018763730800900505,0.0
0.5640000000000001,-0.8900658339861296,0.005423095723933047,0.018833762321520366,0.0,1.1945769042760657,-0.018833762321520366,0.0
0.5660000000000001,-0.8900657962865339,0.005132063605681724,0.018903528283576325,0.0,1.194867936394317,-0.018903528283576325,0.0
0.5680000000000001,-0.8900657604466353,0.004849445189010367,0.01897302687764007,0.0,1.1951505548109884,-0.01897302687764007,0.0
0.5700000000000001,-0.8900657263971684,0.0045752692236910655,0.019042256331643168,0.0,1.1954247307763077,-0.019042256331643168,0.0
0.5720000000000001,-0.8900656940712333,0.004309563164152874,0.019111214909902193,0.0,1.1956904368358459,-0.019111214909902193,0.0
0.5740000000000001,-0.8900656634042983,0.0040523532104965775,0.01917990091217986,0.0,1.195947646789502,-0.01917990091217986,0.0
0.5760000000000001,-0.8900656343341986,0.0038036643478478105,0.01924831267278199,0.0,1.1961963356521508,-0.01924831267278199,0.0
0.578,-0.8900656068011292,0.003563520384082664,0.019316448559690114,0.0,1.196436479615916,-0.019316448559690114,0.0
0.58,-0.890065580747636,0.0033319439859590748,0.019384306973729535,0.0,1.1966680560140395,-0.019384306973729535,0.0
0.582,-0.8900655561186027,0.003108956713686425,0.019451886347772677,0.0,1.196891043286312,-0.019451886347772677,0.0
0.584,-0.8900655328612348,0.0028945790539648404,0.019519185145977523,0.0,1.1971054209460337,-0.019519185145977523,0.0
0.586,-0.8900655109250432,0.0026888304515247305,0.019586201863061006,0.0,1.1973111695484737,-0.019586201863061006,0.0
0.588,-0.890065490261822,0.0024917293391961064,0.019652935023607182,0.0,1.1975082706608025,-0.019652935023607182,0.0
0.59,-0.8900654708256297,0.002303293166536199,0.01971938318141004,0.0,1.1976967068334623,-0.01971938318141004,0.0
0.592,-0.8900654525727673,0.0021235384270428415,0.019785544918850834,0.0,1.1978764615729556,-0.019785544918850834,0.0
0.594,-0.890065435461752,0.0019524806839800119,0.019851418846309813,0.0,1.1980475193160185,-0.019851418846309813,0.0
0.596,-0.8900654194532985,0.0017901345948408396,0.019917003601612235,0.0,1.1982098654051576,-0.019917003601612235,0.0
0.598,-0.8900654045102913,0.0016365139344722713,0.019982297849508647,0.0,1.1983634860655261,-0.019982297849508647,0.0
0.6,-0.8900653905977618,0.0014916316168844684,0.02004730028118929,0.0,1.198508368383114,-0.02004730028118929,0.0
0.602,-0.8900653776828673,0.001355499715766877,0.02011200961383268,0.0,1.1986445002842314,-0.02011200961383268,0.0
0.604,-0.8900653657348641,0.001228129483731764,0.020176424590188258,0.0,1.1987718705162664,-0.020176424590188258,0.0
0.606,-0.8900653547250882,0.0011095313703048616,0.02024054397819323,0.0,1.1988904686296933,-0.02024054397819323,0.0
0.608,-0.8900653446269311,0.0009997150386816067,0.020304366570623532,0.0,1.1990002849613166,-0.020304366570623532,0.0
0.61,-0.8900653354158218,0.0008986893812662902,0.020367891184779024,0.0,1.1991013106187318,-0.020367891184779024,0.0
0.612,-0.890065327069203,0.0008064625340102697,0.020431116662203045,0.0,1.199193537465988,-0.020431116662203045,0.0
0.614,-0.8900653195665166,0.000723041889564222,0.020494041868436355,0.0,1.1992769581104339,-0.020494041868436355,0.0
0.616,-0.8900653128891829,0.0006484341092582377,0.020556665692805696,0.0,1.1993515658907399,-0.020556665692805696,0.0
0.618,-0.8900653070205868,0.0005826451339223849,0.02061898704824712,0.0,1.1994173548660758,-0.02061898704824712,0.0
0.62,-0.8900653019460638,0.0005256801935591889,0.020681004871164272,0.0,1.199474319806439,-0.020681004871164272,0.0
0.622,-0.8900652976528836,0.00047754381587829605,0.020742718121321918,0.0,1.19952245618412,-0.020742718121321918,0.0
0.624,-0.8900652941302413,0.0004382398337024108,0.020804125781774947,0.0,1.1995617601662958,-0.020804125781774947,0.0
0.626,-0.8900652913692468,0.00040777139125241417,0.020865226858833203,0.0,1.1995922286087457,-0.020865226858833203,0.0
0.628,-0.8900652893629167,0.00038614094931839157,0.020926020382062465,0.0,1.1996138590506797,-0.020926020382062465,0.0
0.63,-0.8900652881061683,0.000373350289322118,0.02098650540432196,0.0,1.199626649710676,-0.02098650540432196,0.0
0.632,-0.890065287595813,0.0003694005162753686,0.02104668100183885,0.0,1.1996305994837229,-0.02104668100183885,0.0
0.634,-0.8900652878305564,0.0003742920606372414,0.021106546274320133,0.0,1.199625707939361,-0.021106546274320133,0.0
0.636,-0.8900652888109936,0.00038802467907250173,0.021166100345102468,0.0,1.1996119753209258,-0.021166100345102468,0.0
0.638,-0.8900652905396135,0.00041059745411177397,0.021225342361340452,0.0,1.1995894025458864,-0.021225342361340452,0.0
0.64,-0.8900652930207964,0.00044200879271323086,0.021284271494233942,0.0,1.199557991207285,-0.021284271494233942,0.0
0.642,-0.8900652962608232,0.000482256423724248,0.021342886939295053,0.0,1.1995177435762738,-0.021342886939295053,0.0
0.644,-0.8900653002678764,0.0005313373942403118,0.021401187916655465,0.0,1.1994686626057578,-0.021401187916655465,0.0
0.646,-0.8900653050520532,0.0005892480648572913,0.021459173671414773,0.0,1.199410751935141,-0.021459173671414773,0.0
0.648,-0.89006531062537,0.0006559841038120007,0.021516843474030642,0.0,1.199344015896186,-0.021516843474030642,0.0
0.65,-0.8900653170017737,0.0007315404800048044,0.021574196620751555,0.0,1.1992684595199934,-0.021574196620751555,0.0
0.652,-0.8900653241971587,0.000815911454896831,0.021631232434092994,0.0,1.1991840885451013,-0.021631232434092994,0.0
0.654,-0.8900653322293736,0.000909090573273189,0.02168795026335798,0.0,1.199090909426725,-0.02168795026335798,0.0
0.656,-0.8900653411182451,0.0010110706528623906,0.02174434948520287,0.0,1.1989889293471359,-0.02174434948520287,0.0
0.658,-0.8900653508855881,0.001121843772801019,0.021800429504249468,0.0,1.1988781562271973,-0.021800429504249468,0.0
0.66,-0.890065361555226,0.0012414012609314876,0.021856189753744423,0.0,1.1987585987390668,-0.021856189753744423,0.0
0.662,-0.8900653731530126,0.0013697336799195728,0.021911629696267077,0.0,1.1986302663200787,-0.021911629696267077,0.0
0.664,-0.8900653857068486,0.001506830812177217,0.02196674882448688,0.0,1.1984931691878211,-0.02196674882448688,0.0
0.666,-0.8900653992467055,0.0016526816435749334,0.022021546661971557,0.0,1.1983473183564235,-0.022021546661971557,0.0
0.668,-0.8900654138046481,0.0018072743459269726,0.022076022764047337,0.0,1.1981927256540714,-0.022076022764047337,0.0
0.67,-0.8900654294148554,0.001970596258231242,0.022130176718712504,0.0,1.1980294037417671,-0.022130176718712504,0.0
0.672,-0.8900654461136457,0.0021426338666448164,0.022184008147605662,0.0,1.1978573661333536,-0.022184008147605662,0.0
0.674,-0.8900654639394998,0.002323372783174714,0.022237516707030145,0.0,1.1976766272168238,-0.022237516707030145,0.0
0.676,-0.8900654829330853,0.0025127977230624808,0.022290702089036035,0.0,1.197487202276936,-0.022290702089036035,0.0
0.678,-0.8900655031372778,0.0027108924808399684,0.022343564022561338,0.0,1.1972891075191585,-0.022343564022561338,0.0
0.68,-0.8900655245971884,0.0029176399050325893,0.022396102274633924,0.0,1.1970823600949658,-0.022396102274633924,0.0
0.682,-0.8900655473601812,0.003133021871485201,0.02244831665163588,0.0,1.1968669781285133,-0.02244831665163588,0.0
0.684,-0.8900655714758997,0.003357019255284685,0.02250020700063197,0.0,1.1966429807447139,-0.02250020700063197,0.0
0.686,-0.8900655969962831,0.0035896119012522065,0.02255177321076404,0.0,1.1964103880987464,-0.02255177321076404,0.0
0.6880000000000001,-0.8900656239755871,0.003830778592977079,0.022603015214713123,0.0,1.1961692214070216,-0.022603015214713123,0.0
0.6900000000000001,-0.8900656524704003,0.004080497020363134,0.022653932990231215,0.0,1.1959195029796357,-0.022653932990231215,0.0
0.6920000000000001,-0.8900656825396559,0.004338743745657483,0.022704526561744622,0.0,1.1956612562543414,-0.022704526561744622,0.0
0.6940000000000001,-0.8900657142446459,0.004605494167930591,0.022754796002030928,0.0,1.1953945058320683,-0.022754796002030928,0.0
0.6960000000000001,-0.8900657476490264,0.0048807224859756465,0.02280474143397163,0.0,1.1951192775140231,-0.02280474143397163,0.0
0.6980000000000001,-0.8900657828188209,0.005164401659594314,0.022854363032382592,0.0,1.1948355983404044,-0.022854363032382592,0.0
0.7000000000000001,-0.89006581982242,0.005456503369235114,0.02290366102592451,0.0,1.1945434966307635,-0.02290366102592451,0.0
0.7020000000000001,-0.8900658587305758,0.005756997973949881,0.02295263569909561,0.0,1.1942430020260488,-0.02295263569909561,0.0
0.704,-0.8900658996163889,0.00606585446763299,0.023001287394308883,0.0,1.1939341455323658,-0.023001287394308883,0.0
0.706,-0.8900659425552869,0.006383040433507438,0.023049616514056244,0.0,1.1936169595664914,-0.023049616514056244,0.0
0.708,-0.8900659876250028,0.006708521996821171,0.023097623523161973,0.0,1.1932914780031776,-0.023097623523161973,0.0
0.71,-0.8900660349055349,0.007042263775716645,0.023145308951127905,0.0,1.192957736224282,-0.023145308951127905,0.0
0.712,-0.8900660844791073,0.007384228830236095,0.023192673394572885,0.0,1.1926157711697625,-0.023192673394572885,0.0
0.714,-0.8900661364301115,0.007734378609424721,0.02323971751976899,0.0,1.1922656213905738,-0.02323971751976899,0.0
0.716,-0.8900661908450429,0.008092672896493775,0.023286442065277125,0.0,1.1919073271035048,-0.023286442065277125,0.0
0.718,-0.890066247812424,0.008459069752005437,0.02333284784468459,0.0,1.1915409302479931,-0.02333284784468459,0.0
0.72,-0.8900663074227092,0.008833525455041423,0.023378935749447254,0.0,1.191166474544957,-0.023378935749447254,0.0
0.722,-0.890066369768181,0.009215994442317492,0.023424706751838997,0.0,1.190784005557681,-0.023424706751838997,0.0
0.724,-0.890066434942825,0.009606429245206327,0.02347016190801112,0.0,1.1903935707547921,-0.02347016190801112,0.0
0.726,-0.8900665030421913,0.01000478042463186,0.023515302361164368,0.0,1.1899952195753667,-0.023515302361164368,0.0
0.728,-0.8900665741632326,0.010410996503798807,0.023560129344836298,0.0,1.1895890034961998,-0.023560129344836298,0.0
0.73,-0.8900666484041256,0.010825023898722159,0.023604644186306655,0.0,1.1891749761012764,-0.023604644186306655,0.0
0.732,-0.8900667258640651,0.011246806846522527,0.02364884831012342,0.0,1.188753193153476,-0.02364884831012342,0.0
0.734,-0.8900668066430382,0.011676287331454696,0.023692743241752173,0.0,1.188323712668544,-0.023692743241752173,0.0
0.736,-0.8900668908415711,0.012113405008638424,0.02373633061135137,0.0,1.1878865949913602,-0.02373633061135137,0.0
0.738,-0.8900669785604443,0.012558097125462572,0.02377961215767609,0.0,1.187441902874536,-0.02377961215767609,0.0
0.74,-0.8900670699003822,0.013010298440635908,0.023822589732112723,0.0,1.1869897015593627,-0.023822589732112723,0.0
0.742,-0.8900671649617087,0.013469941140860682,0.023865265302846994,0.0,1.1865300588591379,-0.023865265302846994,0.0
0.744,-0.8900672638439665,0.01393695475510804,0.023907640959167645,0.0,1.1860630452448906,-0.023907640959167645,0.0
0.746,-0.890067366645503,0.014411266066477866,0.023949718915907938,0.0,1.1855887339335207,-0.023949718915907938,0.0
0.748,-0.8900674734630122,0.014892799021629476,0.02399150151802704,0.0,1.1851072009783692,-0.02399150151802704,0.0
0.75,-0.8900675843910414,0.015381474637773998,0.02403299124533317,0.0,1.1846185253622246,-0.02403299124533317,0.0
0.752,-0.8900676995214449,0.01587721090722406,0.024074190717350223,0.0,1.1841227890927746,-0.024074190717350223,0.0
0.754,-0.8900678189428026,0.016379922699501892,0.02411510269832936,0.0,1.1836200773004968,-0.02411510269832936,0.0
0.756,-0.8900679427397797,0.016889521661012843,0.024155730102406812,0.0,1.1831104783389859,-0.024155730102406812,0.0
0.758,-0.8900680709924386,0.01740591611229794,0.02419607599890895,0.0,1.1825940838877007,-0.02419607599890895,0.0
0.76,-0.8900682037754981,0.017929010942886354,0.02423614361780524,0.0,1.1820709890571124,-0.02423614361780524,0.0
0.762,-0.890068341157534,0.018458707503776577,0.02427593635530952,0.0,1.181541292496222,-0.02427593635530952,0.0
0.764,-0.8900684832001232,0.018994903497583763,0.024315457779629554,0.0,1.1810050965024148,-0.024315457779629554,0.0
0.766,-0.8900686299569237,0.019537492866400216,0.024354711636864475,0.0,1.1804625071335983,-0.024354711636864475,0.0
0.768,-0.8900687814726953,0.02008636567742624,0.02439370185704925,0.0,1.1799136343225722,-0.02439370185704925,0.0
0.77,-0.8900689377822533,0.020641408006439776,0.02443243256034482,0.0,1.1793585919935587,-0.02443243256034482,0.0
0.772,-0.8900690989093559,0.02120250181918538,0.02447090806337199,0.0,1.1787974981808131,-0.02447090806337199,0.0
0.774,-0.890069264865525,0.0217695248507761,0.02450913288568665,0.0,1.1782304751492225,-0.02450913288568665,0.0
0.776,-0.8900694356487979,0.022342350483215995,0.024547111756393066,0.0,1.1776576495167825,-0.024547111756393066,0.0
0.778,-0.8900696112424082,0.022920847621166213,0.02458484962089156,0.0,1.1770791523788324,-0.02458484962089156,0.0
0.78,-0.8900697916134029,0.023504880566093758,0.02462235164775581,0.0,1.1764951194339048,-0.02462235164775581,0.0
0.782,-0.8900699767111839,0.02409430888895966,0.024659623235734472,0.0,1.1759056911110388,-0.024659623235734472,0.0
0.784,-0.8900701664659882,0.024688987301621886,0.024696670020870705,0.0,1.1753110126983766,-0.024696670020870705,0.0
0.786,-0.8900703607873012,0.025288765527148215,0.02473349788373239,0.0,1.1747112344728503,-0.02473349788373239,0.0
0.788,-0.8900705595622065,0.025893488169255702,0.02477011295674465,0.0,1.1741065118307428,-0.02477011295674465,0.0
0.79,-0.8900707626536812,0.026502994581115717,0.024806521631615296,0.0,1.1734970054188827,-0.024806521631615296,0.0
0.792,-0.8900709698988345,0.027117118733787644,0.024842730566842566,0.0,1.1728828812662107,-0.024842730566842566,0.0
0.794,-0.8900711811071006,0.027735689084569578,0.02487874669529326,0.0,1.1722643109154287,-0.02487874669529326,0.0
0.796,-0.8900713960583961,0.0283585284455811,0.024914577231838052,0.0,1.1716414715544172,-0.024914577231838052,0.0
0.798,-0.890071614501242,0.028985453852921415,0.024950229681029324,0.0,1.171014546147077,-0.024950229681029324,0.0
0.8,-0.8900718361508695,0.029616276436775647,0.024985711844805303,0.0,1.1703837235632226,-0.024985711844805303,0.0
0.802,-0.8900720606873209,0.030250801292873226,0.02502103183020272,0.0,1.1697491987071251,-0.02502103183020272,0.0
0.804,-0.8900722877535543,0.030888827355734564,0.025056198057058526,0.0,1.1691111726442638,-0.025056198057058526,0.0
0.806,-0.890072516953576,0.03153014727417609,0.025091219265679306,0.0,1.1684698527258222,-0.025091219265679306,0.0
0.808,-0.8900727478506144,0.0321745472895788,0.025126104524455357,0.0,1.1678254527104195,-0.025126104524455357,0.0
0.81,-0.8900729799653577,0.03282180711746175,0.025160863237394204,0.0,1.1671781928825364,-0.025160863237394204,0.0
0.812,-0.8900732127742804,0.033471699832939544,0.025195505151546487,0.0,1.1665283001670586,-0.025195505151546487,0.0
0.8140000000000001,-0.8900734457080803,0.03412399176068138,0.025230040364294905,0.0,1.1658760082393167,-0.025230040364294905,0.0
0.8160000000000001,-0.89007367815026,0.03477844237002865,0.025264479330474734,0.0,1.1652215576299694,-0.025264479330474734,0.0
0.8180000000000001,-0.8900739094358775,0.03543480417596857,0.025298832869292215,0.0,1.1645651958240295,-0.025298832869292215,0.0
0.8200000000000001,-0.8900741388505061,0.036092822646701925,0.02533311217100468,0.0,1.163907177353296,-0.02533311217100468,0.0
0.8220000000000001,-0.890074365629434,0.036752236118584546,0.025367328803324006,0.0,1.1632477638814134,-0.025367328803324006,0.0
0.8240000000000001,-0.8900745889571464,0.03741277571926329,0.025401494717502436,0.0,1.1625872242807347,-0.025401494717502436,0.0
0.8260000000000001,-0.8900748079671285,0.03807416529986871,0.025435622254057478,0.0,1.1619258347001293,-0.025435622254057478,0.0
0.8280000000000001,-0.8900750217420358,0.038736121377167296,0.025469724148089956,0.0,1.1612638786228306,-0.025469724148089956,0.0
0.8300000000000001,-0.8900752293142724,0.039398353086616184,0.02550381353414695,0.0,1.1606016469133817,-0.02550381353414695,0.0
0.8320000000000001,-0.8900754296670289,0.0400605621473021,0.025537903950578773,0.0,1.159939437852696,-0.025537903950578773,0.0
0.834,-0.8900756217358253,0.04072244283978326,0.025572009343336796,0.0,1.1592775571602147,-0.025572009343336796,0.0
0.836,-0.8900758044106095,0.041383681997888215,0.02560614406915647,0.0,1.1586163180021098,-0.02560614406915647,0.0
0.838,-0.8900759765384555,0.04204395901555789,0.025640322898067665,0.0,1.1579560409844403,-0.025640322898067665,0.0
0.84,-0.890076136926918,0.04270294586984637,0.025674561015172296,0.0,1.1572970541301517,-0.025674561015172296,0.0
0.842,-0.890076284348083,0.04336030716122143,0.02570887402162704,0.0,1.1566396928387765,-0.02570887402162704,0.0
0.844,-0.8900764175433594,0.04401570017232679,0.025743277934767283,0.0,1.1559842998276713,-0.025743277934767283,0.0
0.846,-0.8900765352290585,0.04466877494638401,0.02577778918730662,0.0,1.155331225053614,-0.02577778918730662,0.0
0.848,-0.8900766361027892,0.045319174386422065,0.025812424625544943,0.0,1.154680825613576,-0.025812424625544943,0.0
0.85,-0.8900767188507065,0.045966534376526126,0.025847201506517,0.0,1.154033465623472,-0.025847201506517,0.0
0.852,-0.8900767821556308,0.04661048392629313,0.025882137494012556,0.0,1.153389516073705,-0.025882137494012556,0.0
0.854,-0.8900768247060585,0.04725064533967002,0.025917250653398883,0.0,1.1527493546603282,-0.025917250653398883,0.0
0.856,-0.890076845206061,0.04788663440932948,0.02595255944517632,0.0,1.1521133655906688,-0.02595255944517632,0.0
0.858,-0.8900768423860694,0.048518060637707125,0.025988082717198185,0.0,1.151481939362291,-0.025988082717198185,0.0
0.86,-0.890076815014523,0.04914452748578349,0.026023839695487286,0.0,1.1508554725142146,-0.026023839695487286,0.0
0.862,-0.8900767619103431,0.04976563265064091,0.02605984997358287,0.0,1.1502343673493571,-0.02605984997358287,0.0
0.864,-0.8900766819561806,0.0503809683727614,0.026096133500354068,0.0,1.1496190316272366,-0.026096133500354068,0.0
0.866,-0.8900765741123695,0.05099012177395379,0.026132710566218707,0.0,1.149009878226044,-0.026132710566218707,0.0
0.868,-0.8900764374314908,0.05159267522670788,0.026169601787709922,0.0,1.14840732477329,-0.026169601787709922,0.0
0.87,-0.8900762710734405,0.05218820675566843,0.02620682809033729,0.0,1.1478117932443295,-0.02620682809033729,0.0
0.872,-0.8900760743208705,0.05277629047180258,0.026244410689694297,0.0,1.1472237095281954,-0.026244410689694297,0.0
0.874,-0.8900758465948482,0.05335649703970039,0.026282371070769785,0.0,1.1466435029602977,-0.026282371070769785,0.0
0.876,-0.8900755874705617,0.05392839417829914,0.026320730965427783,0.0,1.1460716058216989,-0.026320730965427783,0.0
0.878,-0.8900752966928727,0.054491547195158044,0.026359512328027697,0.0,1.14550845280484,-0.026359512328027697,0.0
0.88,-0.8900749741915056,0.055045519554231266,0.02639873730916521,0.0,1.1449544804457668,-0.02639873730916521,0.0
0.882,-0.8900746200956343,0.05558987347689343,0.02643842822752363,0.0,1.1444101265231046,-0.02643842822752363,0.0
0.884,-0.8900742347476195,0.05612417057576476,0.026478607539835497,0.0,1.1438758294242333,-0.026478607539835497,0.0
0.886,-0.8900738187156279,0.05664797252066195,0.026519297808965295,0.0,1.143352027479336,-0.026519297808965295,0.0
0.888,-0.8900733728048617,0.05716084173576824,0.026560521670135846,0.0,1.1428391582642297,-0.026560521670135846,0.0
0.89,-0.8900728980671181,0.05766234212687239,0.02660230179533355,0.0,1.1423376578731255,-0.02660230179533355,0.0
0.892,-0.8900723958083906,0.0581520398372729,0.0266446608559408,0.0,1.141847960162725,-0.0266446608559408,0.0
0.894,-0.8900718675942384,0.05862950403068346,0.026687621483657716,0.0,1.1413704959693143,-0.026687621483657716,0.0
0.896,-0.8900713152526606,0.05909430769920934,0.026731206229789695,0.0,1.1409056923007883,-0.026731206229789695,0.0
0.898,-0.8900707408742121,0.05954602849419514,0.026775437522991996,0.0,1.1404539715058024,-0.026775437522991996,0.0
0.9,-0.890070146809144,0.059984249577474905,0.026820337625577558,0.0,1.1400157504225226,-0.026820337625577558,0.0
0.902,-0.890069535661367,0.06040856049028808,0.02686592858850942,0.0,1.1395914395097093,-0.02686592858850942,0.0
0.904,-0.8900689102790759,0.060818558036862945,0.026912232205214232,0.0,1.1391814419631345,-0.026912232205214232,0.0
0.906,-0.8900682737419272,0.06121384717941594,0.026959269964368315,0.0,1.1387861528205816,-0.026959269964368315,0.0
0.908,-0.8900676293446935,0.06159404194107402,0.027007063001822262,0.0,1.1384059580589234,-0.027007063001822262,0.0
0.91,-0.8900669805774082,0.06195876631300135,0.02705563205184417,0.0,1.138041233686996,-0.02705563205184417,0.0
0.912,-0.8900663311020255,0.06230765516180495,0.027104997397874937,0.0,1.1376923448381924,-0.027104997397874937,0.0
0.914,-0.8900656847257378,0.06264035513310925,0.02715517882300131,0.0,1.1373596448668881,-0.02715517882300131,0.0
0.916,-0.8900650453711353,0.06295652554703143,0.027206195560363848,0.0,1.137043474452966,-0.027206195560363848,0.0
0.918,-0.8900644170434594,0.0632558392811596,0.027258066243726644,0.0,1.1367441607188378,-0.027258066243726644,0.0
0.92,-0.8900638037952742,0.06353798363653917,0.027310808858444346,0.0,1.1364620163634582,-0.027310808858444346,0.0
0.922,-0.8900632096889637,0.06380266118211024,0.027364440693068575,0.0,1.1361973388178872,-0.027364440693068575,0.0
0.924,-0.8900626387574825,0.06404959057301447,0.027418978291840874,0.0,1.135950409426983,-0.027418978291840874,0.0
0.926,-0.8900620949639068,0.06427850733820466,0.027474437408322176,0.0,1.135721492661793,-0.027474437408322176,0.0
0.928,-0.8900615821603043,0.0644891646328461,0.02753083296040961,0.0,1.1355108353671515,-0.02753083296040961,0.0
0.93,-0.890061104046559,0.06468133395109725,0.027588178986990113,0.0,1.1353186660489003,-0.027588178986990113,0.0
0.932,-0.8900606641297442,0.06485480579499794,0.027646488606476487,0.0,1.1351451942049997,-0.027646488606476487,0.0
0.934,-0.890060265684699,0.06500939029537674,0.027705773977465705,0.0,1.134990609704621,-0.027705773977465705,0.0
0.936,-0.8900599117164439,0.06514491778091479,0.027766046261750752,0.0,1.1348550822190828,-0.027766046261750752,0.0
0.9380000000000001,-0.8900596049250629,0.06526123929176923,0.02782731558990674,0.0,1.1347387607082284,-0.02782731558990674,0.0
0.9400000000000001,-0.8900593476736595,0.06535822703446377,0.027889591029659006,0.0,1.1346417729655338,-0.027889591029659006,0.0
0.9420000000000001,-0.8900591419599231,0.0654357747750946,0.02795288055722593,0.0,1.134564225224903,-0.02795288055722593,0.0
0.9440000000000001,-0.8900589893918406,0.06549379816827326,0.028017191031812008,0.0,1.1345062018317245,-0.028017191031812008,0.0
0.9460000000000001,-0.8900588911679634,0.06553223501963003,0.02808252817340774,0.0,1.1344677649803676,-0.02808252817340774,0.0
0.9480000000000001,-0.8900588480626078,0.06555104548012883,0.02814889654403228,0.0,1.1344489545198688,-0.02814889654403228,0.0
0.9500000000000001,-0.8900588604162397,0.0655502121708917,0.02821629953253259,0.0,1.134449787829106,-0.02821629953253259,0.0
0.9520000000000001,-0.8900589281312425,0.06552974023769301,0.028284739343029514,0.0,1.1344702597623046,-0.028284739343029514,0.0
0.9540000000000001,-0.8900590506731331,0.06548965733475583,0.02835421698707692,0.0,1.1345103426652419,-0.02835421698707692,0.0
0.9560000000000001,-0.8900592270772029,0.06543001353795894,0.028424732279575045,0.0,1.1345699864620387,-0.028424732279575045,0.0
0.9580000000000001,-0.8900594559604694,0.06535088118803821,0.028496283838453793,0.0,1.1346491188119594,-0.028496283838453793,0.0
0.96,-0.8900597355387114,0.06525235466483408,0.028568869088116365,0.0,1.1347476453351635,-0.028568869088116365,0.0
0.962,-0.8900600636482825,0.06513455009409319,0.028642484266608276,0.0,1.1348654499059043,-0.028642484266608276,0.0
0.964,-0.8900604377723003,0.06499760498877069,0.028717124436452135,0.0,1.135002395011227,-0.028717124436452135,0.0
0.966,-0.8900608550707511,0.06484167782719613,0.028792783499064573,0.0,1.1351583221728014,-0.028792783499064573,0.0
0.968,-0.8900613124139795,0.06466694757085574,0.028869454212648835,0.0,1.1353330524291418,-0.028869454212648835,0.0
0.97,-0.8900618064189788,0.0644736131249023,0.028947128213434887,0.0,1.1355263868750953,-0.028947128213434887,0.0
0.972,-0.89006233348787,0.06426189274482888,0.029025796040118856,0.0,1.1357381072551687,-0.029025796040118856,0.0
0.974,-0.890062889847945,0.06403202339302953,0.02910544716133521,0.0,1.135967976606968,-0.02910544716133521,0.0
0.976,-0.8900634715926121,0.06378426004921814,0.029186070005978604,0.0,1.1362157399507793,-0.029186070005978604,0.0
0.978,-0.8900640747226307,0.06351887497888287,0.02926765199617785,0.0,1.1364811250211146,-0.02926765199617785,0.0
0.98,-0.890064695187003,0.06323615696411813,0.029350179582712122,0.0,1.1367638430358793,-0.029350179582712122,0.0
0.982,-0.8900653289229663,0.06293641050129709,0.029433638282649343,0.0,1.1370635894987005,-0.029433638282649343,0.0
0.984,-0.8900659718945125,0.06261995497012678,0.02951801271897877,0.0,1.1373800450298708,-0.02951801271897877,0.0
0.986,-0.8900666201289829,0.06228712377866524,0.029603286662004114,0.0,1.1377128762213322,-0.029603286662004114,0.0
0.988,-0.8900672697512925,0.06193826348887635,0.029689443072260024,0.0,1.1380617365111212,-0.029689443072260024,0.0
0.99,-0.8900679170154107,0.06157373292725618,0.029776464144713397,0.0,1.1384262670727414,-0.029776464144713397,0.0
0.992,-0.8900685583328332,0.061193902284986515,0.02986433135401174,0.0,1.1388060977150112,-0.02986433135401174,0.0
0.994,-0.890069190297791,0.060799152211958675,0.02995302550054347,0.0,1.139200847788039,-0.02995302550054347,0.0
0.996,-0.8900698097090451,0.06038987290886785,0.030042526757079503,0.0,1.1396101270911299,-0.030042526757079503,0.0
0.998,-0.8900704135881915,0.05996646322140757,0.03013281471577177,0.0,1.14003353677859,-0.03013281471577177,0.0
1.0,-0.8900709991944271,0.059529329740398526,0.030223868435291908,0.0,1.1404706702595993,-0.030223868435291908,0.0
1.002,-0.8900715640358275,0.059078885911470445,0.03031566648790257,0.0,1.1409211140885274,-0.03031566648790257,0.0
1.004,-0.8900721058772185,0.058615551157682036,0.030408187006263986,0.0,1.1413844488423157,-0.030408187006263986,0.0
1.006,-0.8900726227447786,0.058139750018216974,0.03050140772978969,0.0,1.1418602499817807,-0.03050140772978969,0.0
1.008,-0.8900731129275448,0.05765191130603627,0.030595306050377535,0.0,1.1423480886939614,-0.030595306050377535,0.0
1.01,-0.8900735749760381,0.05715246728710244,0.03068985905735466,0.0,1.1428475327128953,-0.03068985905735466,0.0
1.012,-0.8900740076982501,0.05664185288352205,0.030785043581488557,0.0,1.1433581471164758,-0.030785043581488557,0.0
1.014,-0.8900744101532412,0.05612050490268354,0.030880836237929716,0.0,1.1438794950973143,-0.030880836237929716,0.0
1.016,-0.8900747816426371,0.05558886129419879,0.03097721346796517,0.0,1.1444111387057991,-0.03097721346796517,0.0
1.018,-0.8900751217002874,0.05504736043619301,0.03107415157947587,0.0,1.144952639563805,-0.03107415157947587,0.0
1.02,-0.8900754300803838,0.0544964404522302,0.031171626786004537,0.0,1.1455035595477678,-0.031171626786004537,0.0
1.022,-0.8900757067443115,0.05393653855991182,0.03126961524435381,0.0,1.1460634614400862,-0.03126961524435381,0.0
1.024,-0.8900759518464983,0.05336809045194775,0.03136809309064772,0.0,1.1466319095480502,-0.03136809309064772,0.0
1.026,-0.8900761657195349,0.05279152971027074,0.03146703647480188,0.0,1.1472084702897272,-0.03146703647480188,0.0
1.028,-0.8900763488587887,0.05220728725355095,0.03156642159335996,0.0,1.147792712746447,-0.03156642159335996,0.0
1.03,-0.8900765019067644,0.05161579081826588,0.03166622472066531,0.0,1.148384209181732,-0.03166622472066531,0.0
1.032,-0.8900766256373908,0.0510174644732942,0.03176642223834759,0.0,1.1489825355267036,-0.03176642223834759,0.0
1.034,-0.8900767209404427,0.05041272816782963,0.031866990663114096,0.0,1.1495872718321682,-0.031866990663114096,0.0
1.036,-0.890076788806246,0.04980199731225399,0.0319679066728452,0.0,1.1501980026877439,-0.0319679066728452,0.0
1.038,-0.8900768303108205,0.04918568239146637,0.032069147131001556,0.0,1.1508143176085315,-0.032069147131001556,0.0
1.04,-0.8900768466015735,0.04856418861003799,0.032170689109359094,0.0,1.1514358113899599,-0.032170689109359094,0.0
1.042,-0.8900768388836532,0.04793791556844979,0.03227250990909457,0.0,1.1520620844315481,-0.03227250990909457,0.0
1.044,-0.8900768084070351,0.047307256969571464,0.03237458708025111,0.0,1.1526927430304263,-0.03237458708025111,0.0
1.046,-0.8900767564544128,0.04667260035445587,0.032476898439618825,0.0,1.153327399645542,-0.032476898439618825,0.0
1.048,-0.8900766843299295,0.046034326866451494,0.032579422087070514,0.0,1.1539656731335464,-0.032579422087070514,0.0
1.05,-0.890076593348786,0.04539281104257635,0.03268213642039681,0.0,1.1546071889574214,-0.03268213642039681,0.0
1.052,-0.8900764848277359,0.04474842063104963,0.03278502014868886,0.0,1.1552515793689482,-0.03278502014868886,0.0
1.054,-0.8900763600764754,0.04410151643384114,0.03288805230431959,0.0,1.1558984835661568,-0.03288805230431959,0.0
1.056,-0.8900762203899122,0.043452452173072253,0.03299121225357714,0.0,1.1565475478269256,-0.03299121225357714,0.0
1.058,-0.8900760670413008,0.042801574380085715,0.033094479706005896,0.0,1.1571984256199122,-0.033094479706005896,0.0
1.06,-0.890075901276214,0.042149222305993175,0.03319783472251219,0.0,1.1578507776940048,-0.03319783472251219,0.0
1.062,-0.8900757243073208,0.04149572785250922,0.03330125772229241,0.0,1.1585042721474887,-0.03330125772229241,0.0
1.064,-0.8900755373099278,0.04084141552188715,0.033404729488642045,0.0,1.1591585844781107,-0.033404729488642045,0.0
1.066,-0.8900753414182451,0.040186602384784706,0.033508231173704314,0.0,1.1598133976152132,-0.033508231173704314,0.0
1.068,-0.8900751377223309,0.039531598064906213,0.03361174430221664,0.0,1.1604684019350917,-0.03361174430221664,0.0
1.07,-0.8900749272656644,0.03887670473929084,0.033715250774313046,0.0,1.1611232952607071,-0.033715250774313046,0.0
1.072,-0.8900747110433017,0.03822221715314393,0.03381873286743955,0.0,1.161777782846854,-0.03381873286743955,0.0
1.074,-0.8900744900005643,0.037568422648139047,0.03392217323743866,0.0,1.162431577351859,-0.03392217323743866,0.0
1.076,-0.8900742650322107,0.03691560120315232,0.034025554918857975,0.0,1.1630843987968458,-0.034025554918857975,0.0
1.078,-0.8900740369820459,0.0362640254864265,0.03412886132453631,0.0,1.1637359745135716,-0.03412886132453631,0.0
1.08,-0.89007380664292,0.03561396091820034,0.03423207624451936,0.0,1.1643860390817977,-0.03423207624451936,0.0
1.082,-0.8900735747570738,0.03496566574287816,0.03433518384435521,0.0,1.1650343342571199,-0.03433518384435521,0.0
1.084,-0.8900733420167872,0.03431939110985505,0.03443816866281814,0.0,1.165680608890143,-0.03443816866281814,0.0
1.086,-0.8900731090652897,0.033675381162154086,0.0345410156091075,0.0,1.166324618837844,-0.0345410156091075,0.0
1.088,-0.8900728764979002,0.033033873132073344,0.03464370995956632,0.0,1.1669661268679248,-0.03464370995956632,0.0
1.09,-0.8900726448633545,0.03239509744308207,0.03474623735396245,0.0,1.167604902556916,-0.03474623735396245,0.0
1.092,-0.8900724146652914,0.031759277817246155,0.03484858379137325,0.0,1.1682407221827518,-0.03484858379137325,0.0
1.094,-0.8900721863638689,0.031126631387504034,0.034950735625712416,0.0,1.168873368612494,-0.034950735625712416,0.0
1.096,-0.8900719603774804,0.03049736881415393,0.035052679560936106,0.0,1.169502631185844,-0.035052679560936106,0.0
1.098,-0.8900717370845473,0.029871694404952503,0.035154402645963104,0.0,1.1701283055950455,-0.035154402645963104,0.0
1.1,-0.8900715168253679,0.02924980623826316,0.035255892269342115,0.0,1.1707501937617348,-0.035255892269342115,0.0
1.102,-0.890071299903997,0.02863189628872918,0.03535713615369732,0.0,1.1713681037112689,-0.03535713615369732,0.0
1.104,-0.8900710865901461,0.028018150554982708,0.03545812234998136,0.0,1.1719818494450154,-0.03545812234998136,0.0
1.106,-0.8900708771210823,0.02740874918893512,0.03555883923156328,0.0,1.172591250811063,-0.03555883923156328,0.0
1.108,-0.8900706717035164,0.026803866626227506,0.035659275488177114,0.0,1.1731961333737706,-0.035659275488177114,0.0
1.11,-0.8900704705154654,0.02620367171745169,0.035759420119755095,0.0,1.1737963282825463,-0.035759420119755095,0.0
1.112,-0.8900702737080827,0.025608327859782735,0.035859262430167876,0.0,1.1743916721402152,-0.035859262430167876,0.0
1.114,-0.8900700814074429,0.02501799312869268,0.03595879202089259,0.0,1.1749820068713053,-0.03595879202089259,0.0
1.116,-0.8900698937162804,0.0244328204094429,0.036057998784628016,0.0,1.1755671795905551,-0.036057998784628016,0.0
1.118,-0.8900697107156709,0.0238529575280785,0.03615687289887472,0.0,1.1761470424719196,-0.03615687289887472,0.0
1.12,-0.8900695324666507,0.023278547381672895,0.03625540481949666,0.0,1.1767214526183252,-0.03625540481949666,0.0
1.122,-0.8900693590117785,0.02270972806759405,0.03635358527427948,0.0,1.177290271932404,-0.03635358527427948,0.0
1.124,-0.8900691903766245,0.02214663301158577,0.036451405256499335,0.0,1.1778533669884124,-0.036451405256499335,0.0
1.1260000000000001,-0.890069026571196,0.021589391094478123,0.036548856018515104,0.0,1.17841060890552,-0.036548856018515104,0.0
1.1280000000000001,-0.8900688675912936,0.021038126777360427,0.03664592906539563,0.0,1.1789618732226377,-0.03664592906539563,0.0
1.1300000000000001,-0.8900687134197964,0.02049296022506835,0.03674261614859255,0.0,1.1795070397749297,-0.03674261614859255,0.0
1.1320000000000001,-0.8900685640278825,0.01995400742785362,0.03683890925966837,0.0,1.1800459925721445,-0.03683890925966837,0.0
1.1340000000000001,-0.8900684193761743,0.01942138032112061,0.036934800624088514,0.0,1.1805786196788775,-0.036934800624088514,0.0
1.1360000000000001,-0.8900682794158258,0.018895186903128768,0.03703028269508503,0.0,1.1811048130968693,-0.03703028269508503,0.0
1.1380000000000001,-0.8900681440895348,0.018375531350573474,0.03712534814759916,0.0,1.1816244686494246,-0.03712534814759916,0.0
1.1400000000000001,-0.8900680133324986,0.017862514131970566,0.03721998987230886,0.0,1.1821374858680276,-0.03721998987230886,0.0
1.1420000000000001,-0.8900678870733044,0.017356232118781408,0.03731420096974687,0.0,1.1826437678812167,-0.03731420096974687,0.0
1.1440000000000001,-0.8900677652347582,0.01685677869422619,0.037407974744514204,0.0,1.183143221305772,-0.037407974744514204,0.0
1.1460000000000001,-0.8900676477346602,0.016364243859743045,0.037501304699593285,0.0,1.183635756140255,-0.037501304699593285,0.0
1.1480000000000001,-0.8900675344865209,0.015878714339059637,0.037594184530764505,0.0,1.1841212856609384,-0.037594184530764505,0.0
1.1500000000000001,-0.890067425400226,0.01540027367985229,0.03768660812112926,0.0,1.1845997263201458,-0.03768660812112926,0.0
1.1520000000000001,-0.8900673203826526,0.01492900235297523,0.037778569535742205,0.0,1.1850709976470228,-0.037778569535742205,0.0
1.154,-0.8900672193382339,0.014464977849249553,0.037870063016354934,0.0,1.1855350221507486,-0.037870063016354934,0.0
1.156,-0.8900671221694797,0.014008274773807781,0.03796108297627293,0.0,1.1859917252261905,-0.03796108297627293,0.0
1.158,-0.8900670287774578,0.013558964937995549,0.03805162399532716,0.0,1.1864410350620027,-0.03805162399532716,0.0
1.16,-0.8900669390622287,0.013117117448837173,0.038141680814961464,0.0,1.186882882551161,-0.038141680814961464,0.0
1.162,-0.8900668529232448,0.012682798796076419,0.0382312483334365,0.0,1.1873172012039217,-0.0382312483334365,0.0
1.164,-0.8900667702597155,0.012256072936807947,0.0383203216011507,0.0,1.1877439270631902,-0.0383203216011507,0.0
1.166,-0.8900666909709376,0.011837001377718615,0.038408895816078495,0.0,1.1881629986222795,-0.038408895816078495,0.0
1.168,-0.8900666149565918,0.011425643254961029,0.038496966319325775,0.0,1.188574356745037,-0.038496966319325775,0.0
1.17,-0.8900665421170136,0.011022055411684665,0.03858452859080242,0.0,1.1889779445883135,-0.03858452859080242,0.0
1.172,-0.8900664723534353,0.010626292473252358,0.03867157824501139,0.0,1.1893737075267459,-0.03867157824501139,0.0
1.174,-0.8900664055682017,0.010238406920172138,0.03875811102695389,0.0,1.189761593079826,-0.03875811102695389,0.0
1.176,-0.8900663416649632,0.009858449158776247,0.0388441228081498,0.0,1.1901415508412219,-0.0388441228081498,0.0
1.178,-0.8900662805488476,0.009486467589680778,0.0389296095827726,0.0,1.1905135324103173,-0.0389296095827726,0.0
1.18,-0.8900662221266116,0.009122508674060647,0.03901456746389767,0.0,1.1908774913259375,-0.03901456746389767,0.0
1.182,-0.890066166306772,0.008766616997775716,0.039098992679863026,0.0,1.1912333830022224,-0.039098992679863026,0.0
1.184,-0.8900661129997225,0.008418835333384713,0.039182881570741214,0.0,1.1915811646666135,-0.039182881570741214,0.0
1.186,-0.8900660621178332,0.008079204700084247,0.039266230584921194,0.0,1.191920795299914,-0.039266230584921194,0.0
1.188,-0.8900660135755367,0.007747764421610647,0.039349036275798874,0.0,1.1922522355783876,-0.039349036275798874,0.0
1.19,-0.8900659672893987,0.007424552182142693,0.03943129529857492,0.0,1.1925754478178554,-0.03943129529857492,0.0
1.192,-0.8900659231781795,0.007109604080243363,0.039513004407158506,0.0,1.1928903959197548,-0.039513004407158506,0.0
1.194,-0.890065881162885,0.006802954680878753,0.03959416045117555,0.0,1.1931970453191194,-0.03959416045117555,0.0
1.196,-0.890065841166805,0.006504637065552176,0.039674760373079966,0.0,1.193495362934446,-0.039674760373079966,0.0
1.198,-0.8900658031155451,0.00621468288059116,0.03975480120536655,0.0,1.193785317119407,-0.03975480120536655,0.0
1.2,-0.8900657669370489,0.005933122383624711,0.03983428006788395,0.0,1.1940668776163734,-0.03983428006788395,0.0
1.202,-0.8900657325616146,0.005659984488287761,0.039913194165246364,0.0,1.1943400155117103,-0.039913194165246364,0.0
1.204,-0.8900656999219044,0.005395296807189117,0.039991540784342416,0.0,1.1946047031928089,-0.039991540784342416,0.0
1.206,-0.8900656689529486,0.00513908569317865,0.04006931729193986,0.0,1.1948609143068194,-0.04006931729193986,0.0
1.208,-0.8900656395921457,0.004891376278948725,0.04014652113238464,0.0,1.1951086237210493,-0.04014652113238464,0.0
1.21,-0.8900656117792543,0.0046521925150041265,0.04022314982539296,0.0,1.195347807484994,-0.04022314982539296,0.0
1.212,-0.890065585456387,0.004421557206033912,0.040299200963934995,0.0,1.1955784427939642,-0.040299200963934995,0.0
1.214,-0.8900655605679956,0.004199492045717742,0.04037467221220887,0.0,1.1958005079542804,-0.04037467221220887,0.0
1.216,-0.8900655370608582,0.003986017649998348,0.040449561303703724,0.0,1.1960139823499998,-0.040449561303703724,0.0
1.218,-0.8900655148840598,0.003781153588850815,0.04052386603935052,0.0,1.1962188464111474,-0.04052386603935052,0.0
1.22,-0.8900654939889753,0.003584918416578391,0.040597584285759436,0.0,1.1964150815834198,-0.040597584285759436,0.0
1.222,-0.8900654743292458,0.0033973297006635083,0.040670713973542674,0.0,1.1966026702993346,-0.040670713973542674,0.0
1.224,-0.8900654558607579,0.0032184040492016577,0.04074325309572163,0.0,1.1967815959507966,-0.04074325309572163,0.0
1.226,-0.890065438541623,0.0030481571369446892,0.04081519970621729,0.0,1.1969518428630535,-0.04081519970621729,0.0
1.228,-0.8900654223321497,0.002886603729979026,0.04088655191842295,0.0,1.1971133962700191,-0.04088655191842295,0.0
1.23,-0.8900654071948223,0.0027337577090631796,0.040957307903858244,0.0,1.197266242290935,-0.040957307903858244,0.0
1.232,-0.8900653930942793,0.0025896320916478236,0.04102746589090366,0.0,1.1974103679083503,-0.04102746589090366,0.0
1.234,-0.8900653799972846,0.002454239052600571,0.04109702416361471,0.0,1.1975457609473976,-0.04109702416361471,0.0
1.236,-0.8900653678727091,0.0023275899436564383,0.04116598106061494,0.0,1.1976724100563418,-0.04116598106061494,0.0
1.238,-0.8900653566915057,0.0022096953116138487,0.041234334974067234,0.0,1.1977903046883844,-0.041234334974067234,0.0
1.24,-0.8900653464266881,0.0021005649152948573,0.04130208434872259,0.0,1.1978994350847034,-0.04130208434872259,0.0
1.242,-0.8900653370533089,0.002000207741287127,0.04136922768104599,0.0,1.1979997922587111,-0.04136922768104599,0.0
1.244,-0.8900653285484409,0.0019086320184840148,0.0414357635184188,0.0,1.1980913679815142,-0.0414357635184188,0.0
1.246,-0.8900653208911564,0.001825845231437955,0.04150169045841722,0.0,1.1981741547685603,-0.04150169045841722,0.0
1.248,-0.8900653140625124,0.0017518541325411592,0.041567007148166565,0.0,1.198248145867457,-0.041567007148166565,0.0
1.25,-0.8900653080455312,0.0016866647530464742,0.04163171228377097,0.0,1.1983133352469517,-0.04163171228377097,0.0
1.252,-0.8900653028251883,0.0016302824129400607,0.04169580460981844,0.0,1.1983697175870582,-0.04169580460981844,0.0
1.254,-0.8900652983883959,0.0015827117296763845,0.04175928291896097,0.0,1.198417288270322,-0.04175928291896097,0.0
1.256,-0.8900652947239959,0.0015439566257848289,0.041822146051569815,0.0,1.1984560433742135,-0.041822146051569815,0.0
1.258,-0.890065291822743,0.0015140203353560609,0.041884392895465854,0.0,1.1984859796646423,-0.041884392895465854,0.0
1.26,-0.8900652896773028,0.0014929054094151054,0.04194602238572515,0.0,1.1985070945905834,-0.04194602238572515,0.0
1.262,-0.8900652882822411,0.0014806137201869036,0.042007033504559935,0.0,1.1985193862798116,-0.042007033504559935,0.0
1.264,-0.8900652876340199,0.001477146464258952,0.04206742528127514,0.0,1.1985228535357395,-0.04206742528127514,0.0
1.266,-0.8900652877309945,0.0014825041646444432,0.04212719679230102,0.0,1.198517495835354,-0.04212719679230102,0.0
1.268,-0.8900652885734098,0.0014966866717481496,0.042186347161302054,0.0,1.1985033133282503,-0.042186347161302054,0.0
1.27,-0.8900652901634045,0.0015196931632361142,0.04224487555936276,0.0,1.1984803068367624,-0.04224487555936276,0.0
1.272,-0.8900652925050095,0.0015515221428090342,0.042302781205250974,0.0,1.1984484778571896,-0.042302781205250974,0.0
1.274,-0.8900652956041537,0.0015921714378780492,0.042360063365759246,0.0,1.1984078285621205,-0.042360063365759246,0.0
1.276,-0.8900652994686677,0.0016416381961404617,0.04241672135612507,0.0,1.198358361803858,-0.04241672135612507,0.0
1.278,-0.8900653041082939,0.0016999188810517467,0.042472754540530816,0.0,1.1983000811189468,-0.042472754540530816,0.0
1.28,-0.890065309534692,0.0017670092661890263,0.04252816233268427,0.0,1.1982329907338096,-0.04252816233268427,0.0
1.282,-0.8900653157614525,0.0018429044285000068,0.04258294419648081,0.0,1.1981570955714986,-0.04258294419648081,0.0
1.284,-0.8900653228041077,0.0019275987404302017,0.042637099646748215,0.0,1.1980724012595685,-0.042637099646748215,0.0
1.286,-0.8900653306801447,0.002021085860920083,0.04269062825007544,0.0,1.1979789141390786,-0.04269062825007544,0.0
1.288,-0.8900653394090225,0.0021233587252626287,0.042743529625726494,0.0,1.1978766412747361,-0.042743529625726494,0.0
1.29,-0.8900653490121864,0.0022344095338105554,0.04279580344664085,0.0,1.1977655904661881,-0.04279580344664085,0.0
1.292,-0.8900653595130884,0.0023542297395213537,0.04284744944052181,0.0,1.1976457702604772,-0.04284744944052181,0.0
1.294,-0.8900653709372038,0.002482810034327062,0.04289846739101442,0.0,1.1975171899656716,-0.04289846739101442,0.0
1.296,-0.8900653833120536,0.00262014033431455,0.042948857138974506,0.0,1.1973798596656842,-0.042948857138974506,0.0
1.298,-0.8900653966672264,0.0027662097637009093,0.04299861858383063,0.0,1.1972337902362977,-0.04299861858383063,0.0
1.3,-0.890065411034396,0.002921006637587373,0.043047751685040755,0.0,1.1970789933624113,-0.043047751685040755,0.0
1.302,-0.8900654264473499,0.0030845184434740423,0.04309625646364555,0.0,1.1969154815565246,-0.04309625646364555,0.0
1.304,-0.8900654429420083,0.003256731821516516,0.04314413300392038,0.0,1.1967432681784822,-0.04314413300392038,0.0
1.306,-0.8900654605564515,0.0034376325435043864,0.043191381455128075,0.0,1.1965623674564942,-0.043191381455128075,0.0
1.308,-0.8900654793309395,0.0036272054905404057,0.043238002033374696,0.0,1.1963727945094582,-0.043238002033374696,0.0
1.31,-0.8900654993079385,0.0038254346293980003,0.04328399502357064,0.0,1.1961745653706006,-0.04328399502357064,0.0
1.312,-0.890065520532145,0.004032302987533681,0.04332936078149945,0.0,1.1959676970124649,-0.04332936078149945,0.0
1.314,-0.8900655430505039,0.004247792626729788,0.043374099735996915,0.0,1.1957522073732687,-0.043374099735996915,0.0
1.316,-0.8900655669122363,0.0044718846153419065,0.04341821239124292,0.0,1.1955281153846566,-0.04341821239124292,0.0
1.318,-0.8900655921688551,0.004704558999124219,0.04346169932916895,0.0,1.1952954410008743,-0.04346169932916895,0.0
1.32,-0.890065618874187,0.004945794770604996,0.043504561211983914,0.0,1.1950542052293935,-0.043504561211983914,0.0
1.322,-0.8900656470843866,0.005195569836983391,0.043546798784821206,0.0,1.1948044301630152,-0.043546798784821206,0.0
1.324,-0.8900656768579542,0.005453860986517699,0.04358841287851003,0.0,1.1945461390134808,-0.04358841287851003,0.0
1.326,-0.890065708255744,0.005720643853374273,0.04362940441247404,0.0,1.1942793561466243,-0.04362940441247404,0.0
1.328,-0.8900657413409746,0.005995892880905336,0.043669774397760534,0.0,1.1940041071190932,-0.043669774397760534,0.0
1.33,-0.8900657761792317,0.006279581283323029,0.04370952394020339,0.0,1.1937204187166754,-0.04370952394020339,0.0
1.332,-0.8900658128384692,0.006571681005736205,0.04374865424372314,0.0,1.1934283189942623,-0.04374865424372314,0.0
1.334,-0.8900658513890035,0.0068721626825156345,0.04378716661376765,0.0,1.1931278373174827,-0.04378716661376765,0.0
1.336,-0.8900658919035003,0.00718099559395259,0.043825062460896916,0.0,1.1928190044060458,-0.043825062460896916,0.0
1.338,-0.8900659344569605,0.007498147621175059,0.04386234330451548,0.0,1.1925018523788233,-0.04386234330451548,0.0
1.34,-0.8900659791266916,0.007823585199285252,0.04389901077675631,0.0,1.1921764148007132,-0.04389901077675631,0.0
1.342,-0.8900660259922776,0.008157273268681535,0.043935066626519734,0.0,1.191842726731317,-0.043935066626519734,0.0
1.344,-0.8900660751355336,0.008499175224527474,0.04397051272367131,0.0,1.191500824775471,-0.04397051272367131,0.0
1.346,-0.8900661266404558,0.008849252864330361,0.04400535106340244,0.0,1.1911507471356682,-0.04400535106340244,0.0
1.348,-0.8900661805931555,0.009207466333591327,0.04403958377075769,0.0,1.1907925336664071,-0.04403958377075769,0.0
1.35,-0.8900662370817871,0.009573774069489081,0.044073213105332645,0.0,1.1904262259305094,-0.044073213105332645,0.0
1.352,-0.8900662961964555,0.009948132742559297,0.04410624146614642,0.0,1.1900518672574392,-0.04410624146614642,0.0
1.354,-0.8900663580291134,0.010330497196331875,0.044138671396692655,0.0,1.1896695028036666,-0.044138671396692655,0.0
1.356,-0.8900664226734416,0.010720820384888618,0.044170505590173124,0.0,1.1892791796151099,-0.044170505590173124,0.0
1.358,-0.8900664902247132,0.011119053308304363,0.04420174689491784,0.0,1.188880946691694,-0.04420174689491784,0.0
1.36,-0.8900665607796335,0.011525144945935328,0.04423239831999569,0.0,1.1884748550540631,-0.04423239831999569,0.0
1.362,-0.8900666344361677,0.01193904218751932,0.04426246304101947,0.0,1.1880609578124792,-0.04426246304101947,0.0
1.364,-0.8900667112933391,0.012360689762053597,0.04429194440614925,0.0,1.187639310237945,-0.04429194440614925,0.0
1.366,-0.8900667914510062,0.012790030164417557,0.044320845942297855,0.0,1.1872099698355811,-0.044320845942297855,0.0
1.368,-0.8900668750096167,0.013227003579709077,0.04434917136154209,0.0,1.1867729964202895,-0.04434917136154209,0.0
1.37,-0.8900669620699259,0.013671547805265274,0.04437692456774342,0.0,1.1863284521947333,-0.04437692456774342,0.0
1.372,-0.890067052732693,0.014123598170340717,0.04440410966338147,0.0,1.185876401829658,-0.04440410966338147,0.0
1.374,-0.8900671470983449,0.014583087453418731,0.04443073095660364,0.0,1.1854169125465799,-0.04443073095660364,0.0
1.3760000000000001,-0.8900672452665989,0.015049945797134394,0.044456792968493856,0.0,1.1849500542028641,-0.044456792968493856,0.0
1.3780000000000001,-0.890067347336055,0.015524100620791194,0.044482300440563435,0.0,1.1844758993792073,-0.044482300440563435,0.0
1.3800000000000001,-0.8900674534037508,0.016005476530457145,0.04450725834246646,0.0,1.1839945234695413,-0.04450725834246646,0.0
1.3820000000000001,-0.8900675635646681,0.016493995226630385,0.0445316718799421,0.0,1.183506004773368,-0.0445316718799421,0.0
1.3840000000000001,-0.8900676779112043,0.016989575409469042,0.044555546502985675,0.0,1.1830104245905295,-0.044555546502985675,0.0
1.3860000000000001,-0.8900677965325902,0.017492132681585445,0.04457888791425008,0.0,1.182507867318413,-0.04457888791425008,0.0
1.3880000000000001,-0.8900679195142649,0.018001579448410614,0.04460170207767864,0.0,1.1819984205515879,-0.04460170207767864,0.0
1.3900000000000001,-0.8900680469371964,0.018517824816141403,0.04462399522737,0.0,1.1814821751838571,-0.04462399522737,0.0
1.3920000000000001,-0.89006817887715,0.01904077448728978,0.04464577387667514,0.0,1.1809592255127088,-0.04464577387667514,0.0
1.3940000000000001,-0.8900683154039004,0.01957033065386153,0.04466704482752601,0.0,1.1804296693461371,-0.04466704482752601,0.0
1.3960000000000001,-0.8900684565803859,0.020106391888200147,0.04468781517999452,0.0,1.1798936081117986,-0.04468781517999452,0.0
1.3980000000000001,-0.8900686024618014,0.020648853031541053,0.044708092342080064,0.0,1.1793511469684577,-0.044708092342080064,0.0
1.4000000000000001,-0.8900687530946287,0.021197605080331333,0.04472788403972281,0.0,1.1788023949196673,-0.04472788403972281,0.0
1.4020000000000001,-0.8900689085156037,0.021752535070381173,0.04474719832703919,0.0,1.1782474649296175,-0.04474719832703919,0.0
1.4040000000000001,-0.8900690687506162,0.022313525958925134,0.044766043596775024,0.0,1.1776864740410735,-0.044766043596775024,0.0
1.4060000000000001,-0.8900692338135431,0.022880456504684222,0.044784428590970767,0.0,1.1771195434953143,-0.044784428590970767,0.0
1.408,-0.8900694037050115,0.0234532011460336,0.044802362411832115,0.0,1.1765467988539648,-0.044802362411832115,0.0
1.41,-0.8900695784110959,0.02403162987739576,0.04481985453279808,0.0,1.1759683701226027,-0.04481985453279808,0.0
1.412,-0.8900697579019435,0.024615608123994992,0.044836914809797346,0.0,1.1753843918760034,-0.044836914809797346,0.0
1.414,-0.8900699421303316,0.025204996615126218,0.04485355349268212,0.0,1.1747950033848722,-0.04485355349268212,0.0
1.416,-0.8900701310301595,0.025799651256109644,0.04486978123682751,0.0,1.1742003487438888,-0.04486978123682751,0.0
1.418,-0.8900703245148718,0.0263994229991224,0.04488560911488239,0.0,1.173600577000876,-0.04488560911488239,0.0
1.42,-0.8900705224758217,0.027004157713119228,0.04490104862865631,0.0,1.1729958422868791,-0.04490104862865631,0.0
1.422,-0.8900707247805753,0.02761369605307652,0.044916111721125015,0.0,1.1723863039469218,-0.044916111721125015,0.0
1.424,-0.8900709312711591,0.02822787332881776,0.04493081078853493,0.0,1.1717721266711805,-0.04493081078853493,0.0
1.426,-0.8900711417622644,0.02884651937370328,0.044945158692585335,0.0,1.1711534806262949,-0.044945158692585335,0.0
1.428,-0.8900713560394056,0.029469458413493757,0.04495916877266405,0.0,1.1705305415865044,-0.04495916877266405,0.0
1.43,-0.8900715738570515,0.030096508935724662,0.044972854858110624,0.0,1.1699034910642734,-0.044972854858110624,0.0
1.432,-0.8900717949367332,0.03072748355995816,0.044986231280478135,0.0,1.16927251644004,-0.044986231280478135,0.0
1.434,-0.8900720189651423,0.03136218890930961,0.04499931288576217,0.0,1.1686378110906885,-0.04499931288576217,0.0
1.436,-0.8900722455922365,0.032000425483677916,0.04501211504656274,0.0,1.1679995745163203,-0.04501211504656274,0.0
1.438,-0.8900724744293639,0.032641987535142344,0.045024653674141886,0.0,1.167358012464856,-0.045024653674141886,0.0
1.44,-0.8900727050474287,0.03328666294602333,0.0450369452303368,0.0,1.1667133370539748,-0.0450369452303368,0.0
1.442,-0.8900729369751145,0.0339342331101407,0.04504900673928483,0.0,1.1660657668898575,-0.04504900673928483,0.0
1.444,-0.8900731696971927,0.03458447281784,0.045060855798913634,0.0,1.1654155271821582,-0.045060855798913634,0.0
1.446,-0.8900734026529381,0.03523715014539589,0.04507251059214619,0.0,1.1647628498546023,-0.04507251059214619,0.0
1.448,-0.8900736352346796,0.03589202634944085,0.04508398989776678,0.0,1.1641079736505573,-0.04508398989776678,0.0
1.45,-0.8900738667865187,0.036548855767107424,0.045095313100890516,0.0,1.1634511442328908,-0.045095313100890516,0.0
1.452,-0.8900740966032471,0.03720738572261294,0.04510650020297502,0.0,1.1627926142773852,-0.04510650020297502,0.0
1.454,-0.8900743239294995,0.03786735644105674,0.0451175718313093,0.0,1.1621326435589414,-0.0451175718313093,0.0
1.456,-0.8900745479591803,0.03852850097024122,0.045128549247910786,0.0,1.161471499029757,-0.045128549247910786,0.0
1.458,-0.8900747678352043,0.03919054511136916,0.04513945435775767,0.0,1.160809454888629,-0.04513945435775767,0.0
1.46,-0.8900749826495953,0.03985320735951059,0.04515030971627979,0.0,1.1601467926404876,-0.04515030971627979,0.0
1.462,-0.8900751914439856,0.040516198854772645,0.045161138536027316,0.0,1.1594838011452255,-0.045161138536027316,0.0
1.464,-0.8900753932105662,0.0411792233451445,0.04517196469243281,0.0,1.1588207766548537,-0.04517196469243281,0.0
1.466,-0.8900755868935306,0.04184197716202714,0.0451828127285783,0.0,1.158158022837971,-0.0451828127285783,0.0
1.468,-0.8900757713910691,0.04250414920949297,0.045193707858875505,0.0,1.1574958507905053,-0.045193707858875505,0.0
1.47,-0.8900759455579508,0.04316542096835305,0.04520467597156384,0.0,1.1568345790316452,-0.04520467597156384,0.0
1.472,-0.890076108208755,0.043825466516139576,0.04521574362992758,0.0,1.1561745334838587,-0.04521574362992758,0.0
1.474,-0.8900762581217873,0.04448395256413748,0.04522693807213054,0.0,1.1555160474358608,-0.04522693807213054,0.0
1.476,-0.890076394043733,0.04514053851262044,0.04523828720956416,0.0,1.1548594614873777,-0.04523828720956416,0.0
1.478,-0.8900765146950872,0.04579487652546387,0.045249819623602305,0.0,1.1542051234745343,-0.045249819623602305,0.0
1.48,-0.8900766187763967,0.04644661162531839,0.0452615645606545,0.0,1.1535533883746798,-0.0452615645606545,0.0
1.482,-0.8900767049753483,0.04709538181053197,0.0452735519254079,0.0,1.1529046181894662,-0.0452735519254079,0.0
1.484,-0.8900767719747271,0.04774081819500667,0.045285812272147515,0.0,1.1522591818049914,-0.045285812272147515,0.0
1.486,-0.8900768184612605,0.04838254517216547,0.045298376794044165,0.0,1.1516174548278326,-0.045298376794044165,0.0
1.488,-0.8900768431353528,0.04902018060418529,0.04531127731030023,0.0,1.1509798193958127,-0.04531127731030023,0.0
1.49,-0.8900768447217084,0.049653336037623855,0.04532454625104466,0.0,1.150346663962374,-0.04532454625104466,0.0
1.492,-0.8900768219808227,0.050281616946528725,0.04533821663987109,0.0,1.1497183830534692,-0.04533821663987109,0.0
1.494,-0.8900767737213051,0.050904623004066535,0.04535232207391593,0.0,1.1490953769959313,-0.04535232207391593,0.0
1.496,-0.8900766988129909,0.05152194838364837,0.04536689670137789,0.0,1.1484780516163495,-0.04536689670137789,0.0
1.498,-0.8900765962007683,0.052133182090452236,0.045381975196385406,0.0,1.1478668179095457,-0.045381975196385406,0.0
1.5,-0.8900764649190379,0.05273790832415564,0.045397592731125175,0.0,1.1472620916758423,-0.045397592731125175,0.0
1.502,-0.8900763041066967,0.05333570687358915,0.04541378494515269,0.0,1.1466642931264088,-0.04541378494515269,0.0
1.504,-0.8900761130225213,0.053926153543905675,0.04543058791181461,0.0,1.1460738464560922,-0.04543058791181461,0.0
1.506,-0.8900758910608,0.054508820616729195,0.045448038101723195,0.0,1.1454911793832687,-0.045448038101723195,0.0
1.508,-0.8900756377670418,0.05508327734360075,0.04546617234323473,0.0,1.1449167226563972,-0.04546617234323473,0.0
1.51,-0.8900753528535739,0.05564909047287877,0.04548502777989686,0.0,1.1443509095271192,-0.04548502777989686,0.0
1.512,-0.8900750362148165,0.05620582481007488,0.04550464182484424,0.0,1.143794175189923,-0.04550464182484424,0.0
1.514,-0.8900746879419983,0.056753043811416166,0.045525052112137844,0.0,1.1432469561885816,-0.045525052112137844,0.0
1.516,-0.8900743083370696,0.057290310210220435,0.04554629644506022,0.0,1.1427096897897773,-0.04554629644506022,0.0
1.518,-0.8900738979255509,0.05781718667545304,0.045568412741397654,0.0,1.1421828133245446,-0.045568412741397654,0.0
1.52,-0.8900734574680401,0.05833323650160401,0.045591438975759964,0.0,1.1416667634983937,-0.045591438975759964,0.0
1.522,-0.890072987970099,0.05883802432878269,0.04561541311900923,0.0,1.141161975671215,-0.04561541311900923,0.0
1.524,-0.8900724906902399,0.05933111689167627,0.0456403730748911,0.0,1.1406688831083214,-0.0456403730748911,0.0
1.526,-0.8900719671457326,0.05981208379575987,0.045666356613984715,0.0,1.1401879162042379,-0.045666356613984715,0.0
1.528,-0.8900714191159504,0.06028049831888112,0.045693401305111146,0.0,1.1397195016811166,-0.045693401305111146,0.0
1.53,-0.8900708486430233,0.06073593823607409,0.045721544444364076,0.0,1.1392640617639236,-0.045721544444364076,0.0
1.532,-0.8900702580295373,0.06117798666518838,0.04575082298195111,0.0,1.1388220133348093,-0.04575082298195111,0.0
1.534,-0.8900696498331031,0.06160623293065176,0.04578127344705842,0.0,1.1383937670693458,-0.04578127344705842,0.0
1.536,-0.8900690268576056,0.0620202734424225,0.045812931870976,0.0,1.137979726557575,-0.045812931870976,0.0
1.538,-0.8900683921410253,0.06241971258693292,0.04584583370874451,0.0,1.1375802874130647,-0.04584583370874451,0.0
1.54,-0.8900677489397529,0.06280416362658273,0.04588001375960814,0.0,1.137195836373415,-0.04588001375960814,0.0
1.542,-0.8900671007093687,0.06317324960411244,0.045915506086579946,0.0,1.136826750395885,-0.045915506086579946,0.0
1.544,-0.8900664510819473,0.06352660424797714,0.04595234393544706,0.0,1.1364733957520203,-0.04595234393544706,0.0
1.546,-0.8900658038399855,0.06386387287465255,0.04599055965356228,0.0,1.136136127125345,-0.04599055965356228,0.0
1.548,-0.8900651628871187,0.06418471328364257,0.046030184608785836,0.0,1.135815286716355,-0.046030184608785836,0.0
1.55,-0.890064532215895,0.06448879664082265,0.046071249108956006,0.0,1.1355112033591748,-0.046071249108956006,0.0
1.552,-0.8900639158728978,0.06477580834565044,0.04611378232227968,0.0,1.135224191654347,-0.04611378232227968,0.0
1.554,-0.8900633179216025,0.06504544887770697,0.046157812199043365,0.0,1.1349545511222905,-0.046157812199043365,0.0
1.556,-0.8900627424034293,0.0652974346179995,0.04620336539505154,0.0,1.134702565381998,-0.04620336539505154,0.0
1.558,-0.8900621932974614,0.06553149864046533,0.0462504671972024,0.0,1.1344685013595321,-0.0462504671972024,0.0
1.56,-0.8900616744794059,0.06574739146916357,0.04629914145161029,0.0,1.134252608530834,-0.04629914145161029,0.0
1.562,-0.890061189680373,0.06594488179673266,0.0463494104946804,0.0,1.134055118203265,-0.0463494104946804,0.0
1.564,-0.8900607424461064,0.06612375715982366,0.04640129508753279,0.0,1.133876242840174,-0.04640129508753279,0.0
1.566,-0.8900603360972834,0.06628382456739516,0.04645481435416165,0.0,1.1337161754326026,-0.04645481435416165,0.0
1.568,-0.8900599736915467,0.06642491107797273,0.04650998572369973,0.0,1.133575088922025,-0.04650998572369973,0.0
1.57,-0.8900596579878816,0.06654686432223375,0.046566824877138716,0.0,1.133453135677764,-0.046566824877138716,0.0
1.572,-0.8900593914139643,0.06664955296757591,0.04662534569883342,0.0,1.1333504470324218,-0.04662534569883342,0.0
1.574,-0.8900591760370136,0.06673286712166053,0.04668556023309113,0.0,1.1332671328783372,-0.04668556023309113,0.0
1.576,-0.8900590135387061,0.06679671867228885,0.046747478646117904,0.0,1.1332032813277089,-0.046747478646117904,0.0
1.578,-0.8900589051945734,0.06684104156136562,0.046811109193561025,0.0,1.1331589584386321,-0.046811109193561025,0.0
1.58,-0.8900588518582598,0.06686579199112629,0.04687645819385152,0.0,1.1331342080088715,-0.04687645819385152,0.0
1.582,-0.8900588539509364,0.06687094856124684,0.046943530007513355,0.0,1.133129051438751,-0.046943530007513355,0.0
1.584,-0.8900589114560685,0.06685651233591414,0.047012327022566504,0.0,1.1331434876640838,-0.047012327022566504,0.0
1.586,-0.8900590239196153,0.0668225068404039,0.04708284964611054,0.0,1.133177493159594,-0.04708284964611054,0.0
1.588,-0.8900591904556775,0.06676897798718856,0.047155096302133846,0.0,1.1332310220128092,-0.047155096302133846,0.0
1.59,-0.8900594097574848,0.06669599393207136,0.04722906343555135,0.0,1.1333040060679265,-0.04722906343555135,0.0
1.592,-0.8900596801135034,0.06660364486131212,0.04730474552243213,0.0,1.1333963551386856,-0.04730474552243213,0.0
1.594,-0.8900599994284002,0.06649204271116735,0.04738213508633648,0.0,1.1335079572888305,-0.04738213508633648,0.0
1.596,-0.8900603652484502,0.06636132082170862,0.04746122272064187,0.0,1.133638679178289,-0.04746122272064187,0.0
1.598,-0.8900607747909637,0.06621163352720306,0.0475419971166983,0.0,1.1337883664727946,-0.0475419971166983,0.0
1.6,-0.8900612249771853,0.06604315568573331,0.047624445097616645,0.0,1.1339568443142642,-0.047624445097616645,0.0
1.602,-0.890061712468112,0.06585608215109826,0.0477085516574588,0.0,1.1341439178488992,-0.0477085516574588,0.0
1.604,-0.890062233702621,0.06565062719036638,0.04779430000556657,0.0,1.134349372809631,-0.04779430000556657,0.0
1.606,-0.8900627849372641,0.06542702385074653,0.04788167161573719,0.0,1.134572976149251,-0.04788167161573719,0.0
1.608,-0.8900633622870995,0.0651855232796958,0.04797064627992744,0.0,1.1348144767203017,-0.04797064627992744,0.0
1.61,-0.8900639617669165,0.06492639400239779,0.04806120216614621,0.0,1.1350736059975997,-0.04806120216614621,0.0
1.612,-0.8900645793322433,0.06464992116091561,0.04815331588017632,0.0,1.1353500788390818,-0.04815331588017632,0.0
1.614,-0.8900652109195376,0.06435640571945352,0.048246962530751496,0.0,1.1356435942805438,-0.048246962530751496,0.0
1.616,-0.8900658524850225,0.06404616364024678,0.0483421157978029,0.0,1.1359538363597506,-0.0483421157978029,0.0
1.618,-0.8900665000416714,0.0637195250346445,0.04843874800338206,0.0,1.1362804749653528,-0.04843874800338206,0.0
1.62,-0.8900671496938963,0.06337683329395352,0.04853683018486288,0.0,1.1366231667060438,-0.04853683018486288,0.0
1.622,-0.8900677976695635,0.0630184442045768,0.04863633217002491,0.0,1.1369815557954206,-0.04863633217002491,0.0
1.624,-0.8900684403490423,0.06264472505190768,0.04873722265362311,0.0,1.1373552749480897,-0.04873722265362311,0.0
1.6260000000000001,-0.8900690742910244,0.062256053717335474,0.04883946927505515,0.0,1.137743946282662,-0.04883946927505515,0.0
1.6280000000000001,-0.8900696962549693,0.06185281777258064,0.04894303869674637,0.0,1.1381471822274167,-0.04894303869674637,0.0
1.6300000000000001,-0.8900703032200467,0.061435413575412004,0.049047896682884375,0.0,1.1385645864245855,-0.049047896682884375,0.0
1.6320000000000001,-0.8900708924005637,0.06100424537060809,0.04915400817814915,0.0,1.1389957546293894,-0.04915400817814915,0.0
1.6340000000000001,-0.8900714612578832,0.06055972439981302,0.04926133738610107,0.0,1.1394402756001845,-0.04926133738610107,0.0
1.6360000000000001,-0.8900720075089112,0.06010226802370703,0.04936984784690723,0.0,1.1398977319762904,-0.04936984784690723,0.0
1.6380000000000001,-0.8900725291312951,0.05963229885966788,0.049479502514106224,0.0,1.1403677011403295,-0.049479502514106224,0.0
1.6400000000000001,-0.8900730243654853,0.05915024393784347,0.04959026383013241,0.0,1.140849756062154,-0.04959026383013241,0.0
1.6420000000000001,-0.8900734917138782,0.0586565338782933,0.04970209380034272,0.0,1.1413434661217041,-0.04970209380034272,0.0
1.6440000000000001,-0.8900739299372697,0.05815160209158845,0.04981495406531144,0.0,1.141848397908409,-0.04981495406531144,0.0
1.6460000000000001,-0.8900743380488763,0.05763588400499048,0.04992880597118153,0.0,1.142364115995007,-0.04992880597118153,0.0
1.6480000000000001,-0.890074715306196,0.05710981631606192,0.05004361063788407,0.0,1.1428901836839356,-0.05004361063788407,0.0
1.6500000000000001,-0.8900750612009913,0.05657383627529634,0.050159329025060366,0.0,1.1434261637247012,-0.050159329025060366,0.0
1.6520000000000001,-0.8900753754476664,0.05602838099909797,0.05027592199554418,0.0,1.1439716190008995,-0.05027592199554418,0.0
1.6540000000000001,-0.8900756579703325,0.0554738868141906,0.05039335037628344,0.0,1.1445261131858069,-0.05039335037628344,0.0
1.6560000000000001,-0.890075908888825,0.054910788634294994,0.05051157501660249,0.0,1.1450892113657025,-0.05051157501660249,0.0
1.6580000000000001,-0.8900761285039352,0.054339519369684945,0.05063055684372678,0.0,1.1456604806303126,-0.05063055684372678,0.0
1.6600000000000001,-0.8900763172821057,0.05376050937001542,0.050750256915511174,0.0,1.146239490629982,-0.050750256915511174,0.0
1.6620000000000001,-0.8900764758398166,0.05317418590061297,0.050870636470332325,0.0,1.1468258140993843,-0.050870636470332325,0.0
1.6640000000000001,-0.8900766049278763,0.05258097265222957,0.050991656974122716,0.0,1.1474190273477678,-0.050991656974122716,0.0
1.666,-0.8900767054157992,0.05198128928408651,0.0511132801645405,0.0,1.1480187107159108,-0.0511132801645405,0.0
1.668,-0.8900767782764538,0.05137555099987543,0.051235468092284416,0.0,1.1486244490001218,-0.051235468092284416,0.0
1.67,-0.8900768245711085,0.05076416815623918,0.0513581831595768,0.0,1.149235831843758,-0.0513581831595768,0.0
1.672,-0.89007684543502,0.05014754590312531,0.051481388155850495,0.0,1.149852454096872,-0.051481388155850495,0.0
1.674,-0.890076842063654,0.04952608385529028,0.05160504629068669,0.0,1.150473916144707,-0.05160504629068669,0.0
1.676,-0.8900768156996354,0.048900175794131626,0.05172912122406074,0.0,1.1510998242058657,-0.05172912122406074,0.0
1.678,-0.8900767676204818,0.0482702093989385,0.0518535770939621,0.0,1.1517297906010588,-0.0518535770939621,0.0
1.68,-0.8900766991271796,0.047636566006577424,0.05197837854146208,0.0,1.15236343399342,-0.05197837854146208,0.0
1.682,-0.8900766115336272,0.046999620398568885,0.05210349073330969,0.0,1.1530003796014285,-0.05210349073330969,0.0
1.684,-0.8900765061569675,0.04635974061446132,0.05222887938214146,0.0,1.1536402593855362,-0.05222887938214146,0.0
1.686,-0.8900763843088094,0.04571728779037081,0.05235451076439559,0.0,1.1542827122096266,-0.05235451076439559,0.0
1.688,-0.8900762472873386,0.045072616021527075,0.05248035173602426,0.0,1.1549273839784704,-0.05248035173602426,0.0
1.69,-0.8900760963702921,0.04442607224764796,0.05260636974610074,0.0,1.1555739277523496,-0.05260636974610074,0.0
1.692,-0.8900759328087785,0.043777996159955146,0.052732532848419715,0.0,1.1562220038400424,-0.052732532848419715,0.0
1.694,-0.8900757578219098,0.04312872012864191,0.05285880971119035,0.0,1.1568712798713556,-0.05285880971119035,0.0
1.696,-0.8900755725922034,0.04247856914960946,0.05298516962492208,0.0,1.157521430850388,-0.05298516962492208,0.0
1.698,-0.8900753782617188,0.04182786080929978,0.05311158250860291,0.0,1.1581721391906978,-0.05311158250860291,0.0
1.7,-0.8900751759288796,0.0411769052664707,0.05323801891426931,0.0,1.158823094733527,-0.05323801891426931,0.0
1.702,-0.8900749666459341,0.04052600524978075,0.0533644500300655,0.0,1.1594739947502168,-0.0533644500300655,0.0
1.704,-0.8900747514170064,0.039875456070078336,0.05349084768188826,0.0,1.1601245439299193,-0.05349084768188826,0.0
1.706,-0.8900745311966908,0.03922554564631952,0.05361718433371156,0.0,1.160774454353678,-0.05361718433371156,0.0
1.708,-0.8900743068891376,0.03857655454407203,0.05374343308668255,0.0,1.1614234454559256,-0.05374343308668255,0.0
1.71,-0.8900740793475851,0.037928756025598795,0.053869567677078414,0.0,1.1620712439743988,-0.053869567677078414,0.0
1.712,-0.8900738493742895,0.03728241611055175,0.05399556247321008,0.0,1.162717583889446,-0.05399556247321008,0.0
1.714,-0.8900736177208096,0.03663779364634578,0.054121392471356326,0.0,1.163362206353652,-0.054121392471356326,0.0
1.716,-0.8900733850886022,0.03599514038732304,0.054247033290808336,0.0,1.1640048596126746,-0.054247033290808336,0.0
1.718,-0.8900731521298879,0.03535470108185847,0.05437246116810156,0.0,1.1646452989181393,-0.05437246116810156,0.0
1.72,-0.8900729194487502,0.03471671356659888,0.05449765295050836,0.0,1.1652832864333988,-0.05449765295050836,0.0
1.722,-0.8900726876024309,0.0340814088670691,0.054622586088861676,0.0,1.1659185911329286,-0.054622586088861676,0.0
1.724,-0.8900724571027895,0.03344901130391977,0.05474723862977624,0.0,1.1665509886960779,-0.05474723862977624,0.0
1.726,-0.8900722284178978,0.03281973860413232,0.054871589207330804,0.0,1.1671802613958653,-0.054871589207330804,0.0
1.728,-0.8900720019737391,0.032193802016536203,0.054995617034271194,0.0,1.1678061979834613,-0.054995617034271194,0.0
1.73,-0.8900717781559884,0.03157140643103311,0.055119301892790816,0.0,1.1684285935689644,-0.055119301892790816,0.0
1.732,-0.8900715573118525,0.030952750500960798,0.055242624124941894,0.0,1.1690472494990367,-0.055242624124941894,0.0
1.734,-0.890071339751945,0.030338026768066535,0.05536556462272753,0.0,1.1696619732319309,-0.05536556462272753,0.0
1.736,-0.8900711257521848,0.02972742178959587,0.055488104817921595,0.0,1.1702725782104015,-0.055488104817921595,0.0
1.738,-0.8900709155556961,0.02912111626703734,0.055610226671660316,0.0,1.17087888373296,-0.055610226671660316,0.0
1.74,-0.8900707093746988,0.02851928517609688,0.05573191266384661,0.0,1.1714807148239004,-0.05573191266384661,0.0
1.742,-0.8900705073923766,0.027922097897507825,0.05585314578240536,0.0,1.1720779021024894,-0.05585314578240536,0.0
1.744,-0.8900703097647142,0.027329718348312833,0.055973909512424994,0.0,1.1726702816516843,-0.055973909512424994,0.0
1.746,-0.8900701166222914,0.02674230511328323,0.05609418782521833,0.0,1.173257694886714,-0.05609418782521833,0.0
1.748,-0.8900699280720308,0.026160011576169095,0.05621396516733296,0.0,1.173839988423828,-0.05621396516733296,0.0
1.75,-0.8900697441988877,0.02558298605049951,0.05633322644953922,0.0,1.1744170139494976,-0.05633322644953922,0.0
1.752,-0.8900695650674859,0.02501137190967748,0.056451957035821405,0.0,1.1749886280903197,-0.056451957035821405,0.0
1.754,-0.890069390723686,0.024445307716137444,0.05657014273239585,0.0,1.1755546922838598,-0.05657014273239585,0.0
1.756,-0.8900692211960899,0.02388492734935541,0.05668776977677741,0.0,1.1761150726506417,-0.05668776977677741,0.0
1.758,-0.8900690564974792,0.02333036013252269,0.05680482482691399,0.0,1.1766696398674745,-0.05680482482691399,0.0
1.76,-0.890068896626182,0.022781730957713683,0.056921294950406875,0.0,1.1772182690422834,-0.056921294950406875,0.0
1.762,-0.8900687415673737,0.02223916040939647,0.05703716761383304,0.0,1.1777608395906007,-0.05703716761383304,0.0
1.764,-0.8900685912943062,0.021702764886152078,0.057152430672183945,0.0,1.1782972351138452,-0.057152430672183945,0.0
1.766,-0.8900684457694712,0.021172656720484274,0.05726707235843381,0.0,1.178827343279513,-0.05726707235843381,0.0
1.768,-0.8900683049456949,0.020648944296616525,0.05738108127324898,0.0,1.1793510557033808,-0.05738108127324898,0.0
1.77,-0.8900681687671651,0.0201317321661866,0.057494446374848684,0.0,1.1798682678338108,-0.057494446374848684,0.0
1.772,-0.8900680371703971,0.01962112116176202,0.0576071569690263,0.0,1.1803788788382354,-0.0576071569690263,0.0
1.774,-0.890067910085136,0.019117208508111456,0.057719202699339056,0.0,1.180882791491886,-0.057719202699339056,0.0
1.776,-0.8900677874351969,0.018620087931177965,0.057830573537473,0.0,1.1813799120688195,-0.057830573537473,0.0
1.778,-0.8900676691392493,0.018129849764710094,0.05794125977378929,0.0,1.1818701502352875,-0.05794125977378929,0.0
1.78,-0.8900675551115464,0.01764658105451607,0.058051252008056706,0.0,1.1823534189454816,-0.058051252008056706,0.0
1.782,-0.8900674452625964,0.01717036566031473,0.058160541140374576,0.0,1.182829634339683,-0.058160541140374576,0.0
1.784,-0.8900673394997879,0.016701284355164547,0.058269118362289624,0.0,1.1832987156448331,-0.058269118362289624,0.0
1.786,-0.8900672377279653,0.01623941492245924,0.058376975148109356,0.0,1.1837605850775383,-0.058376975148109356,0.0
1.788,-0.8900671398499582,0.015784832250484736,0.05848410324641409,0.0,1.1842151677495127,-0.05848410324641409,0.0
1.79,-0.890067045767065,0.015337608424538093,0.05859049467176916,0.0,1.1846623915754595,-0.05859049467176916,0.0
1.792,-0.8900669553795019,0.014897812816614269,0.058696141696638136,0.0,1.1851021871833833,-0.058696141696638136,0.0
1.794,-0.8900668685868061,0.014465512172671245,0.058801036843497655,0.0,1.1855344878273264,-0.058801036843497655,0.0
1.796,-0.8900667852882054,0.014040770697488261,0.05890517287715376,0.0,1.1859592293025094,-0.05890517287715376,0.0
1.798,-0.8900667053829571,0.013623650137135693,0.059008542797259436,0.0,1.186376349862862,-0.059008542797259436,0.0
1.8,-0.8900666287706503,0.013214209859078395,0.059111139831032604,0.0,1.1867857901409191,-0.059111139831032604,0.0
1.802,-0.8900665553514796,0.01281250692993728,0.059212957426173496,0.0,1.1871874930700603,-0.059212957426173496,0.0
1.804,-0.8900664850264953,0.012418596190936479,0.05931398924398009,0.0,1.187581403809061,-0.05931398924398009,0.0
1.806,-0.8900664176978199,0.012032530331065643,0.05941422915266002,0.0,1.187967469668932,-0.05941422915266002,0.0
1.808,-0.8900663532688501,0.011654359957988856,0.05951367122083712,0.0,1.1883456400420087,-0.05951367122083712,0.0
1.81,-0.8900662916444283,0.011284133666733273,0.059612309711250595,0.0,1.1887158663332642,-0.059612309711250595,0.0
1.812,-0.890066232730999,0.010921898106191921,0.059710139074644744,0.0,1.1890781018938055,-0.059710139074644744,0.0
1.814,-0.8900661764367449,0.01056769804347624,0.059807153943846766,0.0,1.1894323019565212,-0.059807153943846766,0.0
1.816,-0.8900661226717044,0.010221576426154805,0.05990334912803031,0.0,1.1897784235738427,-0.05990334912803031,0.0
1.818,-0.8900660713478749,0.00988357444241535,0.059998719607162236,0.0,1.1901164255575822,-0.059998719607162236,0.0
1.82,-0.8900660223793021,0.009553731579187708,0.06009326052662996,0.0,1.19044626842081,-0.06009326052662996,0.0
1.822,-0.8900659756821523,0.009232085678265589,0.060186967192046636,0.0,1.190767914321732,-0.060186967192046636,0.0
1.824,-0.8900659311747765,0.008918672990465263,0.0602798350642316,0.0,1.1910813270095324,-0.0602798350642316,0.0
1.826,-0.890065888777761,0.008613528227859235,0.06037185975436317,0.0,1.1913864717721385,-0.06037185975436317,0.0
1.828,-0.8900658484139722,0.008316684614122877,0.060463037019301086,0.0,1.1916833153858748,-0.060463037019301086,0.0
1.83,-0.8900658100085833,0.008028173933031721,0.0605533627570759,0.0,1.191971826066966,-0.0605533627570759,0.0
1.832,-0.8900657734891064,0.0077480265751467955,0.06064283300254236,0.0,1.192251973424851,-0.06064283300254236,0.0
1.834,-0.8900657387854022,0.0074762715827249165,0.060731443923194205,0.0,1.1925237284172727,-0.060731443923194205,0.0
1.836,-0.8900657058296954,0.007212936692890308,0.06081919181513752,0.0,1.1927870633071074,-0.06081919181513752,0.0
1.838,-0.8900656745565789,0.006958048379103332,0.060906073099220075,0.0,1.1930419516208943,-0.060906073099220075,0.0
1.84,-0.8900656449030125,0.006711631890961387,0.06099208431731386,0.0,1.1932883681090363,-0.06099208431731386,0.0
1.842,-0.8900656168083195,0.006473711292366319,0.06107722212874833,0.0,1.1935262887076314,-0.06107722212874833,0.0
1.844,-0.890065590214178,0.006244309498091844,0.06116148330689182,0.0,1.193755690501906,-0.06116148330689182,0.0
1.846,-0.8900655650646092,0.006023448308783655,0.061244864735878486,0.0,1.1939765516912142,-0.061244864735878486,0.0
1.848,-0.8900655413059609,0.005811148444423953,0.06132736340747862,0.0,1.1941888515555739,-0.06132736340747862,0.0
1.85,-0.890065518886894,0.00560742957629122,0.06140897641810981,0.0,1.1943925704237066,-0.06140897641810981,0.0
1.852,-0.8900654977583614,0.005412310357445052,0.06148970096598671,0.0,1.1945876896425527,-0.06148970096598671,0.0
1.854,-0.8900654778735858,0.00522580845176488,0.06156953434840738,0.0,1.1947741915482328,-0.06156953434840738,0.0
1.856,-0.8900654591880416,0.0050479405615703535,0.06164847395917394,0.0,1.1949520594384273,-0.06164847395917394,0.0
1.858,-0.8900654416594285,0.004878722453850107,0.06172651728614559,0.0,1.1951212775461475,-0.06172651728614559,0.0
1.86,-0.8900654252476531,0.004718168985124547,0.06180366190892221,0.0,1.195281831014873,-0.06180366190892221,0.0
1.862,-0.8900654099147972,0.004566294124967205,0.061879905496656534,0.0,1.1954337058750304,-0.061879905496656534,0.0
1.864,-0.8900653956251038,0.00442311097820808,0.06195524580599331,0.0,1.1955768890217895,-0.06195524580599331,0.0
1.866,-0.8900653823449456,0.004288631805841264,0.06202968067913385,0.0,1.1957113681941562,-0.06202968067913385,0.0
1.868,-0.8900653700428054,0.0041628680446580395,0.06210320804202434,0.0,1.1958371319553394,-0.06210320804202434,0.0
1.87,-0.8900653586892526,0.004045830325625443,0.06217582590266665,0.0,1.1959541696743718,-0.06217582590266665,0.0
1.872,-0.8900653482569213,0.003937528491029175,0.062247532349550216,0.0,1.196062471508968,-0.062247532349550216,0.0
1.874,-0.8900653387204888,0.0038379716103985706,0.06231832555020392,0.0,1.1961620283895986,-0.06231832555020392,0.0
1.8760000000000001,-0.8900653300566549,0.0037471679952301717,0.062388203749866734,0.0,1.196252832004767,-0.062388203749866734,0.0
1.8780000000000001,-0.8900653222441252,0.003665125212525282,0.062457165270276366,0.0,1.1963348747874718,-0.062457165270276366,0.0
1.8800000000000001,-0.8900653152635897,0.003591850097155722,0.0625252085085748,0.0,1.1964081499028414,-0.0625252085085748,0.0
1.8820000000000001,-0.8900653090977095,0.00352734876307082,0.06259233193633021,0.0,1.1964726512369264,-0.06259233193633021,0.0
1.8840000000000001,-0.8900653037310988,0.003471626613357511,0.0626585340986744,0.0,1.1965283733866396,-0.0626585340986744,0.0
1.8860000000000001,-0.8900652991503143,0.003424688349164233,0.0627238136135555,0.0,1.1965753116508329,-0.0627238136135555,0.0
1.8880000000000001,-0.8900652953438404,0.003386537977498148,0.06278816917110519,0.0,1.1966134620224989,-0.06278816917110519,0.0
1.8900000000000001,-0.8900652923020789,0.003357178817904025,0.06285159953312054,0.0,1.196642821182093,-0.06285159953312054,0.0
1.8920000000000001,-0.8900652900173428,0.0033366135080319602,0.06291410353265994,0.0,1.1966633864919651,-0.06291410353265994,0.0
1.8940000000000001,-0.8900652884838474,0.0033248440080999304,0.06297568007375334,0.0,1.196675155991897,-0.06297568007375334,0.0
1.8960000000000001,-0.8900652876977037,0.0033218716042559973,0.06303632813122671,0.0,1.196678128395741,-0.06303632813122671,0.0
1.8980000000000001,-0.890065287656917,0.003327696910843811,0.06309604675064096,0.0,1.1966723030891533,-0.06309604675064096,0.0
1.9000000000000001,-0.8900652883613835,0.0033423198715738876,0.06315483504834564,0.0,1.1966576801284232,-0.06315483504834564,0.0
1.9020000000000001,-0.8900652898128912,0.00336573975960195,0.0632126922116479,0.0,1.1966342602403952,-0.0632126922116479,0.0
1.9040000000000001,-0.8900652920151217,0.003397955176514468,0.06326961749909711,0.0,1.1966020448234826,-0.06326961749909711,0.0
1.9060000000000001,-0.8900652949736516,0.003438964050220338,0.06332561024088607,0.0,1.1965610359497767,-0.06332561024088607,0.0
1.9080000000000001,-0.8900652986959592,0.0034887636317464834,0.06338066983936927,0.0,1.1965112363682506,-0.06338066983936927,0.0
1.9100000000000001,-0.8900653031914334,0.0035473504909339757,0.06343479576969957,0.0,1.196452649509063,-0.06343479576969957,0.0
1.9120000000000001,-0.8900653084713783,0.003614720511030107,0.063487987580584,0.0,1.196385279488967,-0.063487987580584,0.0
1.9140000000000001,-0.8900653145490268,0.0036908688821706693,0.06354024489515998,0.0,1.1963091311178262,-0.06354024489515998,0.0
1.9160000000000001,-0.8900653214395506,0.003775790093745516,0.06359156741199344,0.0,1.1962242099062514,-0.06359156741199344,0.0
1.9180000000000001,-0.8900653291600745,0.0038694779256393218,0.06364195490619996,0.0,1.1961305220743577,-0.06364195490619996,0.0
1.92,-0.8900653377296913,0.00397192543833827,0.06369140723069087,0.0,1.1960280745616587,-0.06369140723069087,0.0
1.922,-0.8900653471694782,0.004083124961892226,0.06373992431754577,0.0,1.1959168750381048,-0.06373992431754577,0.0
1.924,-0.8900653575025146,0.004203068083720798,0.06378750617951338,0.0,1.1957969319162762,-0.06378750617951338,0.0
1.926,-0.8900653687539001,0.0043317456352504865,0.06383415291164281,0.0,1.1956682543647466,-0.06383415291164281,0.0
1.928,-0.8900653809507766,0.004469147677368987,0.06387986469304717,0.0,1.195530852322628,-0.06387986469304717,0.0
1.93,-0.8900653941223468,0.0046152634846815255,0.06392464178880192,0.0,1.1953847365153154,-0.06392464178880192,0.0
1.932,-0.8900654082998994,0.004770081528552938,0.06396848455198031,0.0,1.1952299184714439,-0.06396848455198031,0.0
1.934,-0.8900654235168274,0.004933589458918064,0.06401139342582843,0.0,1.1950664105410789,-0.06401139342582843,0.0
1.936,-0.8900654398086565,0.00510577408484184,0.06405336894608238,0.0,1.1948942259151552,-0.06405336894608238,0.0
1.938,-0.8900654572130644,0.005286621353809373,0.06409441174343071,0.0,1.1947133786461877,-0.06409441174343071,0.0
1.94,-0.8900654757699069,0.005476116329725079,0.06413452254612469,0.0,1.1945238836702718,-0.06413452254612469,0.0
1.942,-0.8900654955212414,0.005674243169598873,0.06417370218273966,0.0,1.194325756830398,-0.06417370218273966,0.0
1.944,-0.8900655165113485,0.005880985098896274,0.06421195158509069,0.0,1.1941190149011005,-0.06421195158509069,0.0
1.946,-0.8900655387867564,0.00609632438552816,0.0642492717913058,0.0,1.1939036756144685,-0.0642492717913058,0.0
1.948,-0.890065562396264,0.006320242312454818,0.0642856639490603,0.0,1.193679757687542,-0.0642856639490603,0.0
1.95,-0.8900655873909586,0.006552719148877875,0.06432112931897585,0.0,1.193447280851119,-0.06432112931897585,0.0
1.952,-0.8900656138242375,0.006793734119992595,0.06435566927818794,0.0,1.1932062658800042,-0.06435566927818794,0.0
1.954,-0.8900656417518248,0.007043265375272052,0.06438928532408571,0.0,1.1929567346247247,-0.06438928532408571,0.0
1.956,-0.8900656712317845,0.007301289955253613,0.06442197907822818,0.0,1.1926987100447433,-0.06442197907822818,0.0
1.958,-0.890065702324536,0.007567783756797246,0.06445375229044094,0.0,1.1924322162431997,-0.06445375229044094,0.0
1.96,-0.890065735092859,0.007842721496784187,0.06448460684309762,0.0,1.1921572785032128,-0.06448460684309762,0.0
1.962,-0.8900657696019032,0.008126076674223612,0.06451454475559051,0.0,1.1918739233257734,-0.06451454475559051,0.0
1.964,-0.890065805919183,0.008417821530734096,0.0645435681889949,0.0,1.1915821784692628,-0.0645435681889949,0.0
1.966,-0.8900658441145797,0.008717927009365838,0.06457167945093162,0.0,1.191282072990631,-0.06457167945093162,0.0
1.968,-0.8900658842603254,0.009026362711728873,0.06459888100063266,0.0,1.190973637288268,-0.06459888100063266,0.0
1.97,-0.8900659264309911,0.009343096853391799,0.06462517545421469,0.0,1.190656903146605,-0.06462517545421469,0.0
1.972,-0.8900659707034597,0.009668096217514941,0.06465056559016526,0.0,1.1903319037824818,-0.06465056559016526,0.0
1.974,-0.890066017156897,0.010001326106681332,0.06467505435504688,0.0,1.1899986738933155,-0.06467505435504688,0.0
1.976,-0.8900660658727096,0.01034275029288842,0.06469864486942394,0.0,1.1896572497071083,-0.06469864486942394,0.0
1.978,-0.8900661169344942,0.010692330965663075,0.06472134043401775,0.0,1.1893076690343336,-0.06472134043401775,0.0
1.98,-0.8900661704279772,0.011050028678262231,0.06474314453609478,0.0,1.1889499713217344,-0.06474314453609478,0.0
1.982,-0.890066226440941,0.011415802291921321,0.06476406085609346,0.0,1.1885841977080753,-0.06476406085609346,0.0
1.984,-0.8900662850631365,0.011789608918112723,0.06478409327449484,0.0,1.188210391081884,-0.06478409327449484,0.0
1.986,-0.8900663463861843,0.012171403858776532,0.06480324587894236,0.0,1.1878285961412203,-0.06480324587894236,0.0
1.988,-0.8900664105034553,0.012561140544486298,0.06482152297161603,0.0,1.1874388594555105,-0.06482152297161603,0.0
1.99,-0.8900664775099385,0.01295877047051284,0.06483892907686645,0.0,1.187041229529484,-0.06483892907686645,0.0
1.992,-0.8900665475020884,0.01336424313074988,0.06485546894911369,0.0,1.1866357568692472,-0.06485546894911369,0.0
1.994,-0.8900666205776508,0.013777505949466145,0.0648711475810164,0.0,1.1862224940505308,-0.0648711475810164,0.0
1.996,-0.890066696835469,0.014198504210849667,0.06488597021191615,0.0,1.1858014957891474,-0.06488597021191615,0.0
1.998,-0.8900667763752658,0.01462718098631129,0.06489994233656195,0.0,1.1853728190136859,-0.06489994233656195,0.0
2.0,-0.8900668592973994,0.015063477059516087,0.06491306971411988,0.0,1.1849365229404811,-0.06491306971411988,0.0
2.0020000000000002,-0.8900669457025898,0.015507330849113175,0.06492535837747239,0.0,1.1844926691508841,-0.06492535837747239,0.0
2.004,-0.8900670356916224,0.015958678329136677,0.06493681464281176,0.0,1.1840413216708607,-0.06493681464281176,0.0
2.0060000000000002,-0.89006712936501,0.016417452947053088,0.06494744511953175,0.0,1.1835825470529444,-0.06494744511953175,0.0
2.008,-0.8900672268226315,0.01688358553943318,0.0649572567204216,0.0,1.1831164144605644,-0.0649572567204216,0.0
2.0100000000000002,-0.8900673281633276,0.01735700424522991,0.06496625667216566,0.0,1.1826429957547677,-0.06496625667216566,0.0
2.012,-0.8900674334844586,0.017837634416647437,0.06497445252615187,0.0,1.1821623655833502,-0.06497445252615187,0.0
2.0140000000000002,-0.890067542881426,0.018325398527590565,0.06498185216959199,0.0,1.181674601472407,-0.06498185216959199,0.0
2.016,-0.8900676564471474,0.018820216079688586,0.06498846383695533,0.0,1.181179783920309,-0.06498846383695533,0.0
2.0180000000000002,-0.890067774271484,0.01932200350589258,0.0649942961217183,0.0,1.1806779964941052,-0.0649942961217183,0.0
2.02,-0.8900678964406268,0.01983067407165104,0.06499935798843004,0.0,1.1801693259283468,-0.06499935798843004,0.0
2.0220000000000002,-0.8900680230364241,0.020346137773675,0.06500365878509506,0.0,1.1796538622263228,-0.06500365878509506,0.0
2.024,-0.8900681541356599,0.020868301236310748,0.06500720825587213,0.0,1.179131698763687,-0.06500720825587213,0.0
2.0260000000000002,-0.89006828980928,0.021397067605545873,0.06501001655408806,0.0,1.178602932394452,-0.06501001655408806,0.0
2.028,-0.8900684301215523,0.02193233644068279,0.06501209425556441,0.0,1.178067663559315,-0.06501209425556441,0.0
2.0300000000000002,-0.8900685751291749,0.022474003603722925,0.06501345237225348,0.0,1.177525996396275,-0.06501345237225348,0.0
2.032,-0.8900687248803169,0.023021961146514756,0.06501410236617934,0.0,1.1769780388534832,-0.06501410236617934,0.0
2.0340000000000003,-0.890068879413597,0.02357609719572959,0.0650140561636783,0.0,1.1764239028042685,-0.0650140561636783,0.0
2.036,-0.8900690387569973,0.024136295835740798,0.06501332616993158,0.0,1.1758637041642572,-0.06501332616993158,0.0
2.0380000000000003,-0.8900692029267062,0.02470243698949469,0.06501192528378198,0.0,1.1752975630105034,-0.06501192528378198,0.0
2.04,-0.8900693719258982,0.025274396297475018,0.0650098669128242,0.0,1.174725603702523,-0.0650098669128242,0.0
2.0420000000000003,-0.8900695457434393,0.025852044994877695,0.06500716498875729,0.0,1.1741479550051204,-0.06500716498875729,0.0
2.044,-0.8900697243525293,0.0264352497871281,0.06500383398298537,0.0,1.1735647502128699,-0.06500383398298537,0.0
2.0460000000000003,-0.8900699077092689,0.027023872723890358,0.06499988892245118,0.0,1.1729761272761077,-0.06499988892245118,0.0
2.048,-0.890070095751165,0.027617771071736012,0.06499534540568448,0.0,1.172382228928262,-0.06499534540568448,0.0
2.05,-0.890070288395566,0.028216797185658907,0.06499021961904548,0.0,1.1717832028143391,-0.06499021961904548,0.0
2.052,-0.890070485538037,0.028820798379643717,0.06498452835314046,0.0,1.1711792016203544,-0.06498452835314046,0.0
2.054,-0.890070687050672,0.02942961679651754,0.06497828901938471,0.0,1.1705703832034806,-0.06497828901938471,0.0
2.056,-0.8900708927803554,0.03004308927733718,0.0649715196666846,0.0,1.169956910722661,-0.0649715196666846,0.0
2.058,-0.8900711025469705,0.03066104723058946,0.06496423899820801,0.0,1.1693389527694087,-0.06496423899820801,0.0
2.06,-0.8900713161415669,0.031283316501508035,0.06495646638820887,0.0,1.1687166834984901,-0.06495646638820887,0.0
2.062,-0.8900715333244965,0.031909717241837436,0.06494822189886856,0.0,1.1680902827581607,-0.06494822189886856,0.0
2.064,-0.8900717538235241,0.032540063780404214,0.0649395262971131,0.0,1.1674599362195939,-0.0649395262971131,0.0
2.066,-0.8900719773319268,0.033174164494885174,0.06493040107136139,0.0,1.1668258355051129,-0.06493040107136139,0.0
2.068,-0.8900722035065974,0.033811821685194476,0.06492086844815623,0.0,1.1661881783148036,-0.06492086844815623,0.0
2.07,-0.8900724319661635,0.03445283144894442,0.06491095140862511,0.0,1.1655471685510537,-0.06491095140862511,0.0
2.072,-0.8900726622891431,0.03509698355946909,0.06490067370471418,0.0,1.164903016440529,-0.06490067370471418,0.0
2.074,-0.8900728940121578,0.03574406134693586,0.06489005987513378,0.0,1.1642559386530622,-0.06489005987513378,0.0
2.076,-0.8900731266282224,0.03639384158310639,0.06487913526094984,0.0,1.1636061584168917,-0.06487913526094984,0.0
2.078,-0.8900733595851379,0.037046094370346866,0.06486792602075017,0.0,1.1629539056296512,-0.06486792602075017,0.0
2.08,-0.8900735922840164,0.03770058303552612,0.06485645914531026,0.0,1.162299416964472,-0.06485645914531026,0.0
2.082,-0.8900738240779654,0.03835706402948002,0.06484476247167764,0.0,1.161642935970518,-0.06484476247167764,0.0
2.084,-0.8900740542709664,0.0390152868327609,0.06483286469658919,0.0,1.160984713167237,-0.06483286469658919,0.0
2.086,-0.8900742821169805,0.039674993868431735,0.06482079538913016,0.0,1.1603250061315662,-0.06482079538913016,0.0
2.088,-0.8900745068193223,0.040335920422705805,0.0648085850025385,0.0,1.1596640795772921,-0.0648085850025385,0.0
2.09,-0.8900747275303396,0.04099779457427375,0.06479626488505288,0.0,1.159002205425724,-0.06479626488505288,0.0
2.092,-0.8900749433514414,0.04166033713320049,0.06478386728969714,0.0,1.1583396628667972,-0.06478386728969714,0.0
2.094,-0.8900751533335207,0.04232326159031473,0.06477142538288881,0.0,1.157676738409683,-0.06477142538288881,0.0
2.096,-0.8900753564778173,0.0429862740780526,0.06475897325175413,0.0,1.1570137259219453,-0.06475897325175413,0.0
2.098,-0.8900755517372676,0.04364907334375464,0.06474654591002674,0.0,1.1563509266562433,-0.06474654591002674,0.0
2.1,-0.8900757380183916,0.044311350736450955,0.06473417930240241,0.0,1.155688649263547,-0.06473417930240241,0.0
2.102,-0.8900759141837643,0.04497279020820245,0.06472191030721763,0.0,1.1550272097917955,-0.06472191030721763,0.0
2.104,-0.8900760790551224,0.04563306833109652,0.06470977673731519,0.0,1.1543669316689014,-0.06470977673731519,0.0
2.106,-0.8900762314171514,0.04629185433102206,0.06469781733895626,0.0,1.1537081456689757,-0.06469781733895626,0.0
2.108,-0.890076370021998,0.04694881013937135,0.06468607178863481,0.0,1.1530511898606264,-0.06468607178863481,0.0
2.11,-0.8900764935945544,0.047603590463834035,0.06467458068764725,0.0,1.1523964095361636,-0.06467458068764725,0.0
2.112,-0.8900766008385474,0.04825584287946057,0.06466338555426769,0.0,1.1517441571205371,-0.06466338555426769,0.0
2.114,-0.8900766904434689,0.04890520794117852,0.06465252881337785,0.0,1.1510947920588193,-0.06465252881337785,0.0
2.116,-0.8900767610923693,0.049551319318944013,0.06464205378339967,0.0,1.1504486806810537,-0.06464205378339967,0.0
2.118,-0.890076811470541,0.05019380395670163,0.06463200466037862,0.0,1.1498061960432961,-0.06463200466037862,0.0
2.12,-0.8900768402750844,0.05083228225630879,0.06462242649906713,0.0,1.149167717743689,-0.06462242649906713,0.0
2.122,-0.8900768462253702,0.051466368287553646,0.06461336519085942,0.0,1.1485336317124442,-0.06461336519085942,0.0
2.124,-0.8900768280743704,0.0520956700253584,0.0646048674384327,0.0,1.1479043299746394,-0.0646048674384327,0.0
2.126,-0.8900767846208324,0.052719789615212204,0.06459698072695438,0.0,1.1472802103847857,-0.06459698072695438,0.0
2.128,-0.8900767147222481,0.05333832366781765,0.06458975329172091,0.0,1.1466616763321802,-0.06458975329172091,0.0
2.13,-0.8900766173085544,0.05395086358386294,0.06458323408210188,0.0,1.146049136416135,-0.06458323408210188,0.0
2.132,-0.8900764913964853,0.05455699590974633,0.06457747272167212,0.0,1.1454430040902515,-0.06457747272167212,0.0
2.134,-0.8900763361044648,0.05515630272498045,0.06457251946442538,0.0,1.1448436972750173,-0.06457251946442538,0.0
2.136,-0.89007615066793,0.05574836206189086,0.06456842514697636,0.0,1.144251637938107,-0.06456842514697636,0.0
2.138,-0.8900759344549256,0.05633274835809557,0.0645652411366719,0.0,1.1436672516419022,-0.0645652411366719,0.0
2.14,-0.8900756869818164,0.05690903294210925,0.06456301927554906,0.0,1.1430909670578886,-0.06456301927554906,0.0
2.142,-0.890075407928919,0.05747678455225883,0.06456181182009575,0.0,1.142523215447739,-0.06456181182009575,0.0
2.144,-0.8900750971558529,0.05803556988892435,0.06456167137679036,0.0,1.1419644301110734,-0.06456167137679036,0.0
2.146,-0.8900747547163765,0.058584954199932114,0.06456265083341825,0.0,1.1414150458000656,-0.06456265083341825,0.0
2.148,-0.8900743808724725,0.059124501898726076,0.06456480328618777,0.0,1.1408754981012716,-0.06456480328618777,0.0
2.15,-0.8900739761074076,0.05965377721472868,0.06456818196269368,0.0,1.140346222785269,-0.06456818196269368,0.0
2.152,-0.8900735411375137,0.06017234487507533,0.06457284014080363,0.0,1.1398276551249222,-0.06457284014080363,0.0
2.154,-0.8900730769223915,0.060679770816668234,0.06457883106357226,0.0,1.1393202291833293,-0.06457883106357226,0.0
2.156,-0.8900725846732743,0.061175622927246945,0.06458620785031814,0.0,1.1388243770727506,-0.06458620785031814,0.0
2.158,-0.8900720658592527,0.06165947181391646,0.06459502340403014,0.0,1.1383405281860812,-0.06459502340403014,0.0
2.16,-0.8900715222111019,0.06213089159731106,0.06460533031530283,0.0,1.1378691084026866,-0.06460533031530283,0.0
2.162,-0.8900709557224442,0.0625894607293053,0.06461718076303358,0.0,1.1374105392706924,-0.06461718076303358,0.0
2.164,-0.8900703686480195,0.06303476283191553,0.06463062641214809,0.0,1.136965237168082,-0.06463062641214809,0.0
2.166,-0.8900697634988373,0.06346638755476863,0.06464571830865479,0.0,1.136533612445229,-0.06464571830865479,0.0
2.168,-0.8900691430340562,0.06388393144825175,0.0646625067723623,0.0,1.136116068551746,-0.0646625067723623,0.0
2.17,-0.8900685102494486,0.06428699884920208,0.0646810412876272,0.0,1.1357130011507957,-0.0646810412876272,0.0
2.172,-0.8900678683623576,0.06467520277575105,0.06470137039253127,0.0,1.1353247972242466,-0.06470137039253127,0.0
2.174,-0.8900672207931405,0.06504816582770688,0.06472354156691777,0.0,1.1349518341722908,-0.06472354156691777,0.0
2.176,-0.8900665711431026,0.06540552108864693,0.06474760111974519,0.0,1.134594478911351,-0.06474760111974519,0.0
2.178,-0.8900659231690367,0.06574691302569934,0.06477359407624285,0.0,1.1342530869742986,-0.06477359407624285,0.0
2.18,-0.8900652807545221,0.0660719983828263,0.06480156406537657,0.0,1.1339280016171716,-0.06480156406537657,0.0
2.182,-0.8900646478782234,0.06638044706328206,0.06483155320815251,0.0,1.133619552936716,-0.06483155320815251,0.0
2.184,-0.8900640285794651,0.06667194299680973,0.0648636020073043,0.0,1.1333280570031883,-0.0648636020073043,0.0
2.186,-0.8900634269214887,0.06694618498706713,0.06489774923892115,0.0,1.1330538150129308,-0.06489774923892115,0.0
2.188,-0.8900628469527961,0.06720288753473269,0.06493403184658271,0.0,1.1327971124652652,-0.06493403184658271,0.0
2.19,-0.8900622926670774,0.06744178163174344,0.0649724848385705,0.0,1.1325582183682543,-0.0649724848385705,0.0
2.192,-0.890061767962261,0.06766261552215737,0.06501314118872425,0.0,1.1323373844778404,-0.06501314118872425,0.0
2.194,-0.8900612765992932,0.06786515542521482,0.06505603174150512,0.0,1.132134844574783,-0.06505603174150512,0.0
2.196,-0.890060822161225,0.0680491862162981,0.06510118512181622,0.0,1.1319508137836998,-0.06510118512181622,0.0
2.198,-0.8900604080132742,0.06821451206165549,0.065148627650114,0.0,1.1317854879383424,-0.065148627650114,0.0
2.2,-0.8900600372644871,0.06836095700296488,0.06519838326332182,0.0,1.131639042997033,-0.06519838326332182,0.0
2.202,-0.8900597127316314,0.06848836548806196,0.0652504734420294,0.0,1.131511634511936,-0.0652504734420294,0.0
2.204,-0.8900594369059563,0.0685966028444472,0.06530491714442986,0.0,1.1314033971555508,-0.06530491714442986,0.0
2.206,-0.8900592119233504,0.06868555569251106,0.06536173074740838,0.0,1.131314444307487,-0.06536173074740838,0.0
2.208,-0.890059039538478,0.06875513229577707,0.06542092799515496,0.0,1.131244867704221,-0.06542092799515496,0.0
2.21,-0.8900589211033082,0.06880526284585158,0.06548251995562815,0.0,1.1311947371541466,-0.06548251995562815,0.0
2.212,-0.8900588575504508,0.06883589968018547,0.06554651498514684,0.0,1.1311641003198127,-0.06554651498514684,0.0
2.214,-0.8900588493816074,0.06884701743119061,0.06561291870133532,0.0,1.1311529825688076,-0.06561291870133532,0.0
2.216,-0.8900588966613275,0.06883861310570825,0.06568173396459119,0.0,1.13116138689429,-0.06568173396459119,0.0
2.218,-0.8900589990162062,0.0688107060942932,0.06575296086818959,0.0,1.131189293905705,-0.06575296086818959,0.0
2.22,-0.8900591556395361,0.06876333811024948,0.0658265967370785,0.0,1.131236661889749,-0.0658265967370785,0.0
2.222,-0.8900593653013014,0.06869657305882691,0.06590263613536179,0.0,1.1313034269411715,-0.06590263613536179,0.0
2.224,-0.8900596263633785,0.06861049683745601,0.065981070882408,0.0,1.1313895031625423,-0.065981070882408,0.0
2.226,-0.8900599367996168,0.06850521706835741,0.06606189007746507,0.0,1.1314947829316409,-0.06606189007746507,0.0
2.228,-0.890060294220459,0.06838086276530424,0.06614508013260555,0.0,1.131619137234694,-0.06614508013260555,0.0
2.23,-0.8900606959016629,0.06823758393673889,0.06623062481377207,0.0,1.1317624160632593,-0.06623062481377207,0.0
2.232,-0.8900611388165987,0.0680755511278426,0.06631850528964227,0.0,1.1319244488721556,-0.06631850528964227,0.0
2.234,-0.8900616196715763,0.06789495490452471,0.0664087001879838,0.0,1.1321050450954735,-0.0664087001879838,0.0
2.236,-0.8900621349435867,0.06769600528263363,0.06650118565912577,0.0,1.1323039947173645,-0.06650118565912577,0.0
2.238,-0.8900626809198422,0.06747893110599093,0.06659593544613328,0.0,1.1325210688940073,-0.06659593544613328,0.0
2.24,-0.8900632537384613,0.0672439793771109,0.06669292096123547,0.0,1.1327560206228873,-0.06669292096123547,0.0
2.242,-0.8900638494296714,0.06699141454468771,0.0667921113680273,0.0,1.1330085854553105,-0.0667921113680273,0.0
2.244,-0.890064463956898,0.06672151775211153,0.06689347366893934,0.0,1.1332784822478867,-0.06689347366893934,0.0
2.246,-0.8900650932571481,0.06643458605141055,0.06699697279744903,0.0,1.1335654139485878,-0.06699697279744903,0.0
2.248,-0.8900657332801444,0.06613093158710982,0.06710257171449203,0.0,1.1338690684128885,-0.06710257171449203,0.0
2.25,-0.890066380025679,0.06581088075454986,0.06721023150852169,0.0,1.1341891192454485,-0.06721023150852169,0.0
2.2520000000000002,-0.8900670295787552,0.0654747733372185,0.06731991149865951,0.0,1.1345252266627799,-0.06731991149865951,0.0
2.254,-0.8900676781421315,0.06512296162762228,0.06743156934037979,0.0,1.134877038372376,-0.06743156934037979,0.0
2.2560000000000002,-0.8900683220659314,0.06475580953615767,0.06754516113317566,0.0,1.1352441904638406,-0.06754516113317566,0.0
2.258,-0.8900689578740806,0.06437369169234368,0.06766064152966293,0.0,1.1356263083076545,-0.06766064152966293,0.0
2.2600000000000002,-0.8900695822873781,0.06397699254264527,0.0677779638455914,0.0,1.136023007457353,-0.0677779638455914,0.0
2.262,-0.8900701922430988,0.06356610544895737,0.06789708017024969,0.0,1.1364338945510408,-0.06789708017024969,0.0
2.2640000000000002,-0.8900707849110687,0.06314143179163358,0.06801794147677054,0.0,1.1368585682083645,-0.06801794147677054,0.0
2.266,-0.8900713577062255,0.06270338008073627,0.06814049773186616,0.0,1.1372966199192618,-0.06814049773186616,0.0
2.2680000000000002,-0.8900719082977321,0.06225236507895853,0.06826469800454925,0.0,1.1377476349210396,-0.06826469800454925,0.0
2.27,-0.890072434614776,0.06178880693942752,0.06839049057342325,0.0,1.1382111930605705,-0.06839049057342325,0.0
2.2720000000000002,-0.8900729348491914,0.0613131303613459,0.06851782303215488,0.0,1.138686869638652,-0.06851782303215488,0.0
2.274,-0.8900734074551271,0.06082576376616715,0.06864664239277303,0.0,1.1391742362338309,-0.06864664239277303,0.0
2.2760000000000002,-0.8900738511459783,0.06032713849673417,0.06877689518646977,0.0,1.1396728615032639,-0.06877689518646977,0.0
2.278,-0.8900742648888378,0.05981768804154267,0.06890852756161187,0.0,1.1401823119584553,-0.06890852756161187,0.0
2.2800000000000002,-0.8900746478967362,0.05929784728602319,0.06904148537870324,0.0,1.140702152713975,-0.06904148537870324,0.0
2.282,-0.8900749996189472,0.05876805179247141,0.0691757143020716,0.0,1.1412319482075266,-0.0691757143020716,0.0
2.2840000000000003,-0.8900753197296445,0.05822873710999791,0.06931115988808419,0.0,1.14177126289,-0.06931115988808419,0.0
2.286,-0.8900756081151879,0.05768033811561755,0.06944776766972835,0.0,1.1423196618843805,-0.06944776766972835,0.0
2.2880000000000003,-0.8900758648603124,0.05712328838735728,0.0695854832374236,0.0,1.1428767116126408,-0.0695854832374236,0.0
2.29,-0.8900760902334894,0.056558019610030666,0.0697242523159599,0.0,1.1434419803899674,-0.0697242523159599,0.0
2.2920000000000003,-0.890076284671699,0.05598496101410917,0.06986402083748515,0.0,1.1440150389858887,-0.06986402083748515,0.0
2.294,-0.8900764487648619,0.05540453884791534,0.07000473501049075,0.0,1.1445954611520825,-0.07000473501049075,0.0
2.2960000000000003,-0.8900765832401288,0.05481717588317189,0.07014634138476845,0.0,1.145182824116826,-0.07014634138476845,0.0
2.298,-0.8900766889462308,0.05422329095376438,0.07028878691233491,0.0,1.1457767090462336,-0.07028878691233491,0.0
2.3000000000000003,-0.8900767668380649,0.05362329852741322,0.07043201900434085,0.0,1.1463767014725847,-0.07043201900434085,0.0
2.302,-0.8900768179616567,0.053017608309804364,0.07057598558400167,0.0,1.1469823916901936,-0.07057598558400167,0.0
2.3040000000000003,-0.89007684343964,0.05240662488059593,0.07072063513560313,0.0,1.147593375119402,-0.07072063513560313,0.0
2.306,-0.8900768444573532,0.05179074736060089,0.07086591674965195,0.0,1.1482092526393972,-0.07086591674965195,0.0
2.308,-0.8900768222496486,0.05117036910934319,0.07101178016425493,0.0,1.148829630890655,-0.07101178016425493,0.0
2.31,-0.8900767780884788,0.05054587745209553,0.0711581758028222,0.0,1.1494541225479027,-0.0711581758028222,0.0
2.312,-0.8900767132713114,0.04991765343543142,0.0713050548082014,0.0,1.1500823465645669,-0.0713050548082014,0.0
2.314,-0.8900766291104132,0.04928607161026095,0.07145236907335777,0.0,1.1507139283897374,-0.07145236907335777,0.0
2.316,-0.8900765269230141,0.048651499841268715,0.07160007126872335,0.0,1.1513485001587296,-0.07160007126872335,0.0
2.318,-0.8900764080223682,0.048014299141632334,0.07174811486634436,0.0,1.151985700858366,-0.07174811486634436,0.0
2.32,-0.8900762737096972,0.04737482353187044,0.07189645416096031,0.0,1.152625176468128,-0.07189645416096031,0.0
2.322,-0.8900761252670106,0.04673341992164925,0.0720450442881524,0.0,1.153266580078349,-0.0720450442881524,0.0
2.324,-0.8900759639507692,0.04609042801336571,0.0721938412397007,0.0,1.1539095719866326,-0.0721938412397007,0.0
2.326,-0.8900757909863704,0.04544618022632207,0.07234280187629148,0.0,1.1545538197736762,-0.07234280187629148,0.0
2.328,-0.8900756075634108,0.04480100164031106,0.07249188393771586,0.0,1.1551989983596873,-0.07249188393771586,0.0
2.33,-0.890075414831691,0.04415520995744134,0.07264104605070094,0.0,1.155844790042557,-0.07264104605070094,0.0
2.332,-0.8900752138979129,0.04350911548104937,0.07279024773451333,0.0,1.156490884518949,-0.07279024773451333,0.0
2.334,-0.8900750058230269,0.042863021110565114,0.07293944940447275,0.0,1.1571369788894332,-0.07293944940447275,0.0
2.336,-0.8900747916201779,0.042217222351224874,0.0730886123735114,0.0,1.1577827776487735,-0.0730886123735114,0.0
2.338,-0.890074572253202,0.04157200733755372,0.07323769885191132,0.0,1.1584279926624446,-0.07323769885191132,0.0
2.34,-0.8900743486356251,0.04092765686957279,0.07338667194534892,0.0,1.1590723431304255,-0.07338667194534892,0.0
2.342,-0.8900741216301163,0.04028444446072159,0.07353549565137175,0.0,1.1597155555392766,-0.07353549565137175,0.0
2.344,-0.8900738920483481,0.03964263639652279,0.07368413485442865,0.0,1.1603573636034754,-0.07368413485442865,0.0
2.346,-0.8900736606512176,0.039002491803055546,0.07383255531956993,0.0,1.1609975081969426,-0.07383255531956993,0.0
2.348,-0.8900734281493886,0.03836426272434334,0.07398072368492994,0.0,1.1616357372756547,-0.07398072368492994,0.0
2.35,-0.89007319520411,0.03772819420780302,0.07412860745309922,0.0,1.162271805792195,-0.07412860745309922,0.0
2.352,-0.8900729624282742,0.03709452439694269,0.07427617498148924,0.0,1.1629054756030555,-0.07427617498148924,0.0
2.354,-0.8900727303876792,0.036463484630537356,0.07442339547178739,0.0,1.1635365153694608,-0.07442339547178739,0.0
2.356,-0.8900724996024602,0.035835299547552234,0.07457023895859538,0.0,1.1641647004524458,-0.07457023895859538,0.0
2.358,-0.8900722705486606,0.03521018719712421,0.07471667629733907,0.0,1.1647898128028737,-0.07471667629733907,0.0
2.36,-0.8900720436599141,0.034588359152951983,0.07486267915153326,0.0,1.165411640847046,-0.07486267915153326,0.0
2.362,-0.8900718193292128,0.03397002063148466,0.07500821997948007,0.0,1.1660299793685134,-0.07500821997948007,0.0
2.364,-0.890071597910736,0.03335537061333672,0.07515327202047484,0.0,1.1666446293866612,-0.07515327202047484,0.0
2.366,-0.8900713797217213,0.03274460196739468,0.07529780928058918,0.0,1.1672553980326033,-0.07529780928058918,0.0
2.368,-0.8900711650443601,0.032137901577116684,0.07544180651809615,0.0,1.1678620984228814,-0.07544180651809615,0.0
2.37,-0.8900709541276981,0.03153545046856094,0.07558523922859837,0.0,1.1684645495314372,-0.07558523922859837,0.0
2.372,-0.8900707471895277,0.030937423939712733,0.07572808362991587,0.0,1.1690625760602853,-0.07572808362991587,0.0
2.374,-0.8900705444182628,0.030343991690711447,0.0758703166467862,0.0,1.1696560083092866,-0.0758703166467862,0.0
2.376,-0.8900703459747812,0.02975531795460998,0.07601191589542586,0.0,1.170244682045388,-0.07601191589542586,0.0
2.378,-0.890070151994227,0.029171561628328187,0.07615285966799813,0.0,1.1708284383716698,-0.07615285966799813,0.0
2.38,-0.890069962587768,0.02859287640348979,0.07629312691702915,0.0,1.1714071235965082,-0.07629312691702915,0.0
2.382,-0.8900697778442975,0.02801941089685878,0.07643269723981051,0.0,1.1719805891031392,-0.07643269723981051,0.0
2.384,-0.8900695978320781,0.027451308780116222,0.07657155086282386,0.0,1.1725486912198817,-0.07657155086282386,0.0
2.386,-0.8900694226003242,0.026888708908742225,0.07670966862621939,0.0,1.1731112910912558,-0.07670966862621939,0.0
2.388,-0.8900692521807199,0.026331745449789997,0.07684703196837801,0.0,1.173668254550208,-0.07684703196837801,0.0
2.39,-0.8900690865888657,0.02578054800836003,0.07698362291058361,0.0,1.174219451991638,-0.07698362291058361,0.0
2.392,-0.890068925825664,0.02523524175260205,0.07711942404182984,0.0,1.174764758247396,-0.07711942404182984,0.0
2.394,-0.8900687698786262,0.02469594753709093,0.0772544185037831,0.0,1.175304052462907,-0.0772544185037831,0.0
2.396,-0.8900686187231203,0.02416278202443991,0.07738858997592149,0.0,1.175837217975558,-0.07738858997592149,0.0
2.398,-0.8900684723235428,0.023635857805030674,0.07752192266086702,0.0,1.1763641421949673,-0.07752192266086702,0.0
2.4,-0.8900683306344278,0.023115283514754763,0.07765440126992694,0.0,1.1768847164852432,-0.07765440126992694,0.0
2.402,-0.8900681936014858,0.022601163950674696,0.07778601100885775,0.0,1.1773988360493233,-0.07778601100885775,0.0
2.404,-0.8900680611625816,0.022093600184526156,0.07791673756386397,0.0,1.1779063998154717,-0.07791673756386397,0.0
2.406,-0.8900679332486463,0.021592689673994515,0.0780465670878423,0.0,1.1784073103260033,-0.0780465670878423,0.0
2.408,-0.8900678097845309,0.02109852637170992,0.0781754861868801,0.0,1.178901473628288,-0.0781754861868801,0.0
2.41,-0.8900676906898015,0.020611200831915453,0.07830348190701587,0.0,1.1793887991680823,-0.07830348190701587,0.0
2.412,-0.8900675758794733,0.020130800314772098,0.07843054172126834,0.0,1.1798691996852255,-0.07843054172126834,0.0
2.414,-0.8900674652646994,0.019657408888272845,0.07855665351693922,0.0,1.1803425911117247,-0.07855665351693922,0.0
2.416,-0.8900673587534003,0.019191107527746096,0.07868180558319415,0.0,1.1808088924722515,-0.07868180558319415,0.0
2.418,-0.8900672562508504,0.018731974212935626,0.07880598659892495,0.0,1.181268025787062,-0.07880598659892495,0.0
2.42,-0.8900671576602129,0.01828008402265089,0.07892918562089557,0.0,1.1817199159773468,-0.07892918562089557,0.0
2.422,-0.8900670628830357,0.01783550922698729,0.07905139207217353,0.0,1.1821644907730104,-0.07905139207217353,0.0
2.424,-0.8900669718197035,0.017398319377121375,0.07917259573084744,0.0,1.1826016806228763,-0.07917259573084744,0.0
2.426,-0.8900668843698485,0.01696858139269068,0.07929278671903109,0.0,1.183031418607307,-0.07929278671903109,0.0
2.428,-0.8900668004327309,0.01654635964677222,0.07941195549215349,0.0,1.1834536403532254,-0.07941195549215349,0.0
2.43,-0.8900667199075782,0.01613171604847748,0.07953009282853409,0.0,1.1838682839515202,-0.07953009282853409,0.0
2.432,-0.8900666426938963,0.015724710123185087,0.07964718981924157,0.0,1.1842752898768125,-0.07964718981924157,0.0
2.434,-0.8900665686917498,0.015325399090435399,0.07976323785823468,0.0,1.1846746009095621,-0.07976323785823468,0.0
2.436,-0.8900664978020117,0.014933837939513821,0.07987822863278245,0.0,1.1850661620604837,-0.07987822863278245,0.0
2.438,-0.8900664299265917,0.014550079502751969,0.07999215411416165,0.0,1.1854499204972455,-0.07999215411416165,0.0
2.44,-0.890066364968636,0.014174174526577725,0.08010500654862827,0.0,1.1858258254734197,-0.08010500654862827,0.0
2.442,-0.8900663028327085,0.013806171740346936,0.0802167784486602,0.0,1.1861938282596505,-0.0802167784486602,0.0
2.444,-0.8900662434249457,0.013446117922990856,0.08032746258446742,0.0,1.1865538820770065,-0.08032746258446742,0.0
2.446,-0.8900661866532006,0.01309405796751464,0.08043705197576663,0.0,1.1869059420324828,-0.08043705197576663,0.0
2.448,-0.8900661324271593,0.012750034943383054,0.08054553988381614,0.0,1.1872499650566144,-0.08054553988381614,0.0
2.45,-0.8900660806584508,0.012414090156830307,0.0806529198037076,0.0,1.1875859098431671,-0.0806529198037076,0.0
2.452,-0.8900660312607351,0.012086263209131443,0.08075918545691041,0.0,1.187913736790866,-0.08075918545691041,0.0
2.454,-0.8900659841497819,0.01176659205287303,0.08086433078406491,0.0,1.1882334079471244,-0.08086433078406491,0.0
2.456,-0.8900659392435333,0.011455113046261093,0.08096834993802031,0.0,1.1885448869537363,-0.08096834993802031,0.0
2.458,-0.8900658964621602,0.011151861005504263,0.08107123727711324,0.0,1.1888481389944932,-0.08107123727711324,0.0
2.46,-0.8900658557281028,0.01085686925531001,0.08117298735868282,0.0,1.1891431307446874,-0.08117298735868282,0.0
2.462,-0.8900658169661076,0.010570169677531615,0.0812735949328182,0.0,1.1894298303224657,-0.0812735949328182,0.0
2.464,-0.8900657801032511,0.010291792758003203,0.08137305493633436,0.0,1.1897082072419942,-0.08137305493633436,0.0
2.466,-0.8900657450689594,0.010021767631599702,0.08147136248697225,0.0,1.1899782323683976,-0.08147136248697225,0.0
2.468,-0.8900657117950194,0.009760122125558135,0.08156851287781923,0.0,1.1902398778744392,-0.08156851287781923,0.0
2.47,-0.8900656802155862,0.009506882801095974,0.08166450157194574,0.0,1.1904931171989013,-0.08166450157194574,0.0
2.472,-0.8900656502671818,0.009262074993361683,0.08175932419725448,0.0,1.1907379250066357,-0.08175932419725448,0.0
2.474,-0.8900656218886939,0.009025722849751784,0.08185297654153811,0.0,1.1909742771502456,-0.08185297654153811,0.0
2.476,-0.8900655950213646,0.00879784936662801,0.08194545454774188,0.0,1.1912021506333694,-0.08194545454774188,0.0
2.478,-0.8900655696087831,0.008578476424467261,0.08203675430942747,0.0,1.19142152357553,-0.08203675430942747,0.0
2.48,-0.890065545596869,0.008367624821476195,0.08212687206643454,0.0,1.1916323751785212,-0.08212687206643454,0.0
2.482,-0.8900655229338564,0.008165314305701298,0.08221580420073646,0.0,1.191834685694296,-0.08221580420073646,0.0
2.484,-0.8900655015702753,0.00797156360566439,0.08230354723248708,0.0,1.192028436394333,-0.08230354723248708,0.0
2.486,-0.8900654814589315,0.0077863904595524575,0.08239009781625511,0.0,1.192213609540445,-0.08239009781625511,0.0
2.488,-0.8900654625548834,0.007609811642989694,0.08247545273744328,0.0,1.1923901883570078,-0.08247545273744328,0.0
2.49,-0.8900654448154225,0.007441842995418584,0.08255960890888898,0.0,1.192558157004579,-0.08255960890888898,0.0
2.492,-0.8900654282000467,0.007282499445115791,0.08264256336764395,0.0,1.1927175005548818,-0.08264256336764395,0.0
2.494,-0.890065412670441,0.0071317950328675045,0.08272431327192997,0.0,1.19286820496713,-0.08272431327192997,0.0
2.496,-0.8900653981904469,0.006989742934327815,0.08280485589826828,0.0,1.1930102570656698,-0.08280485589826828,0.0
2.498,-0.8900653847260471,0.006856355481082548,0.08288418863878005,0.0,1.193143644518915,-0.08288418863878005,0.0
2.5,-0.8900653722453358,0.006731644180439872,0.08296230899865584,0.0,1.1932683558195576,-0.08296230899865584,0.0
2.5020000000000002,-0.8900653607184974,0.006615619733967855,0.08303921459379175,0.0,1.1933843802660296,-0.08303921459379175,0.0
2.504,-0.890065350117786,0.0065082920547979714,0.08311490314859042,0.0,1.1934917079451994,-0.08311490314859042,0.0
2.5060000000000002,-0.8900653404175028,0.006409670283712467,0.08318937249392488,0.0,1.1935903297162849,-0.08318937249392488,0.0
2.508,-0.8900653315939757,0.006319762804032258,0.08326262056526373,0.0,1.1936802371959652,-0.08326262056526373,0.0
2.5100000000000002,-0.8900653236255399,0.006238577255320946,0.0833346454009559,0.0,1.1937614227446764,-0.0833346454009559,0.0
2.512,-0.890065316492521,0.006166120545919321,0.0834054451406739,0.0,1.1938338794540782,-0.0834054451406739,0.0
2.5140000000000002,-0.8900653101772151,0.006102398864323577,0.08347501802401391,0.0,1.193897601135674,-0.08347501802401391,0.0
2.516,-0.8900653046638779,0.006047417689419305,0.08354336238925213,0.0,1.193952582310578,-0.08354336238925213,0.0
2.5180000000000002,-0.8900652999387064,0.0060011817995821335,0.08361047667225598,0.0,1.1939988182004153,-0.08361047667225598,0.0
2.52,-0.8900652959898298,0.0059636952806547475,0.08367635940554972,0.0,1.1940363047193427,-0.08367635940554972,0.0
2.5220000000000002,-0.8900652928072965,0.005934961532808822,0.0837410092175338,0.0,1.1940650384671887,-0.0837410092175338,0.0
2.524,-0.890065290383067,0.00591498327629925,0.08380442483185732,0.0,1.1940850167236983,-0.08380442483185732,0.0
2.5260000000000002,-0.8900652887110049,0.005903762556116875,0.08386660506694354,0.0,1.1940962374438806,-0.08386660506694354,0.0
2.528,-0.8900652877868708,0.005901300745544757,0.08392754883566826,0.0,1.1940986992544527,-0.08392754883566826,0.0
2.5300000000000002,-0.8900652876083195,0.005907598548621848,0.08398725514519091,0.0,1.1940924014513756,-0.08398725514519091,0.0
2.532,-0.8900652881748988,0.005922656001516764,0.08404572309693885,0.0,1.1940773439984806,-0.08404572309693885,0.0
2.5340000000000003,-0.8900652894880455,0.005946472472813198,0.08410295188674498,0.0,1.1940535275271842,-0.08410295188674498,0.0
2.536,-0.890065291551091,0.005979046662707311,0.08415894080513932,0.0,1.19402095333729,-0.08415894080513932,0.0
2.5380000000000003,-0.8900652943692619,0.006020376601116316,0.08421368923779518,0.0,1.193979623398881,-0.08421368923779518,0.0
2.54,-0.8900652979496846,0.006070459644696259,0.08426719666613088,0.0,1.1939295403553012,-0.08426719666613088,0.0
2.5420000000000003,-0.8900653023013927,0.006129292472765863,0.08431946266806785,0.0,1.1938707075272317,-0.08431946266806785,0.0
2.544,-0.8900653074353367,0.006196871082132102,0.08437048691894655,0.0,1.1938031289178654,-0.08437048691894655,0.0
2.5460000000000003,-0.8900653133643912,0.00627319078081205,0.08442026919260136,0.0,1.1937268092191855,-0.08442026919260136,0.0
2.548,-0.8900653201033691,0.006358246180644324,0.084468809362596,0.0,1.1936417538193533,-0.084468809362596,0.0
2.5500000000000003,-0.8900653276690323,0.006452031188782313,0.08451610740362138,0.0,1.1935479688112154,-0.08451610740362138,0.0
2.552,-0.8900653360801092,0.006554538998060211,0.08456216339305743,0.0,1.1934454610019374,-0.08456216339305743,0.0
2.5540000000000003,-0.8900653453573083,0.006665762076221684,0.08460697751270126,0.0,1.193334237923776,-0.08460697751270126,0.0
2.556,-0.8900653555233378,0.006785692153999856,0.08465055005066366,0.0,1.1932143078459978,-0.08465055005066366,0.0
2.5580000000000003,-0.8900653666029215,0.006914320212036125,0.08469288140343642,0.0,1.1930856797879614,-0.08469288140343642,0.0
2.56,-0.8900653786228228,0.007051636466624159,0.08473397207813307,0.0,1.1929483635333733,-0.08473397207813307,0.0
2.562,-0.8900653916118609,0.007197630354264247,0.0847738226949057,0.0,1.1928023696457333,-0.0847738226949057,0.0
2.564,-0.8900654056009372,0.007352290515012049,0.08481243398954084,0.0,1.1926477094849854,-0.08481243398954084,0.0
2.566,-0.8900654206230546,0.007515604774604592,0.08484980681623751,0.0,1.192484395225393,-0.08484980681623751,0.0
2.568,-0.8900654367133423,0.007687560125345261,0.08488594215057065,0.0,1.1923124398746523,-0.08488594215057065,0.0
2.57,-0.8900654539090782,0.007868142705728332,0.08492084109264347,0.0,1.1921318572942692,-0.08492084109264347,0.0
2.572,-0.8900654722497134,0.008057337778782505,0.08495450487043232,0.0,1.191942662221215,-0.08495450487043232,0.0
2.574,-0.8900654917768966,0.008255129709111728,0.08498693484332781,0.0,1.1917448702908857,-0.08498693484332781,0.0
2.576,-0.8900655125344952,0.00846150193861051,0.08501813250587627,0.0,1.191538498061387,-0.08501813250587627,0.0
2.578,-0.8900655345686209,0.008676436960829804,0.08504809949172572,0.0,1.1913235630391676,-0.08504809949172572,0.0
2.58,-0.8900655579276506,0.008899916293968423,0.08507683757778058,0.0,1.191100083706029,-0.08507683757778058,0.0
2.582,-0.890065582662247,0.009131920452463946,0.08510434868856971,0.0,1.1908680795475335,-0.08510434868856971,0.0
2.584,-0.8900656088253787,0.009372428917155912,0.08513063490083252,0.0,1.1906275710828416,-0.08513063490083252,0.0
2.586,-0.8900656364723383,0.009621420103993163,0.08515569844832775,0.0,1.1903785798960043,-0.08515569844832775,0.0
2.588,-0.8900656656607566,0.00987887133125613,0.08517954172687035,0.0,1.1901211286687412,-0.08517954172687035,0.0
2.59,-0.8900656964506163,0.01014475878526388,0.08520216729960119,0.0,1.1898552412147334,-0.08520216729960119,0.0
2.592,-0.8900657289042606,0.01041905748453485,0.08522357790249528,0.0,1.1895809425154624,-0.08522357790249528,0.0
2.594,-0.8900657630863993,0.010701741242369197,0.08524377645011391,0.0,1.1892982587576282,-0.08524377645011391,0.0
2.596,-0.8900657990641119,0.010992782627819917,0.08526276604160617,0.0,1.1890072173721775,-0.08526276604160617,0.0
2.598,-0.8900658369068404,0.011292152925019032,0.08528054996696592,0.0,1.1887078470749783,-0.08528054996696592,0.0
2.6,-0.8900658766863853,0.011599822090824368,0.08529713171354998,0.0,1.188400177909173,-0.08529713171354998,0.0
2.602,-0.8900659184768851,0.011915758710751794,0.08531251497286353,0.0,1.1880842412892456,-0.08531251497286353,0.0
2.604,-0.8900659623547978,0.01223992995315713,0.08532670364761909,0.0,1.1877600700468403,-0.08532670364761909,0.0
2.606,-0.8900660083988706,0.012572301521631387,0.08533970185907516,0.0,1.187427698478366,-0.08533970185907516,0.0
2.608,-0.8900660566900981,0.012912837605572552,0.08535151395466102,0.0,1.1870871623944248,-0.08535151395466102,0.0
2.61,-0.890066107311677,0.013261500828896738,0.08536214451589406,0.0,1.1867384991711005,-0.08536214451589406,0.0
2.612,-0.8900661603489449,0.013618252196851264,0.08537159836659632,0.0,1.186381747803146,-0.08537159836659632,0.0
2.614,-0.8900662158893093,0.01398305104089207,0.08537988058141652,0.0,1.1860169489591053,-0.08537988058141652,0.0
2.616,-0.8900662740221661,0.014355854961587883,0.08538699649466462,0.0,1.1856441450384094,-0.08538699649466462,0.0
2.618,-0.8900663348387969,0.01473661976951359,0.08539295170946512,0.0,1.1852633802304837,-0.08539295170946512,0.0
2.62,-0.8900663984322589,0.015125299424095634,0.08539775210723598,0.0,1.1848747005759017,-0.08539775210723598,0.0
2.622,-0.8900664648972532,0.01552184597037263,0.08540140385749967,0.0,1.1844781540296248,-0.08540140385749967,0.0
2.624,-0.8900665343299752,0.01592620947363503,0.08540391342803287,0.0,1.1840737905263623,-0.08540391342803287,0.0
2.626,-0.8900666068279459,0.0163383379519085,0.08540528759536126,0.0,1.1836616620480889,-0.08540528759536126,0.0
2.628,-0.890066682489822,0.016758177306246718,0.08540553345560568,0.0,1.1832418226937507,-0.08540553345560568,0.0
2.63,-0.8900667614151815,0.01718567124880055,0.085404658435686,0.0,1.1828143287511967,-0.085404658435686,0.0
2.632,-0.8900668437042829,0.017620761228632164,0.08540267030488834,0.0,1.1823792387713652,-0.08540267030488834,0.0
2.634,-0.8900669294578033,0.01806338635524439,0.0853995771868017,0.0,1.1819366136447529,-0.0853995771868017,0.0
2.636,-0.890067018776538,0.01851348331979781,0.08539538757162926,0.0,1.1814865166801995,-0.08539538757162926,0.0
2.638,-0.8900671117610789,0.018970986313990527,0.08539011032887944,0.0,1.1810290136860069,-0.08539011032887944,0.0
2.64,-0.8900672085114495,0.019435826946578298,0.0853837547204416,0.0,1.180564173053419,-0.0853837547204416,0.0
2.642,-0.8900673091267155,0.01990793415751603,0.08537633041405047,0.0,1.1800920658424814,-0.08537633041405047,0.0
2.644,-0.8900674137045456,0.020387234129705136,0.08536784749714328,0.0,1.1796127658702922,-0.08536784749714328,0.0
2.646,-0.8900675223407418,0.02087365019833538,0.08535831649111257,0.0,1.179126349801662,-0.08535831649111257,0.0
2.648,-0.8900676351287226,0.021367102757814335,0.08534774836595742,0.0,1.1786328972421831,-0.08534774836595742,0.0
2.65,-0.8900677521589601,0.021867509166282616,0.08533615455533476,0.0,1.1781324908337147,-0.08533615455533476,0.0
2.652,-0.8900678735183717,0.02237478364771871,0.08532354697201196,0.0,1.1776252163522787,-0.08532354697201196,0.0
2.654,-0.8900679992896622,0.022888837191643294,0.0853099380237205,0.0,1.1771111628083542,-0.0853099380237205,0.0
2.656,-0.8900681295506091,0.023409577450439836,0.0852953406294102,0.0,1.1765904225495576,-0.0852953406294102,0.0
2.658,-0.890068264373298,0.02393690863431572,0.08527976823590165,0.0,1.1760630913656818,-0.08527976823590165,0.0
2.66,-0.8900684038232985,0.024470731403936265,0.08526323483493387,0.0,1.1755292685960612,-0.08526323483493387,0.0
2.662,-0.8900685479587783,0.025010942760773012,0.08524575498060255,0.0,1.1749890572392245,-0.08524575498060255,0.0
2.664,-0.8900686968295585,0.025557435935217362,0.08522734380718286,0.0,1.1744425640647802,-0.08522734380718286,0.0
2.666,-0.8900688504761043,0.026110100272521187,0.08520801704732926,0.0,1.1738898997274765,-0.08520801704732926,0.0
2.668,-0.8900690089284491,0.026668821116637566,0.085187791050643,0.0,1.17333117888336,-0.085187791050643,0.0
2.67,-0.8900691722050526,0.02723347969204714,0.08516668280259601,0.0,1.1727665203079505,-0.08516668280259601,0.0
2.672,-0.890069340311591,0.027803952983669014,0.08514470994379807,0.0,1.1721960470163286,-0.08514470994379807,0.0
2.674,-0.8900695132396765,0.028380113614969563,0.08512189078959173,0.0,1.171619886385028,-0.08512189078959173,0.0
2.676,-0.8900696909655119,0.02896182972439795,0.08509824434995719,0.0,1.1710381702755996,-0.08509824434995719,0.0
2.678,-0.8900698734484702,0.029548964840293887,0.08507379034970672,0.0,1.1704510351597037,-0.08507379034970672,0.0
2.68,-0.8900700606296128,0.030141377754430914,0.0850485492489456,0.0,1.1698586222455667,-0.0850485492489456,0.0
2.682,-0.8900702524301367,0.03073892239437754,0.08502254226377348,0.0,1.16926107760562,-0.08502254226377348,0.0
2.684,-0.8900704487497595,0.03134144769487888,0.08499579138719693,0.0,1.1686585523051187,-0.08499579138719693,0.0
2.686,-0.890070649465046,0.03194879746848299,0.08496831941022061,0.0,1.1680512025315146,-0.08496831941022061,0.0
2.688,-0.8900708544276754,0.032560810275659095,0.08494014994308108,0.0,1.1674391897243386,-0.08494014994308108,0.0
2.69,-0.8900710634626606,0.03317731929467907,0.08491130743658312,0.0,1.1668226807053186,-0.08491130743658312,0.0
2.692,-0.8900712763665226,0.03379815219155934,0.0848818172034948,0.0,1.1662018478084384,-0.0848818172034948,0.0
2.694,-0.8900714929054324,0.034423130990387414,0.08485170543995292,0.0,1.1655768690096102,-0.08485170543995292,0.0
2.696,-0.8900717128133228,0.0350520719443856,0.08482099924682626,0.0,1.164947928055612,-0.08482099924682626,0.0
2.698,-0.8900719357899922,0.03568478540809461,0.0847897266509792,0.0,1.1643152145919031,-0.0847897266509792,0.0
2.7,-0.8900721614992038,0.036321075711090806,0.08475791662637318,0.0,1.163678924288907,-0.08475791662637318,0.0
2.702,-0.8900723895668008,0.03696074103368365,0.08472559911493865,0.0,1.163039258966314,-0.08472559911493865,0.0
2.704,-0.8900726195788556,0.03760357328507383,0.08469280504714427,0.0,1.1623964267149238,-0.08469280504714427,0.0
2.706,-0.8900728510798679,0.03824935798448779,0.08465956636218483,0.0,1.16175064201551,-0.08465956636218483,0.0
2.708,-0.8900730835710409,0.03889787414584097,0.08462591602770331,0.0,1.1611021258541567,-0.08462591602770331,0.0
2.71,-0.8900733165086518,0.039548894166519466,0.08459188805895657,0.0,1.1604511058334783,-0.08459188805895657,0.0
2.712,-0.8900735493025508,0.04020218372090849,0.08455751753732772,0.0,1.1597978162790894,-0.08455751753732772,0.0
2.714,-0.8900737813148127,0.04085750165933541,0.084522840628082,0.0,1.1591424983406624,-0.084522840628082,0.0
2.716,-0.8900740118585778,0.04151459991313523,0.0844878945972564,0.0,1.1584854000868625,-0.0844878945972564,0.0
2.718,-0.8900742401971126,0.04217322340658698,0.0844527178275665,0.0,1.1578267765934107,-0.0844527178275665,0.0
2.72,-0.890074465543131,0.0428331099765103,0.08441734983320735,0.0,1.1571668900234875,-0.08441734983320735,0.0
2.722,-0.890074687058414,0.043493990300352545,0.08438183127341849,0.0,1.1565060096996453,-0.08438183127341849,0.0
2.724,-0.8900749038537704,0.04415558783363712,0.08434620396467617,0.0,1.1558444121663607,-0.08434620396467617,0.0
2.726,-0.8900751149893835,0.04481761875768387,0.08431051089136947,0.0,1.1551823812423139,-0.08431051089136947,0.0
2.728,-0.8900753194755878,0.04547979193855138,0.08427479621481015,0.0,1.1545202080614463,-0.08427479621481015,0.0
2.73,-0.8900755162741267,0.04614180889818867,0.08423910528041956,0.0,1.153858191101809,-0.08423910528041956,0.0
2.732,-0.8900757042999343,0.046803363798819525,0.08420348462293001,0.0,1.1531966362011783,-0.08420348462293001,0.0
2.734,-0.8900758824234983,0.04746414344161634,0.08416798196943187,0.0,1.1525358565583814,-0.08416798196943187,0.0
2.736,-0.8900760494738419,0.04812382728075087,0.08413264624009222,0.0,1.1518761727192468,-0.08413264624009222,0.0
2.738,-0.890076204242184,0.048782087453936626,0.0840975275463659,0.0,1.151217912546061,-0.0840975275463659,0.0
2.74,-0.8900763454863138,0.04943858883060092,0.08406267718651544,0.0,1.1505614111693967,-0.08406267718651544,0.0
2.742,-0.8900764719357286,0.050092989078842895,0.0840281476382524,0.0,1.1499070109211547,-0.0840281476382524,0.0
2.744,-0.8900765822975722,0.050744938752347354,0.08399399254831005,0.0,1.1492550612476502,-0.08399399254831005,0.0
2.746,-0.8900766752634074,0.051394081398431005,0.08396026671875491,0.0,1.1486059186015665,-0.08396026671875491,0.0
2.748,-0.8900767495168488,0.05204005368839813,0.083927026089844,0.0,1.1479599463115993,-0.083927026089844,0.0
2.75,-0.8900768037420783,0.05268248557137533,0.08389432771923465,0.0,1.147317514428622,-0.08389432771923465,0.0
2.7520000000000002,-0.8900768366332515,0.05332100045277906,0.08386222975735519,0.0,1.1466789995472184,-0.08386222975735519,0.0
2.754,-0.8900768469047928,0.05395521539854493,0.0838307914187477,0.0,1.1460447846014525,-0.0838307914187477,0.0
2.7560000000000002,-0.8900768333025677,0.05458474136621254,0.0838000729491986,0.0,1.145415258633785,-0.0838000729491986,0.0
2.758,-0.8900767946159045,0.05520918346391402,0.08377013558847855,0.0,1.1447908165360834,-0.08377013558847855,0.0
2.7600000000000002,-0.8900767296904207,0.05582814123825699,0.08374104152852169,0.0,1.1441718587617404,-0.08374104152852169,0.0
2.762,-0.890076637441594,0.05644120899202326,0.08371285386688325,0.0,1.143558791007974,-0.08371285386688325,0.0
2.7640000000000002,-0.8900765168689989,0.05704797613252198,0.08368563655532738,0.0,1.1429520238674753,-0.08368563655532738,0.0
2.766,-0.8900763670711133,0.05764802755133986,0.08365945434341031,0.0,1.1423519724486575,-0.08365945434341031,0.0
2.7680000000000002,-0.8900761872605658,0.05824094403612127,0.08363437271694067,0.0,1.1417590559638762,-0.08363437271694067,0.0
2.77,-0.8900759767796984,0.05882630271488622,0.0836104578312174,0.0,1.1411736972851112,-0.0836104578312174,0.0
2.7720000000000002,-0.8900757351162654,0.059403677533255234,0.0835877764389664,0.0,1.1405963224667421,-0.0835877764389664,0.0
2.774,-0.8900754619190973,0.05997263976479602,0.08356639581292087,0.0,1.1400273602352013,-0.08356639581292087,0.0
2.7760000000000002,-0.8900751570135209,0.06053275855453786,0.08354638366301588,0.0,1.1394672414454594,-0.08354638366301588,0.0
2.778,-0.8900748204163093,0.06108360149551638,0.08352780804819596,0.0,1.1389163985044808,-0.08352780804819596,0.0
2.7800000000000002,-0.8900744523499213,0.06162473523801361,0.0835107372828653,0.0,1.1383752647619836,-0.0835107372828653,0.0
2.782,-0.8900740532557772,0.06215572613094706,0.08349523983804297,0.0,1.1378442738690502,-0.08349523983804297,0.0
2.7840000000000003,-0.8900736238062894,0.06267614089463791,0.08348138423732045,0.0,1.1373238591053594,-0.08348138423732045,0.0
2.786,-0.8900731649153868,0.06318554732395294,0.08346923894775621,0.0,1.1368144526760444,-0.08346923894775621,0.0
2.7880000000000003,-0.8900726777472336,0.0636835150205695,0.08345887226588054,0.0,1.1363164849794278,-0.08345887226588054,0.0
2.79,-0.8900721637228769,0.0641696161528589,0.08345035219902447,0.0,1.1358303838471384,-0.08345035219902447,0.0
2.7920000000000003,-0.8900716245245311,0.06464342624162324,0.0834437463422281,0.0,1.1353565737583742,-0.0834437463422281,0.0
2.794,-0.8900710620972555,0.0651045249696557,0.08343912175102661,0.0,1.1348954750303417,-0.08343912175102661,0.0
2.7960000000000003,-0.8900704786477754,0.06555249701282806,0.08343654481045473,0.0,1.1344475029871695,-0.08343654481045473,0.0
2.798,-0.8900698766402221,0.06598693289014272,0.08343608110065452,0.0,1.1340130671098547,-0.08343608110065452,0.0
2.8000000000000003,-0.8900692587886374,0.06640742982992484,0.08343779525951343,0.0,1.1335925701700726,-0.08343779525951343,0.0
2.802,-0.8900686280460665,0.06681359264907429,0.08344175084280259,0.0,1.1331864073509232,-0.08344175084280259,0.0
2.8040000000000003,-0.8900679875901747,0.06720503464205213,0.08344801018232535,0.0,1.1327949653579454,-0.08344801018232535,0.0
2.806,-0.8900673408053374,0.06758137847604404,0.08345663424262574,0.0,1.1324186215239536,-0.08345663424262574,0.0
2.8080000000000003,-0.8900666912612191,0.06794225708852793,0.08346768247684247,0.0,1.1320577429114698,-0.08346768247684247,0.0
2.81,-0.8900660426879303,0.06828731458327872,0.08348121268232823,0.0,1.131712685416719,-0.08348121268232823,0.0
2.8120000000000003,-0.8900653989479107,0.06861620712067137,0.0834972808566837,0.0,1.1313837928793262,-0.0834972808566837,0.0
2.814,-0.8900647640047559,0.06892860379800005,0.08351594105488182,0.0,1.1310713962019976,-0.08351594105488182,0.0
2.816,-0.890064141889282,0.06922418751541694,0.08353724524817925,0.0,1.1307758124845806,-0.08353724524817925,0.0
2.818,-0.8900635366631713,0.06950265582301413,0.08356124318552832,0.0,1.1304973441769834,-0.08356124318552832,0.0
2.82,-0.8900629523806342,0.06976372174452662,0.08358798225821312,0.0,1.130236278255471,-0.08358798225821312,0.0
2.822,-0.8900623930485612,0.0700071145731282,0.08361750736843866,0.0,1.1299928854268693,-0.08361750736843866,0.0
2.824,-0.8900618625856999,0.07023258063482452,0.08364986080260027,0.0,1.129767419365173,-0.08364986080260027,0.0
2.826,-0.8900613647814253,0.07043988401502217,0.0836850821099523,0.0,1.1295601159849753,-0.0836850821099523,0.0
2.828,-0.8900609032547326,0.07062880724396896,0.0837232079873809,0.0,1.1293711927560286,-0.0837232079873809,0.0
2.83,-0.8900604814140648,0.07079915193691866,0.0837642721709634,0.0,1.1292008480630789,-0.0837642721709634,0.0
2.832,-0.8900601024186343,0.07095073938507442,0.0838083053349696,0.0,1.1290492606149232,-0.0838083053349696,0.0
2.834,-0.890059769141855,0.07108341109360596,0.08385533499892406,0.0,1.1289165889063917,-0.08385533499892406,0.0
2.836,-0.8900594841375267,0.07119702926331663,0.08390538544330826,0.0,1.128802970736681,-0.08390538544330826,0.0
2.838,-0.8900592496093238,0.07129147721285384,0.08395847763443313,0.0,1.1287085227871436,-0.08395847763443313,0.0
2.84,-0.8900590673841612,0.07136665973870827,0.08401462915895944,0.0,1.1286333402612891,-0.08401462915895944,0.0
2.842,-0.8900589388898742,0.07142250341063024,0.08407385416848519,0.0,1.1285774965893671,-0.08407385416848519,0.0
2.844,-0.8900588651376468,0.07145895680050056,0.08413616333455565,0.0,1.1285410431994969,-0.08413616333455565,0.0
2.846,-0.8900588467094923,0.07147599064312596,0.08420156381438482,0.0,1.1285240093568716,-0.08420156381438482,0.0
2.848,-0.8900588837510184,0.07147359792787795,0.08427005922750654,0.0,1.1285264020721195,-0.08427005922750654,0.0
2.85,-0.8900589759696204,0.07145179392055681,0.08434164964350091,0.0,1.1285482060794407,-0.08434164964350091,0.0
2.852,-0.8900591226381125,0.07141061611533135,0.08441633158086706,0.0,1.1285893838846661,-0.08441633158086706,0.0
2.854,-0.8900593226037671,0.07135012411707656,0.0844940980170383,0.0,1.1286498758829209,-0.0844940980170383,0.0
2.856,-0.8900595743025529,0.07127039945489834,0.08457493840946077,0.0,1.128729600545099,-0.08457493840946077,0.0
2.858,-0.8900598757783447,0.07117154532809303,0.08465883872758245,0.0,1.1288284546719043,-0.08465883872758245,0.0
2.86,-0.8900602247067371,0.07105368628623296,0.08474578149552776,0.0,1.1289463137137643,-0.08474578149552776,0.0
2.862,-0.8900606184230417,0.070916967845494,0.08483574584516311,0.0,1.1290830321545033,-0.08483574584516311,0.0
2.864,-0.8900610539539637,0.07076155604374103,0.08492870757919296,0.0,1.1292384439562564,-0.08492870757919296,0.0
2.866,-0.8900615280524169,0.07058763693725942,0.08502463924386433,0.0,1.129412363062738,-0.08502463924386433,0.0
2.868,-0.8900620372348611,0.07039541604236046,0.08512351021080039,0.0,1.129604583957637,-0.08512351021080039,0.0
2.87,-0.8900625778205625,0.07018511772539311,0.08522528676743231,0.0,1.1298148822746044,-0.08522528676743231,0.0
2.872,-0.8900631459721111,0.06995698454496112,0.08532993221545268,0.0,1.1300430154550363,-0.08532993221545268,0.0
2.874,-0.8900637377365761,0.06971127655037133,0.08543740697667415,0.0,1.1302887234496262,-0.08543740697667415,0.0
2.876,-0.8900643490866635,0.06944827054052401,0.08554766870564375,0.0,1.1305517294594736,-0.08554766870564375,0.0
2.878,-0.8900649759612733,0.06916825928759937,0.08566067240833666,0.0,1.1308317407123982,-0.08566067240833666,0.0
2.88,-0.8900656143049008,0.06887155072999543,0.08577637056623362,0.0,1.1311284492700022,-0.08577637056623362,0.0
2.882,-0.8900662601053606,0.06855846713903131,0.08589471326507254,0.0,1.1314415328609664,-0.08589471326507254,0.0
2.884,-0.890066909429365,0.0682293442639484,0.08601564832755859,0.0,1.1317706557360494,-0.08601564832755859,0.0
2.886,-0.8900675584555738,0.06788453045972098,0.08613912144931637,0.0,1.1321154695402769,-0.08613912144931637,0.0
2.888,-0.8900682035047724,0.0675243858021296,0.08626507633737383,0.0,1.1324756141978682,-0.08626507633737383,0.0
2.89,-0.8900688410669046,0.06714928119445729,0.08639345485047875,0.0,1.1328507188055406,-0.08639345485047875,0.0
2.892,-0.8900694678247849,0.06675959747004365,0.08652419714056567,0.0,1.1332404025299543,-0.08652419714056567,0.0
2.894,-0.8900700806743408,0.06635572449477743,0.08665724179471243,0.0,1.1336442755052205,-0.08665724179471243,0.0
2.896,-0.8900706767413453,0.06593806027342783,0.08679252597695189,0.0,1.13406193972657,-0.08679252597695189,0.0
2.898,-0.8900712533946217,0.06550701006351212,0.08692998556933375,0.0,1.1344929899364857,-0.08692998556933375,0.0
2.9,-0.8900718082557917,0.06506298550017532,0.087069555311665,0.0,1.1349370144998225,-0.087069555311665,0.0
2.902,-0.8900723392056682,0.06460640373532013,0.0872111689393931,0.0,1.1353935962646777,-0.0872111689393931,0.0
2.904,-0.8900728443874584,0.06413768659397559,0.08735475931913418,0.0,1.1358623134060222,-0.08735475931913418,0.0
2.906,-0.8900733222069583,0.06365725975063467,0.08750025858138856,0.0,1.136342740249363,-0.08750025858138856,0.0
2.908,-0.8900737713299722,0.0631655519280266,0.08764759825002648,0.0,1.1368344480719712,-0.08764759825002648,0.0
2.91,-0.8900741906772018,0.06266299412052315,0.08779670936816908,0.0,1.1373370058794747,-0.08779670936816908,0.0
2.912,-0.8900745794168785,0.062150018844111504,0.087947522620131,0.0,1.1378499811558864,-0.087947522620131,0.0
2.914,-0.8900749369553986,0.06162705941460276,0.08809996844913322,0.0,1.138372940585395,-0.08809996844913322,0.0
2.916,-0.8900752629262705,0.06109454925548642,0.08825397717053522,0.0,1.1389054507445113,-0.08825397717053522,0.0
2.918,-0.8900755571776285,0.060552921236590306,0.08840947908037637,0.0,1.1394470787634075,-0.08840947908037637,0.0
2.92,-0.8900758197586081,0.0600026070444629,0.08856640455905461,0.0,1.139997392955535,-0.08856640455905461,0.0
2.922,-0.8900760509048361,0.059444036585164,0.08872468417000828,0.0,1.140555963414834,-0.08872468417000828,0.0
2.924,-0.8900762510233005,0.05887763741992987,0.08888424875330261,0.0,1.141122362580068,-0.08888424875330261,0.0
2.926,-0.8900764206768227,0.05830383423397279,0.08904502951405555,0.0,1.141696165766025,-0.08904502951405555,0.0
2.928,-0.8900765605683606,0.0577230483384821,0.08920695810566977,0.0,1.1422769516615157,-0.08920695810566977,0.0
2.93,-0.8900766715253345,0.057135697205715756,0.08936996670786679,0.0,1.142864302794282,-0.08936996670786679,0.0
2.932,-0.890076754484156,0.05654219403690758,0.08953398809954621,0.0,1.1434578059630902,-0.08953398809954621,0.0
2.934,-0.8900768104751107,0.055942947362566914,0.08969895572651816,0.0,1.144057052637431,-0.08969895572651816,0.0
2.936,-0.8900768406077334,0.05533836067461339,0.08986480376417924,0.0,1.1446616393253846,-0.08986480376417924,0.0
2.938,-0.8900768460567846,0.05472883208967027,0.09003146717522285,0.0,1.1452711679103278,-0.09003146717522285,0.0
2.94,-0.890076828048919,0.054114754042735,0.09019888176249237,0.0,1.145885245957263,-0.09019888176249237,0.0
2.942,-0.8900767878501276,0.053496513010354484,0.09036698421710165,0.0,1.1465034869896435,-0.09036698421710165,0.0
2.944,-0.8900767267539937,0.052874489262355,0.09053571216196082,0.0,1.147125510737643,-0.09053571216196082,0.0
2.946,-0.890076646070815,0.05224905664111154,0.09070500419085693,0.0,1.1477509433588864,-0.09070500419085693,0.0
2.948,-0.8900765471176042,0.05162058236728851,0.09087479990324884,0.0,1.1483794176327093,-0.09087479990324884,0.0
2.95,-0.8900764312089837,0.05098942687094204,0.09104503993494319,0.0,1.1490105731290559,-0.09104503993494319,0.0
2.952,-0.8900762996489674,0.0503559436468428,0.09121566598482476,0.0,1.1496440563531551,-0.09121566598482476,0.0
2.954,-0.890076153723619,0.04972047913285706,0.09138662083781886,0.0,1.1502795208671408,-0.09138662083781886,0.0
2.956,-0.890075994694564,0.049083372610210785,0.09155784838426634,0.0,1.150916627389787,-0.09155784838426634,0.0
2.958,-0.8900758237933231,0.048444956124457594,0.09172929363589383,0.0,1.1515550438755402,-0.09172929363589383,0.0
2.96,-0.8900756422164356,0.04780555442597392,0.09190090273856184,0.0,1.1521944455740238,-0.09190090273856184,0.0
2.962,-0.8900754511213301,0.04716548492881446,0.0920726229819732,0.0,1.1528345150711834,-0.0920726229819732,0.0
2.964,-0.8900752516228967,0.046525057686776165,0.09224440280652224,0.0,1.1534749423132218,-0.09224440280652224,0.0
2.966,-0.8900750447907181,0.04588457538553949,0.09241619180746298,0.0,1.1541154246144585,-0.09241619180746298,0.0
2.968,-0.890074831646908,0.045244333349780626,0.09258794073657123,0.0,1.1547556666502174,-0.09258794073657123,0.0
2.97,-0.8900746131645101,0.04460461956417671,0.09275960150147136,0.0,1.1553953804358215,-0.09275960150147136,0.0
2.972,-0.8900743902664079,0.04396571470725843,0.09293112716279454,0.0,1.1560342852927397,-0.09293112716279454,0.0
2.974,-0.8900741638246965,0.043327892197098414,0.0931024719293296,0.0,1.1566721078028996,-0.0931024719293296,0.0
2.976,-0.890073934660472,0.042691418247860796,0.09327359115132298,0.0,1.1573085817521374,-0.09327359115132298,0.0
2.978,-0.8900737035439892,0.042056551936275485,0.0934444413120781,0.0,1.1579434480637227,-0.0934444413120781,0.0
2.98,-0.8900734711951463,0.04142354527714018,0.09361498001799881,0.0,1.158576454722858,-0.09361498001799881,0.0
2.982,-0.890073238284257,0.04079264330699354,0.09378516598721544,0.0,1.1592073566930048,-0.09378516598721544,0.0
2.984,-0.8900730054330659,0.04016408417514381,0.09395495903692568,0.0,1.1598359158248546,-0.09395495903692568,0.0
2.986,-0.8900727732159763,0.039538099241278025,0.09412432006957645,0.0,1.1604619007587205,-0.09412432006957645,0.0
2.988,-0.8900725421614528,0.03891491317891792,0.09429321105800642,0.0,1.1610850868210805,-0.09429321105800642,0.0
2.99,-0.8900723127535678,0.038294744084029164,0.09446159502966263,0.0,1.1617052559159693,-0.09446159502966263,0.0
2.992,-0.890072085433667,0.03767780358813046,0.09462943604999854,0.0,1.162322196411868,-0.09462943604999854,0.0
2.994,-0.8900718606021207,0.03706429697528814,0.09479669920515474,0.0,1.1629357030247103,-0.09479669920515474,0.0
2.996,-0.8900716386201454,0.03645442330242042,0.09496335058401721,0.0,1.163545576697578,-0.09496335058401721,0.0
2.998,-0.8900714198116678,0.03584837552237236,0.0951293572597427,0.0,1.164151624477626,-0.0951293572597427,0.0
3.0,-0.8900712044652163,0.03524634060925896,0.09529468727083461,0.0,1.1647536593907395,-0.09529468727083461,0.0
3.0020000000000002,-0.8900709928358228,0.0346484996856085,0.09545930960184752,0.0,1.16535150031439,-0.09545930960184752,0.0
3.004,-0.8900707851469172,0.034055028150871865,0.09562319416379311,0.0,1.1659449718491266,-0.09562319416379311,0.0
3.0060000000000002,-0.8900705815922059,0.03346609581089569,0.09578631177431494,0.0,1.1665339041891027,-0.09578631177431494,0.0
3.008,-0.8900703823375209,0.032881867007988154,0.09594863413769487,0.0,1.1671181329920104,-0.09594863413769487,0.0
3.0100000000000002,-0.8900701875226318,0.0323025007512354,0.09611013382474894,0.0,1.1676974992487632,-0.09611013382474894,0.0
3.012,-0.8900699972630097,0.03172815084675488,0.09627078425266616,0.0,1.1682718491532438,-0.09627078425266616,0.0
3.0140000000000002,-0.890069811651541,0.031158966027598205,0.09643055966483943,0.0,1.1688410339724005,-0.09643055966483943,0.0
3.016,-0.8900696307601823,0.030595090083041444,0.0965894351107334,0.0,1.1694049099169572,-0.0965894351107334,0.0
3.0180000000000002,-0.8900694546415543,0.030036661987024562,0.09674738642583068,0.0,1.1699633380129741,-0.09674738642583068,0.0
3.02,-0.8900692833304711,0.02948381602552415,0.09690439021169384,0.0,1.1705161839744747,-0.09690439021169384,0.0
3.0220000000000002,-0.8900691168454012,0.028936681922664735,0.09706042381617717,0.0,1.171063318077334,-0.09706042381617717,0.0
3.024,-0.8900689551898642,0.02839538496539374,0.0972154653138192,0.0,1.171604615034605,-0.0972154653138192,0.0
3.0260000000000002,-0.8900687983537516,0.027860046126563873,0.09736949348644351,0.0,1.1721399538734347,-0.09736949348644351,0.0
3.028,-0.8900686463145866,0.02733078218628395,0.09752248780399306,0.0,1.1726692178137146,-0.09752248780399306,0.0
3.0300000000000002,-0.8900684990387091,0.026807705851415523,0.09767442840561985,0.0,1.173192294148583,-0.09767442840561985,0.0
3.032,-0.8900683564823959,0.0262909258731077,0.09782529608105002,0.0,1.173709074126891,-0.09782529608105002,0.0
3.0340000000000003,-0.8900682185929151,0.02578054716227667,0.09797507225224146,0.0,1.1742194528377219,-0.09797507225224146,0.0
3.036,-0.8900680853095101,0.025276670902949345,0.09812373895534932,0.0,1.1747233290970491,-0.09812373895534932,0.0
3.0380000000000003,-0.890067956564329,0.02477939466340276,0.09827127882301258,0.0,1.1752206053365957,-0.09827127882301258,0.0
3.04,-0.8900678322832852,0.02428881250504182,0.09841767506697294,0.0,1.1757111874949566,-0.09841767506697294,0.0
3.0420000000000003,-0.8900677123868647,0.023805015088968394,0.0985629114610357,0.0,1.17619498491103,-0.0985629114610357,0.0
3.044,-0.8900675967908714,0.02332808978020407,0.09870697232438057,0.0,1.1766719102197944,-0.09870697232438057,0.0
3.0460000000000003,-0.890067485407123,0.02285812074953763,0.09884984250522899,0.0,1.1771418792504609,-0.09884984250522899,0.0
3.048,-0.8900673781440934,0.02239518907297612,0.09899150736487315,0.0,1.1776048109270223,-0.09899150736487315,0.0
3.0500000000000003,-0.8900672749075035,0.021939372828785723,0.0991319527620706,0.0,1.1780606271712126,-0.0991319527620706,0.0
3.052,-0.8900671756008683,0.021490747192115044,0.09927116503780731,0.0,1.1785092528078833,-0.09927116503780731,0.0
3.0540000000000003,-0.8900670801259996,0.021049384527199566,0.099409131000431,0.0,1.178950615472799,-0.099409131000431,0.0
3.056,-0.8900669883834643,0.02061535447715126,0.09954583791115557,0.0,1.1793846455228472,-0.09954583791115557,0.0
3.0580000000000003,-0.8900669002730054,0.02018872405134223,0.09968127346993663,0.0,1.179811275948656,-0.09968127346993663,0.0
3.06,-0.8900668156939242,0.01976955771039569,0.09981542580171739,0.0,1.1802304422896026,-0.09981542580171739,0.0
3.0620000000000003,-0.8900667345454302,0.01935791744880129,0.09994828344304345,0.0,1.180642082551197,-0.09994828344304345,0.0
3.064,-0.8900666567269558,0.018953862875175455,0.10007983532904455,0.0,1.1810461371248229,-0.10007983532904455,0.0
3.0660000000000003,-0.890066582138442,0.018557451290190263,0.10021007078078044,0.0,1.1814425487098081,-0.10021007078078044,0.0
3.068,-0.890066510680595,0.018168737762197174,0.10033897949294805,0.0,1.1818312622378013,-0.10033897949294805,0.0
3.0700000000000003,-0.8900664422551177,0.01778777520057423,0.10046655152194627,0.0,1.1822122247994242,-0.10046655152194627,0.0
3.072,-0.8900663767649127,0.017414614426827277,0.10059277727429444,0.0,1.1825853855731712,-0.10059277727429444,0.0
3.074,-0.8900663141142693,0.017049304243477593,0.10071764749540058,0.0,1.1829506957565208,-0.10071764749540058,0.0
3.076,-0.8900662542090229,0.016691891500769617,0.10084115325867442,0.0,1.1833081084992287,-0.10084115325867442,0.0
3.078,-0.8900661969566976,0.016342421161233734,0.100963285954981,0.0,1.1836575788387647,-0.100963285954981,0.0
3.08,-0.8900661422666339,0.016000936362140023,0.10108403728242953,0.0,1.1839990636378583,-0.10108403728242953,0.0
3.082,-0.890066090050094,0.01566747847587957,0.10120339923649269,0.0,1.1843325215241187,-0.10120339923649269,0.0
3.084,-0.890066040220355,0.015342087168310533,0.10132136410045096,0.0,1.1846579128316879,-0.10132136410045096,0.0
3.086,-0.8900659926927921,0.01502480045510651,0.10143792443615687,0.0,1.1849751995448918,-0.10143792443615687,0.0
3.088,-0.890065947384941,0.014715654756144959,0.10155307307511359,0.0,1.1852843452438533,-0.10155307307511359,0.0
3.09,-0.8900659042165573,0.014414684947973473,0.1016668031098626,0.0,1.1855853150520248,-0.1016668031098626,0.0
3.092,-0.8900658631096593,0.014121924414391642,0.1017791078856751,0.0,1.1858780755856067,-0.1017791078856751,0.0
3.094,-0.890065823988563,0.013837405095186049,0.10188998099254133,0.0,1.1861625949048122,-0.10188998099254133,0.0
3.096,-0.8900657867799137,0.013561157533055604,0.10199941625745299,0.0,1.1864388424669428,-0.10199941625745299,0.0
3.098,-0.8900657514127017,0.013293210918764032,0.10210740773697281,0.0,1.1867067890812344,-0.10210740773697281,0.0
3.1,-0.890065717818277,0.01303359313455583,0.10221394971008652,0.0,1.1869664068654426,-0.10221394971008652,0.0
3.102,-0.8900656859303568,0.012782330795871396,0.10231903667133142,0.0,1.187217669204127,-0.10231903667133142,0.0
3.104,-0.890065655685025,0.012539449291396425,0.10242266332419703,0.0,1.187460550708602,-0.10242266332419703,0.0
3.106,-0.8900656270207322,0.012304972821479881,0.10252482457479219,0.0,1.1876950271785185,-0.10252482457479219,0.0
3.108,-0.8900655998782865,0.012078924434954128,0.10262551552577413,0.0,1.1879210755650442,-0.10262551552577413,0.0
3.11,-0.8900655742008438,0.011861326064389933,0.1027247314705345,0.0,1.1881386739356083,-0.1027247314705345,0.0
3.112,-0.8900655499338939,0.011652198559818186,0.1028224678876376,0.0,1.18834780144018,-0.1028224678876376,0.0
3.114,-0.890065527025244,0.011451561720949254,0.1029187204355065,0.0,1.188548438279049,-0.1029187204355065,0.0
3.116,-0.8900655054250013,0.011259434327919931,0.10301348494735241,0.0,1.1887405656720784,-0.10301348494735241,0.0
3.118,-0.8900654850855519,0.01107583417059695,0.10310675742634327,0.0,1.1889241658294014,-0.10310675742634327,0.0
3.12,-0.8900654659615399,0.010900778076465003,0.10319853404100732,0.0,1.1890992219235335,-0.10319853404100732,0.0
3.122,-0.8900654480098459,0.010734281937126187,0.10328881112086766,0.0,1.1892657180628723,-0.10328881112086766,0.0
3.124,-0.8900654311895612,0.0105763607334367,0.10337758515230433,0.0,1.1894236392665618,-0.10337758515230433,0.0
3.126,-0.890065415461968,0.010427028559305551,0.10346485277463999,0.0,1.1895729714406929,-0.10346485277463999,0.0
3.128,-0.8900654007905112,0.010286298644178947,0.10355061077644595,0.0,1.1897137013558194,-0.10355061077644595,0.0
3.13,-0.8900653871407789,0.010154183374232904,0.10363485609206535,0.0,1.1898458166257655,-0.10363485609206535,0.0
3.132,-0.8900653744804758,0.010030694312295493,0.10371758579835025,0.0,1.189969305687703,-0.10371758579835025,0.0
3.134,-0.8900653627794031,0.009915842216519043,0.10379879711160996,0.0,1.1900841577834795,-0.10379879711160996,0.0
3.136,-0.8900653520094332,0.00980963705782142,0.10387848738476776,0.0,1.190190362942177,-0.10387848738476776,0.0
3.138,-0.8900653421444904,0.00971208803611442,0.10395665410472368,0.0,1.190287911963884,-0.10395665410472368,0.0
3.14,-0.8900653331605296,0.009623203595336105,0.1040332948899208,0.0,1.1903767964046623,-0.1040332948899208,0.0
3.142,-0.8900653250355162,0.009542991437302825,0.10410840748811316,0.0,1.1904570085626955,-0.10410840748811316,0.0
3.144,-0.8900653177494071,0.00947145853439542,0.10418198977433321,0.0,1.190528541465603,-0.10418198977433321,0.0
3.146,-0.8900653112841375,0.009408611141093036,0.10425403974905717,0.0,1.1905913888589055,-0.10425403974905717,0.0
3.148,-0.8900653056236013,0.009354454804366738,0.1043245555365667,0.0,1.1906455451956317,-0.1043245555365667,0.0
3.15,-0.8900653007536378,0.009308994372944024,0.10439353538350549,0.0,1.1906910056270543,-0.10439353538350549,0.0
3.152,-0.8900652966620185,0.009272234005454094,0.10446097765762981,0.0,1.1907277659945443,-0.10446097765762981,0.0
3.154,-0.8900652933384394,0.009244177177462645,0.10452688084675181,0.0,1.1907558228225357,-0.10452688084675181,0.0
3.156,-0.8900652907745062,0.00922482668740374,0.10459124355787508,0.0,1.1907751733125946,-0.10459124355787508,0.0
3.158,-0.8900652889637316,0.009214184661415176,0.10465406451652169,0.0,1.1907858153385833,-0.10465406451652169,0.0
3.16,-0.8900652879015267,0.009212252557082584,0.10471534256625065,0.0,1.1907877474429158,-0.10471534256625065,0.0
3.162,-0.8900652875851955,0.009219031166096332,0.10477507666836726,0.0,1.1907809688339022,-0.10477507666836726,0.0
3.164,-0.8900652880139364,0.009234520615824186,0.10483326590182389,0.0,1.1907654793841742,-0.10483326590182389,0.0
3.166,-0.8900652891888361,0.009258720369801436,0.10488990946331199,0.0,1.190741279630197,-0.10488990946331199,0.0
3.168,-0.8900652911128764,0.009291629227139117,0.10494500666754611,0.0,1.1907083707728594,-0.10494500666754611,0.0
3.17,-0.8900652937909317,0.009333245320849741,0.1049985569477405,0.0,1.1906667546791487,-0.1049985569477405,0.0
3.172,-0.8900652972297776,0.009383566115088799,0.10505055985627922,0.0,1.1906164338849097,-0.10505055985627922,0.0
3.174,-0.8900653014380953,0.009442588401309161,0.10510101506558069,0.0,1.1905574115986892,-0.10510101506558069,0.0
3.176,-0.8900653064264785,0.009510308293324301,0.10514992236915832,0.0,1.190489691706674,-0.10514992236915832,0.0
3.178,-0.8900653122074467,0.00958672122127513,0.10519728168287834,0.0,1.1904132787787232,-0.10519728168287834,0.0
3.18,-0.8900653187954514,0.009671821924494069,0.1052430930464168,0.0,1.1903281780755042,-0.1052430930464168,0.0
3.182,-0.8900653262068949,0.009765604443258812,0.10528735662491766,0.0,1.1902343955567394,-0.10528735662491766,0.0
3.184,-0.8900653344601402,0.009868062109427072,0.105330072710854,0.0,1.190131937890571,-0.105330072710854,0.0
3.186,-0.8900653435755279,0.009979187535942458,0.10537124172609481,0.0,1.1900208124640557,-0.10537124172609481,0.0
3.188,-0.8900653535753951,0.01009897260520045,0.10541086422417993,0.0,1.1899010273947976,-0.10541086422417993,0.0
3.19,-0.8900653644840921,0.010227408456262303,0.10544894089280585,0.0,1.1897725915437358,-0.10544894089280585,0.0
3.192,-0.8900653763280026,0.010364485470903509,0.10548547255652549,0.0,1.1896355145290947,-0.10548547255652549,0.0
3.194,-0.8900653891355651,0.010510193258482363,0.10552046017966511,0.0,1.1894898067415158,-0.10552046017966511,0.0
3.196,-0.8900654029372946,0.010664520639612962,0.1055539048694618,0.0,1.1893354793603852,-0.1055539048694618,0.0
3.198,-0.8900654177658025,0.010827455628625823,0.10558580787942522,0.0,1.1891725443713723,-0.10558580787942522,0.0
3.2,-0.8900654336558234,0.01099898541479822,0.10561617061292748,0.0,1.1890010145852,-0.10561617061292748,0.0
3.202,-0.8900654506442361,0.011179096342335115,0.10564499462702526,0.0,1.188820903657663,-0.10564499462702526,0.0
3.204,-0.8900654687700886,0.0113677738890805,0.10567228163651836,0.0,1.1886322261109175,-0.10567228163651836,0.0
3.206,-0.8900654880746202,0.01156500264393779,0.10569803351824943,0.0,1.1884349973560602,-0.10569803351824943,0.0
3.208,-0.8900655086012876,0.011770766282976826,0.10572225231564938,0.0,1.188229233717021,-0.10572225231564938,0.0
3.21,-0.8900655303957846,0.011985047544203922,0.10574494024353373,0.0,1.188014952455794,-0.10574494024353373,0.0
3.212,-0.8900655535060686,0.012207828200970317,0.10576609969315463,0.0,1.1877921717990276,-0.10576609969315463,0.0
3.214,-0.890065577982378,0.012439089033993309,0.10578573323751445,0.0,1.1875609109660046,-0.10578573323751445,0.0
3.216,-0.8900656038772531,0.012678809801963295,0.10580384363694613,0.0,1.1873211901980345,-0.10580384363694613,0.0
3.218,-0.890065631245556,0.012926969210708928,0.1058204338449663,0.0,1.187073030789289,-0.1058204338449663,0.0
3.22,-0.8900656601444835,0.013183544880891546,0.1058355070144071,0.0,1.1868164551191063,-0.1058355070144071,0.0
3.222,-0.890065690633583,0.013448513314199124,0.10584906650383291,0.0,1.1865514866857987,-0.10584906650383291,0.0
3.224,-0.8900657227747605,0.01372184985800897,0.10586111588424839,0.0,1.1862781501419888,-0.10586111588424839,0.0
3.226,-0.8900657566322894,0.01400352866848756,0.10587165894610442,0.0,1.18599647133151,-0.10587165894610442,0.0
3.228,-0.8900657922728084,0.01429352267209497,0.10588069970660871,0.0,1.1857064773279027,-0.10588069970660871,0.0
3.23,-0.8900658297653247,0.014591803525460599,0.10588824241734791,0.0,1.185408196474537,-0.10588824241734791,0.0
3.232,-0.8900658691812032,0.014898341573596086,0.10589429157222859,0.0,1.1851016584264016,-0.10589429157222859,0.0
3.234,-0.8900659105941519,0.015213105806410613,0.10589885191574394,0.0,1.184786894193587,-0.10589885191574394,0.0
3.236,-0.8900659540802017,0.015536063813493175,0.10590192845157405,0.0,1.1844639361865046,-0.10590192845157405,0.0
3.238,-0.8900659997176792,0.01586718173712582,0.10590352645152681,0.0,1.1841328182628719,-0.10590352645152681,0.0
3.24,-0.8900660475871667,0.01620642422349138,0.1059036514648276,0.0,1.1837935757765063,-0.1059036514648276,0.0
3.242,-0.8900660977714581,0.016553754372038827,0.10590230932776493,0.0,1.1834462456279589,-0.10590230932776493,0.0
3.244,-0.8900661503554994,0.016909133682969136,0.10589950617370046,0.0,1.1830908663170285,-0.10589950617370046,0.0
3.246,-0.8900662054263224,0.01727252200280429,0.10589524844345077,0.0,1.1827274779971935,-0.10589524844345077,0.0
3.248,-0.8900662630729612,0.017643877468002136,0.10588954289604913,0.0,1.1823561225319956,-0.10588954289604913,0.0
3.25,-0.890066323386358,0.01802315644657973,0.105882396619895,0.0,1.181976843553418,-0.105882396619895,0.0
3.2520000000000002,-0.8900663864592496,0.018410313477708225,0.10587381704429945,0.0,1.1815896865222895,-0.10587381704429945,0.0
3.254,-0.8900664523860445,0.018805301209242613,0.10586381195143404,0.0,1.1811946987907551,-0.10586381195143404,0.0
3.2560000000000002,-0.8900665212626737,0.0192080703331503,0.10585238948869131,0.0,1.1807919296668474,-0.10585238948869131,0.0
3.258,-0.8900665931864276,0.019618569518803263,0.1058395581814643,0.0,1.1803814304811944,-0.1058395581814643,0.0
3.2600000000000002,-0.8900666682557663,0.020036745344099504,0.10582532694635281,0.0,1.1799632546558982,-0.10582532694635281,0.0
3.262,-0.8900667465701162,0.02046254222438076,0.10580970510480377,0.0,1.179537457775617,-0.10580970510480377,0.0
3.2640000000000002,-0.8900668282296293,0.020895902339114952,0.10579270239719273,0.0,1.1791040976608829,-0.10579270239719273,0.0
3.266,-0.8900669133349264,0.021336765556313544,0.10577432899735333,0.0,1.1786632344436843,-0.10577432899735333,0.0
3.2680000000000002,-0.8900670019868048,0.021785069354656083,0.10575459552756131,0.0,1.1782149306453418,-0.10575459552756131,0.0
3.27,-0.8900670942859191,0.02224074874329657,0.105733513073979,0.0,1.1777592512567012,-0.105733513073979,0.0
3.2720000000000002,-0.8900671903324278,0.022703736179329047,0.10571109320256604,0.0,1.1772962638206688,-0.10571109320256604,0.0
3.274,-0.8900672902256042,0.023173961482892833,0.10568734797546113,0.0,1.176826038517105,-0.10568734797546113,0.0
3.2760000000000002,-0.8900673940634107,0.02365135174990148,0.10566228996783963,0.0,1.1763486482500964,-0.10566228996783963,0.0
3.278,-0.8900675019420322,0.024135831262383292,0.10563593228525037,0.0,1.1758641687376146,-0.10563593228525037,0.0
3.2800000000000002,-0.8900676139553673,0.024627321396425858,0.10560828858143478,0.0,1.175372678603572,-0.10560828858143478,0.0
3.282,-0.890067730194479,0.025125740527721797,0.10557937307663051,0.0,1.174874259472276,-0.10557937307663051,0.0
3.2840000000000003,-0.8900678507469896,0.025631003934718503,0.10554920057636029,0.0,1.1743689960652794,-0.10554920057636029,0.0
3.286,-0.8900679756964348,0.02614302369938063,0.10551778649070631,0.0,1.1738569763006172,-0.10551778649070631,0.0
3.2880000000000003,-0.8900681051215596,0.026661708605580745,0.10548514685406876,0.0,1.173338291394417,-0.10548514685406876,0.0
3.29,-0.8900682390955624,0.027186964035140856,0.10545129834540584,0.0,1.172813035964857,-0.10545129834540584,0.0
3.2920000000000003,-0.890068377685283,0.027718691861555567,0.10541625830895136,0.0,1.1722813081384422,-0.10541625830895136,0.0
3.294,-0.8900685209503263,0.028256790341436265,0.10538004477540408,0.0,1.1717432096585616,-0.10538004477540408,0.0
3.2960000000000003,-0.8900686689421312,0.02880115400372538,0.10534267648358145,0.0,1.1711988459962726,-0.10534267648358145,0.0
3.298,-0.8900688217029727,0.02935167353674001,0.10530417290252836,0.0,1.170648326463258,-0.10530417290252836,0.0
3.3000000000000003,-0.8900689792648966,0.02990823567311551,0.10526455425406932,0.0,1.1700917643268824,-0.10526455425406932,0.0
3.302,-0.8900691416485922,0.030470723072731756,0.10522384153579047,0.0,1.1695292769272663,-0.10522384153579047,0.0
3.3040000000000003,-0.8900693088621936,0.031039014203717942,0.10518205654443501,0.0,1.1689609857962802,-0.10518205654443501,0.0
3.306,-0.8900694809000139,0.031612983221645886,0.10513922189969334,0.0,1.168387016778352,-0.10513922189969334,0.0
3.3080000000000003,-0.8900696577412096,0.0321924998470371,0.10509536106836599,0.0,1.1678075001529609,-0.10509536106836599,0.0
3.31,-0.890069839348376,0.032777429241325116,0.10505049838887455,0.0,1.1672225707586728,-0.10505049838887455,0.0
3.3120000000000003,-0.8900700256660752,0.03336763188143212,0.10500465909609237,0.0,1.1666323681185657,-0.10500465909609237,0.0
3.314,-0.8900702166192969,0.03396296343313759,0.10495786934646333,0.0,1.1660370365668602,-0.10495786934646333,0.0
3.3160000000000003,-0.8900704121118559,0.03456327462343665,0.10491015624337305,0.0,1.1654367253765612,-0.10491015624337305,0.0
3.318,-0.8900706120247271,0.03516841111210692,0.10486154786273301,0.0,1.1648315888878908,-0.10486154786273301,0.0
3.3200000000000003,-0.8900708162143239,0.03577821336272534,0.10481207327873347,0.0,1.1642217866372724,-0.10481207327873347,0.0
3.322,-0.8900710245107265,0.03639251651340026,0.10476176258971688,0.0,1.1636074834865975,-0.10476176258971688,0.0
3.3240000000000003,-0.8900712367158641,0.03701115024750934,0.1047106469441181,0.0,1.1629888497524885,-0.1047106469441181,0.0
3.326,-0.8900714526016612,0.0376339386647605,0.10465875856641307,0.0,1.1623660613352373,-0.10465875856641307,0.0
3.3280000000000003,-0.8900716719081546,0.038260700152921136,0.10460613078301188,0.0,1.1617392998470768,-0.10460613078301188,0.0
3.33,-0.8900718943415988,0.03889124726059036,0.10455279804802636,0.0,1.1611087527394075,-0.10455279804802636,0.0
3.332,-0.8900721195725623,0.03952538657141981,0.10449879596883667,0.0,1.1604746134285782,-0.10449879596883667,0.0
3.334,-0.8900723472340418,0.04016291858022076,0.10444416133137473,0.0,1.1598370814197771,-0.10444416133137473,0.0
3.336,-0.8900725769196006,0.04080363757142885,0.10438893212503599,0.0,1.159196362428569,-0.10438893212503599,0.0
3.338,-0.8900728081815593,0.041447331500432574,0.104333147567124,0.0,1.1585526684995653,-0.104333147567124,0.0
3.34,-0.890073040529253,0.04209378187830755,0.10427684812672543,0.0,1.1579062181216904,-0.10427684812672543,0.0
3.342,-0.8900732734273835,0.042742763660535955,0.1042200755479055,0.0,1.157257236339462,-0.1042200755479055,0.0
3.344,-0.890073506294493,0.04339404514032849,0.10416287287210657,0.0,1.1566059548596694,-0.10416287287210657,0.0
3.346,-0.8900737385015839,0.044047387847205285,0.10410528445962469,0.0,1.1559526121527925,-0.10410528445962469,0.0
3.348,-0.8900739693709234,0.04470254645153196,0.10404735601003096,0.0,1.155297453548466,-0.10404735601003096,0.0
3.35,-0.8900741981750595,0.04535926867574722,0.10398913458139658,0.0,1.1546407313242506,-0.10398913458139658,0.0
3.352,-0.8900744241360925,0.04601729521305907,0.10393066860817239,0.0,1.1539827047869387,-0.10393066860817239,0.0
3.354,-0.8900746464252353,0.046676359654427166,0.10387200791756517,0.0,1.1533236403455704,-0.10387200791756517,0.0
3.356,-0.8900748641627083,0.04733618842468951,0.10381320374424517,0.0,1.152663811575308,-0.10381320374424517,0.0
3.358,-0.8900750764180111,0.04799650072873126,0.10375430874321093,0.0,1.1520034992712662,-0.10375430874321093,0.0
3.36,-0.8900752822106163,0.048657008508632686,0.10369537700062935,0.0,1.1513429914913649,-0.10369537700062935,0.0
3.362,-0.8900754805111344,0.04931741641277074,0.10363646404246164,0.0,1.1506825835872267,-0.10363646404246164,0.0
3.364,-0.8900756702429954,0.04997742177788484,0.1035776268406776,0.0,1.1500225782221127,-0.1035776268406776,0.0
3.366,-0.8900758502847002,0.050636714625151166,0.10351892381685403,0.0,1.1493632853748463,-0.10351892381685403,0.0
3.368,-0.8900760194726841,0.051294977671340634,0.10346041484294616,0.0,1.1487050223286568,-0.10346041484294616,0.0
3.37,-0.8900761766048492,0.051951886356163726,0.10340216123901508,0.0,1.1480481136438336,-0.10340216123901508,0.0
3.372,-0.8900763204448021,0.05260710888692893,0.10334422576768847,0.0,1.1473928911130684,-0.10334422576768847,0.0
3.374,-0.890076449726849,0.053260306301661016,0.10328667262512777,0.0,1.1467396936983363,-0.10328667262512777,0.0
3.376,-0.890076563161782,0.053911132551839366,0.10322956742827108,0.0,1.146088867448158,-0.10322956742827108,0.0
3.378,-0.890076659443495,0.0545592346059249,0.10317297719811855,0.0,1.1454407653940724,-0.10317297719811855,0.0
3.38,-0.890076737256458,0.055204252574845444,0.10311697033882605,0.0,1.1447957474251518,-0.10311697033882605,0.0
3.382,-0.8900767952840654,0.055845819860603774,0.10306161661237273,0.0,1.1441541801393935,-0.10306161661237273,0.0
3.384,-0.8900768322178793,0.05648356332915813,0.10300698710857001,0.0,1.1435164366708392,-0.10300698710857001,0.0
3.386,-0.8900768467677591,0.057117103508702194,0.10295315421018285,0.0,1.1428828964912952,-0.10295315421018285,0.0
3.388,-0.8900768376728756,0.05774605481443835,0.10290019155293949,0.0,1.142253945185559,-0.10290019155293949,0.0
3.39,-0.8900768037135773,0.05837002580089479,0.10284817398021313,0.0,1.1416299741991025,-0.10284817398021313,0.0
3.392,-0.8900767437240708,0.05898861944278203,0.10279717749216848,0.0,1.1410113805572153,-0.10279717749216848,0.0
3.394,-0.8900766566058611,0.059601433445317674,0.10274727918917799,0.0,1.1403985665546796,-0.10274727918917799,0.0
3.396,-0.8900765413418722,0.060208060584868515,0.10269855720932704,0.0,1.1397919394151288,-0.10269855720932704,0.0
3.398,-0.8900763970111542,0.06080808908066631,0.10265109065984378,0.0,1.139191910919331,-0.10265109065984378,0.0
3.4,-0.8900762228040637,0.06140110299824649,0.10260495954230965,0.0,1.1385988970017507,-0.10260495954230965,0.0
3.402,-0.8900760180377735,0.061986682685138274,0.10256024467152845,0.0,1.1380133173148588,-0.10256024467152845,0.0
3.404,-0.8900757821719657,0.0625644052391987,0.10251702758795747,0.0,1.1374355947607984,-0.10251702758795747,0.0
3.406,-0.8900755148245134,0.06313384500983299,0.10247539046363237,0.0,1.1368661549901642,-0.10247539046363237,0.0
3.408,-0.8900752157869612,0.06369457413217808,0.10243541600154873,0.0,1.1363054258678191,-0.10243541600154873,0.0
3.41,-0.8900748850395849,0.06424616309414709,0.1023971873284974,0.0,1.1357538369058502,-0.1023971873284974,0.0
3.412,-0.8900745227657749,0.06478818133603786,0.10236078788138755,0.0,1.1352118186639595,-0.10236078788138755,0.0
3.414,-0.8900741293655132,0.06532019788220199,0.10232630128713152,0.0,1.1346798021177953,-0.10232630128713152,0.0
3.416,-0.8900737054676586,0.06584178200405005,0.10229381123620758,0.0,1.1341582179959473,-0.10229381123620758,0.0
3.418,-0.8900732519407634,0.06635250391343728,0.10226340135006187,0.0,1.1336474960865601,-0.10226340135006187,0.0
3.42,-0.8900727699021547,0.06685193548523143,0.10223515504255773,0.0,1.133148064514766,-0.10223515504255773,0.0
3.422,-0.8900722607249798,0.06733965100761405,0.1022091553757296,0.0,1.1326603489923834,-0.1022091553757296,0.0
3.424,-0.8900717260429515,0.0678152279584083,0.10218548491014924,0.0,1.1321847720415892,-0.10218548491014924,0.0
3.426,-0.8900711677525257,0.0682782478054641,0.10216422555026373,0.0,1.1317217521945333,-0.10216422555026373,0.0
3.428,-0.8900705880122688,0.06872829682886648,0.10214545838511697,0.0,1.131271703171131,-0.10214545838511697,0.0
3.43,-0.890069989239179,0.06916496696246867,0.1021292635249192,0.0,1.1308350330375287,-0.1021292635249192,0.0
3.432,-0.8900693741018062,0.06958785665198942,0.10211571993398118,0.0,1.130412143348008,-0.10211571993398118,0.0
3.434,-0.8900687455099773,0.06999657172665952,0.10210490526058098,0.0,1.130003428273338,-0.10210490526058098,0.0
3.436,-0.8900681066010679,0.07039072628115584,0.10209689566438138,0.0,1.1296092737188417,-0.10209689566438138,0.0
3.438,-0.8900674607227405,0.0707699435643286,0.10209176564206296,0.0,1.129230056435669,-0.10209176564206296,0.0
3.44,-0.8900668114121671,0.07113385687101005,0.10208958785188318,0.0,1.1288661431289875,-0.10208958785188318,0.0
3.442,-0.8900661623718146,0.07148211043299552,0.10209043293791253,0.0,1.128517889567002,-0.10209043293791253,0.0
3.444,-0.8900655174419135,0.07181436030511323,0.10209436935473588,0.0,1.1281856396948844,-0.10209436935473588,0.0
3.446,-0.8900648805698335,0.07213027524215103,0.10210146319343917,0.0,1.1278697247578466,-0.10210146319343917,0.0
3.448,-0.8900642557766354,0.07242953756228926,0.10211177800972783,0.0,1.1275704624377083,-0.10211177800972783,0.0
3.45,-0.8900636471211263,0.07271184399260329,0.102125374655044,0.0,1.1272881560073942,-0.102125374655044,0.0
3.452,-0.8900630586618685,0.07297690649214733,0.10214231111156273,0.0,1.1270230935078502,-0.10214231111156273,0.0
3.454,-0.8900624944175547,0.07322445304811778,0.10216264233195414,0.0,1.1267755469518799,-0.10216264233195414,0.0
3.456,-0.8900619583263346,0.07345422844061981,0.10218642008479709,0.0,1.1265457715593779,-0.10218642008479709,0.0
3.458,-0.8900614542046117,0.0736659949716271,0.1022136928065209,0.0,1.1263340050283706,-0.1022136928065209,0.0
3.46,-0.8900609857059489,0.0738595331538325,0.10224450546073437,0.0,1.1261404668461652,-0.10224450546073437,0.0
3.462,-0.8900605562806903,0.07403464235523752,0.10227889940577568,0.0,1.1259653576447601,-0.10227889940577568,0.0
3.464,-0.8900601691369633,0.07419114139551998,0.10231691227128337,0.0,1.1258088586044777,-0.10231691227128337,0.0
3.466,-0.8900598272036694,0.0743288690904517,0.10235857784454604,0.0,1.125671130909546,-0.10235857784454604,0.0
3.468,-0.8900595330961153,0.07444768474091022,0.10240392596733935,0.0,1.1255523152590874,-0.10240392596733935,0.0
3.47,-0.890059289084847,0.07454746856333776,0.10245298244390094,0.0,1.12545253143666,-0.10245298244390094,0.0
3.472,-0.8900590970682662,0.07462812205884382,0.10250576896062975,0.0,1.125371877941154,-0.10250576896062975,0.0
3.474,-0.8900589585494747,0.07468956831852387,0.1025623030180257,0.0,1.125310431681474,-0.1025623030180257,0.0
3.476,-0.890058874617798,0.07473175226296785,0.10262259787530857,0.0,1.12526824773703,-0.10262259787530857,0.0
3.478,-0.8900588459353165,0.07475464081435877,0.1026866625080741,0.0,1.125245359185639,-0.1026866625080741,0.0
3.48,-0.8900588727286336,0.07475822300000498,0.10275450157925932,0.0,1.125241776999993,-0.10275450157925932,0.0
3.482,-0.8900589547860651,0.07474250998660761,0.10282611542360125,0.0,1.1252574900133903,-0.10282611542360125,0.0
3.484,-0.8900590914602676,0.07470753504502989,0.10290150004568173,0.0,1.125292464954968,-0.10290150004568173,0.0
3.486,-0.8900592816762781,0.07465335344580351,0.10298064713156051,0.0,1.1253466465541944,-0.10298064713156051,0.0
3.488,-0.8900595239448198,0.07458004228607293,0.10306354407390642,0.0,1.125419957713925,-0.10306354407390642,0.0
3.49,-0.8900598163806078,0.07448770024913548,0.10315017401044674,0.0,1.1255122997508624,-0.10315017401044674,0.0
3.492,-0.8900601567253469,0.07437644729817978,0.10324051587546638,0.0,1.1256235527018181,-0.10324051587546638,0.0
3.494,-0.8900605423749862,0.07424642430625014,0.10333454446400364,0.0,1.1257535756937478,-0.10333454446400364,0.0
3.496,-0.8900609704107606,0.07409779262486733,0.10343223050830841,0.0,1.1259022073751306,-0.10343223050830841,0.0
3.498,-0.8900614376334657,0.07393073359411112,0.10353354076605309,0.0,1.126069266405887,-0.10353354076605309,0.0
3.5,-0.8900619406003741,0.0737454479973138,0.10363843811971603,0.0,1.1262545520026843,-0.10363843811971603,0.0
3.5020000000000002,-0.8900624756641915,0.0735421554638231,0.10374688168649412,0.0,1.126457844536175,-0.10374688168649412,0.0
3.504,-0.8900630390133887,0.07332109382356501,0.10385882693804452,0.0,1.126678906176433,-0.10385882693804452,0.0
3.5060000000000002,-0.8900636267132875,0.0730825184173695,0.10397422582930631,0.0,1.1269174815826286,-0.10397422582930631,0.0
3.508,-0.8900642347472616,0.07282670136721382,0.10409302693561209,0.0,1.1271732986327843,-0.10409302693561209,0.0
3.5100000000000002,-0.8900648590574523,0.07255393081068807,0.10421517559726601,0.0,1.12744606918931,-0.10421517559726601,0.0
3.512,-0.8900654955844216,0.07226451010409542,0.10434061407074013,0.0,1.1277354898959027,-0.10434061407074013,0.0
3.5140000000000002,-0.8900661403052212,0.07195875699866587,0.10446928168562415,0.0,1.1280412430013322,-0.10446928168562415,0.0
3.516,-0.8900667892694027,0.07163700279438773,0.10460111500645454,0.0,1.1283629972056104,-0.10460111500645454,0.0
3.5180000000000002,-0.8900674386325635,0.07129959147594699,0.10473604799854852,0.0,1.128700408524051,-0.10473604799854852,0.0
3.52,-0.8900680846870719,0.07094687883521388,0.10487401219697452,0.0,1.1290531211647843,-0.10487401219697452,0.0
3.5220000000000002,-0.8900687238897044,0.07057923158462895,0.10501493687780408,0.0,1.1294207684153692,-0.10501493687780408,0.0
3.524,-0.8900693528859798,0.07019702646572253,0.1051587492308106,0.0,1.1298029735342756,-0.1051587492308106,0.0
3.5260000000000002,-0.8900699685310527,0.06980064935685278,0.10530537453280589,0.0,1.1301993506431454,-0.10530537453280589,0.0
3.528,-0.8900705679070944,0.06939049438407303,0.10545473632083713,0.0,1.130609505615925,-0.10545473632083713,0.0
3.5300000000000002,-0.8900711483371486,0.06896696303884114,0.10560675656450277,0.0,1.131033036961157,-0.10560675656450277,0.0
3.532,-0.8900717073955088,0.06853046330606655,0.10576135583668629,0.0,1.1314695366939316,-0.10576135583668629,0.0
3.5340000000000003,-0.8900722429147269,0.06808140880575696,0.10591845348205028,0.0,1.131918591194241,-0.10591845348205028,0.0
3.536,-0.8900727529893867,0.06762021795128074,0.10607796778267979,0.0,1.1323797820487174,-0.10607796778267979,0.0
3.5380000000000003,-0.8900732359768435,0.06714731312700521,0.10623981612031236,0.0,1.132852686872993,-0.10623981612031236,0.0
3.54,-0.8900736904951343,0.06666311988780943,0.10640391513464219,0.0,1.1333368801121886,-0.10640391513464219,0.0
3.5420000000000003,-0.8900741154183196,0.06616806618270538,0.10657018087723687,0.0,1.1338319338172926,-0.10657018087723687,0.0
3.544,-0.8900745098695062,0.06566258160453593,0.10673852896065619,0.0,1.134337418395462,-0.10673852896065619,0.0
3.5460000000000003,-0.8900748732118385,0.06514709666745563,0.10690887470241363,0.0,1.1348529033325423,-0.10690887470241363,0.0
3.548,-0.8900752050377294,0.06462204211364199,0.10708113326347132,0.0,1.1353779578863559,-0.10708113326347132,0.0
3.5500000000000003,-0.8900755051566226,0.06408784825043409,0.10725521978100867,0.0,1.1359121517495638,-0.10725521978100867,0.0
3.552,-0.8900757735815553,0.0635449443188528,0.10743104949525213,0.0,1.1364550556811452,-0.10743104949525213,0.0
3.5540000000000003,-0.8900760105147939,0.06299375789422479,0.10760853787019983,0.0,1.1370062421057732,-0.10760853787019983,0.0
3.556,-0.8900762163328015,0.0624347143194124,0.10778760070811812,0.0,1.1375652856805856,-0.10778760070811812,0.0
3.5580000000000003,-0.8900763915707633,0.06186823617094354,0.10796815425772865,0.0,1.1381317638290545,-0.10796815425772865,0.0
3.56,-0.8900765369069077,0.061294742758141986,0.10815011531604346,0.0,1.1387052572418561,-0.10815011531604346,0.0
3.5620000000000003,-0.8900766531468153,0.060714649655178574,0.10833340132384124,0.0,1.1392853503448195,-0.10833340132384124,0.0
3.564,-0.8900767412078933,0.060128368265798475,0.10851793045481205,0.0,1.1398716317341995,-0.10851793045481205,0.0
3.5660000000000003,-0.8900768021041889,0.05953630542032937,0.10870362169842762,0.0,1.1404636945796687,-0.10870362169842762,0.0
3.568,-0.8900768369316574,0.058938863004439526,0.10889039493662263,0.0,1.1410611369955586,-0.10889039493662263,0.0
3.5700000000000003,-0.8900768468540244,0.0583364376189937,0.10907817101439676,0.0,1.1416635623810043,-0.10907817101439676,0.0
3.572,-0.8900768330893196,0.057729420270247994,0.10926687180447002,0.0,1.14227057972975,-0.10926687180447002,0.0
3.5740000000000003,-0.8900767968971693,0.05711819608953175,0.10945642026614268,0.0,1.1428818039104662,-0.10945642026614268,0.0
3.576,-0.8900767395669011,0.056503144081485206,0.1096467404985285,0.0,1.1434968559185128,-0.1096467404985285,0.0
3.5780000000000003,-0.8900766624065009,0.05588463689985448,0.1098377577883439,0.0,1.1441153631001435,-0.1098377577883439,0.0
3.58,-0.8900765667324533,0.05526304064979106,0.1100293986524476,0.0,1.144736959350207,-0.1100293986524476,0.0
3.5820000000000003,-0.8900764538604679,0.05463871471555932,0.11022159087533538,0.0,1.1453612852844388,-0.11022159087533538,0.0
3.584,-0.8900763250970996,0.05401201161252277,0.1104142635418016,0.0,1.1459879883874753,-0.1104142635418016,0.0
3.586,-0.8900761817322452,0.053383276862256905,0.11060734706498514,0.0,1.146616723137741,-0.11060734706498514,0.0
3.588,-0.8900760250325004,0.052752848889622374,0.11080077321002099,0.0,1.1472471511103757,-0.11080077321002099,0.0
3.59,-0.8900758562353429,0.05212105894062633,0.11099447511352108,0.0,1.1478789410593717,-0.11099447511352108,0.0
3.592,-0.8900756765441142,0.05148823101990174,0.11118838729910825,0.0,1.1485117689800963,-0.11118838729910825,0.0
3.594,-0.8900754871237533,0.05085468184664236,0.11138244568922687,0.0,1.1491453181533557,-0.11138244568922687,0.0
3.596,-0.8900752890972436,0.05022072082784565,0.11157658761345145,0.0,1.1497792791721524,-0.11157658761345145,0.0
3.598,-0.8900750835427269,0.049586650047735124,0.11177075181351165,0.0,1.1504133499522629,-0.11177075181351165,0.0
3.6,-0.8900748714912308,0.04895276427225769,0.11196487844524809,0.0,1.1510472357277404,-0.11196487844524809,0.0
3.602,-0.8900746539249698,0.04831935096757936,0.11215890907770867,0.0,1.1516806490324187,-0.11215890907770867,0.0
3.604,-0.890074431776163,0.047686690331533874,0.1123527866895895,0.0,1.1523133096684641,-0.1123527866895895,0.0
3.606,-0.8900742059263252,0.047055055337012625,0.1125464556632185,0.0,1.1529449446629854,-0.1125464556632185,0.0
3.608,-0.8900739772059814,0.04642471178632037,0.11273986177627332,0.0,1.1535752882136776,-0.11273986177627332,0.0
3.61,-0.89007374639476,0.045795918375558985,0.1129329521914181,0.0,1.154204081624439,-0.1129329521914181,0.0
3.612,-0.8900735142218211,0.04516892676814063,0.1131256754440364,0.0,1.1548310732318574,-0.1131256754440364,0.0
3.614,-0.8900732813665777,0.04454398167657168,0.11331798142823023,0.0,1.1554560183234264,-0.11331798142823023,0.0
3.616,-0.8900730484596686,0.043921320951689186,0.11350982138124749,0.0,1.1560786790483089,-0.11350982138124749,0.0
3.618,-0.8900728160841509,0.043301175678572605,0.1137011478664923,0.0,1.1566988243214253,-0.1137011478664923,0.0
3.62,-0.8900725847768707,0.0426837702783939,0.11389191475526513,0.0,1.157316229721604,-0.11389191475526513,0.0
3.622,-0.8900723550299872,0.0420693226155097,0.11408207720737193,0.0,1.1579306773844882,-0.11408207720737193,0.0
3.624,-0.8900721272926168,0.04145804410913889,0.11427159165073375,0.0,1.158541955890859,-0.11427159165073375,0.0
3.626,-0.8900719019725716,0.0408501398490082,0.11446041576012081,0.0,1.1591498601509898,-0.11446041576012081,0.0
3.628,-0.8900716794381688,0.040245808714386426,0.11464850843512782,0.0,1.1597541912856115,-0.11464850843512782,0.0
3.63,-0.8900714600200887,0.03964524349596535,0.11483582977749986,0.0,1.1603547565040326,-0.11483582977749986,0.0
3.632,-0.8900712440132627,0.03904863102008122,0.11502234106791132,0.0,1.1609513689799167,-0.11502234106791132,0.0
3.634,-0.8900710316787724,0.038456152274805804,0.11520800474229355,0.0,1.161543847725192,-0.11520800474229355,0.0
3.636,-0.8900708232457499,0.03786798253746936,0.11539278436780039,0.0,1.1621320174625285,-0.11539278436780039,0.0
3.638,-0.8900706189132577,0.037284291503210346,0.11557664461849418,0.0,1.1627157084967874,-0.11557664461849418,0.0
3.64,-0.890070418852144,0.03670524341417735,0.11575955125082923,0.0,1.1632947565858205,-0.11575955125082923,0.0
3.642,-0.8900702232068638,0.03613099718903842,0.11594147107900352,0.0,1.1638690028109595,-0.11594147107900352,0.0
3.644,-0.8900700320972506,0.035561706552480844,0.11612237195024397,0.0,1.164438293447517,-0.11612237195024397,0.0
3.646,-0.8900698456202399,0.03499752016441127,0.11630222272008568,0.0,1.1650024798355867,-0.11630222272008568,0.0
3.648,-0.8900696638515371,0.03443858174859128,0.11648099322769992,0.0,1.1655614182514067,-0.11648099322769992,0.0
3.65,-0.8900694868472211,0.03388503022046747,0.11665865427132137,0.0,1.1661149697795306,-0.11665865427132137,0.0
3.652,-0.8900693146452866,0.033336999813977454,0.11683517758382062,0.0,1.1666630001860205,-0.11683517758382062,0.0
3.654,-0.8900691472671177,0.03279462020713484,0.11701053580846327,0.0,1.1672053797928632,-0.11701053580846327,0.0
3.656,-0.890068984718896,0.03225801664621571,0.11718470247489361,0.0,1.1677419833537823,-0.11718470247489361,0.0
3.658,-0.8900688269929364,0.03172731006838819,0.11735765197537648,0.0,1.1682726899316098,-0.11735765197537648,0.0
3.66,-0.8900686740689587,0.03120261722264401,0.11752935954132789,0.0,1.168797382777354,-0.11752935954132789,0.0
3.662,-0.8900685259152831,0.0306840507889073,0.11769980122016144,0.0,1.1693159492110905,-0.11769980122016144,0.0
3.664,-0.8900683824899668,0.03017171949521117,0.11786895385247456,0.0,1.1698282805047866,-0.11786895385247456,0.0
3.666,-0.8900682437418659,0.02966572823284663,0.1180367950495957,0.0,1.1703342717671512,-0.1180367950495957,0.0
3.668,-0.890068109611638,0.02916617816940167,0.11820330317151098,0.0,1.1708338218305963,-0.11820330317151098,0.0
3.67,-0.8900679800326754,0.02867316685962037,0.1183684573051864,0.0,1.1713268331403774,-0.1183684573051864,0.0
3.672,-0.8900678549319823,0.02818678835402318,0.11853223724329925,0.0,1.1718132116459747,-0.11853223724329925,0.0
3.674,-0.8900677342309902,0.027707133305239842,0.11869462346339034,0.0,1.172292866694758,-0.11869462346339034,0.0
3.676,-0.8900676178463148,0.027234289072015975,0.11885559710744674,0.0,1.1727657109279819,-0.11885559710744674,0.0
3.678,-0.8900675056904608,0.026768339820863015,0.11901513996192296,0.0,1.1732316601791348,-0.11901513996192296,0.0
3.68,-0.8900673976724751,0.026309366625329268,0.1191732344382066,0.0,1.1736906333746686,-0.1191732344382066,0.0
3.682,-0.8900672936985444,0.025857447562877042,0.11932986355353334,0.0,1.1741425524371207,-0.11932986355353334,0.0
3.684,-0.890067193672553,0.025412657809357544,0.11948501091235456,0.0,1.1745873421906403,-0.11948501091235456,0.0
3.686,-0.8900670974965917,0.024975069731081222,0.11963866068815952,0.0,1.1750249302689166,-0.11963866068815952,0.0
3.688,-0.8900670050714243,0.02454475297448662,0.11979079760575323,0.0,1.1754552470255113,-0.11979079760575323,0.0
3.69,-0.8900669162969166,0.024121774553415846,0.11994140692398966,0.0,1.175878225446582,-0.11994140692398966,0.0
3.692,-0.8900668310724241,0.023706198934009045,0.12009047441895944,0.0,1.176293801065989,-0.12009047441895944,0.0
3.694,-0.8900667492971489,0.023298088117234248,0.12023798636762997,0.0,1.1767019118827637,-0.12023798636762997,0.0
3.696,-0.8900666708704599,0.022897501719072504,0.12038392953193552,0.0,1.1771024982809255,-0.12038392953193552,0.0
3.698,-0.8900665956921837,0.022504497048381242,0.12052829114331372,0.0,1.1774955029516168,-0.12052829114331372,0.0
3.7,-0.8900665236628674,0.022119129182461554,0.1206710588876848,0.0,1.1778808708175363,-0.1206710588876848,0.0
3.702,-0.8900664546840118,0.02174145104035746,0.120812220890869,0.0,1.1782585489596404,-0.120812220890869,0.0
3.704,-0.8900663886582844,0.021371513453917256,0.1209517657044373,0.0,1.1786284865460805,-0.1209517657044373,0.0
3.706,-0.8900663254897048,0.02100936523664883,0.1210896822919902,0.0,1.178990634763349,-0.1210896822919902,0.0
3.708,-0.8900662650838114,0.02065505325040222,0.1212259600158589,0.0,1.1793449467495956,-0.1212259600158589,0.0
3.71,-0.8900662073478067,0.020308622469914,0.12136058862422311,0.0,1.1796913775300837,-0.12136058862422311,0.0
3.712,-0.8900661521906856,0.019970116045249037,0.12149355823863905,0.0,1.1800298839547487,-0.12149355823863905,0.0
3.714,-0.8900660995233477,0.0196395753621759,0.12162485934197173,0.0,1.1803604246378219,-0.12162485934197173,0.0
3.716,-0.8900660492586918,0.019317040100512817,0.12175448276672463,0.0,1.180682959899485,-0.12175448276672463,0.0
3.718,-0.8900660013116994,0.019002548290481463,0.12188241968376039,0.0,1.1809974517095163,-0.12188241968376039,0.0
3.72,-0.8900659555995024,0.018696136367106094,0.12200866159140582,0.0,1.1813038636328916,-0.12200866159140582,0.0
3.722,-0.8900659120414416,0.018397839222695618,0.12213320030493445,0.0,1.1816021607773022,-0.12213320030493445,0.0
3.724,-0.8900658705591141,0.01810769025744615,0.12225602794641983,0.0,1.1818923097425516,-0.12225602794641983,0.0
3.726,-0.8900658310764091,0.017825721428201404,0.12237713693495303,0.0,1.1821742785717964,-0.12237713693495303,0.0
3.728,-0.8900657935195392,0.01755196329540802,0.1224965199772173,0.0,1.1824480367045898,-0.1224965199772173,0.0
3.73,-0.8900657578170599,0.017286445068302483,0.12261417005841366,0.0,1.1827135549316954,-0.12261417005841366,0.0
3.732,-0.890065723899884,0.01702919464836584,0.12273008043353034,0.0,1.1829708053516321,-0.12273008043353034,0.0
3.734,-0.8900656917012904,0.016780238671081856,0.1228442446189501,0.0,1.1832197613289162,-0.1228442446189501,0.0
3.736,-0.8900656611569266,0.01653960254603358,0.12295665638438857,0.0,1.1834603974539644,-0.12295665638438857,0.0
3.738,-0.8900656322048053,0.01630731049537262,0.12306730974515766,0.0,1.1836926895046254,-0.12306730974515766,0.0
3.74,-0.8900656047852988,0.01608338559069463,0.12317619895474773,0.0,1.1839166144093034,-0.12317619895474773,0.0
3.742,-0.8900655788411309,0.0158678497883537,0.1232833184977227,0.0,1.1841321502116444,-0.1232833184977227,0.0
3.744,-0.8900655543173603,0.01566072396324748,0.1233886630829221,0.0,1.1843392760367506,-0.1233886630829221,0.0
3.746,-0.890065531161367,0.015462027941103936,0.12349222763696446,0.0,1.1845379720588942,-0.12349222763696446,0.0
3.748,-0.8900655093228341,0.015271780529299738,0.12359400729804673,0.0,1.1847282194706985,-0.12359400729804673,0.0
3.75,-0.8900654887537292,0.015089999546239215,0.12369399741003406,0.0,1.184910000453759,-0.12369399741003406,0.0
3.7520000000000002,-0.8900654694082796,0.014916701849321895,0.12379219351683528,0.0,1.1850832981506763,-0.12379219351683528,0.0
3.754,-0.8900654512429536,0.01475190336152556,0.12388859135705878,0.0,1.1852480966384726,-0.12388859135705878,0.0
3.7560000000000002,-0.8900654342164365,0.0145956190966307,0.12398318685894436,0.0,1.1854043809033674,-0.12398318685894436,0.0
3.758,-0.8900654182896058,0.014447863183111202,0.12407597613556641,0.0,1.1855521368168869,-0.12407597613556641,0.0
3.7600000000000002,-0.890065403425509,0.01430864888671496,0.12416695548030415,0.0,1.1856913511132832,-0.12416695548030415,0.0
3.762,-0.8900653895893397,0.014177988631757097,0.12425612136257497,0.0,1.185822011368241,-0.12425612136257497,0.0
3.7640000000000002,-0.8900653767484131,0.014055894021147236,0.12434347042382676,0.0,1.185944105978851,-0.12434347042382676,0.0
3.766,-0.890065364872145,0.013942375855171272,0.12442899947378602,0.0,1.1860576241448268,-0.12442899947378602,0.0
3.7680000000000002,-0.8900653539320251,0.013837444149046856,0.12451270548695789,0.0,1.1861625558509512,-0.12451270548695789,0.0
3.77,-0.8900653439016005,0.013741108149270742,0.12459458559937524,0.0,1.1862588918507273,-0.12459458559937524,0.0
3.7720000000000002,-0.8900653347564522,0.013653376348774955,0.12467463710559377,0.0,1.186346623651223,-0.12467463710559377,0.0
3.774,-0.8900653264741747,0.01357425650090763,0.12475285745593043,0.0,1.1864257434990904,-0.12475285745593043,0.0
3.7760000000000002,-0.8900653190343591,0.013503755632253173,0.12482924425394254,0.0,1.186496244367745,-0.12482924425394254,0.0
3.778,-0.8900653124185752,0.013441880054305315,0.12490379525414569,0.0,1.1865581199456927,-0.12490379525414569,0.0
3.7800000000000002,-0.8900653066103558,0.013388635374005397,0.12497650835996801,0.0,1.1866113646259926,-0.12497650835996801,0.0
3.782,-0.8900653015951808,0.013344026503157132,0.12504738162193935,0.0,1.186655973496841,-0.12504738162193935,0.0
3.7840000000000003,-0.8900652973604671,0.013308057666727898,0.1251164132361136,0.0,1.1866919423332702,-0.1251164132361136,0.0
3.786,-0.8900652938955538,0.013280732410045475,0.1251836015427232,0.0,1.1867192675899527,-0.1251836015427232,0.0
3.7880000000000003,-0.8900652911916956,0.013262053604897985,0.12524894502506417,0.0,1.1867379463951002,-0.12524894502506417,0.0
3.79,-0.8900652892420531,0.013252023454543627,0.12531244230861166,0.0,1.1867479765454545,-0.12531244230861166,0.0
3.7920000000000003,-0.8900652880416845,0.013250643497635642,0.1253740921603647,0.0,1.1867493565023626,-0.1253740921603647,0.0
3.794,-0.890065287587546,0.013257914611066826,0.1254338934884202,0.0,1.1867420853889314,-0.1254338934884202,0.0
3.7960000000000003,-0.8900652878784855,0.013273837011736678,0.1254918453417763,0.0,1.1867261629882615,-0.1254918453417763,0.0
3.798,-0.89006528891524,0.013298410257243197,0.12554794691036444,0.0,1.186701589742755,-0.12554794691036444,0.0
3.8000000000000003,-0.8900652907004415,0.013331633245500137,0.12560219752531177,0.0,1.1866683667544982,-0.12560219752531177,0.0
3.802,-0.8900652932386135,0.013373504213279375,0.12565459665943327,0.0,1.186626495786719,-0.12565459665943327,0.0
3.8040000000000003,-0.8900652965361797,0.01342402073367694,0.12570514392795554,0.0,1.1865759792663213,-0.12570514392795554,0.0
3.806,-0.8900653006014682,0.01348317971250002,0.12575383908947263,0.0,1.1865168202874983,-0.12575383908947263,0.0
3.8080000000000003,-0.8900653054447185,0.013550977383571184,0.12580068204713582,0.0,1.186449022616427,-0.12580068204713582,0.0
3.81,-0.8900653110780932,0.01362740930294486,0.12584567285007878,0.0,1.1863725906970535,-0.12584567285007878,0.0
3.8120000000000003,-0.8900653175156858,0.013712470342029966,0.12588881169507993,0.0,1.1862875296579685,-0.12588881169507993,0.0
3.814,-0.8900653247735372,0.013806154679611443,0.12593009892846446,0.0,1.186193845320387,-0.12593009892846446,0.0
3.8160000000000003,-0.8900653328696457,0.013908455792762274,0.12596953504824798,0.0,1.1860915442072362,-0.12596953504824798,0.0
3.818,-0.8900653418239856,0.014019366446636435,0.12600712070652492,0.0,1.185980633553362,-0.12600712070652492,0.0
3.8200000000000003,-0.8900653516585236,0.014138878683132058,0.12604285671210416,0.0,1.1858611213168664,-0.12604285671210416,0.0
3.822,-0.8900653623972353,0.014266983808412957,0.12607674403339544,0.0,1.1857330161915856,-0.12607674403339544,0.0
3.8240000000000003,-0.8900653740661286,0.014403672379275473,0.12610878380154972,0.0,1.185596327620723,-0.12610878380154972,0.0
3.826,-0.890065386693259,0.01454893418834651,0.1261389773138572,0.0,1.1854510658116522,-0.1261389773138572,0.0
3.8280000000000003,-0.8900654003087558,0.014702758248097433,0.1261673260374072,0.0,1.1852972417519012,-0.1261673260374072,0.0
3.83,-0.8900654149448414,0.014865132773657388,0.12619383161301367,0.0,1.1851348672263413,-0.12619383161301367,0.0
3.8320000000000003,-0.8900654306358569,0.015036045164408457,0.12621849585941108,0.0,1.1849639548355901,-0.12621849585941108,0.0
3.834,-0.8900654474182815,0.015215481984343932,0.1262413207777254,0.0,1.1847845180156547,-0.1262413207777254,0.0
3.8360000000000003,-0.8900654653307607,0.015403428941169861,0.12626230855622506,0.0,1.1845965710588287,-0.12626230855622506,0.0
3.838,-0.8900654844141271,0.015599870864128907,0.12628146157535702,0.0,1.1844001291358697,-0.12628146157535702,0.0
3.84,-0.8900655047114244,0.01580479168052445,0.12629878241307368,0.0,1.1841952083194742,-0.12629878241307368,0.0
3.842,-0.890065526267934,0.016018174390921763,0.12631427385045615,0.0,1.1839818256090768,-0.12631427385045615,0.0
3.844,-0.8900655491311893,0.016240001043002012,0.12632793887764,0.0,1.1837599989569967,-0.12632793887764,0.0
3.846,-0.8900655733510079,0.01647025270404377,0.12633978070004953,0.0,1.183529747295955,-0.12633978070004953,0.0
3.848,-0.8900655989795024,0.016708909432005654,0.1263498027449475,0.0,1.183291090567993,-0.1263498027449475,0.0
3.85,-0.8900656260711044,0.016955950245182722,0.1263580086683064,0.0,1.1830440497548158,-0.1263580086683064,0.0
3.852,-0.8900656546825775,0.017211353090408194,0.12636440236200872,0.0,1.1827886469095903,-0.12636440236200872,0.0
3.854,-0.8900656848730337,0.01747509480977114,0.1263689879613833,0.0,1.1825249051902273,-0.1263689879613833,0.0
3.856,-0.890065716703943,0.01774715110581981,0.12637176985308504,0.0,1.1822528488941786,-0.12637176985308504,0.0
3.858,-0.8900657502391387,0.01802749650521937,0.12637275268332587,0.0,1.181972503494779,-0.12637275268332587,0.0
3.86,-0.8900657855448241,0.018316104320831954,0.1263719413664646,0.0,1.1816838956791664,-0.1263719413664646,0.0
3.862,-0.8900658226895682,0.01861294661218611,0.1263693410939638,0.0,1.1813870533878124,-0.1263693410939638,0.0
3.864,-0.8900658617443008,0.01891799414430195,0.12636495734372208,0.0,1.1810820058556966,-0.12636495734372208,0.0
3.866,-0.8900659027822986,0.01923121634483763,0.12635879588979007,0.0,1.1807687836551608,-0.12635879588979007,0.0
3.868,-0.8900659458791642,0.01955258125952208,0.12635086281247873,0.0,1.1804474187404763,-0.12635086281247873,0.0
3.87,-0.8900659911128017,0.019882055505838415,0.1263411645088688,0.0,1.18011794449416,-0.1263411645088688,0.0
3.872,-0.8900660385633806,0.0202196042249219,0.12632970770373017,0.0,1.1797803957750765,-0.12632970770373017,0.0
3.874,-0.8900660883132894,0.020565191031635958,0.12631649946086054,0.0,1.1794348089683624,-0.12631649946086054,0.0
3.876,-0.8900661404470808,0.02091877796278946,0.12630154719485182,0.0,1.1790812220372089,-0.12630154719485182,0.0
3.878,-0.8900661950514068,0.021280325423458247,0.1262848586832941,0.0,1.17871967457654,-0.1262848586832941,0.0
3.88,-0.8900662522149385,0.021649792131373864,0.12626644207942606,0.0,1.1783502078686243,-0.12626644207942606,0.0
3.882,-0.8900663120282711,0.022027135059342492,0.1262463059252413,0.0,1.1779728649406558,-0.1262463059252413,0.0
3.884,-0.8900663745838211,0.022412309375657274,0.12622445916505937,0.0,1.177587690624341,-0.12622445916505937,0.0
3.886,-0.8900664399756977,0.02280526838246766,0.12620091115957127,0.0,1.1771947316175306,-0.12620091115957127,0.0
3.888,-0.8900665082995617,0.023205963452069846,0.1261756717003681,0.0,1.1767940365479284,-0.1261756717003681,0.0
3.89,-0.8900665796524647,0.023614343961083247,0.12614875102496198,0.0,1.176385656038915,-0.12614875102496198,0.0
3.892,-0.890066654132668,0.024030357222478742,0.1261201598323079,0.0,1.1759696427775195,-0.1261201598323079,0.0
3.894,-0.8900667318394343,0.02445394841542577,0.12608990929883532,0.0,1.1755460515845724,-0.12608990929883532,0.0
3.896,-0.8900668128728007,0.02488506051292664,0.12605801109499748,0.0,1.1751149394870715,-0.12605801109499748,0.0
3.898,-0.8900668973333221,0.025323634207208203,0.12602447740234654,0.0,1.17467636579279,-0.12602447740234654,0.0
3.9,-0.8900669853217863,0.025769607832843003,0.12598932093114212,0.0,1.174230392167155,-0.12598932093114212,0.0
3.902,-0.8900670769389001,0.02622291728757428,0.12595255493850008,0.0,1.1737770827124239,-0.12595255493850008,0.0
3.904,-0.8900671722849427,0.026683495950821905,0.12591419324708825,0.0,1.1733165040491762,-0.12591419324708825,0.0
3.906,-0.8900672714593807,0.027151274599849336,0.12587425026437493,0.0,1.1728487254001487,-0.12587425026437493,0.0
3.908,-0.890067374560454,0.02762618132357501,0.1258327410024352,0.0,1.172373818676423,-0.1258327410024352,0.0
3.91,-0.8900674816847124,0.028108141434015573,0.12578968109831945,0.0,1.1718918585659823,-0.12578968109831945,0.0
3.912,-0.8900675929265183,0.028597077375352494,0.12574508683498753,0.0,1.1714029226246454,-0.12574508683498753,0.0
3.914,-0.8900677083775019,0.029092908630618513,0.12569897516281073,0.0,1.1709070913693793,-0.12569897516281073,0.0
3.916,-0.8900678281259699,0.02959555162600564,0.12565136372164307,0.0,1.1704044483739922,-0.12565136372164307,0.0
3.918,-0.8900679522562647,0.030104919632802294,0.12560227086346148,0.0,1.1698950803671955,-0.12560227086346148,0.0
3.92,-0.8900680808480725,0.030620922666973704,0.12555171567557358,0.0,1.1693790773330242,-0.12555171567557358,0.0
3.922,-0.890068213975677,0.031143467386406786,0.1254997180043899,0.0,1.1688565326135911,-0.1254997180043899,0.0
3.924,-0.8900683517071576,0.031672456985848516,0.12544629847975583,0.0,1.1683275430141493,-0.12544629847975583,0.0
3.926,-0.8900684941035264,0.032207791089575395,0.12539147853983654,0.0,1.1677922089104225,-0.12539147853983654,0.0
3.928,-0.8900686412178048,0.03274936564184087,0.1253352804565459,0.0,1.167250634358157,-0.1253352804565459,0.0
3.93,-0.8900687930940407,0.033297072795157735,0.12527772736150888,0.0,1.1667029272048401,-0.12527772736150888,0.0
3.932,-0.8900689497662545,0.0338508007964835,0.1252188432725434,0.0,1.1661491992035145,-0.1252188432725434,0.0
3.934,-0.890069111257324,0.03441043387138858,0.12515865312064597,0.0,1.1655895661286093,-0.12515865312064597,0.0
3.936,-0.8900692775777981,0.034975852106300116,0.12509718277746168,0.0,1.1650241478936978,-0.12509718277746168,0.0
3.938,-0.8900694487246443,0.03554693132892796,0.12503445908321675,0.0,1.16445306867107,-0.12503445908321675,0.0
3.94,-0.8900696246799251,0.0361235429869943,0.12497050987508793,0.0,1.1638764570130036,-0.12497050987508793,0.0
3.942,-0.8900698054094078,0.03670555402540454,0.12490536401597963,0.0,1.1632944459745933,-0.12490536401597963,0.0
3.944,-0.8900699908611026,0.037292826762013905,0.12483905142367592,0.0,1.162707173237984,-0.12483905142367592,0.0
3.946,-0.8900701809637381,0.03788521876216287,0.1247716031003301,0.0,1.162114781237835,-0.1247716031003301,0.0
3.948,-0.8900703756251682,0.03848258271217391,0.12470305116225018,0.0,1.161517417287824,-0.12470305116225018,0.0
3.95,-0.8900705747307185,0.039084766292022864,0.12463342886993413,0.0,1.1609152337079751,-0.12463342886993413,0.0
3.952,-0.8900707781414772,0.03969161204742051,0.12456277065830315,0.0,1.1603083879525775,-0.12456277065830315,0.0
3.954,-0.8900709856925296,0.04030295726156321,0.12449111216707652,0.0,1.1596970427384348,-0.12449111216707652,0.0
3.956,-0.8900711971911494,0.04091863382683639,0.12441849027122516,0.0,1.1590813661731616,-0.12441849027122516,0.0
3.958,-0.8900714124149498,0.04153846811678089,0.12434494311143572,0.0,1.158461531883217,-0.12434494311143572,0.0
3.96,-0.8900716311100075,0.0421622808586597,0.12427051012451013,0.0,1.1578377191413383,-0.12427051012451013,0.0
3.962,-0.890071852988967,0.04278988700699154,0.12419523207361906,0.0,1.1572101129930064,-0.12419523207361906,0.0
3.964,-0.8900720777291384,0.04342109561844828,0.12411915107832085,0.0,1.1565789043815495,-0.12411915107832085,0.0
3.966,-0.8900723049706074,0.04405570972854473,0.12404231064424975,0.0,1.1559442902714532,-0.12404231064424975,0.0
3.968,-0.8900725343143675,0.04469352623058246,0.12396475569237006,0.0,1.1553064737694154,-0.12396475569237006,0.0
3.97,-0.8900727653204994,0.04533433575734361,0.1238865325876844,0.0,1.1546656642426543,-0.1238865325876844,0.0
3.972,-0.8900729975064138,0.04597792256606619,0.1238076891672763,0.0,1.1540220774339316,-0.1238076891672763,0.0
3.974,-0.8900732303451856,0.04662406442726906,0.1237282747675586,0.0,1.1533759355727287,-0.1237282747675586,0.0
3.976,-0.8900734632640008,0.047272532518032345,0.12364834025059018,0.0,1.1527274674819654,-0.12364834025059018,0.0
3.978,-0.8900736956427493,0.047923091320377816,0.12356793802931487,0.0,1.1520769086796199,-0.12356793802931487,0.0
3.98,-0.8900739268127905,0.0485754985254329,0.12348712209156658,0.0,1.1514245014745648,-0.12348712209156658,0.0
3.982,-0.8900741560559298,0.04922950494410193,0.12340594802267564,0.0,1.1507704950558957,-0.12340594802267564,0.0
3.984,-0.8900743826036382,0.049884854425008486,0.12332447302650162,0.0,1.1501151455749892,-0.12332447302650162,0.0
3.986,-0.8900746056365569,0.05054128378051297,0.12324275594470827,0.0,1.1494587162194847,-0.12324275594470827,0.0
3.988,-0.8900748242843272,0.05119852272164975,0.12316085727408657,0.0,1.148801477278348,-0.12316085727408657,0.0
3.99,-0.8900750376257883,0.05185629380286783,0.12307883918172256,0.0,1.1481437061971298,-0.12307883918172256,0.0
3.992,-0.8900752446895909,0.05251431237749806,0.1229967655177967,0.0,1.1474856876224995,-0.1229967655177967,0.0
3.994,-0.89007544445527,0.05317228656490722,0.12291470182579294,0.0,1.1468277134350904,-0.12291470182579294,0.0
3.996,-0.8900756358548281,0.05382991723033563,0.1228327153498863,0.0,1.146170082769662,-0.1228327153498863,0.0
3.998,-0.8900758177748768,0.054486897978448814,0.12275087503926974,0.0,1.1455131020215488,-0.12275087503926974,0.0
4.0,-0.8900759890593852,0.05514291516166476,0.1226692515491729,0.0,1.1448570848383328,-0.1226692515491729,0.0
