x_model,y_model
1.285992483541149811e+00,0.000000000000000000e+00
1.207541646347834341e+00,0.000000000000000000e+00
1.300864615277382619e+00,0.000000000000000000e+00
1.321304995566496832e+00,0.000000000000000000e+00
1.321304995566496832e+00,0.000000000000000000e+00
1.336302252134263124e+00,0.000000000000000000e+00
1.336302252134263124e+00,0.000000000000000000e+00
1.336302252134263124e+00,0.000000000000000000e+00
1.336302252134263124e+00,0.000000000000000000e+00
1.198490460390971402e+00,0.000000000000000000e+00
1.198490460390971402e+00,0.000000000000000000e+00
1.265438111136798716e+00,0.000000000000000000e+00
1.214608282671635564e+00,0.000000000000000000e+00
1.219525509978478972e+00,0.000000000000000000e+00
1.295011910948821843e+00,0.000000000000000000e+00
1.409173443561668071e+00,0.000000000000000000e+00
1.323379333795242196e+00,0.000000000000000000e+00
1.439586026037188216e+00,0.000000000000000000e+00
1.439586026037188216e+00,0.000000000000000000e+00
1.439586026037188216e+00,0.000000000000000000e+00
1.192756991558797885e+00,0.000000000000000000e+00
1.192756991558797885e+00,0.000000000000000000e+00
1.303314143677333448e+00,0.000000000000000000e+00
1.303314143677333448e+00,0.000000000000000000e+00
1.303314143677333448e+00,0.000000000000000000e+00
1.352937434642520920e+00,0.000000000000000000e+00
1.352937434642520920e+00,0.000000000000000000e+00
1.352937434642520920e+00,0.000000000000000000e+00
1.367286093782096756e+00,0.000000000000000000e+00
1.367286093782096756e+00,0.000000000000000000e+00
1.480602301032543533e+00,0.000000000000000000e+00
1.608860777298781297e+00,0.000000000000000000e+00
1.602232200171719523e+00,0.000000000000000000e+00
1.350239555351274712e+00,0.000000000000000000e+00
1.364811717995742635e+00,0.000000000000000000e+00
1.364811717995742635e+00,0.000000000000000000e+00
1.364811717995742635e+00,0.000000000000000000e+00
1.357805546349459158e+00,0.000000000000000000e+00
1.357805546349459158e+00,0.000000000000000000e+00
1.392831921690425911e+00,0.000000000000000000e+00
1.275959661523147881e+00,0.000000000000000000e+00
1.360589731858203200e+00,0.000000000000000000e+00
1.400008659696555746e+00,0.000000000000000000e+00
1.391551490372410882e+00,0.000000000000000000e+00
1.380851583855080555e+00,0.000000000000000000e+00
1.380851583855080555e+00,0.000000000000000000e+00
1.380851583855080555e+00,0.000000000000000000e+00
1.301625985789927942e+00,0.000000000000000000e+00
1.199358016223925461e+00,0.000000000000000000e+00
1.199358016223925461e+00,0.000000000000000000e+00
1.199358016223925461e+00,0.000000000000000000e+00
1.199358016223925461e+00,0.000000000000000000e+00
1.199358016223925461e+00,0.000000000000000000e+00
1.199358016223925461e+00,0.000000000000000000e+00
1.202668265104718914e+00,0.000000000000000000e+00
1.154295463540789601e+00,0.000000000000000000e+00
1.166271004973632675e+00,0.000000000000000000e+00
1.166271004973632675e+00,0.000000000000000000e+00
1.330534895495126602e+00,0.000000000000000000e+00
1.315794028801443805e+00,0.000000000000000000e+00
1.315794028801443805e+00,0.000000000000000000e+00
1.335146918717068809e+00,0.000000000000000000e+00
1.335146918717068809e+00,0.000000000000000000e+00
1.335146918717068809e+00,0.000000000000000000e+00
1.141702919899496127e+00,0.000000000000000000e+00
1.098843705655574654e+00,0.000000000000000000e+00
1.055641320281155204e+00,0.000000000000000000e+00
1.142637157068008502e+00,0.000000000000000000e+00
1.095791741656120921e+00,0.000000000000000000e+00
9.669929748526928659e-01,0.000000000000000000e+00
9.776175023149145105e-01,0.000000000000000000e+00
9.776175023149145105e-01,0.000000000000000000e+00
9.776175023149145105e-01,0.000000000000000000e+00
9.776175023149145105e-01,0.000000000000000000e+00
1.278080044888000089e+00,0.000000000000000000e+00
1.130526243866158964e+00,0.000000000000000000e+00
1.090076754758604993e+00,0.000000000000000000e+00
1.090076754758604993e+00,0.000000000000000000e+00
1.066389843174116336e+00,0.000000000000000000e+00
1.066389843174116336e+00,0.000000000000000000e+00
1.134717865480257881e+00,0.000000000000000000e+00
1.134717865480257881e+00,0.000000000000000000e+00
1.156844917056197852e+00,0.000000000000000000e+00
1.194251147118850609e+00,0.000000000000000000e+00
1.194251147118850609e+00,0.000000000000000000e+00
1.353713668803079084e+00,0.000000000000000000e+00
1.318590982034303583e+00,0.000000000000000000e+00
1.318590982034303583e+00,0.000000000000000000e+00
1.308685387260533739e+00,0.000000000000000000e+00
1.128884387399039069e+00,0.000000000000000000e+00
1.128884387399039069e+00,0.000000000000000000e+00
1.128884387399039069e+00,0.000000000000000000e+00
1.210767549060889126e+00,0.000000000000000000e+00
1.210767549060889126e+00,0.000000000000000000e+00
1.234300329037065547e+00,0.000000000000000000e+00
1.305203830418222299e+00,0.000000000000000000e+00
1.131521523296018739e+00,0.000000000000000000e+00
1.131521523296018739e+00,0.000000000000000000e+00
1.310336469275634075e+00,0.000000000000000000e+00
1.234627202316040950e+00,0.000000000000000000e+00
1.234627202316040950e+00,0.000000000000000000e+00
1.222112013833651867e+00,0.000000000000000000e+00
1.214975471986258215e+00,0.000000000000000000e+00
9.829202430243296762e-01,0.000000000000000000e+00
9.829202430243296762e-01,0.000000000000000000e+00
9.829202430243296762e-01,0.000000000000000000e+00
9.829202430243296762e-01,0.000000000000000000e+00
9.829202430243296762e-01,0.000000000000000000e+00
9.829202430243296762e-01,0.000000000000000000e+00
1.007109095446479863e+00,0.000000000000000000e+00
1.007109095446479863e+00,0.000000000000000000e+00
1.136179249491866328e+00,0.000000000000000000e+00
1.136179249491866328e+00,0.000000000000000000e+00
1.226119102239234371e+00,0.000000000000000000e+00
1.226119102239234371e+00,0.000000000000000000e+00
1.354288647050565952e+00,0.000000000000000000e+00
1.354288647050565952e+00,0.000000000000000000e+00
1.354288647050565952e+00,0.000000000000000000e+00
1.354288647050565952e+00,0.000000000000000000e+00
1.315854880248344738e+00,0.000000000000000000e+00
1.248095535018961977e+00,0.000000000000000000e+00
1.146123091452885934e+00,0.000000000000000000e+00
1.146123091452885934e+00,0.000000000000000000e+00
1.291465599438504031e+00,0.000000000000000000e+00
1.291465599438504031e+00,0.000000000000000000e+00
1.209329253059678866e+00,0.000000000000000000e+00
1.209329253059678866e+00,0.000000000000000000e+00
1.440923048328928147e+00,0.000000000000000000e+00
1.280791140116495308e+00,0.000000000000000000e+00
1.359795131799120149e+00,0.000000000000000000e+00
1.373130829013756049e+00,0.000000000000000000e+00
1.190889282860025933e+00,0.000000000000000000e+00
1.268962138642210524e+00,0.000000000000000000e+00
1.119576334702740317e+00,0.000000000000000000e+00
1.212646516631282978e+00,0.000000000000000000e+00
1.212646516631282978e+00,0.000000000000000000e+00
1.248888508714784296e+00,0.000000000000000000e+00
1.208782919473506023e+00,0.000000000000000000e+00
1.208782919473506023e+00,0.000000000000000000e+00
1.318110619878845702e+00,0.000000000000000000e+00
1.259873103639847169e+00,0.000000000000000000e+00
1.259873103639847169e+00,0.000000000000000000e+00
1.259873103639847169e+00,0.000000000000000000e+00
1.168146653006578273e+00,0.000000000000000000e+00
1.298193915835476275e+00,0.000000000000000000e+00
1.298193915835476275e+00,0.000000000000000000e+00
1.341017138438926670e+00,0.000000000000000000e+00
1.341017138438926670e+00,0.000000000000000000e+00
1.341017138438926670e+00,0.000000000000000000e+00
1.341017138438926670e+00,0.000000000000000000e+00
1.341017138438926670e+00,0.000000000000000000e+00
1.341017138438926670e+00,0.000000000000000000e+00
1.170379197519041181e+00,0.000000000000000000e+00
1.183257744349375473e+00,0.000000000000000000e+00
1.367262325978668480e+00,0.000000000000000000e+00
1.249230150352801383e+00,0.000000000000000000e+00
1.440190429085265178e+00,0.000000000000000000e+00
1.389928570075866787e+00,0.000000000000000000e+00
1.469540090316390657e+00,0.000000000000000000e+00
1.469540090316390657e+00,0.000000000000000000e+00
1.382336892335747969e+00,0.000000000000000000e+00
1.221917269187528632e+00,0.000000000000000000e+00
1.221917269187528632e+00,0.000000000000000000e+00
1.187390883690922605e+00,0.000000000000000000e+00
1.187390883690922605e+00,0.000000000000000000e+00
1.308361750384152034e+00,0.000000000000000000e+00
1.328965167835292949e+00,0.000000000000000000e+00
1.328965167835292949e+00,0.000000000000000000e+00
1.328965167835292949e+00,0.000000000000000000e+00
1.258987874572423893e+00,0.000000000000000000e+00
1.258987874572423893e+00,0.000000000000000000e+00
1.198798727273717724e+00,0.000000000000000000e+00
1.198798727273717724e+00,0.000000000000000000e+00
1.198798727273717724e+00,0.000000000000000000e+00
1.136300647349183679e+00,0.000000000000000000e+00
1.136300647349183679e+00,0.000000000000000000e+00
1.049828133792815921e+00,0.000000000000000000e+00
1.049828133792815921e+00,0.000000000000000000e+00
1.049828133792815921e+00,0.000000000000000000e+00
1.049828133792815921e+00,0.000000000000000000e+00
1.179494945406674766e+00,0.000000000000000000e+00
1.179494945406674766e+00,0.000000000000000000e+00
1.179494945406674766e+00,0.000000000000000000e+00
1.179494945406674766e+00,0.000000000000000000e+00
1.200160285885967459e+00,0.000000000000000000e+00
1.217823233276916772e+00,0.000000000000000000e+00
1.217823233276916772e+00,0.000000000000000000e+00
1.247770486702685089e+00,0.000000000000000000e+00
1.215846012050762370e+00,0.000000000000000000e+00
1.215846012050762370e+00,0.000000000000000000e+00
1.248166810839087315e+00,0.000000000000000000e+00
1.433887252405464219e+00,0.000000000000000000e+00
1.433887252405464219e+00,0.000000000000000000e+00
1.361409696416496562e+00,0.000000000000000000e+00
1.377545213923850653e+00,0.000000000000000000e+00
1.264215273621679625e+00,0.000000000000000000e+00
1.160168678621178007e+00,0.000000000000000000e+00
1.142673080489281734e+00,0.000000000000000000e+00
1.222470376258232960e+00,0.000000000000000000e+00
1.222470376258232960e+00,0.000000000000000000e+00
1.223126564449057430e+00,0.000000000000000000e+00
1.223126564449057430e+00,0.000000000000000000e+00
1.223126564449057430e+00,0.000000000000000000e+00
1.273050404010232173e+00,0.000000000000000000e+00
1.273050404010232173e+00,0.000000000000000000e+00
1.278501120622904219e+00,0.000000000000000000e+00
1.278501120622904219e+00,0.000000000000000000e+00
1.265670216589390273e+00,0.000000000000000000e+00
1.264247169504016055e+00,0.000000000000000000e+00
1.185997089389775994e+00,0.000000000000000000e+00
1.158706174946131595e+00,0.000000000000000000e+00
1.204825548572677540e+00,0.000000000000000000e+00
1.204825548572677540e+00,0.000000000000000000e+00
1.204825548572677540e+00,0.000000000000000000e+00
1.372548826693876123e+00,0.000000000000000000e+00
1.243842537931713954e+00,0.000000000000000000e+00
1.243842537931713954e+00,0.000000000000000000e+00
1.221606561202306374e+00,0.000000000000000000e+00
9.576214902154067676e-01,0.000000000000000000e+00
9.757287553438258598e-01,0.000000000000000000e+00
9.757287553438258598e-01,0.000000000000000000e+00
1.218741441795232250e+00,0.000000000000000000e+00
1.218741441795232250e+00,0.000000000000000000e+00
1.199147642244389633e+00,0.000000000000000000e+00
1.199147642244389633e+00,0.000000000000000000e+00
1.199147642244389633e+00,0.000000000000000000e+00
1.295619220769720581e+00,0.000000000000000000e+00
1.213934304157808786e+00,0.000000000000000000e+00
1.186247172389236715e+00,0.000000000000000000e+00
1.117139318953752847e+00,0.000000000000000000e+00
1.255610486234420620e+00,0.000000000000000000e+00
1.134158755767237015e+00,0.000000000000000000e+00
1.134158755767237015e+00,0.000000000000000000e+00
1.252606887478582509e+00,0.000000000000000000e+00
1.252606887478582509e+00,0.000000000000000000e+00
1.276806962816177560e+00,0.000000000000000000e+00
1.261230532655983838e+00,0.000000000000000000e+00
1.179526270571888080e+00,0.000000000000000000e+00
1.258706717624275662e+00,0.000000000000000000e+00
1.258706717624275662e+00,0.000000000000000000e+00
1.057576918209922390e+00,0.000000000000000000e+00
1.057576918209922390e+00,0.000000000000000000e+00
1.288409940546201726e+00,0.000000000000000000e+00
1.231792406107812266e+00,0.000000000000000000e+00
1.231792406107812266e+00,0.000000000000000000e+00
1.287051892671339903e+00,0.000000000000000000e+00
1.287051892671339903e+00,0.000000000000000000e+00
1.287051892671339903e+00,0.000000000000000000e+00
1.287051892671339903e+00,0.000000000000000000e+00
1.287051892671339903e+00,0.000000000000000000e+00
1.287051892671339903e+00,0.000000000000000000e+00
1.287051892671339903e+00,0.000000000000000000e+00
1.384716872229900808e+00,0.000000000000000000e+00
1.256870011060756243e+00,0.000000000000000000e+00
1.322796026080133025e+00,0.000000000000000000e+00
1.425839611336877866e+00,0.000000000000000000e+00
1.425839611336877866e+00,0.000000000000000000e+00
1.373640723830080512e+00,0.000000000000000000e+00
1.340996770765115587e+00,0.000000000000000000e+00
1.158381539439778951e+00,0.000000000000000000e+00
1.158381539439778951e+00,0.000000000000000000e+00
1.401296927918914026e+00,0.000000000000000000e+00
1.401296927918914026e+00,0.000000000000000000e+00
1.401296927918914026e+00,0.000000000000000000e+00
1.401296927918914026e+00,0.000000000000000000e+00
1.401296927918914026e+00,0.000000000000000000e+00
1.401296927918914026e+00,0.000000000000000000e+00
1.209060307730147832e+00,0.000000000000000000e+00
1.227627941404638268e+00,0.000000000000000000e+00
1.227627941404638268e+00,0.000000000000000000e+00
1.426258129953627662e+00,0.000000000000000000e+00
1.426258129953627662e+00,0.000000000000000000e+00
1.357098690493330650e+00,0.000000000000000000e+00
1.179783956127815614e+00,0.000000000000000000e+00
1.111247549127547307e+00,0.000000000000000000e+00
1.130196700464673354e+00,0.000000000000000000e+00
1.031414129507550959e+00,0.000000000000000000e+00
1.031414129507550959e+00,0.000000000000000000e+00
1.031414129507550959e+00,0.000000000000000000e+00
1.031414129507550959e+00,0.000000000000000000e+00
1.127978343157909347e+00,0.000000000000000000e+00
1.134142369546268236e+00,0.000000000000000000e+00
1.305997682669588489e+00,0.000000000000000000e+00
1.305997682669588489e+00,0.000000000000000000e+00
1.321283916933045921e+00,0.000000000000000000e+00
1.321283916933045921e+00,0.000000000000000000e+00
1.248432443180405027e+00,0.000000000000000000e+00
1.248432443180405027e+00,0.000000000000000000e+00
1.248432443180405027e+00,0.000000000000000000e+00
1.248432443180405027e+00,0.000000000000000000e+00
1.248432443180405027e+00,0.000000000000000000e+00
1.248432443180405027e+00,0.000000000000000000e+00
1.241937020911568990e+00,0.000000000000000000e+00
1.461212155861862927e+00,0.000000000000000000e+00
1.473066806156989372e+00,0.000000000000000000e+00
1.287574497226479986e+00,0.000000000000000000e+00
1.343078639087418091e+00,0.000000000000000000e+00
1.343078639087418091e+00,0.000000000000000000e+00
1.303074928286933387e+00,0.000000000000000000e+00
1.248583398626223806e+00,0.000000000000000000e+00
1.248583398626223806e+00,0.000000000000000000e+00
1.228484881459102729e+00,0.000000000000000000e+00
1.221707740807988163e+00,0.000000000000000000e+00
1.221707740807988163e+00,0.000000000000000000e+00
1.234483919062522306e+00,0.000000000000000000e+00
1.188914459346281483e+00,0.000000000000000000e+00
1.270198114663232181e+00,0.000000000000000000e+00
1.270198114663232181e+00,0.000000000000000000e+00
1.270198114663232181e+00,0.000000000000000000e+00
1.270198114663232181e+00,0.000000000000000000e+00
1.270198114663232181e+00,0.000000000000000000e+00
1.305019780780221739e+00,0.000000000000000000e+00
1.305019780780221739e+00,0.000000000000000000e+00
1.223325474688502723e+00,0.000000000000000000e+00
1.320580669356274273e+00,0.000000000000000000e+00
1.181624185149829920e+00,0.000000000000000000e+00
1.134518137892746026e+00,0.000000000000000000e+00
1.102288378042364236e+00,0.000000000000000000e+00
1.322707087673605342e+00,0.000000000000000000e+00
1.200621819322293726e+00,0.000000000000000000e+00
1.166117086622989740e+00,0.000000000000000000e+00
1.050385311233057450e+00,0.000000000000000000e+00
1.205841743931373333e+00,0.000000000000000000e+00
1.247249457931128402e+00,0.000000000000000000e+00
1.143358317411858671e+00,0.000000000000000000e+00
1.081210359841889623e+00,0.000000000000000000e+00
1.081210359841889623e+00,0.000000000000000000e+00
1.081210359841889623e+00,0.000000000000000000e+00
1.081210359841889623e+00,0.000000000000000000e+00
9.969848632008857514e-01,0.000000000000000000e+00
9.878020183272195887e-01,0.000000000000000000e+00
1.119029457732144683e+00,0.000000000000000000e+00
1.119029457732144683e+00,0.000000000000000000e+00
1.341341177198816847e+00,0.000000000000000000e+00
1.341341177198816847e+00,0.000000000000000000e+00
1.200972759492780373e+00,0.000000000000000000e+00
1.430452053261912937e+00,0.000000000000000000e+00
1.430452053261912937e+00,0.000000000000000000e+00
1.322245861921255150e+00,0.000000000000000000e+00
1.322245861921255150e+00,0.000000000000000000e+00
1.446881366581689754e+00,0.000000000000000000e+00
1.446881366581689754e+00,0.000000000000000000e+00
1.449350261904027715e+00,0.000000000000000000e+00
1.449350261904027715e+00,0.000000000000000000e+00
1.389199582294679436e+00,0.000000000000000000e+00
1.432853424162618960e+00,0.000000000000000000e+00
1.409210972784546545e+00,0.000000000000000000e+00
1.409210972784546545e+00,0.000000000000000000e+00
1.361689327998213184e+00,0.000000000000000000e+00
1.414679006383827709e+00,0.000000000000000000e+00
1.363827077077440331e+00,0.000000000000000000e+00
1.206678468803923598e+00,0.000000000000000000e+00
1.206678468803923598e+00,0.000000000000000000e+00
1.206678468803923598e+00,0.000000000000000000e+00
9.998708903095010481e-01,0.000000000000000000e+00
9.997864855535737449e-01,0.000000000000000000e+00
1.025515791062944437e+00,0.000000000000000000e+00
1.230192967354361455e+00,0.000000000000000000e+00
1.244522223902496449e+00,0.000000000000000000e+00
1.168409632881877824e+00,0.000000000000000000e+00
1.232340409646788926e+00,0.000000000000000000e+00
1.232340409646788926e+00,0.000000000000000000e+00
1.219665836941497883e+00,0.000000000000000000e+00
1.286611541886041321e+00,0.000000000000000000e+00
1.284142016729754809e+00,0.000000000000000000e+00
1.358000664318688155e+00,0.000000000000000000e+00
1.417907920099258368e+00,0.000000000000000000e+00
1.495434063654810020e+00,0.000000000000000000e+00
1.495434063654810020e+00,0.000000000000000000e+00
1.410129148907405261e+00,0.000000000000000000e+00
1.410129148907405261e+00,0.000000000000000000e+00
1.427851958930120846e+00,0.000000000000000000e+00
1.388866445277676664e+00,0.000000000000000000e+00
1.388866445277676664e+00,0.000000000000000000e+00
1.323244596446207622e+00,0.000000000000000000e+00
1.312526002363950450e+00,0.000000000000000000e+00
1.312526002363950450e+00,0.000000000000000000e+00
1.312526002363950450e+00,0.000000000000000000e+00
1.313638126221819968e+00,0.000000000000000000e+00
1.356106067724324404e+00,0.000000000000000000e+00
1.218183627577204886e+00,0.000000000000000000e+00
1.238635893545510847e+00,0.000000000000000000e+00
1.143001222199979905e+00,0.000000000000000000e+00
1.432520611444823899e+00,0.000000000000000000e+00
1.354955844961489353e+00,0.000000000000000000e+00
1.354955844961489353e+00,0.000000000000000000e+00
1.375866318501465235e+00,0.000000000000000000e+00
1.069513849462000898e+00,0.000000000000000000e+00
1.207038762905491280e+00,0.000000000000000000e+00
1.207038762905491280e+00,0.000000000000000000e+00
1.126187384482169040e+00,0.000000000000000000e+00
1.433684341148635522e+00,0.000000000000000000e+00
1.314922463346102743e+00,0.000000000000000000e+00
1.152280337035908264e+00,0.000000000000000000e+00
1.152280337035908264e+00,0.000000000000000000e+00
1.311544849718942585e+00,0.000000000000000000e+00
1.311544849718942585e+00,0.000000000000000000e+00
1.141100657226903570e+00,0.000000000000000000e+00
1.407757426895201558e+00,0.000000000000000000e+00
1.409364642677331858e+00,0.000000000000000000e+00
1.415961465519521401e+00,0.000000000000000000e+00
1.278651963600134334e+00,0.000000000000000000e+00
1.234275706230860692e+00,0.000000000000000000e+00
1.234275706230860692e+00,0.000000000000000000e+00
1.387098798860691096e+00,0.000000000000000000e+00
1.387098798860691096e+00,0.000000000000000000e+00
1.372834974026569510e+00,0.000000000000000000e+00
1.372834974026569510e+00,0.000000000000000000e+00
1.372834974026569510e+00,0.000000000000000000e+00
1.299505696989648129e+00,0.000000000000000000e+00
1.299505696989648129e+00,0.000000000000000000e+00
1.476587218969196202e+00,0.000000000000000000e+00
1.476587218969196202e+00,0.000000000000000000e+00
1.477704863112628608e+00,0.000000000000000000e+00
1.477704863112628608e+00,0.000000000000000000e+00
1.477704863112628608e+00,0.000000000000000000e+00
1.334224934735912083e+00,0.000000000000000000e+00
1.334224934735912083e+00,0.000000000000000000e+00
1.197005535965586898e+00,0.000000000000000000e+00
1.196729205849319300e+00,0.000000000000000000e+00
1.300759641000618805e+00,0.000000000000000000e+00
1.327655731446427012e+00,0.000000000000000000e+00
1.327655731446427012e+00,0.000000000000000000e+00
1.327655731446427012e+00,0.000000000000000000e+00
1.401060607608806130e+00,0.000000000000000000e+00
1.403072025500561759e+00,0.000000000000000000e+00
1.403072025500561759e+00,0.000000000000000000e+00
1.403072025500561759e+00,0.000000000000000000e+00
1.242555450462164313e+00,0.000000000000000000e+00
1.197796618833752325e+00,0.000000000000000000e+00
1.032967081157858846e+00,0.000000000000000000e+00
1.076849352279546590e+00,0.000000000000000000e+00
1.145118448687165280e+00,0.000000000000000000e+00
1.103098098590757692e+00,0.000000000000000000e+00
1.123366562277902547e+00,0.000000000000000000e+00
1.123366562277902547e+00,0.000000000000000000e+00
1.233386049447408261e+00,0.000000000000000000e+00
1.179679718520346476e+00,0.000000000000000000e+00
1.059525445355550710e+00,0.000000000000000000e+00
1.059525445355550710e+00,0.000000000000000000e+00
1.163686294751943073e+00,0.000000000000000000e+00
1.239283418276702298e+00,0.000000000000000000e+00
1.211472154038858440e+00,0.000000000000000000e+00
1.124656364720413748e+00,0.000000000000000000e+00
1.153259930420827306e+00,0.000000000000000000e+00
1.313061422356268881e+00,0.000000000000000000e+00
1.270203863027345559e+00,0.000000000000000000e+00
1.151352330300140947e+00,0.000000000000000000e+00
1.178266671511048136e+00,0.000000000000000000e+00
1.248077951441650235e+00,0.000000000000000000e+00
1.248077951441650235e+00,0.000000000000000000e+00
1.248077951441650235e+00,0.000000000000000000e+00
1.447553386619390370e+00,0.000000000000000000e+00
1.447553386619390370e+00,0.000000000000000000e+00
1.348187588478566346e+00,0.000000000000000000e+00
1.392917116627340857e+00,0.000000000000000000e+00
1.409389069554491059e+00,0.000000000000000000e+00
1.409389069554491059e+00,0.000000000000000000e+00
1.409389069554491059e+00,0.000000000000000000e+00
1.397777561051359196e+00,0.000000000000000000e+00
1.397777561051359196e+00,0.000000000000000000e+00
1.490681929156887575e+00,0.000000000000000000e+00
1.490681929156887575e+00,0.000000000000000000e+00
1.490681929156887575e+00,0.000000000000000000e+00
1.307369677179836209e+00,0.000000000000000000e+00
1.380642803563505217e+00,0.000000000000000000e+00
1.380642803563505217e+00,0.000000000000000000e+00
1.502098815557269873e+00,0.000000000000000000e+00
1.502098815557269873e+00,0.000000000000000000e+00
1.502098815557269873e+00,0.000000000000000000e+00
1.386080725314017936e+00,0.000000000000000000e+00
1.586626113020745299e+00,0.000000000000000000e+00
1.586626113020745299e+00,0.000000000000000000e+00
1.586626113020745299e+00,0.000000000000000000e+00
1.401003422824165234e+00,0.000000000000000000e+00
1.401003422824165234e+00,0.000000000000000000e+00
1.299947412415149772e+00,0.000000000000000000e+00
1.299947412415149772e+00,0.000000000000000000e+00
1.299947412415149772e+00,0.000000000000000000e+00
1.286476362812167817e+00,0.000000000000000000e+00
1.237207865833434894e+00,0.000000000000000000e+00
1.300892920617926052e+00,0.000000000000000000e+00
1.300892920617926052e+00,0.000000000000000000e+00
1.300892920617926052e+00,0.000000000000000000e+00
1.354248574746853118e+00,0.000000000000000000e+00
1.354248574746853118e+00,0.000000000000000000e+00
1.354248574746853118e+00,0.000000000000000000e+00
1.291832648385963678e+00,0.000000000000000000e+00
1.384653504552730396e+00,0.000000000000000000e+00
1.384653504552730396e+00,0.000000000000000000e+00
1.384653504552730396e+00,0.000000000000000000e+00
1.414685582478305115e+00,0.000000000000000000e+00
1.442074708118466830e+00,0.000000000000000000e+00
1.236986099972896325e+00,0.000000000000000000e+00
1.236986099972896325e+00,0.000000000000000000e+00
1.236986099972896325e+00,0.000000000000000000e+00
1.285579342504638456e+00,0.000000000000000000e+00
1.337282873695489371e+00,0.000000000000000000e+00
1.390272986206062766e+00,0.000000000000000000e+00
1.390272986206062766e+00,0.000000000000000000e+00
1.390272986206062766e+00,0.000000000000000000e+00
1.450782882451664868e+00,0.000000000000000000e+00
1.429014314438783018e+00,0.000000000000000000e+00
1.375271229023092401e+00,0.000000000000000000e+00
1.169572434436322528e+00,0.000000000000000000e+00
1.277479612149256205e+00,0.000000000000000000e+00
1.277479612149256205e+00,0.000000000000000000e+00
1.277479612149256205e+00,0.000000000000000000e+00
1.286301648832066657e+00,0.000000000000000000e+00
1.317582687175428147e+00,0.000000000000000000e+00
1.317582687175428147e+00,0.000000000000000000e+00
1.325935773022525188e+00,0.000000000000000000e+00
1.285169615873852811e+00,0.000000000000000000e+00
1.285169615873852811e+00,0.000000000000000000e+00
1.285169615873852811e+00,0.000000000000000000e+00
1.320044512137907855e+00,0.000000000000000000e+00
1.310902869588631781e+00,0.000000000000000000e+00
1.168625811181971841e+00,0.000000000000000000e+00
1.168625811181971841e+00,0.000000000000000000e+00
1.405281077155836833e+00,0.000000000000000000e+00
1.256793626491647942e+00,0.000000000000000000e+00
1.251963154133942435e+00,0.000000000000000000e+00
1.207086460830091079e+00,0.000000000000000000e+00
1.323379246141524579e+00,0.000000000000000000e+00
1.123413890248440516e+00,0.000000000000000000e+00
1.159885710418058213e+00,0.000000000000000000e+00
1.159885710418058213e+00,0.000000000000000000e+00
1.159885710418058213e+00,0.000000000000000000e+00
1.159885710418058213e+00,0.000000000000000000e+00
1.159885710418058213e+00,0.000000000000000000e+00
1.178686861829707722e+00,0.000000000000000000e+00
1.341966020022129946e+00,0.000000000000000000e+00
1.234202757145261842e+00,0.000000000000000000e+00
1.353966560806790120e+00,0.000000000000000000e+00
1.170657363341459201e+00,0.000000000000000000e+00
1.163857714051423686e+00,0.000000000000000000e+00
1.282798893073687330e+00,0.000000000000000000e+00
1.359737799842750672e+00,0.000000000000000000e+00
1.240046829442354781e+00,0.000000000000000000e+00
1.090522038565808094e+00,0.000000000000000000e+00
1.187950091267865105e+00,0.000000000000000000e+00
1.377319806583453099e+00,0.000000000000000000e+00
1.377319806583453099e+00,0.000000000000000000e+00
1.314759800649643484e+00,0.000000000000000000e+00
1.292329612525094928e+00,0.000000000000000000e+00
1.292329612525094928e+00,0.000000000000000000e+00
1.268748415057474377e+00,0.000000000000000000e+00
1.255002326290838965e+00,0.000000000000000000e+00
1.255002326290838965e+00,0.000000000000000000e+00
1.255002326290838965e+00,0.000000000000000000e+00
1.276915453204402029e+00,0.000000000000000000e+00
1.276915453204402029e+00,0.000000000000000000e+00
1.324896733458707399e+00,0.000000000000000000e+00
1.408020603858179287e+00,0.000000000000000000e+00
1.408020603858179287e+00,0.000000000000000000e+00
1.541398948237256095e+00,0.000000000000000000e+00
1.312269356580553437e+00,0.000000000000000000e+00
1.312269356580553437e+00,0.000000000000000000e+00
1.312269356580553437e+00,0.000000000000000000e+00
1.330003409627720234e+00,0.000000000000000000e+00
1.192158351262905036e+00,0.000000000000000000e+00
1.104049104280764970e+00,0.000000000000000000e+00
1.104049104280764970e+00,0.000000000000000000e+00
1.125318964854689296e+00,0.000000000000000000e+00
1.107144963828833761e+00,0.000000000000000000e+00
1.125796220265504743e+00,0.000000000000000000e+00
1.301147147423941330e+00,0.000000000000000000e+00
1.248214618487775818e+00,0.000000000000000000e+00
1.248214618487775818e+00,0.000000000000000000e+00
1.224475151892913560e+00,0.000000000000000000e+00
1.224475151892913560e+00,0.000000000000000000e+00
1.224475151892913560e+00,0.000000000000000000e+00
1.490404357123497503e+00,0.000000000000000000e+00
1.490404357123497503e+00,0.000000000000000000e+00
1.490404357123497503e+00,0.000000000000000000e+00
1.435006964605309188e+00,0.000000000000000000e+00
1.313963206601389322e+00,0.000000000000000000e+00
1.342489658472469927e+00,0.000000000000000000e+00
1.301541939167286666e+00,0.000000000000000000e+00
1.162211755180169170e+00,0.000000000000000000e+00
1.268262179828904435e+00,0.000000000000000000e+00
1.196230548083818679e+00,0.000000000000000000e+00
1.244740561423646641e+00,0.000000000000000000e+00
1.267525111754599809e+00,0.000000000000000000e+00
1.153842151919549641e+00,0.000000000000000000e+00
1.153842151919549641e+00,0.000000000000000000e+00
1.153842151919549641e+00,0.000000000000000000e+00
1.281992989794068505e+00,0.000000000000000000e+00
1.281992989794068505e+00,0.000000000000000000e+00
1.292895613841541280e+00,0.000000000000000000e+00
1.228213020765950070e+00,0.000000000000000000e+00
1.228213020765950070e+00,0.000000000000000000e+00
1.074638631602631955e+00,0.000000000000000000e+00
1.034496191885402538e+00,0.000000000000000000e+00
1.034496191885402538e+00,0.000000000000000000e+00
9.750110137318271919e-01,0.000000000000000000e+00
9.750110137318271919e-01,0.000000000000000000e+00
9.652834860640329140e-01,0.000000000000000000e+00
9.652834860640329140e-01,0.000000000000000000e+00
1.254589880603709462e+00,0.000000000000000000e+00
1.126811624881028484e+00,0.000000000000000000e+00
1.126811624881028484e+00,0.000000000000000000e+00
1.105505197399819117e+00,0.000000000000000000e+00
1.145738339044649390e+00,0.000000000000000000e+00
1.145738339044649390e+00,0.000000000000000000e+00
1.286402505887675130e+00,0.000000000000000000e+00
1.223824078463494613e+00,0.000000000000000000e+00
1.132387327215570449e+00,0.000000000000000000e+00
1.132387327215570449e+00,0.000000000000000000e+00
1.350847112205842970e+00,0.000000000000000000e+00
1.391432656754349795e+00,0.000000000000000000e+00
1.157051510941621064e+00,0.000000000000000000e+00
1.360819256734031812e+00,0.000000000000000000e+00
1.360819256734031812e+00,0.000000000000000000e+00
1.225013953003732947e+00,0.000000000000000000e+00
1.170086712289817088e+00,0.000000000000000000e+00
1.170086712289817088e+00,0.000000000000000000e+00
1.056587190193397863e+00,0.000000000000000000e+00
1.141704562964825920e+00,0.000000000000000000e+00
1.141704562964825920e+00,0.000000000000000000e+00
1.187185239391714164e+00,0.000000000000000000e+00
1.097935644365390928e+00,0.000000000000000000e+00
1.097935644365390928e+00,0.000000000000000000e+00
1.148462678375115509e+00,0.000000000000000000e+00
1.313613723771842379e+00,0.000000000000000000e+00
1.416075960136198741e+00,0.000000000000000000e+00
1.416075960136198741e+00,0.000000000000000000e+00
1.416075960136198741e+00,0.000000000000000000e+00
1.291621369267892838e+00,0.000000000000000000e+00
1.214632707763122710e+00,0.000000000000000000e+00
1.184352058642090588e+00,0.000000000000000000e+00
1.364516981644196880e+00,0.000000000000000000e+00
1.364516981644196880e+00,0.000000000000000000e+00
1.399092027479900135e+00,0.000000000000000000e+00
1.399092027479900135e+00,0.000000000000000000e+00
1.275921704092029429e+00,0.000000000000000000e+00
1.275921704092029429e+00,0.000000000000000000e+00
1.275921704092029429e+00,0.000000000000000000e+00
1.230617576224110943e+00,0.000000000000000000e+00
1.167952230568983341e+00,0.000000000000000000e+00
1.156429002601559786e+00,0.000000000000000000e+00
1.156429002601559786e+00,0.000000000000000000e+00
1.156429002601559786e+00,0.000000000000000000e+00
1.156345447386746939e+00,0.000000000000000000e+00
1.156345447386746939e+00,0.000000000000000000e+00
1.180783058898357440e+00,0.000000000000000000e+00
1.268926767972312408e+00,0.000000000000000000e+00
1.320188414537753818e+00,0.000000000000000000e+00
1.320188414537753818e+00,0.000000000000000000e+00
1.320188414537753818e+00,0.000000000000000000e+00
1.320188414537753818e+00,0.000000000000000000e+00
1.320188414537753818e+00,0.000000000000000000e+00
1.320188414537753818e+00,0.000000000000000000e+00
1.320188414537753818e+00,0.000000000000000000e+00
1.257247527375413565e+00,0.000000000000000000e+00
1.227836270653090534e+00,0.000000000000000000e+00
1.227836270653090534e+00,0.000000000000000000e+00
1.227836270653090534e+00,0.000000000000000000e+00
1.227836270653090534e+00,0.000000000000000000e+00
1.227836270653090534e+00,0.000000000000000000e+00
1.227836270653090534e+00,0.000000000000000000e+00
1.207946694991147263e+00,0.000000000000000000e+00
1.329698099217789808e+00,0.000000000000000000e+00
1.211469856276614410e+00,0.000000000000000000e+00
1.211469856276614410e+00,0.000000000000000000e+00
1.211469856276614410e+00,0.000000000000000000e+00
1.109229898320724939e+00,0.000000000000000000e+00
1.109229898320724939e+00,0.000000000000000000e+00
1.109229898320724939e+00,0.000000000000000000e+00
1.394448651275018047e+00,0.000000000000000000e+00
1.399130499729372756e+00,0.000000000000000000e+00
1.399130499729372756e+00,0.000000000000000000e+00
1.245442673680984491e+00,0.000000000000000000e+00
1.186012266297872486e+00,0.000000000000000000e+00
1.323803412542398306e+00,0.000000000000000000e+00
1.373010400193662273e+00,0.000000000000000000e+00
1.161932599472163874e+00,0.000000000000000000e+00
1.161932599472163874e+00,0.000000000000000000e+00
1.161932599472163874e+00,0.000000000000000000e+00
1.161932599472163874e+00,0.000000000000000000e+00
1.405228714425961201e+00,0.000000000000000000e+00
1.334292177239966515e+00,0.000000000000000000e+00
1.334292177239966515e+00,0.000000000000000000e+00
1.334292177239966515e+00,0.000000000000000000e+00
1.334292177239966515e+00,0.000000000000000000e+00
1.334292177239966515e+00,0.000000000000000000e+00
1.250638834953083922e+00,0.000000000000000000e+00
1.349041074002232943e+00,0.000000000000000000e+00
1.349041074002232943e+00,0.000000000000000000e+00
1.202072141168140096e+00,0.000000000000000000e+00
1.324742724248733294e+00,0.000000000000000000e+00
1.364299229417866854e+00,0.000000000000000000e+00
1.364299229417866854e+00,0.000000000000000000e+00
1.364299229417866854e+00,0.000000000000000000e+00
1.535657481088046339e+00,0.000000000000000000e+00
1.476727591616886714e+00,0.000000000000000000e+00
1.389370190459167986e+00,0.000000000000000000e+00
1.340197263363781754e+00,0.000000000000000000e+00
1.339283579098472954e+00,0.000000000000000000e+00
1.166042999489548704e+00,0.000000000000000000e+00
1.147970381061134137e+00,0.000000000000000000e+00
1.133854078368188079e+00,0.000000000000000000e+00
1.133854078368188079e+00,0.000000000000000000e+00
1.253901120728915908e+00,0.000000000000000000e+00
1.207625358083334488e+00,0.000000000000000000e+00
1.075320306360422418e+00,0.000000000000000000e+00
1.087555994329751474e+00,0.000000000000000000e+00
1.087555994329751474e+00,0.000000000000000000e+00
1.087555994329751474e+00,0.000000000000000000e+00
1.279755171896244104e+00,0.000000000000000000e+00
1.279755171896244104e+00,0.000000000000000000e+00
1.279755171896244104e+00,0.000000000000000000e+00
1.261558482324603769e+00,0.000000000000000000e+00
1.261558482324603769e+00,0.000000000000000000e+00
1.261558482324603769e+00,0.000000000000000000e+00
1.216552346923019723e+00,0.000000000000000000e+00
1.216552346923019723e+00,0.000000000000000000e+00
1.216552346923019723e+00,0.000000000000000000e+00
1.216552346923019723e+00,0.000000000000000000e+00
1.292504602842612371e+00,0.000000000000000000e+00
1.292504602842612371e+00,0.000000000000000000e+00
1.292504602842612371e+00,0.000000000000000000e+00
1.258201469569130371e+00,0.000000000000000000e+00
1.258201469569130371e+00,0.000000000000000000e+00
1.258201469569130371e+00,0.000000000000000000e+00
1.258201469569130371e+00,0.000000000000000000e+00
1.258201469569130371e+00,0.000000000000000000e+00
9.786707445612219392e-01,0.000000000000000000e+00
9.786707445612219392e-01,0.000000000000000000e+00
9.786707445612219392e-01,0.000000000000000000e+00
1.289409386022193793e+00,0.000000000000000000e+00
1.112061873469234685e+00,0.000000000000000000e+00
1.172650444555570770e+00,0.000000000000000000e+00
1.313742162213080045e+00,0.000000000000000000e+00
1.381714916850097508e+00,0.000000000000000000e+00
1.381714916850097508e+00,0.000000000000000000e+00
1.088309071860550592e+00,0.000000000000000000e+00
1.088309071860550592e+00,0.000000000000000000e+00
1.133531365666020196e+00,0.000000000000000000e+00
1.083770912205134440e+00,0.000000000000000000e+00
1.070149730458735515e+00,0.000000000000000000e+00
1.213828098485855378e+00,0.000000000000000000e+00
1.254707125000131374e+00,0.000000000000000000e+00
1.254707125000131374e+00,0.000000000000000000e+00
1.254707125000131374e+00,0.000000000000000000e+00
1.254707125000131374e+00,0.000000000000000000e+00
1.114288639775431911e+00,0.000000000000000000e+00
1.174788044248200825e+00,0.000000000000000000e+00
1.174788044248200825e+00,0.000000000000000000e+00
1.174788044248200825e+00,0.000000000000000000e+00
1.174788044248200825e+00,0.000000000000000000e+00
1.181277170281267663e+00,0.000000000000000000e+00
1.208885580560348227e+00,0.000000000000000000e+00
1.208885580560348227e+00,0.000000000000000000e+00
1.187200858728619579e+00,0.000000000000000000e+00
1.209751403436824857e+00,0.000000000000000000e+00
1.209751403436824857e+00,0.000000000000000000e+00
1.211538215263362694e+00,0.000000000000000000e+00
1.281726724447669108e+00,0.000000000000000000e+00
1.138350562865171334e+00,0.000000000000000000e+00
1.150017035362247197e+00,0.000000000000000000e+00
1.283592785457646990e+00,0.000000000000000000e+00
1.365857032164621954e+00,0.000000000000000000e+00
1.169694316383615318e+00,0.000000000000000000e+00
1.169694316383615318e+00,0.000000000000000000e+00
1.169694316383615318e+00,0.000000000000000000e+00
1.392398727369703604e+00,0.000000000000000000e+00
1.392398727369703604e+00,0.000000000000000000e+00
1.392398727369703604e+00,0.000000000000000000e+00
1.392398727369703604e+00,0.000000000000000000e+00
1.445922078435278424e+00,0.000000000000000000e+00
1.445922078435278424e+00,0.000000000000000000e+00
1.445922078435278424e+00,0.000000000000000000e+00
1.558008250743299072e+00,0.000000000000000000e+00
1.486244049194053396e+00,0.000000000000000000e+00
1.486244049194053396e+00,0.000000000000000000e+00
1.486244049194053396e+00,0.000000000000000000e+00
1.082883101932001102e+00,0.000000000000000000e+00
1.082883101932001102e+00,0.000000000000000000e+00
1.304452951107998526e+00,0.000000000000000000e+00
1.304452951107998526e+00,0.000000000000000000e+00
1.303344231751988325e+00,0.000000000000000000e+00
1.303344231751988325e+00,0.000000000000000000e+00
1.303344231751988325e+00,0.000000000000000000e+00
1.303344231751988325e+00,0.000000000000000000e+00
1.139858500480040338e+00,0.000000000000000000e+00
1.106581484463704523e+00,0.000000000000000000e+00
1.106581484463704523e+00,0.000000000000000000e+00
1.341267052632327372e+00,0.000000000000000000e+00
1.291041579598580125e+00,0.000000000000000000e+00
1.291041579598580125e+00,0.000000000000000000e+00
1.460404437591708238e+00,0.000000000000000000e+00
1.459861709397120233e+00,0.000000000000000000e+00
1.272159563950694849e+00,0.000000000000000000e+00
1.249080944994262587e+00,0.000000000000000000e+00
1.249080944994262587e+00,0.000000000000000000e+00
1.249080944994262587e+00,0.000000000000000000e+00
1.249080944994262587e+00,0.000000000000000000e+00
1.242217247344277187e+00,0.000000000000000000e+00
1.336471926929111653e+00,0.000000000000000000e+00
1.335584055454771324e+00,0.000000000000000000e+00
1.335584055454771324e+00,0.000000000000000000e+00
1.335584055454771324e+00,0.000000000000000000e+00
1.335584055454771324e+00,0.000000000000000000e+00
1.335584055454771324e+00,0.000000000000000000e+00
1.335584055454771324e+00,0.000000000000000000e+00
1.335584055454771324e+00,0.000000000000000000e+00
1.128948037637804491e+00,0.000000000000000000e+00
1.128948037637804491e+00,0.000000000000000000e+00
1.286980645286610825e+00,0.000000000000000000e+00
1.286980645286610825e+00,0.000000000000000000e+00
1.230866596958419823e+00,0.000000000000000000e+00
1.240639563364540399e+00,0.000000000000000000e+00
1.312792499796957335e+00,0.000000000000000000e+00
1.312792499796957335e+00,0.000000000000000000e+00
1.312792499796957335e+00,0.000000000000000000e+00
1.282980449954514768e+00,0.000000000000000000e+00
1.309718907431270285e+00,0.000000000000000000e+00
1.197863698998237636e+00,0.000000000000000000e+00
1.292733213024096273e+00,0.000000000000000000e+00
1.292733213024096273e+00,0.000000000000000000e+00
1.292733213024096273e+00,0.000000000000000000e+00
1.284344394125735755e+00,0.000000000000000000e+00
1.132844259336019510e+00,0.000000000000000000e+00
1.158253632105114006e+00,0.000000000000000000e+00
1.158253632105114006e+00,0.000000000000000000e+00
1.366980343173574530e+00,0.000000000000000000e+00
1.366980343173574530e+00,0.000000000000000000e+00
1.258364503849678684e+00,0.000000000000000000e+00
1.386770323228816881e+00,0.000000000000000000e+00
1.227647175735049778e+00,0.000000000000000000e+00
1.227647175735049778e+00,0.000000000000000000e+00
1.244923691962440460e+00,0.000000000000000000e+00
1.244923691962440460e+00,0.000000000000000000e+00
1.244923691962440460e+00,0.000000000000000000e+00
1.244923691962440460e+00,0.000000000000000000e+00
1.343268777176070516e+00,0.000000000000000000e+00
1.343268777176070516e+00,0.000000000000000000e+00
1.241459635657605753e+00,0.000000000000000000e+00
1.320683321034607172e+00,0.000000000000000000e+00
1.320683321034607172e+00,0.000000000000000000e+00
1.320683321034607172e+00,0.000000000000000000e+00
1.326948715448755811e+00,0.000000000000000000e+00
1.326948715448755811e+00,0.000000000000000000e+00
1.330068510794824688e+00,0.000000000000000000e+00
1.274679240894847521e+00,0.000000000000000000e+00
1.352310619496691402e+00,0.000000000000000000e+00
1.352310619496691402e+00,0.000000000000000000e+00
1.352310619496691402e+00,0.000000000000000000e+00
1.352310619496691402e+00,0.000000000000000000e+00
1.255479158574126508e+00,0.000000000000000000e+00
1.233162211473645131e+00,0.000000000000000000e+00
1.233162211473645131e+00,0.000000000000000000e+00
1.289563029942884409e+00,0.000000000000000000e+00
1.219475072420809880e+00,0.000000000000000000e+00
1.103781974335430682e+00,0.000000000000000000e+00
1.081527224987174352e+00,0.000000000000000000e+00
1.081527224987174352e+00,0.000000000000000000e+00
1.123487652490940070e+00,0.000000000000000000e+00
1.123487652490940070e+00,0.000000000000000000e+00
1.272418777729619421e+00,0.000000000000000000e+00
1.289129911173202414e+00,0.000000000000000000e+00
1.289129911173202414e+00,0.000000000000000000e+00
1.185787955380009251e+00,0.000000000000000000e+00
1.347347618687731341e+00,0.000000000000000000e+00
1.270398430781270127e+00,0.000000000000000000e+00
1.270398430781270127e+00,0.000000000000000000e+00
1.316282776202054583e+00,0.000000000000000000e+00
1.260804424448825678e+00,0.000000000000000000e+00
1.260804424448825678e+00,0.000000000000000000e+00
1.306355993275074123e+00,0.000000000000000000e+00
1.125598018614688334e+00,0.000000000000000000e+00
1.207670534316194200e+00,0.000000000000000000e+00
1.217088678920106748e+00,0.000000000000000000e+00
1.409329626644614253e+00,0.000000000000000000e+00
1.374017770095994129e+00,0.000000000000000000e+00
1.212712198368667060e+00,0.000000000000000000e+00
1.170563623810425558e+00,0.000000000000000000e+00
1.057259805319604506e+00,0.000000000000000000e+00
1.136786187581942720e+00,0.000000000000000000e+00
1.381322879203779497e+00,0.000000000000000000e+00
1.381322879203779497e+00,0.000000000000000000e+00
1.252526617332400782e+00,0.000000000000000000e+00
1.252526617332400782e+00,0.000000000000000000e+00
1.265057712406129520e+00,0.000000000000000000e+00
1.128079582079719811e+00,0.000000000000000000e+00
1.128079582079719811e+00,0.000000000000000000e+00
1.128079582079719811e+00,0.000000000000000000e+00
1.147957000863794264e+00,0.000000000000000000e+00
1.131421404429800326e+00,0.000000000000000000e+00
1.171238316347761765e+00,0.000000000000000000e+00
1.171238316347761765e+00,0.000000000000000000e+00
1.171238316347761765e+00,0.000000000000000000e+00
1.171238316347761765e+00,0.000000000000000000e+00
1.171238316347761765e+00,0.000000000000000000e+00
1.171238316347761765e+00,0.000000000000000000e+00
1.287731135017458950e+00,0.000000000000000000e+00
1.329536817911965541e+00,0.000000000000000000e+00
1.329536817911965541e+00,0.000000000000000000e+00
1.329536817911965541e+00,0.000000000000000000e+00
1.223602155295251404e+00,0.000000000000000000e+00
1.223602155295251404e+00,0.000000000000000000e+00
1.223602155295251404e+00,0.000000000000000000e+00
1.223602155295251404e+00,0.000000000000000000e+00
1.206666842484203972e+00,0.000000000000000000e+00
1.120990781629192634e+00,0.000000000000000000e+00
1.266228570571442447e+00,0.000000000000000000e+00
1.340630314397600165e+00,0.000000000000000000e+00
1.243482359951810334e+00,0.000000000000000000e+00
1.243482359951810334e+00,0.000000000000000000e+00
1.131437331961810955e+00,0.000000000000000000e+00
1.309100738716909573e+00,0.000000000000000000e+00
1.193264164469792110e+00,0.000000000000000000e+00
1.150773983261645927e+00,0.000000000000000000e+00
1.150773983261645927e+00,0.000000000000000000e+00
1.150773983261645927e+00,0.000000000000000000e+00
1.150773983261645927e+00,0.000000000000000000e+00
1.341605669323874706e+00,0.000000000000000000e+00
1.346998801305965054e+00,0.000000000000000000e+00
1.197812355549646934e+00,0.000000000000000000e+00
1.197812355549646934e+00,0.000000000000000000e+00
1.462027464922915243e+00,0.000000000000000000e+00
1.432112229292465289e+00,0.000000000000000000e+00
1.388276889256332636e+00,0.000000000000000000e+00
1.318707854251618627e+00,0.000000000000000000e+00
1.318707854251618627e+00,0.000000000000000000e+00
1.304221550281187358e+00,0.000000000000000000e+00
1.304221550281187358e+00,0.000000000000000000e+00
1.198548262807384024e+00,0.000000000000000000e+00
1.198548262807384024e+00,0.000000000000000000e+00
1.198548262807384024e+00,0.000000000000000000e+00
1.195905302281023319e+00,0.000000000000000000e+00
1.303238570895265847e+00,0.000000000000000000e+00
1.303238570895265847e+00,0.000000000000000000e+00
1.303238570895265847e+00,0.000000000000000000e+00
1.234582832735931612e+00,0.000000000000000000e+00
1.280980160414873170e+00,0.000000000000000000e+00
1.280980160414873170e+00,0.000000000000000000e+00
1.241607444635469903e+00,0.000000000000000000e+00
1.241607444635469903e+00,0.000000000000000000e+00
1.241607444635469903e+00,0.000000000000000000e+00
1.364913543241866423e+00,0.000000000000000000e+00
1.364913543241866423e+00,0.000000000000000000e+00
1.364913543241866423e+00,0.000000000000000000e+00
1.364913543241866423e+00,0.000000000000000000e+00
1.364913543241866423e+00,0.000000000000000000e+00
1.364913543241866423e+00,0.000000000000000000e+00
1.210413632066344336e+00,0.000000000000000000e+00
1.210413632066344336e+00,0.000000000000000000e+00
1.286944460796133116e+00,0.000000000000000000e+00
1.148624700380210140e+00,0.000000000000000000e+00
1.236265535312569552e+00,0.000000000000000000e+00
1.236265535312569552e+00,0.000000000000000000e+00
1.236647356194012115e+00,0.000000000000000000e+00
1.236647356194012115e+00,0.000000000000000000e+00
1.299085895353248254e+00,0.000000000000000000e+00
1.401755994921632498e+00,0.000000000000000000e+00
1.401755994921632498e+00,0.000000000000000000e+00
1.413458221307708484e+00,0.000000000000000000e+00
1.253310283692827154e+00,0.000000000000000000e+00
1.253310283692827154e+00,0.000000000000000000e+00
1.237912829154115713e+00,0.000000000000000000e+00
1.243821193344851528e+00,0.000000000000000000e+00
1.269675639810891710e+00,0.000000000000000000e+00
1.363120499978859312e+00,0.000000000000000000e+00
1.246266524698247835e+00,0.000000000000000000e+00
1.246266524698247835e+00,0.000000000000000000e+00
1.329958781938928247e+00,0.000000000000000000e+00
1.284616172964969438e+00,0.000000000000000000e+00
1.284616172964969438e+00,0.000000000000000000e+00
1.284616172964969438e+00,0.000000000000000000e+00
1.404337469716495423e+00,0.000000000000000000e+00
1.404337469716495423e+00,0.000000000000000000e+00
1.422585616407439968e+00,0.000000000000000000e+00
1.422585616407439968e+00,0.000000000000000000e+00
1.092506316699608959e+00,0.000000000000000000e+00
1.092506316699608959e+00,0.000000000000000000e+00
1.222091121269774261e+00,0.000000000000000000e+00
1.222091121269774261e+00,0.000000000000000000e+00
1.222091121269774261e+00,0.000000000000000000e+00
1.187523819361059552e+00,0.000000000000000000e+00
1.152351875818119042e+00,0.000000000000000000e+00
1.152351875818119042e+00,0.000000000000000000e+00
1.170500701739385585e+00,0.000000000000000000e+00
1.319685744373379377e+00,0.000000000000000000e+00
1.319685744373379377e+00,0.000000000000000000e+00
1.319685744373379377e+00,0.000000000000000000e+00
1.149791280973367691e+00,0.000000000000000000e+00
1.165785857379529222e+00,0.000000000000000000e+00
1.165785857379529222e+00,0.000000000000000000e+00
1.186955509671119957e+00,0.000000000000000000e+00
1.186955509671119957e+00,0.000000000000000000e+00
1.186955509671119957e+00,0.000000000000000000e+00
1.186955509671119957e+00,0.000000000000000000e+00
1.186955509671119957e+00,0.000000000000000000e+00
1.186955509671119957e+00,0.000000000000000000e+00
1.186955509671119957e+00,0.000000000000000000e+00
1.186955509671119957e+00,0.000000000000000000e+00
1.115251843311513502e+00,0.000000000000000000e+00
1.039280070241597853e+00,0.000000000000000000e+00
1.039280070241597853e+00,0.000000000000000000e+00
1.120705422425430919e+00,0.000000000000000000e+00
1.367008137916443378e+00,0.000000000000000000e+00
1.391879688645946800e+00,0.000000000000000000e+00
1.391879688645946800e+00,0.000000000000000000e+00
1.391879688645946800e+00,0.000000000000000000e+00
1.493450207910218541e+00,0.000000000000000000e+00
1.326155274205098378e+00,0.000000000000000000e+00
1.431867729677366752e+00,0.000000000000000000e+00
1.431867729677366752e+00,0.000000000000000000e+00
1.383293277064105320e+00,0.000000000000000000e+00
1.271780087043717478e+00,0.000000000000000000e+00
1.352250350990343852e+00,0.000000000000000000e+00
1.352250350990343852e+00,0.000000000000000000e+00
1.352250350990343852e+00,0.000000000000000000e+00
1.179020060032640593e+00,0.000000000000000000e+00
1.179020060032640593e+00,0.000000000000000000e+00
1.122888189973110018e+00,0.000000000000000000e+00
1.122888189973110018e+00,0.000000000000000000e+00
1.122888189973110018e+00,0.000000000000000000e+00
1.200886146754493788e+00,0.000000000000000000e+00
1.200886146754493788e+00,0.000000000000000000e+00
1.289371348139559004e+00,0.000000000000000000e+00
1.106597805107909505e+00,0.000000000000000000e+00
1.106597805107909505e+00,0.000000000000000000e+00
1.106597805107909505e+00,0.000000000000000000e+00
1.106597805107909505e+00,0.000000000000000000e+00
1.106597805107909505e+00,0.000000000000000000e+00
1.106597805107909505e+00,0.000000000000000000e+00
1.214046577544325656e+00,0.000000000000000000e+00
1.390999153549777656e+00,0.000000000000000000e+00
1.390999153549777656e+00,0.000000000000000000e+00
1.201759361882137833e+00,0.000000000000000000e+00
1.141410369705498695e+00,0.000000000000000000e+00
1.018212815551756467e+00,0.000000000000000000e+00
9.858827872639467360e-01,0.000000000000000000e+00
1.307869543865837425e+00,0.000000000000000000e+00
1.307869543865837425e+00,0.000000000000000000e+00
1.307869543865837425e+00,0.000000000000000000e+00
1.307869543865837425e+00,0.000000000000000000e+00
1.307869543865837425e+00,0.000000000000000000e+00
1.349194619674812357e+00,0.000000000000000000e+00
1.151252888569018973e+00,0.000000000000000000e+00
1.151252888569018973e+00,0.000000000000000000e+00
1.067239115488453516e+00,0.000000000000000000e+00
1.067239115488453516e+00,0.000000000000000000e+00
1.067239115488453516e+00,0.000000000000000000e+00
1.269123880379267710e+00,0.000000000000000000e+00
1.265162133621254403e+00,0.000000000000000000e+00
1.265162133621254403e+00,0.000000000000000000e+00
1.144525091146324947e+00,0.000000000000000000e+00
1.125060322254492373e+00,0.000000000000000000e+00
1.180155819225879643e+00,0.000000000000000000e+00
1.203822114811296640e+00,0.000000000000000000e+00
1.355826522294218073e+00,0.000000000000000000e+00
1.413693318722444303e+00,0.000000000000000000e+00
1.217341043468639139e+00,0.000000000000000000e+00
1.354896803578510056e+00,0.000000000000000000e+00
1.224144476872052856e+00,0.000000000000000000e+00
1.224144476872052856e+00,0.000000000000000000e+00
1.224144476872052856e+00,0.000000000000000000e+00
1.224144476872052856e+00,0.000000000000000000e+00
1.243156536586750960e+00,0.000000000000000000e+00
1.243156536586750960e+00,0.000000000000000000e+00
1.243156536586750960e+00,0.000000000000000000e+00
1.243156536586750960e+00,0.000000000000000000e+00
1.296516875880328268e+00,0.000000000000000000e+00
1.296516875880328268e+00,0.000000000000000000e+00
1.296516875880328268e+00,0.000000000000000000e+00
1.251275925476221795e+00,0.000000000000000000e+00
1.251275925476221795e+00,0.000000000000000000e+00
1.340961350499187743e+00,0.000000000000000000e+00
1.224673083334142376e+00,0.000000000000000000e+00
1.224673083334142376e+00,0.000000000000000000e+00
1.224673083334142376e+00,0.000000000000000000e+00
1.224673083334142376e+00,0.000000000000000000e+00
1.319455551067147070e+00,0.000000000000000000e+00
1.319455551067147070e+00,0.000000000000000000e+00
1.319455551067147070e+00,0.000000000000000000e+00
1.319455551067147070e+00,0.000000000000000000e+00
1.271708440682371988e+00,0.000000000000000000e+00
1.271708440682371988e+00,0.000000000000000000e+00
1.227449406357109973e+00,0.000000000000000000e+00
1.213373050253927055e+00,0.000000000000000000e+00
1.125047892006537653e+00,0.000000000000000000e+00
1.320970689178822655e+00,0.000000000000000000e+00
1.226687220026990266e+00,0.000000000000000000e+00
1.226687220026990266e+00,0.000000000000000000e+00
1.226687220026990266e+00,0.000000000000000000e+00
1.238337969667549832e+00,0.000000000000000000e+00
1.148729591233438541e+00,0.000000000000000000e+00
1.183445813130939328e+00,0.000000000000000000e+00
1.168219865864785767e+00,0.000000000000000000e+00
1.094423354461391051e+00,0.000000000000000000e+00
1.116814955869755321e+00,0.000000000000000000e+00
1.250911228810096532e+00,0.000000000000000000e+00
1.275975433963277839e+00,0.000000000000000000e+00
1.275975433963277839e+00,0.000000000000000000e+00
1.228490503164376690e+00,0.000000000000000000e+00
1.094038967727683387e+00,0.000000000000000000e+00
1.211962542079782157e+00,0.000000000000000000e+00
1.211962542079782157e+00,0.000000000000000000e+00
1.122698900764255603e+00,0.000000000000000000e+00
1.148607936856903322e+00,0.000000000000000000e+00
1.133605026990966325e+00,0.000000000000000000e+00
1.133605026990966325e+00,0.000000000000000000e+00
1.133605026990966325e+00,0.000000000000000000e+00
1.218265195447072680e+00,0.000000000000000000e+00
1.218265195447072680e+00,0.000000000000000000e+00
1.402409658514517821e+00,0.000000000000000000e+00
1.438582787601160318e+00,0.000000000000000000e+00
1.295456023332065776e+00,0.000000000000000000e+00
1.367595766701008575e+00,0.000000000000000000e+00
1.345404955117099011e+00,0.000000000000000000e+00
1.345404955117099011e+00,0.000000000000000000e+00
1.345404955117099011e+00,0.000000000000000000e+00
1.173459264632208843e+00,0.000000000000000000e+00
1.227250741971080306e+00,0.000000000000000000e+00
1.182946771939707098e+00,0.000000000000000000e+00
1.182946771939707098e+00,0.000000000000000000e+00
1.264941595483428882e+00,0.000000000000000000e+00
1.055044035391168977e+00,0.000000000000000000e+00
1.055044035391168977e+00,0.000000000000000000e+00
1.052537199777458632e+00,0.000000000000000000e+00
1.052537199777458632e+00,0.000000000000000000e+00
1.337805951329081200e+00,0.000000000000000000e+00
1.360588006419261031e+00,0.000000000000000000e+00
1.224079151665045995e+00,0.000000000000000000e+00
1.386361022767625517e+00,0.000000000000000000e+00
1.369279478585655907e+00,0.000000000000000000e+00
1.194838501320739432e+00,0.000000000000000000e+00
1.242725283299337624e+00,0.000000000000000000e+00
1.388555912059919573e+00,0.000000000000000000e+00
1.388555912059919573e+00,0.000000000000000000e+00
1.388555912059919573e+00,0.000000000000000000e+00
1.372119544604307517e+00,0.000000000000000000e+00
1.326194870682892546e+00,0.000000000000000000e+00
1.326194870682892546e+00,0.000000000000000000e+00
1.341267380000598308e+00,0.000000000000000000e+00
1.259882626872511180e+00,0.000000000000000000e+00
1.259882626872511180e+00,0.000000000000000000e+00
1.188833640442249928e+00,0.000000000000000000e+00
1.167596348706763987e+00,0.000000000000000000e+00
1.303023221929254571e+00,0.000000000000000000e+00
1.300296254763063208e+00,0.000000000000000000e+00
1.218031697785434631e+00,0.000000000000000000e+00
1.302290747172852869e+00,0.000000000000000000e+00
1.287928248458473757e+00,0.000000000000000000e+00
1.282541335682023442e+00,0.000000000000000000e+00
1.411424082225704257e+00,0.000000000000000000e+00
1.420943170474492145e+00,0.000000000000000000e+00
1.256790207349056887e+00,0.000000000000000000e+00
1.256790207349056887e+00,0.000000000000000000e+00
1.319403699836828370e+00,0.000000000000000000e+00
1.319403699836828370e+00,0.000000000000000000e+00
1.359495692667785915e+00,0.000000000000000000e+00
1.328532916468228908e+00,0.000000000000000000e+00
1.328532916468228908e+00,0.000000000000000000e+00
1.227463932403658031e+00,0.000000000000000000e+00
1.227463932403658031e+00,0.000000000000000000e+00
1.225588412287476059e+00,0.000000000000000000e+00
1.225588412287476059e+00,0.000000000000000000e+00
1.228181316838253379e+00,0.000000000000000000e+00
1.228181316838253379e+00,0.000000000000000000e+00
1.240855218325597420e+00,0.000000000000000000e+00
1.299051737929041828e+00,0.000000000000000000e+00
1.207825669616296560e+00,0.000000000000000000e+00
1.405088213865517188e+00,0.000000000000000000e+00
1.405088213865517188e+00,0.000000000000000000e+00
1.405088213865517188e+00,0.000000000000000000e+00
1.367116825964798554e+00,0.000000000000000000e+00
1.367116825964798554e+00,0.000000000000000000e+00
1.365214676570659869e+00,0.000000000000000000e+00
1.307225873802607241e+00,0.000000000000000000e+00
1.270760562403073113e+00,0.000000000000000000e+00
1.270760562403073113e+00,0.000000000000000000e+00
1.318010808372324982e+00,0.000000000000000000e+00
1.316073367200152777e+00,0.000000000000000000e+00
1.289678451625754674e+00,0.000000000000000000e+00
1.302138718607043444e+00,0.000000000000000000e+00
1.302138718607043444e+00,0.000000000000000000e+00
1.302138718607043444e+00,0.000000000000000000e+00
1.302138718607043444e+00,0.000000000000000000e+00
1.117678031276789552e+00,0.000000000000000000e+00
1.117678031276789552e+00,0.000000000000000000e+00
1.117678031276789552e+00,0.000000000000000000e+00
1.117678031276789552e+00,0.000000000000000000e+00
1.117678031276789552e+00,0.000000000000000000e+00
1.117678031276789552e+00,0.000000000000000000e+00
1.117678031276789552e+00,0.000000000000000000e+00
1.117678031276789552e+00,0.000000000000000000e+00
1.297480219766122156e+00,0.000000000000000000e+00
1.297480219766122156e+00,0.000000000000000000e+00
1.328349322026715296e+00,0.000000000000000000e+00
1.328349322026715296e+00,0.000000000000000000e+00
1.328349322026715296e+00,0.000000000000000000e+00
1.328349322026715296e+00,0.000000000000000000e+00
1.328349322026715296e+00,0.000000000000000000e+00
1.319120319806355024e+00,0.000000000000000000e+00
1.363821635166795332e+00,0.000000000000000000e+00
1.401213775374195558e+00,0.000000000000000000e+00
1.220446376669661603e+00,0.000000000000000000e+00
1.403899064011242093e+00,0.000000000000000000e+00
1.257774883084280315e+00,0.000000000000000000e+00
1.239768754617215807e+00,0.000000000000000000e+00
1.193678298896915013e+00,0.000000000000000000e+00
1.335404134658127795e+00,0.000000000000000000e+00
1.335404134658127795e+00,0.000000000000000000e+00
1.219551173703826263e+00,0.000000000000000000e+00
1.219551173703826263e+00,0.000000000000000000e+00
1.219551173703826263e+00,0.000000000000000000e+00
1.219551173703826263e+00,0.000000000000000000e+00
1.334101304700458623e+00,0.000000000000000000e+00
1.334101304700458623e+00,0.000000000000000000e+00
1.334101304700458623e+00,0.000000000000000000e+00
1.257319969862956022e+00,0.000000000000000000e+00
1.257319969862956022e+00,0.000000000000000000e+00
1.428671643768492316e+00,0.000000000000000000e+00
1.428671643768492316e+00,0.000000000000000000e+00
1.428671643768492316e+00,0.000000000000000000e+00
1.263803019095623981e+00,0.000000000000000000e+00
1.255035632369729148e+00,0.000000000000000000e+00
1.255035632369729148e+00,0.000000000000000000e+00
1.255035632369729148e+00,0.000000000000000000e+00
1.255035632369729148e+00,0.000000000000000000e+00
1.313535077179201149e+00,0.000000000000000000e+00
1.313535077179201149e+00,0.000000000000000000e+00
1.313535077179201149e+00,0.000000000000000000e+00
1.313535077179201149e+00,0.000000000000000000e+00
1.313535077179201149e+00,0.000000000000000000e+00
1.285170229556633403e+00,0.000000000000000000e+00
1.258142073310546616e+00,0.000000000000000000e+00
1.258142073310546616e+00,0.000000000000000000e+00
1.375531704001042410e+00,0.000000000000000000e+00
1.227598939462906769e+00,0.000000000000000000e+00
1.245956124984968660e+00,0.000000000000000000e+00
1.245956124984968660e+00,0.000000000000000000e+00
1.284709169939393769e+00,0.000000000000000000e+00
1.071031861243850969e+00,0.000000000000000000e+00
1.220225066258302959e+00,0.000000000000000000e+00
1.220225066258302959e+00,0.000000000000000000e+00
1.222639083841410956e+00,0.000000000000000000e+00
1.222639083841410956e+00,0.000000000000000000e+00
1.222639083841410956e+00,0.000000000000000000e+00
1.222639083841410956e+00,0.000000000000000000e+00
1.191796466979358371e+00,0.000000000000000000e+00
1.314005923976328205e+00,0.000000000000000000e+00
1.320167783705882503e+00,0.000000000000000000e+00
1.320167783705882503e+00,0.000000000000000000e+00
1.314856596118029852e+00,0.000000000000000000e+00
1.314856596118029852e+00,0.000000000000000000e+00
1.289782988799212493e+00,0.000000000000000000e+00
1.289782988799212493e+00,0.000000000000000000e+00
1.127478947620093486e+00,0.000000000000000000e+00
1.281884532460272119e+00,0.000000000000000000e+00
1.281884532460272119e+00,0.000000000000000000e+00
1.514608301707938365e+00,0.000000000000000000e+00
1.352669692417557412e+00,0.000000000000000000e+00
1.352669692417557412e+00,0.000000000000000000e+00
1.352669692417557412e+00,0.000000000000000000e+00
1.352669692417557412e+00,0.000000000000000000e+00
1.176715971770621483e+00,0.000000000000000000e+00
1.209740962212798365e+00,0.000000000000000000e+00
1.236545338236207048e+00,0.000000000000000000e+00
1.245643019534041773e+00,0.000000000000000000e+00
1.276575730485285831e+00,0.000000000000000000e+00
1.276575730485285831e+00,0.000000000000000000e+00
1.227158725644443837e+00,0.000000000000000000e+00
1.301978360146436975e+00,0.000000000000000000e+00
1.362853691863944672e+00,0.000000000000000000e+00
1.362853691863944672e+00,0.000000000000000000e+00
1.362853691863944672e+00,0.000000000000000000e+00
1.308110967082888987e+00,0.000000000000000000e+00
1.308110967082888987e+00,0.000000000000000000e+00
1.145668748075410637e+00,0.000000000000000000e+00
1.190296490254891593e+00,0.000000000000000000e+00
1.198342203750815571e+00,0.000000000000000000e+00
1.198342203750815571e+00,0.000000000000000000e+00
1.198342203750815571e+00,0.000000000000000000e+00
1.158529643886441196e+00,0.000000000000000000e+00
1.158529643886441196e+00,0.000000000000000000e+00
1.188552249366175761e+00,0.000000000000000000e+00
1.188552249366175761e+00,0.000000000000000000e+00
1.137994436418040989e+00,0.000000000000000000e+00
1.137994436418040989e+00,0.000000000000000000e+00
1.210870204311235154e+00,0.000000000000000000e+00
1.210870204311235154e+00,0.000000000000000000e+00
1.276033462190777845e+00,0.000000000000000000e+00
1.276033462190777845e+00,0.000000000000000000e+00
1.317258656806234329e+00,0.000000000000000000e+00
1.308227131059039872e+00,0.000000000000000000e+00
1.481312923128839554e+00,0.000000000000000000e+00
1.443233248656467405e+00,0.000000000000000000e+00
1.459276368857851613e+00,0.000000000000000000e+00
1.441938411808122655e+00,0.000000000000000000e+00
1.378718745825052494e+00,0.000000000000000000e+00
1.237939074536896777e+00,0.000000000000000000e+00
1.273493897816905474e+00,0.000000000000000000e+00
1.255848553214299779e+00,0.000000000000000000e+00
1.267765230798830522e+00,0.000000000000000000e+00
1.267765230798830522e+00,0.000000000000000000e+00
1.267765230798830522e+00,0.000000000000000000e+00
1.267765230798830522e+00,0.000000000000000000e+00
1.329965288356594000e+00,0.000000000000000000e+00
1.247866746807812177e+00,0.000000000000000000e+00
1.198431857621465424e+00,0.000000000000000000e+00
1.160920492968921858e+00,0.000000000000000000e+00
1.144924424032722987e+00,0.000000000000000000e+00
1.144924424032722987e+00,0.000000000000000000e+00
1.223790855500951569e+00,0.000000000000000000e+00
1.223790855500951569e+00,0.000000000000000000e+00
1.248878334451513972e+00,0.000000000000000000e+00
1.308258824767253081e+00,0.000000000000000000e+00
1.375464235836469262e+00,0.000000000000000000e+00
1.375464235836469262e+00,0.000000000000000000e+00
1.375464235836469262e+00,0.000000000000000000e+00
1.445344352605054006e+00,0.000000000000000000e+00
1.411448383317583932e+00,0.000000000000000000e+00
1.266420910345815276e+00,0.000000000000000000e+00
1.232881039181292548e+00,0.000000000000000000e+00
1.232881039181292548e+00,0.000000000000000000e+00
1.395083487489906293e+00,0.000000000000000000e+00
1.395083487489906293e+00,0.000000000000000000e+00
1.184531756400451386e+00,0.000000000000000000e+00
1.285510348702937566e+00,0.000000000000000000e+00
1.143799618145961317e+00,0.000000000000000000e+00
1.143799618145961317e+00,0.000000000000000000e+00
1.261524799527759866e+00,0.000000000000000000e+00
1.264695205222075014e+00,0.000000000000000000e+00
1.147609850843302359e+00,0.000000000000000000e+00
1.185762961886391853e+00,0.000000000000000000e+00
1.144388651808152080e+00,0.000000000000000000e+00
1.144388651808152080e+00,0.000000000000000000e+00
1.056554343702489573e+00,0.000000000000000000e+00
1.037922387351390974e+00,0.000000000000000000e+00
1.037922387351390974e+00,0.000000000000000000e+00
1.037922387351390974e+00,0.000000000000000000e+00
1.046475060206776941e+00,0.000000000000000000e+00
9.687495253398262784e-01,0.000000000000000000e+00
9.687495253398262784e-01,0.000000000000000000e+00
9.687495253398262784e-01,0.000000000000000000e+00
9.687495253398262784e-01,0.000000000000000000e+00
9.687495253398262784e-01,0.000000000000000000e+00
9.687495253398262784e-01,0.000000000000000000e+00
1.134761794380196864e+00,0.000000000000000000e+00
1.134761794380196864e+00,0.000000000000000000e+00
1.156750743755360800e+00,0.000000000000000000e+00
1.167905207099821707e+00,0.000000000000000000e+00
1.316399316220881799e+00,0.000000000000000000e+00
1.318582044899689887e+00,0.000000000000000000e+00
1.318582044899689887e+00,0.000000000000000000e+00
1.362928753145958405e+00,0.000000000000000000e+00
1.490484297636728961e+00,0.000000000000000000e+00
1.475344989653395666e+00,0.000000000000000000e+00
1.461072145801804778e+00,0.000000000000000000e+00
1.330385989790172196e+00,0.000000000000000000e+00
1.330385989790172196e+00,0.000000000000000000e+00
1.154989745017832581e+00,0.000000000000000000e+00
1.190438121919564329e+00,0.000000000000000000e+00
1.190261765148901585e+00,0.000000000000000000e+00
1.289574814751552001e+00,0.000000000000000000e+00
1.289574814751552001e+00,0.000000000000000000e+00
1.229313045529533577e+00,0.000000000000000000e+00
1.229313045529533577e+00,0.000000000000000000e+00
1.229313045529533577e+00,0.000000000000000000e+00
1.229313045529533577e+00,0.000000000000000000e+00
1.229313045529533577e+00,0.000000000000000000e+00
1.156678191641582698e+00,0.000000000000000000e+00
1.156678191641582698e+00,0.000000000000000000e+00
1.142017332002775332e+00,0.000000000000000000e+00
1.142017332002775332e+00,0.000000000000000000e+00
1.341485357679703450e+00,0.000000000000000000e+00
1.269838988743241082e+00,0.000000000000000000e+00
1.179230542050187847e+00,0.000000000000000000e+00
1.133174900578067357e+00,0.000000000000000000e+00
1.133174900578067357e+00,0.000000000000000000e+00
1.133174900578067357e+00,0.000000000000000000e+00
1.133174900578067357e+00,0.000000000000000000e+00
1.133174900578067357e+00,0.000000000000000000e+00
1.201344672559758298e+00,0.000000000000000000e+00
1.201344672559758298e+00,0.000000000000000000e+00
1.073582728312022283e+00,0.000000000000000000e+00
1.126859700996539759e+00,0.000000000000000000e+00
1.224724763138480998e+00,0.000000000000000000e+00
1.124219845328615408e+00,0.000000000000000000e+00
1.182985993903449939e+00,0.000000000000000000e+00
1.435858705735805430e+00,0.000000000000000000e+00
1.435858705735805430e+00,0.000000000000000000e+00
1.436003361918948951e+00,0.000000000000000000e+00
1.436003361918948951e+00,0.000000000000000000e+00
1.436003361918948951e+00,0.000000000000000000e+00
1.439081738460723958e+00,0.000000000000000000e+00
1.314803060169944526e+00,0.000000000000000000e+00
1.242286242023838527e+00,0.000000000000000000e+00
1.271322988531914167e+00,0.000000000000000000e+00
1.271322988531914167e+00,0.000000000000000000e+00
1.271322988531914167e+00,0.000000000000000000e+00
1.106964657605567837e+00,0.000000000000000000e+00
1.106964657605567837e+00,0.000000000000000000e+00
1.106964657605567837e+00,0.000000000000000000e+00
1.106964657605567837e+00,0.000000000000000000e+00
1.083457084694491313e+00,0.000000000000000000e+00
1.083457084694491313e+00,0.000000000000000000e+00
1.083457084694491313e+00,0.000000000000000000e+00
1.111909641396642723e+00,0.000000000000000000e+00
1.321487358916317634e+00,0.000000000000000000e+00
1.388522137563896530e+00,0.000000000000000000e+00
1.265930382432262080e+00,0.000000000000000000e+00
1.265930382432262080e+00,0.000000000000000000e+00
1.356784412909565196e+00,0.000000000000000000e+00
1.356784412909565196e+00,0.000000000000000000e+00
1.356784412909565196e+00,0.000000000000000000e+00
1.280334736833745435e+00,0.000000000000000000e+00
1.328400545645825215e+00,0.000000000000000000e+00
1.328400545645825215e+00,0.000000000000000000e+00
1.328400545645825215e+00,0.000000000000000000e+00
1.328400545645825215e+00,0.000000000000000000e+00
1.328400545645825215e+00,0.000000000000000000e+00
1.328400545645825215e+00,0.000000000000000000e+00
1.328400545645825215e+00,0.000000000000000000e+00
1.328400545645825215e+00,0.000000000000000000e+00
1.352846832609370109e+00,0.000000000000000000e+00
1.217115175495604884e+00,0.000000000000000000e+00
1.217115175495604884e+00,0.000000000000000000e+00
1.411696699207373618e+00,0.000000000000000000e+00
1.549222999407458445e+00,0.000000000000000000e+00
1.549222999407458445e+00,0.000000000000000000e+00
1.549222999407458445e+00,0.000000000000000000e+00
1.549222999407458445e+00,0.000000000000000000e+00
1.549222999407458445e+00,0.000000000000000000e+00
1.418236787873100813e+00,0.000000000000000000e+00
1.326380150599549168e+00,0.000000000000000000e+00
1.291924311013582960e+00,0.000000000000000000e+00
1.082544128534443040e+00,0.000000000000000000e+00
1.082544128534443040e+00,0.000000000000000000e+00
1.098034437624458404e+00,0.000000000000000000e+00
1.098034437624458404e+00,0.000000000000000000e+00
1.271860952070746009e+00,0.000000000000000000e+00
1.271860952070746009e+00,0.000000000000000000e+00
1.254380007185760038e+00,0.000000000000000000e+00
1.280511589969358210e+00,0.000000000000000000e+00
1.311900169457789200e+00,0.000000000000000000e+00
1.403789338432454681e+00,0.000000000000000000e+00
1.254202306917123533e+00,0.000000000000000000e+00
1.254202306917123533e+00,0.000000000000000000e+00
1.144758031794845143e+00,0.000000000000000000e+00
1.325661635952145812e+00,0.000000000000000000e+00
1.136546858554704942e+00,0.000000000000000000e+00
1.136546858554704942e+00,0.000000000000000000e+00
1.356942537438508678e+00,0.000000000000000000e+00
1.258356850985806075e+00,0.000000000000000000e+00
1.258356850985806075e+00,0.000000000000000000e+00
1.177495464206470555e+00,0.000000000000000000e+00
1.210947315854700168e+00,0.000000000000000000e+00
1.304053962813341405e+00,0.000000000000000000e+00
1.277339479157185487e+00,0.000000000000000000e+00
1.217519649461081599e+00,0.000000000000000000e+00
1.331931360845031165e+00,0.000000000000000000e+00
1.331931360845031165e+00,0.000000000000000000e+00
1.342302376492542582e+00,0.000000000000000000e+00
1.342302376492542582e+00,0.000000000000000000e+00
1.342302376492542582e+00,0.000000000000000000e+00
1.088742240481591850e+00,0.000000000000000000e+00
1.258372054949343122e+00,0.000000000000000000e+00
1.226761529105933946e+00,0.000000000000000000e+00
1.260882476283417652e+00,0.000000000000000000e+00
1.157420631486546059e+00,0.000000000000000000e+00
1.214174040266217114e+00,0.000000000000000000e+00
1.214174040266217114e+00,0.000000000000000000e+00
1.214174040266217114e+00,0.000000000000000000e+00
1.355291673525770957e+00,0.000000000000000000e+00
1.355291673525770957e+00,0.000000000000000000e+00
1.100643825724055391e+00,0.000000000000000000e+00
1.110351936864307554e+00,0.000000000000000000e+00
1.253889662289346729e+00,0.000000000000000000e+00
1.347443209462749092e+00,0.000000000000000000e+00
1.347443209462749092e+00,0.000000000000000000e+00
1.347443209462749092e+00,0.000000000000000000e+00
1.347443209462749092e+00,0.000000000000000000e+00
1.347443209462749092e+00,0.000000000000000000e+00
1.254216338220836668e+00,0.000000000000000000e+00
1.254216338220836668e+00,0.000000000000000000e+00
1.158301664249957730e+00,0.000000000000000000e+00
1.158301664249957730e+00,0.000000000000000000e+00
1.158301664249957730e+00,0.000000000000000000e+00
1.136086986156807033e+00,0.000000000000000000e+00
1.160482145667500964e+00,0.000000000000000000e+00
1.129530519440381964e+00,0.000000000000000000e+00
1.340500010312047907e+00,0.000000000000000000e+00
1.166829758566968911e+00,0.000000000000000000e+00
1.229159405970998931e+00,0.000000000000000000e+00
1.229159405970998931e+00,0.000000000000000000e+00
1.229159405970998931e+00,0.000000000000000000e+00
1.222731468783120556e+00,0.000000000000000000e+00
1.222731468783120556e+00,0.000000000000000000e+00
1.328405812608527636e+00,0.000000000000000000e+00
1.328405812608527636e+00,0.000000000000000000e+00
1.309855023765628568e+00,0.000000000000000000e+00
1.256146355583024121e+00,0.000000000000000000e+00
1.256146355583024121e+00,0.000000000000000000e+00
1.360663067933845616e+00,0.000000000000000000e+00
1.220111530576499570e+00,0.000000000000000000e+00
1.232736161035642652e+00,0.000000000000000000e+00
1.232736161035642652e+00,0.000000000000000000e+00
1.232736161035642652e+00,0.000000000000000000e+00
1.320295288638316134e+00,0.000000000000000000e+00
1.320295288638316134e+00,0.000000000000000000e+00
1.320295288638316134e+00,0.000000000000000000e+00
1.355759925542534550e+00,0.000000000000000000e+00
1.435565873143832105e+00,0.000000000000000000e+00
1.423153723226954437e+00,0.000000000000000000e+00
1.380032080484475898e+00,0.000000000000000000e+00
1.231961298949719064e+00,0.000000000000000000e+00
1.231961298949719064e+00,0.000000000000000000e+00
1.262125058720876547e+00,0.000000000000000000e+00
1.255574646853209186e+00,0.000000000000000000e+00
1.270503967592120587e+00,0.000000000000000000e+00
1.270503967592120587e+00,0.000000000000000000e+00
1.348061180645937274e+00,0.000000000000000000e+00
1.348061180645937274e+00,0.000000000000000000e+00
1.355052979477327835e+00,0.000000000000000000e+00
1.355052979477327835e+00,0.000000000000000000e+00
1.360304532335677496e+00,0.000000000000000000e+00
1.360304532335677496e+00,0.000000000000000000e+00
1.360304532335677496e+00,0.000000000000000000e+00
1.255249345988036946e+00,0.000000000000000000e+00
1.255249345988036946e+00,0.000000000000000000e+00
1.248073757413998619e+00,0.000000000000000000e+00
1.248073757413998619e+00,0.000000000000000000e+00
1.209916819854924164e+00,0.000000000000000000e+00
1.257938548646444055e+00,0.000000000000000000e+00
1.301130367357199225e+00,0.000000000000000000e+00
1.141531448478931399e+00,0.000000000000000000e+00
1.141531448478931399e+00,0.000000000000000000e+00
1.192430306583482480e+00,0.000000000000000000e+00
1.192430306583482480e+00,0.000000000000000000e+00
1.192430306583482480e+00,0.000000000000000000e+00
1.196056099595165456e+00,0.000000000000000000e+00
1.196056099595165456e+00,0.000000000000000000e+00
1.331946580105817901e+00,0.000000000000000000e+00
1.258069429734570699e+00,0.000000000000000000e+00
1.014825796692067073e+00,0.000000000000000000e+00
1.014825796692067073e+00,0.000000000000000000e+00
1.225493501014941478e+00,0.000000000000000000e+00
1.225493501014941478e+00,0.000000000000000000e+00
1.225493501014941478e+00,0.000000000000000000e+00
1.225493501014941478e+00,0.000000000000000000e+00
1.153271770152666464e+00,0.000000000000000000e+00
1.287682952284030069e+00,0.000000000000000000e+00
1.130400614822550276e+00,0.000000000000000000e+00
1.250334065852392040e+00,0.000000000000000000e+00
1.070844581620958413e+00,0.000000000000000000e+00
1.046975554401334163e+00,0.000000000000000000e+00
1.217761513868857559e+00,0.000000000000000000e+00
1.232509742661147767e+00,0.000000000000000000e+00
1.232509742661147767e+00,0.000000000000000000e+00
1.423552549368801934e+00,0.000000000000000000e+00
1.423552549368801934e+00,0.000000000000000000e+00
1.423552549368801934e+00,0.000000000000000000e+00
1.423552549368801934e+00,0.000000000000000000e+00
1.433101882732857435e+00,0.000000000000000000e+00
1.255552392183145738e+00,0.000000000000000000e+00
1.377406830257287274e+00,0.000000000000000000e+00
1.377406830257287274e+00,0.000000000000000000e+00
1.377406830257287274e+00,0.000000000000000000e+00
1.284656806740265278e+00,0.000000000000000000e+00
1.328421715130254421e+00,0.000000000000000000e+00
1.478136635300361990e+00,0.000000000000000000e+00
1.407660438190347030e+00,0.000000000000000000e+00
1.285507231914774229e+00,0.000000000000000000e+00
1.285507231914774229e+00,0.000000000000000000e+00
1.304266868819146774e+00,0.000000000000000000e+00
1.295141467555124937e+00,0.000000000000000000e+00
1.240041030526501720e+00,0.000000000000000000e+00
1.190169939321013226e+00,0.000000000000000000e+00
1.135478788160950936e+00,0.000000000000000000e+00
1.179710986269008721e+00,0.000000000000000000e+00
1.090767906162739109e+00,0.000000000000000000e+00
1.183068859393627159e+00,0.000000000000000000e+00
1.105799972216532590e+00,0.000000000000000000e+00
1.084785691547322850e+00,0.000000000000000000e+00
1.049974734543609678e+00,0.000000000000000000e+00
1.049974734543609678e+00,0.000000000000000000e+00
1.049974734543609678e+00,0.000000000000000000e+00
1.049974734543609678e+00,0.000000000000000000e+00
1.205814076686161140e+00,0.000000000000000000e+00
1.205814076686161140e+00,0.000000000000000000e+00
1.205814076686161140e+00,0.000000000000000000e+00
1.205814076686161140e+00,0.000000000000000000e+00
1.205814076686161140e+00,0.000000000000000000e+00
1.220129771552536324e+00,0.000000000000000000e+00
1.211102007227556010e+00,0.000000000000000000e+00
1.249152802828401354e+00,0.000000000000000000e+00
1.249152802828401354e+00,0.000000000000000000e+00
1.336778919273951649e+00,0.000000000000000000e+00
1.302278468788334864e+00,0.000000000000000000e+00
1.193664931902763682e+00,0.000000000000000000e+00
1.199899693451150773e+00,0.000000000000000000e+00
1.246463123578384957e+00,0.000000000000000000e+00
1.246463123578384957e+00,0.000000000000000000e+00
1.166404976969582563e+00,0.000000000000000000e+00
1.139127480315446528e+00,0.000000000000000000e+00
1.139127480315446528e+00,0.000000000000000000e+00
1.339716880523962983e+00,0.000000000000000000e+00
1.291804189669305325e+00,0.000000000000000000e+00
1.168563464058175905e+00,0.000000000000000000e+00
1.168563464058175905e+00,0.000000000000000000e+00
1.168563464058175905e+00,0.000000000000000000e+00
1.168563464058175905e+00,0.000000000000000000e+00
1.342313984237264446e+00,0.000000000000000000e+00
1.379546767817188213e+00,0.000000000000000000e+00
1.258764920310629698e+00,0.000000000000000000e+00
1.258764920310629698e+00,0.000000000000000000e+00
1.274620976675686190e+00,0.000000000000000000e+00
1.312734476126928396e+00,0.000000000000000000e+00
1.355242770243442418e+00,0.000000000000000000e+00
1.267909268497568576e+00,0.000000000000000000e+00
1.302534005838665410e+00,0.000000000000000000e+00
1.386076501969637720e+00,0.000000000000000000e+00
1.386076501969637720e+00,0.000000000000000000e+00
1.376426422456241694e+00,0.000000000000000000e+00
1.271002757014964679e+00,0.000000000000000000e+00
1.287256695568315568e+00,0.000000000000000000e+00
1.288426063374618957e+00,0.000000000000000000e+00
1.288426063374618957e+00,0.000000000000000000e+00
1.288426063374618957e+00,0.000000000000000000e+00
1.288426063374618957e+00,0.000000000000000000e+00
1.211519776541587268e+00,0.000000000000000000e+00
1.307860245932932708e+00,0.000000000000000000e+00
1.307860245932932708e+00,0.000000000000000000e+00
1.352063638851074501e+00,0.000000000000000000e+00
1.388166479190968916e+00,0.000000000000000000e+00
1.429166614163053906e+00,0.000000000000000000e+00
1.429166614163053906e+00,0.000000000000000000e+00
1.260217814940121084e+00,0.000000000000000000e+00
1.260217814940121084e+00,0.000000000000000000e+00
1.289021697716019821e+00,0.000000000000000000e+00
1.178058130101744094e+00,0.000000000000000000e+00
1.178058130101744094e+00,0.000000000000000000e+00
1.178058130101744094e+00,0.000000000000000000e+00
1.178058130101744094e+00,0.000000000000000000e+00
1.381140981191055772e+00,0.000000000000000000e+00
1.381140981191055772e+00,0.000000000000000000e+00
1.197109877520361243e+00,0.000000000000000000e+00
1.308971688168511172e+00,0.000000000000000000e+00
1.304192941911594961e+00,0.000000000000000000e+00
1.189063401856051083e+00,0.000000000000000000e+00
1.116001052145039862e+00,0.000000000000000000e+00
1.116001052145039862e+00,0.000000000000000000e+00
1.192180694163837762e+00,0.000000000000000000e+00
1.291259087850681331e+00,0.000000000000000000e+00
1.291259087850681331e+00,0.000000000000000000e+00
1.288473665929493750e+00,0.000000000000000000e+00
1.142960856040531326e+00,0.000000000000000000e+00
1.142960856040531326e+00,0.000000000000000000e+00
1.142960856040531326e+00,0.000000000000000000e+00
1.084764319062705429e+00,0.000000000000000000e+00
1.084984133487004287e+00,0.000000000000000000e+00
1.329027839112635778e+00,0.000000000000000000e+00
1.238658954908978149e+00,0.000000000000000000e+00
1.238658954908978149e+00,0.000000000000000000e+00
1.159556621607242821e+00,0.000000000000000000e+00
1.159556621607242821e+00,0.000000000000000000e+00
1.159556621607242821e+00,0.000000000000000000e+00
1.160295722859247869e+00,0.000000000000000000e+00
1.163450689156551254e+00,0.000000000000000000e+00
1.440745290968057812e+00,0.000000000000000000e+00
1.445588869514848884e+00,0.000000000000000000e+00
1.355426912934984962e+00,0.000000000000000000e+00
1.355426912934984962e+00,0.000000000000000000e+00
1.355426912934984962e+00,0.000000000000000000e+00
1.256115828233754561e+00,0.000000000000000000e+00
1.306226619748964923e+00,0.000000000000000000e+00
1.306226619748964923e+00,0.000000000000000000e+00
1.143876950841785867e+00,0.000000000000000000e+00
1.247715669925458570e+00,0.000000000000000000e+00
1.237445473075901470e+00,0.000000000000000000e+00
1.268977313588762534e+00,0.000000000000000000e+00
1.347855558247659680e+00,0.000000000000000000e+00
1.347855558247659680e+00,0.000000000000000000e+00
1.185417933629572040e+00,0.000000000000000000e+00
1.185417933629572040e+00,0.000000000000000000e+00
1.185417933629572040e+00,0.000000000000000000e+00
1.240747202461445875e+00,0.000000000000000000e+00
1.319563451422616884e+00,0.000000000000000000e+00
1.319563451422616884e+00,0.000000000000000000e+00
1.319563451422616884e+00,0.000000000000000000e+00
1.321353647937331122e+00,0.000000000000000000e+00
1.321353647937331122e+00,0.000000000000000000e+00
1.321353647937331122e+00,0.000000000000000000e+00
1.378055678404539464e+00,0.000000000000000000e+00
1.299444844109522545e+00,0.000000000000000000e+00
1.299444844109522545e+00,0.000000000000000000e+00
1.299444844109522545e+00,0.000000000000000000e+00
1.203068396889662939e+00,0.000000000000000000e+00
1.395470776017630143e+00,0.000000000000000000e+00
1.395470776017630143e+00,0.000000000000000000e+00
1.395470776017630143e+00,0.000000000000000000e+00
1.311895332008599313e+00,0.000000000000000000e+00
1.253625047107417068e+00,0.000000000000000000e+00
1.254405946060035415e+00,0.000000000000000000e+00
1.254405946060035415e+00,0.000000000000000000e+00
1.254405946060035415e+00,0.000000000000000000e+00
1.179540316825083757e+00,0.000000000000000000e+00
1.192222852902537378e+00,0.000000000000000000e+00
1.192222852902537378e+00,0.000000000000000000e+00
1.192222852902537378e+00,0.000000000000000000e+00
1.369915899849875940e+00,0.000000000000000000e+00
1.372796575524990681e+00,0.000000000000000000e+00
1.372796575524990681e+00,0.000000000000000000e+00
1.372796575524990681e+00,0.000000000000000000e+00
1.409135426759938969e+00,0.000000000000000000e+00
1.386471063706036233e+00,0.000000000000000000e+00
1.386471063706036233e+00,0.000000000000000000e+00
1.364568132727679295e+00,0.000000000000000000e+00
1.364568132727679295e+00,0.000000000000000000e+00
1.364568132727679295e+00,0.000000000000000000e+00
1.364568132727679295e+00,0.000000000000000000e+00
1.348654509001673496e+00,0.000000000000000000e+00
1.348654509001673496e+00,0.000000000000000000e+00
1.473721422629166389e+00,0.000000000000000000e+00
1.033037507111321140e+00,0.000000000000000000e+00
1.037348239550574869e+00,0.000000000000000000e+00
1.114410861025945110e+00,0.000000000000000000e+00
1.190646223580191787e+00,0.000000000000000000e+00
1.287410452055710364e+00,0.000000000000000000e+00
1.470875336275955236e+00,0.000000000000000000e+00
1.315920680203881865e+00,0.000000000000000000e+00
1.160310565950766204e+00,0.000000000000000000e+00
1.200954228453827488e+00,0.000000000000000000e+00
1.046402299547049886e+00,0.000000000000000000e+00
1.046402299547049886e+00,0.000000000000000000e+00
1.059040802718561824e+00,0.000000000000000000e+00
1.059040802718561824e+00,0.000000000000000000e+00
1.066372388057043485e+00,0.000000000000000000e+00
1.116030428253201867e+00,0.000000000000000000e+00
1.250327570303483515e+00,0.000000000000000000e+00
1.248468741599099374e+00,0.000000000000000000e+00
1.248468741599099374e+00,0.000000000000000000e+00
1.245199027989185581e+00,0.000000000000000000e+00
1.245199027989185581e+00,0.000000000000000000e+00
1.236458171847415688e+00,0.000000000000000000e+00
1.090488109709419451e+00,0.000000000000000000e+00
1.282845633833235688e+00,0.000000000000000000e+00
1.431334455406992223e+00,0.000000000000000000e+00
1.079001935972588644e+00,0.000000000000000000e+00
1.079001935972588644e+00,0.000000000000000000e+00
1.115341188006512496e+00,0.000000000000000000e+00
1.162727889578404117e+00,0.000000000000000000e+00
1.162727889578404117e+00,0.000000000000000000e+00
1.224910624585587637e+00,0.000000000000000000e+00
1.308553587283482145e+00,0.000000000000000000e+00
1.162779107288850478e+00,0.000000000000000000e+00
1.162779107288850478e+00,0.000000000000000000e+00
1.131518521956998313e+00,0.000000000000000000e+00
1.268146511344976801e+00,0.000000000000000000e+00
1.386483120162569582e+00,0.000000000000000000e+00
1.341299681704019253e+00,0.000000000000000000e+00
1.341299681704019253e+00,0.000000000000000000e+00
1.341299681704019253e+00,0.000000000000000000e+00
1.282765245633782580e+00,0.000000000000000000e+00
1.282765245633782580e+00,0.000000000000000000e+00
1.282765245633782580e+00,0.000000000000000000e+00
1.282765245633782580e+00,0.000000000000000000e+00
1.314600322126409981e+00,0.000000000000000000e+00
1.314600322126409981e+00,0.000000000000000000e+00
1.336683475082878214e+00,0.000000000000000000e+00
1.336683475082878214e+00,0.000000000000000000e+00
1.336683475082878214e+00,0.000000000000000000e+00
1.324046021939668805e+00,0.000000000000000000e+00
1.324046021939668805e+00,0.000000000000000000e+00
1.305249897969983808e+00,0.000000000000000000e+00
1.340553216906281708e+00,0.000000000000000000e+00
1.183683469261384236e+00,0.000000000000000000e+00
1.183683469261384236e+00,0.000000000000000000e+00
1.319135864753215426e+00,0.000000000000000000e+00
1.141662568500530162e+00,0.000000000000000000e+00
1.141662568500530162e+00,0.000000000000000000e+00
1.378076162298719431e+00,0.000000000000000000e+00
1.174734585373995888e+00,0.000000000000000000e+00
1.174734585373995888e+00,0.000000000000000000e+00
1.174734585373995888e+00,0.000000000000000000e+00
1.247661959537465615e+00,0.000000000000000000e+00
1.254587049077448890e+00,0.000000000000000000e+00
1.225177094248675491e+00,0.000000000000000000e+00
1.322010613917772304e+00,0.000000000000000000e+00
1.216644595058385958e+00,0.000000000000000000e+00
1.184918610050830212e+00,0.000000000000000000e+00
1.345558892184360866e+00,0.000000000000000000e+00
1.388007367412944726e+00,0.000000000000000000e+00
1.388007367412944726e+00,0.000000000000000000e+00
1.388007367412944726e+00,0.000000000000000000e+00
1.383833272372854806e+00,0.000000000000000000e+00
1.274420270060350635e+00,0.000000000000000000e+00
1.377260233732346295e+00,0.000000000000000000e+00
1.377260233732346295e+00,0.000000000000000000e+00
1.331271747434132013e+00,0.000000000000000000e+00
1.331271747434132013e+00,0.000000000000000000e+00
1.331271747434132013e+00,0.000000000000000000e+00
1.331271747434132013e+00,0.000000000000000000e+00
1.331271747434132013e+00,0.000000000000000000e+00
1.283854141502903001e+00,0.000000000000000000e+00
1.283854141502903001e+00,0.000000000000000000e+00
1.283854141502903001e+00,0.000000000000000000e+00
1.202907787710127074e+00,0.000000000000000000e+00
1.202907787710127074e+00,0.000000000000000000e+00
1.202907787710127074e+00,0.000000000000000000e+00
1.274878052439623044e+00,0.000000000000000000e+00
1.274878052439623044e+00,0.000000000000000000e+00
1.274878052439623044e+00,0.000000000000000000e+00
1.387323655183367643e+00,0.000000000000000000e+00
1.283549950503929393e+00,0.000000000000000000e+00
1.283549950503929393e+00,0.000000000000000000e+00
1.283549950503929393e+00,0.000000000000000000e+00
1.283549950503929393e+00,0.000000000000000000e+00
1.207973143602504518e+00,0.000000000000000000e+00
1.138689090739294141e+00,0.000000000000000000e+00
1.128467127775737433e+00,0.000000000000000000e+00
1.253887257038420078e+00,0.000000000000000000e+00
1.105200281178949417e+00,0.000000000000000000e+00
1.292353039094212175e+00,0.000000000000000000e+00
1.292353039094212175e+00,0.000000000000000000e+00
1.331621667076463567e+00,0.000000000000000000e+00
1.405527168103541280e+00,0.000000000000000000e+00
1.404151225935000413e+00,0.000000000000000000e+00
1.357393111812923214e+00,0.000000000000000000e+00
1.357393111812923214e+00,0.000000000000000000e+00
1.301944665646366905e+00,0.000000000000000000e+00
1.335415455581224542e+00,0.000000000000000000e+00
1.339142150028229450e+00,0.000000000000000000e+00
1.300191716996790925e+00,0.000000000000000000e+00
1.158223052902841665e+00,0.000000000000000000e+00
1.266015283239551703e+00,0.000000000000000000e+00
1.406222532530064129e+00,0.000000000000000000e+00
1.406222532530064129e+00,0.000000000000000000e+00
1.406222532530064129e+00,0.000000000000000000e+00
1.406222532530064129e+00,0.000000000000000000e+00
1.406222532530064129e+00,0.000000000000000000e+00
1.406222532530064129e+00,0.000000000000000000e+00
1.350838858529201936e+00,0.000000000000000000e+00
1.350838858529201936e+00,0.000000000000000000e+00
1.263684835733602796e+00,0.000000000000000000e+00
1.298564320368783997e+00,0.000000000000000000e+00
9.988110548788253773e-01,0.000000000000000000e+00
9.154825644974621257e-01,0.000000000000000000e+00
1.114664804431732215e+00,0.000000000000000000e+00
1.270461369267925633e+00,0.000000000000000000e+00
1.228807248663591700e+00,0.000000000000000000e+00
1.256836399295720330e+00,0.000000000000000000e+00
1.347907123857804645e+00,0.000000000000000000e+00
1.347907123857804645e+00,0.000000000000000000e+00
1.284103946877654945e+00,0.000000000000000000e+00
1.220984284113796781e+00,0.000000000000000000e+00
1.220984284113796781e+00,0.000000000000000000e+00
1.220984284113796781e+00,0.000000000000000000e+00
1.234796554612129116e+00,0.000000000000000000e+00
1.229428143137503371e+00,0.000000000000000000e+00
1.345563757646003999e+00,0.000000000000000000e+00
1.297715657985536231e+00,0.000000000000000000e+00
1.391237960837268473e+00,0.000000000000000000e+00
1.391237960837268473e+00,0.000000000000000000e+00
1.372075260893416804e+00,0.000000000000000000e+00
1.313302459844956305e+00,0.000000000000000000e+00
1.045124804386218020e+00,0.000000000000000000e+00
1.200531913121474004e+00,0.000000000000000000e+00
1.200531913121474004e+00,0.000000000000000000e+00
1.287693548057488924e+00,0.000000000000000000e+00
1.287693548057488924e+00,0.000000000000000000e+00
1.326769739830263584e+00,0.000000000000000000e+00
1.381769410723237224e+00,0.000000000000000000e+00
1.381769410723237224e+00,0.000000000000000000e+00
1.177169479887844483e+00,0.000000000000000000e+00
1.261322685916895558e+00,0.000000000000000000e+00
1.261322685916895558e+00,0.000000000000000000e+00
1.246004936114224027e+00,0.000000000000000000e+00
1.269303613745240478e+00,0.000000000000000000e+00
1.269303613745240478e+00,0.000000000000000000e+00
1.257972008528364993e+00,0.000000000000000000e+00
1.257972008528364993e+00,0.000000000000000000e+00
1.257972008528364993e+00,0.000000000000000000e+00
1.257868786743343570e+00,0.000000000000000000e+00
1.255656011035658937e+00,0.000000000000000000e+00
1.255656011035658937e+00,0.000000000000000000e+00
1.208670299671964488e+00,0.000000000000000000e+00
1.158805681277290667e+00,0.000000000000000000e+00
1.158805681277290667e+00,0.000000000000000000e+00
1.112992599450923326e+00,0.000000000000000000e+00
1.112992599450923326e+00,0.000000000000000000e+00
1.112992599450923326e+00,0.000000000000000000e+00
1.209249162064325311e+00,0.000000000000000000e+00
1.214388435875596972e+00,0.000000000000000000e+00
1.214388435875596972e+00,0.000000000000000000e+00
1.361470051847247564e+00,0.000000000000000000e+00
1.215736293721296102e+00,0.000000000000000000e+00
1.215736293721296102e+00,0.000000000000000000e+00
1.215736293721296102e+00,0.000000000000000000e+00
1.215736293721296102e+00,0.000000000000000000e+00
1.215736293721296102e+00,0.000000000000000000e+00
1.215736293721296102e+00,0.000000000000000000e+00
1.385963452914699801e+00,0.000000000000000000e+00
1.304391968169555494e+00,0.000000000000000000e+00
1.304391968169555494e+00,0.000000000000000000e+00
1.269150670648246271e+00,0.000000000000000000e+00
1.182320682910695364e+00,0.000000000000000000e+00
1.414653649027338700e+00,0.000000000000000000e+00
1.285288635474279850e+00,0.000000000000000000e+00
1.285288635474279850e+00,0.000000000000000000e+00
1.285288635474279850e+00,0.000000000000000000e+00
1.285288635474279850e+00,0.000000000000000000e+00
1.306653035204986324e+00,0.000000000000000000e+00
1.384739215206728380e+00,0.000000000000000000e+00
1.384739215206728380e+00,0.000000000000000000e+00
1.339957341661567325e+00,0.000000000000000000e+00
1.327616807210377337e+00,0.000000000000000000e+00
1.304290271235950094e+00,0.000000000000000000e+00
1.360952383015080036e+00,0.000000000000000000e+00
1.355763772324183991e+00,0.000000000000000000e+00
1.240218424499017980e+00,0.000000000000000000e+00
1.305391840670787840e+00,0.000000000000000000e+00
1.305391840670787840e+00,0.000000000000000000e+00
1.265324963536886616e+00,0.000000000000000000e+00
1.265324963536886616e+00,0.000000000000000000e+00
1.142664233552936226e+00,0.000000000000000000e+00
1.142664233552936226e+00,0.000000000000000000e+00
1.136244902949331337e+00,0.000000000000000000e+00
1.222957026806184899e+00,0.000000000000000000e+00
1.171995161624810988e+00,0.000000000000000000e+00
1.171995161624810988e+00,0.000000000000000000e+00
1.199277380799678383e+00,0.000000000000000000e+00
1.336242337386406964e+00,0.000000000000000000e+00
1.170655740765283781e+00,0.000000000000000000e+00
1.242129886564458774e+00,0.000000000000000000e+00
1.186727095669709353e+00,0.000000000000000000e+00
1.107002200027683569e+00,0.000000000000000000e+00
1.107002200027683569e+00,0.000000000000000000e+00
1.264167772749548613e+00,0.000000000000000000e+00
1.264167772749548613e+00,0.000000000000000000e+00
1.292616314668252109e+00,0.000000000000000000e+00
1.292616314668252109e+00,0.000000000000000000e+00
1.250326354020603103e+00,0.000000000000000000e+00
1.273713836677232258e+00,0.000000000000000000e+00
1.273713836677232258e+00,0.000000000000000000e+00
1.315484956050177123e+00,0.000000000000000000e+00
1.310219131194482856e+00,0.000000000000000000e+00
1.310219131194482856e+00,0.000000000000000000e+00
1.310219131194482856e+00,0.000000000000000000e+00
1.222615943771552471e+00,0.000000000000000000e+00
1.222615943771552471e+00,0.000000000000000000e+00
1.222615943771552471e+00,0.000000000000000000e+00
1.222615943771552471e+00,0.000000000000000000e+00
1.222615943771552471e+00,0.000000000000000000e+00
1.222615943771552471e+00,0.000000000000000000e+00
1.273199605173259474e+00,0.000000000000000000e+00
1.273199605173259474e+00,0.000000000000000000e+00
1.273199605173259474e+00,0.000000000000000000e+00
1.273199605173259474e+00,0.000000000000000000e+00
1.221468696146414512e+00,0.000000000000000000e+00
1.250522972204127115e+00,0.000000000000000000e+00
1.250522972204127115e+00,0.000000000000000000e+00
1.240076062685446567e+00,0.000000000000000000e+00
1.240076062685446567e+00,0.000000000000000000e+00
1.299679964438319457e+00,0.000000000000000000e+00
1.299679964438319457e+00,0.000000000000000000e+00
1.140988204665553063e+00,0.000000000000000000e+00
1.140988204665553063e+00,0.000000000000000000e+00
1.105406707270836675e+00,0.000000000000000000e+00
1.099649625824715038e+00,0.000000000000000000e+00
1.099649625824715038e+00,0.000000000000000000e+00
1.155090279642867701e+00,0.000000000000000000e+00
1.162587897399816939e+00,0.000000000000000000e+00
1.191466290643950376e+00,0.000000000000000000e+00
1.331695294186860501e+00,0.000000000000000000e+00
1.331695294186860501e+00,0.000000000000000000e+00
1.331695294186860501e+00,0.000000000000000000e+00
1.304965145813006488e+00,0.000000000000000000e+00
1.304965145813006488e+00,0.000000000000000000e+00
1.229835862217615539e+00,0.000000000000000000e+00
1.126142754096753018e+00,0.000000000000000000e+00
1.126142754096753018e+00,0.000000000000000000e+00
1.305871123027859904e+00,0.000000000000000000e+00
1.215577181932777195e+00,0.000000000000000000e+00
1.217821673446519037e+00,0.000000000000000000e+00
1.209302744269907581e+00,0.000000000000000000e+00
1.342694635462484909e+00,0.000000000000000000e+00
1.269625985999440765e+00,0.000000000000000000e+00
1.283768174103313786e+00,0.000000000000000000e+00
1.283768174103313786e+00,0.000000000000000000e+00
1.283768174103313786e+00,0.000000000000000000e+00
1.295181772922811669e+00,0.000000000000000000e+00
1.256662410428956322e+00,0.000000000000000000e+00
1.496460784526045362e+00,0.000000000000000000e+00
1.488448756562198438e+00,0.000000000000000000e+00
1.389116193353147732e+00,0.000000000000000000e+00
1.202841925268549161e+00,0.000000000000000000e+00
1.268902513574297064e+00,0.000000000000000000e+00
1.268902513574297064e+00,0.000000000000000000e+00
1.251421844739260880e+00,0.000000000000000000e+00
1.143871208970904885e+00,0.000000000000000000e+00
1.130725735791580533e+00,0.000000000000000000e+00
1.283199627596452119e+00,0.000000000000000000e+00
1.181802568295855727e+00,0.000000000000000000e+00
1.181802568295855727e+00,0.000000000000000000e+00
1.033636507556068063e+00,0.000000000000000000e+00
1.033636507556068063e+00,0.000000000000000000e+00
1.033636507556068063e+00,0.000000000000000000e+00
1.240671792524145722e+00,0.000000000000000000e+00
1.154909443006017833e+00,0.000000000000000000e+00
1.100712400680795566e+00,0.000000000000000000e+00
1.082759978757886321e+00,0.000000000000000000e+00
1.082759978757886321e+00,0.000000000000000000e+00
1.149677519924680036e+00,0.000000000000000000e+00
1.149677519924680036e+00,0.000000000000000000e+00
1.024363927725013390e+00,0.000000000000000000e+00
9.020527926410957242e-01,0.000000000000000000e+00
9.020527926410957242e-01,0.000000000000000000e+00
9.020527926410957242e-01,0.000000000000000000e+00
1.073664387730861813e+00,0.000000000000000000e+00
1.083690151951747671e+00,0.000000000000000000e+00
1.083690151951747671e+00,0.000000000000000000e+00
1.200339117123120358e+00,0.000000000000000000e+00
1.079535683946086344e+00,0.000000000000000000e+00
1.074012117234023567e+00,0.000000000000000000e+00
1.323662711933463854e+00,0.000000000000000000e+00
1.451955516039210137e+00,0.000000000000000000e+00
1.216136496826646596e+00,0.000000000000000000e+00
1.216136496826646596e+00,0.000000000000000000e+00
1.142686436960946628e+00,0.000000000000000000e+00
1.327481042547525414e+00,0.000000000000000000e+00
1.327481042547525414e+00,0.000000000000000000e+00
1.176938934987105334e+00,0.000000000000000000e+00
1.127322540089761738e+00,0.000000000000000000e+00
1.210064538170314341e+00,0.000000000000000000e+00
1.230215261059180998e+00,0.000000000000000000e+00
1.230215261059180998e+00,0.000000000000000000e+00
1.296687906095588261e+00,0.000000000000000000e+00
1.168248294805921628e+00,0.000000000000000000e+00
1.234588169583672457e+00,0.000000000000000000e+00
1.354546016444339696e+00,0.000000000000000000e+00
1.460663688033897900e+00,0.000000000000000000e+00
1.460663688033897900e+00,0.000000000000000000e+00
1.403472228298199287e+00,0.000000000000000000e+00
1.166464338076350193e+00,0.000000000000000000e+00
1.166464338076350193e+00,0.000000000000000000e+00
1.457418595224975189e+00,0.000000000000000000e+00
1.457418595224975189e+00,0.000000000000000000e+00
1.304802681556049171e+00,0.000000000000000000e+00
1.304802681556049171e+00,0.000000000000000000e+00
1.304802681556049171e+00,0.000000000000000000e+00
1.304802681556049171e+00,0.000000000000000000e+00
1.131159600654409347e+00,0.000000000000000000e+00
1.131159600654409347e+00,0.000000000000000000e+00
1.304938632936687659e+00,0.000000000000000000e+00
1.245474969771410034e+00,0.000000000000000000e+00
1.238682726515013766e+00,0.000000000000000000e+00
1.237726633702241452e+00,0.000000000000000000e+00
1.326419517128526460e+00,0.000000000000000000e+00
1.330369354873316645e+00,0.000000000000000000e+00
1.142562821330798561e+00,0.000000000000000000e+00
1.168950949978476261e+00,0.000000000000000000e+00
1.230829994136991790e+00,0.000000000000000000e+00
1.230829994136991790e+00,0.000000000000000000e+00
1.206697300887269009e+00,0.000000000000000000e+00
1.206697300887269009e+00,0.000000000000000000e+00
1.139669308328336461e+00,0.000000000000000000e+00
1.139669308328336461e+00,0.000000000000000000e+00
1.145670083361285618e+00,0.000000000000000000e+00
1.238640882526181652e+00,0.000000000000000000e+00
1.238640882526181652e+00,0.000000000000000000e+00
1.306406978537998809e+00,0.000000000000000000e+00
1.187910074192635612e+00,0.000000000000000000e+00
1.187910074192635612e+00,0.000000000000000000e+00
1.191450286058481245e+00,0.000000000000000000e+00
1.191450286058481245e+00,0.000000000000000000e+00
1.177742662071631363e+00,0.000000000000000000e+00
1.364336516316752013e+00,0.000000000000000000e+00
1.365148705065567958e+00,0.000000000000000000e+00
1.365148705065567958e+00,0.000000000000000000e+00
1.340576884714543837e+00,0.000000000000000000e+00
1.309976955985874270e+00,0.000000000000000000e+00
1.308662937274928773e+00,0.000000000000000000e+00
1.111996769662657814e+00,0.000000000000000000e+00
1.310297536836722010e+00,0.000000000000000000e+00
1.310297536836722010e+00,0.000000000000000000e+00
1.220297133497221242e+00,0.000000000000000000e+00
1.402318571865214469e+00,0.000000000000000000e+00
1.341120306750991364e+00,0.000000000000000000e+00
1.341120306750991364e+00,0.000000000000000000e+00
1.293259010844630907e+00,0.000000000000000000e+00
1.293259010844630907e+00,0.000000000000000000e+00
1.293259010844630907e+00,0.000000000000000000e+00
1.293259010844630907e+00,0.000000000000000000e+00
1.293259010844630907e+00,0.000000000000000000e+00
1.347584428166256787e+00,0.000000000000000000e+00
1.376200375562532496e+00,0.000000000000000000e+00
1.340310240291366251e+00,0.000000000000000000e+00
1.398117234040613388e+00,0.000000000000000000e+00
1.398117234040613388e+00,0.000000000000000000e+00
1.398117234040613388e+00,0.000000000000000000e+00
1.201672781973368354e+00,0.000000000000000000e+00
1.201672781973368354e+00,0.000000000000000000e+00
1.312500978272795660e+00,0.000000000000000000e+00
1.312500978272795660e+00,0.000000000000000000e+00
1.312500978272795660e+00,0.000000000000000000e+00
1.108215590207912493e+00,0.000000000000000000e+00
1.112093349351788829e+00,0.000000000000000000e+00
1.112093349351788829e+00,0.000000000000000000e+00
1.112093349351788829e+00,0.000000000000000000e+00
1.084776697840012405e+00,0.000000000000000000e+00
1.167728633374564229e+00,0.000000000000000000e+00
1.167728633374564229e+00,0.000000000000000000e+00
1.193523748359945902e+00,0.000000000000000000e+00
1.222411071823649165e+00,0.000000000000000000e+00
1.242326223422639542e+00,0.000000000000000000e+00
1.212518939150613040e+00,0.000000000000000000e+00
1.212518939150613040e+00,0.000000000000000000e+00
1.292293563315170202e+00,0.000000000000000000e+00
1.300978154942717735e+00,0.000000000000000000e+00
1.097567869646572936e+00,0.000000000000000000e+00
1.097911124736963728e+00,0.000000000000000000e+00
1.097911124736963728e+00,0.000000000000000000e+00
1.213274230252015862e+00,0.000000000000000000e+00
1.297961717910778745e+00,0.000000000000000000e+00
1.376670666548839739e+00,0.000000000000000000e+00
1.376670666548839739e+00,0.000000000000000000e+00
1.376670666548839739e+00,0.000000000000000000e+00
1.355955687262334175e+00,0.000000000000000000e+00
1.355955687262334175e+00,0.000000000000000000e+00
1.355955687262334175e+00,0.000000000000000000e+00
1.355955687262334175e+00,0.000000000000000000e+00
1.355955687262334175e+00,0.000000000000000000e+00
1.355955687262334175e+00,0.000000000000000000e+00
1.213828560805672474e+00,0.000000000000000000e+00
1.257260931308704865e+00,0.000000000000000000e+00
1.257260931308704865e+00,0.000000000000000000e+00
1.257260931308704865e+00,0.000000000000000000e+00
1.257260931308704865e+00,0.000000000000000000e+00
1.232990427475768369e+00,0.000000000000000000e+00
1.353563051858803101e+00,0.000000000000000000e+00
1.478947573913331759e+00,0.000000000000000000e+00
1.470923942164284126e+00,0.000000000000000000e+00
1.221644919991278888e+00,0.000000000000000000e+00
1.221644919991278888e+00,0.000000000000000000e+00
1.422343270619692790e+00,0.000000000000000000e+00
1.342336490347900924e+00,0.000000000000000000e+00
1.252743663687357012e+00,0.000000000000000000e+00
1.354449585874764050e+00,0.000000000000000000e+00
1.212238596559918058e+00,0.000000000000000000e+00
1.212238596559918058e+00,0.000000000000000000e+00
1.212238596559918058e+00,0.000000000000000000e+00
1.212238596559918058e+00,0.000000000000000000e+00
9.419178946475553760e-01,0.000000000000000000e+00
9.419178946475553760e-01,0.000000000000000000e+00
9.419178946475553760e-01,0.000000000000000000e+00
1.004302237627148209e+00,0.000000000000000000e+00
1.004302237627148209e+00,0.000000000000000000e+00
1.004302237627148209e+00,0.000000000000000000e+00
9.760808567289359639e-01,0.000000000000000000e+00
1.216156606224835679e+00,0.000000000000000000e+00
1.145808640757154384e+00,0.000000000000000000e+00
1.201449076702504559e+00,0.000000000000000000e+00
1.275226688056430913e+00,0.000000000000000000e+00
1.275226688056430913e+00,0.000000000000000000e+00
1.275226688056430913e+00,0.000000000000000000e+00
1.240652333581783173e+00,0.000000000000000000e+00
1.240652333581783173e+00,0.000000000000000000e+00
1.240652333581783173e+00,0.000000000000000000e+00
1.240652333581783173e+00,0.000000000000000000e+00
1.310434436464147590e+00,0.000000000000000000e+00
1.310434436464147590e+00,0.000000000000000000e+00
1.310434436464147590e+00,0.000000000000000000e+00
1.358743362779778474e+00,0.000000000000000000e+00
1.291024303885897062e+00,0.000000000000000000e+00
1.251200984699048835e+00,0.000000000000000000e+00
1.312848234085563170e+00,0.000000000000000000e+00
1.174775142700204222e+00,0.000000000000000000e+00
1.351080764585770311e+00,0.000000000000000000e+00
1.335988682764979840e+00,0.000000000000000000e+00
1.409258182797632042e+00,0.000000000000000000e+00
1.409258182797632042e+00,0.000000000000000000e+00
1.301258473663519322e+00,0.000000000000000000e+00
1.301258473663519322e+00,0.000000000000000000e+00
1.315428497034624611e+00,0.000000000000000000e+00
1.333655321290322826e+00,0.000000000000000000e+00
1.333655321290322826e+00,0.000000000000000000e+00
1.350547239999479343e+00,0.000000000000000000e+00
1.227020040552412983e+00,0.000000000000000000e+00
1.227020040552412983e+00,0.000000000000000000e+00
1.227020040552412983e+00,0.000000000000000000e+00
1.294055982110220437e+00,0.000000000000000000e+00
1.294055982110220437e+00,0.000000000000000000e+00
1.380096999075049791e+00,0.000000000000000000e+00
1.311460183546048208e+00,0.000000000000000000e+00
1.198360987803130051e+00,0.000000000000000000e+00
1.261642069385745524e+00,0.000000000000000000e+00
1.331328303757053355e+00,0.000000000000000000e+00
1.331328303757053355e+00,0.000000000000000000e+00
1.331328303757053355e+00,0.000000000000000000e+00
1.454331378704897704e+00,0.000000000000000000e+00
1.454331378704897704e+00,0.000000000000000000e+00
1.454331378704897704e+00,0.000000000000000000e+00
1.454331378704897704e+00,0.000000000000000000e+00
1.454331378704897704e+00,0.000000000000000000e+00
1.454331378704897704e+00,0.000000000000000000e+00
1.362477494012354517e+00,0.000000000000000000e+00
1.238127514841602661e+00,0.000000000000000000e+00
1.398779079717567653e+00,0.000000000000000000e+00
1.304262559217560069e+00,0.000000000000000000e+00
1.304262559217560069e+00,0.000000000000000000e+00
1.323188812405355241e+00,0.000000000000000000e+00
1.357679438836240093e+00,0.000000000000000000e+00
1.357679438836240093e+00,0.000000000000000000e+00
1.116064179630138042e+00,0.000000000000000000e+00
1.116064179630138042e+00,0.000000000000000000e+00
1.116064179630138042e+00,0.000000000000000000e+00
1.192433213433990780e+00,0.000000000000000000e+00
1.139506936732264331e+00,0.000000000000000000e+00
1.227572322756654621e+00,0.000000000000000000e+00
1.227572322756654621e+00,0.000000000000000000e+00
1.227572322756654621e+00,0.000000000000000000e+00
1.227572322756654621e+00,0.000000000000000000e+00
1.332435508938132118e+00,0.000000000000000000e+00
1.332435508938132118e+00,0.000000000000000000e+00
1.215472062676550502e+00,0.000000000000000000e+00
1.215472062676550502e+00,0.000000000000000000e+00
1.215472062676550502e+00,0.000000000000000000e+00
1.117852591822764419e+00,0.000000000000000000e+00
1.117852591822764419e+00,0.000000000000000000e+00
1.141591019703202203e+00,0.000000000000000000e+00
9.905510561378361167e-01,0.000000000000000000e+00
9.905510561378361167e-01,0.000000000000000000e+00
1.290244426349740792e+00,0.000000000000000000e+00
1.222064935055085177e+00,0.000000000000000000e+00
1.222064935055085177e+00,0.000000000000000000e+00
1.222064935055085177e+00,0.000000000000000000e+00
1.342121460669888577e+00,0.000000000000000000e+00
1.141169823129258187e+00,0.000000000000000000e+00
1.222469773923504199e+00,0.000000000000000000e+00
1.199439781637382740e+00,0.000000000000000000e+00
1.297085467512585355e+00,0.000000000000000000e+00
1.270656150958576758e+00,0.000000000000000000e+00
1.270656150958576758e+00,0.000000000000000000e+00
1.270656150958576758e+00,0.000000000000000000e+00
1.270656150958576758e+00,0.000000000000000000e+00
1.270656150958576758e+00,0.000000000000000000e+00
1.200469432593586516e+00,0.000000000000000000e+00
1.117485884691623799e+00,0.000000000000000000e+00
1.248372555851917642e+00,0.000000000000000000e+00
1.336360523734050121e+00,0.000000000000000000e+00
1.286134286263080684e+00,0.000000000000000000e+00
1.286134286263080684e+00,0.000000000000000000e+00
1.286134286263080684e+00,0.000000000000000000e+00
1.392786330491446067e+00,0.000000000000000000e+00
1.271022278230315550e+00,0.000000000000000000e+00
1.271022278230315550e+00,0.000000000000000000e+00
1.313859678388281216e+00,0.000000000000000000e+00
1.213059062180235514e+00,0.000000000000000000e+00
1.164571113150967951e+00,0.000000000000000000e+00
1.178218577468789663e+00,0.000000000000000000e+00
1.172235086199346688e+00,0.000000000000000000e+00
1.355089181442751034e+00,0.000000000000000000e+00
1.369446486889354553e+00,0.000000000000000000e+00
1.369446486889354553e+00,0.000000000000000000e+00
1.369446486889354553e+00,0.000000000000000000e+00
1.307565594853701052e+00,0.000000000000000000e+00
1.307565594853701052e+00,0.000000000000000000e+00
1.289542237014074111e+00,0.000000000000000000e+00
1.204135559756167151e+00,0.000000000000000000e+00
1.261508801081101305e+00,0.000000000000000000e+00
1.261508801081101305e+00,0.000000000000000000e+00
1.261508801081101305e+00,0.000000000000000000e+00
1.289719847177113632e+00,0.000000000000000000e+00
1.285420744852485919e+00,0.000000000000000000e+00
1.240806329154833021e+00,0.000000000000000000e+00
1.309625704776327115e+00,0.000000000000000000e+00
1.278072986865911309e+00,0.000000000000000000e+00
1.278072986865911309e+00,0.000000000000000000e+00
1.272621938507978667e+00,0.000000000000000000e+00
1.272621938507978667e+00,0.000000000000000000e+00
1.286038103189506510e+00,0.000000000000000000e+00
1.286038103189506510e+00,0.000000000000000000e+00
1.286038103189506510e+00,0.000000000000000000e+00
1.276902909973337996e+00,0.000000000000000000e+00
1.301444175455016339e+00,0.000000000000000000e+00
1.301444175455016339e+00,0.000000000000000000e+00
1.301444175455016339e+00,0.000000000000000000e+00
1.301444175455016339e+00,0.000000000000000000e+00
1.301444175455016339e+00,0.000000000000000000e+00
1.301444175455016339e+00,0.000000000000000000e+00
1.301444175455016339e+00,0.000000000000000000e+00
1.301444175455016339e+00,0.000000000000000000e+00
1.358484273116500995e+00,0.000000000000000000e+00
1.358484273116500995e+00,0.000000000000000000e+00
1.336349378919157393e+00,0.000000000000000000e+00
1.270938123654602236e+00,0.000000000000000000e+00
1.187843219912704251e+00,0.000000000000000000e+00
1.209101448656189959e+00,0.000000000000000000e+00
1.327059009451470706e+00,0.000000000000000000e+00
1.388995194865026095e+00,0.000000000000000000e+00
1.178207795841086147e+00,0.000000000000000000e+00
1.178207795841086147e+00,0.000000000000000000e+00
1.296120375979809669e+00,0.000000000000000000e+00
1.324635798694038913e+00,0.000000000000000000e+00
1.279396992126563104e+00,0.000000000000000000e+00
1.332570677371224921e+00,0.000000000000000000e+00
1.202498951945420114e+00,0.000000000000000000e+00
1.202498951945420114e+00,0.000000000000000000e+00
1.202498951945420114e+00,0.000000000000000000e+00
1.202498951945420114e+00,0.000000000000000000e+00
1.186227655203235809e+00,0.000000000000000000e+00
1.186227655203235809e+00,0.000000000000000000e+00
1.268989593042852526e+00,0.000000000000000000e+00
1.259203546663588025e+00,0.000000000000000000e+00
1.181550219522192746e+00,0.000000000000000000e+00
1.181550219522192746e+00,0.000000000000000000e+00
1.181550219522192746e+00,0.000000000000000000e+00
1.267646792793795107e+00,0.000000000000000000e+00
1.288348178152771917e+00,0.000000000000000000e+00
1.288348178152771917e+00,0.000000000000000000e+00
1.478559004027574453e+00,0.000000000000000000e+00
1.478559004027574453e+00,0.000000000000000000e+00
1.507305429713933442e+00,0.000000000000000000e+00
1.493005735580928306e+00,0.000000000000000000e+00
1.389165121800963076e+00,0.000000000000000000e+00
1.334352722111765255e+00,0.000000000000000000e+00
1.405426321479577689e+00,0.000000000000000000e+00
1.222981427190574122e+00,0.000000000000000000e+00
1.222981427190574122e+00,0.000000000000000000e+00
1.222981427190574122e+00,0.000000000000000000e+00
1.204751259826721599e+00,0.000000000000000000e+00
1.219259712179497690e+00,0.000000000000000000e+00
1.330840632873967699e+00,0.000000000000000000e+00
1.100278236530910281e+00,0.000000000000000000e+00
1.100278236530910281e+00,0.000000000000000000e+00
1.100278236530910281e+00,0.000000000000000000e+00
1.196870335976260469e+00,0.000000000000000000e+00
1.051741782949317194e+00,0.000000000000000000e+00
1.230807415218578393e+00,0.000000000000000000e+00
1.314261733108718300e+00,0.000000000000000000e+00
1.314261733108718300e+00,0.000000000000000000e+00
1.314261733108718300e+00,0.000000000000000000e+00
1.231712299645093989e+00,0.000000000000000000e+00
1.231712299645093989e+00,0.000000000000000000e+00
1.231712299645093989e+00,0.000000000000000000e+00
1.366239178062000681e+00,0.000000000000000000e+00
1.155471581978787743e+00,0.000000000000000000e+00
1.155471581978787743e+00,0.000000000000000000e+00
1.453685073734338751e+00,0.000000000000000000e+00
1.397067125241279184e+00,0.000000000000000000e+00
1.496858716208683049e+00,0.000000000000000000e+00
1.289330840424790070e+00,0.000000000000000000e+00
1.279678716734268029e+00,0.000000000000000000e+00
1.279678716734268029e+00,0.000000000000000000e+00
1.279678716734268029e+00,0.000000000000000000e+00
1.279678716734268029e+00,0.000000000000000000e+00
1.493086037472479477e+00,0.000000000000000000e+00
1.493086037472479477e+00,0.000000000000000000e+00
1.406579133390831293e+00,0.000000000000000000e+00
1.462031242963818256e+00,0.000000000000000000e+00
1.350856459769964824e+00,0.000000000000000000e+00
1.265080429445121890e+00,0.000000000000000000e+00
1.250048267491709053e+00,0.000000000000000000e+00
1.306352779683373599e+00,0.000000000000000000e+00
1.179265886225042914e+00,0.000000000000000000e+00
1.152655468936466088e+00,0.000000000000000000e+00
1.224702378883037346e+00,0.000000000000000000e+00
1.224702378883037346e+00,0.000000000000000000e+00
1.224702378883037346e+00,0.000000000000000000e+00
1.084187411445573179e+00,0.000000000000000000e+00
1.084187411445573179e+00,0.000000000000000000e+00
1.097195323372481601e+00,0.000000000000000000e+00
1.205396240284022369e+00,0.000000000000000000e+00
1.205396240284022369e+00,0.000000000000000000e+00
1.159438049828873885e+00,0.000000000000000000e+00
1.229344393129804480e+00,0.000000000000000000e+00
1.239641623361899425e+00,0.000000000000000000e+00
1.239641623361899425e+00,0.000000000000000000e+00
1.239641623361899425e+00,0.000000000000000000e+00
1.239641623361899425e+00,0.000000000000000000e+00
1.265999870733772070e+00,0.000000000000000000e+00
1.265999870733772070e+00,0.000000000000000000e+00
1.317878327923706960e+00,0.000000000000000000e+00
1.185671662895934286e+00,0.000000000000000000e+00
1.282645097606798901e+00,0.000000000000000000e+00
1.282645097606798901e+00,0.000000000000000000e+00
1.282645097606798901e+00,0.000000000000000000e+00
1.370835127439420376e+00,0.000000000000000000e+00
1.370835127439420376e+00,0.000000000000000000e+00
1.449259292133437071e+00,0.000000000000000000e+00
1.254018692204329266e+00,0.000000000000000000e+00
1.272707778075384821e+00,0.000000000000000000e+00
1.272707778075384821e+00,0.000000000000000000e+00
1.272707778075384821e+00,0.000000000000000000e+00
1.240371497213830665e+00,0.000000000000000000e+00
1.235382167449458501e+00,0.000000000000000000e+00
1.296352444595423536e+00,0.000000000000000000e+00
1.214771056788161108e+00,0.000000000000000000e+00
1.214771056788161108e+00,0.000000000000000000e+00
1.320500178402514324e+00,0.000000000000000000e+00
1.320500178402514324e+00,0.000000000000000000e+00
1.387313327512605277e+00,0.000000000000000000e+00
1.200986438608231843e+00,0.000000000000000000e+00
1.239649734228286393e+00,0.000000000000000000e+00
1.188464705613514694e+00,0.000000000000000000e+00
1.080291096289474728e+00,0.000000000000000000e+00
1.282598308963572631e+00,0.000000000000000000e+00
1.192680221578314992e+00,0.000000000000000000e+00
1.192680221578314992e+00,0.000000000000000000e+00
1.323082022291939053e+00,0.000000000000000000e+00
1.265233938502358546e+00,0.000000000000000000e+00
1.428529668558974119e+00,0.000000000000000000e+00
1.428529668558974119e+00,0.000000000000000000e+00
1.362105444598531667e+00,0.000000000000000000e+00
1.362105444598531667e+00,0.000000000000000000e+00
1.253832453878151121e+00,0.000000000000000000e+00
1.253832453878151121e+00,0.000000000000000000e+00
1.160589431326825904e+00,0.000000000000000000e+00
1.152957616174083766e+00,0.000000000000000000e+00
1.174961765395388325e+00,0.000000000000000000e+00
1.174961765395388325e+00,0.000000000000000000e+00
1.174150620884317320e+00,0.000000000000000000e+00
1.174150620884317320e+00,0.000000000000000000e+00
1.114430014874748576e+00,0.000000000000000000e+00
1.131968427367965768e+00,0.000000000000000000e+00
1.131968427367965768e+00,0.000000000000000000e+00
1.285413136288881208e+00,0.000000000000000000e+00
1.293720840231220137e+00,0.000000000000000000e+00
1.320514353664465013e+00,0.000000000000000000e+00
1.304153281818307031e+00,0.000000000000000000e+00
1.335656120087579168e+00,0.000000000000000000e+00
1.335656120087579168e+00,0.000000000000000000e+00
1.277659369261037625e+00,0.000000000000000000e+00
1.277659369261037625e+00,0.000000000000000000e+00
1.277659369261037625e+00,0.000000000000000000e+00
1.365598508701480363e+00,0.000000000000000000e+00
1.272964091502787998e+00,0.000000000000000000e+00
1.215603776555979509e+00,0.000000000000000000e+00
1.276282945643140376e+00,0.000000000000000000e+00
1.235587262721355994e+00,0.000000000000000000e+00
1.290123341619743735e+00,0.000000000000000000e+00
1.290123341619743735e+00,0.000000000000000000e+00
1.362009469412908347e+00,0.000000000000000000e+00
1.362009469412908347e+00,0.000000000000000000e+00
1.363531057324472329e+00,0.000000000000000000e+00
1.159966056195841588e+00,0.000000000000000000e+00
1.159966056195841588e+00,0.000000000000000000e+00
1.230323315802583917e+00,0.000000000000000000e+00
1.230323315802583917e+00,0.000000000000000000e+00
1.191749371416776171e+00,0.000000000000000000e+00
1.234570937450291783e+00,0.000000000000000000e+00
1.299679229080191512e+00,0.000000000000000000e+00
1.299679229080191512e+00,0.000000000000000000e+00
1.425823360419558927e+00,0.000000000000000000e+00
1.425823360419558927e+00,0.000000000000000000e+00
1.425823360419558927e+00,0.000000000000000000e+00
1.484451015246334382e+00,0.000000000000000000e+00
1.493086074268290542e+00,0.000000000000000000e+00
1.485099422558761706e+00,0.000000000000000000e+00
1.256900524309023437e+00,0.000000000000000000e+00
1.256900524309023437e+00,0.000000000000000000e+00
1.256900524309023437e+00,0.000000000000000000e+00
1.256900524309023437e+00,0.000000000000000000e+00
1.287595817612960269e+00,0.000000000000000000e+00
1.338248598717658222e+00,0.000000000000000000e+00
1.242717669475853715e+00,0.000000000000000000e+00
1.083658430162564246e+00,0.000000000000000000e+00
1.102775022367549429e+00,0.000000000000000000e+00
1.217828634719796410e+00,0.000000000000000000e+00
1.188284265859512523e+00,0.000000000000000000e+00
1.364103705276405787e+00,0.000000000000000000e+00
1.187309610087590617e+00,0.000000000000000000e+00
1.187309610087590617e+00,0.000000000000000000e+00
1.190982903269543147e+00,0.000000000000000000e+00
1.190982903269543147e+00,0.000000000000000000e+00
1.355355011031509793e+00,0.000000000000000000e+00
1.280918845958449293e+00,0.000000000000000000e+00
1.314511777221815336e+00,0.000000000000000000e+00
1.314511777221815336e+00,0.000000000000000000e+00
1.208216989647435735e+00,0.000000000000000000e+00
1.186138498937580277e+00,0.000000000000000000e+00
1.324517882935048130e+00,0.000000000000000000e+00
1.086737662344873012e+00,0.000000000000000000e+00
1.037029263082827946e+00,0.000000000000000000e+00
1.037029263082827946e+00,0.000000000000000000e+00
1.244139360519880055e+00,0.000000000000000000e+00
1.248364638017030126e+00,0.000000000000000000e+00
1.248364638017030126e+00,0.000000000000000000e+00
1.184643868115987653e+00,0.000000000000000000e+00
1.184643868115987653e+00,0.000000000000000000e+00
1.184643868115987653e+00,0.000000000000000000e+00
1.394337280714041949e+00,0.000000000000000000e+00
1.356127584123310026e+00,0.000000000000000000e+00
1.339493572731039528e+00,0.000000000000000000e+00
1.256427854466339866e+00,0.000000000000000000e+00
1.385389800588961107e+00,0.000000000000000000e+00
1.314030854892525690e+00,0.000000000000000000e+00
1.314030854892525690e+00,0.000000000000000000e+00
1.320681757783288113e+00,0.000000000000000000e+00
1.273996240330903085e+00,0.000000000000000000e+00
1.295301745046000930e+00,0.000000000000000000e+00
1.295301745046000930e+00,0.000000000000000000e+00
1.293173978856047457e+00,0.000000000000000000e+00
1.293173978856047457e+00,0.000000000000000000e+00
1.293173978856047457e+00,0.000000000000000000e+00
1.440910451687259286e+00,0.000000000000000000e+00
1.440910451687259286e+00,0.000000000000000000e+00
1.440910451687259286e+00,0.000000000000000000e+00
1.440910451687259286e+00,0.000000000000000000e+00
1.464761329495712916e+00,0.000000000000000000e+00
1.486850251941140177e+00,0.000000000000000000e+00
1.492243615704565984e+00,0.000000000000000000e+00
1.492243615704565984e+00,0.000000000000000000e+00
1.456574206073610434e+00,0.000000000000000000e+00
1.307956007217830008e+00,0.000000000000000000e+00
1.382983068066175880e+00,0.000000000000000000e+00
1.432685899210395464e+00,0.000000000000000000e+00
1.432685899210395464e+00,0.000000000000000000e+00
1.432685899210395464e+00,0.000000000000000000e+00
1.432685899210395464e+00,0.000000000000000000e+00
1.488741820001656668e+00,0.000000000000000000e+00
1.488741820001656668e+00,0.000000000000000000e+00
1.350655861201635721e+00,0.000000000000000000e+00
1.350655861201635721e+00,0.000000000000000000e+00
1.259654304446747641e+00,0.000000000000000000e+00
1.259654304446747641e+00,0.000000000000000000e+00
1.259654304446747641e+00,0.000000000000000000e+00
1.370042950517030178e+00,0.000000000000000000e+00
1.369472149214948420e+00,0.000000000000000000e+00
1.369472149214948420e+00,0.000000000000000000e+00
1.420691756634820280e+00,0.000000000000000000e+00
1.201603185304725319e+00,0.000000000000000000e+00
1.220931885187298560e+00,0.000000000000000000e+00
1.220931885187298560e+00,0.000000000000000000e+00
1.284881720312649689e+00,0.000000000000000000e+00
1.284881720312649689e+00,0.000000000000000000e+00
1.333671462910012817e+00,0.000000000000000000e+00
1.327460601690180653e+00,0.000000000000000000e+00
1.327460601690180653e+00,0.000000000000000000e+00
1.327460601690180653e+00,0.000000000000000000e+00
1.278680677927623188e+00,0.000000000000000000e+00
1.278680677927623188e+00,0.000000000000000000e+00
1.278680677927623188e+00,0.000000000000000000e+00
1.278680677927623188e+00,0.000000000000000000e+00
1.278680677927623188e+00,0.000000000000000000e+00
1.278680677927623188e+00,0.000000000000000000e+00
1.209845768609491001e+00,0.000000000000000000e+00
1.359969407474498571e+00,0.000000000000000000e+00
1.259915430647929435e+00,0.000000000000000000e+00
1.126357924924320297e+00,0.000000000000000000e+00
1.107353377995888621e+00,0.000000000000000000e+00
1.008662100466079403e+00,0.000000000000000000e+00
1.180509410469465781e+00,0.000000000000000000e+00
1.275466008482419644e+00,0.000000000000000000e+00
1.349770384826995961e+00,0.000000000000000000e+00
1.310786509480526441e+00,0.000000000000000000e+00
1.184373408485563273e+00,0.000000000000000000e+00
1.184373408485563273e+00,0.000000000000000000e+00
1.238440782264162321e+00,0.000000000000000000e+00
1.150335749685885034e+00,0.000000000000000000e+00
1.150335749685885034e+00,0.000000000000000000e+00
1.150335749685885034e+00,0.000000000000000000e+00
1.118381203789156064e+00,0.000000000000000000e+00
1.284331641676729419e+00,0.000000000000000000e+00
1.284331641676729419e+00,0.000000000000000000e+00
1.292383372844607692e+00,0.000000000000000000e+00
1.211076957020262412e+00,0.000000000000000000e+00
1.278975949659127753e+00,0.000000000000000000e+00
1.278975949659127753e+00,0.000000000000000000e+00
1.278975949659127753e+00,0.000000000000000000e+00
1.278975949659127753e+00,0.000000000000000000e+00
1.214364058836471916e+00,0.000000000000000000e+00
1.070067877036280146e+00,0.000000000000000000e+00
1.070067877036280146e+00,0.000000000000000000e+00
1.070067877036280146e+00,0.000000000000000000e+00
9.124260968008797157e-01,0.000000000000000000e+00
9.290599672737537285e-01,0.000000000000000000e+00
9.669163543452501397e-01,0.000000000000000000e+00
1.117078411754349299e+00,0.000000000000000000e+00
1.057153927797267245e+00,0.000000000000000000e+00
1.097025683849492506e+00,0.000000000000000000e+00
1.115457652492918061e+00,0.000000000000000000e+00
1.115457652492918061e+00,0.000000000000000000e+00
1.115457652492918061e+00,0.000000000000000000e+00
1.205461832860745819e+00,0.000000000000000000e+00
1.205461832860745819e+00,0.000000000000000000e+00
1.314987924700457445e+00,0.000000000000000000e+00
1.163784039046498631e+00,0.000000000000000000e+00
1.333424331159165144e+00,0.000000000000000000e+00
1.333424331159165144e+00,0.000000000000000000e+00
1.479497916355415610e+00,0.000000000000000000e+00
1.483315531972949852e+00,0.000000000000000000e+00
1.400662045978487535e+00,0.000000000000000000e+00
1.387606634416789664e+00,0.000000000000000000e+00
1.237757140146549917e+00,0.000000000000000000e+00
1.237757140146549917e+00,0.000000000000000000e+00
1.237757140146549917e+00,0.000000000000000000e+00
1.157005311815859416e+00,0.000000000000000000e+00
1.157005311815859416e+00,0.000000000000000000e+00
1.157005311815859416e+00,0.000000000000000000e+00
1.157005311815859416e+00,0.000000000000000000e+00
1.286366886957551081e+00,0.000000000000000000e+00
1.286366886957551081e+00,0.000000000000000000e+00
1.286366886957551081e+00,0.000000000000000000e+00
1.282319529447849327e+00,0.000000000000000000e+00
1.349364161376835902e+00,0.000000000000000000e+00
1.309717807510782484e+00,0.000000000000000000e+00
1.309717807510782484e+00,0.000000000000000000e+00
1.216368263023278828e+00,0.000000000000000000e+00
1.299205964792683243e+00,0.000000000000000000e+00
1.193491945257700415e+00,0.000000000000000000e+00
1.193491945257700415e+00,0.000000000000000000e+00
1.162740371123060834e+00,0.000000000000000000e+00
1.239667803578788252e+00,0.000000000000000000e+00
1.206370759293078576e+00,0.000000000000000000e+00
1.155235893844804185e+00,0.000000000000000000e+00
1.155235893844804185e+00,0.000000000000000000e+00
1.202629822421488637e+00,0.000000000000000000e+00
1.254443569845647755e+00,0.000000000000000000e+00
1.222447665236617409e+00,0.000000000000000000e+00
1.270367189017798104e+00,0.000000000000000000e+00
1.270367189017798104e+00,0.000000000000000000e+00
1.270367189017798104e+00,0.000000000000000000e+00
1.270367189017798104e+00,0.000000000000000000e+00
1.271603561028361584e+00,0.000000000000000000e+00
1.370607784865840006e+00,0.000000000000000000e+00
1.198833801374595387e+00,0.000000000000000000e+00
1.198833801374595387e+00,0.000000000000000000e+00
1.198833801374595387e+00,0.000000000000000000e+00
1.092717161822785554e+00,0.000000000000000000e+00
1.092717161822785554e+00,0.000000000000000000e+00
1.046217413970544463e+00,0.000000000000000000e+00
1.046217413970544463e+00,0.000000000000000000e+00
1.046217413970544463e+00,0.000000000000000000e+00
1.007072220159902498e+00,0.000000000000000000e+00
1.182753985801670682e+00,0.000000000000000000e+00
1.228956561394443092e+00,0.000000000000000000e+00
1.228956561394443092e+00,0.000000000000000000e+00
1.228956561394443092e+00,0.000000000000000000e+00
1.113665092930852474e+00,0.000000000000000000e+00
1.244929453441815159e+00,0.000000000000000000e+00
1.125031035216963460e+00,0.000000000000000000e+00
1.120124403662989598e+00,0.000000000000000000e+00
1.120124403662989598e+00,0.000000000000000000e+00
1.248130538007933943e+00,0.000000000000000000e+00
1.247127769537647257e+00,0.000000000000000000e+00
1.247127769537647257e+00,0.000000000000000000e+00
1.247127769537647257e+00,0.000000000000000000e+00
1.247127769537647257e+00,0.000000000000000000e+00
1.318419730064313011e+00,0.000000000000000000e+00
1.382578470049212305e+00,0.000000000000000000e+00
1.379368767772146898e+00,0.000000000000000000e+00
1.379368767772146898e+00,0.000000000000000000e+00
1.379368767772146898e+00,0.000000000000000000e+00
1.110561999334636951e+00,0.000000000000000000e+00
1.121028115538471592e+00,0.000000000000000000e+00
1.246154635545424494e+00,0.000000000000000000e+00
1.293670927013475414e+00,0.000000000000000000e+00
1.293670927013475414e+00,0.000000000000000000e+00
1.293670927013475414e+00,0.000000000000000000e+00
1.230211364705378063e+00,0.000000000000000000e+00
1.230211364705378063e+00,0.000000000000000000e+00
1.277258483396457533e+00,0.000000000000000000e+00
1.243620657951997277e+00,0.000000000000000000e+00
1.243620657951997277e+00,0.000000000000000000e+00
1.282093387307907228e+00,0.000000000000000000e+00
1.154566079005443502e+00,0.000000000000000000e+00
1.154566079005443502e+00,0.000000000000000000e+00
1.144285884446010870e+00,0.000000000000000000e+00
1.099679366127197078e+00,0.000000000000000000e+00
1.230944818840834953e+00,0.000000000000000000e+00
1.046192458001264702e+00,0.000000000000000000e+00
1.153736743454660374e+00,0.000000000000000000e+00
1.227311370560089099e+00,0.000000000000000000e+00
1.368155254032075607e+00,0.000000000000000000e+00
1.464197511525543893e+00,0.000000000000000000e+00
1.464197511525543893e+00,0.000000000000000000e+00
1.464197511525543893e+00,0.000000000000000000e+00
1.293274747059930174e+00,0.000000000000000000e+00
1.348919882764426870e+00,0.000000000000000000e+00
1.278307384360355403e+00,0.000000000000000000e+00
1.232152138517811135e+00,0.000000000000000000e+00
1.256583374614993920e+00,0.000000000000000000e+00
1.373109659000860017e+00,0.000000000000000000e+00
1.373855844356390854e+00,0.000000000000000000e+00
1.347463361246431512e+00,0.000000000000000000e+00
1.347463361246431512e+00,0.000000000000000000e+00
1.347463361246431512e+00,0.000000000000000000e+00
1.347463361246431512e+00,0.000000000000000000e+00
1.153830552278999999e+00,0.000000000000000000e+00
1.198245390050566517e+00,0.000000000000000000e+00
1.323200081616940471e+00,0.000000000000000000e+00
1.302399405031648305e+00,0.000000000000000000e+00
1.302399405031648305e+00,0.000000000000000000e+00
1.302399405031648305e+00,0.000000000000000000e+00
1.196021196489905680e+00,0.000000000000000000e+00
1.368621517251463526e+00,0.000000000000000000e+00
1.376807445686041964e+00,0.000000000000000000e+00
1.376807445686041964e+00,0.000000000000000000e+00
1.376807445686041964e+00,0.000000000000000000e+00
1.240315050985280276e+00,0.000000000000000000e+00
1.284978313181335485e+00,0.000000000000000000e+00
1.208781203559811335e+00,0.000000000000000000e+00
1.121275129843710028e+00,0.000000000000000000e+00
1.137078171978739949e+00,0.000000000000000000e+00
1.184630854013927870e+00,0.000000000000000000e+00
1.184630854013927870e+00,0.000000000000000000e+00
1.317503029989747665e+00,0.000000000000000000e+00
1.228153168169304976e+00,0.000000000000000000e+00
1.228153168169304976e+00,0.000000000000000000e+00
1.228153168169304976e+00,0.000000000000000000e+00
1.228153168169304976e+00,0.000000000000000000e+00
1.228153168169304976e+00,0.000000000000000000e+00
1.228153168169304976e+00,0.000000000000000000e+00
1.228153168169304976e+00,0.000000000000000000e+00
1.292359432247221607e+00,0.000000000000000000e+00
1.292359432247221607e+00,0.000000000000000000e+00
1.244593340330558906e+00,0.000000000000000000e+00
1.244593340330558906e+00,0.000000000000000000e+00
1.181999452345395607e+00,0.000000000000000000e+00
1.278399603835288945e+00,0.000000000000000000e+00
1.097639647037000232e+00,0.000000000000000000e+00
1.069617150905846081e+00,0.000000000000000000e+00
1.069617150905846081e+00,0.000000000000000000e+00
1.190212284978280133e+00,0.000000000000000000e+00
1.361435521116940883e+00,0.000000000000000000e+00
1.402376970241802745e+00,0.000000000000000000e+00
1.402376970241802745e+00,0.000000000000000000e+00
1.402376970241802745e+00,0.000000000000000000e+00
1.363774022631956351e+00,0.000000000000000000e+00
1.363464350999161301e+00,0.000000000000000000e+00
1.306032376481850665e+00,0.000000000000000000e+00
1.181705394194072500e+00,0.000000000000000000e+00
1.181705394194072500e+00,0.000000000000000000e+00
1.229594993087364418e+00,0.000000000000000000e+00
1.417776787419053219e+00,0.000000000000000000e+00
1.417776787419053219e+00,0.000000000000000000e+00
1.157629212765921789e+00,0.000000000000000000e+00
1.341262272564756275e+00,0.000000000000000000e+00
1.319304760109711205e+00,0.000000000000000000e+00
1.493324128762903991e+00,0.000000000000000000e+00
1.493324128762903991e+00,0.000000000000000000e+00
1.493324128762903991e+00,0.000000000000000000e+00
1.493324128762903991e+00,0.000000000000000000e+00
1.310677933697577791e+00,0.000000000000000000e+00
1.352090484356301525e+00,0.000000000000000000e+00
1.246624235347106424e+00,0.000000000000000000e+00
1.134704966628299339e+00,0.000000000000000000e+00
1.313954146702176029e+00,0.000000000000000000e+00
1.212569585105707004e+00,0.000000000000000000e+00
1.212569585105707004e+00,0.000000000000000000e+00
1.212569585105707004e+00,0.000000000000000000e+00
1.212569585105707004e+00,0.000000000000000000e+00
1.212569585105707004e+00,0.000000000000000000e+00
1.249131955187211762e+00,0.000000000000000000e+00
1.104910485867919290e+00,0.000000000000000000e+00
1.104910485867919290e+00,0.000000000000000000e+00
1.182835337256870512e+00,0.000000000000000000e+00
1.212596211515378331e+00,0.000000000000000000e+00
1.141036618415113280e+00,0.000000000000000000e+00
1.355410118425536270e+00,0.000000000000000000e+00
1.273515120060072281e+00,0.000000000000000000e+00
1.273515120060072281e+00,0.000000000000000000e+00
1.273515120060072281e+00,0.000000000000000000e+00
1.378192642648204069e+00,0.000000000000000000e+00
1.303033946425409928e+00,0.000000000000000000e+00
1.303033946425409928e+00,0.000000000000000000e+00
1.303033946425409928e+00,0.000000000000000000e+00
1.272256747888052875e+00,0.000000000000000000e+00
1.272256747888052875e+00,0.000000000000000000e+00
1.272256747888052875e+00,0.000000000000000000e+00
1.234485099700008526e+00,0.000000000000000000e+00
1.224000595874446873e+00,0.000000000000000000e+00
1.224000595874446873e+00,0.000000000000000000e+00
1.224000595874446873e+00,0.000000000000000000e+00
1.224000595874446873e+00,0.000000000000000000e+00
1.264554361127081306e+00,0.000000000000000000e+00
1.264554361127081306e+00,0.000000000000000000e+00
1.201046470365893182e+00,0.000000000000000000e+00
1.201046470365893182e+00,0.000000000000000000e+00
1.181958800922899400e+00,0.000000000000000000e+00
1.181958800922899400e+00,0.000000000000000000e+00
1.260391609949518488e+00,0.000000000000000000e+00
1.262787571893497551e+00,0.000000000000000000e+00
1.262787571893497551e+00,0.000000000000000000e+00
1.265095909719885503e+00,0.000000000000000000e+00
1.265095909719885503e+00,0.000000000000000000e+00
1.425695838909332824e+00,0.000000000000000000e+00
1.341542846416563961e+00,0.000000000000000000e+00
1.286599158996043935e+00,0.000000000000000000e+00
1.231927409914649107e+00,0.000000000000000000e+00
1.283862293878255345e+00,0.000000000000000000e+00
1.283862293878255345e+00,0.000000000000000000e+00
1.191830023602524546e+00,0.000000000000000000e+00
1.191830023602524546e+00,0.000000000000000000e+00
1.233739268877845685e+00,0.000000000000000000e+00
1.210084705446371922e+00,0.000000000000000000e+00
1.326590436160707931e+00,0.000000000000000000e+00
1.374149685734068926e+00,0.000000000000000000e+00
1.290729668717765399e+00,0.000000000000000000e+00
1.290729668717765399e+00,0.000000000000000000e+00
1.201720707438676650e+00,0.000000000000000000e+00
1.201720707438676650e+00,0.000000000000000000e+00
1.154260581396522323e+00,0.000000000000000000e+00
1.154260581396522323e+00,0.000000000000000000e+00
1.297341032944574257e+00,0.000000000000000000e+00
1.238441441230365703e+00,0.000000000000000000e+00
1.200318031136734964e+00,0.000000000000000000e+00
1.157309520327448160e+00,0.000000000000000000e+00
1.157309520327448160e+00,0.000000000000000000e+00
1.153660827978493675e+00,0.000000000000000000e+00
1.277583893465292331e+00,0.000000000000000000e+00
1.277583893465292331e+00,0.000000000000000000e+00
1.267166580444513801e+00,0.000000000000000000e+00
1.267166580444513801e+00,0.000000000000000000e+00
1.295910464780296589e+00,0.000000000000000000e+00
1.283304120624454647e+00,0.000000000000000000e+00
1.105066721002203822e+00,0.000000000000000000e+00
1.105066721002203822e+00,0.000000000000000000e+00
1.262911260752581644e+00,0.000000000000000000e+00
1.262911260752581644e+00,0.000000000000000000e+00
1.312861960972236064e+00,0.000000000000000000e+00
1.391902056303422563e+00,0.000000000000000000e+00
1.391902056303422563e+00,0.000000000000000000e+00
1.391902056303422563e+00,0.000000000000000000e+00
1.267611429866984940e+00,0.000000000000000000e+00
1.310224427073453768e+00,0.000000000000000000e+00
1.310224427073453768e+00,0.000000000000000000e+00
1.190480804083265509e+00,0.000000000000000000e+00
1.190480804083265509e+00,0.000000000000000000e+00
1.190480804083265509e+00,0.000000000000000000e+00
1.293678465685158985e+00,0.000000000000000000e+00
1.262232703511649623e+00,0.000000000000000000e+00
1.249500576829889464e+00,0.000000000000000000e+00
1.210727577388140075e+00,0.000000000000000000e+00
1.251384267773682613e+00,0.000000000000000000e+00
1.301808693708369047e+00,0.000000000000000000e+00
1.327142305984687853e+00,0.000000000000000000e+00
1.327142305984687853e+00,0.000000000000000000e+00
1.221367819284757239e+00,0.000000000000000000e+00
1.221367819284757239e+00,0.000000000000000000e+00
1.221367819284757239e+00,0.000000000000000000e+00
1.206026986152096026e+00,0.000000000000000000e+00
1.261320420195613856e+00,0.000000000000000000e+00
1.529669789857283746e+00,0.000000000000000000e+00
1.532379172927609501e+00,0.000000000000000000e+00
1.532379172927609501e+00,0.000000000000000000e+00
1.532379172927609501e+00,0.000000000000000000e+00
1.532379172927609501e+00,0.000000000000000000e+00
1.532379172927609501e+00,0.000000000000000000e+00
1.532379172927609501e+00,0.000000000000000000e+00
1.532379172927609501e+00,0.000000000000000000e+00
1.487294485658293919e+00,0.000000000000000000e+00
1.465095003266808416e+00,0.000000000000000000e+00
1.465095003266808416e+00,0.000000000000000000e+00
1.336175399755016091e+00,0.000000000000000000e+00
1.336175399755016091e+00,0.000000000000000000e+00
1.336175399755016091e+00,0.000000000000000000e+00
1.476037944462733842e+00,0.000000000000000000e+00
1.610663988915774558e+00,0.000000000000000000e+00
1.610663988915774558e+00,0.000000000000000000e+00
1.610663988915774558e+00,0.000000000000000000e+00
1.610663988915774558e+00,0.000000000000000000e+00
1.610663988915774558e+00,0.000000000000000000e+00
1.610663988915774558e+00,0.000000000000000000e+00
1.540852213118461433e+00,0.000000000000000000e+00
1.377809707095335012e+00,0.000000000000000000e+00
1.368437102831860486e+00,0.000000000000000000e+00
1.368437102831860486e+00,0.000000000000000000e+00
1.221409397932573304e+00,0.000000000000000000e+00
1.221409397932573304e+00,0.000000000000000000e+00
1.158332151532249110e+00,0.000000000000000000e+00
1.209144867453725958e+00,0.000000000000000000e+00
1.211491949094300358e+00,0.000000000000000000e+00
1.223307133552548498e+00,0.000000000000000000e+00
1.130131604378823207e+00,0.000000000000000000e+00
1.256334573994696724e+00,0.000000000000000000e+00
1.257341726664329196e+00,0.000000000000000000e+00
1.257341726664329196e+00,0.000000000000000000e+00
1.257341726664329196e+00,0.000000000000000000e+00
1.315162062668299159e+00,0.000000000000000000e+00
1.320049595635333972e+00,0.000000000000000000e+00
1.320049595635333972e+00,0.000000000000000000e+00
1.250295651212964154e+00,0.000000000000000000e+00
1.406453457801291940e+00,0.000000000000000000e+00
1.362584435293791252e+00,0.000000000000000000e+00
1.397939811591627945e+00,0.000000000000000000e+00
1.397939811591627945e+00,0.000000000000000000e+00
1.406194177706628246e+00,0.000000000000000000e+00
1.424836985530236078e+00,0.000000000000000000e+00
1.258738508582047499e+00,0.000000000000000000e+00
1.309762821706109470e+00,0.000000000000000000e+00
1.227523775475832135e+00,0.000000000000000000e+00
1.227523775475832135e+00,0.000000000000000000e+00
1.216786636664977772e+00,0.000000000000000000e+00
1.216786636664977772e+00,0.000000000000000000e+00
1.292095820578537335e+00,0.000000000000000000e+00
1.292095820578537335e+00,0.000000000000000000e+00
1.387193179033779034e+00,0.000000000000000000e+00
1.403433915237025209e+00,0.000000000000000000e+00
1.403433915237025209e+00,0.000000000000000000e+00
1.267419365688477129e+00,0.000000000000000000e+00
1.307157764624107710e+00,0.000000000000000000e+00
1.307157764624107710e+00,0.000000000000000000e+00
1.246897384296335565e+00,0.000000000000000000e+00
1.246897384296335565e+00,0.000000000000000000e+00
1.246897384296335565e+00,0.000000000000000000e+00
1.185332646331513917e+00,0.000000000000000000e+00
1.137129561276513545e+00,0.000000000000000000e+00
1.254349786505261299e+00,0.000000000000000000e+00
1.254349786505261299e+00,0.000000000000000000e+00
1.254349786505261299e+00,0.000000000000000000e+00
1.254349786505261299e+00,0.000000000000000000e+00
1.254349786505261299e+00,0.000000000000000000e+00
1.252703959445141901e+00,0.000000000000000000e+00
1.291365254900080251e+00,0.000000000000000000e+00
1.291365254900080251e+00,0.000000000000000000e+00
1.291365254900080251e+00,0.000000000000000000e+00
1.312535424048169475e+00,0.000000000000000000e+00
1.312535424048169475e+00,0.000000000000000000e+00
1.330397673639506895e+00,0.000000000000000000e+00
1.330397673639506895e+00,0.000000000000000000e+00
1.330397673639506895e+00,0.000000000000000000e+00
1.222414742611841687e+00,0.000000000000000000e+00
1.222414742611841687e+00,0.000000000000000000e+00
1.222414742611841687e+00,0.000000000000000000e+00
1.222414742611841687e+00,0.000000000000000000e+00
1.219457439801775234e+00,0.000000000000000000e+00
1.232364403431251754e+00,0.000000000000000000e+00
1.133142525255319777e+00,0.000000000000000000e+00
1.164025919711117352e+00,0.000000000000000000e+00
1.280816807379795641e+00,0.000000000000000000e+00
1.280816807379795641e+00,0.000000000000000000e+00
1.280816807379795641e+00,0.000000000000000000e+00
1.315450688344711461e+00,0.000000000000000000e+00
1.315450688344711461e+00,0.000000000000000000e+00
1.117473228646297390e+00,0.000000000000000000e+00
1.222004436737083477e+00,0.000000000000000000e+00
1.222004436737083477e+00,0.000000000000000000e+00
1.308927725002263065e+00,0.000000000000000000e+00
1.308927725002263065e+00,0.000000000000000000e+00
1.410028860084386881e+00,0.000000000000000000e+00
1.403300529524908802e+00,0.000000000000000000e+00
1.208633535247542579e+00,0.000000000000000000e+00
1.208633535247542579e+00,0.000000000000000000e+00
1.291766528819310977e+00,0.000000000000000000e+00
1.264920340345597749e+00,0.000000000000000000e+00
1.264920340345597749e+00,0.000000000000000000e+00
1.230669321496647317e+00,0.000000000000000000e+00
1.230669321496647317e+00,0.000000000000000000e+00
1.230669321496647317e+00,0.000000000000000000e+00
1.318738036072983233e+00,0.000000000000000000e+00
1.318738036072983233e+00,0.000000000000000000e+00
1.318738036072983233e+00,0.000000000000000000e+00
1.289150537833376964e+00,0.000000000000000000e+00
1.325157411726185286e+00,0.000000000000000000e+00
1.325157411726185286e+00,0.000000000000000000e+00
1.325157411726185286e+00,0.000000000000000000e+00
1.373419366685656895e+00,0.000000000000000000e+00
1.333244785359414930e+00,0.000000000000000000e+00
1.226822367102337052e+00,0.000000000000000000e+00
1.218798376705630959e+00,0.000000000000000000e+00
1.218798376705630959e+00,0.000000000000000000e+00
1.180246709904683389e+00,0.000000000000000000e+00
1.126791536026248153e+00,0.000000000000000000e+00
1.126791536026248153e+00,0.000000000000000000e+00
1.151660032929167521e+00,0.000000000000000000e+00
1.300292455120914958e+00,0.000000000000000000e+00
1.300292455120914958e+00,0.000000000000000000e+00
1.301594004081610079e+00,0.000000000000000000e+00
1.301594004081610079e+00,0.000000000000000000e+00
1.301594004081610079e+00,0.000000000000000000e+00
1.303717421471422222e+00,0.000000000000000000e+00
1.289630258012901098e+00,0.000000000000000000e+00
1.343016605296111443e+00,0.000000000000000000e+00
1.173400368434286190e+00,0.000000000000000000e+00
1.173400368434286190e+00,0.000000000000000000e+00
1.228953890224222745e+00,0.000000000000000000e+00
1.228953890224222745e+00,0.000000000000000000e+00
1.332877221802385659e+00,0.000000000000000000e+00
1.332877221802385659e+00,0.000000000000000000e+00
1.332877221802385659e+00,0.000000000000000000e+00
1.470819859580924538e+00,0.000000000000000000e+00
1.350651691368853324e+00,0.000000000000000000e+00
1.350651691368853324e+00,0.000000000000000000e+00
1.353964227061460690e+00,0.000000000000000000e+00
1.256581647791258805e+00,0.000000000000000000e+00
1.245174812465047465e+00,0.000000000000000000e+00
1.256087734915447118e+00,0.000000000000000000e+00
1.256087734915447118e+00,0.000000000000000000e+00
1.350620083996277643e+00,0.000000000000000000e+00
1.350620083996277643e+00,0.000000000000000000e+00
1.388728839198352105e+00,0.000000000000000000e+00
1.388538397236215305e+00,0.000000000000000000e+00
1.388538397236215305e+00,0.000000000000000000e+00
1.311626443527050156e+00,0.000000000000000000e+00
1.311626443527050156e+00,0.000000000000000000e+00
1.266244147971854916e+00,0.000000000000000000e+00
1.366363497288933804e+00,0.000000000000000000e+00
1.366363497288933804e+00,0.000000000000000000e+00
1.366363497288933804e+00,0.000000000000000000e+00
1.331833952764108320e+00,0.000000000000000000e+00
1.331833952764108320e+00,0.000000000000000000e+00
1.281677851719012162e+00,0.000000000000000000e+00
1.239805428071067306e+00,0.000000000000000000e+00
1.239805428071067306e+00,0.000000000000000000e+00
1.135712250928697431e+00,0.000000000000000000e+00
1.166739889889793824e+00,0.000000000000000000e+00
1.194533410026278775e+00,0.000000000000000000e+00
1.468511112053964673e+00,0.000000000000000000e+00
1.468511112053964673e+00,0.000000000000000000e+00
1.412319693844722224e+00,0.000000000000000000e+00
1.412319693844722224e+00,0.000000000000000000e+00
1.412247813598792145e+00,0.000000000000000000e+00
1.342232487752722081e+00,0.000000000000000000e+00
1.228977271787254022e+00,0.000000000000000000e+00
1.228977271787254022e+00,0.000000000000000000e+00
1.228977271787254022e+00,0.000000000000000000e+00
1.228977271787254022e+00,0.000000000000000000e+00
1.228977271787254022e+00,0.000000000000000000e+00
1.228977271787254022e+00,0.000000000000000000e+00
1.188976627021760102e+00,0.000000000000000000e+00
1.266373907499265705e+00,0.000000000000000000e+00
1.411671211249650115e+00,0.000000000000000000e+00
1.360756060115758892e+00,0.000000000000000000e+00
1.387337119168991606e+00,0.000000000000000000e+00
1.410435774699688727e+00,0.000000000000000000e+00
1.369494353377788132e+00,0.000000000000000000e+00
1.183101971638657712e+00,0.000000000000000000e+00
1.166171297495062653e+00,0.000000000000000000e+00
1.166977441718969555e+00,0.000000000000000000e+00
1.403435677858891895e+00,0.000000000000000000e+00
1.403435677858891895e+00,0.000000000000000000e+00
1.403435677858891895e+00,0.000000000000000000e+00
1.392415423171871947e+00,0.000000000000000000e+00
1.392415423171871947e+00,0.000000000000000000e+00
1.392415423171871947e+00,0.000000000000000000e+00
1.397591265748795442e+00,0.000000000000000000e+00
1.397591265748795442e+00,0.000000000000000000e+00
1.397591265748795442e+00,0.000000000000000000e+00
1.397591265748795442e+00,0.000000000000000000e+00
1.397591265748795442e+00,0.000000000000000000e+00
1.397591265748795442e+00,0.000000000000000000e+00
1.269887707338797522e+00,0.000000000000000000e+00
1.269887707338797522e+00,0.000000000000000000e+00
1.269887707338797522e+00,0.000000000000000000e+00
1.176930906506659102e+00,0.000000000000000000e+00
1.206244395975058170e+00,0.000000000000000000e+00
1.268158414424163993e+00,0.000000000000000000e+00
1.268158414424163993e+00,0.000000000000000000e+00
1.222769983433650953e+00,0.000000000000000000e+00
1.340021565014841931e+00,0.000000000000000000e+00
1.340021565014841931e+00,0.000000000000000000e+00
1.258056623188933631e+00,0.000000000000000000e+00
1.157979340481649633e+00,0.000000000000000000e+00
1.333958972449866831e+00,0.000000000000000000e+00
1.174588455701898404e+00,0.000000000000000000e+00
1.174588455701898404e+00,0.000000000000000000e+00
1.174796083429442417e+00,0.000000000000000000e+00
1.174796083429442417e+00,0.000000000000000000e+00
1.451322379872740154e+00,0.000000000000000000e+00
1.451322379872740154e+00,0.000000000000000000e+00
1.451322379872740154e+00,0.000000000000000000e+00
1.488873789033941630e+00,0.000000000000000000e+00
1.426016795124774639e+00,0.000000000000000000e+00
1.426016795124774639e+00,0.000000000000000000e+00
1.347442217180783164e+00,0.000000000000000000e+00
1.220582616390076369e+00,0.000000000000000000e+00
1.342925016315129172e+00,0.000000000000000000e+00
1.342925016315129172e+00,0.000000000000000000e+00
1.403697403982432590e+00,0.000000000000000000e+00
1.251848261228683201e+00,0.000000000000000000e+00
1.251848261228683201e+00,0.000000000000000000e+00
1.327662465666564984e+00,0.000000000000000000e+00
1.380113617929625836e+00,0.000000000000000000e+00
1.350573876625990044e+00,0.000000000000000000e+00
1.350573876625990044e+00,0.000000000000000000e+00
1.344587587866586720e+00,0.000000000000000000e+00
1.146837707349850355e+00,0.000000000000000000e+00
1.146837707349850355e+00,0.000000000000000000e+00
1.166044644439850231e+00,0.000000000000000000e+00
1.151266178124169537e+00,0.000000000000000000e+00
1.151266178124169537e+00,0.000000000000000000e+00
1.151266178124169537e+00,0.000000000000000000e+00
1.082822768278578485e+00,0.000000000000000000e+00
1.082822768278578485e+00,0.000000000000000000e+00
1.173626765891633950e+00,0.000000000000000000e+00
1.173626765891633950e+00,0.000000000000000000e+00
1.054305139185610862e+00,0.000000000000000000e+00
1.054305139185610862e+00,0.000000000000000000e+00
1.054305139185610862e+00,0.000000000000000000e+00
1.191661703462643995e+00,0.000000000000000000e+00
1.191661703462643995e+00,0.000000000000000000e+00
1.191661703462643995e+00,0.000000000000000000e+00
1.100792107221692850e+00,0.000000000000000000e+00
1.100792107221692850e+00,0.000000000000000000e+00
1.100792107221692850e+00,0.000000000000000000e+00
1.100792107221692850e+00,0.000000000000000000e+00
1.188578032827612319e+00,0.000000000000000000e+00
1.188578032827612319e+00,0.000000000000000000e+00
1.154950111310432126e+00,0.000000000000000000e+00
1.272031474877782120e+00,0.000000000000000000e+00
1.272031474877782120e+00,0.000000000000000000e+00
1.283199560088018831e+00,0.000000000000000000e+00
1.283199560088018831e+00,0.000000000000000000e+00
1.173986462298298949e+00,0.000000000000000000e+00
1.188594459804481751e+00,0.000000000000000000e+00
1.367647349315335825e+00,0.000000000000000000e+00
1.353928069332632322e+00,0.000000000000000000e+00
1.371994969867835312e+00,0.000000000000000000e+00
1.371994969867835312e+00,0.000000000000000000e+00
1.371994969867835312e+00,0.000000000000000000e+00
1.244823848154876789e+00,0.000000000000000000e+00
1.401592303640532222e+00,0.000000000000000000e+00
1.401592303640532222e+00,0.000000000000000000e+00
1.401592303640532222e+00,0.000000000000000000e+00
1.189156487673363793e+00,0.000000000000000000e+00
1.382189985427253465e+00,0.000000000000000000e+00
1.382189985427253465e+00,0.000000000000000000e+00
1.399719479132065514e+00,0.000000000000000000e+00
1.399719479132065514e+00,0.000000000000000000e+00
1.206969729606688357e+00,0.000000000000000000e+00
1.112629773238590358e+00,0.000000000000000000e+00
1.112629773238590358e+00,0.000000000000000000e+00
1.112629773238590358e+00,0.000000000000000000e+00
1.293387124612162653e+00,0.000000000000000000e+00
1.223554103684868277e+00,0.000000000000000000e+00
1.248693049306496050e+00,0.000000000000000000e+00
1.104384129790247471e+00,0.000000000000000000e+00
1.366537595509643266e+00,0.000000000000000000e+00
1.366537595509643266e+00,0.000000000000000000e+00
1.439991866966936040e+00,0.000000000000000000e+00
1.439991866966936040e+00,0.000000000000000000e+00
1.439991866966936040e+00,0.000000000000000000e+00
1.439991866966936040e+00,0.000000000000000000e+00
1.439991866966936040e+00,0.000000000000000000e+00
1.409025790696442959e+00,0.000000000000000000e+00
1.409025790696442959e+00,0.000000000000000000e+00
1.409025790696442959e+00,0.000000000000000000e+00
1.482445801798297769e+00,0.000000000000000000e+00
1.482445801798297769e+00,0.000000000000000000e+00
1.482445801798297769e+00,0.000000000000000000e+00
1.482445801798297769e+00,0.000000000000000000e+00
1.459977095662691626e+00,0.000000000000000000e+00
1.257795956871779808e+00,0.000000000000000000e+00
1.261775582074934787e+00,0.000000000000000000e+00
1.365221119337725053e+00,0.000000000000000000e+00
1.344090680447231678e+00,0.000000000000000000e+00
1.363929282565992551e+00,0.000000000000000000e+00
1.363929282565992551e+00,0.000000000000000000e+00
1.363929282565992551e+00,0.000000000000000000e+00
1.363929282565992551e+00,0.000000000000000000e+00
1.363929282565992551e+00,0.000000000000000000e+00
1.363929282565992551e+00,0.000000000000000000e+00
1.363929282565992551e+00,0.000000000000000000e+00
1.206518834464541889e+00,0.000000000000000000e+00
1.317514101447955888e+00,0.000000000000000000e+00
1.317514101447955888e+00,0.000000000000000000e+00
1.197844045647343370e+00,0.000000000000000000e+00
1.300001464012469077e+00,0.000000000000000000e+00
1.288129736948103732e+00,0.000000000000000000e+00
1.268566166594724320e+00,0.000000000000000000e+00
1.276418823405017999e+00,0.000000000000000000e+00
1.276418823405017999e+00,0.000000000000000000e+00
1.276418823405017999e+00,0.000000000000000000e+00
1.188500033665244926e+00,0.000000000000000000e+00
1.031759267567558425e+00,0.000000000000000000e+00
1.374223761334210980e+00,0.000000000000000000e+00
1.374223761334210980e+00,0.000000000000000000e+00
1.374223761334210980e+00,0.000000000000000000e+00
1.176571868208164950e+00,0.000000000000000000e+00
1.176571868208164950e+00,0.000000000000000000e+00
1.205301589331542411e+00,0.000000000000000000e+00
1.205301589331542411e+00,0.000000000000000000e+00
1.209252087676950804e+00,0.000000000000000000e+00
1.209252087676950804e+00,0.000000000000000000e+00
1.333818619015048501e+00,0.000000000000000000e+00
1.333818619015048501e+00,0.000000000000000000e+00
1.420190920786267075e+00,0.000000000000000000e+00
1.310005401555836890e+00,0.000000000000000000e+00
1.359974367811762619e+00,0.000000000000000000e+00
1.327191619556883806e+00,0.000000000000000000e+00
1.327191619556883806e+00,0.000000000000000000e+00
1.327191619556883806e+00,0.000000000000000000e+00
1.327191619556883806e+00,0.000000000000000000e+00
1.256073863956544745e+00,0.000000000000000000e+00
1.262772794540427457e+00,0.000000000000000000e+00
1.361341963886631756e+00,0.000000000000000000e+00
1.253445430955452133e+00,0.000000000000000000e+00
1.355555981856960024e+00,0.000000000000000000e+00
1.161229261318921235e+00,0.000000000000000000e+00
1.175529715096406802e+00,0.000000000000000000e+00
1.188075792040071299e+00,0.000000000000000000e+00
1.188075792040071299e+00,0.000000000000000000e+00
1.403828158660981984e+00,0.000000000000000000e+00
1.403828158660981984e+00,0.000000000000000000e+00
1.403828158660981984e+00,0.000000000000000000e+00
1.403828158660981984e+00,0.000000000000000000e+00
1.320296244640836836e+00,0.000000000000000000e+00
1.320296244640836836e+00,0.000000000000000000e+00
1.227985294957227191e+00,0.000000000000000000e+00
1.227985294957227191e+00,0.000000000000000000e+00
1.220495128235336235e+00,0.000000000000000000e+00
1.323739704103778614e+00,0.000000000000000000e+00
1.323739704103778614e+00,0.000000000000000000e+00
1.330443570888370175e+00,0.000000000000000000e+00
1.330443570888370175e+00,0.000000000000000000e+00
1.330443570888370175e+00,0.000000000000000000e+00
1.330443570888370175e+00,0.000000000000000000e+00
1.330443570888370175e+00,0.000000000000000000e+00
1.320230040946251737e+00,0.000000000000000000e+00
1.133683068328585009e+00,0.000000000000000000e+00
1.398427092972535979e+00,0.000000000000000000e+00
1.311236744418297517e+00,0.000000000000000000e+00
1.311236744418297517e+00,0.000000000000000000e+00
1.311236744418297517e+00,0.000000000000000000e+00
1.285013952921384650e+00,0.000000000000000000e+00
1.271703865620290586e+00,0.000000000000000000e+00
1.367000125683230705e+00,0.000000000000000000e+00
1.141781809485535648e+00,0.000000000000000000e+00
1.141781809485535648e+00,0.000000000000000000e+00
1.110401003290347521e+00,0.000000000000000000e+00
1.110401003290347521e+00,0.000000000000000000e+00
1.110401003290347521e+00,0.000000000000000000e+00
1.172006492235238673e+00,0.000000000000000000e+00
1.172006492235238673e+00,0.000000000000000000e+00
1.263332729375898467e+00,0.000000000000000000e+00
1.237881976720775601e+00,0.000000000000000000e+00
1.237881976720775601e+00,0.000000000000000000e+00
1.237881976720775601e+00,0.000000000000000000e+00
1.125418997852338121e+00,0.000000000000000000e+00
1.125418997852338121e+00,0.000000000000000000e+00
1.125418997852338121e+00,0.000000000000000000e+00
1.215826480668923626e+00,0.000000000000000000e+00
1.344897670629463748e+00,0.000000000000000000e+00
1.237875765460155986e+00,0.000000000000000000e+00
1.237875765460155986e+00,0.000000000000000000e+00
1.236424778529709556e+00,0.000000000000000000e+00
1.236424778529709556e+00,0.000000000000000000e+00
1.192706219888999497e+00,0.000000000000000000e+00
1.105945122830058081e+00,0.000000000000000000e+00
1.330962916567863807e+00,0.000000000000000000e+00
1.330962916567863807e+00,0.000000000000000000e+00
1.330962916567863807e+00,0.000000000000000000e+00
1.330962916567863807e+00,0.000000000000000000e+00
1.295154590687493279e+00,0.000000000000000000e+00
1.114876373120538222e+00,0.000000000000000000e+00
1.300682776895161208e+00,0.000000000000000000e+00
1.300682776895161208e+00,0.000000000000000000e+00
1.300682776895161208e+00,0.000000000000000000e+00
1.309637300757791945e+00,0.000000000000000000e+00
1.309637300757791945e+00,0.000000000000000000e+00
1.309637300757791945e+00,0.000000000000000000e+00
1.309637300757791945e+00,0.000000000000000000e+00
1.309637300757791945e+00,0.000000000000000000e+00
1.309637300757791945e+00,0.000000000000000000e+00
1.448920283302651102e+00,0.000000000000000000e+00
1.448920283302651102e+00,0.000000000000000000e+00
1.454120097696624203e+00,0.000000000000000000e+00
1.454120097696624203e+00,0.000000000000000000e+00
1.326017747078071407e+00,0.000000000000000000e+00
1.326017747078071407e+00,0.000000000000000000e+00
1.326017747078071407e+00,0.000000000000000000e+00
1.235314651447877221e+00,0.000000000000000000e+00
1.066282160473719376e+00,0.000000000000000000e+00
1.066282160473719376e+00,0.000000000000000000e+00
1.066282160473719376e+00,0.000000000000000000e+00
1.093923107440356146e+00,0.000000000000000000e+00
1.093923107440356146e+00,0.000000000000000000e+00
1.093923107440356146e+00,0.000000000000000000e+00
1.216229205327049367e+00,0.000000000000000000e+00
1.216229205327049367e+00,0.000000000000000000e+00
1.058561711551526230e+00,0.000000000000000000e+00
1.397890847620097743e+00,0.000000000000000000e+00
1.387596434248122179e+00,0.000000000000000000e+00
1.151365124756322800e+00,0.000000000000000000e+00
1.271082825817698936e+00,0.000000000000000000e+00
1.294604198593993338e+00,0.000000000000000000e+00
1.294604198593993338e+00,0.000000000000000000e+00
1.243542654387954638e+00,0.000000000000000000e+00
1.405647932220350338e+00,0.000000000000000000e+00
1.398334243037711255e+00,0.000000000000000000e+00
1.385732097944193164e+00,0.000000000000000000e+00
1.217022057833069493e+00,0.000000000000000000e+00
1.217022057833069493e+00,0.000000000000000000e+00
1.178060033992882616e+00,0.000000000000000000e+00
1.275249971329060150e+00,0.000000000000000000e+00
1.557149384658939706e+00,0.000000000000000000e+00
1.496848269861261294e+00,0.000000000000000000e+00
1.496848269861261294e+00,0.000000000000000000e+00
1.496848269861261294e+00,0.000000000000000000e+00
1.562005572904089146e+00,0.000000000000000000e+00
1.324775308709582822e+00,0.000000000000000000e+00
1.324775308709582822e+00,0.000000000000000000e+00
1.382117185495327583e+00,0.000000000000000000e+00
1.286219518831928976e+00,0.000000000000000000e+00
1.025899245086920430e+00,0.000000000000000000e+00
1.223544655500209410e+00,0.000000000000000000e+00
1.223544655500209410e+00,0.000000000000000000e+00
1.186885072812310593e+00,0.000000000000000000e+00
1.186885072812310593e+00,0.000000000000000000e+00
1.175200502849937489e+00,0.000000000000000000e+00
1.171823716279970062e+00,0.000000000000000000e+00
1.361580287716717352e+00,0.000000000000000000e+00
1.356482994712700396e+00,0.000000000000000000e+00
1.342256406404341851e+00,0.000000000000000000e+00
1.227020600072903367e+00,0.000000000000000000e+00
1.227020600072903367e+00,0.000000000000000000e+00
1.196338277109306958e+00,0.000000000000000000e+00
1.296985628974737015e+00,0.000000000000000000e+00
1.299910494106048642e+00,0.000000000000000000e+00
1.299910494106048642e+00,0.000000000000000000e+00
1.379144126081711441e+00,0.000000000000000000e+00
1.435726814533133222e+00,0.000000000000000000e+00
1.462789056510486407e+00,0.000000000000000000e+00
1.462789056510486407e+00,0.000000000000000000e+00
1.420513943400568913e+00,0.000000000000000000e+00
1.430377553972160598e+00,0.000000000000000000e+00
1.430377553972160598e+00,0.000000000000000000e+00
1.430377553972160598e+00,0.000000000000000000e+00
1.430377553972160598e+00,0.000000000000000000e+00
1.430377553972160598e+00,0.000000000000000000e+00
1.365143640081124543e+00,0.000000000000000000e+00
1.271865685224824905e+00,0.000000000000000000e+00
1.474848793856075257e+00,0.000000000000000000e+00
1.313737572108106377e+00,0.000000000000000000e+00
1.313737572108106377e+00,0.000000000000000000e+00
1.232467371665444844e+00,0.000000000000000000e+00
1.238525182857158402e+00,0.000000000000000000e+00
1.296537965372040802e+00,0.000000000000000000e+00
1.296537965372040802e+00,0.000000000000000000e+00
1.296537965372040802e+00,0.000000000000000000e+00
1.292938645964674116e+00,0.000000000000000000e+00
1.167514780045749045e+00,0.000000000000000000e+00
1.175158975913780601e+00,0.000000000000000000e+00
1.175158975913780601e+00,0.000000000000000000e+00
1.175158975913780601e+00,0.000000000000000000e+00
1.359845323582105081e+00,0.000000000000000000e+00
1.278209117163895847e+00,0.000000000000000000e+00
1.183914856601558263e+00,0.000000000000000000e+00
1.280073966291856324e+00,0.000000000000000000e+00
1.298526107603999113e+00,0.000000000000000000e+00
1.169586126451173103e+00,0.000000000000000000e+00
1.244826448884710057e+00,0.000000000000000000e+00
1.244826448884710057e+00,0.000000000000000000e+00
1.424369540526404743e+00,0.000000000000000000e+00
1.424369540526404743e+00,0.000000000000000000e+00
1.424369540526404743e+00,0.000000000000000000e+00
1.406688300402178848e+00,0.000000000000000000e+00
1.381594441332771650e+00,0.000000000000000000e+00
1.381594441332771650e+00,0.000000000000000000e+00
1.261945312713415479e+00,0.000000000000000000e+00
1.261945312713415479e+00,0.000000000000000000e+00
1.350876566813263402e+00,0.000000000000000000e+00
1.300615712752648978e+00,0.000000000000000000e+00
1.087071883943083961e+00,0.000000000000000000e+00
1.041673654116032521e+00,0.000000000000000000e+00
1.041673654116032521e+00,0.000000000000000000e+00
1.041673654116032521e+00,0.000000000000000000e+00
1.041673654116032521e+00,0.000000000000000000e+00
1.195968709594438684e+00,0.000000000000000000e+00
1.230440492847995504e+00,0.000000000000000000e+00
1.321154841025484084e+00,0.000000000000000000e+00
1.231072952786194552e+00,0.000000000000000000e+00
1.231072952786194552e+00,0.000000000000000000e+00
1.399858832710215717e+00,0.000000000000000000e+00
1.401074810330692477e+00,0.000000000000000000e+00
1.370373382195472223e+00,0.000000000000000000e+00
1.370373382195472223e+00,0.000000000000000000e+00
1.390731422840280507e+00,0.000000000000000000e+00
1.390731422840280507e+00,0.000000000000000000e+00
1.374332128304703859e+00,0.000000000000000000e+00
1.374332128304703859e+00,0.000000000000000000e+00
1.173262230814580809e+00,0.000000000000000000e+00
1.089583532382214948e+00,0.000000000000000000e+00
1.089583532382214948e+00,0.000000000000000000e+00
1.299550673741832751e+00,0.000000000000000000e+00
1.299550673741832751e+00,0.000000000000000000e+00
1.275488613060779430e+00,0.000000000000000000e+00
1.409457539476319354e+00,0.000000000000000000e+00
1.409457539476319354e+00,0.000000000000000000e+00
1.398950112802221923e+00,0.000000000000000000e+00
1.226337843837306929e+00,0.000000000000000000e+00
1.418488170289962103e+00,0.000000000000000000e+00
1.418488170289962103e+00,0.000000000000000000e+00
1.418488170289962103e+00,0.000000000000000000e+00
1.418488170289962103e+00,0.000000000000000000e+00
1.316258364642385992e+00,0.000000000000000000e+00
1.274910946902482634e+00,0.000000000000000000e+00
1.299601581890655222e+00,0.000000000000000000e+00
1.299601581890655222e+00,0.000000000000000000e+00
1.122976023482859853e+00,0.000000000000000000e+00
1.011446923546305721e+00,0.000000000000000000e+00
1.008465300563204714e+00,0.000000000000000000e+00
1.008465300563204714e+00,0.000000000000000000e+00
1.008465300563204714e+00,0.000000000000000000e+00
1.190365430331872920e+00,0.000000000000000000e+00
1.368908980739557357e+00,0.000000000000000000e+00
1.413419534918818110e+00,0.000000000000000000e+00
1.413419534918818110e+00,0.000000000000000000e+00
1.164910136377861338e+00,0.000000000000000000e+00
1.381877457565841905e+00,0.000000000000000000e+00
1.298739459662014095e+00,0.000000000000000000e+00
1.167925205973507463e+00,0.000000000000000000e+00
1.120532277098481577e+00,0.000000000000000000e+00
1.090955835764980897e+00,0.000000000000000000e+00
1.415406201917695173e+00,0.000000000000000000e+00
1.294345372746084077e+00,0.000000000000000000e+00
1.258785876792121172e+00,0.000000000000000000e+00
1.213154477738159542e+00,0.000000000000000000e+00
1.104658750863325434e+00,0.000000000000000000e+00
1.104658750863325434e+00,0.000000000000000000e+00
1.144655936640801563e+00,0.000000000000000000e+00
1.038969507619759147e+00,0.000000000000000000e+00
1.099126714198981336e+00,0.000000000000000000e+00
1.099126714198981336e+00,0.000000000000000000e+00
1.099126714198981336e+00,0.000000000000000000e+00
1.404770475010856279e+00,0.000000000000000000e+00
1.308594460318343700e+00,0.000000000000000000e+00
1.312708598561649787e+00,0.000000000000000000e+00
1.312708598561649787e+00,0.000000000000000000e+00
1.402214839063503860e+00,0.000000000000000000e+00
1.402214839063503860e+00,0.000000000000000000e+00
1.402214839063503860e+00,0.000000000000000000e+00
1.402214839063503860e+00,0.000000000000000000e+00
1.524601483252052470e+00,0.000000000000000000e+00
1.524601483252052470e+00,0.000000000000000000e+00
1.495429135115973862e+00,0.000000000000000000e+00
1.238636287668877900e+00,0.000000000000000000e+00
1.238636287668877900e+00,0.000000000000000000e+00
1.129027162149060404e+00,0.000000000000000000e+00
1.129027162149060404e+00,0.000000000000000000e+00
1.157270801788730097e+00,0.000000000000000000e+00
1.157270801788730097e+00,0.000000000000000000e+00
1.138887629869212770e+00,0.000000000000000000e+00
1.259245486185351481e+00,0.000000000000000000e+00
1.326382798006521924e+00,0.000000000000000000e+00
1.167653032800812785e+00,0.000000000000000000e+00
1.230567098872981546e+00,0.000000000000000000e+00
1.071805182598871031e+00,0.000000000000000000e+00
1.399513088404825023e+00,0.000000000000000000e+00
1.359117121409068263e+00,0.000000000000000000e+00
1.359117121409068263e+00,0.000000000000000000e+00
1.367379252865339456e+00,0.000000000000000000e+00
1.422132910962536467e+00,0.000000000000000000e+00
1.445792766416699848e+00,0.000000000000000000e+00
1.445792766416699848e+00,0.000000000000000000e+00
1.445792766416699848e+00,0.000000000000000000e+00
1.445792766416699848e+00,0.000000000000000000e+00
1.329459981747423081e+00,0.000000000000000000e+00
1.329459981747423081e+00,0.000000000000000000e+00
1.242972729670176690e+00,0.000000000000000000e+00
1.418973633963836356e+00,0.000000000000000000e+00
1.418973633963836356e+00,0.000000000000000000e+00
1.418973633963836356e+00,0.000000000000000000e+00
1.438850918897158104e+00,0.000000000000000000e+00
1.438850918897158104e+00,0.000000000000000000e+00
1.441392615977018954e+00,0.000000000000000000e+00
1.441392615977018954e+00,0.000000000000000000e+00
1.441392615977018954e+00,0.000000000000000000e+00
1.441392615977018954e+00,0.000000000000000000e+00
1.372635642034158554e+00,0.000000000000000000e+00
1.372635642034158554e+00,0.000000000000000000e+00
1.372635642034158554e+00,0.000000000000000000e+00
1.246071774778872321e+00,0.000000000000000000e+00
1.270974468684582970e+00,0.000000000000000000e+00
1.236518575719695701e+00,0.000000000000000000e+00
1.310886851838343858e+00,0.000000000000000000e+00
1.413182387007283936e+00,0.000000000000000000e+00
1.413182387007283936e+00,0.000000000000000000e+00
1.248911445254843322e+00,0.000000000000000000e+00
1.248911445254843322e+00,0.000000000000000000e+00
1.248911445254843322e+00,0.000000000000000000e+00
1.248911445254843322e+00,0.000000000000000000e+00
1.216025262956397235e+00,0.000000000000000000e+00
1.216025262956397235e+00,0.000000000000000000e+00
1.303843265580346245e+00,0.000000000000000000e+00
1.297378507665791547e+00,0.000000000000000000e+00
1.207630381192412727e+00,0.000000000000000000e+00
1.400745714280157372e+00,0.000000000000000000e+00
1.325799124425063091e+00,0.000000000000000000e+00
1.301173686605175961e+00,0.000000000000000000e+00
1.301173686605175961e+00,0.000000000000000000e+00
1.360128149043984269e+00,0.000000000000000000e+00
1.360128149043984269e+00,0.000000000000000000e+00
1.360128149043984269e+00,0.000000000000000000e+00
1.360128149043984269e+00,0.000000000000000000e+00
1.169021425704940054e+00,0.000000000000000000e+00
1.321971525940420999e+00,0.000000000000000000e+00
1.230714834348307196e+00,0.000000000000000000e+00
1.230714834348307196e+00,0.000000000000000000e+00
1.337569546612952021e+00,0.000000000000000000e+00
1.256876393642818002e+00,0.000000000000000000e+00
1.083136310414166470e+00,0.000000000000000000e+00
1.083136310414166470e+00,0.000000000000000000e+00
1.046190940582418349e+00,0.000000000000000000e+00
1.195405657344327022e+00,0.000000000000000000e+00
1.241891088522787179e+00,0.000000000000000000e+00
1.241891088522787179e+00,0.000000000000000000e+00
1.199964080259617205e+00,0.000000000000000000e+00
1.199964080259617205e+00,0.000000000000000000e+00
1.313698116148628747e+00,0.000000000000000000e+00
1.181355491457120710e+00,0.000000000000000000e+00
1.083430606197075985e+00,0.000000000000000000e+00
1.083430606197075985e+00,0.000000000000000000e+00
1.497421847364831304e+00,0.000000000000000000e+00
1.426864801942643979e+00,0.000000000000000000e+00
1.426864801942643979e+00,0.000000000000000000e+00
1.260081937336712699e+00,0.000000000000000000e+00
1.260081937336712699e+00,0.000000000000000000e+00
1.341730295501875503e+00,0.000000000000000000e+00
1.341730295501875503e+00,0.000000000000000000e+00
1.341730295501875503e+00,0.000000000000000000e+00
1.160966582119514312e+00,0.000000000000000000e+00
1.160966582119514312e+00,0.000000000000000000e+00
1.099003941778615046e+00,0.000000000000000000e+00
1.289197396330436840e+00,0.000000000000000000e+00
1.289197396330436840e+00,0.000000000000000000e+00
1.261332804533462415e+00,0.000000000000000000e+00
1.375052506848794431e+00,0.000000000000000000e+00
1.370666583385045767e+00,0.000000000000000000e+00
1.338996628070263428e+00,0.000000000000000000e+00
1.381730301074747924e+00,0.000000000000000000e+00
1.393180652063476188e+00,0.000000000000000000e+00
1.436430288266302702e+00,0.000000000000000000e+00
1.454538740196619884e+00,0.000000000000000000e+00
1.175020327314426849e+00,0.000000000000000000e+00
1.190962077410227193e+00,0.000000000000000000e+00
1.416888313163083613e+00,0.000000000000000000e+00
1.416888313163083613e+00,0.000000000000000000e+00
1.396564624356202433e+00,0.000000000000000000e+00
1.305310867062676738e+00,0.000000000000000000e+00
1.305310867062676738e+00,0.000000000000000000e+00
1.249425649661158211e+00,0.000000000000000000e+00
1.176778493478003229e+00,0.000000000000000000e+00
1.176778493478003229e+00,0.000000000000000000e+00
1.176778493478003229e+00,0.000000000000000000e+00
1.176778493478003229e+00,0.000000000000000000e+00
1.176778493478003229e+00,0.000000000000000000e+00
1.176778493478003229e+00,0.000000000000000000e+00
1.213635547565043105e+00,0.000000000000000000e+00
1.250136305132086179e+00,0.000000000000000000e+00
1.279552301989872465e+00,0.000000000000000000e+00
1.279552301989872465e+00,0.000000000000000000e+00
1.347378872153613294e+00,0.000000000000000000e+00
1.347378872153613294e+00,0.000000000000000000e+00
1.257924035608988245e+00,0.000000000000000000e+00
1.257924035608988245e+00,0.000000000000000000e+00
1.257924035608988245e+00,0.000000000000000000e+00
1.345903908763892431e+00,0.000000000000000000e+00
1.345903908763892431e+00,0.000000000000000000e+00
1.345903908763892431e+00,0.000000000000000000e+00
1.202357528096537065e+00,0.000000000000000000e+00
1.327173194112746701e+00,0.000000000000000000e+00
1.259575884955721703e+00,0.000000000000000000e+00
1.259575884955721703e+00,0.000000000000000000e+00
1.271967311639182752e+00,0.000000000000000000e+00
1.395519632304178970e+00,0.000000000000000000e+00
1.395519632304178970e+00,0.000000000000000000e+00
1.395519632304178970e+00,0.000000000000000000e+00
1.199675770451922086e+00,0.000000000000000000e+00
1.216202889479812477e+00,0.000000000000000000e+00
1.111323385361022043e+00,0.000000000000000000e+00
1.111323385361022043e+00,0.000000000000000000e+00
1.111323385361022043e+00,0.000000000000000000e+00
1.148316962205603975e+00,0.000000000000000000e+00
1.148316962205603975e+00,0.000000000000000000e+00
1.148316962205603975e+00,0.000000000000000000e+00
1.148316962205603975e+00,0.000000000000000000e+00
1.148316962205603975e+00,0.000000000000000000e+00
1.148316962205603975e+00,0.000000000000000000e+00
1.175791252173289614e+00,0.000000000000000000e+00
1.142347069338707888e+00,0.000000000000000000e+00
1.411999617201350921e+00,0.000000000000000000e+00
1.183227313591978413e+00,0.000000000000000000e+00
1.183227313591978413e+00,0.000000000000000000e+00
1.278639745799792227e+00,0.000000000000000000e+00
1.262467663152951669e+00,0.000000000000000000e+00
1.247739434142373538e+00,0.000000000000000000e+00
1.247739434142373538e+00,0.000000000000000000e+00
1.176097889484502446e+00,0.000000000000000000e+00
1.124539893936540746e+00,0.000000000000000000e+00
1.413078196760229943e+00,0.000000000000000000e+00
1.413078196760229943e+00,0.000000000000000000e+00
1.360238134316128056e+00,0.000000000000000000e+00
1.360238134316128056e+00,0.000000000000000000e+00
1.360238134316128056e+00,0.000000000000000000e+00
1.378517190444862983e+00,0.000000000000000000e+00
1.324581546898105477e+00,0.000000000000000000e+00
1.290564198282982522e+00,0.000000000000000000e+00
1.414259812119457838e+00,0.000000000000000000e+00
1.418951648445434310e+00,0.000000000000000000e+00
1.410564226290263123e+00,0.000000000000000000e+00
1.407968400854605395e+00,0.000000000000000000e+00
1.288028368427905024e+00,0.000000000000000000e+00
1.288028368427905024e+00,0.000000000000000000e+00
1.288028368427905024e+00,0.000000000000000000e+00
1.288028368427905024e+00,0.000000000000000000e+00
1.443005255654580044e+00,0.000000000000000000e+00
1.589201563168960218e+00,0.000000000000000000e+00
1.589201563168960218e+00,0.000000000000000000e+00
1.445527843515296951e+00,0.000000000000000000e+00
1.137529488672277544e+00,0.000000000000000000e+00
1.123058224404171135e+00,0.000000000000000000e+00
1.285115920963798786e+00,0.000000000000000000e+00
1.194508197090285329e+00,0.000000000000000000e+00
1.194508197090285329e+00,0.000000000000000000e+00
1.151676395807382569e+00,0.000000000000000000e+00
1.328830195815451143e+00,0.000000000000000000e+00
1.328830195815451143e+00,0.000000000000000000e+00
1.328830195815451143e+00,0.000000000000000000e+00
1.448295051163472902e+00,0.000000000000000000e+00
1.296779446627802646e+00,0.000000000000000000e+00
1.296779446627802646e+00,0.000000000000000000e+00
1.296779446627802646e+00,0.000000000000000000e+00
1.296779446627802646e+00,0.000000000000000000e+00
1.322662446432743444e+00,0.000000000000000000e+00
1.322662446432743444e+00,0.000000000000000000e+00
1.332794126448658689e+00,0.000000000000000000e+00
1.211971405954922032e+00,0.000000000000000000e+00
1.305336203831468644e+00,0.000000000000000000e+00
1.305336203831468644e+00,0.000000000000000000e+00
1.509976110270960792e+00,0.000000000000000000e+00
1.509976110270960792e+00,0.000000000000000000e+00
1.166111830225104784e+00,0.000000000000000000e+00
1.166111830225104784e+00,0.000000000000000000e+00
1.321297834933732096e+00,0.000000000000000000e+00
1.556907855822809328e+00,0.000000000000000000e+00
1.556907855822809328e+00,0.000000000000000000e+00
1.442930157669378932e+00,0.000000000000000000e+00
1.377573545879408945e+00,0.000000000000000000e+00
1.426883006044752156e+00,0.000000000000000000e+00
1.426883006044752156e+00,0.000000000000000000e+00
1.426883006044752156e+00,0.000000000000000000e+00
1.316130271556028131e+00,0.000000000000000000e+00
1.185875750169836484e+00,0.000000000000000000e+00
1.459145879160499426e+00,0.000000000000000000e+00
1.459145879160499426e+00,0.000000000000000000e+00
1.474781604043895022e+00,0.000000000000000000e+00
1.474781604043895022e+00,0.000000000000000000e+00
1.474781604043895022e+00,0.000000000000000000e+00
1.368322395229357058e+00,0.000000000000000000e+00
1.327243071591932333e+00,0.000000000000000000e+00
1.320677990360252796e+00,0.000000000000000000e+00
1.320677990360252796e+00,0.000000000000000000e+00
1.320677990360252796e+00,0.000000000000000000e+00
1.320677990360252796e+00,0.000000000000000000e+00
1.353869879196017978e+00,0.000000000000000000e+00
1.182087973625989274e+00,0.000000000000000000e+00
1.182087973625989274e+00,0.000000000000000000e+00
1.164553296345380851e+00,0.000000000000000000e+00
1.164553296345380851e+00,0.000000000000000000e+00
1.059952694657186667e+00,0.000000000000000000e+00
1.171072365187247666e+00,0.000000000000000000e+00
1.171072365187247666e+00,0.000000000000000000e+00
1.445288797626438360e+00,0.000000000000000000e+00
1.468648259532123301e+00,0.000000000000000000e+00
1.468648259532123301e+00,0.000000000000000000e+00
1.468648259532123301e+00,0.000000000000000000e+00
1.368466401392533394e+00,0.000000000000000000e+00
1.368466401392533394e+00,0.000000000000000000e+00
1.377923531353281827e+00,0.000000000000000000e+00
1.377923531353281827e+00,0.000000000000000000e+00
1.386236022053522587e+00,0.000000000000000000e+00
1.328564964956638894e+00,0.000000000000000000e+00
1.126367703959097133e+00,0.000000000000000000e+00
1.354191659610439968e+00,0.000000000000000000e+00
1.354191659610439968e+00,0.000000000000000000e+00
1.221033029934640801e+00,0.000000000000000000e+00
1.052210364832937728e+00,0.000000000000000000e+00
1.052210364832937728e+00,0.000000000000000000e+00
1.070426075386409881e+00,0.000000000000000000e+00
1.145005868776670432e+00,0.000000000000000000e+00
1.330664103843124391e+00,0.000000000000000000e+00
1.130302828209062138e+00,0.000000000000000000e+00
1.062451768256360118e+00,0.000000000000000000e+00
1.062451768256360118e+00,0.000000000000000000e+00
1.078784697294673967e+00,0.000000000000000000e+00
1.078784697294673967e+00,0.000000000000000000e+00
1.078784697294673967e+00,0.000000000000000000e+00
1.063318288735377370e+00,0.000000000000000000e+00
1.063318288735377370e+00,0.000000000000000000e+00
1.063318288735377370e+00,0.000000000000000000e+00
1.109244401246241907e+00,0.000000000000000000e+00
1.159150339458379309e+00,0.000000000000000000e+00
1.339171296141264955e+00,0.000000000000000000e+00
1.356863088169494302e+00,0.000000000000000000e+00
1.250875640579117487e+00,0.000000000000000000e+00
1.286453628003668692e+00,0.000000000000000000e+00
1.361831218607544081e+00,0.000000000000000000e+00
1.361831218607544081e+00,0.000000000000000000e+00
1.361831218607544081e+00,0.000000000000000000e+00
1.370394632625785425e+00,0.000000000000000000e+00
1.403139982187662227e+00,0.000000000000000000e+00
1.254750772678429716e+00,0.000000000000000000e+00
1.260286872133421721e+00,0.000000000000000000e+00
1.260286872133421721e+00,0.000000000000000000e+00
1.260325825070885086e+00,0.000000000000000000e+00
1.473970934980044056e+00,0.000000000000000000e+00
1.367020332964262286e+00,0.000000000000000000e+00
1.329456446012928339e+00,0.000000000000000000e+00
1.329456446012928339e+00,0.000000000000000000e+00
1.356382985623245219e+00,0.000000000000000000e+00
1.194570752639779743e+00,0.000000000000000000e+00
1.277734961379172418e+00,0.000000000000000000e+00
1.230945150495920792e+00,0.000000000000000000e+00
1.471575166514563104e+00,0.000000000000000000e+00
1.471575166514563104e+00,0.000000000000000000e+00
1.309883419481589595e+00,0.000000000000000000e+00
1.309883419481589595e+00,0.000000000000000000e+00
1.309883419481589595e+00,0.000000000000000000e+00
1.361363320309307845e+00,0.000000000000000000e+00
1.155841850584572672e+00,0.000000000000000000e+00
1.152207739297953060e+00,0.000000000000000000e+00
1.152207739297953060e+00,0.000000000000000000e+00
1.166829682829975123e+00,0.000000000000000000e+00
1.166829682829975123e+00,0.000000000000000000e+00
1.202384761166803484e+00,0.000000000000000000e+00
1.224412867221238210e+00,0.000000000000000000e+00
1.341700974143305913e+00,0.000000000000000000e+00
1.341700974143305913e+00,0.000000000000000000e+00
1.341700974143305913e+00,0.000000000000000000e+00
1.341700974143305913e+00,0.000000000000000000e+00
1.341700974143305913e+00,0.000000000000000000e+00
1.341700974143305913e+00,0.000000000000000000e+00
1.235699334667738070e+00,0.000000000000000000e+00
1.248882657791714479e+00,0.000000000000000000e+00
1.260683710710555294e+00,0.000000000000000000e+00
1.200552841174586050e+00,0.000000000000000000e+00
1.193935415756018692e+00,0.000000000000000000e+00
1.395812982916497358e+00,0.000000000000000000e+00
1.239926706205668694e+00,0.000000000000000000e+00
1.327692016808967646e+00,0.000000000000000000e+00
1.327692016808967646e+00,0.000000000000000000e+00
1.327692016808967646e+00,0.000000000000000000e+00
1.218423398392761037e+00,0.000000000000000000e+00
1.218423398392761037e+00,0.000000000000000000e+00
1.218423398392761037e+00,0.000000000000000000e+00
1.174647730990492356e+00,0.000000000000000000e+00
1.235416213370500005e+00,0.000000000000000000e+00
1.235416213370500005e+00,0.000000000000000000e+00
1.298515605908337589e+00,0.000000000000000000e+00
1.279479137150982604e+00,0.000000000000000000e+00
1.196344943070427158e+00,0.000000000000000000e+00
1.504700883493720331e+00,0.000000000000000000e+00
1.504700883493720331e+00,0.000000000000000000e+00
1.337904349487254452e+00,0.000000000000000000e+00
1.337904349487254452e+00,0.000000000000000000e+00
1.337904349487254452e+00,0.000000000000000000e+00
1.145566760150584118e+00,0.000000000000000000e+00
1.145566760150584118e+00,0.000000000000000000e+00
1.155449778690823770e+00,0.000000000000000000e+00
1.242240756900131471e+00,0.000000000000000000e+00
1.218610779715431747e+00,0.000000000000000000e+00
1.218610779715431747e+00,0.000000000000000000e+00
1.258898556385527279e+00,0.000000000000000000e+00
1.425832829669876567e+00,0.000000000000000000e+00
1.349487708564759192e+00,0.000000000000000000e+00
1.347662357229022723e+00,0.000000000000000000e+00
1.513493967401934981e+00,0.000000000000000000e+00
1.401573475281872483e+00,0.000000000000000000e+00
1.120658462452579496e+00,0.000000000000000000e+00
1.295809774574890216e+00,0.000000000000000000e+00
1.165333339286932723e+00,0.000000000000000000e+00
1.202495608585784082e+00,0.000000000000000000e+00
1.202495608585784082e+00,0.000000000000000000e+00
1.162853071857940179e+00,0.000000000000000000e+00
1.202975870146786752e+00,0.000000000000000000e+00
1.165566684033734202e+00,0.000000000000000000e+00
1.129123052432119634e+00,0.000000000000000000e+00
1.318377759819291839e+00,0.000000000000000000e+00
1.206126674978481361e+00,0.000000000000000000e+00
1.202885944282063413e+00,0.000000000000000000e+00
1.202885944282063413e+00,0.000000000000000000e+00
1.202885944282063413e+00,0.000000000000000000e+00
1.285794803493209626e+00,0.000000000000000000e+00
1.285794803493209626e+00,0.000000000000000000e+00
1.285794803493209626e+00,0.000000000000000000e+00
1.285794803493209626e+00,0.000000000000000000e+00
1.345678609302392026e+00,0.000000000000000000e+00
1.361986090571808417e+00,0.000000000000000000e+00
1.177156782117200651e+00,0.000000000000000000e+00
1.248656942699623684e+00,0.000000000000000000e+00
1.248656942699623684e+00,0.000000000000000000e+00
1.178437977400572434e+00,0.000000000000000000e+00
9.995225359222370543e-01,0.000000000000000000e+00
9.995225359222370543e-01,0.000000000000000000e+00
1.225255719533428156e+00,0.000000000000000000e+00
1.156883639429859167e+00,0.000000000000000000e+00
1.293183193717182045e+00,0.000000000000000000e+00
1.293183193717182045e+00,0.000000000000000000e+00
1.293183193717182045e+00,0.000000000000000000e+00
1.226354186240191435e+00,0.000000000000000000e+00
1.199596664890536735e+00,0.000000000000000000e+00
1.199596664890536735e+00,0.000000000000000000e+00
1.199596664890536735e+00,0.000000000000000000e+00
1.218191214021247193e+00,0.000000000000000000e+00
1.218191214021247193e+00,0.000000000000000000e+00
1.289132826302827883e+00,0.000000000000000000e+00
1.225517004398517074e+00,0.000000000000000000e+00
1.225517004398517074e+00,0.000000000000000000e+00
1.414797897747224420e+00,0.000000000000000000e+00
1.414797897747224420e+00,0.000000000000000000e+00
1.414797897747224420e+00,0.000000000000000000e+00
1.249091073053530732e+00,0.000000000000000000e+00
1.205246569537658408e+00,0.000000000000000000e+00
1.205246569537658408e+00,0.000000000000000000e+00
1.380662477977056657e+00,0.000000000000000000e+00
1.416397667991032838e+00,0.000000000000000000e+00
1.329187653394842350e+00,0.000000000000000000e+00
1.329187653394842350e+00,0.000000000000000000e+00
1.329187653394842350e+00,0.000000000000000000e+00
1.204019910536100690e+00,0.000000000000000000e+00
1.252304865666467037e+00,0.000000000000000000e+00
1.317115431404946024e+00,0.000000000000000000e+00
1.317115431404946024e+00,0.000000000000000000e+00
1.387853306830183708e+00,0.000000000000000000e+00
1.275521060720731015e+00,0.000000000000000000e+00
1.275521060720731015e+00,0.000000000000000000e+00
1.343257556212099857e+00,0.000000000000000000e+00
1.155850029590346217e+00,0.000000000000000000e+00
1.178885076604611726e+00,0.000000000000000000e+00
1.217508130476771644e+00,0.000000000000000000e+00
1.242433744737911239e+00,0.000000000000000000e+00
1.135679329335359089e+00,0.000000000000000000e+00
1.172091791249296300e+00,0.000000000000000000e+00
1.128245596217555491e+00,0.000000000000000000e+00
1.187231872120556808e+00,0.000000000000000000e+00
1.184086548627126145e+00,0.000000000000000000e+00
1.184086548627126145e+00,0.000000000000000000e+00
1.216915216539788958e+00,0.000000000000000000e+00
1.165084437282456697e+00,0.000000000000000000e+00
1.165084437282456697e+00,0.000000000000000000e+00
1.205153038025362333e+00,0.000000000000000000e+00
1.205153038025362333e+00,0.000000000000000000e+00
1.205153038025362333e+00,0.000000000000000000e+00
1.205153038025362333e+00,0.000000000000000000e+00
1.205153038025362333e+00,0.000000000000000000e+00
1.205153038025362333e+00,0.000000000000000000e+00
1.205153038025362333e+00,0.000000000000000000e+00
1.304267589933589822e+00,0.000000000000000000e+00
1.304267589933589822e+00,0.000000000000000000e+00
1.304267589933589822e+00,0.000000000000000000e+00
1.338185769650346524e+00,0.000000000000000000e+00
1.336082768993399394e+00,0.000000000000000000e+00
1.270526201539338595e+00,0.000000000000000000e+00
1.149721300517634104e+00,0.000000000000000000e+00
1.191703148794964306e+00,0.000000000000000000e+00
1.191703148794964306e+00,0.000000000000000000e+00
1.191703148794964306e+00,0.000000000000000000e+00
1.191703148794964306e+00,0.000000000000000000e+00
1.295710688488382223e+00,0.000000000000000000e+00
1.250951091814067606e+00,0.000000000000000000e+00
1.116957636893513905e+00,0.000000000000000000e+00
1.191706302771672998e+00,0.000000000000000000e+00
1.461449911471972563e+00,0.000000000000000000e+00
1.369968395722882093e+00,0.000000000000000000e+00
1.195292233352505340e+00,0.000000000000000000e+00
1.314116320316416564e+00,0.000000000000000000e+00
1.314116320316416564e+00,0.000000000000000000e+00
1.170067005069438837e+00,0.000000000000000000e+00
1.132176086134275561e+00,0.000000000000000000e+00
1.132176086134275561e+00,0.000000000000000000e+00
1.260579097384119995e+00,0.000000000000000000e+00
1.291331258921095015e+00,0.000000000000000000e+00
1.221638766526545128e+00,0.000000000000000000e+00
1.292343841589199904e+00,0.000000000000000000e+00
1.313999551620147477e+00,0.000000000000000000e+00
1.313999551620147477e+00,0.000000000000000000e+00
1.313999551620147477e+00,0.000000000000000000e+00
1.313999551620147477e+00,0.000000000000000000e+00
1.198288609854973430e+00,0.000000000000000000e+00
1.198288609854973430e+00,0.000000000000000000e+00
1.270651522566396574e+00,0.000000000000000000e+00
1.245974551438469025e+00,0.000000000000000000e+00
1.134509039813357267e+00,0.000000000000000000e+00
1.134509039813357267e+00,0.000000000000000000e+00
1.262707396807740245e+00,0.000000000000000000e+00
1.275325946939488642e+00,0.000000000000000000e+00
1.594075091282132206e+00,0.000000000000000000e+00
1.594075091282132206e+00,0.000000000000000000e+00
1.444291003641122506e+00,0.000000000000000000e+00
1.436787208527466886e+00,0.000000000000000000e+00
1.436787208527466886e+00,0.000000000000000000e+00
1.190210693071019676e+00,0.000000000000000000e+00
1.190210693071019676e+00,0.000000000000000000e+00
1.384273147182740082e+00,0.000000000000000000e+00
1.310181097207901990e+00,0.000000000000000000e+00
1.310181097207901990e+00,0.000000000000000000e+00
1.310181097207901990e+00,0.000000000000000000e+00
1.278028173722375760e+00,0.000000000000000000e+00
1.332241919589576717e+00,0.000000000000000000e+00
1.332241919589576717e+00,0.000000000000000000e+00
1.332241919589576717e+00,0.000000000000000000e+00
1.345820943738121001e+00,0.000000000000000000e+00
1.345820943738121001e+00,0.000000000000000000e+00
1.201021915394202111e+00,0.000000000000000000e+00
1.201021915394202111e+00,0.000000000000000000e+00
1.201021915394202111e+00,0.000000000000000000e+00
1.115872242557787608e+00,0.000000000000000000e+00
1.115872242557787608e+00,0.000000000000000000e+00
1.198123725509640414e+00,0.000000000000000000e+00
1.151056286315701893e+00,0.000000000000000000e+00
1.164205812146523300e+00,0.000000000000000000e+00
1.374913006634129742e+00,0.000000000000000000e+00
1.406172991988769772e+00,0.000000000000000000e+00
1.491126780763742721e+00,0.000000000000000000e+00
1.433294030445145362e+00,0.000000000000000000e+00
1.433294030445145362e+00,0.000000000000000000e+00
1.433294030445145362e+00,0.000000000000000000e+00
1.433294030445145362e+00,0.000000000000000000e+00
1.433294030445145362e+00,0.000000000000000000e+00
1.263538584188248937e+00,0.000000000000000000e+00
1.263538584188248937e+00,0.000000000000000000e+00
1.263538584188248937e+00,0.000000000000000000e+00
1.222417018677482536e+00,0.000000000000000000e+00
1.451439886321703510e+00,0.000000000000000000e+00
1.451439886321703510e+00,0.000000000000000000e+00
1.240120330687292105e+00,0.000000000000000000e+00
1.182867066693978453e+00,0.000000000000000000e+00
1.295388931529540155e+00,0.000000000000000000e+00
1.295388931529540155e+00,0.000000000000000000e+00
1.295388931529540155e+00,0.000000000000000000e+00
1.328057213534340031e+00,0.000000000000000000e+00
1.328057213534340031e+00,0.000000000000000000e+00
1.328057213534340031e+00,0.000000000000000000e+00
1.206106755306790346e+00,0.000000000000000000e+00
1.206106755306790346e+00,0.000000000000000000e+00
1.206106755306790346e+00,0.000000000000000000e+00
1.318897939274919828e+00,0.000000000000000000e+00
1.234573528235331841e+00,0.000000000000000000e+00
1.342758573609123429e+00,0.000000000000000000e+00
1.285088565591287368e+00,0.000000000000000000e+00
1.285088565591287368e+00,0.000000000000000000e+00
1.285088565591287368e+00,0.000000000000000000e+00
1.150466469503663935e+00,0.000000000000000000e+00
1.330135496066768397e+00,0.000000000000000000e+00
1.201534674511215206e+00,0.000000000000000000e+00
1.205195796692907440e+00,0.000000000000000000e+00
1.205195796692907440e+00,0.000000000000000000e+00
1.134911245307467009e+00,0.000000000000000000e+00
1.202639192901259868e+00,0.000000000000000000e+00
1.362534476253871807e+00,0.000000000000000000e+00
1.423659910297073949e+00,0.000000000000000000e+00
1.388653117691708516e+00,0.000000000000000000e+00
1.388653117691708516e+00,0.000000000000000000e+00
1.388653117691708516e+00,0.000000000000000000e+00
1.033991931416307519e+00,0.000000000000000000e+00
8.845290881735017319e-01,0.000000000000000000e+00
9.176175165584555815e-01,0.000000000000000000e+00
1.048470905999118408e+00,0.000000000000000000e+00
1.162789896414869073e+00,0.000000000000000000e+00
1.162789896414869073e+00,0.000000000000000000e+00
1.162789896414869073e+00,0.000000000000000000e+00
1.162789896414869073e+00,0.000000000000000000e+00
1.165004059052881624e+00,0.000000000000000000e+00
1.427083524786366020e+00,0.000000000000000000e+00
1.190615920775996761e+00,0.000000000000000000e+00
1.226913895381506636e+00,0.000000000000000000e+00
1.226913895381506636e+00,0.000000000000000000e+00
1.226913895381506636e+00,0.000000000000000000e+00
1.226913895381506636e+00,0.000000000000000000e+00
1.226913895381506636e+00,0.000000000000000000e+00
1.131835922046311893e+00,0.000000000000000000e+00
1.062159424957655363e+00,0.000000000000000000e+00
1.109912736028634050e+00,0.000000000000000000e+00
1.109912736028634050e+00,0.000000000000000000e+00
1.119801802539530655e+00,0.000000000000000000e+00
1.163678448077821059e+00,0.000000000000000000e+00
1.163678448077821059e+00,0.000000000000000000e+00
1.207020620430666824e+00,0.000000000000000000e+00
1.205865680719272248e+00,0.000000000000000000e+00
1.214407925492437146e+00,0.000000000000000000e+00
1.214407925492437146e+00,0.000000000000000000e+00
1.376611272550515963e+00,0.000000000000000000e+00
1.376611272550515963e+00,0.000000000000000000e+00
1.376611272550515963e+00,0.000000000000000000e+00
1.376611272550515963e+00,0.000000000000000000e+00
1.436937165993725563e+00,0.000000000000000000e+00
1.391703556120348573e+00,0.000000000000000000e+00
1.459788593792938682e+00,0.000000000000000000e+00
1.211489083890829876e+00,0.000000000000000000e+00
1.251865510122270431e+00,0.000000000000000000e+00
1.251865510122270431e+00,0.000000000000000000e+00
1.142059673505832151e+00,0.000000000000000000e+00
1.142059673505832151e+00,0.000000000000000000e+00
1.142059673505832151e+00,0.000000000000000000e+00
1.122322794384116973e+00,0.000000000000000000e+00
1.122322794384116973e+00,0.000000000000000000e+00
1.193196096473759349e+00,0.000000000000000000e+00
1.193196096473759349e+00,0.000000000000000000e+00
1.193196096473759349e+00,0.000000000000000000e+00
1.193196096473759349e+00,0.000000000000000000e+00
1.192538722233555948e+00,0.000000000000000000e+00
1.372211314252887115e+00,0.000000000000000000e+00
1.371222095167441424e+00,0.000000000000000000e+00
1.371222095167441424e+00,0.000000000000000000e+00
1.371222095167441424e+00,0.000000000000000000e+00
1.223042729540504858e+00,0.000000000000000000e+00
1.201070548376133473e+00,0.000000000000000000e+00
1.357448485157351170e+00,0.000000000000000000e+00
1.357448485157351170e+00,0.000000000000000000e+00
1.316899599317542302e+00,0.000000000000000000e+00
1.322702939335214323e+00,0.000000000000000000e+00
1.322702939335214323e+00,0.000000000000000000e+00
1.398658662939259223e+00,0.000000000000000000e+00
1.398658662939259223e+00,0.000000000000000000e+00
1.405951334665104246e+00,0.000000000000000000e+00
1.224465896783040852e+00,0.000000000000000000e+00
1.245830312046220412e+00,0.000000000000000000e+00
1.245830312046220412e+00,0.000000000000000000e+00
1.192391274780737254e+00,0.000000000000000000e+00
1.187100325599217188e+00,0.000000000000000000e+00
1.080224564376993879e+00,0.000000000000000000e+00
1.085015961024949016e+00,0.000000000000000000e+00
1.314259700603646053e+00,0.000000000000000000e+00
1.134753451866663543e+00,0.000000000000000000e+00
1.134753451866663543e+00,0.000000000000000000e+00
1.046291551766785233e+00,0.000000000000000000e+00
1.046291551766785233e+00,0.000000000000000000e+00
1.046291551766785233e+00,0.000000000000000000e+00
1.208689119022575476e+00,0.000000000000000000e+00
1.208689119022575476e+00,0.000000000000000000e+00
1.101600970097339260e+00,0.000000000000000000e+00
1.101600970097339260e+00,0.000000000000000000e+00
1.063489530061080490e+00,0.000000000000000000e+00
1.014071909005779260e+00,0.000000000000000000e+00
1.014071909005779260e+00,0.000000000000000000e+00
1.211931981568568295e+00,0.000000000000000000e+00
1.298953161824015101e+00,0.000000000000000000e+00
1.239465805433143553e+00,0.000000000000000000e+00
1.239465805433143553e+00,0.000000000000000000e+00
1.239465805433143553e+00,0.000000000000000000e+00
1.178230383048498808e+00,0.000000000000000000e+00
1.311576370745028308e+00,0.000000000000000000e+00
1.311576370745028308e+00,0.000000000000000000e+00
1.416442690446798824e+00,0.000000000000000000e+00
1.452914222168249836e+00,0.000000000000000000e+00
1.452914222168249836e+00,0.000000000000000000e+00
1.421808264468057192e+00,0.000000000000000000e+00
1.280270583261446493e+00,0.000000000000000000e+00
1.280270583261446493e+00,0.000000000000000000e+00
1.280270583261446493e+00,0.000000000000000000e+00
1.308781520443624391e+00,0.000000000000000000e+00
1.126845067391033961e+00,0.000000000000000000e+00
1.126845067391033961e+00,0.000000000000000000e+00
1.208266226066607940e+00,0.000000000000000000e+00
1.025914203311210748e+00,0.000000000000000000e+00
1.025914203311210748e+00,0.000000000000000000e+00
1.025914203311210748e+00,0.000000000000000000e+00
1.062760954898231303e+00,0.000000000000000000e+00
1.086430597270569676e+00,0.000000000000000000e+00
1.216645321591034890e+00,0.000000000000000000e+00
1.216645321591034890e+00,0.000000000000000000e+00
1.216645321591034890e+00,0.000000000000000000e+00
1.315161307298568394e+00,0.000000000000000000e+00
1.312401318822817409e+00,0.000000000000000000e+00
1.357411021901494097e+00,0.000000000000000000e+00
1.357411021901494097e+00,0.000000000000000000e+00
1.427846798307451648e+00,0.000000000000000000e+00
1.427846798307451648e+00,0.000000000000000000e+00
1.427846798307451648e+00,0.000000000000000000e+00
1.445765949886979262e+00,0.000000000000000000e+00
1.421616864280201176e+00,0.000000000000000000e+00
1.421616864280201176e+00,0.000000000000000000e+00
1.421616864280201176e+00,0.000000000000000000e+00
1.330244490646885325e+00,0.000000000000000000e+00
1.330244490646885325e+00,0.000000000000000000e+00
1.208522076507665854e+00,0.000000000000000000e+00
1.346705551972660508e+00,0.000000000000000000e+00
1.346705551972660508e+00,0.000000000000000000e+00
1.347488433170379141e+00,0.000000000000000000e+00
1.333019366127849548e+00,0.000000000000000000e+00
1.333019366127849548e+00,0.000000000000000000e+00
1.156402471735721971e+00,0.000000000000000000e+00
1.156402471735721971e+00,0.000000000000000000e+00
1.320339125482051346e+00,0.000000000000000000e+00
1.347480600277906948e+00,0.000000000000000000e+00
1.228794909861814943e+00,0.000000000000000000e+00
1.347292259553128702e+00,0.000000000000000000e+00
1.347292259553128702e+00,0.000000000000000000e+00
1.347292259553128702e+00,0.000000000000000000e+00
1.347292259553128702e+00,0.000000000000000000e+00
1.393204560178596063e+00,0.000000000000000000e+00
1.255387604340650665e+00,0.000000000000000000e+00
1.359181502777742079e+00,0.000000000000000000e+00
1.359181502777742079e+00,0.000000000000000000e+00
1.347796496900871110e+00,0.000000000000000000e+00
1.256792540460053065e+00,0.000000000000000000e+00
1.256792540460053065e+00,0.000000000000000000e+00
1.256792540460053065e+00,0.000000000000000000e+00
1.114750485891377929e+00,0.000000000000000000e+00
1.114750485891377929e+00,0.000000000000000000e+00
1.342461813084250943e+00,0.000000000000000000e+00
1.369698770364406570e+00,0.000000000000000000e+00
1.369698770364406570e+00,0.000000000000000000e+00
1.277855742345602508e+00,0.000000000000000000e+00
1.277855742345602508e+00,0.000000000000000000e+00
1.277855742345602508e+00,0.000000000000000000e+00
1.343732529677930776e+00,0.000000000000000000e+00
1.343732529677930776e+00,0.000000000000000000e+00
1.253411516405794401e+00,0.000000000000000000e+00
1.236873823364137426e+00,0.000000000000000000e+00
1.236873823364137426e+00,0.000000000000000000e+00
1.318476606480543323e+00,0.000000000000000000e+00
1.240859689042849823e+00,0.000000000000000000e+00
1.240859689042849823e+00,0.000000000000000000e+00
1.185884122102094151e+00,0.000000000000000000e+00
1.202052236795756013e+00,0.000000000000000000e+00
1.199596075439365750e+00,0.000000000000000000e+00
1.201238549251463672e+00,0.000000000000000000e+00
1.238644896962113551e+00,0.000000000000000000e+00
1.317857164147715920e+00,0.000000000000000000e+00
1.317857164147715920e+00,0.000000000000000000e+00
1.317857164147715920e+00,0.000000000000000000e+00
1.317857164147715920e+00,0.000000000000000000e+00
1.166057234346500771e+00,0.000000000000000000e+00
9.662853215028962550e-01,0.000000000000000000e+00
1.158974564095220039e+00,0.000000000000000000e+00
1.363752822375797535e+00,0.000000000000000000e+00
1.363752822375797535e+00,0.000000000000000000e+00
1.220966657165072577e+00,0.000000000000000000e+00
1.220966657165072577e+00,0.000000000000000000e+00
1.287502638530697352e+00,0.000000000000000000e+00
1.217396129421326467e+00,0.000000000000000000e+00
1.190422591309613809e+00,0.000000000000000000e+00
1.262088753782311557e+00,0.000000000000000000e+00
1.262088753782311557e+00,0.000000000000000000e+00
1.334813336449592880e+00,0.000000000000000000e+00
1.313592426061976015e+00,0.000000000000000000e+00
1.372954811141727793e+00,0.000000000000000000e+00
1.191715422520709611e+00,0.000000000000000000e+00
1.191715422520709611e+00,0.000000000000000000e+00
1.191715422520709611e+00,0.000000000000000000e+00
1.155110650367592751e+00,0.000000000000000000e+00
1.151811433268209894e+00,0.000000000000000000e+00
1.322292469222865474e+00,0.000000000000000000e+00
1.322292469222865474e+00,0.000000000000000000e+00
1.443078724055330442e+00,0.000000000000000000e+00
1.302848097963883456e+00,0.000000000000000000e+00
1.302848097963883456e+00,0.000000000000000000e+00
1.209349957145742671e+00,0.000000000000000000e+00
1.231567467604589572e+00,0.000000000000000000e+00
1.231567467604589572e+00,0.000000000000000000e+00
1.354593848443405024e+00,0.000000000000000000e+00
1.354593848443405024e+00,0.000000000000000000e+00
1.233550035298093928e+00,0.000000000000000000e+00
1.233550035298093928e+00,0.000000000000000000e+00
1.233550035298093928e+00,0.000000000000000000e+00
1.257323476285461483e+00,0.000000000000000000e+00
1.238866406902412232e+00,0.000000000000000000e+00
1.409461209680525018e+00,0.000000000000000000e+00
1.247444963794585693e+00,0.000000000000000000e+00
1.059833600778450124e+00,0.000000000000000000e+00
1.136570006237156205e+00,0.000000000000000000e+00
1.136570006237156205e+00,0.000000000000000000e+00
1.229495985666339219e+00,0.000000000000000000e+00
1.181027536543324263e+00,0.000000000000000000e+00
1.181027536543324263e+00,0.000000000000000000e+00
1.122771797180853515e+00,0.000000000000000000e+00
1.240553349274353234e+00,0.000000000000000000e+00
1.240553349274353234e+00,0.000000000000000000e+00
1.262670503125846277e+00,0.000000000000000000e+00
1.262670503125846277e+00,0.000000000000000000e+00
1.262670503125846277e+00,0.000000000000000000e+00
1.483914660544185304e+00,0.000000000000000000e+00
1.483914660544185304e+00,0.000000000000000000e+00
1.411264736414949539e+00,0.000000000000000000e+00
1.189160030087320852e+00,0.000000000000000000e+00
1.189160030087320852e+00,0.000000000000000000e+00
1.183277886928681077e+00,0.000000000000000000e+00
1.183277886928681077e+00,0.000000000000000000e+00
1.163313659410840417e+00,0.000000000000000000e+00
1.163313659410840417e+00,0.000000000000000000e+00
1.256277151617717358e+00,0.000000000000000000e+00
1.256277151617717358e+00,0.000000000000000000e+00
1.340270378468910284e+00,0.000000000000000000e+00
1.340270378468910284e+00,0.000000000000000000e+00
1.444244532273653459e+00,0.000000000000000000e+00
1.307587622089975588e+00,0.000000000000000000e+00
1.307587622089975588e+00,0.000000000000000000e+00
1.307587622089975588e+00,0.000000000000000000e+00
1.179680354848275936e+00,0.000000000000000000e+00
1.170188855879330969e+00,0.000000000000000000e+00
1.035614047846971086e+00,0.000000000000000000e+00
1.170581942012961285e+00,0.000000000000000000e+00
1.410159703096056649e+00,0.000000000000000000e+00
1.476964355041932464e+00,0.000000000000000000e+00
1.476964355041932464e+00,0.000000000000000000e+00
1.167786906089870014e+00,0.000000000000000000e+00
1.167786906089870014e+00,0.000000000000000000e+00
1.198015013042587062e+00,0.000000000000000000e+00
1.198015013042587062e+00,0.000000000000000000e+00
1.094963979052182346e+00,0.000000000000000000e+00
1.210068218195340606e+00,0.000000000000000000e+00
1.210068218195340606e+00,0.000000000000000000e+00
1.259093304677377789e+00,0.000000000000000000e+00
1.259093304677377789e+00,0.000000000000000000e+00
1.259093304677377789e+00,0.000000000000000000e+00
1.259093304677377789e+00,0.000000000000000000e+00
1.236742587335686094e+00,0.000000000000000000e+00
1.236742587335686094e+00,0.000000000000000000e+00
1.236742587335686094e+00,0.000000000000000000e+00
1.324014755560014800e+00,0.000000000000000000e+00
1.268688028018510439e+00,0.000000000000000000e+00
1.234611827377132931e+00,0.000000000000000000e+00
1.375708124590317549e+00,0.000000000000000000e+00
1.375708124590317549e+00,0.000000000000000000e+00
1.264089773804304206e+00,0.000000000000000000e+00
1.264089773804304206e+00,0.000000000000000000e+00
1.148246735360850757e+00,0.000000000000000000e+00
1.148246735360850757e+00,0.000000000000000000e+00
1.148246735360850757e+00,0.000000000000000000e+00
1.148246735360850757e+00,0.000000000000000000e+00
1.147775626181170905e+00,0.000000000000000000e+00
1.147775626181170905e+00,0.000000000000000000e+00
1.147775626181170905e+00,0.000000000000000000e+00
1.089177116842101389e+00,0.000000000000000000e+00
1.127910687479458884e+00,0.000000000000000000e+00
1.071461325215769644e+00,0.000000000000000000e+00
1.029670939613440028e+00,0.000000000000000000e+00
9.778555591477235964e-01,0.000000000000000000e+00
9.778555591477235964e-01,0.000000000000000000e+00
1.260393816295106273e+00,0.000000000000000000e+00
1.378117622296464839e+00,0.000000000000000000e+00
1.378117622296464839e+00,0.000000000000000000e+00
1.334243788920188578e+00,0.000000000000000000e+00
1.390657926220304041e+00,0.000000000000000000e+00
1.390657926220304041e+00,0.000000000000000000e+00
1.375447220689121064e+00,0.000000000000000000e+00
1.375447220689121064e+00,0.000000000000000000e+00
1.375447220689121064e+00,0.000000000000000000e+00
1.352491048901851123e+00,0.000000000000000000e+00
1.301904662330066742e+00,0.000000000000000000e+00
1.301904662330066742e+00,0.000000000000000000e+00
1.301904662330066742e+00,0.000000000000000000e+00
1.209359186428742072e+00,0.000000000000000000e+00
1.209359186428742072e+00,0.000000000000000000e+00
1.209359186428742072e+00,0.000000000000000000e+00
1.209359186428742072e+00,0.000000000000000000e+00
1.234461485973565864e+00,0.000000000000000000e+00
1.218469700617951457e+00,0.000000000000000000e+00
1.133626474062097156e+00,0.000000000000000000e+00
1.133626474062097156e+00,0.000000000000000000e+00
1.206308064449877815e+00,0.000000000000000000e+00
1.296134340104030391e+00,0.000000000000000000e+00
1.296134340104030391e+00,0.000000000000000000e+00
1.296134340104030391e+00,0.000000000000000000e+00
1.281056520499627371e+00,0.000000000000000000e+00
1.231536142815969015e+00,0.000000000000000000e+00
1.231536142815969015e+00,0.000000000000000000e+00
1.231536142815969015e+00,0.000000000000000000e+00
1.217532642400699361e+00,0.000000000000000000e+00
1.217532642400699361e+00,0.000000000000000000e+00
1.217532642400699361e+00,0.000000000000000000e+00
1.217532642400699361e+00,0.000000000000000000e+00
1.234539690610385598e+00,0.000000000000000000e+00
1.188896082777352037e+00,0.000000000000000000e+00
1.188896082777352037e+00,0.000000000000000000e+00
1.221625690329890768e+00,0.000000000000000000e+00
1.221625690329890768e+00,0.000000000000000000e+00
1.372845596076977204e+00,0.000000000000000000e+00
1.237488188175540182e+00,0.000000000000000000e+00
1.361033006288893565e+00,0.000000000000000000e+00
1.361033006288893565e+00,0.000000000000000000e+00
1.361033006288893565e+00,0.000000000000000000e+00
1.287071289637529592e+00,0.000000000000000000e+00
1.287071289637529592e+00,0.000000000000000000e+00
1.287071289637529592e+00,0.000000000000000000e+00
1.287071289637529592e+00,0.000000000000000000e+00
1.287071289637529592e+00,0.000000000000000000e+00
1.287071289637529592e+00,0.000000000000000000e+00
1.336419927171231148e+00,0.000000000000000000e+00
1.095922506106913552e+00,0.000000000000000000e+00
1.128453220103625032e+00,0.000000000000000000e+00
1.128453220103625032e+00,0.000000000000000000e+00
1.062700903653452489e+00,0.000000000000000000e+00
1.120325751797337954e+00,0.000000000000000000e+00
9.775172051102692938e-01,0.000000000000000000e+00
9.775172051102692938e-01,0.000000000000000000e+00
9.775172051102692938e-01,0.000000000000000000e+00
1.334900432801597869e+00,0.000000000000000000e+00
1.282758368935059456e+00,0.000000000000000000e+00
1.282758368935059456e+00,0.000000000000000000e+00
1.195290145517590830e+00,0.000000000000000000e+00
1.207437852032653414e+00,0.000000000000000000e+00
1.207437852032653414e+00,0.000000000000000000e+00
1.253397934695821725e+00,0.000000000000000000e+00
1.227538660471962251e+00,0.000000000000000000e+00
1.153924891415243126e+00,0.000000000000000000e+00
1.175523450009308579e+00,0.000000000000000000e+00
1.170605281422951727e+00,0.000000000000000000e+00
1.205532188285974415e+00,0.000000000000000000e+00
1.205532188285974415e+00,0.000000000000000000e+00
1.018012828071594544e+00,0.000000000000000000e+00
1.045046512367934888e+00,0.000000000000000000e+00
1.278820840778666534e+00,0.000000000000000000e+00
1.263996827604241036e+00,0.000000000000000000e+00
1.227511372283599966e+00,0.000000000000000000e+00
1.227511372283599966e+00,0.000000000000000000e+00
1.227511372283599966e+00,0.000000000000000000e+00
1.142399143143753015e+00,0.000000000000000000e+00
1.142399143143753015e+00,0.000000000000000000e+00
1.142399143143753015e+00,0.000000000000000000e+00
1.216651547691529389e+00,0.000000000000000000e+00
1.249406443994259153e+00,0.000000000000000000e+00
1.215801439482109059e+00,0.000000000000000000e+00
1.204893630275827965e+00,0.000000000000000000e+00
1.247254853720288992e+00,0.000000000000000000e+00
1.247254853720288992e+00,0.000000000000000000e+00
1.269688319123455811e+00,0.000000000000000000e+00
1.269688319123455811e+00,0.000000000000000000e+00
1.269688319123455811e+00,0.000000000000000000e+00
1.269688319123455811e+00,0.000000000000000000e+00
1.384163079029626431e+00,0.000000000000000000e+00
1.216019087934356868e+00,0.000000000000000000e+00
1.216019087934356868e+00,0.000000000000000000e+00
1.216019087934356868e+00,0.000000000000000000e+00
1.253852940335405286e+00,0.000000000000000000e+00
1.253852940335405286e+00,0.000000000000000000e+00
1.253852940335405286e+00,0.000000000000000000e+00
1.253852940335405286e+00,0.000000000000000000e+00
1.253852940335405286e+00,0.000000000000000000e+00
1.150964522544617008e+00,0.000000000000000000e+00
1.150964522544617008e+00,0.000000000000000000e+00
1.220189212199380702e+00,0.000000000000000000e+00
1.210481566418423194e+00,0.000000000000000000e+00
1.210481566418423194e+00,0.000000000000000000e+00
1.310454787916520925e+00,0.000000000000000000e+00
1.310454787916520925e+00,0.000000000000000000e+00
1.327737865390832717e+00,0.000000000000000000e+00
1.267390606167134504e+00,0.000000000000000000e+00
1.267390606167134504e+00,0.000000000000000000e+00
1.163404628410754205e+00,0.000000000000000000e+00
1.313846071574073404e+00,0.000000000000000000e+00
1.313846071574073404e+00,0.000000000000000000e+00
1.313846071574073404e+00,0.000000000000000000e+00
1.135984706939785926e+00,0.000000000000000000e+00
1.357738851695854621e+00,0.000000000000000000e+00
1.357738851695854621e+00,0.000000000000000000e+00
1.357738851695854621e+00,0.000000000000000000e+00
1.401391646604999597e+00,0.000000000000000000e+00
1.401391646604999597e+00,0.000000000000000000e+00
1.401391646604999597e+00,0.000000000000000000e+00
1.401391646604999597e+00,0.000000000000000000e+00
1.401391646604999597e+00,0.000000000000000000e+00
1.401391646604999597e+00,0.000000000000000000e+00
1.401391646604999597e+00,0.000000000000000000e+00
1.297503324553345383e+00,0.000000000000000000e+00
1.461901425874302607e+00,0.000000000000000000e+00
1.347694689323525097e+00,0.000000000000000000e+00
1.347694689323525097e+00,0.000000000000000000e+00
1.327290421480487481e+00,0.000000000000000000e+00
1.327290421480487481e+00,0.000000000000000000e+00
1.327290421480487481e+00,0.000000000000000000e+00
1.327290421480487481e+00,0.000000000000000000e+00
1.327290421480487481e+00,0.000000000000000000e+00
1.313051812331297308e+00,0.000000000000000000e+00
1.313051812331297308e+00,0.000000000000000000e+00
1.313051812331297308e+00,0.000000000000000000e+00
1.057386794743933489e+00,0.000000000000000000e+00
1.057386794743933489e+00,0.000000000000000000e+00
1.057386794743933489e+00,0.000000000000000000e+00
9.857370772802795944e-01,0.000000000000000000e+00
9.857370772802795944e-01,0.000000000000000000e+00
9.857370772802795944e-01,0.000000000000000000e+00
9.857370772802795944e-01,0.000000000000000000e+00
9.857370772802795944e-01,0.000000000000000000e+00
1.108494768858848234e+00,0.000000000000000000e+00
1.108494768858848234e+00,0.000000000000000000e+00
1.421937093735921032e+00,0.000000000000000000e+00
1.405926667981952205e+00,0.000000000000000000e+00
1.433827407751892880e+00,0.000000000000000000e+00
1.345859872025474413e+00,0.000000000000000000e+00
1.307853449386151778e+00,0.000000000000000000e+00
1.307853449386151778e+00,0.000000000000000000e+00
1.307853449386151778e+00,0.000000000000000000e+00
1.307853449386151778e+00,0.000000000000000000e+00
1.390922437575200954e+00,0.000000000000000000e+00
1.390922437575200954e+00,0.000000000000000000e+00
1.390922437575200954e+00,0.000000000000000000e+00
1.390922437575200954e+00,0.000000000000000000e+00
1.135129881387437312e+00,0.000000000000000000e+00
1.326685051751621547e+00,0.000000000000000000e+00
1.170685715800473758e+00,0.000000000000000000e+00
1.170685715800473758e+00,0.000000000000000000e+00
1.170685715800473758e+00,0.000000000000000000e+00
1.343823065154095664e+00,0.000000000000000000e+00
1.343823065154095664e+00,0.000000000000000000e+00
1.343823065154095664e+00,0.000000000000000000e+00
1.460469767158870225e+00,0.000000000000000000e+00
1.460469767158870225e+00,0.000000000000000000e+00
1.293796588240341050e+00,0.000000000000000000e+00
1.293796588240341050e+00,0.000000000000000000e+00
1.293796588240341050e+00,0.000000000000000000e+00
1.379989684661618421e+00,0.000000000000000000e+00
1.320643460573638350e+00,0.000000000000000000e+00
1.320643460573638350e+00,0.000000000000000000e+00
1.320643460573638350e+00,0.000000000000000000e+00
1.322436506364620179e+00,0.000000000000000000e+00
1.322436506364620179e+00,0.000000000000000000e+00
1.368485541015380003e+00,0.000000000000000000e+00
1.246986928443081233e+00,0.000000000000000000e+00
1.246986928443081233e+00,0.000000000000000000e+00
1.332171843860800342e+00,0.000000000000000000e+00
1.280385706657115819e+00,0.000000000000000000e+00
1.266465489908797704e+00,0.000000000000000000e+00
1.266465489908797704e+00,0.000000000000000000e+00
1.266465489908797704e+00,0.000000000000000000e+00
1.306525395512998289e+00,0.000000000000000000e+00
1.306525395512998289e+00,0.000000000000000000e+00
1.213905225811024557e+00,0.000000000000000000e+00
1.213905225811024557e+00,0.000000000000000000e+00
1.232221422797025623e+00,0.000000000000000000e+00
1.276652343560301883e+00,0.000000000000000000e+00
1.444996558349358695e+00,0.000000000000000000e+00
1.462484928093851000e+00,0.000000000000000000e+00
1.446273553685319069e+00,0.000000000000000000e+00
1.446273553685319069e+00,0.000000000000000000e+00
1.446273553685319069e+00,0.000000000000000000e+00
1.366638022163427557e+00,0.000000000000000000e+00
1.366638022163427557e+00,0.000000000000000000e+00
1.432349575295084332e+00,0.000000000000000000e+00
1.440841343773886507e+00,0.000000000000000000e+00
1.440841343773886507e+00,0.000000000000000000e+00
1.341482509131424861e+00,0.000000000000000000e+00
1.341482509131424861e+00,0.000000000000000000e+00
1.438419706909678464e+00,0.000000000000000000e+00
1.189524303498449287e+00,0.000000000000000000e+00
1.254599865775993361e+00,0.000000000000000000e+00
1.177590205749254659e+00,0.000000000000000000e+00
1.177590205749254659e+00,0.000000000000000000e+00
1.177590205749254659e+00,0.000000000000000000e+00
1.177590205749254659e+00,0.000000000000000000e+00
1.093631443238814116e+00,0.000000000000000000e+00
1.093631443238814116e+00,0.000000000000000000e+00
1.093631443238814116e+00,0.000000000000000000e+00
1.093631443238814116e+00,0.000000000000000000e+00
1.093631443238814116e+00,0.000000000000000000e+00
1.093631443238814116e+00,0.000000000000000000e+00
1.093631443238814116e+00,0.000000000000000000e+00
1.124098609753268363e+00,0.000000000000000000e+00
9.860141707496745678e-01,0.000000000000000000e+00
1.142734523145415793e+00,0.000000000000000000e+00
1.150473979982836292e+00,0.000000000000000000e+00
1.150473979982836292e+00,0.000000000000000000e+00
1.150473979982836292e+00,0.000000000000000000e+00
1.150473979982836292e+00,0.000000000000000000e+00
1.148429092909754479e+00,0.000000000000000000e+00
1.241195071190873911e+00,0.000000000000000000e+00
1.241195071190873911e+00,0.000000000000000000e+00
1.221216323162638284e+00,0.000000000000000000e+00
1.145596574476485108e+00,0.000000000000000000e+00
1.308478084758510462e+00,0.000000000000000000e+00
1.308478084758510462e+00,0.000000000000000000e+00
1.042794672102611342e+00,0.000000000000000000e+00
1.192802889425597757e+00,0.000000000000000000e+00
1.348046921719769475e+00,0.000000000000000000e+00
1.347717174319757349e+00,0.000000000000000000e+00
1.347717174319757349e+00,0.000000000000000000e+00
1.242035319217124512e+00,0.000000000000000000e+00
1.242035319217124512e+00,0.000000000000000000e+00
1.205126287673185637e+00,0.000000000000000000e+00
1.205126287673185637e+00,0.000000000000000000e+00
1.163681743677770664e+00,0.000000000000000000e+00
1.163681743677770664e+00,0.000000000000000000e+00
1.155470248162671965e+00,0.000000000000000000e+00
1.155470248162671965e+00,0.000000000000000000e+00
1.312995790142812869e+00,0.000000000000000000e+00
1.373647236763057222e+00,0.000000000000000000e+00
1.373647236763057222e+00,0.000000000000000000e+00
1.349390615657344528e+00,0.000000000000000000e+00
1.190641144876184665e+00,0.000000000000000000e+00
1.338675083284272205e+00,0.000000000000000000e+00
1.338675083284272205e+00,0.000000000000000000e+00
1.339044190470669360e+00,0.000000000000000000e+00
1.224442839490865520e+00,0.000000000000000000e+00
1.267561122311768429e+00,0.000000000000000000e+00
1.348650295492249018e+00,0.000000000000000000e+00
1.374881784409285324e+00,0.000000000000000000e+00
1.374881784409285324e+00,0.000000000000000000e+00
1.251585796078735990e+00,0.000000000000000000e+00
1.251585796078735990e+00,0.000000000000000000e+00
1.090250275739838681e+00,0.000000000000000000e+00
1.104145559396306764e+00,0.000000000000000000e+00
1.139242165976742660e+00,0.000000000000000000e+00
1.139242165976742660e+00,0.000000000000000000e+00
1.139242165976742660e+00,0.000000000000000000e+00
1.139242165976742660e+00,0.000000000000000000e+00
1.189132716245292487e+00,0.000000000000000000e+00
1.189132716245292487e+00,0.000000000000000000e+00
1.189132716245292487e+00,0.000000000000000000e+00
1.247713480200524971e+00,0.000000000000000000e+00
1.237176822927586795e+00,0.000000000000000000e+00
1.150554989187595911e+00,0.000000000000000000e+00
1.195582539129542043e+00,0.000000000000000000e+00
1.195582539129542043e+00,0.000000000000000000e+00
1.134724536710493004e+00,0.000000000000000000e+00
1.108692060499604004e+00,0.000000000000000000e+00
1.147674967877756025e+00,0.000000000000000000e+00
1.290321265102202686e+00,0.000000000000000000e+00
1.202963403136975362e+00,0.000000000000000000e+00
1.183626296773339082e+00,0.000000000000000000e+00
1.356056627854924201e+00,0.000000000000000000e+00
1.355869578676692333e+00,0.000000000000000000e+00
1.355869578676692333e+00,0.000000000000000000e+00
1.280110760276984561e+00,0.000000000000000000e+00
1.280110760276984561e+00,0.000000000000000000e+00
1.168403190784305101e+00,0.000000000000000000e+00
1.168403190784305101e+00,0.000000000000000000e+00
1.150032465820247651e+00,0.000000000000000000e+00
1.194158862562639145e+00,0.000000000000000000e+00
1.205007296813222162e+00,0.000000000000000000e+00
1.263028189319238326e+00,0.000000000000000000e+00
1.263028189319238326e+00,0.000000000000000000e+00
1.263028189319238326e+00,0.000000000000000000e+00
1.263028189319238326e+00,0.000000000000000000e+00
1.308546145145546236e+00,0.000000000000000000e+00
1.513373324364840178e+00,0.000000000000000000e+00
1.513373324364840178e+00,0.000000000000000000e+00
1.276185024669936885e+00,0.000000000000000000e+00
1.296896759998202420e+00,0.000000000000000000e+00
1.296896759998202420e+00,0.000000000000000000e+00
1.403564477279198863e+00,0.000000000000000000e+00
1.403564477279198863e+00,0.000000000000000000e+00
1.403564477279198863e+00,0.000000000000000000e+00
1.403564477279198863e+00,0.000000000000000000e+00
1.403564477279198863e+00,0.000000000000000000e+00
1.403564477279198863e+00,0.000000000000000000e+00
1.220814510044726298e+00,0.000000000000000000e+00
1.220814510044726298e+00,0.000000000000000000e+00
1.220814510044726298e+00,0.000000000000000000e+00
1.438393227849914746e+00,0.000000000000000000e+00
1.309192283698346726e+00,0.000000000000000000e+00
1.309192283698346726e+00,0.000000000000000000e+00
1.296577078534515648e+00,0.000000000000000000e+00
1.249036768009561982e+00,0.000000000000000000e+00
1.277325589980944587e+00,0.000000000000000000e+00
1.247090445314049001e+00,0.000000000000000000e+00
1.002484498104269761e+00,0.000000000000000000e+00
1.066709990790686069e+00,0.000000000000000000e+00
1.086963670567784090e+00,0.000000000000000000e+00
1.086963670567784090e+00,0.000000000000000000e+00
1.086963670567784090e+00,0.000000000000000000e+00
1.086963670567784090e+00,0.000000000000000000e+00
1.316412860816229768e+00,0.000000000000000000e+00
1.316412860816229768e+00,0.000000000000000000e+00
1.184060662263826114e+00,0.000000000000000000e+00
1.184060662263826114e+00,0.000000000000000000e+00
1.184060662263826114e+00,0.000000000000000000e+00
1.184060662263826114e+00,0.000000000000000000e+00
1.265944463965684053e+00,0.000000000000000000e+00
1.160658775984652724e+00,0.000000000000000000e+00
1.033376624096006058e+00,0.000000000000000000e+00
1.033376624096006058e+00,0.000000000000000000e+00
1.061943476592336122e+00,0.000000000000000000e+00
1.259777628469928468e+00,0.000000000000000000e+00
1.259777628469928468e+00,0.000000000000000000e+00
1.259777628469928468e+00,0.000000000000000000e+00
1.311237417717467491e+00,0.000000000000000000e+00
1.311237417717467491e+00,0.000000000000000000e+00
1.187396534910967638e+00,0.000000000000000000e+00
1.176852662525351700e+00,0.000000000000000000e+00
1.217382285467358827e+00,0.000000000000000000e+00
1.217382285467358827e+00,0.000000000000000000e+00
1.217382285467358827e+00,0.000000000000000000e+00
1.259563173145267001e+00,0.000000000000000000e+00
1.344427010544063217e+00,0.000000000000000000e+00
1.344427010544063217e+00,0.000000000000000000e+00
1.344427010544063217e+00,0.000000000000000000e+00
1.344427010544063217e+00,0.000000000000000000e+00
1.344427010544063217e+00,0.000000000000000000e+00
1.344427010544063217e+00,0.000000000000000000e+00
1.344427010544063217e+00,0.000000000000000000e+00
1.344427010544063217e+00,0.000000000000000000e+00
1.344427010544063217e+00,0.000000000000000000e+00
1.256357717944830865e+00,0.000000000000000000e+00
1.400891252888187388e+00,0.000000000000000000e+00
1.400891252888187388e+00,0.000000000000000000e+00
1.387251951353906776e+00,0.000000000000000000e+00
1.421726841086560000e+00,0.000000000000000000e+00
1.379115208056297393e+00,0.000000000000000000e+00
1.329058061801197343e+00,0.000000000000000000e+00
1.329058061801197343e+00,0.000000000000000000e+00
1.329058061801197343e+00,0.000000000000000000e+00
1.329058061801197343e+00,0.000000000000000000e+00
1.265865187228177424e+00,0.000000000000000000e+00
1.334193535507565587e+00,0.000000000000000000e+00
1.334193535507565587e+00,0.000000000000000000e+00
1.347621364007987932e+00,0.000000000000000000e+00
1.347621364007987932e+00,0.000000000000000000e+00
1.348877748444618607e+00,0.000000000000000000e+00
1.331780011315393253e+00,0.000000000000000000e+00
1.317288776422361085e+00,0.000000000000000000e+00
1.318514006111620063e+00,0.000000000000000000e+00
1.318514006111620063e+00,0.000000000000000000e+00
1.318514006111620063e+00,0.000000000000000000e+00
1.397363077866760950e+00,0.000000000000000000e+00
1.407247318072282427e+00,0.000000000000000000e+00
1.305707558691727499e+00,0.000000000000000000e+00
1.305707558691727499e+00,0.000000000000000000e+00
1.305707558691727499e+00,0.000000000000000000e+00
1.144520175377259807e+00,0.000000000000000000e+00
1.144520175377259807e+00,0.000000000000000000e+00
1.286235027716849055e+00,0.000000000000000000e+00
1.260018638126617851e+00,0.000000000000000000e+00
1.293615241415404293e+00,0.000000000000000000e+00
1.295666584811083322e+00,0.000000000000000000e+00
1.289130225193997781e+00,0.000000000000000000e+00
1.223800231600141952e+00,0.000000000000000000e+00
1.214093445632891344e+00,0.000000000000000000e+00
1.160806487581882207e+00,0.000000000000000000e+00
1.139153199019559137e+00,0.000000000000000000e+00
1.097074698471973919e+00,0.000000000000000000e+00
1.097074698471973919e+00,0.000000000000000000e+00
1.210292422963398007e+00,0.000000000000000000e+00
1.210292422963398007e+00,0.000000000000000000e+00
1.210292422963398007e+00,0.000000000000000000e+00
1.294141437722788668e+00,0.000000000000000000e+00
1.294141437722788668e+00,0.000000000000000000e+00
1.294141437722788668e+00,0.000000000000000000e+00
1.294141437722788668e+00,0.000000000000000000e+00
1.382061202677759892e+00,0.000000000000000000e+00
1.342216692016045654e+00,0.000000000000000000e+00
1.342216692016045654e+00,0.000000000000000000e+00
1.216084700250186890e+00,0.000000000000000000e+00
1.216084700250186890e+00,0.000000000000000000e+00
1.318806193390789527e+00,0.000000000000000000e+00
1.318806193390789527e+00,0.000000000000000000e+00
1.288345415416220607e+00,0.000000000000000000e+00
1.393544626584723778e+00,0.000000000000000000e+00
1.352839908864349461e+00,0.000000000000000000e+00
1.372424701399893587e+00,0.000000000000000000e+00
1.372424701399893587e+00,0.000000000000000000e+00
1.372424701399893587e+00,0.000000000000000000e+00
1.372424701399893587e+00,0.000000000000000000e+00
1.084250803558797882e+00,0.000000000000000000e+00
1.231875907953402294e+00,0.000000000000000000e+00
1.102054337539442486e+00,0.000000000000000000e+00
1.102054337539442486e+00,0.000000000000000000e+00
1.235030187121975098e+00,0.000000000000000000e+00
1.235030187121975098e+00,0.000000000000000000e+00
1.059901712694201859e+00,0.000000000000000000e+00
1.294221892505900806e+00,0.000000000000000000e+00
1.297061108976803379e+00,0.000000000000000000e+00
1.112251349727998218e+00,0.000000000000000000e+00
1.112251349727998218e+00,0.000000000000000000e+00
1.112251349727998218e+00,0.000000000000000000e+00
8.696188377681841608e-01,0.000000000000000000e+00
8.696188377681841608e-01,0.000000000000000000e+00
8.696188377681841608e-01,0.000000000000000000e+00
9.728180157385832860e-01,0.000000000000000000e+00
9.728180157385832860e-01,0.000000000000000000e+00
9.728180157385832860e-01,0.000000000000000000e+00
9.899999471035869636e-01,0.000000000000000000e+00
9.899999471035869636e-01,0.000000000000000000e+00
1.072875284027033471e+00,0.000000000000000000e+00
9.681636123729171484e-01,0.000000000000000000e+00
1.203997439748545117e+00,0.000000000000000000e+00
1.160404930803293100e+00,0.000000000000000000e+00
1.160404930803293100e+00,0.000000000000000000e+00
1.160404930803293100e+00,0.000000000000000000e+00
1.160404930803293100e+00,0.000000000000000000e+00
1.160404930803293100e+00,0.000000000000000000e+00
1.247068601813256628e+00,0.000000000000000000e+00
1.113240727846747324e+00,0.000000000000000000e+00
1.097683139735494029e+00,0.000000000000000000e+00
1.168738308858091601e+00,0.000000000000000000e+00
1.220877139138549339e+00,0.000000000000000000e+00
1.378753740810060302e+00,0.000000000000000000e+00
1.402047473507187281e+00,0.000000000000000000e+00
1.254140614185163427e+00,0.000000000000000000e+00
9.662255530632442024e-01,0.000000000000000000e+00
1.153830590047711713e+00,0.000000000000000000e+00
1.153830590047711713e+00,0.000000000000000000e+00
1.185731127731410206e+00,0.000000000000000000e+00
1.185731127731410206e+00,0.000000000000000000e+00
1.185731127731410206e+00,0.000000000000000000e+00
1.185731127731410206e+00,0.000000000000000000e+00
1.311687006644262743e+00,0.000000000000000000e+00
1.311687006644262743e+00,0.000000000000000000e+00
1.162491110377144032e+00,0.000000000000000000e+00
1.162491110377144032e+00,0.000000000000000000e+00
1.162491110377144032e+00,0.000000000000000000e+00
1.162491110377144032e+00,0.000000000000000000e+00
1.211792563474257234e+00,0.000000000000000000e+00
1.211792563474257234e+00,0.000000000000000000e+00
1.211792563474257234e+00,0.000000000000000000e+00
1.211792563474257234e+00,0.000000000000000000e+00
1.272185128918663422e+00,0.000000000000000000e+00
1.272185128918663422e+00,0.000000000000000000e+00
1.272185128918663422e+00,0.000000000000000000e+00
1.272185128918663422e+00,0.000000000000000000e+00
1.346607360046130131e+00,0.000000000000000000e+00
1.233229504482084238e+00,0.000000000000000000e+00
1.233229504482084238e+00,0.000000000000000000e+00
1.234132029970303801e+00,0.000000000000000000e+00
1.234132029970303801e+00,0.000000000000000000e+00
1.202634742464534723e+00,0.000000000000000000e+00
1.202634742464534723e+00,0.000000000000000000e+00
1.142382565761548951e+00,0.000000000000000000e+00
1.096989998121051801e+00,0.000000000000000000e+00
1.340200881384133513e+00,0.000000000000000000e+00
1.238789147526682122e+00,0.000000000000000000e+00
1.238789147526682122e+00,0.000000000000000000e+00
1.238789147526682122e+00,0.000000000000000000e+00
1.255926393977898625e+00,0.000000000000000000e+00
1.255926393977898625e+00,0.000000000000000000e+00
1.246627137638335991e+00,0.000000000000000000e+00
1.253328965937301254e+00,0.000000000000000000e+00
1.232725670855892686e+00,0.000000000000000000e+00
1.232725670855892686e+00,0.000000000000000000e+00
1.232725670855892686e+00,0.000000000000000000e+00
1.232725670855892686e+00,0.000000000000000000e+00
1.300102711258428689e+00,0.000000000000000000e+00
1.292825263537649372e+00,0.000000000000000000e+00
1.339704461765039767e+00,0.000000000000000000e+00
1.245039692210282434e+00,0.000000000000000000e+00
1.245039692210282434e+00,0.000000000000000000e+00
1.375541703005804584e+00,0.000000000000000000e+00
1.375541703005804584e+00,0.000000000000000000e+00
1.375541703005804584e+00,0.000000000000000000e+00
1.350083331174650958e+00,0.000000000000000000e+00
1.350083331174650958e+00,0.000000000000000000e+00
1.350083331174650958e+00,0.000000000000000000e+00
1.382013875565071936e+00,0.000000000000000000e+00
1.198510305672685572e+00,0.000000000000000000e+00
1.329365091955576839e+00,0.000000000000000000e+00
1.329365091955576839e+00,0.000000000000000000e+00
1.329365091955576839e+00,0.000000000000000000e+00
1.218235547382035655e+00,0.000000000000000000e+00
1.160272091254391791e+00,0.000000000000000000e+00
1.235276833697153132e+00,0.000000000000000000e+00
1.052942716324939854e+00,0.000000000000000000e+00
1.115393799098043148e+00,0.000000000000000000e+00
1.174110608585698268e+00,0.000000000000000000e+00
1.174110608585698268e+00,0.000000000000000000e+00
1.243750434532072013e+00,0.000000000000000000e+00
1.243750434532072013e+00,0.000000000000000000e+00
1.243750434532072013e+00,0.000000000000000000e+00
1.252177784832990692e+00,0.000000000000000000e+00
1.355370015454413046e+00,0.000000000000000000e+00
1.355370015454413046e+00,0.000000000000000000e+00
1.355370015454413046e+00,0.000000000000000000e+00
1.355370015454413046e+00,0.000000000000000000e+00
1.355370015454413046e+00,0.000000000000000000e+00
1.368785428192970111e+00,0.000000000000000000e+00
1.368785428192970111e+00,0.000000000000000000e+00
1.198936121023151502e+00,0.000000000000000000e+00
1.314365946657986006e+00,0.000000000000000000e+00
1.239157044470838187e+00,0.000000000000000000e+00
1.239157044470838187e+00,0.000000000000000000e+00
1.424321013579855189e+00,0.000000000000000000e+00
1.424321013579855189e+00,0.000000000000000000e+00
1.339682761909369635e+00,0.000000000000000000e+00
1.339682761909369635e+00,0.000000000000000000e+00
1.251442951707552487e+00,0.000000000000000000e+00
1.251442951707552487e+00,0.000000000000000000e+00
1.215882653344429798e+00,0.000000000000000000e+00
1.215882653344429798e+00,0.000000000000000000e+00
1.215882653344429798e+00,0.000000000000000000e+00
1.254626080064578542e+00,0.000000000000000000e+00
1.254626080064578542e+00,0.000000000000000000e+00
1.339971922978772101e+00,0.000000000000000000e+00
1.241967278849512857e+00,0.000000000000000000e+00
1.241967278849512857e+00,0.000000000000000000e+00
1.253599326714465390e+00,0.000000000000000000e+00
1.253599326714465390e+00,0.000000000000000000e+00
1.242915019694550871e+00,0.000000000000000000e+00
1.143567602982976883e+00,0.000000000000000000e+00
1.143567602982976883e+00,0.000000000000000000e+00
1.143567602982976883e+00,0.000000000000000000e+00
1.143567602982976883e+00,0.000000000000000000e+00
1.143567602982976883e+00,0.000000000000000000e+00
1.117698563717897109e+00,0.000000000000000000e+00
1.220117993914058951e+00,0.000000000000000000e+00
1.220117993914058951e+00,0.000000000000000000e+00
1.274901563162330609e+00,0.000000000000000000e+00
1.033555462361181343e+00,0.000000000000000000e+00
1.033555462361181343e+00,0.000000000000000000e+00
1.033555462361181343e+00,0.000000000000000000e+00
1.033555462361181343e+00,0.000000000000000000e+00
1.010565289166685643e+00,0.000000000000000000e+00
1.162839211905639436e+00,0.000000000000000000e+00
1.162839211905639436e+00,0.000000000000000000e+00
1.162839211905639436e+00,0.000000000000000000e+00
1.096781502008258968e+00,0.000000000000000000e+00
1.096781502008258968e+00,0.000000000000000000e+00
1.235752813679647844e+00,0.000000000000000000e+00
1.193328865146349616e+00,0.000000000000000000e+00
1.229112004972624295e+00,0.000000000000000000e+00
1.180808975178629705e+00,0.000000000000000000e+00
1.180808975178629705e+00,0.000000000000000000e+00
1.180808975178629705e+00,0.000000000000000000e+00
1.180808975178629705e+00,0.000000000000000000e+00
1.180808975178629705e+00,0.000000000000000000e+00
1.180808975178629705e+00,0.000000000000000000e+00
1.335491169004914047e+00,0.000000000000000000e+00
1.335491169004914047e+00,0.000000000000000000e+00
1.335491169004914047e+00,0.000000000000000000e+00
1.162444066111402385e+00,0.000000000000000000e+00
1.132073221760171222e+00,0.000000000000000000e+00
1.132073221760171222e+00,0.000000000000000000e+00
1.132073221760171222e+00,0.000000000000000000e+00
1.158227084470930812e+00,0.000000000000000000e+00
1.158227084470930812e+00,0.000000000000000000e+00
1.158227084470930812e+00,0.000000000000000000e+00
1.251710413267522082e+00,0.000000000000000000e+00
1.197515987001326998e+00,0.000000000000000000e+00
1.253345021162623363e+00,0.000000000000000000e+00
1.253345021162623363e+00,0.000000000000000000e+00
1.394387464318197711e+00,0.000000000000000000e+00
1.427520361463312959e+00,0.000000000000000000e+00
1.300644978830053367e+00,0.000000000000000000e+00
1.300644978830053367e+00,0.000000000000000000e+00
1.249025442141244335e+00,0.000000000000000000e+00
1.318216484762781748e+00,0.000000000000000000e+00
1.318216484762781748e+00,0.000000000000000000e+00
1.156469360714304173e+00,0.000000000000000000e+00
1.168904607159976239e+00,0.000000000000000000e+00
1.173983167653680271e+00,0.000000000000000000e+00
1.184148026818516275e+00,0.000000000000000000e+00
1.005519429039066104e+00,0.000000000000000000e+00
1.005519429039066104e+00,0.000000000000000000e+00
1.024815422893333938e+00,0.000000000000000000e+00
1.024815422893333938e+00,0.000000000000000000e+00
1.160590617383972623e+00,0.000000000000000000e+00
1.074830470325667253e+00,0.000000000000000000e+00
1.420627092062814123e+00,0.000000000000000000e+00
1.420627092062814123e+00,0.000000000000000000e+00
1.420627092062814123e+00,0.000000000000000000e+00
1.383324422730747072e+00,0.000000000000000000e+00
1.380741922473926353e+00,0.000000000000000000e+00
1.449526720813975711e+00,0.000000000000000000e+00
1.284097226151583282e+00,0.000000000000000000e+00
1.180719390718046657e+00,0.000000000000000000e+00
1.312527038138376900e+00,0.000000000000000000e+00
1.385258198164535992e+00,0.000000000000000000e+00
1.373391074966928915e+00,0.000000000000000000e+00
1.373391074966928915e+00,0.000000000000000000e+00
1.122128600837500656e+00,0.000000000000000000e+00
1.129185710347956340e+00,0.000000000000000000e+00
1.076869050003455897e+00,0.000000000000000000e+00
1.281944150838987495e+00,0.000000000000000000e+00
1.371578489325833594e+00,0.000000000000000000e+00
1.371578489325833594e+00,0.000000000000000000e+00
1.270697089314258177e+00,0.000000000000000000e+00
1.129822931594709035e+00,0.000000000000000000e+00
1.113603398821622736e+00,0.000000000000000000e+00
1.113603398821622736e+00,0.000000000000000000e+00
1.113603398821622736e+00,0.000000000000000000e+00
1.113603398821622736e+00,0.000000000000000000e+00
1.392112911446182988e+00,0.000000000000000000e+00
1.369905874219137232e+00,0.000000000000000000e+00
1.380233142756649878e+00,0.000000000000000000e+00
1.380233142756649878e+00,0.000000000000000000e+00
1.250041002599729500e+00,0.000000000000000000e+00
1.239988472279879739e+00,0.000000000000000000e+00
1.230997239734037407e+00,0.000000000000000000e+00
1.290116791829327481e+00,0.000000000000000000e+00
1.472777635898642190e+00,0.000000000000000000e+00
1.472777635898642190e+00,0.000000000000000000e+00
1.472777635898642190e+00,0.000000000000000000e+00
1.472777635898642190e+00,0.000000000000000000e+00
1.472777635898642190e+00,0.000000000000000000e+00
1.517603493964458261e+00,0.000000000000000000e+00
1.352377026104452762e+00,0.000000000000000000e+00
1.352377026104452762e+00,0.000000000000000000e+00
1.352377026104452762e+00,0.000000000000000000e+00
1.305716165807158546e+00,0.000000000000000000e+00
1.319956269180414088e+00,0.000000000000000000e+00
1.186270448739795480e+00,0.000000000000000000e+00
1.186270448739795480e+00,0.000000000000000000e+00
1.389301972282798614e+00,0.000000000000000000e+00
1.446245818020418961e+00,0.000000000000000000e+00
1.446245818020418961e+00,0.000000000000000000e+00
1.446245818020418961e+00,0.000000000000000000e+00
1.219003998723839244e+00,0.000000000000000000e+00
1.219003998723839244e+00,0.000000000000000000e+00
1.219003998723839244e+00,0.000000000000000000e+00
1.243804962761700050e+00,0.000000000000000000e+00
1.243804962761700050e+00,0.000000000000000000e+00
1.243804962761700050e+00,0.000000000000000000e+00
1.196577284560716770e+00,0.000000000000000000e+00
1.196577284560716770e+00,0.000000000000000000e+00
1.323014665782877408e+00,0.000000000000000000e+00
1.073292450233158668e+00,0.000000000000000000e+00
1.038652667113364680e+00,0.000000000000000000e+00
1.005959554041056192e+00,0.000000000000000000e+00
1.030302441552338300e+00,0.000000000000000000e+00
1.113002279462210309e+00,0.000000000000000000e+00
1.022132508352562308e+00,0.000000000000000000e+00
1.111053143190703141e+00,0.000000000000000000e+00
1.243059712228240077e+00,0.000000000000000000e+00
1.297231417268046805e+00,0.000000000000000000e+00
1.348799489942378305e+00,0.000000000000000000e+00
1.348799489942378305e+00,0.000000000000000000e+00
1.348799489942378305e+00,0.000000000000000000e+00
1.348799489942378305e+00,0.000000000000000000e+00
1.348799489942378305e+00,0.000000000000000000e+00
1.323348246332148870e+00,0.000000000000000000e+00
1.301905979046824813e+00,0.000000000000000000e+00
1.354868544786411055e+00,0.000000000000000000e+00
1.354868544786411055e+00,0.000000000000000000e+00
1.354868544786411055e+00,0.000000000000000000e+00
1.354868544786411055e+00,0.000000000000000000e+00
1.354868544786411055e+00,0.000000000000000000e+00
1.443442187593859005e+00,0.000000000000000000e+00
1.358918999328577293e+00,0.000000000000000000e+00
1.331963169283576054e+00,0.000000000000000000e+00
1.331963169283576054e+00,0.000000000000000000e+00
1.376065685960350393e+00,0.000000000000000000e+00
1.376065685960350393e+00,0.000000000000000000e+00
1.326625472781485016e+00,0.000000000000000000e+00
1.326625472781485016e+00,0.000000000000000000e+00
1.330354085190525559e+00,0.000000000000000000e+00
1.245045495878772668e+00,0.000000000000000000e+00
1.245045495878772668e+00,0.000000000000000000e+00
1.354339291636385889e+00,0.000000000000000000e+00
1.300222427326225505e+00,0.000000000000000000e+00
1.126481454606393928e+00,0.000000000000000000e+00
1.189827445852090548e+00,0.000000000000000000e+00
1.189827445852090548e+00,0.000000000000000000e+00
1.189827445852090548e+00,0.000000000000000000e+00
1.231427695576065906e+00,0.000000000000000000e+00
1.155794744256172901e+00,0.000000000000000000e+00
1.130398025217320912e+00,0.000000000000000000e+00
1.213565013613454369e+00,0.000000000000000000e+00
1.222534558971754004e+00,0.000000000000000000e+00
1.222534558971754004e+00,0.000000000000000000e+00
1.489303600877432521e+00,0.000000000000000000e+00
1.499346321242127633e+00,0.000000000000000000e+00
1.410273775510407779e+00,0.000000000000000000e+00
1.503881906277646507e+00,0.000000000000000000e+00
1.503881906277646507e+00,0.000000000000000000e+00
1.374490786706631829e+00,0.000000000000000000e+00
1.381386668143547158e+00,0.000000000000000000e+00
1.253959126951567971e+00,0.000000000000000000e+00
1.255923003924247050e+00,0.000000000000000000e+00
1.255923003924247050e+00,0.000000000000000000e+00
1.308038800591180939e+00,0.000000000000000000e+00
1.308038800591180939e+00,0.000000000000000000e+00
1.311864994807716123e+00,0.000000000000000000e+00
1.311864994807716123e+00,0.000000000000000000e+00
1.311864994807716123e+00,0.000000000000000000e+00
1.311864994807716123e+00,0.000000000000000000e+00
1.311864994807716123e+00,0.000000000000000000e+00
1.306457442076036202e+00,0.000000000000000000e+00
1.245956335636309253e+00,0.000000000000000000e+00
1.156748480035494575e+00,0.000000000000000000e+00
1.324798815750566794e+00,0.000000000000000000e+00
1.324798815750566794e+00,0.000000000000000000e+00
1.392938184208291963e+00,0.000000000000000000e+00
1.351099360061097654e+00,0.000000000000000000e+00
1.351099360061097654e+00,0.000000000000000000e+00
1.351099360061097654e+00,0.000000000000000000e+00
1.482668491715867010e+00,0.000000000000000000e+00
1.381963212828348775e+00,0.000000000000000000e+00
1.131757995897054281e+00,0.000000000000000000e+00
1.131757995897054281e+00,0.000000000000000000e+00
1.476111830947956616e+00,0.000000000000000000e+00
1.476111830947956616e+00,0.000000000000000000e+00
1.532734999029643053e+00,0.000000000000000000e+00
1.426229420545706894e+00,0.000000000000000000e+00
1.308236335720230681e+00,0.000000000000000000e+00
1.308236335720230681e+00,0.000000000000000000e+00
1.336013360592659183e+00,0.000000000000000000e+00
1.509176866879422985e+00,0.000000000000000000e+00
1.509176866879422985e+00,0.000000000000000000e+00
1.509176866879422985e+00,0.000000000000000000e+00
1.415258659351244175e+00,0.000000000000000000e+00
1.299485332235175816e+00,0.000000000000000000e+00
1.357399386158379073e+00,0.000000000000000000e+00
1.335815703817381905e+00,0.000000000000000000e+00
1.314495402365187360e+00,0.000000000000000000e+00
1.368738853021816526e+00,0.000000000000000000e+00
1.368738853021816526e+00,0.000000000000000000e+00
1.386873504635367738e+00,0.000000000000000000e+00
1.028570045436081548e+00,0.000000000000000000e+00
1.323988650725551608e+00,0.000000000000000000e+00
1.378428710779808553e+00,0.000000000000000000e+00
1.172521995905288605e+00,0.000000000000000000e+00
1.270545942352829583e+00,0.000000000000000000e+00
1.274563638439060176e+00,0.000000000000000000e+00
1.232178010433123694e+00,0.000000000000000000e+00
1.061014960108580096e+00,0.000000000000000000e+00
1.232850601491856324e+00,0.000000000000000000e+00
1.234674621044581588e+00,0.000000000000000000e+00
1.240952304451669486e+00,0.000000000000000000e+00
1.252366726471241476e+00,0.000000000000000000e+00
1.314641021468122561e+00,0.000000000000000000e+00
1.266169786738826186e+00,0.000000000000000000e+00
1.330818612968255321e+00,0.000000000000000000e+00
1.330818612968255321e+00,0.000000000000000000e+00
1.372055278150434265e+00,0.000000000000000000e+00
1.372055278150434265e+00,0.000000000000000000e+00
1.189808794043242912e+00,0.000000000000000000e+00
1.207601264478143532e+00,0.000000000000000000e+00
1.207601264478143532e+00,0.000000000000000000e+00
1.207601264478143532e+00,0.000000000000000000e+00
1.253917816916415573e+00,0.000000000000000000e+00
1.253917816916415573e+00,0.000000000000000000e+00
1.253917816916415573e+00,0.000000000000000000e+00
1.253917816916415573e+00,0.000000000000000000e+00
1.201641395502430987e+00,0.000000000000000000e+00
1.216382102488693384e+00,0.000000000000000000e+00
1.238532065803211957e+00,0.000000000000000000e+00
1.406781246151864506e+00,0.000000000000000000e+00
1.339683348682402908e+00,0.000000000000000000e+00
1.364673673382121422e+00,0.000000000000000000e+00
1.364673673382121422e+00,0.000000000000000000e+00
1.366536328314937876e+00,0.000000000000000000e+00
1.366536328314937876e+00,0.000000000000000000e+00
1.284875374086443145e+00,0.000000000000000000e+00
1.284875374086443145e+00,0.000000000000000000e+00
1.284875374086443145e+00,0.000000000000000000e+00
1.284875374086443145e+00,0.000000000000000000e+00
1.424854596519306460e+00,0.000000000000000000e+00
1.424854596519306460e+00,0.000000000000000000e+00
1.577276468521102260e+00,0.000000000000000000e+00
1.535672198516854881e+00,0.000000000000000000e+00
1.535672198516854881e+00,0.000000000000000000e+00
1.476498925112690097e+00,0.000000000000000000e+00
1.350714564312530008e+00,0.000000000000000000e+00
1.398021129996834366e+00,0.000000000000000000e+00
1.287412309548457978e+00,0.000000000000000000e+00
1.168712364326280895e+00,0.000000000000000000e+00
1.245699244922919391e+00,0.000000000000000000e+00
1.270245922596741517e+00,0.000000000000000000e+00
1.244669771008913406e+00,0.000000000000000000e+00
1.244669771008913406e+00,0.000000000000000000e+00
1.244669771008913406e+00,0.000000000000000000e+00
1.244669771008913406e+00,0.000000000000000000e+00
1.274336904440995566e+00,0.000000000000000000e+00
1.274336904440995566e+00,0.000000000000000000e+00
1.274336904440995566e+00,0.000000000000000000e+00
1.270263115228271955e+00,0.000000000000000000e+00
1.270263115228271955e+00,0.000000000000000000e+00
1.270263115228271955e+00,0.000000000000000000e+00
1.358370908356838935e+00,0.000000000000000000e+00
1.358370908356838935e+00,0.000000000000000000e+00
1.267006311651948547e+00,0.000000000000000000e+00
1.267006311651948547e+00,0.000000000000000000e+00
1.267006311651948547e+00,0.000000000000000000e+00
1.267006311651948547e+00,0.000000000000000000e+00
1.283258123852507593e+00,0.000000000000000000e+00
1.283258123852507593e+00,0.000000000000000000e+00
1.283258123852507593e+00,0.000000000000000000e+00
1.390529955824682418e+00,0.000000000000000000e+00
1.409792675087749858e+00,0.000000000000000000e+00
1.409792675087749858e+00,0.000000000000000000e+00
1.409792675087749858e+00,0.000000000000000000e+00
1.409792675087749858e+00,0.000000000000000000e+00
1.291828835608006099e+00,0.000000000000000000e+00
1.291828835608006099e+00,0.000000000000000000e+00
1.291828835608006099e+00,0.000000000000000000e+00
1.291828835608006099e+00,0.000000000000000000e+00
1.176064755308725562e+00,0.000000000000000000e+00
1.176064755308725562e+00,0.000000000000000000e+00
1.110747584911367936e+00,0.000000000000000000e+00
1.224346090819794730e+00,0.000000000000000000e+00
1.190803364650683260e+00,0.000000000000000000e+00
1.190803364650683260e+00,0.000000000000000000e+00
1.347389465845697964e+00,0.000000000000000000e+00
1.347389465845697964e+00,0.000000000000000000e+00
1.322050926848817198e+00,0.000000000000000000e+00
1.322050926848817198e+00,0.000000000000000000e+00
1.322050926848817198e+00,0.000000000000000000e+00
1.322050926848817198e+00,0.000000000000000000e+00
1.322050926848817198e+00,0.000000000000000000e+00
1.322050926848817198e+00,0.000000000000000000e+00
1.322050926848817198e+00,0.000000000000000000e+00
1.322050926848817198e+00,0.000000000000000000e+00
1.322050926848817198e+00,0.000000000000000000e+00
1.061159872200073906e+00,0.000000000000000000e+00
1.335693261850166458e+00,0.000000000000000000e+00
1.302612561922429801e+00,0.000000000000000000e+00
1.302612561922429801e+00,0.000000000000000000e+00
1.428384230597178117e+00,0.000000000000000000e+00
1.477791800050757054e+00,0.000000000000000000e+00
1.226397560698051947e+00,0.000000000000000000e+00
1.177022961397149015e+00,0.000000000000000000e+00
1.345256835102634163e+00,0.000000000000000000e+00
1.345256835102634163e+00,0.000000000000000000e+00
1.345256835102634163e+00,0.000000000000000000e+00
1.345256835102634163e+00,0.000000000000000000e+00
1.268960592072242211e+00,0.000000000000000000e+00
1.268960592072242211e+00,0.000000000000000000e+00
1.268960592072242211e+00,0.000000000000000000e+00
1.352396646755798182e+00,0.000000000000000000e+00
1.352396646755798182e+00,0.000000000000000000e+00
1.352396646755798182e+00,0.000000000000000000e+00
1.352396646755798182e+00,0.000000000000000000e+00
1.352396646755798182e+00,0.000000000000000000e+00
1.131275947644333257e+00,0.000000000000000000e+00
1.162672831075873603e+00,0.000000000000000000e+00
1.219844568391297512e+00,0.000000000000000000e+00
1.279254922968388053e+00,0.000000000000000000e+00
1.279254922968388053e+00,0.000000000000000000e+00
1.279254922968388053e+00,0.000000000000000000e+00
1.279254922968388053e+00,0.000000000000000000e+00
1.289461900901328395e+00,0.000000000000000000e+00
1.289461900901328395e+00,0.000000000000000000e+00
1.289461900901328395e+00,0.000000000000000000e+00
1.289461900901328395e+00,0.000000000000000000e+00
1.289461900901328395e+00,0.000000000000000000e+00
1.222545438191334988e+00,0.000000000000000000e+00
1.324678798432593840e+00,0.000000000000000000e+00
1.213870999303619636e+00,0.000000000000000000e+00
1.187557958726632723e+00,0.000000000000000000e+00
1.187557958726632723e+00,0.000000000000000000e+00
1.262719292834192597e+00,0.000000000000000000e+00
1.308225925362853648e+00,0.000000000000000000e+00
1.308225925362853648e+00,0.000000000000000000e+00
1.412503157494199302e+00,0.000000000000000000e+00
1.224167641850227861e+00,0.000000000000000000e+00
1.224167641850227861e+00,0.000000000000000000e+00
1.267666083832442947e+00,0.000000000000000000e+00
1.267666083832442947e+00,0.000000000000000000e+00
1.212133699134712250e+00,0.000000000000000000e+00
1.310803417685112882e+00,0.000000000000000000e+00
1.310803417685112882e+00,0.000000000000000000e+00
1.310803417685112882e+00,0.000000000000000000e+00
1.310803417685112882e+00,0.000000000000000000e+00
1.228375038879895076e+00,0.000000000000000000e+00
1.228375038879895076e+00,0.000000000000000000e+00
1.178648764793196246e+00,0.000000000000000000e+00
1.011175025360466329e+00,0.000000000000000000e+00
1.174654903975867137e+00,0.000000000000000000e+00
1.293923883742334580e+00,0.000000000000000000e+00
1.293923883742334580e+00,0.000000000000000000e+00
1.293923883742334580e+00,0.000000000000000000e+00
1.200762805981601566e+00,0.000000000000000000e+00
1.365518368354843970e+00,0.000000000000000000e+00
1.365518368354843970e+00,0.000000000000000000e+00
1.068854819839199166e+00,0.000000000000000000e+00
1.167095636972978800e+00,0.000000000000000000e+00
1.167095636972978800e+00,0.000000000000000000e+00
1.233252136173320634e+00,0.000000000000000000e+00
1.205329694335688595e+00,0.000000000000000000e+00
1.388228461704385186e+00,0.000000000000000000e+00
1.267114497244706151e+00,0.000000000000000000e+00
1.414707056687635633e+00,0.000000000000000000e+00
1.414707056687635633e+00,0.000000000000000000e+00
1.414707056687635633e+00,0.000000000000000000e+00
1.414707056687635633e+00,0.000000000000000000e+00
1.429681304198133995e+00,0.000000000000000000e+00
1.258482386293669597e+00,0.000000000000000000e+00
1.183649700997737586e+00,0.000000000000000000e+00
1.183649700997737586e+00,0.000000000000000000e+00
1.183649700997737586e+00,0.000000000000000000e+00
1.281990646468649020e+00,0.000000000000000000e+00
1.281990646468649020e+00,0.000000000000000000e+00
1.187144264387788972e+00,0.000000000000000000e+00
1.187144264387788972e+00,0.000000000000000000e+00
1.390471782819508340e+00,0.000000000000000000e+00
1.125599475040543584e+00,0.000000000000000000e+00
1.127809807617438764e+00,0.000000000000000000e+00
1.328664009603728324e+00,0.000000000000000000e+00
1.228717729734507103e+00,0.000000000000000000e+00
1.228717729734507103e+00,0.000000000000000000e+00
1.084746267371317963e+00,0.000000000000000000e+00
1.225764178923716363e+00,0.000000000000000000e+00
1.332289110272307342e+00,0.000000000000000000e+00
1.271450104110876111e+00,0.000000000000000000e+00
1.271450104110876111e+00,0.000000000000000000e+00
1.321295401330896402e+00,0.000000000000000000e+00
1.321295401330896402e+00,0.000000000000000000e+00
1.206850867747955691e+00,0.000000000000000000e+00
1.300248023453524748e+00,0.000000000000000000e+00
1.300248023453524748e+00,0.000000000000000000e+00
1.372207144615559704e+00,0.000000000000000000e+00
1.211685989636181571e+00,0.000000000000000000e+00
1.211685989636181571e+00,0.000000000000000000e+00
1.300024764976419389e+00,0.000000000000000000e+00
1.345015601305802333e+00,0.000000000000000000e+00
1.147899139253687917e+00,0.000000000000000000e+00
1.147899139253687917e+00,0.000000000000000000e+00
1.135870529272582585e+00,0.000000000000000000e+00
1.352359274066812000e+00,0.000000000000000000e+00
1.377763863070526451e+00,0.000000000000000000e+00
1.429697809027180355e+00,0.000000000000000000e+00
1.057535121741106421e+00,0.000000000000000000e+00
1.057639836563031066e+00,0.000000000000000000e+00
1.169791657080489378e+00,0.000000000000000000e+00
1.169791657080489378e+00,0.000000000000000000e+00
1.262353535894683132e+00,0.000000000000000000e+00
1.183236348971570040e+00,0.000000000000000000e+00
1.326510813212012252e+00,0.000000000000000000e+00
1.080455374915087585e+00,0.000000000000000000e+00
1.034207339428234285e+00,0.000000000000000000e+00
1.453692906315384281e+00,0.000000000000000000e+00
1.453692906315384281e+00,0.000000000000000000e+00
1.412878765554839156e+00,0.000000000000000000e+00
1.348184928470251398e+00,0.000000000000000000e+00
1.191532634505443777e+00,0.000000000000000000e+00
1.290313116099630175e+00,0.000000000000000000e+00
1.290313116099630175e+00,0.000000000000000000e+00
1.290313116099630175e+00,0.000000000000000000e+00
1.227757954528275519e+00,0.000000000000000000e+00
1.226589914746151866e+00,0.000000000000000000e+00
1.208745101465459548e+00,0.000000000000000000e+00
1.208745101465459548e+00,0.000000000000000000e+00
1.208745101465459548e+00,0.000000000000000000e+00
1.372363772868953502e+00,0.000000000000000000e+00
1.379888483009715783e+00,0.000000000000000000e+00
1.379888483009715783e+00,0.000000000000000000e+00
1.164088013357135409e+00,0.000000000000000000e+00
1.309756693523016935e+00,0.000000000000000000e+00
1.309756693523016935e+00,0.000000000000000000e+00
1.309756693523016935e+00,0.000000000000000000e+00
1.309756693523016935e+00,0.000000000000000000e+00
1.400911855024432162e+00,0.000000000000000000e+00
1.325170413704432004e+00,0.000000000000000000e+00
1.486408699057787164e+00,0.000000000000000000e+00
1.328913189730619226e+00,0.000000000000000000e+00
1.203325234865475712e+00,0.000000000000000000e+00
1.340556841665731191e+00,0.000000000000000000e+00
1.340556841665731191e+00,0.000000000000000000e+00
1.340556841665731191e+00,0.000000000000000000e+00
1.340556841665731191e+00,0.000000000000000000e+00
1.208260087309013908e+00,0.000000000000000000e+00
1.208260087309013908e+00,0.000000000000000000e+00
1.298022773483229031e+00,0.000000000000000000e+00
1.298022773483229031e+00,0.000000000000000000e+00
1.269650530539890410e+00,0.000000000000000000e+00
1.269650530539890410e+00,0.000000000000000000e+00
1.214162781937112356e+00,0.000000000000000000e+00
1.214162781937112356e+00,0.000000000000000000e+00
1.194673017580202501e+00,0.000000000000000000e+00
1.175196379683861814e+00,0.000000000000000000e+00
1.175196379683861814e+00,0.000000000000000000e+00
1.215746470797515411e+00,0.000000000000000000e+00
1.345984195901968494e+00,0.000000000000000000e+00
1.102761216912414133e+00,0.000000000000000000e+00
1.193201726511662786e+00,0.000000000000000000e+00
1.168944291605328312e+00,0.000000000000000000e+00
1.106864339701269184e+00,0.000000000000000000e+00
1.194526731788745355e+00,0.000000000000000000e+00
1.386501832143506530e+00,0.000000000000000000e+00
1.454069561565300761e+00,0.000000000000000000e+00
1.454069561565300761e+00,0.000000000000000000e+00
1.404404133510444019e+00,0.000000000000000000e+00
1.404404133510444019e+00,0.000000000000000000e+00
1.404404133510444019e+00,0.000000000000000000e+00
1.212538229630337083e+00,0.000000000000000000e+00
1.212538229630337083e+00,0.000000000000000000e+00
1.074962102666657371e+00,0.000000000000000000e+00
1.024139455443074942e+00,0.000000000000000000e+00
1.181379893957339666e+00,0.000000000000000000e+00
1.171383404454594546e+00,0.000000000000000000e+00
9.237159492911344305e-01,0.000000000000000000e+00
1.152848032376406762e+00,0.000000000000000000e+00
1.154820017177833558e+00,0.000000000000000000e+00
1.154820017177833558e+00,0.000000000000000000e+00
1.183110884773166616e+00,0.000000000000000000e+00
1.183110884773166616e+00,0.000000000000000000e+00
1.183110884773166616e+00,0.000000000000000000e+00
1.166859262168564948e+00,0.000000000000000000e+00
1.238885306329363889e+00,0.000000000000000000e+00
1.054283097587782381e+00,0.000000000000000000e+00
1.054283097587782381e+00,0.000000000000000000e+00
1.240985008010728086e+00,0.000000000000000000e+00
1.239226426176538887e+00,0.000000000000000000e+00
1.196995656200803948e+00,0.000000000000000000e+00
1.196995656200803948e+00,0.000000000000000000e+00
1.196995656200803948e+00,0.000000000000000000e+00
1.196995656200803948e+00,0.000000000000000000e+00
1.196995656200803948e+00,0.000000000000000000e+00
1.196995656200803948e+00,0.000000000000000000e+00
1.196995656200803948e+00,0.000000000000000000e+00
1.196995656200803948e+00,0.000000000000000000e+00
1.229815673750608962e+00,0.000000000000000000e+00
1.297634326936792037e+00,0.000000000000000000e+00
1.338335497301495591e+00,0.000000000000000000e+00
1.338335497301495591e+00,0.000000000000000000e+00
1.338335497301495591e+00,0.000000000000000000e+00
1.338335497301495591e+00,0.000000000000000000e+00
1.338335497301495591e+00,0.000000000000000000e+00
1.338335497301495591e+00,0.000000000000000000e+00
1.206005933028619692e+00,0.000000000000000000e+00
1.189783581928651524e+00,0.000000000000000000e+00
1.328377499421489860e+00,0.000000000000000000e+00
1.288378259124330016e+00,0.000000000000000000e+00
1.082263794049695749e+00,0.000000000000000000e+00
1.091184240356286805e+00,0.000000000000000000e+00
1.137302943884556772e+00,0.000000000000000000e+00
1.310586303694196708e+00,0.000000000000000000e+00
1.310586303694196708e+00,0.000000000000000000e+00
1.310586303694196708e+00,0.000000000000000000e+00
1.310586303694196708e+00,0.000000000000000000e+00
1.268892709639751981e+00,0.000000000000000000e+00
1.238397568554241435e+00,0.000000000000000000e+00
1.238397568554241435e+00,0.000000000000000000e+00
1.250445982559148961e+00,0.000000000000000000e+00
1.250445982559148961e+00,0.000000000000000000e+00
1.476125653000856186e+00,0.000000000000000000e+00
1.451485169161232047e+00,0.000000000000000000e+00
1.451485169161232047e+00,0.000000000000000000e+00
1.424630686079006336e+00,0.000000000000000000e+00
1.383350478383765125e+00,0.000000000000000000e+00
1.421049548213763503e+00,0.000000000000000000e+00
1.421049548213763503e+00,0.000000000000000000e+00
1.421049548213763503e+00,0.000000000000000000e+00
1.315723778492588592e+00,0.000000000000000000e+00
1.267198219737800891e+00,0.000000000000000000e+00
1.341733629375065906e+00,0.000000000000000000e+00
1.301676827959302729e+00,0.000000000000000000e+00
1.145041394718697481e+00,0.000000000000000000e+00
1.295794552201245287e+00,0.000000000000000000e+00
1.295794552201245287e+00,0.000000000000000000e+00
1.182180152731295397e+00,0.000000000000000000e+00
1.349096679587314052e+00,0.000000000000000000e+00
1.349096679587314052e+00,0.000000000000000000e+00
1.381497244664914525e+00,0.000000000000000000e+00
1.385500139230288807e+00,0.000000000000000000e+00
1.353826012015569180e+00,0.000000000000000000e+00
1.353826012015569180e+00,0.000000000000000000e+00
1.251564992061667159e+00,0.000000000000000000e+00
1.371458553418788862e+00,0.000000000000000000e+00
1.255638437822391040e+00,0.000000000000000000e+00
1.255638437822391040e+00,0.000000000000000000e+00
1.255638437822391040e+00,0.000000000000000000e+00
1.310542946536395137e+00,0.000000000000000000e+00
1.230337288411795793e+00,0.000000000000000000e+00
1.230337288411795793e+00,0.000000000000000000e+00
1.231838757597218281e+00,0.000000000000000000e+00
1.334487254084751218e+00,0.000000000000000000e+00
1.191702051994723233e+00,0.000000000000000000e+00
1.161954871848783100e+00,0.000000000000000000e+00
1.062758727579925511e+00,0.000000000000000000e+00
9.060198942058077520e-01,0.000000000000000000e+00
9.683330828066307738e-01,0.000000000000000000e+00
9.683330828066307738e-01,0.000000000000000000e+00
9.683330828066307738e-01,0.000000000000000000e+00
9.817899430631027435e-01,0.000000000000000000e+00
9.817899430631027435e-01,0.000000000000000000e+00
1.041803126723833239e+00,0.000000000000000000e+00
1.149074644212870755e+00,0.000000000000000000e+00
1.177236315153840085e+00,0.000000000000000000e+00
1.295492525107162063e+00,0.000000000000000000e+00
1.214882754456058089e+00,0.000000000000000000e+00
1.337446216519496467e+00,0.000000000000000000e+00
1.227492149846047820e+00,0.000000000000000000e+00
1.285594607741662454e+00,0.000000000000000000e+00
1.347815801172286942e+00,0.000000000000000000e+00
1.340542304657660777e+00,0.000000000000000000e+00
1.340542304657660777e+00,0.000000000000000000e+00
1.340542304657660777e+00,0.000000000000000000e+00
1.340542304657660777e+00,0.000000000000000000e+00
1.219107748261704982e+00,0.000000000000000000e+00
1.272361892666434180e+00,0.000000000000000000e+00
1.304889625314868296e+00,0.000000000000000000e+00
1.304889625314868296e+00,0.000000000000000000e+00
1.304889625314868296e+00,0.000000000000000000e+00
1.304889625314868296e+00,0.000000000000000000e+00
1.268899453619657614e+00,0.000000000000000000e+00
1.475636836924303363e+00,0.000000000000000000e+00
1.475636836924303363e+00,0.000000000000000000e+00
1.371188844692362352e+00,0.000000000000000000e+00
1.257743944785432610e+00,0.000000000000000000e+00
1.257743944785432610e+00,0.000000000000000000e+00
1.257743944785432610e+00,0.000000000000000000e+00
1.257743944785432610e+00,0.000000000000000000e+00
1.185891169434807768e+00,0.000000000000000000e+00
1.185891169434807768e+00,0.000000000000000000e+00
1.185891169434807768e+00,0.000000000000000000e+00
1.185891169434807768e+00,0.000000000000000000e+00
1.185891169434807768e+00,0.000000000000000000e+00
1.185891169434807768e+00,0.000000000000000000e+00
1.185891169434807768e+00,0.000000000000000000e+00
1.232791903367057795e+00,0.000000000000000000e+00
1.170961338428379683e+00,0.000000000000000000e+00
1.170961338428379683e+00,0.000000000000000000e+00
1.170961338428379683e+00,0.000000000000000000e+00
1.195758932748094860e+00,0.000000000000000000e+00
1.125965536604704553e+00,0.000000000000000000e+00
1.270793193814875321e+00,0.000000000000000000e+00
1.270793193814875321e+00,0.000000000000000000e+00
1.270793193814875321e+00,0.000000000000000000e+00
1.270793193814875321e+00,0.000000000000000000e+00
1.270793193814875321e+00,0.000000000000000000e+00
1.270793193814875321e+00,0.000000000000000000e+00
1.270793193814875321e+00,0.000000000000000000e+00
1.270793193814875321e+00,0.000000000000000000e+00
1.216878030515490039e+00,0.000000000000000000e+00
1.216878030515490039e+00,0.000000000000000000e+00
1.230824395477347677e+00,0.000000000000000000e+00
1.230824395477347677e+00,0.000000000000000000e+00
1.230824395477347677e+00,0.000000000000000000e+00
1.185741987057636448e+00,0.000000000000000000e+00
1.177885540058849267e+00,0.000000000000000000e+00
1.242174453272875789e+00,0.000000000000000000e+00
1.387900199671328938e+00,0.000000000000000000e+00
1.387900199671328938e+00,0.000000000000000000e+00
1.222573297882630472e+00,0.000000000000000000e+00
1.222573297882630472e+00,0.000000000000000000e+00
1.222573297882630472e+00,0.000000000000000000e+00
1.161816132151602510e+00,0.000000000000000000e+00
1.253626764442202113e+00,0.000000000000000000e+00
1.155350724682619568e+00,0.000000000000000000e+00
1.168413104583751583e+00,0.000000000000000000e+00
1.109549011446468336e+00,0.000000000000000000e+00
1.109549011446468336e+00,0.000000000000000000e+00
1.152735992849502233e+00,0.000000000000000000e+00
1.240304656919697823e+00,0.000000000000000000e+00
1.420921601512234123e+00,0.000000000000000000e+00
1.424146944965142936e+00,0.000000000000000000e+00
1.439036695239916952e+00,0.000000000000000000e+00
1.212652832402399294e+00,0.000000000000000000e+00
1.261973088717084801e+00,0.000000000000000000e+00
1.317964614777436871e+00,0.000000000000000000e+00
1.281066789205082213e+00,0.000000000000000000e+00
1.266473599472003553e+00,0.000000000000000000e+00
1.225972552856154696e+00,0.000000000000000000e+00
1.195949343578333490e+00,0.000000000000000000e+00
1.330385333073176524e+00,0.000000000000000000e+00
1.299102798863342123e+00,0.000000000000000000e+00
1.234106332165559206e+00,0.000000000000000000e+00
1.320764474646085374e+00,0.000000000000000000e+00
1.320764474646085374e+00,0.000000000000000000e+00
1.249477169366050022e+00,0.000000000000000000e+00
1.307354558762440888e+00,0.000000000000000000e+00
1.307354558762440888e+00,0.000000000000000000e+00
1.307354558762440888e+00,0.000000000000000000e+00
1.307354558762440888e+00,0.000000000000000000e+00
1.344517314572032163e+00,0.000000000000000000e+00
1.338068644637030680e+00,0.000000000000000000e+00
1.333620140467527637e+00,0.000000000000000000e+00
1.333620140467527637e+00,0.000000000000000000e+00
1.283259186238319582e+00,0.000000000000000000e+00
1.404838659270345014e+00,0.000000000000000000e+00
1.227478739566726818e+00,0.000000000000000000e+00
1.301732716090188369e+00,0.000000000000000000e+00
1.130705906185313525e+00,0.000000000000000000e+00
1.279950736616797702e+00,0.000000000000000000e+00
1.278301161697110944e+00,0.000000000000000000e+00
1.261023760767608026e+00,0.000000000000000000e+00
1.167463362140511052e+00,0.000000000000000000e+00
1.165344024522008359e+00,0.000000000000000000e+00
1.165344024522008359e+00,0.000000000000000000e+00
1.165344024522008359e+00,0.000000000000000000e+00
1.165344024522008359e+00,0.000000000000000000e+00
1.273207835897778750e+00,0.000000000000000000e+00
1.257204030831951425e+00,0.000000000000000000e+00
1.290982819597078279e+00,0.000000000000000000e+00
1.395757804942892921e+00,0.000000000000000000e+00
1.162876151303087857e+00,0.000000000000000000e+00
1.162876151303087857e+00,0.000000000000000000e+00
1.298547594861687138e+00,0.000000000000000000e+00
1.202021215766405859e+00,0.000000000000000000e+00
1.233029507564806115e+00,0.000000000000000000e+00
1.233029507564806115e+00,0.000000000000000000e+00
1.233029507564806115e+00,0.000000000000000000e+00
1.233029507564806115e+00,0.000000000000000000e+00
1.206779957059329389e+00,0.000000000000000000e+00
1.206779957059329389e+00,0.000000000000000000e+00
1.215561349368152966e+00,0.000000000000000000e+00
1.253918186109151511e+00,0.000000000000000000e+00
1.253918186109151511e+00,0.000000000000000000e+00
1.297893418232742624e+00,0.000000000000000000e+00
1.231169821490843308e+00,0.000000000000000000e+00
1.100937641741975614e+00,0.000000000000000000e+00
1.088817171508270398e+00,0.000000000000000000e+00
1.238321852066056827e+00,0.000000000000000000e+00
1.297448866891311559e+00,0.000000000000000000e+00
1.405500932983869022e+00,0.000000000000000000e+00
1.405500932983869022e+00,0.000000000000000000e+00
1.352101856307005967e+00,0.000000000000000000e+00
1.289978305279654514e+00,0.000000000000000000e+00
1.092584007092290088e+00,0.000000000000000000e+00
1.177455088831914409e+00,0.000000000000000000e+00
1.224828809069366198e+00,0.000000000000000000e+00
1.483333690317336195e+00,0.000000000000000000e+00
1.549546431736413155e+00,0.000000000000000000e+00
1.529565660173699326e+00,0.000000000000000000e+00
1.435887376021580453e+00,0.000000000000000000e+00
1.435887376021580453e+00,0.000000000000000000e+00
1.435887376021580453e+00,0.000000000000000000e+00
1.435887376021580453e+00,0.000000000000000000e+00
1.435887376021580453e+00,0.000000000000000000e+00
1.340079377395564153e+00,0.000000000000000000e+00
1.161573161594039671e+00,0.000000000000000000e+00
1.156958256000444329e+00,0.000000000000000000e+00
1.252575607295146831e+00,0.000000000000000000e+00
1.251912868658881184e+00,0.000000000000000000e+00
1.490548911937954246e+00,0.000000000000000000e+00
1.425255906844713039e+00,0.000000000000000000e+00
1.425632207451160260e+00,0.000000000000000000e+00
1.328667831108287345e+00,0.000000000000000000e+00
1.198742880496143304e+00,0.000000000000000000e+00
1.198742880496143304e+00,0.000000000000000000e+00
1.198056240093726910e+00,0.000000000000000000e+00
1.198056240093726910e+00,0.000000000000000000e+00
1.199353314947350091e+00,0.000000000000000000e+00
1.273162694719582211e+00,0.000000000000000000e+00
1.230514454001991220e+00,0.000000000000000000e+00
1.309524053760080076e+00,0.000000000000000000e+00
1.309524053760080076e+00,0.000000000000000000e+00
1.175435251140192650e+00,0.000000000000000000e+00
1.294355272194748219e+00,0.000000000000000000e+00
1.294355272194748219e+00,0.000000000000000000e+00
1.294355272194748219e+00,0.000000000000000000e+00
1.192130695397996654e+00,0.000000000000000000e+00
1.192130695397996654e+00,0.000000000000000000e+00
1.192130695397996654e+00,0.000000000000000000e+00
1.224920036041574178e+00,0.000000000000000000e+00
1.297249030930981872e+00,0.000000000000000000e+00
1.112692264606453652e+00,0.000000000000000000e+00
1.175611068988762664e+00,0.000000000000000000e+00
1.175611068988762664e+00,0.000000000000000000e+00
1.155331345863643611e+00,0.000000000000000000e+00
1.155331345863643611e+00,0.000000000000000000e+00
1.316046667930697689e+00,0.000000000000000000e+00
1.333651274348810478e+00,0.000000000000000000e+00
1.238635535904191176e+00,0.000000000000000000e+00
1.234796444432452844e+00,0.000000000000000000e+00
1.121300882360404927e+00,0.000000000000000000e+00
1.121300882360404927e+00,0.000000000000000000e+00
1.121300882360404927e+00,0.000000000000000000e+00
1.121300882360404927e+00,0.000000000000000000e+00
1.192068025390757180e+00,0.000000000000000000e+00
1.192068025390757180e+00,0.000000000000000000e+00
1.379858215589869763e+00,0.000000000000000000e+00
1.241282653789811619e+00,0.000000000000000000e+00
1.194212392203098716e+00,0.000000000000000000e+00
1.194212392203098716e+00,0.000000000000000000e+00
1.251384573441692849e+00,0.000000000000000000e+00
1.205891115727544483e+00,0.000000000000000000e+00
1.102724863593706361e+00,0.000000000000000000e+00
1.094836715435492103e+00,0.000000000000000000e+00
1.094836715435492103e+00,0.000000000000000000e+00
1.154683896627342277e+00,0.000000000000000000e+00
1.139056095619574105e+00,0.000000000000000000e+00
1.417404634669821695e+00,0.000000000000000000e+00
1.407388365361337046e+00,0.000000000000000000e+00
1.419523034598413780e+00,0.000000000000000000e+00
1.419523034598413780e+00,0.000000000000000000e+00
1.445054394125711461e+00,0.000000000000000000e+00
1.445054394125711461e+00,0.000000000000000000e+00
1.507829950130854746e+00,0.000000000000000000e+00
1.507829950130854746e+00,0.000000000000000000e+00
1.507829950130854746e+00,0.000000000000000000e+00
1.491654693974066692e+00,0.000000000000000000e+00
1.231671751868293363e+00,0.000000000000000000e+00
1.231671751868293363e+00,0.000000000000000000e+00
1.231671751868293363e+00,0.000000000000000000e+00
1.034338481890737294e+00,0.000000000000000000e+00
1.034338481890737294e+00,0.000000000000000000e+00
1.230940884125694801e+00,0.000000000000000000e+00
1.230940884125694801e+00,0.000000000000000000e+00
1.223022474600936826e+00,0.000000000000000000e+00
1.311733334916532101e+00,0.000000000000000000e+00
1.311733334916532101e+00,0.000000000000000000e+00
1.311733334916532101e+00,0.000000000000000000e+00
1.311733334916532101e+00,0.000000000000000000e+00
1.311733334916532101e+00,0.000000000000000000e+00
1.291904586943684707e+00,0.000000000000000000e+00
1.291904586943684707e+00,0.000000000000000000e+00
1.291904586943684707e+00,0.000000000000000000e+00
1.157238738029749081e+00,0.000000000000000000e+00
1.184239576899092317e+00,0.000000000000000000e+00
1.189844066015885993e+00,0.000000000000000000e+00
1.308554832356427999e+00,0.000000000000000000e+00
1.308554832356427999e+00,0.000000000000000000e+00
1.308554832356427999e+00,0.000000000000000000e+00
1.308554832356427999e+00,0.000000000000000000e+00
1.307629588803779885e+00,0.000000000000000000e+00
1.166190233619486261e+00,0.000000000000000000e+00
1.166190233619486261e+00,0.000000000000000000e+00
1.292560840943166367e+00,0.000000000000000000e+00
1.286254241097157802e+00,0.000000000000000000e+00
1.276224060367655788e+00,0.000000000000000000e+00
1.355984098142262839e+00,0.000000000000000000e+00
1.414753607753465703e+00,0.000000000000000000e+00
1.283245144819311623e+00,0.000000000000000000e+00
1.283245144819311623e+00,0.000000000000000000e+00
1.294333838213046262e+00,0.000000000000000000e+00
1.212402785240381808e+00,0.000000000000000000e+00
1.212402785240381808e+00,0.000000000000000000e+00
1.212402785240381808e+00,0.000000000000000000e+00
1.212402785240381808e+00,0.000000000000000000e+00
1.212402785240381808e+00,0.000000000000000000e+00
1.143667440511625610e+00,0.000000000000000000e+00
1.143667440511625610e+00,0.000000000000000000e+00
1.427744881683031819e+00,0.000000000000000000e+00
1.377314898555440648e+00,0.000000000000000000e+00
1.377314898555440648e+00,0.000000000000000000e+00
1.301718199517010621e+00,0.000000000000000000e+00
1.358083089935178567e+00,0.000000000000000000e+00
1.358083089935178567e+00,0.000000000000000000e+00
1.358083089935178567e+00,0.000000000000000000e+00
1.231357574204997807e+00,0.000000000000000000e+00
1.258342927521558519e+00,0.000000000000000000e+00
1.271101933227894110e+00,0.000000000000000000e+00
1.245338098247140479e+00,0.000000000000000000e+00
1.205924349092077019e+00,0.000000000000000000e+00
1.192484569736057320e+00,0.000000000000000000e+00
1.267947800001874681e+00,0.000000000000000000e+00
1.334834469186049422e+00,0.000000000000000000e+00
1.365077230799982555e+00,0.000000000000000000e+00
1.365077230799982555e+00,0.000000000000000000e+00
1.365077230799982555e+00,0.000000000000000000e+00
1.365077230799982555e+00,0.000000000000000000e+00
1.365077230799982555e+00,0.000000000000000000e+00
1.359824012886860389e+00,0.000000000000000000e+00
1.138158348617529736e+00,0.000000000000000000e+00
1.242398111105526004e+00,0.000000000000000000e+00
1.242398111105526004e+00,0.000000000000000000e+00
1.242398111105526004e+00,0.000000000000000000e+00
1.242398111105526004e+00,0.000000000000000000e+00
1.371450373417137492e+00,0.000000000000000000e+00
1.168812618071590981e+00,0.000000000000000000e+00
1.165715376923933899e+00,0.000000000000000000e+00
1.227564124440336801e+00,0.000000000000000000e+00
1.306503682492371254e+00,0.000000000000000000e+00
1.286377584641071214e+00,0.000000000000000000e+00
1.347554058141927857e+00,0.000000000000000000e+00
1.347554058141927857e+00,0.000000000000000000e+00
1.443789455463224014e+00,0.000000000000000000e+00
1.389763593849424383e+00,0.000000000000000000e+00
1.280934861635502964e+00,0.000000000000000000e+00
1.280934861635502964e+00,0.000000000000000000e+00
1.121526822761899300e+00,0.000000000000000000e+00
1.256500597324782253e+00,0.000000000000000000e+00
1.256500597324782253e+00,0.000000000000000000e+00
1.256500597324782253e+00,0.000000000000000000e+00
1.110294987823203350e+00,0.000000000000000000e+00
1.429400899501278577e+00,0.000000000000000000e+00
1.452445474262879177e+00,0.000000000000000000e+00
1.452445474262879177e+00,0.000000000000000000e+00
1.486181732956731283e+00,0.000000000000000000e+00
1.486181732956731283e+00,0.000000000000000000e+00
1.401215505438315745e+00,0.000000000000000000e+00
1.478089377758375011e+00,0.000000000000000000e+00
1.478089377758375011e+00,0.000000000000000000e+00
1.435542578126588475e+00,0.000000000000000000e+00
1.435542578126588475e+00,0.000000000000000000e+00
1.378930610479187191e+00,0.000000000000000000e+00
1.381777417311434553e+00,0.000000000000000000e+00
1.381777417311434553e+00,0.000000000000000000e+00
1.381777417311434553e+00,0.000000000000000000e+00
1.360915637750617302e+00,0.000000000000000000e+00
1.360915637750617302e+00,0.000000000000000000e+00
1.393939997098698536e+00,0.000000000000000000e+00
1.372112579452610559e+00,0.000000000000000000e+00
1.144320210941659477e+00,0.000000000000000000e+00
1.208548537078731444e+00,0.000000000000000000e+00
1.276740920157021897e+00,0.000000000000000000e+00
1.276740920157021897e+00,0.000000000000000000e+00
1.276740920157021897e+00,0.000000000000000000e+00
1.276740920157021897e+00,0.000000000000000000e+00
1.427170386550217440e+00,0.000000000000000000e+00
1.369995456286848823e+00,0.000000000000000000e+00
1.333973189343795829e+00,0.000000000000000000e+00
1.221951117150787081e+00,0.000000000000000000e+00
1.221951117150787081e+00,0.000000000000000000e+00
1.210558856896338353e+00,0.000000000000000000e+00
1.215847909342063993e+00,0.000000000000000000e+00
1.215847909342063993e+00,0.000000000000000000e+00
1.267889844240546182e+00,0.000000000000000000e+00
1.298332357340741261e+00,0.000000000000000000e+00
1.298332357340741261e+00,0.000000000000000000e+00
1.298332357340741261e+00,0.000000000000000000e+00
1.186536062380493028e+00,0.000000000000000000e+00
1.186536062380493028e+00,0.000000000000000000e+00
1.196483641696853395e+00,0.000000000000000000e+00
1.221067420384619684e+00,0.000000000000000000e+00
1.221067420384619684e+00,0.000000000000000000e+00
1.343825370709088141e+00,0.000000000000000000e+00
1.343825370709088141e+00,0.000000000000000000e+00
1.343825370709088141e+00,0.000000000000000000e+00
1.319563004602012146e+00,0.000000000000000000e+00
1.319563004602012146e+00,0.000000000000000000e+00
1.115857582840237283e+00,0.000000000000000000e+00
1.034584405513010452e+00,0.000000000000000000e+00
1.172082648372012148e+00,0.000000000000000000e+00
1.172082648372012148e+00,0.000000000000000000e+00
1.172082648372012148e+00,0.000000000000000000e+00
1.188775799301477365e+00,0.000000000000000000e+00
1.302248482295015775e+00,0.000000000000000000e+00
1.425592397753425278e+00,0.000000000000000000e+00
1.425592397753425278e+00,0.000000000000000000e+00
1.474098681976476088e+00,0.000000000000000000e+00
1.311371559995791358e+00,0.000000000000000000e+00
1.367791339723165356e+00,0.000000000000000000e+00
1.367791339723165356e+00,0.000000000000000000e+00
1.427806994058069767e+00,0.000000000000000000e+00
1.406642497951625881e+00,0.000000000000000000e+00
1.459918810866614125e+00,0.000000000000000000e+00
1.260601253324156179e+00,0.000000000000000000e+00
1.260601253324156179e+00,0.000000000000000000e+00
1.325644833327123795e+00,0.000000000000000000e+00
1.325644833327123795e+00,0.000000000000000000e+00
1.325644833327123795e+00,0.000000000000000000e+00
1.328154975660674753e+00,0.000000000000000000e+00
1.328154975660674753e+00,0.000000000000000000e+00
1.280174158957175345e+00,0.000000000000000000e+00
1.192538979209883276e+00,0.000000000000000000e+00
1.366289910342598279e+00,0.000000000000000000e+00
1.263081107570934947e+00,0.000000000000000000e+00
1.186964391820233722e+00,0.000000000000000000e+00
1.186964391820233722e+00,0.000000000000000000e+00
1.244562619777668466e+00,0.000000000000000000e+00
1.099257342938102733e+00,0.000000000000000000e+00
1.155113775731024139e+00,0.000000000000000000e+00
1.047547531200492710e+00,0.000000000000000000e+00
1.068836981597849567e+00,0.000000000000000000e+00
1.250585402312205163e+00,0.000000000000000000e+00
1.195059428711940708e+00,0.000000000000000000e+00
1.195059428711940708e+00,0.000000000000000000e+00
1.284271784141228556e+00,0.000000000000000000e+00
1.284271784141228556e+00,0.000000000000000000e+00
1.214680543235558074e+00,0.000000000000000000e+00
1.030963189519986889e+00,0.000000000000000000e+00
9.045671055065843680e-01,0.000000000000000000e+00
1.024550862954003660e+00,0.000000000000000000e+00
9.968667877636741004e-01,0.000000000000000000e+00
9.950991974800111883e-01,0.000000000000000000e+00
1.102830808767643944e+00,0.000000000000000000e+00
1.103865002334806444e+00,0.000000000000000000e+00
1.246010626042075131e+00,0.000000000000000000e+00
1.291598867154137853e+00,0.000000000000000000e+00
1.291598867154137853e+00,0.000000000000000000e+00
1.504172518013905391e+00,0.000000000000000000e+00
1.504172518013905391e+00,0.000000000000000000e+00
1.438054593249443291e+00,0.000000000000000000e+00
1.438054593249443291e+00,0.000000000000000000e+00
1.225065712875943902e+00,0.000000000000000000e+00
1.225065712875943902e+00,0.000000000000000000e+00
1.123676668442946003e+00,0.000000000000000000e+00
1.174389618123123258e+00,0.000000000000000000e+00
1.150841310205676260e+00,0.000000000000000000e+00
1.316658781399432376e+00,0.000000000000000000e+00
1.481386314368408952e+00,0.000000000000000000e+00
1.481386314368408952e+00,0.000000000000000000e+00
1.485965447471887968e+00,0.000000000000000000e+00
1.485965447471887968e+00,0.000000000000000000e+00
1.485965447471887968e+00,0.000000000000000000e+00
1.485965447471887968e+00,0.000000000000000000e+00
1.485965447471887968e+00,0.000000000000000000e+00
1.400352670622767359e+00,0.000000000000000000e+00
1.200286663007853694e+00,0.000000000000000000e+00
1.200286663007853694e+00,0.000000000000000000e+00
1.200286663007853694e+00,0.000000000000000000e+00
1.181290151856752235e+00,0.000000000000000000e+00
1.181290151856752235e+00,0.000000000000000000e+00
1.181290151856752235e+00,0.000000000000000000e+00
1.181290151856752235e+00,0.000000000000000000e+00
1.170202028258779947e+00,0.000000000000000000e+00
1.170202028258779947e+00,0.000000000000000000e+00
1.170202028258779947e+00,0.000000000000000000e+00
1.138080797394182442e+00,0.000000000000000000e+00
1.342726695144168314e+00,0.000000000000000000e+00
1.342726695144168314e+00,0.000000000000000000e+00
1.105567160141573524e+00,0.000000000000000000e+00
1.105567160141573524e+00,0.000000000000000000e+00
1.043125916253995866e+00,0.000000000000000000e+00
1.043125916253995866e+00,0.000000000000000000e+00
1.043125916253995866e+00,0.000000000000000000e+00
8.882880639910935017e-01,0.000000000000000000e+00
8.882880639910935017e-01,0.000000000000000000e+00
1.054609353274267525e+00,0.000000000000000000e+00
1.054609353274267525e+00,0.000000000000000000e+00
1.145556957716455715e+00,0.000000000000000000e+00
1.165185184508587435e+00,0.000000000000000000e+00
1.165185184508587435e+00,0.000000000000000000e+00
1.165185184508587435e+00,0.000000000000000000e+00
1.262599142244547501e+00,0.000000000000000000e+00
1.262599142244547501e+00,0.000000000000000000e+00
1.262599142244547501e+00,0.000000000000000000e+00
1.366845447721450668e+00,0.000000000000000000e+00
1.366845447721450668e+00,0.000000000000000000e+00
1.161924035129974886e+00,0.000000000000000000e+00
1.161924035129974886e+00,0.000000000000000000e+00
1.161924035129974886e+00,0.000000000000000000e+00
1.228270468083094036e+00,0.000000000000000000e+00
1.208708226002199515e+00,0.000000000000000000e+00
1.258817536641817947e+00,0.000000000000000000e+00
1.284582837378106079e+00,0.000000000000000000e+00
1.405993387232597147e+00,0.000000000000000000e+00
1.273086346256097290e+00,0.000000000000000000e+00
1.407969509639105388e+00,0.000000000000000000e+00
1.444428284309667410e+00,0.000000000000000000e+00
1.286365221648396506e+00,0.000000000000000000e+00
1.112095999509139510e+00,0.000000000000000000e+00
1.053090413746831544e+00,0.000000000000000000e+00
1.013522869842825802e+00,0.000000000000000000e+00
1.013522869842825802e+00,0.000000000000000000e+00
1.213055207614235131e+00,0.000000000000000000e+00
1.213055207614235131e+00,0.000000000000000000e+00
1.196607439055145328e+00,0.000000000000000000e+00
1.196607439055145328e+00,0.000000000000000000e+00
1.176863318592614949e+00,0.000000000000000000e+00
1.176863318592614949e+00,0.000000000000000000e+00
1.195399713058135971e+00,0.000000000000000000e+00
1.195399713058135971e+00,0.000000000000000000e+00
1.195399713058135971e+00,0.000000000000000000e+00
1.195399713058135971e+00,0.000000000000000000e+00
1.085859483006651915e+00,0.000000000000000000e+00
1.245533551146884799e+00,0.000000000000000000e+00
1.316522671466335170e+00,0.000000000000000000e+00
1.307235797066230720e+00,0.000000000000000000e+00
1.307235797066230720e+00,0.000000000000000000e+00
1.214466695046453992e+00,0.000000000000000000e+00
1.214466695046453992e+00,0.000000000000000000e+00
1.026347032304325113e+00,0.000000000000000000e+00
1.035842095606263502e+00,0.000000000000000000e+00
1.084895893984732629e+00,0.000000000000000000e+00
1.277227405112950631e+00,0.000000000000000000e+00
1.139984282122048942e+00,0.000000000000000000e+00
1.408129247647186721e+00,0.000000000000000000e+00
1.272380954803740138e+00,0.000000000000000000e+00
1.236691962465558126e+00,0.000000000000000000e+00
1.222662208820341601e+00,0.000000000000000000e+00
1.222662208820341601e+00,0.000000000000000000e+00
1.222662208820341601e+00,0.000000000000000000e+00
1.108394212358469577e+00,0.000000000000000000e+00
1.159410193184196469e+00,0.000000000000000000e+00
1.286471002314164558e+00,0.000000000000000000e+00
1.261721522495755199e+00,0.000000000000000000e+00
1.399345775964591532e+00,0.000000000000000000e+00
1.399345775964591532e+00,0.000000000000000000e+00
1.403689507874795295e+00,0.000000000000000000e+00
1.403689507874795295e+00,0.000000000000000000e+00
1.403689507874795295e+00,0.000000000000000000e+00
1.403689507874795295e+00,0.000000000000000000e+00
1.323719541797568677e+00,0.000000000000000000e+00
1.199300005773391575e+00,0.000000000000000000e+00
1.199300005773391575e+00,0.000000000000000000e+00
1.199300005773391575e+00,0.000000000000000000e+00
1.156631769624791639e+00,0.000000000000000000e+00
1.262629983117572907e+00,0.000000000000000000e+00
1.262629983117572907e+00,0.000000000000000000e+00
1.235798483942017523e+00,0.000000000000000000e+00
1.235798483942017523e+00,0.000000000000000000e+00
1.214373294873493991e+00,0.000000000000000000e+00
1.329972682291040265e+00,0.000000000000000000e+00
1.296144899309653153e+00,0.000000000000000000e+00
1.296144899309653153e+00,0.000000000000000000e+00
1.296144899309653153e+00,0.000000000000000000e+00
1.354261751156834226e+00,0.000000000000000000e+00
1.151112933809445016e+00,0.000000000000000000e+00
1.282709691028061760e+00,0.000000000000000000e+00
1.282709691028061760e+00,0.000000000000000000e+00
1.282709691028061760e+00,0.000000000000000000e+00
1.519410997273134445e+00,0.000000000000000000e+00
1.519410997273134445e+00,0.000000000000000000e+00
1.401345897588875289e+00,0.000000000000000000e+00
1.247809247492774887e+00,0.000000000000000000e+00
1.247809247492774887e+00,0.000000000000000000e+00
1.247809247492774887e+00,0.000000000000000000e+00
1.204058739095387853e+00,0.000000000000000000e+00
1.204058739095387853e+00,0.000000000000000000e+00
1.320042449741261059e+00,0.000000000000000000e+00
1.320042449741261059e+00,0.000000000000000000e+00
1.320042449741261059e+00,0.000000000000000000e+00
1.120579114848516245e+00,0.000000000000000000e+00
1.120579114848516245e+00,0.000000000000000000e+00
1.136789279082179860e+00,0.000000000000000000e+00
1.136789279082179860e+00,0.000000000000000000e+00
1.136789279082179860e+00,0.000000000000000000e+00
1.136789279082179860e+00,0.000000000000000000e+00
1.136789279082179860e+00,0.000000000000000000e+00
1.137527014012609028e+00,0.000000000000000000e+00
1.137527014012609028e+00,0.000000000000000000e+00
1.298582182235701765e+00,0.000000000000000000e+00
1.269994238415447230e+00,0.000000000000000000e+00
1.269994238415447230e+00,0.000000000000000000e+00
1.264993930375313491e+00,0.000000000000000000e+00
1.260196116707475333e+00,0.000000000000000000e+00
1.280742364939437383e+00,0.000000000000000000e+00
1.123038959202219411e+00,0.000000000000000000e+00
1.072232927611632469e+00,0.000000000000000000e+00
1.072232927611632469e+00,0.000000000000000000e+00
1.072232927611632469e+00,0.000000000000000000e+00
1.094615748700014990e+00,0.000000000000000000e+00
1.106489984301460394e+00,0.000000000000000000e+00
1.106489984301460394e+00,0.000000000000000000e+00
1.225087161144912340e+00,0.000000000000000000e+00
1.240876682357357819e+00,0.000000000000000000e+00
1.351935971632136191e+00,0.000000000000000000e+00
1.351935971632136191e+00,0.000000000000000000e+00
1.424208832864416241e+00,0.000000000000000000e+00
1.424208832864416241e+00,0.000000000000000000e+00
1.429485804597255605e+00,0.000000000000000000e+00
1.334950691958363134e+00,0.000000000000000000e+00
1.407636075923252683e+00,0.000000000000000000e+00
1.279736856360717434e+00,0.000000000000000000e+00
1.469617370918544275e+00,0.000000000000000000e+00
1.469617370918544275e+00,0.000000000000000000e+00
1.469617370918544275e+00,0.000000000000000000e+00
1.367268491007940678e+00,0.000000000000000000e+00
1.248671390528625746e+00,0.000000000000000000e+00
1.248671390528625746e+00,0.000000000000000000e+00
1.023098788859353236e+00,0.000000000000000000e+00
1.023098788859353236e+00,0.000000000000000000e+00
9.599142491520878950e-01,0.000000000000000000e+00
9.988225617596889760e-01,0.000000000000000000e+00
9.988225617596889760e-01,0.000000000000000000e+00
1.168430753238593578e+00,0.000000000000000000e+00
1.168430753238593578e+00,0.000000000000000000e+00
1.297841943065414672e+00,0.000000000000000000e+00
1.297841943065414672e+00,0.000000000000000000e+00
1.297841943065414672e+00,0.000000000000000000e+00
1.189804678752206302e+00,0.000000000000000000e+00
1.189804678752206302e+00,0.000000000000000000e+00
1.189804678752206302e+00,0.000000000000000000e+00
1.189804678752206302e+00,0.000000000000000000e+00
1.203704406975208085e+00,0.000000000000000000e+00
1.101877055352274093e+00,0.000000000000000000e+00
1.101877055352274093e+00,0.000000000000000000e+00
1.143125982006021113e+00,0.000000000000000000e+00
1.143125982006021113e+00,0.000000000000000000e+00
9.334168159670417353e-01,0.000000000000000000e+00
9.334168159670417353e-01,0.000000000000000000e+00
9.334168159670417353e-01,0.000000000000000000e+00
9.786917483173552812e-01,0.000000000000000000e+00
9.786917483173552812e-01,0.000000000000000000e+00
9.786917483173552812e-01,0.000000000000000000e+00
9.786917483173552812e-01,0.000000000000000000e+00
1.135613456414642064e+00,0.000000000000000000e+00
1.228798592372609466e+00,0.000000000000000000e+00
1.120378862286261601e+00,0.000000000000000000e+00
1.124786956936363991e+00,0.000000000000000000e+00
1.124786956936363991e+00,0.000000000000000000e+00
1.117534674935648953e+00,0.000000000000000000e+00
1.411025615741985151e+00,0.000000000000000000e+00
1.411025615741985151e+00,0.000000000000000000e+00
1.411025615741985151e+00,0.000000000000000000e+00
1.309796224224204053e+00,0.000000000000000000e+00
1.219757206723180554e+00,0.000000000000000000e+00
1.219757206723180554e+00,0.000000000000000000e+00
1.148222366115636106e+00,0.000000000000000000e+00
1.272041988904277776e+00,0.000000000000000000e+00
1.252987853484883729e+00,0.000000000000000000e+00
1.252987853484883729e+00,0.000000000000000000e+00
1.101033126028259090e+00,0.000000000000000000e+00
1.145132371961755657e+00,0.000000000000000000e+00
1.186128844199301868e+00,0.000000000000000000e+00
1.186128844199301868e+00,0.000000000000000000e+00
1.186128844199301868e+00,0.000000000000000000e+00
1.349390368824429309e+00,0.000000000000000000e+00
1.159172903318017811e+00,0.000000000000000000e+00
1.190503659456894070e+00,0.000000000000000000e+00
1.345990250115469467e+00,0.000000000000000000e+00
1.387924334740612275e+00,0.000000000000000000e+00
1.387924334740612275e+00,0.000000000000000000e+00
1.065091454563034779e+00,0.000000000000000000e+00
1.213567883192140817e+00,0.000000000000000000e+00
1.213567883192140817e+00,0.000000000000000000e+00
1.327234058690578200e+00,0.000000000000000000e+00
1.327234058690578200e+00,0.000000000000000000e+00
1.327234058690578200e+00,0.000000000000000000e+00
1.297169832800144640e+00,0.000000000000000000e+00
1.297169832800144640e+00,0.000000000000000000e+00
1.297169832800144640e+00,0.000000000000000000e+00
1.219935666190703705e+00,0.000000000000000000e+00
1.338292693751693685e+00,0.000000000000000000e+00
1.338292693751693685e+00,0.000000000000000000e+00
1.380598437764329889e+00,0.000000000000000000e+00
1.380598437764329889e+00,0.000000000000000000e+00
1.374602024838059933e+00,0.000000000000000000e+00
1.202101688130670976e+00,0.000000000000000000e+00
1.254938964758958830e+00,0.000000000000000000e+00
1.252006244995411466e+00,0.000000000000000000e+00
1.252006244995411466e+00,0.000000000000000000e+00
1.318296941072324868e+00,0.000000000000000000e+00
1.235147143442130613e+00,0.000000000000000000e+00
1.222950905832399293e+00,0.000000000000000000e+00
1.234645366497564289e+00,0.000000000000000000e+00
1.234645366497564289e+00,0.000000000000000000e+00
1.338108384582079369e+00,0.000000000000000000e+00
1.338108384582079369e+00,0.000000000000000000e+00
1.346080210832554247e+00,0.000000000000000000e+00
1.192500878953260290e+00,0.000000000000000000e+00
1.175966934325162416e+00,0.000000000000000000e+00
1.085897341350871459e+00,0.000000000000000000e+00
1.111276231731052722e+00,0.000000000000000000e+00
1.162701362028838226e+00,0.000000000000000000e+00
1.162701362028838226e+00,0.000000000000000000e+00
1.364589678468044687e+00,0.000000000000000000e+00
1.173331016702607865e+00,0.000000000000000000e+00
1.236748526840325546e+00,0.000000000000000000e+00
1.236748526840325546e+00,0.000000000000000000e+00
1.236748526840325546e+00,0.000000000000000000e+00
1.236748526840325546e+00,0.000000000000000000e+00
1.365465513650761409e+00,0.000000000000000000e+00
1.365465513650761409e+00,0.000000000000000000e+00
1.243574947302118261e+00,0.000000000000000000e+00
1.233754670338779169e+00,0.000000000000000000e+00
1.233754670338779169e+00,0.000000000000000000e+00
1.223139128738196080e+00,0.000000000000000000e+00
1.314615807599793573e+00,0.000000000000000000e+00
1.457048763607883934e+00,0.000000000000000000e+00
1.525315509239887346e+00,0.000000000000000000e+00
1.418695182428374668e+00,0.000000000000000000e+00
1.246244751372878046e+00,0.000000000000000000e+00
1.246244751372878046e+00,0.000000000000000000e+00
1.171151050951821482e+00,0.000000000000000000e+00
1.171151050951821482e+00,0.000000000000000000e+00
1.034444903522582226e+00,0.000000000000000000e+00
1.144392151829411119e+00,0.000000000000000000e+00
1.144392151829411119e+00,0.000000000000000000e+00
1.144392151829411119e+00,0.000000000000000000e+00
1.144392151829411119e+00,0.000000000000000000e+00
1.225728824343613521e+00,0.000000000000000000e+00
1.271385160651977930e+00,0.000000000000000000e+00
1.271385160651977930e+00,0.000000000000000000e+00
1.163462625251217908e+00,0.000000000000000000e+00
1.025344763744889809e+00,0.000000000000000000e+00
1.210876320932313011e+00,0.000000000000000000e+00
1.326250227751234467e+00,0.000000000000000000e+00
1.326250227751234467e+00,0.000000000000000000e+00
1.347270451543129743e+00,0.000000000000000000e+00
1.347270451543129743e+00,0.000000000000000000e+00
1.347270451543129743e+00,0.000000000000000000e+00
1.381836246549171587e+00,0.000000000000000000e+00
1.381836246549171587e+00,0.000000000000000000e+00
1.215306099354843461e+00,0.000000000000000000e+00
1.283232454284534141e+00,0.000000000000000000e+00
1.364620962186500197e+00,0.000000000000000000e+00
1.441735523255483375e+00,0.000000000000000000e+00
1.370842016314306244e+00,0.000000000000000000e+00
1.370842016314306244e+00,0.000000000000000000e+00
1.370842016314306244e+00,0.000000000000000000e+00
1.143833155029668536e+00,0.000000000000000000e+00
1.109484505766342721e+00,0.000000000000000000e+00
1.070937525108824229e+00,0.000000000000000000e+00
1.270625133381332983e+00,0.000000000000000000e+00
1.442022786514777444e+00,0.000000000000000000e+00
1.208661910249724025e+00,0.000000000000000000e+00
1.208661910249724025e+00,0.000000000000000000e+00
1.318801152538748411e+00,0.000000000000000000e+00
1.180948415779777605e+00,0.000000000000000000e+00
1.190052802671787591e+00,0.000000000000000000e+00
1.401753846972108253e+00,0.000000000000000000e+00
1.215396906338996885e+00,0.000000000000000000e+00
1.215396906338996885e+00,0.000000000000000000e+00
1.171591585556434501e+00,0.000000000000000000e+00
1.260192481040462331e+00,0.000000000000000000e+00
1.181052077529670896e+00,0.000000000000000000e+00
1.181052077529670896e+00,0.000000000000000000e+00
1.202824857973278538e+00,0.000000000000000000e+00
1.202824857973278538e+00,0.000000000000000000e+00
1.202824857973278538e+00,0.000000000000000000e+00
1.202824857973278538e+00,0.000000000000000000e+00
1.202824857973278538e+00,0.000000000000000000e+00
1.110366038207046824e+00,0.000000000000000000e+00
1.169296211948374298e+00,0.000000000000000000e+00
1.105302866462258837e+00,0.000000000000000000e+00
1.105302866462258837e+00,0.000000000000000000e+00
1.332590332929646459e+00,0.000000000000000000e+00
1.224841085659270190e+00,0.000000000000000000e+00
1.256687172022795229e+00,0.000000000000000000e+00
1.256687172022795229e+00,0.000000000000000000e+00
1.379632029118165848e+00,0.000000000000000000e+00
1.271398917625909730e+00,0.000000000000000000e+00
1.218844331487002774e+00,0.000000000000000000e+00
1.166101207385404681e+00,0.000000000000000000e+00
1.166101207385404681e+00,0.000000000000000000e+00
1.226654842978004201e+00,0.000000000000000000e+00
1.133813291836138104e+00,0.000000000000000000e+00
1.133813291836138104e+00,0.000000000000000000e+00
1.180740243871402084e+00,0.000000000000000000e+00
1.383435523982193605e+00,0.000000000000000000e+00
1.383435523982193605e+00,0.000000000000000000e+00
1.352451629544653589e+00,0.000000000000000000e+00
1.352451629544653589e+00,0.000000000000000000e+00
1.347997629280817788e+00,0.000000000000000000e+00
1.165735594957476140e+00,0.000000000000000000e+00
1.387257801149013980e+00,0.000000000000000000e+00
1.387257801149013980e+00,0.000000000000000000e+00
1.387257801149013980e+00,0.000000000000000000e+00
1.387257801149013980e+00,0.000000000000000000e+00
1.387257801149013980e+00,0.000000000000000000e+00
1.387257801149013980e+00,0.000000000000000000e+00
1.245973025877848528e+00,0.000000000000000000e+00
1.168612286000416001e+00,0.000000000000000000e+00
1.319572957077337128e+00,0.000000000000000000e+00
1.191816990255984532e+00,0.000000000000000000e+00
1.103986603043840553e+00,0.000000000000000000e+00
1.200009129806519192e+00,0.000000000000000000e+00
1.092452299616279321e+00,0.000000000000000000e+00
1.018226044488074633e+00,0.000000000000000000e+00
1.098366771313412871e+00,0.000000000000000000e+00
1.098366771313412871e+00,0.000000000000000000e+00
1.370009126959482515e+00,0.000000000000000000e+00
1.253742131052898445e+00,0.000000000000000000e+00
1.108305353188017595e+00,0.000000000000000000e+00
1.106292419269172989e+00,0.000000000000000000e+00
1.106292419269172989e+00,0.000000000000000000e+00
1.127541553272905173e+00,0.000000000000000000e+00
1.234813568478811741e+00,0.000000000000000000e+00
1.160024041811572149e+00,0.000000000000000000e+00
1.160024041811572149e+00,0.000000000000000000e+00
1.063688062835484116e+00,0.000000000000000000e+00
1.187338715970382097e+00,0.000000000000000000e+00
1.187338715970382097e+00,0.000000000000000000e+00
1.249903395610650447e+00,0.000000000000000000e+00
1.406156571511911757e+00,0.000000000000000000e+00
1.417447139956062863e+00,0.000000000000000000e+00
1.422897159333767592e+00,0.000000000000000000e+00
1.422897159333767592e+00,0.000000000000000000e+00
1.422897159333767592e+00,0.000000000000000000e+00
1.422897159333767592e+00,0.000000000000000000e+00
1.392758952507916259e+00,0.000000000000000000e+00
1.397087582109633574e+00,0.000000000000000000e+00
1.249275900847499177e+00,0.000000000000000000e+00
1.197661250890811324e+00,0.000000000000000000e+00
1.264588180485132218e+00,0.000000000000000000e+00
1.380060412843636231e+00,0.000000000000000000e+00
1.195081916488909268e+00,0.000000000000000000e+00
1.195081916488909268e+00,0.000000000000000000e+00
1.171711313917572772e+00,0.000000000000000000e+00
1.277871598663450126e+00,0.000000000000000000e+00
1.289049307948696432e+00,0.000000000000000000e+00
1.289049307948696432e+00,0.000000000000000000e+00
1.272645392132881081e+00,0.000000000000000000e+00
1.196739631770270318e+00,0.000000000000000000e+00
1.196739631770270318e+00,0.000000000000000000e+00
1.196739631770270318e+00,0.000000000000000000e+00
1.313808016276663659e+00,0.000000000000000000e+00
1.313808016276663659e+00,0.000000000000000000e+00
1.313808016276663659e+00,0.000000000000000000e+00
1.163793113686682590e+00,0.000000000000000000e+00
1.191024266398476028e+00,0.000000000000000000e+00
1.364615993782419157e+00,0.000000000000000000e+00
1.122669212078625023e+00,0.000000000000000000e+00
1.201955080476509119e+00,0.000000000000000000e+00
1.134014179327778260e+00,0.000000000000000000e+00
1.134014179327778260e+00,0.000000000000000000e+00
1.043412332515686547e+00,0.000000000000000000e+00
1.043412332515686547e+00,0.000000000000000000e+00
1.150420437165712517e+00,0.000000000000000000e+00
1.150420437165712517e+00,0.000000000000000000e+00
1.235677472160944257e+00,0.000000000000000000e+00
1.523826430596999515e+00,0.000000000000000000e+00
1.523826430596999515e+00,0.000000000000000000e+00
1.460828954136875968e+00,0.000000000000000000e+00
1.460828954136875968e+00,0.000000000000000000e+00
1.400320730948616532e+00,0.000000000000000000e+00
1.315114675273925782e+00,0.000000000000000000e+00
1.315114675273925782e+00,0.000000000000000000e+00
1.335112931949281156e+00,0.000000000000000000e+00
1.335112931949281156e+00,0.000000000000000000e+00
1.156795325158383347e+00,0.000000000000000000e+00
1.156795325158383347e+00,0.000000000000000000e+00
1.342172024599287861e+00,0.000000000000000000e+00
1.484286229660460643e+00,0.000000000000000000e+00
1.484286229660460643e+00,0.000000000000000000e+00
1.501131026106367505e+00,0.000000000000000000e+00
1.416660608177796377e+00,0.000000000000000000e+00
1.418091297829077391e+00,0.000000000000000000e+00
1.443053235072312201e+00,0.000000000000000000e+00
1.282898828012265957e+00,0.000000000000000000e+00
1.282898828012265957e+00,0.000000000000000000e+00
1.282898828012265957e+00,0.000000000000000000e+00
1.282898828012265957e+00,0.000000000000000000e+00
1.282898828012265957e+00,0.000000000000000000e+00
1.282898828012265957e+00,0.000000000000000000e+00
1.282898828012265957e+00,0.000000000000000000e+00
1.383010385095601924e+00,0.000000000000000000e+00
1.383010385095601924e+00,0.000000000000000000e+00
1.383010385095601924e+00,0.000000000000000000e+00
1.488241953468592227e+00,0.000000000000000000e+00
1.488241953468592227e+00,0.000000000000000000e+00
1.448255622830252776e+00,0.000000000000000000e+00
1.448255622830252776e+00,0.000000000000000000e+00
1.435791575916308016e+00,0.000000000000000000e+00
1.435791575916308016e+00,0.000000000000000000e+00
1.445144055725425147e+00,0.000000000000000000e+00
1.289466229457630231e+00,0.000000000000000000e+00
1.289466229457630231e+00,0.000000000000000000e+00
1.202167349085784487e+00,0.000000000000000000e+00
1.202167349085784487e+00,0.000000000000000000e+00
1.137154734754786123e+00,0.000000000000000000e+00
1.128675957563850973e+00,0.000000000000000000e+00
1.184454563372281166e+00,0.000000000000000000e+00
1.285359639331763670e+00,0.000000000000000000e+00
1.285359639331763670e+00,0.000000000000000000e+00
1.317702855622596037e+00,0.000000000000000000e+00
1.317702855622596037e+00,0.000000000000000000e+00
1.256310142254684292e+00,0.000000000000000000e+00
1.256310142254684292e+00,0.000000000000000000e+00
1.256310142254684292e+00,0.000000000000000000e+00
1.103830763954791072e+00,0.000000000000000000e+00
1.317219840837599021e+00,0.000000000000000000e+00
1.309825804981435526e+00,0.000000000000000000e+00
1.309825804981435526e+00,0.000000000000000000e+00
1.338148548409989536e+00,0.000000000000000000e+00
1.198712496710932385e+00,0.000000000000000000e+00
1.469391535305375251e+00,0.000000000000000000e+00
1.469391535305375251e+00,0.000000000000000000e+00
1.225661659054929409e+00,0.000000000000000000e+00
1.225661659054929409e+00,0.000000000000000000e+00
1.225661659054929409e+00,0.000000000000000000e+00
1.303246166386214266e+00,0.000000000000000000e+00
1.303246166386214266e+00,0.000000000000000000e+00
1.298219339894287616e+00,0.000000000000000000e+00
1.158610316711759403e+00,0.000000000000000000e+00
1.158610316711759403e+00,0.000000000000000000e+00
1.387294215376940754e+00,0.000000000000000000e+00
1.411558905525229779e+00,0.000000000000000000e+00
1.243571398749356183e+00,0.000000000000000000e+00
1.224726292310223119e+00,0.000000000000000000e+00
1.224726292310223119e+00,0.000000000000000000e+00
1.224726292310223119e+00,0.000000000000000000e+00
1.224726292310223119e+00,0.000000000000000000e+00
1.224726292310223119e+00,0.000000000000000000e+00
1.453089192963280984e+00,0.000000000000000000e+00
1.453089192963280984e+00,0.000000000000000000e+00
1.290478683764144430e+00,0.000000000000000000e+00
1.290478683764144430e+00,0.000000000000000000e+00
1.320741256568623179e+00,0.000000000000000000e+00
1.320741256568623179e+00,0.000000000000000000e+00
1.320741256568623179e+00,0.000000000000000000e+00
1.332985531627816078e+00,0.000000000000000000e+00
1.332985531627816078e+00,0.000000000000000000e+00
1.394816180013264129e+00,0.000000000000000000e+00
1.394816180013264129e+00,0.000000000000000000e+00
1.332326763929619906e+00,0.000000000000000000e+00
1.101499823108785581e+00,0.000000000000000000e+00
1.101499823108785581e+00,0.000000000000000000e+00
1.113104054426539147e+00,0.000000000000000000e+00
1.203534865754723349e+00,0.000000000000000000e+00
1.203534865754723349e+00,0.000000000000000000e+00
1.203534865754723349e+00,0.000000000000000000e+00
1.325883326461998912e+00,0.000000000000000000e+00
1.274043844213609056e+00,0.000000000000000000e+00
1.200001173750645078e+00,0.000000000000000000e+00
1.231399015586072343e+00,0.000000000000000000e+00
1.231399015586072343e+00,0.000000000000000000e+00
1.231399015586072343e+00,0.000000000000000000e+00
1.351662902038421876e+00,0.000000000000000000e+00
1.408737695217672670e+00,0.000000000000000000e+00
1.356971897556541684e+00,0.000000000000000000e+00
1.356971897556541684e+00,0.000000000000000000e+00
1.356971897556541684e+00,0.000000000000000000e+00
1.554515639986433717e+00,0.000000000000000000e+00
1.554515639986433717e+00,0.000000000000000000e+00
1.460028691006361123e+00,0.000000000000000000e+00
1.460028691006361123e+00,0.000000000000000000e+00
1.460028691006361123e+00,0.000000000000000000e+00
1.460028691006361123e+00,0.000000000000000000e+00
1.374490552509751717e+00,0.000000000000000000e+00
1.252188283086538734e+00,0.000000000000000000e+00
1.304827375704705306e+00,0.000000000000000000e+00
1.304827375704705306e+00,0.000000000000000000e+00
1.352256372376798410e+00,0.000000000000000000e+00
1.352256372376798410e+00,0.000000000000000000e+00
1.271303958466379891e+00,0.000000000000000000e+00
1.086371230396148357e+00,0.000000000000000000e+00
1.086371230396148357e+00,0.000000000000000000e+00
1.246801008754947260e+00,0.000000000000000000e+00
1.246801008754947260e+00,0.000000000000000000e+00
1.180863450953729910e+00,0.000000000000000000e+00
1.180863450953729910e+00,0.000000000000000000e+00
1.180863450953729910e+00,0.000000000000000000e+00
1.327477729150576380e+00,0.000000000000000000e+00
1.336207707329075456e+00,0.000000000000000000e+00
1.194938718395656574e+00,0.000000000000000000e+00
1.194938718395656574e+00,0.000000000000000000e+00
1.012432379032454755e+00,0.000000000000000000e+00
1.012432379032454755e+00,0.000000000000000000e+00
1.012432379032454755e+00,0.000000000000000000e+00
1.061597775678097655e+00,0.000000000000000000e+00
1.131446300300783969e+00,0.000000000000000000e+00
1.117044936328150939e+00,0.000000000000000000e+00
1.188240720565798103e+00,0.000000000000000000e+00
1.351821176277083980e+00,0.000000000000000000e+00
1.351821176277083980e+00,0.000000000000000000e+00
1.369300966612311043e+00,0.000000000000000000e+00
1.268670187173853492e+00,0.000000000000000000e+00
1.271993636401204997e+00,0.000000000000000000e+00
1.292379208937439294e+00,0.000000000000000000e+00
1.292379208937439294e+00,0.000000000000000000e+00
1.388854146802736667e+00,0.000000000000000000e+00
1.388854146802736667e+00,0.000000000000000000e+00
1.388854146802736667e+00,0.000000000000000000e+00
1.380838247820183273e+00,0.000000000000000000e+00
1.380838247820183273e+00,0.000000000000000000e+00
1.178783401951004173e+00,0.000000000000000000e+00
1.178783401951004173e+00,0.000000000000000000e+00
1.168861242812224255e+00,0.000000000000000000e+00
1.358873793133373420e+00,0.000000000000000000e+00
1.318699094870780852e+00,0.000000000000000000e+00
1.318699094870780852e+00,0.000000000000000000e+00
1.366239859105649490e+00,0.000000000000000000e+00
1.366239859105649490e+00,0.000000000000000000e+00
1.389529801251981223e+00,0.000000000000000000e+00
1.389529801251981223e+00,0.000000000000000000e+00
1.244231994730348179e+00,0.000000000000000000e+00
1.175134475557366498e+00,0.000000000000000000e+00
1.175134475557366498e+00,0.000000000000000000e+00
1.118886403872551227e+00,0.000000000000000000e+00
1.118886403872551227e+00,0.000000000000000000e+00
1.128773099592125906e+00,0.000000000000000000e+00
1.128773099592125906e+00,0.000000000000000000e+00
1.128773099592125906e+00,0.000000000000000000e+00
1.114462776803441635e+00,0.000000000000000000e+00
1.114462776803441635e+00,0.000000000000000000e+00
1.262194494366731146e+00,0.000000000000000000e+00
1.210625101768490586e+00,0.000000000000000000e+00
1.299865373540830760e+00,0.000000000000000000e+00
1.310300336936925714e+00,0.000000000000000000e+00
1.178118032294766415e+00,0.000000000000000000e+00
1.242292070597670994e+00,0.000000000000000000e+00
1.251246767953025030e+00,0.000000000000000000e+00
1.400374343408471001e+00,0.000000000000000000e+00
1.330701433047726701e+00,0.000000000000000000e+00
1.274604912705377124e+00,0.000000000000000000e+00
1.174066187099578995e+00,0.000000000000000000e+00
1.174066187099578995e+00,0.000000000000000000e+00
1.174066187099578995e+00,0.000000000000000000e+00
1.156996052660940189e+00,0.000000000000000000e+00
1.228208935738382745e+00,0.000000000000000000e+00
1.384117055054814305e+00,0.000000000000000000e+00
1.451566574092190365e+00,0.000000000000000000e+00
1.432665500246958601e+00,0.000000000000000000e+00
1.444709583673301490e+00,0.000000000000000000e+00
1.444709583673301490e+00,0.000000000000000000e+00
1.464666200243807559e+00,0.000000000000000000e+00
1.464666200243807559e+00,0.000000000000000000e+00
1.499408011512256556e+00,0.000000000000000000e+00
1.407089566650447932e+00,0.000000000000000000e+00
1.342568605947770388e+00,0.000000000000000000e+00
1.342568605947770388e+00,0.000000000000000000e+00
1.342568605947770388e+00,0.000000000000000000e+00
1.302471627924954412e+00,0.000000000000000000e+00
1.302471627924954412e+00,0.000000000000000000e+00
1.470776995448128677e+00,0.000000000000000000e+00
1.470776995448128677e+00,0.000000000000000000e+00
1.470776995448128677e+00,0.000000000000000000e+00
1.225739265834818514e+00,0.000000000000000000e+00
1.225739265834818514e+00,0.000000000000000000e+00
1.225739265834818514e+00,0.000000000000000000e+00
1.225739265834818514e+00,0.000000000000000000e+00
1.189233621212348435e+00,0.000000000000000000e+00
1.050564013234220662e+00,0.000000000000000000e+00
1.050564013234220662e+00,0.000000000000000000e+00
1.050564013234220662e+00,0.000000000000000000e+00
1.050564013234220662e+00,0.000000000000000000e+00
1.347022637975026527e+00,0.000000000000000000e+00
1.347022637975026527e+00,0.000000000000000000e+00
1.347022637975026527e+00,0.000000000000000000e+00
1.241569544034602401e+00,0.000000000000000000e+00
1.241569544034602401e+00,0.000000000000000000e+00
1.241569544034602401e+00,0.000000000000000000e+00
1.241569544034602401e+00,0.000000000000000000e+00
1.357938177619294917e+00,0.000000000000000000e+00
1.323297739750125768e+00,0.000000000000000000e+00
1.187343243586897579e+00,0.000000000000000000e+00
1.320907191296288863e+00,0.000000000000000000e+00
1.320907191296288863e+00,0.000000000000000000e+00
1.284699915874324638e+00,0.000000000000000000e+00
1.284699915874324638e+00,0.000000000000000000e+00
1.284699915874324638e+00,0.000000000000000000e+00
1.122656053588602543e+00,0.000000000000000000e+00
1.050797850303727188e+00,0.000000000000000000e+00
1.159456943609367352e+00,0.000000000000000000e+00
1.119533076706794583e+00,0.000000000000000000e+00
1.119533076706794583e+00,0.000000000000000000e+00
1.119533076706794583e+00,0.000000000000000000e+00
1.119533076706794583e+00,0.000000000000000000e+00
1.119533076706794583e+00,0.000000000000000000e+00
1.119533076706794583e+00,0.000000000000000000e+00
1.119533076706794583e+00,0.000000000000000000e+00
1.119533076706794583e+00,0.000000000000000000e+00
1.181412503231853428e+00,0.000000000000000000e+00
1.346524045903752187e+00,0.000000000000000000e+00
1.346524045903752187e+00,0.000000000000000000e+00
1.248479612829018315e+00,0.000000000000000000e+00
1.282404840390796608e+00,0.000000000000000000e+00
1.325083662668727014e+00,0.000000000000000000e+00
1.325083662668727014e+00,0.000000000000000000e+00
1.309493476354399721e+00,0.000000000000000000e+00
1.309493476354399721e+00,0.000000000000000000e+00
1.328710076733320866e+00,0.000000000000000000e+00
1.109143914897982475e+00,0.000000000000000000e+00
1.110063679053079122e+00,0.000000000000000000e+00
1.110063679053079122e+00,0.000000000000000000e+00
1.110063679053079122e+00,0.000000000000000000e+00
1.221698392149512813e+00,0.000000000000000000e+00
1.261360904309231090e+00,0.000000000000000000e+00
1.261360904309231090e+00,0.000000000000000000e+00
1.217075913377853924e+00,0.000000000000000000e+00
1.264219868685024561e+00,0.000000000000000000e+00
1.264219868685024561e+00,0.000000000000000000e+00
1.264219868685024561e+00,0.000000000000000000e+00
1.336527952687038168e+00,0.000000000000000000e+00
1.336527952687038168e+00,0.000000000000000000e+00
1.336527952687038168e+00,0.000000000000000000e+00
1.336527952687038168e+00,0.000000000000000000e+00
1.353242103964208631e+00,0.000000000000000000e+00
1.331422441073532692e+00,0.000000000000000000e+00
1.337669280294250695e+00,0.000000000000000000e+00
1.323197035450508929e+00,0.000000000000000000e+00
1.149712991029436138e+00,0.000000000000000000e+00
1.149712991029436138e+00,0.000000000000000000e+00
1.149712991029436138e+00,0.000000000000000000e+00
1.149712991029436138e+00,0.000000000000000000e+00
1.149712991029436138e+00,0.000000000000000000e+00
1.060817177247101117e+00,0.000000000000000000e+00
1.060817177247101117e+00,0.000000000000000000e+00
1.116559801776985106e+00,0.000000000000000000e+00
1.116559801776985106e+00,0.000000000000000000e+00
9.916402480520484231e-01,0.000000000000000000e+00
1.122058399179295840e+00,0.000000000000000000e+00
1.238405243783507803e+00,0.000000000000000000e+00
1.445060832798849670e+00,0.000000000000000000e+00
1.445060832798849670e+00,0.000000000000000000e+00
1.445060832798849670e+00,0.000000000000000000e+00
1.356083007473091406e+00,0.000000000000000000e+00
1.278952519210528216e+00,0.000000000000000000e+00
1.278952519210528216e+00,0.000000000000000000e+00
1.321264956329152751e+00,0.000000000000000000e+00
1.321264956329152751e+00,0.000000000000000000e+00
1.320537446093270839e+00,0.000000000000000000e+00
1.320537446093270839e+00,0.000000000000000000e+00
1.361671165510940140e+00,0.000000000000000000e+00
1.361671165510940140e+00,0.000000000000000000e+00
1.330276173665763562e+00,0.000000000000000000e+00
1.304712543955792503e+00,0.000000000000000000e+00
1.220842627663087265e+00,0.000000000000000000e+00
1.330436084127679219e+00,0.000000000000000000e+00
1.330436084127679219e+00,0.000000000000000000e+00
1.132729325319314029e+00,0.000000000000000000e+00
1.210207765796364132e+00,0.000000000000000000e+00
1.355706071204647145e+00,0.000000000000000000e+00
1.355706071204647145e+00,0.000000000000000000e+00
1.426315527831711671e+00,0.000000000000000000e+00
1.426315527831711671e+00,0.000000000000000000e+00
1.423019120164008999e+00,0.000000000000000000e+00
1.292198607164498414e+00,0.000000000000000000e+00
1.208981718454458676e+00,0.000000000000000000e+00
1.300149062894705443e+00,0.000000000000000000e+00
1.333888142047122249e+00,0.000000000000000000e+00
1.333888142047122249e+00,0.000000000000000000e+00
1.236193170384240148e+00,0.000000000000000000e+00
1.236193170384240148e+00,0.000000000000000000e+00
1.166120475232003795e+00,0.000000000000000000e+00
1.166120475232003795e+00,0.000000000000000000e+00
1.166120475232003795e+00,0.000000000000000000e+00
1.166120475232003795e+00,0.000000000000000000e+00
1.326035063736223041e+00,0.000000000000000000e+00
1.340623500053754302e+00,0.000000000000000000e+00
1.340623500053754302e+00,0.000000000000000000e+00
1.376155511287892041e+00,0.000000000000000000e+00
1.212777680789740353e+00,0.000000000000000000e+00
1.340867178603112331e+00,0.000000000000000000e+00
1.340867178603112331e+00,0.000000000000000000e+00
1.340867178603112331e+00,0.000000000000000000e+00
1.307909295403604233e+00,0.000000000000000000e+00
1.392563019775002520e+00,0.000000000000000000e+00
1.386672448458897478e+00,0.000000000000000000e+00
1.386672448458897478e+00,0.000000000000000000e+00
1.386672448458897478e+00,0.000000000000000000e+00
1.570603818312949373e+00,0.000000000000000000e+00
1.338710116652236604e+00,0.000000000000000000e+00
1.134906988445102183e+00,0.000000000000000000e+00
1.134906988445102183e+00,0.000000000000000000e+00
1.244788566223222981e+00,0.000000000000000000e+00
1.218404976163701914e+00,0.000000000000000000e+00
1.318255020354727858e+00,0.000000000000000000e+00
1.082523016414732364e+00,0.000000000000000000e+00
1.082523016414732364e+00,0.000000000000000000e+00
1.082523016414732364e+00,0.000000000000000000e+00
1.065377792890224606e+00,0.000000000000000000e+00
1.141044182105558136e+00,0.000000000000000000e+00
1.088429071538045356e+00,0.000000000000000000e+00
1.088429071538045356e+00,0.000000000000000000e+00
1.094744302198040087e+00,0.000000000000000000e+00
1.067932436215934811e+00,0.000000000000000000e+00
1.356295494567444360e+00,0.000000000000000000e+00
1.356295494567444360e+00,0.000000000000000000e+00
1.356295494567444360e+00,0.000000000000000000e+00
1.361675749607627273e+00,0.000000000000000000e+00
1.444477066526278497e+00,0.000000000000000000e+00
1.444477066526278497e+00,0.000000000000000000e+00
1.438479695473343423e+00,0.000000000000000000e+00
1.385449859865146127e+00,0.000000000000000000e+00
1.178779201534959409e+00,0.000000000000000000e+00
1.170883961881164614e+00,0.000000000000000000e+00
1.300461213175286845e+00,0.000000000000000000e+00
1.323043902945397976e+00,0.000000000000000000e+00
1.339389122020083089e+00,0.000000000000000000e+00
1.195796338087506072e+00,0.000000000000000000e+00
1.416218105441522379e+00,0.000000000000000000e+00
1.416218105441522379e+00,0.000000000000000000e+00
1.416218105441522379e+00,0.000000000000000000e+00
1.375178156551540409e+00,0.000000000000000000e+00
1.078436854109462439e+00,0.000000000000000000e+00
1.070064345576068998e+00,0.000000000000000000e+00
1.089878335701227829e+00,0.000000000000000000e+00
1.053336013609917021e+00,0.000000000000000000e+00
1.053336013609917021e+00,0.000000000000000000e+00
1.067882599748468886e+00,0.000000000000000000e+00
1.087645358760223058e+00,0.000000000000000000e+00
1.087645358760223058e+00,0.000000000000000000e+00
1.158792511799895841e+00,0.000000000000000000e+00
1.142518061918346151e+00,0.000000000000000000e+00
1.142518061918346151e+00,0.000000000000000000e+00
1.387027032918913605e+00,0.000000000000000000e+00
1.387027032918913605e+00,0.000000000000000000e+00
1.387027032918913605e+00,0.000000000000000000e+00
1.502525433671044741e+00,0.000000000000000000e+00
1.502525433671044741e+00,0.000000000000000000e+00
1.502525433671044741e+00,0.000000000000000000e+00
1.352983658633440056e+00,0.000000000000000000e+00
1.352983658633440056e+00,0.000000000000000000e+00
1.352983658633440056e+00,0.000000000000000000e+00
1.146292674557072511e+00,0.000000000000000000e+00
1.025735694146932220e+00,0.000000000000000000e+00
1.025735694146932220e+00,0.000000000000000000e+00
1.017309153423644696e+00,0.000000000000000000e+00
1.017309153423644696e+00,0.000000000000000000e+00
1.017309153423644696e+00,0.000000000000000000e+00
1.076927670192136199e+00,0.000000000000000000e+00
1.076927670192136199e+00,0.000000000000000000e+00
1.076927670192136199e+00,0.000000000000000000e+00
1.059532060563400657e+00,0.000000000000000000e+00
1.144491248280754103e+00,0.000000000000000000e+00
1.286335662094136856e+00,0.000000000000000000e+00
1.149877167119471633e+00,0.000000000000000000e+00
1.158230829893598157e+00,0.000000000000000000e+00
1.158230829893598157e+00,0.000000000000000000e+00
1.190866814224511350e+00,0.000000000000000000e+00
1.311299842673629978e+00,0.000000000000000000e+00
1.237401760369632342e+00,0.000000000000000000e+00
1.237401760369632342e+00,0.000000000000000000e+00
1.218513545485481631e+00,0.000000000000000000e+00
1.118706542258075753e+00,0.000000000000000000e+00
1.118706542258075753e+00,0.000000000000000000e+00
1.118706542258075753e+00,0.000000000000000000e+00
1.175861374909383139e+00,0.000000000000000000e+00
1.207524948335142234e+00,0.000000000000000000e+00
1.207524948335142234e+00,0.000000000000000000e+00
1.220451575855088677e+00,0.000000000000000000e+00
1.259742760944767781e+00,0.000000000000000000e+00
1.225388913306417971e+00,0.000000000000000000e+00
1.225388913306417971e+00,0.000000000000000000e+00
1.225388913306417971e+00,0.000000000000000000e+00
1.364555213643348308e+00,0.000000000000000000e+00
1.187247437002744821e+00,0.000000000000000000e+00
1.107941353521601835e+00,0.000000000000000000e+00
1.107941353521601835e+00,0.000000000000000000e+00
1.164287070597082252e+00,0.000000000000000000e+00
1.435901015049837692e+00,0.000000000000000000e+00
1.487041434539698948e+00,0.000000000000000000e+00
1.368330312654950642e+00,0.000000000000000000e+00
1.026875503601653472e+00,0.000000000000000000e+00
1.088460992045523046e+00,0.000000000000000000e+00
1.210262177522911209e+00,0.000000000000000000e+00
1.271147143783722511e+00,0.000000000000000000e+00
1.271147143783722511e+00,0.000000000000000000e+00
1.422712826392167118e+00,0.000000000000000000e+00
1.422712826392167118e+00,0.000000000000000000e+00
1.308836428528805218e+00,0.000000000000000000e+00
1.297706646399674701e+00,0.000000000000000000e+00
1.344551639911238716e+00,0.000000000000000000e+00
1.344551639911238716e+00,0.000000000000000000e+00
1.344551639911238716e+00,0.000000000000000000e+00
1.325573189621220838e+00,0.000000000000000000e+00
1.325573189621220838e+00,0.000000000000000000e+00
1.325573189621220838e+00,0.000000000000000000e+00
1.256388104631332547e+00,0.000000000000000000e+00
1.256388104631332547e+00,0.000000000000000000e+00
1.256388104631332547e+00,0.000000000000000000e+00
1.308337897308175179e+00,0.000000000000000000e+00
1.039681965556227716e+00,0.000000000000000000e+00
1.039681965556227716e+00,0.000000000000000000e+00
1.014169418647690613e+00,0.000000000000000000e+00
1.141554646003199114e+00,0.000000000000000000e+00
1.161377781317007418e+00,0.000000000000000000e+00
1.236386122964771461e+00,0.000000000000000000e+00
1.236386122964771461e+00,0.000000000000000000e+00
1.365203577665673240e+00,0.000000000000000000e+00
1.227498527243331194e+00,0.000000000000000000e+00
1.280712585734536724e+00,0.000000000000000000e+00
1.280712585734536724e+00,0.000000000000000000e+00
1.280712585734536724e+00,0.000000000000000000e+00
1.280712585734536724e+00,0.000000000000000000e+00
1.294005326048734084e+00,0.000000000000000000e+00
1.345744834565868242e+00,0.000000000000000000e+00
1.073571149470657016e+00,0.000000000000000000e+00
1.073571149470657016e+00,0.000000000000000000e+00
1.073571149470657016e+00,0.000000000000000000e+00
1.028734468641701705e+00,0.000000000000000000e+00
1.057745167544143383e+00,0.000000000000000000e+00
1.057745167544143383e+00,0.000000000000000000e+00
1.057745167544143383e+00,0.000000000000000000e+00
1.057745167544143383e+00,0.000000000000000000e+00
1.200604521235891564e+00,0.000000000000000000e+00
1.223275878222873869e+00,0.000000000000000000e+00
1.405825977152210360e+00,0.000000000000000000e+00
1.405825977152210360e+00,0.000000000000000000e+00
1.405825977152210360e+00,0.000000000000000000e+00
1.223299881362550856e+00,0.000000000000000000e+00
1.223299881362550856e+00,0.000000000000000000e+00
1.481017238577998718e+00,0.000000000000000000e+00
1.418038669614557712e+00,0.000000000000000000e+00
1.513108886725916591e+00,0.000000000000000000e+00
1.413823305997614188e+00,0.000000000000000000e+00
1.413823305997614188e+00,0.000000000000000000e+00
1.413823305997614188e+00,0.000000000000000000e+00
1.413823305997614188e+00,0.000000000000000000e+00
1.119139313154531745e+00,0.000000000000000000e+00
1.119139313154531745e+00,0.000000000000000000e+00
1.119139313154531745e+00,0.000000000000000000e+00
1.200728742200210641e+00,0.000000000000000000e+00
1.200728742200210641e+00,0.000000000000000000e+00
1.200728742200210641e+00,0.000000000000000000e+00
1.200728742200210641e+00,0.000000000000000000e+00
1.331925817006934354e+00,0.000000000000000000e+00
1.331925817006934354e+00,0.000000000000000000e+00
1.247243850669257803e+00,0.000000000000000000e+00
1.236157088187068709e+00,0.000000000000000000e+00
1.236157088187068709e+00,0.000000000000000000e+00
1.236157088187068709e+00,0.000000000000000000e+00
1.227397634629594059e+00,0.000000000000000000e+00
1.264877536658248314e+00,0.000000000000000000e+00
1.399071797597526423e+00,0.000000000000000000e+00
1.399071797597526423e+00,0.000000000000000000e+00
1.224282205476075358e+00,0.000000000000000000e+00
1.224282205476075358e+00,0.000000000000000000e+00
1.169771780484697876e+00,0.000000000000000000e+00
1.313190081644979745e+00,0.000000000000000000e+00
1.276307424330887841e+00,0.000000000000000000e+00
1.174016803303397083e+00,0.000000000000000000e+00
1.231454266226234662e+00,0.000000000000000000e+00
1.288393943973447531e+00,0.000000000000000000e+00
1.268114780738347713e+00,0.000000000000000000e+00
1.318257356261471225e+00,0.000000000000000000e+00
1.318257356261471225e+00,0.000000000000000000e+00
1.318257356261471225e+00,0.000000000000000000e+00
1.318257356261471225e+00,0.000000000000000000e+00
1.318257356261471225e+00,0.000000000000000000e+00
1.324112355594111667e+00,0.000000000000000000e+00
1.324112355594111667e+00,0.000000000000000000e+00
1.324112355594111667e+00,0.000000000000000000e+00
1.343243696805140441e+00,0.000000000000000000e+00
1.343243696805140441e+00,0.000000000000000000e+00
1.343243696805140441e+00,0.000000000000000000e+00
1.409240855680871984e+00,0.000000000000000000e+00
1.409240855680871984e+00,0.000000000000000000e+00
1.409240855680871984e+00,0.000000000000000000e+00
1.355456114477628260e+00,0.000000000000000000e+00
1.355456114477628260e+00,0.000000000000000000e+00
1.355456114477628260e+00,0.000000000000000000e+00
1.355456114477628260e+00,0.000000000000000000e+00
1.332873587636508539e+00,0.000000000000000000e+00
1.285957783427394086e+00,0.000000000000000000e+00
1.329656761959900457e+00,0.000000000000000000e+00
1.286231851119904013e+00,0.000000000000000000e+00
1.286231851119904013e+00,0.000000000000000000e+00
1.286231851119904013e+00,0.000000000000000000e+00
1.286231851119904013e+00,0.000000000000000000e+00
1.307190940353102127e+00,0.000000000000000000e+00
1.385748166566811435e+00,0.000000000000000000e+00
1.349093931165000759e+00,0.000000000000000000e+00
1.156298372433725685e+00,0.000000000000000000e+00
1.156298372433725685e+00,0.000000000000000000e+00
1.156298372433725685e+00,0.000000000000000000e+00
1.156298372433725685e+00,0.000000000000000000e+00
1.143623759783334082e+00,0.000000000000000000e+00
1.287450755436759131e+00,0.000000000000000000e+00
1.287450755436759131e+00,0.000000000000000000e+00
1.296330695610422135e+00,0.000000000000000000e+00
1.226086787032778957e+00,0.000000000000000000e+00
1.432952397523354904e+00,0.000000000000000000e+00
1.432952397523354904e+00,0.000000000000000000e+00
1.152558050041451621e+00,0.000000000000000000e+00
1.236464815147239493e+00,0.000000000000000000e+00
1.340981574352141159e+00,0.000000000000000000e+00
1.302733248022195589e+00,0.000000000000000000e+00
1.302733248022195589e+00,0.000000000000000000e+00
1.248298605729964761e+00,0.000000000000000000e+00
1.248298605729964761e+00,0.000000000000000000e+00
1.248298605729964761e+00,0.000000000000000000e+00
1.347360902482915401e+00,0.000000000000000000e+00
1.417562922374236090e+00,0.000000000000000000e+00
1.417562922374236090e+00,0.000000000000000000e+00
1.475360143766207388e+00,0.000000000000000000e+00
1.159510797201363408e+00,0.000000000000000000e+00
1.159510797201363408e+00,0.000000000000000000e+00
1.159510797201363408e+00,0.000000000000000000e+00
1.159510797201363408e+00,0.000000000000000000e+00
1.118652395084442031e+00,0.000000000000000000e+00
1.096281958740741302e+00,0.000000000000000000e+00
1.096281958740741302e+00,0.000000000000000000e+00
1.096281958740741302e+00,0.000000000000000000e+00
1.188444629388879070e+00,0.000000000000000000e+00
1.188444629388879070e+00,0.000000000000000000e+00
1.188444629388879070e+00,0.000000000000000000e+00
1.152418250211346029e+00,0.000000000000000000e+00
1.144598128214382449e+00,0.000000000000000000e+00
1.145834066076825364e+00,0.000000000000000000e+00
9.739735519622569893e-01,0.000000000000000000e+00
9.739735519622569893e-01,0.000000000000000000e+00
1.126788709526364451e+00,0.000000000000000000e+00
1.126788709526364451e+00,0.000000000000000000e+00
1.126788709526364451e+00,0.000000000000000000e+00
1.126788709526364451e+00,0.000000000000000000e+00
1.126788709526364451e+00,0.000000000000000000e+00
1.126788709526364451e+00,0.000000000000000000e+00
1.126788709526364451e+00,0.000000000000000000e+00
1.121557297506349249e+00,0.000000000000000000e+00
1.240326249029727324e+00,0.000000000000000000e+00
1.233116191783984128e+00,0.000000000000000000e+00
1.223876263425656141e+00,0.000000000000000000e+00
1.223876263425656141e+00,0.000000000000000000e+00
1.254173291823638792e+00,0.000000000000000000e+00
1.254173291823638792e+00,0.000000000000000000e+00
1.254173291823638792e+00,0.000000000000000000e+00
1.375498903511917170e+00,0.000000000000000000e+00
1.288442898193057795e+00,0.000000000000000000e+00
1.263156862569937200e+00,0.000000000000000000e+00
1.263156862569937200e+00,0.000000000000000000e+00
1.263156862569937200e+00,0.000000000000000000e+00
1.371834205022384401e+00,0.000000000000000000e+00
1.371834205022384401e+00,0.000000000000000000e+00
1.156394225500367856e+00,0.000000000000000000e+00
1.454611760986614044e+00,0.000000000000000000e+00
1.278846098916809559e+00,0.000000000000000000e+00
1.193314323374397912e+00,0.000000000000000000e+00
1.193314323374397912e+00,0.000000000000000000e+00
1.193314323374397912e+00,0.000000000000000000e+00
1.270722011678683261e+00,0.000000000000000000e+00
1.270722011678683261e+00,0.000000000000000000e+00
1.270722011678683261e+00,0.000000000000000000e+00
1.319150639844522299e+00,0.000000000000000000e+00
1.264949545633517136e+00,0.000000000000000000e+00
1.264949545633517136e+00,0.000000000000000000e+00
1.449708969407604853e+00,0.000000000000000000e+00
1.449708969407604853e+00,0.000000000000000000e+00
1.177341728745543659e+00,0.000000000000000000e+00
1.177341728745543659e+00,0.000000000000000000e+00
1.393225282206605797e+00,0.000000000000000000e+00
1.393225282206605797e+00,0.000000000000000000e+00
1.393225282206605797e+00,0.000000000000000000e+00
1.363202102056729537e+00,0.000000000000000000e+00
1.384346780836902990e+00,0.000000000000000000e+00
1.384346780836902990e+00,0.000000000000000000e+00
1.384346780836902990e+00,0.000000000000000000e+00
1.384346780836902990e+00,0.000000000000000000e+00
1.384346780836902990e+00,0.000000000000000000e+00
1.384346780836902990e+00,0.000000000000000000e+00
1.310568788928467177e+00,0.000000000000000000e+00
1.420091032373882012e+00,0.000000000000000000e+00
1.130121290478625751e+00,0.000000000000000000e+00
1.135390943904156069e+00,0.000000000000000000e+00
1.083820263944716311e+00,0.000000000000000000e+00
1.083820263944716311e+00,0.000000000000000000e+00
1.083820263944716311e+00,0.000000000000000000e+00
9.991998266618601354e-01,0.000000000000000000e+00
1.070774945570786896e+00,0.000000000000000000e+00
1.358676528712356335e+00,0.000000000000000000e+00
1.235763431175421534e+00,0.000000000000000000e+00
1.341289732359640885e+00,0.000000000000000000e+00
1.479466701578193710e+00,0.000000000000000000e+00
1.290069362718932133e+00,0.000000000000000000e+00
1.337474979883660486e+00,0.000000000000000000e+00
1.323090305660006960e+00,0.000000000000000000e+00
1.323838381026452460e+00,0.000000000000000000e+00
1.205707499465418220e+00,0.000000000000000000e+00
1.205707499465418220e+00,0.000000000000000000e+00
1.205707499465418220e+00,0.000000000000000000e+00
1.089318706481213539e+00,0.000000000000000000e+00
1.076787612859652299e+00,0.000000000000000000e+00
1.092813889593864385e+00,0.000000000000000000e+00
1.092813889593864385e+00,0.000000000000000000e+00
1.092813889593864385e+00,0.000000000000000000e+00
1.022050501369598186e+00,0.000000000000000000e+00
1.025506492086540877e+00,0.000000000000000000e+00
9.831598082230758040e-01,0.000000000000000000e+00
9.783006733374826069e-01,0.000000000000000000e+00
1.163572438304374179e+00,0.000000000000000000e+00
1.163572438304374179e+00,0.000000000000000000e+00
1.163572438304374179e+00,0.000000000000000000e+00
1.067724428640409284e+00,0.000000000000000000e+00
1.357924193915220012e+00,0.000000000000000000e+00
1.357924193915220012e+00,0.000000000000000000e+00
1.357924193915220012e+00,0.000000000000000000e+00
1.280935297436632370e+00,0.000000000000000000e+00
1.236469982239968290e+00,0.000000000000000000e+00
1.194814773465272539e+00,0.000000000000000000e+00
1.194814773465272539e+00,0.000000000000000000e+00
1.194814773465272539e+00,0.000000000000000000e+00
1.121914757536985885e+00,0.000000000000000000e+00
1.101026878319548485e+00,0.000000000000000000e+00
1.397349639731049864e+00,0.000000000000000000e+00
1.397349639731049864e+00,0.000000000000000000e+00
1.397349639731049864e+00,0.000000000000000000e+00
1.397349639731049864e+00,0.000000000000000000e+00
1.397349639731049864e+00,0.000000000000000000e+00
1.397349639731049864e+00,0.000000000000000000e+00
1.295381482060467659e+00,0.000000000000000000e+00
1.295381482060467659e+00,0.000000000000000000e+00
1.406665996103114935e+00,0.000000000000000000e+00
1.379037972505353427e+00,0.000000000000000000e+00
1.193974853375890266e+00,0.000000000000000000e+00
1.366328097854820678e+00,0.000000000000000000e+00
1.357073097573356035e+00,0.000000000000000000e+00
1.252805066603645212e+00,0.000000000000000000e+00
1.300941941594101259e+00,0.000000000000000000e+00
1.300941941594101259e+00,0.000000000000000000e+00
1.215876559033664206e+00,0.000000000000000000e+00
1.086666430959451146e+00,0.000000000000000000e+00
1.086666430959451146e+00,0.000000000000000000e+00
1.086666430959451146e+00,0.000000000000000000e+00
1.202945207833895358e+00,0.000000000000000000e+00
1.281181558007545851e+00,0.000000000000000000e+00
1.281181558007545851e+00,0.000000000000000000e+00
1.372362054149902422e+00,0.000000000000000000e+00
1.411015741296169024e+00,0.000000000000000000e+00
1.411015741296169024e+00,0.000000000000000000e+00
1.411015741296169024e+00,0.000000000000000000e+00
1.221380162077193798e+00,0.000000000000000000e+00
1.164915860278160409e+00,0.000000000000000000e+00
1.127025687022784606e+00,0.000000000000000000e+00
1.195087725510368015e+00,0.000000000000000000e+00
1.102356761472561786e+00,0.000000000000000000e+00
1.225359908023941458e+00,0.000000000000000000e+00
1.225359908023941458e+00,0.000000000000000000e+00
1.220515959537664896e+00,0.000000000000000000e+00
1.229192540194767203e+00,0.000000000000000000e+00
1.259589135465038368e+00,0.000000000000000000e+00
1.259589135465038368e+00,0.000000000000000000e+00
1.367368879205739685e+00,0.000000000000000000e+00
1.367368879205739685e+00,0.000000000000000000e+00
1.367368879205739685e+00,0.000000000000000000e+00
1.367368879205739685e+00,0.000000000000000000e+00
1.367368879205739685e+00,0.000000000000000000e+00
1.379025850536517384e+00,0.000000000000000000e+00
1.379025850536517384e+00,0.000000000000000000e+00
1.302910568966904270e+00,0.000000000000000000e+00
1.392614973467728223e+00,0.000000000000000000e+00
1.234448419167876621e+00,0.000000000000000000e+00
1.234448419167876621e+00,0.000000000000000000e+00
1.315322438922369663e+00,0.000000000000000000e+00
1.173652224608793482e+00,0.000000000000000000e+00
1.212411775943551318e+00,0.000000000000000000e+00
1.329158384803288184e+00,0.000000000000000000e+00
1.329158384803288184e+00,0.000000000000000000e+00
1.329158384803288184e+00,0.000000000000000000e+00
1.329158384803288184e+00,0.000000000000000000e+00
1.391234882362694103e+00,0.000000000000000000e+00
1.227021354220888538e+00,0.000000000000000000e+00
1.227021354220888538e+00,0.000000000000000000e+00
1.278757053314332870e+00,0.000000000000000000e+00
1.278757053314332870e+00,0.000000000000000000e+00
1.278757053314332870e+00,0.000000000000000000e+00
1.278757053314332870e+00,0.000000000000000000e+00
1.320751836313262872e+00,0.000000000000000000e+00
1.325412526141404257e+00,0.000000000000000000e+00
1.325412526141404257e+00,0.000000000000000000e+00
1.358587984194484344e+00,0.000000000000000000e+00
1.358587984194484344e+00,0.000000000000000000e+00
1.183424239174603265e+00,0.000000000000000000e+00
1.183424239174603265e+00,0.000000000000000000e+00
1.174007748218355518e+00,0.000000000000000000e+00
1.174007748218355518e+00,0.000000000000000000e+00
1.174007748218355518e+00,0.000000000000000000e+00
1.174007748218355518e+00,0.000000000000000000e+00
9.619051464382244454e-01,0.000000000000000000e+00
9.367979394815867389e-01,0.000000000000000000e+00
9.555876454649124829e-01,0.000000000000000000e+00
9.555876454649124829e-01,0.000000000000000000e+00
1.121475304572137066e+00,0.000000000000000000e+00
1.241554014006644335e+00,0.000000000000000000e+00
9.471116053667676393e-01,0.000000000000000000e+00
1.142068518753086792e+00,0.000000000000000000e+00
1.296797738144662926e+00,0.000000000000000000e+00
1.401093474097215852e+00,0.000000000000000000e+00
1.192618639305510708e+00,0.000000000000000000e+00
1.042856961379303948e+00,0.000000000000000000e+00
1.135936717549749009e+00,0.000000000000000000e+00
1.231244912694366089e+00,0.000000000000000000e+00
1.231244912694366089e+00,0.000000000000000000e+00
1.231244912694366089e+00,0.000000000000000000e+00
1.231244912694366089e+00,0.000000000000000000e+00
1.231244912694366089e+00,0.000000000000000000e+00
1.231244912694366089e+00,0.000000000000000000e+00
1.228038185865211185e+00,0.000000000000000000e+00
1.228038185865211185e+00,0.000000000000000000e+00
1.192806782638619945e+00,0.000000000000000000e+00
1.239323808631669577e+00,0.000000000000000000e+00
1.239323808631669577e+00,0.000000000000000000e+00
1.391377282512404445e+00,0.000000000000000000e+00
1.375047102751650208e+00,0.000000000000000000e+00
1.412341513741438348e+00,0.000000000000000000e+00
1.311876796702027725e+00,0.000000000000000000e+00
1.311876796702027725e+00,0.000000000000000000e+00
1.311876796702027725e+00,0.000000000000000000e+00
1.311876796702027725e+00,0.000000000000000000e+00
1.444073715546264181e+00,0.000000000000000000e+00
1.197677225168339632e+00,0.000000000000000000e+00
1.219697335733501475e+00,0.000000000000000000e+00
1.305643946814043055e+00,0.000000000000000000e+00
1.260577090476716844e+00,0.000000000000000000e+00
1.344945341781536907e+00,0.000000000000000000e+00
1.344945341781536907e+00,0.000000000000000000e+00
1.351495219117771374e+00,0.000000000000000000e+00
1.436792515377690815e+00,0.000000000000000000e+00
1.436792515377690815e+00,0.000000000000000000e+00
1.436792515377690815e+00,0.000000000000000000e+00
1.436792515377690815e+00,0.000000000000000000e+00
1.397105564013940482e+00,0.000000000000000000e+00
1.397105564013940482e+00,0.000000000000000000e+00
1.397105564013940482e+00,0.000000000000000000e+00
1.397105564013940482e+00,0.000000000000000000e+00
1.397105564013940482e+00,0.000000000000000000e+00
1.456815087936992326e+00,0.000000000000000000e+00
1.456815087936992326e+00,0.000000000000000000e+00
1.272363190557499912e+00,0.000000000000000000e+00
1.412189829114913087e+00,0.000000000000000000e+00
1.341588066553345948e+00,0.000000000000000000e+00
1.195458301165743142e+00,0.000000000000000000e+00
1.195458301165743142e+00,0.000000000000000000e+00
1.213739481273111709e+00,0.000000000000000000e+00
1.213739481273111709e+00,0.000000000000000000e+00
1.213739481273111709e+00,0.000000000000000000e+00
1.213739481273111709e+00,0.000000000000000000e+00
1.372739538280836724e+00,0.000000000000000000e+00
1.307997357609584244e+00,0.000000000000000000e+00
1.414193931975835872e+00,0.000000000000000000e+00
1.414193931975835872e+00,0.000000000000000000e+00
1.164170213342058835e+00,0.000000000000000000e+00
1.321892142165222550e+00,0.000000000000000000e+00
1.272849763923688426e+00,0.000000000000000000e+00
1.272849763923688426e+00,0.000000000000000000e+00
1.272849763923688426e+00,0.000000000000000000e+00
1.272849763923688426e+00,0.000000000000000000e+00
1.272849763923688426e+00,0.000000000000000000e+00
1.461480134222647775e+00,0.000000000000000000e+00
1.489095060619524347e+00,0.000000000000000000e+00
1.275613369782556683e+00,0.000000000000000000e+00
1.275613369782556683e+00,0.000000000000000000e+00
1.275613369782556683e+00,0.000000000000000000e+00
1.275613369782556683e+00,0.000000000000000000e+00
1.385468745516617917e+00,0.000000000000000000e+00
1.160820294873198044e+00,0.000000000000000000e+00
1.160820294873198044e+00,0.000000000000000000e+00
1.223124907723751154e+00,0.000000000000000000e+00
1.231260558204446909e+00,0.000000000000000000e+00
1.231260558204446909e+00,0.000000000000000000e+00
1.231260558204446909e+00,0.000000000000000000e+00
1.231260558204446909e+00,0.000000000000000000e+00
1.192678321151962484e+00,0.000000000000000000e+00
1.296836375928269502e+00,0.000000000000000000e+00
1.171083091533528409e+00,0.000000000000000000e+00
1.171083091533528409e+00,0.000000000000000000e+00
1.244055207714518829e+00,0.000000000000000000e+00
1.244055207714518829e+00,0.000000000000000000e+00
1.412675083918021546e+00,0.000000000000000000e+00
1.161014308420283525e+00,0.000000000000000000e+00
1.161014308420283525e+00,0.000000000000000000e+00
1.161014308420283525e+00,0.000000000000000000e+00
1.381320049279108009e+00,0.000000000000000000e+00
1.338756849982655206e+00,0.000000000000000000e+00
1.338756849982655206e+00,0.000000000000000000e+00
1.338756849982655206e+00,0.000000000000000000e+00
1.142568486889982582e+00,0.000000000000000000e+00
1.175394764274696024e+00,0.000000000000000000e+00
1.175394764274696024e+00,0.000000000000000000e+00
1.175394764274696024e+00,0.000000000000000000e+00
1.105178975871735192e+00,0.000000000000000000e+00
1.105178975871735192e+00,0.000000000000000000e+00
1.171041362643512551e+00,0.000000000000000000e+00
1.392363120871355164e+00,0.000000000000000000e+00
1.392363120871355164e+00,0.000000000000000000e+00
1.392363120871355164e+00,0.000000000000000000e+00
1.392363120871355164e+00,0.000000000000000000e+00
1.381699420233598152e+00,0.000000000000000000e+00
1.348640961061759125e+00,0.000000000000000000e+00
1.301401862683381871e+00,0.000000000000000000e+00
1.326309488639369594e+00,0.000000000000000000e+00
1.229913527106832660e+00,0.000000000000000000e+00
1.225834484826723525e+00,0.000000000000000000e+00
1.225834484826723525e+00,0.000000000000000000e+00
1.225834484826723525e+00,0.000000000000000000e+00
1.225834484826723525e+00,0.000000000000000000e+00
1.263138675872994110e+00,0.000000000000000000e+00
1.417386349523097611e+00,0.000000000000000000e+00
1.270738461169311551e+00,0.000000000000000000e+00
1.270738461169311551e+00,0.000000000000000000e+00
1.352893196697878331e+00,0.000000000000000000e+00
1.352893196697878331e+00,0.000000000000000000e+00
1.314255075594786160e+00,0.000000000000000000e+00
1.314255075594786160e+00,0.000000000000000000e+00
1.314255075594786160e+00,0.000000000000000000e+00
1.419209955806472356e+00,0.000000000000000000e+00
1.419209955806472356e+00,0.000000000000000000e+00
1.419209955806472356e+00,0.000000000000000000e+00
1.419209955806472356e+00,0.000000000000000000e+00
1.312325465790811663e+00,0.000000000000000000e+00
1.097463357521226257e+00,0.000000000000000000e+00
1.186213031319192313e+00,0.000000000000000000e+00
1.186213031319192313e+00,0.000000000000000000e+00
1.186213031319192313e+00,0.000000000000000000e+00
1.186213031319192313e+00,0.000000000000000000e+00
1.278122813639253064e+00,0.000000000000000000e+00
1.255886136234613426e+00,0.000000000000000000e+00
1.480613353886768291e+00,0.000000000000000000e+00
1.384305826357755675e+00,0.000000000000000000e+00
1.232688947606646046e+00,0.000000000000000000e+00
1.232688947606646046e+00,0.000000000000000000e+00
1.232688947606646046e+00,0.000000000000000000e+00
1.223421693102852092e+00,0.000000000000000000e+00
1.177105615969244568e+00,0.000000000000000000e+00
1.272483392038895822e+00,0.000000000000000000e+00
1.364324325364629109e+00,0.000000000000000000e+00
1.364324325364629109e+00,0.000000000000000000e+00
1.380050884125179289e+00,0.000000000000000000e+00
1.380050884125179289e+00,0.000000000000000000e+00
1.296972100391369231e+00,0.000000000000000000e+00
1.296972100391369231e+00,0.000000000000000000e+00
1.298260013380704514e+00,0.000000000000000000e+00
1.163449474826675267e+00,0.000000000000000000e+00
1.163449474826675267e+00,0.000000000000000000e+00
1.163449474826675267e+00,0.000000000000000000e+00
1.097832358149263055e+00,0.000000000000000000e+00
1.075836998824061252e+00,0.000000000000000000e+00
1.125325830156232554e+00,0.000000000000000000e+00
1.136620248835340075e+00,0.000000000000000000e+00
1.340227916455952961e+00,0.000000000000000000e+00
1.256708477494502540e+00,0.000000000000000000e+00
1.169467238613701943e+00,0.000000000000000000e+00
1.169467238613701943e+00,0.000000000000000000e+00
1.160201349970370055e+00,0.000000000000000000e+00
1.153174118441973262e+00,0.000000000000000000e+00
1.193341258559344364e+00,0.000000000000000000e+00
1.193341258559344364e+00,0.000000000000000000e+00
1.193341258559344364e+00,0.000000000000000000e+00
1.193341258559344364e+00,0.000000000000000000e+00
1.162397175740467192e+00,0.000000000000000000e+00
1.328973559303480156e+00,0.000000000000000000e+00
1.328973559303480156e+00,0.000000000000000000e+00
1.421218796974742293e+00,0.000000000000000000e+00
1.421218796974742293e+00,0.000000000000000000e+00
1.211800273905176750e+00,0.000000000000000000e+00
1.312986162567227666e+00,0.000000000000000000e+00
1.312986162567227666e+00,0.000000000000000000e+00
1.242988995984781075e+00,0.000000000000000000e+00
1.242988995984781075e+00,0.000000000000000000e+00
1.242988995984781075e+00,0.000000000000000000e+00
1.281407524980769264e+00,0.000000000000000000e+00
1.368183002443847496e+00,0.000000000000000000e+00
1.414039207421969646e+00,0.000000000000000000e+00
1.349815516539856430e+00,0.000000000000000000e+00
1.448535363784221541e+00,0.000000000000000000e+00
1.290535028057952616e+00,0.000000000000000000e+00
1.290535028057952616e+00,0.000000000000000000e+00
1.305046204859297010e+00,0.000000000000000000e+00
1.237517856674055894e+00,0.000000000000000000e+00
1.147550491493950275e+00,0.000000000000000000e+00
1.147550491493950275e+00,0.000000000000000000e+00
1.345614645684937827e+00,0.000000000000000000e+00
1.345614645684937827e+00,0.000000000000000000e+00
1.152860674961102561e+00,0.000000000000000000e+00
1.152860674961102561e+00,0.000000000000000000e+00
1.152860674961102561e+00,0.000000000000000000e+00
1.152860674961102561e+00,0.000000000000000000e+00
1.294570434602188680e+00,0.000000000000000000e+00
1.340980138850246473e+00,0.000000000000000000e+00
1.375372820224318948e+00,0.000000000000000000e+00
1.304185334612375291e+00,0.000000000000000000e+00
1.163596914389678938e+00,0.000000000000000000e+00
1.163596914389678938e+00,0.000000000000000000e+00
1.163596914389678938e+00,0.000000000000000000e+00
1.163596914389678938e+00,0.000000000000000000e+00
1.310840460363123849e+00,0.000000000000000000e+00
1.267517817450526385e+00,0.000000000000000000e+00
1.267517817450526385e+00,0.000000000000000000e+00
1.395531264052315645e+00,0.000000000000000000e+00
1.318480669564252139e+00,0.000000000000000000e+00
1.318480669564252139e+00,0.000000000000000000e+00
1.108589159500148691e+00,0.000000000000000000e+00
1.108589159500148691e+00,0.000000000000000000e+00
1.108589159500148691e+00,0.000000000000000000e+00
1.318394256687766219e+00,0.000000000000000000e+00
1.251993604516763892e+00,0.000000000000000000e+00
1.251993604516763892e+00,0.000000000000000000e+00
1.278094321840886893e+00,0.000000000000000000e+00
1.223355907931411579e+00,0.000000000000000000e+00
1.292282240319422737e+00,0.000000000000000000e+00
1.193878390801851319e+00,0.000000000000000000e+00
1.160044417011405704e+00,0.000000000000000000e+00
1.160044417011405704e+00,0.000000000000000000e+00
1.010822322770964510e+00,0.000000000000000000e+00
1.013439106202607798e+00,0.000000000000000000e+00
1.013439106202607798e+00,0.000000000000000000e+00
1.432343123200274349e+00,0.000000000000000000e+00
1.432343123200274349e+00,0.000000000000000000e+00
1.432343123200274349e+00,0.000000000000000000e+00
1.432343123200274349e+00,0.000000000000000000e+00
1.393429325467862689e+00,0.000000000000000000e+00
1.393429325467862689e+00,0.000000000000000000e+00
1.236864679762397223e+00,0.000000000000000000e+00
1.263140642455405471e+00,0.000000000000000000e+00
1.135898421415240778e+00,0.000000000000000000e+00
1.135898421415240778e+00,0.000000000000000000e+00
1.158872362554231650e+00,0.000000000000000000e+00
1.122587479080929151e+00,0.000000000000000000e+00
1.122587479080929151e+00,0.000000000000000000e+00
1.122587479080929151e+00,0.000000000000000000e+00
1.286860576182188520e+00,0.000000000000000000e+00
1.286860576182188520e+00,0.000000000000000000e+00
1.223851505210890700e+00,0.000000000000000000e+00
1.236826570575914053e+00,0.000000000000000000e+00
1.236826570575914053e+00,0.000000000000000000e+00
1.236826570575914053e+00,0.000000000000000000e+00
1.210997253712608135e+00,0.000000000000000000e+00
1.210997253712608135e+00,0.000000000000000000e+00
1.210997253712608135e+00,0.000000000000000000e+00
1.218442845935510332e+00,0.000000000000000000e+00
1.210754317075642517e+00,0.000000000000000000e+00
1.291791218044973988e+00,0.000000000000000000e+00
1.291791218044973988e+00,0.000000000000000000e+00
1.220700347951261255e+00,0.000000000000000000e+00
1.179354562871090417e+00,0.000000000000000000e+00
1.259031309569514478e+00,0.000000000000000000e+00
1.259031309569514478e+00,0.000000000000000000e+00
1.259031309569514478e+00,0.000000000000000000e+00
1.259031309569514478e+00,0.000000000000000000e+00
1.259031309569514478e+00,0.000000000000000000e+00
1.259031309569514478e+00,0.000000000000000000e+00
1.259031309569514478e+00,0.000000000000000000e+00
1.259031309569514478e+00,0.000000000000000000e+00
1.259031309569514478e+00,0.000000000000000000e+00
1.391197974454078556e+00,0.000000000000000000e+00
1.331687944222241793e+00,0.000000000000000000e+00
1.191336839398184688e+00,0.000000000000000000e+00
1.194306425472468236e+00,0.000000000000000000e+00
1.306862082895244193e+00,0.000000000000000000e+00
1.508362789148686822e+00,0.000000000000000000e+00
1.508362789148686822e+00,0.000000000000000000e+00
1.270971469730587833e+00,0.000000000000000000e+00
1.270971469730587833e+00,0.000000000000000000e+00
1.270971469730587833e+00,0.000000000000000000e+00
1.128669882274912828e+00,0.000000000000000000e+00
1.183854468035433039e+00,0.000000000000000000e+00
1.183854468035433039e+00,0.000000000000000000e+00
1.183854468035433039e+00,0.000000000000000000e+00
1.183854468035433039e+00,0.000000000000000000e+00
1.183854468035433039e+00,0.000000000000000000e+00
1.183854468035433039e+00,0.000000000000000000e+00
1.183854468035433039e+00,0.000000000000000000e+00
1.312940528707428500e+00,0.000000000000000000e+00
1.180109181818759456e+00,0.000000000000000000e+00
1.180109181818759456e+00,0.000000000000000000e+00
1.296667295911473561e+00,0.000000000000000000e+00
1.300854404984730595e+00,0.000000000000000000e+00
1.196315309701003970e+00,0.000000000000000000e+00
1.200341973268765683e+00,0.000000000000000000e+00
1.200341973268765683e+00,0.000000000000000000e+00
1.248521738719128082e+00,0.000000000000000000e+00
1.420879260308417713e+00,0.000000000000000000e+00
1.420879260308417713e+00,0.000000000000000000e+00
1.366289781862334740e+00,0.000000000000000000e+00
1.307318746394237730e+00,0.000000000000000000e+00
1.301627281561410721e+00,0.000000000000000000e+00
1.416166003828082109e+00,0.000000000000000000e+00
1.416166003828082109e+00,0.000000000000000000e+00
1.397309324818396981e+00,0.000000000000000000e+00
1.390865022587210120e+00,0.000000000000000000e+00
1.390865022587210120e+00,0.000000000000000000e+00
1.348500222515885971e+00,0.000000000000000000e+00
1.326249044197247207e+00,0.000000000000000000e+00
1.329984652697522751e+00,0.000000000000000000e+00
1.180263592357129410e+00,0.000000000000000000e+00
1.180263592357129410e+00,0.000000000000000000e+00
1.249310269535373941e+00,0.000000000000000000e+00
1.145931218482599601e+00,0.000000000000000000e+00
1.009345229691978929e+00,0.000000000000000000e+00
1.150672442889233427e+00,0.000000000000000000e+00
1.150672442889233427e+00,0.000000000000000000e+00
1.183248514916839023e+00,0.000000000000000000e+00
1.183248514916839023e+00,0.000000000000000000e+00
1.183248514916839023e+00,0.000000000000000000e+00
1.349883704254172034e+00,0.000000000000000000e+00
1.236263606179985652e+00,0.000000000000000000e+00
1.236263606179985652e+00,0.000000000000000000e+00
1.236263606179985652e+00,0.000000000000000000e+00
1.199844706797508875e+00,0.000000000000000000e+00
1.234646658287062104e+00,0.000000000000000000e+00
1.234646658287062104e+00,0.000000000000000000e+00
1.376450397223727862e+00,0.000000000000000000e+00
1.343018009752461772e+00,0.000000000000000000e+00
1.338600126477275110e+00,0.000000000000000000e+00
1.344325967058242366e+00,0.000000000000000000e+00
1.080059210419305860e+00,0.000000000000000000e+00
1.080059210419305860e+00,0.000000000000000000e+00
1.080059210419305860e+00,0.000000000000000000e+00
9.579394307268440656e-01,0.000000000000000000e+00
9.865345866293995236e-01,0.000000000000000000e+00
9.865345866293995236e-01,0.000000000000000000e+00
9.865345866293995236e-01,0.000000000000000000e+00
1.356422932528399850e+00,0.000000000000000000e+00
1.419003931161356480e+00,0.000000000000000000e+00
1.298001888746369348e+00,0.000000000000000000e+00
1.298001888746369348e+00,0.000000000000000000e+00
1.360677993572036115e+00,0.000000000000000000e+00
1.355918844108774834e+00,0.000000000000000000e+00
1.229462713447132094e+00,0.000000000000000000e+00
1.193938795480584236e+00,0.000000000000000000e+00
1.318147039631279549e+00,0.000000000000000000e+00
1.318147039631279549e+00,0.000000000000000000e+00
1.233965264256720040e+00,0.000000000000000000e+00
1.253307371032307715e+00,0.000000000000000000e+00
1.196218074153201583e+00,0.000000000000000000e+00
1.167857858279398364e+00,0.000000000000000000e+00
1.199583881693033316e+00,0.000000000000000000e+00
1.124622672050713756e+00,0.000000000000000000e+00
1.124622672050713756e+00,0.000000000000000000e+00
1.090271125873900848e+00,0.000000000000000000e+00
1.090915946865239183e+00,0.000000000000000000e+00
1.090915946865239183e+00,0.000000000000000000e+00
1.090915946865239183e+00,0.000000000000000000e+00
1.135573761504215629e+00,0.000000000000000000e+00
1.160661179696317991e+00,0.000000000000000000e+00
1.299779880120946585e+00,0.000000000000000000e+00
1.299779880120946585e+00,0.000000000000000000e+00
1.239508078319697004e+00,0.000000000000000000e+00
1.266669859867896930e+00,0.000000000000000000e+00
1.273910592551611209e+00,0.000000000000000000e+00
1.263212431409071357e+00,0.000000000000000000e+00
1.245840948556437455e+00,0.000000000000000000e+00
1.205726607256393246e+00,0.000000000000000000e+00
1.205726607256393246e+00,0.000000000000000000e+00
1.167535817549043120e+00,0.000000000000000000e+00
1.135348484633506683e+00,0.000000000000000000e+00
1.181148673555442841e+00,0.000000000000000000e+00
1.154746329982989650e+00,0.000000000000000000e+00
1.168839685021252128e+00,0.000000000000000000e+00
1.185098293508045630e+00,0.000000000000000000e+00
1.007795263749011516e+00,0.000000000000000000e+00
1.101914856057347736e+00,0.000000000000000000e+00
1.101914856057347736e+00,0.000000000000000000e+00
1.285462002553737326e+00,0.000000000000000000e+00
1.325518458696424817e+00,0.000000000000000000e+00
1.233708672470819279e+00,0.000000000000000000e+00
1.233708672470819279e+00,0.000000000000000000e+00
1.431164909003176167e+00,0.000000000000000000e+00
1.374281855084074078e+00,0.000000000000000000e+00
1.449080868838748426e+00,0.000000000000000000e+00
1.335924767764703258e+00,0.000000000000000000e+00
1.335924767764703258e+00,0.000000000000000000e+00
1.263452767048944159e+00,0.000000000000000000e+00
1.386069639884377924e+00,0.000000000000000000e+00
1.386069639884377924e+00,0.000000000000000000e+00
1.386069639884377924e+00,0.000000000000000000e+00
1.386069639884377924e+00,0.000000000000000000e+00
1.385392648800617854e+00,0.000000000000000000e+00
1.316623848104156336e+00,0.000000000000000000e+00
1.316623848104156336e+00,0.000000000000000000e+00
1.316623848104156336e+00,0.000000000000000000e+00
1.316623848104156336e+00,0.000000000000000000e+00
1.261166042876182614e+00,0.000000000000000000e+00
1.261166042876182614e+00,0.000000000000000000e+00
1.261166042876182614e+00,0.000000000000000000e+00
1.261166042876182614e+00,0.000000000000000000e+00
1.261166042876182614e+00,0.000000000000000000e+00
1.300891309718364974e+00,0.000000000000000000e+00
1.300891309718364974e+00,0.000000000000000000e+00
1.300891309718364974e+00,0.000000000000000000e+00
1.300891309718364974e+00,0.000000000000000000e+00
1.253871437927433607e+00,0.000000000000000000e+00
1.253871437927433607e+00,0.000000000000000000e+00
1.253871437927433607e+00,0.000000000000000000e+00
1.253871437927433607e+00,0.000000000000000000e+00
1.310272941573249916e+00,0.000000000000000000e+00
1.310272941573249916e+00,0.000000000000000000e+00
1.203391087517382996e+00,0.000000000000000000e+00
1.308066565323170893e+00,0.000000000000000000e+00
1.266400620486804129e+00,0.000000000000000000e+00
1.266400620486804129e+00,0.000000000000000000e+00
1.266400620486804129e+00,0.000000000000000000e+00
1.383519829422807712e+00,0.000000000000000000e+00
1.501785966473943912e+00,0.000000000000000000e+00
1.501785966473943912e+00,0.000000000000000000e+00
1.532004870013442765e+00,0.000000000000000000e+00
1.298070196777543650e+00,0.000000000000000000e+00
1.296271650169113610e+00,0.000000000000000000e+00
1.247042177573279620e+00,0.000000000000000000e+00
1.247042177573279620e+00,0.000000000000000000e+00
1.247042177573279620e+00,0.000000000000000000e+00
1.247042177573279620e+00,0.000000000000000000e+00
1.289773633299424960e+00,0.000000000000000000e+00
1.289773633299424960e+00,0.000000000000000000e+00
1.404110685723892082e+00,0.000000000000000000e+00
1.404110685723892082e+00,0.000000000000000000e+00
1.267924118771290631e+00,0.000000000000000000e+00
1.281085571936863676e+00,0.000000000000000000e+00
1.281085571936863676e+00,0.000000000000000000e+00
1.274817554505746742e+00,0.000000000000000000e+00
1.150470508456052476e+00,0.000000000000000000e+00
1.219913667453437434e+00,0.000000000000000000e+00
1.231417962231680319e+00,0.000000000000000000e+00
1.231417962231680319e+00,0.000000000000000000e+00
1.168557311927637565e+00,0.000000000000000000e+00
1.147960007374365432e+00,0.000000000000000000e+00
1.147960007374365432e+00,0.000000000000000000e+00
1.147960007374365432e+00,0.000000000000000000e+00
1.340016153745070326e+00,0.000000000000000000e+00
1.361261820127634303e+00,0.000000000000000000e+00
1.361261820127634303e+00,0.000000000000000000e+00
1.361261820127634303e+00,0.000000000000000000e+00
1.195085146489474059e+00,0.000000000000000000e+00
1.275754246241258327e+00,0.000000000000000000e+00
1.235771406009672058e+00,0.000000000000000000e+00
1.235771406009672058e+00,0.000000000000000000e+00
1.235771406009672058e+00,0.000000000000000000e+00
1.235771406009672058e+00,0.000000000000000000e+00
1.235771406009672058e+00,0.000000000000000000e+00
1.431894380363891717e+00,0.000000000000000000e+00
1.242081548297159888e+00,0.000000000000000000e+00
1.202009283743690649e+00,0.000000000000000000e+00
1.267154993901770998e+00,0.000000000000000000e+00
1.276961110612612860e+00,0.000000000000000000e+00
1.150801940736770224e+00,0.000000000000000000e+00
1.150801940736770224e+00,0.000000000000000000e+00
1.208778943058290256e+00,0.000000000000000000e+00
1.165087618018774140e+00,0.000000000000000000e+00
1.165087618018774140e+00,0.000000000000000000e+00
1.110328233225018835e+00,0.000000000000000000e+00
1.352153289230246802e+00,0.000000000000000000e+00
1.124444121189665635e+00,0.000000000000000000e+00
1.147449735146349292e+00,0.000000000000000000e+00
1.220262621012141224e+00,0.000000000000000000e+00
1.220262621012141224e+00,0.000000000000000000e+00
1.290841448597101149e+00,0.000000000000000000e+00
1.290841448597101149e+00,0.000000000000000000e+00
1.290841448597101149e+00,0.000000000000000000e+00
1.290841448597101149e+00,0.000000000000000000e+00
1.351653408303977288e+00,0.000000000000000000e+00
1.298001424015303717e+00,0.000000000000000000e+00
1.168226350949486791e+00,0.000000000000000000e+00
1.266549440976570740e+00,0.000000000000000000e+00
1.266549440976570740e+00,0.000000000000000000e+00
1.266549440976570740e+00,0.000000000000000000e+00
1.266549440976570740e+00,0.000000000000000000e+00
1.266549440976570740e+00,0.000000000000000000e+00
1.266549440976570740e+00,0.000000000000000000e+00
1.266549440976570740e+00,0.000000000000000000e+00
1.301869746944384287e+00,0.000000000000000000e+00
1.209560133989212805e+00,0.000000000000000000e+00
1.271236786754411208e+00,0.000000000000000000e+00
1.286555270316894983e+00,0.000000000000000000e+00
1.385610347317218771e+00,0.000000000000000000e+00
1.385610347317218771e+00,0.000000000000000000e+00
1.403252208093628939e+00,0.000000000000000000e+00
1.215167323146506329e+00,0.000000000000000000e+00
1.215167323146506329e+00,0.000000000000000000e+00
1.289982626007642130e+00,0.000000000000000000e+00
1.245184677726151712e+00,0.000000000000000000e+00
1.265358805403224540e+00,0.000000000000000000e+00
1.265358805403224540e+00,0.000000000000000000e+00
1.244579209364438110e+00,0.000000000000000000e+00
1.184285437479443370e+00,0.000000000000000000e+00
1.316227746755729955e+00,0.000000000000000000e+00
1.316227746755729955e+00,0.000000000000000000e+00
1.201459224259367575e+00,0.000000000000000000e+00
1.403683367263658166e+00,0.000000000000000000e+00
1.386922984931548752e+00,0.000000000000000000e+00
1.386922984931548752e+00,0.000000000000000000e+00
1.327812422431442263e+00,0.000000000000000000e+00
1.327812422431442263e+00,0.000000000000000000e+00
1.300919383898262893e+00,0.000000000000000000e+00
1.266254891338242095e+00,0.000000000000000000e+00
1.310777084495353684e+00,0.000000000000000000e+00
1.434697578397116535e+00,0.000000000000000000e+00
1.247522081415016526e+00,0.000000000000000000e+00
1.247522081415016526e+00,0.000000000000000000e+00
1.247522081415016526e+00,0.000000000000000000e+00
1.188895466456822758e+00,0.000000000000000000e+00
1.188895466456822758e+00,0.000000000000000000e+00
1.188895466456822758e+00,0.000000000000000000e+00
1.166228400804456555e+00,0.000000000000000000e+00
1.149656228268477021e+00,0.000000000000000000e+00
1.149656228268477021e+00,0.000000000000000000e+00
1.149656228268477021e+00,0.000000000000000000e+00
1.356016075182378211e+00,0.000000000000000000e+00
1.320242847272813602e+00,0.000000000000000000e+00
1.320242847272813602e+00,0.000000000000000000e+00
1.117405764591818951e+00,0.000000000000000000e+00
1.191979852985848520e+00,0.000000000000000000e+00
1.191979852985848520e+00,0.000000000000000000e+00
1.191979852985848520e+00,0.000000000000000000e+00
1.191979852985848520e+00,0.000000000000000000e+00
1.332471279513998130e+00,0.000000000000000000e+00
1.205933302715903599e+00,0.000000000000000000e+00
1.249584004462048092e+00,0.000000000000000000e+00
1.363177457087465294e+00,0.000000000000000000e+00
1.363177457087465294e+00,0.000000000000000000e+00
1.344012867058394400e+00,0.000000000000000000e+00
1.344012867058394400e+00,0.000000000000000000e+00
1.328099214962435548e+00,0.000000000000000000e+00
1.369040081730865221e+00,0.000000000000000000e+00
1.369040081730865221e+00,0.000000000000000000e+00
1.326067628007568944e+00,0.000000000000000000e+00
1.184884608559373831e+00,0.000000000000000000e+00
1.184884608559373831e+00,0.000000000000000000e+00
1.184884608559373831e+00,0.000000000000000000e+00
1.184884608559373831e+00,0.000000000000000000e+00
1.256254989960583712e+00,0.000000000000000000e+00
1.247459394798220877e+00,0.000000000000000000e+00
1.314004167089764863e+00,0.000000000000000000e+00
1.302673506544527848e+00,0.000000000000000000e+00
1.411528229793625577e+00,0.000000000000000000e+00
1.130958234749755764e+00,0.000000000000000000e+00
1.155680146431095512e+00,0.000000000000000000e+00
1.200171410347349088e+00,0.000000000000000000e+00
1.200171410347349088e+00,0.000000000000000000e+00
1.398083909760935883e+00,0.000000000000000000e+00
1.335991598212617593e+00,0.000000000000000000e+00
1.335991598212617593e+00,0.000000000000000000e+00
1.381068325384049666e+00,0.000000000000000000e+00
1.381068325384049666e+00,0.000000000000000000e+00
1.381068325384049666e+00,0.000000000000000000e+00
1.381068325384049666e+00,0.000000000000000000e+00
1.449248675886327442e+00,0.000000000000000000e+00
1.429765236081519619e+00,0.000000000000000000e+00
1.482323217088345801e+00,0.000000000000000000e+00
1.501772096522297595e+00,0.000000000000000000e+00
1.501772096522297595e+00,0.000000000000000000e+00
1.470362160478606350e+00,0.000000000000000000e+00
1.326200730444012432e+00,0.000000000000000000e+00
1.289023137389951890e+00,0.000000000000000000e+00
1.340681101858528956e+00,0.000000000000000000e+00
1.340681101858528956e+00,0.000000000000000000e+00
1.184973132426590636e+00,0.000000000000000000e+00
1.330905835578114482e+00,0.000000000000000000e+00
1.330905835578114482e+00,0.000000000000000000e+00
1.201912635819831543e+00,0.000000000000000000e+00
1.178529296176272778e+00,0.000000000000000000e+00
1.346876279292067657e+00,0.000000000000000000e+00
1.346876279292067657e+00,0.000000000000000000e+00
1.337560335100137943e+00,0.000000000000000000e+00
1.337560335100137943e+00,0.000000000000000000e+00
1.238055904887468417e+00,0.000000000000000000e+00
1.238055904887468417e+00,0.000000000000000000e+00
1.238055904887468417e+00,0.000000000000000000e+00
1.238055904887468417e+00,0.000000000000000000e+00
1.026972875806646091e+00,0.000000000000000000e+00
9.284582046863500970e-01,0.000000000000000000e+00
9.284582046863500970e-01,0.000000000000000000e+00
9.284582046863500970e-01,0.000000000000000000e+00
9.139026059779489231e-01,0.000000000000000000e+00
9.232768034180773853e-01,0.000000000000000000e+00
9.189992029382439975e-01,0.000000000000000000e+00
9.189992029382439975e-01,0.000000000000000000e+00
9.189992029382439975e-01,0.000000000000000000e+00
1.002514509076553484e+00,0.000000000000000000e+00
1.114729271572426184e+00,0.000000000000000000e+00
9.824676512847806409e-01,0.000000000000000000e+00
1.191175350095369234e+00,0.000000000000000000e+00
1.191175350095369234e+00,0.000000000000000000e+00
1.295465584027869710e+00,0.000000000000000000e+00
1.257193886895963120e+00,0.000000000000000000e+00
1.257193886895963120e+00,0.000000000000000000e+00
1.257193886895963120e+00,0.000000000000000000e+00
1.257193886895963120e+00,0.000000000000000000e+00
1.257193886895963120e+00,0.000000000000000000e+00
1.257193886895963120e+00,0.000000000000000000e+00
1.402209709798837078e+00,0.000000000000000000e+00
1.402209709798837078e+00,0.000000000000000000e+00
1.208394414653731541e+00,0.000000000000000000e+00
1.147517029835461777e+00,0.000000000000000000e+00
1.147517029835461777e+00,0.000000000000000000e+00
1.147517029835461777e+00,0.000000000000000000e+00
1.241661444989738294e+00,0.000000000000000000e+00
1.241661444989738294e+00,0.000000000000000000e+00
1.241661444989738294e+00,0.000000000000000000e+00
1.244907705569344714e+00,0.000000000000000000e+00
1.244907705569344714e+00,0.000000000000000000e+00
1.244907705569344714e+00,0.000000000000000000e+00
1.244907705569344714e+00,0.000000000000000000e+00
1.176291983641980732e+00,0.000000000000000000e+00
1.300485401842380817e+00,0.000000000000000000e+00
1.300485401842380817e+00,0.000000000000000000e+00
1.300485401842380817e+00,0.000000000000000000e+00
1.339300986267080829e+00,0.000000000000000000e+00
1.339300986267080829e+00,0.000000000000000000e+00
1.339300986267080829e+00,0.000000000000000000e+00
1.363720012633167000e+00,0.000000000000000000e+00
1.363720012633167000e+00,0.000000000000000000e+00
1.284484654737439557e+00,0.000000000000000000e+00
1.284484654737439557e+00,0.000000000000000000e+00
1.268585316848219291e+00,0.000000000000000000e+00
1.042937309585655337e+00,0.000000000000000000e+00
1.349428641089165826e+00,0.000000000000000000e+00
1.349428641089165826e+00,0.000000000000000000e+00
1.349428641089165826e+00,0.000000000000000000e+00
1.382133575206590415e+00,0.000000000000000000e+00
1.338460087557292288e+00,0.000000000000000000e+00
1.474251286952373174e+00,0.000000000000000000e+00
1.411482990967375395e+00,0.000000000000000000e+00
1.196932501916231573e+00,0.000000000000000000e+00
1.133557730461071777e+00,0.000000000000000000e+00
1.305280017763186251e+00,0.000000000000000000e+00
1.244942700560529358e+00,0.000000000000000000e+00
1.244942700560529358e+00,0.000000000000000000e+00
1.244942700560529358e+00,0.000000000000000000e+00
1.143099786304657695e+00,0.000000000000000000e+00
1.240455326165440075e+00,0.000000000000000000e+00
1.240455326165440075e+00,0.000000000000000000e+00
1.406335213606952239e+00,0.000000000000000000e+00
1.455992408070074573e+00,0.000000000000000000e+00
1.353952919201481642e+00,0.000000000000000000e+00
1.317507182047967129e+00,0.000000000000000000e+00
1.319168385058894444e+00,0.000000000000000000e+00
1.337742586261763122e+00,0.000000000000000000e+00
1.337742586261763122e+00,0.000000000000000000e+00
1.253118859240587524e+00,0.000000000000000000e+00
1.253118859240587524e+00,0.000000000000000000e+00
1.198659571309344862e+00,0.000000000000000000e+00
1.198659571309344862e+00,0.000000000000000000e+00
1.383837756377578554e+00,0.000000000000000000e+00
1.334092676318713755e+00,0.000000000000000000e+00
1.334092676318713755e+00,0.000000000000000000e+00
1.321502162074019271e+00,0.000000000000000000e+00
1.263947085092600009e+00,0.000000000000000000e+00
1.263947085092600009e+00,0.000000000000000000e+00
1.359198883743503172e+00,0.000000000000000000e+00
1.260071200573475547e+00,0.000000000000000000e+00
1.328782173124855470e+00,0.000000000000000000e+00
1.328782173124855470e+00,0.000000000000000000e+00
1.328782173124855470e+00,0.000000000000000000e+00
1.328782173124855470e+00,0.000000000000000000e+00
1.318869143196125249e+00,0.000000000000000000e+00
1.279717455020618955e+00,0.000000000000000000e+00
1.279717455020618955e+00,0.000000000000000000e+00
1.279717455020618955e+00,0.000000000000000000e+00
1.204864312541909621e+00,0.000000000000000000e+00
1.168534221983953181e+00,0.000000000000000000e+00
1.337956408073264214e+00,0.000000000000000000e+00
1.337956408073264214e+00,0.000000000000000000e+00
1.192083034326601565e+00,0.000000000000000000e+00
1.192083034326601565e+00,0.000000000000000000e+00
1.080318658808157695e+00,0.000000000000000000e+00
1.278790400542865413e+00,0.000000000000000000e+00
1.278790400542865413e+00,0.000000000000000000e+00
1.290590657465312763e+00,0.000000000000000000e+00
1.290590657465312763e+00,0.000000000000000000e+00
1.290649755244622554e+00,0.000000000000000000e+00
1.290649755244622554e+00,0.000000000000000000e+00
1.290649755244622554e+00,0.000000000000000000e+00
1.290649755244622554e+00,0.000000000000000000e+00
1.292653587331223264e+00,0.000000000000000000e+00
1.280880939229712911e+00,0.000000000000000000e+00
1.060285280131549657e+00,0.000000000000000000e+00
1.094538599103796805e+00,0.000000000000000000e+00
1.174268395052174396e+00,0.000000000000000000e+00
1.285908622689716507e+00,0.000000000000000000e+00
1.285908622689716507e+00,0.000000000000000000e+00
1.342906005435213990e+00,0.000000000000000000e+00
1.342906005435213990e+00,0.000000000000000000e+00
1.349825506240120543e+00,0.000000000000000000e+00
1.240643041202010188e+00,0.000000000000000000e+00
1.258544269739000354e+00,0.000000000000000000e+00
1.224889860124719565e+00,0.000000000000000000e+00
1.325144565935472585e+00,0.000000000000000000e+00
1.139050189394331669e+00,0.000000000000000000e+00
1.270279996643062015e+00,0.000000000000000000e+00
1.265458071647695526e+00,0.000000000000000000e+00
1.238471342638027384e+00,0.000000000000000000e+00
1.330307434610509709e+00,0.000000000000000000e+00
1.095186926491070079e+00,0.000000000000000000e+00
1.025586951977921268e+00,0.000000000000000000e+00
1.025586951977921268e+00,0.000000000000000000e+00
1.216549295383452689e+00,0.000000000000000000e+00
1.160775953383055281e+00,0.000000000000000000e+00
1.293405229349967822e+00,0.000000000000000000e+00
1.331222568044346799e+00,0.000000000000000000e+00
1.342320420013908722e+00,0.000000000000000000e+00
1.279314612959104425e+00,0.000000000000000000e+00
1.219413441311999691e+00,0.000000000000000000e+00
1.226961041280873577e+00,0.000000000000000000e+00
1.225768454661320117e+00,0.000000000000000000e+00
1.225768454661320117e+00,0.000000000000000000e+00
1.354224737151687785e+00,0.000000000000000000e+00
1.295371182697023560e+00,0.000000000000000000e+00
1.359217220799613157e+00,0.000000000000000000e+00
1.338151621001732572e+00,0.000000000000000000e+00
1.338151621001732572e+00,0.000000000000000000e+00
1.338151621001732572e+00,0.000000000000000000e+00
1.449697085687031262e+00,0.000000000000000000e+00
1.391414697924814980e+00,0.000000000000000000e+00
1.391414697924814980e+00,0.000000000000000000e+00
1.391414697924814980e+00,0.000000000000000000e+00
1.275878409242823253e+00,0.000000000000000000e+00
1.275878409242823253e+00,0.000000000000000000e+00
1.275878409242823253e+00,0.000000000000000000e+00
1.275878409242823253e+00,0.000000000000000000e+00
1.274374736598795188e+00,0.000000000000000000e+00
1.274374736598795188e+00,0.000000000000000000e+00
1.236086193378700848e+00,0.000000000000000000e+00
1.252016104612436953e+00,0.000000000000000000e+00
1.178088900092767677e+00,0.000000000000000000e+00
1.178088900092767677e+00,0.000000000000000000e+00
1.274012300881443460e+00,0.000000000000000000e+00
1.274012300881443460e+00,0.000000000000000000e+00
1.274012300881443460e+00,0.000000000000000000e+00
1.199434524487237974e+00,0.000000000000000000e+00
1.199434524487237974e+00,0.000000000000000000e+00
1.172319067104835799e+00,0.000000000000000000e+00
1.351312193896198721e+00,0.000000000000000000e+00
1.351312193896198721e+00,0.000000000000000000e+00
1.289038437921151914e+00,0.000000000000000000e+00
1.308804960393466166e+00,0.000000000000000000e+00
1.308804960393466166e+00,0.000000000000000000e+00
1.308804960393466166e+00,0.000000000000000000e+00
1.324640317382969723e+00,0.000000000000000000e+00
1.372253531731331133e+00,0.000000000000000000e+00
1.285631157912749511e+00,0.000000000000000000e+00
1.202884952724085466e+00,0.000000000000000000e+00
1.133120170225512702e+00,0.000000000000000000e+00
1.036501175176876899e+00,0.000000000000000000e+00
1.036501175176876899e+00,0.000000000000000000e+00
1.036501175176876899e+00,0.000000000000000000e+00
1.066220908241919174e+00,0.000000000000000000e+00
1.066220908241919174e+00,0.000000000000000000e+00
1.073968127174313780e+00,0.000000000000000000e+00
1.283928742361114095e+00,0.000000000000000000e+00
1.193905753129544056e+00,0.000000000000000000e+00
1.193905753129544056e+00,0.000000000000000000e+00
1.293125306562507681e+00,0.000000000000000000e+00
1.271076198798783308e+00,0.000000000000000000e+00
1.185078764526750872e+00,0.000000000000000000e+00
1.211831234135678059e+00,0.000000000000000000e+00
1.389455117962872244e+00,0.000000000000000000e+00
1.476645554872169086e+00,0.000000000000000000e+00
1.332513048165050007e+00,0.000000000000000000e+00
1.184007205219772541e+00,0.000000000000000000e+00
1.155897980459595464e+00,0.000000000000000000e+00
1.162942906015037137e+00,0.000000000000000000e+00
1.162942906015037137e+00,0.000000000000000000e+00
1.157134214041671383e+00,0.000000000000000000e+00
1.100736722940633960e+00,0.000000000000000000e+00
1.100736722940633960e+00,0.000000000000000000e+00
1.057763711252046379e+00,0.000000000000000000e+00
1.107823129669480045e+00,0.000000000000000000e+00
1.108298963856671371e+00,0.000000000000000000e+00
1.108298963856671371e+00,0.000000000000000000e+00
1.108298963856671371e+00,0.000000000000000000e+00
9.581034566289838850e-01,0.000000000000000000e+00
9.899012569028512454e-01,0.000000000000000000e+00
1.110663457047849745e+00,0.000000000000000000e+00
1.110663457047849745e+00,0.000000000000000000e+00
1.110663457047849745e+00,0.000000000000000000e+00
1.286783303435622194e+00,0.000000000000000000e+00
1.286783303435622194e+00,0.000000000000000000e+00
1.358815299426776146e+00,0.000000000000000000e+00
1.261540225654393277e+00,0.000000000000000000e+00
1.369390572777737791e+00,0.000000000000000000e+00
1.369390572777737791e+00,0.000000000000000000e+00
1.216925029374487544e+00,0.000000000000000000e+00
1.186895310939606318e+00,0.000000000000000000e+00
1.322943687236537436e+00,0.000000000000000000e+00
1.227472386262640658e+00,0.000000000000000000e+00
1.238821818193741597e+00,0.000000000000000000e+00
1.293452243395604162e+00,0.000000000000000000e+00
1.293452243395604162e+00,0.000000000000000000e+00
1.293452243395604162e+00,0.000000000000000000e+00
1.293452243395604162e+00,0.000000000000000000e+00
1.188117516560984521e+00,0.000000000000000000e+00
1.293077442323796067e+00,0.000000000000000000e+00
1.192562364802865371e+00,0.000000000000000000e+00
1.192562364802865371e+00,0.000000000000000000e+00
1.292066358583136232e+00,0.000000000000000000e+00
1.292066358583136232e+00,0.000000000000000000e+00
1.292066358583136232e+00,0.000000000000000000e+00
1.155578208541137020e+00,0.000000000000000000e+00
1.064705435669429656e+00,0.000000000000000000e+00
9.847998378842105494e-01,0.000000000000000000e+00
1.052658638381691159e+00,0.000000000000000000e+00
1.052658638381691159e+00,0.000000000000000000e+00
1.052658638381691159e+00,0.000000000000000000e+00
1.111743048659259436e+00,0.000000000000000000e+00
1.262676639813790747e+00,0.000000000000000000e+00
1.162134921451336567e+00,0.000000000000000000e+00
1.355470299533141576e+00,0.000000000000000000e+00
1.295469912646034283e+00,0.000000000000000000e+00
1.324185905395251162e+00,0.000000000000000000e+00
1.382008838462413403e+00,0.000000000000000000e+00
1.129225109991582432e+00,0.000000000000000000e+00
1.400975341895677850e+00,0.000000000000000000e+00
1.260280614649571529e+00,0.000000000000000000e+00
1.416468910954860716e+00,0.000000000000000000e+00
1.320862083956915622e+00,0.000000000000000000e+00
1.291329158817665856e+00,0.000000000000000000e+00
1.291329158817665856e+00,0.000000000000000000e+00
1.182729060412803790e+00,0.000000000000000000e+00
1.342692167782686408e+00,0.000000000000000000e+00
1.342692167782686408e+00,0.000000000000000000e+00
1.342692167782686408e+00,0.000000000000000000e+00
1.235911078469649649e+00,0.000000000000000000e+00
1.235911078469649649e+00,0.000000000000000000e+00
1.232739800031713573e+00,0.000000000000000000e+00
1.232739800031713573e+00,0.000000000000000000e+00
1.371332065421318136e+00,0.000000000000000000e+00
1.354462389214824203e+00,0.000000000000000000e+00
1.136220600803853342e+00,0.000000000000000000e+00
1.087425195960637581e+00,0.000000000000000000e+00
1.087425195960637581e+00,0.000000000000000000e+00
1.087425195960637581e+00,0.000000000000000000e+00
1.341514932916059166e+00,0.000000000000000000e+00
1.225520434967952044e+00,0.000000000000000000e+00
1.217644440478630852e+00,0.000000000000000000e+00
1.217644440478630852e+00,0.000000000000000000e+00
1.161325769256995377e+00,0.000000000000000000e+00
1.161325769256995377e+00,0.000000000000000000e+00
1.194612212443052268e+00,0.000000000000000000e+00
1.194612212443052268e+00,0.000000000000000000e+00
1.389397838915390260e+00,0.000000000000000000e+00
1.389397838915390260e+00,0.000000000000000000e+00
1.197883502837189251e+00,0.000000000000000000e+00
1.197883502837189251e+00,0.000000000000000000e+00
1.267655572950561416e+00,0.000000000000000000e+00
1.267655572950561416e+00,0.000000000000000000e+00
1.267655572950561416e+00,0.000000000000000000e+00
1.104474109853022412e+00,0.000000000000000000e+00
1.234620226251572639e+00,0.000000000000000000e+00
1.381838462603318440e+00,0.000000000000000000e+00
1.381838462603318440e+00,0.000000000000000000e+00
1.381838462603318440e+00,0.000000000000000000e+00
1.351283870454687452e+00,0.000000000000000000e+00
1.287015777247879189e+00,0.000000000000000000e+00
1.287015777247879189e+00,0.000000000000000000e+00
1.287015777247879189e+00,0.000000000000000000e+00
1.287015777247879189e+00,0.000000000000000000e+00
1.287015777247879189e+00,0.000000000000000000e+00
1.415272905432937378e+00,0.000000000000000000e+00
1.154532944912608050e+00,0.000000000000000000e+00
1.257918465940321751e+00,0.000000000000000000e+00
1.257918465940321751e+00,0.000000000000000000e+00
1.257918465940321751e+00,0.000000000000000000e+00
1.306660159607278882e+00,0.000000000000000000e+00
1.306660159607278882e+00,0.000000000000000000e+00
1.383154990222441594e+00,0.000000000000000000e+00
1.442820181528304158e+00,0.000000000000000000e+00
1.442820181528304158e+00,0.000000000000000000e+00
1.442820181528304158e+00,0.000000000000000000e+00
1.288146866299716864e+00,0.000000000000000000e+00
1.288146866299716864e+00,0.000000000000000000e+00
1.209128682969372148e+00,0.000000000000000000e+00
1.209128682969372148e+00,0.000000000000000000e+00
1.238014014588456391e+00,0.000000000000000000e+00
1.238014014588456391e+00,0.000000000000000000e+00
1.256155119476121351e+00,0.000000000000000000e+00
1.245727440808256148e+00,0.000000000000000000e+00
1.245727440808256148e+00,0.000000000000000000e+00
1.245727440808256148e+00,0.000000000000000000e+00
1.269289777768539684e+00,0.000000000000000000e+00
1.269289777768539684e+00,0.000000000000000000e+00
1.296555197931899883e+00,0.000000000000000000e+00
1.296555197931899883e+00,0.000000000000000000e+00
1.296555197931899883e+00,0.000000000000000000e+00
1.296555197931899883e+00,0.000000000000000000e+00
1.296555197931899883e+00,0.000000000000000000e+00
1.216918884522717903e+00,0.000000000000000000e+00
1.239685442351479816e+00,0.000000000000000000e+00
1.362014380819533077e+00,0.000000000000000000e+00
1.373217275961331474e+00,0.000000000000000000e+00
1.345055968712992156e+00,0.000000000000000000e+00
1.333946892605102352e+00,0.000000000000000000e+00
1.184856624731489561e+00,0.000000000000000000e+00
1.309160143576407753e+00,0.000000000000000000e+00
1.481782449073931085e+00,0.000000000000000000e+00
1.471936398761173326e+00,0.000000000000000000e+00
1.471936398761173326e+00,0.000000000000000000e+00
1.471936398761173326e+00,0.000000000000000000e+00
1.136744444876674587e+00,0.000000000000000000e+00
1.076353846056592456e+00,0.000000000000000000e+00
1.247412982105434942e+00,0.000000000000000000e+00
1.247412982105434942e+00,0.000000000000000000e+00
1.285693437814877660e+00,0.000000000000000000e+00
1.285693437814877660e+00,0.000000000000000000e+00
1.412538558380087128e+00,0.000000000000000000e+00
1.412538558380087128e+00,0.000000000000000000e+00
1.205666826440804806e+00,0.000000000000000000e+00
1.205666826440804806e+00,0.000000000000000000e+00
1.205666826440804806e+00,0.000000000000000000e+00
1.330717658377644108e+00,0.000000000000000000e+00
1.448578331972488531e+00,0.000000000000000000e+00
1.436299249145777557e+00,0.000000000000000000e+00
1.261752000612343272e+00,0.000000000000000000e+00
1.261752000612343272e+00,0.000000000000000000e+00
1.261752000612343272e+00,0.000000000000000000e+00
1.191999939075157444e+00,0.000000000000000000e+00
1.336874680092646539e+00,0.000000000000000000e+00
1.369154876396921239e+00,0.000000000000000000e+00
1.369154876396921239e+00,0.000000000000000000e+00
1.352747821937283712e+00,0.000000000000000000e+00
1.352747821937283712e+00,0.000000000000000000e+00
1.352747821937283712e+00,0.000000000000000000e+00
1.295869229453266103e+00,0.000000000000000000e+00
1.317648686026588134e+00,0.000000000000000000e+00
1.249611040543590068e+00,0.000000000000000000e+00
1.388097154004972467e+00,0.000000000000000000e+00
1.347836008321555701e+00,0.000000000000000000e+00
1.407822786735531295e+00,0.000000000000000000e+00
1.407822786735531295e+00,0.000000000000000000e+00
1.407822786735531295e+00,0.000000000000000000e+00
1.388985796770996428e+00,0.000000000000000000e+00
1.362425981194519631e+00,0.000000000000000000e+00
1.159501480446517796e+00,0.000000000000000000e+00
1.159501480446517796e+00,0.000000000000000000e+00
1.352810094730768187e+00,0.000000000000000000e+00
1.223461191394962233e+00,0.000000000000000000e+00
1.316538335326567166e+00,0.000000000000000000e+00
1.278044264048153300e+00,0.000000000000000000e+00
1.355392891725445637e+00,0.000000000000000000e+00
1.355392891725445637e+00,0.000000000000000000e+00
1.355392891725445637e+00,0.000000000000000000e+00
1.394924282803242654e+00,0.000000000000000000e+00
1.113883990232281240e+00,0.000000000000000000e+00
1.113883990232281240e+00,0.000000000000000000e+00
1.184877000079959553e+00,0.000000000000000000e+00
1.251481694202770001e+00,0.000000000000000000e+00
1.332267050948990672e+00,0.000000000000000000e+00
1.296303417816608183e+00,0.000000000000000000e+00
1.296303417816608183e+00,0.000000000000000000e+00
1.389336635606981174e+00,0.000000000000000000e+00
1.389336635606981174e+00,0.000000000000000000e+00
1.389336635606981174e+00,0.000000000000000000e+00
1.280595479475790111e+00,0.000000000000000000e+00
1.224371799354462498e+00,0.000000000000000000e+00
1.224371799354462498e+00,0.000000000000000000e+00
1.325805236389297814e+00,0.000000000000000000e+00
1.325805236389297814e+00,0.000000000000000000e+00
1.325805236389297814e+00,0.000000000000000000e+00
1.359533709752536401e+00,0.000000000000000000e+00
1.397152329578241758e+00,0.000000000000000000e+00
1.075851999900219624e+00,0.000000000000000000e+00
1.075381046390463391e+00,0.000000000000000000e+00
9.454418089020478755e-01,0.000000000000000000e+00
9.454418089020478755e-01,0.000000000000000000e+00
1.011500082122200439e+00,0.000000000000000000e+00
1.029927804855922835e+00,0.000000000000000000e+00
1.118615899963248728e+00,0.000000000000000000e+00
1.128232035871731043e+00,0.000000000000000000e+00
1.128232035871731043e+00,0.000000000000000000e+00
1.128232035871731043e+00,0.000000000000000000e+00
9.604698297012614905e-01,0.000000000000000000e+00
9.604698297012614905e-01,0.000000000000000000e+00
8.686079372607781179e-01,0.000000000000000000e+00
8.735256699703236594e-01,0.000000000000000000e+00
1.123760688189613166e+00,0.000000000000000000e+00
1.123760688189613166e+00,0.000000000000000000e+00
1.126067837401736771e+00,0.000000000000000000e+00
1.126067837401736771e+00,0.000000000000000000e+00
1.338371479163690481e+00,0.000000000000000000e+00
1.304427893997561094e+00,0.000000000000000000e+00
1.139405835501739350e+00,0.000000000000000000e+00
1.179572984690443471e+00,0.000000000000000000e+00
1.229822690734864832e+00,0.000000000000000000e+00
1.229822690734864832e+00,0.000000000000000000e+00
1.373660237831344721e+00,0.000000000000000000e+00
1.373660237831344721e+00,0.000000000000000000e+00
1.373660237831344721e+00,0.000000000000000000e+00
1.373660237831344721e+00,0.000000000000000000e+00
1.480380150181480836e+00,0.000000000000000000e+00
1.480380150181480836e+00,0.000000000000000000e+00
1.480380150181480836e+00,0.000000000000000000e+00
1.487050637600032088e+00,0.000000000000000000e+00
1.487050637600032088e+00,0.000000000000000000e+00
1.450335969212305010e+00,0.000000000000000000e+00
1.391690877183960895e+00,0.000000000000000000e+00
1.291059342079781791e+00,0.000000000000000000e+00
1.291059342079781791e+00,0.000000000000000000e+00
1.140095040620626943e+00,0.000000000000000000e+00
1.097199481702737955e+00,0.000000000000000000e+00
1.124409062844953233e+00,0.000000000000000000e+00
1.247089251322718750e+00,0.000000000000000000e+00
1.247089251322718750e+00,0.000000000000000000e+00
1.206764942033996091e+00,0.000000000000000000e+00
1.406472393516055241e+00,0.000000000000000000e+00
1.483292788261025619e+00,0.000000000000000000e+00
1.483292788261025619e+00,0.000000000000000000e+00
1.483292788261025619e+00,0.000000000000000000e+00
1.483292788261025619e+00,0.000000000000000000e+00
1.483292788261025619e+00,0.000000000000000000e+00
1.474579145098518174e+00,0.000000000000000000e+00
1.289714134852109284e+00,0.000000000000000000e+00
1.324437952375361105e+00,0.000000000000000000e+00
1.324437952375361105e+00,0.000000000000000000e+00
1.307250944161950867e+00,0.000000000000000000e+00
1.169035626650872794e+00,0.000000000000000000e+00
1.423241243726459437e+00,0.000000000000000000e+00
1.405704874077357447e+00,0.000000000000000000e+00
1.405704874077357447e+00,0.000000000000000000e+00
1.405704874077357447e+00,0.000000000000000000e+00
1.405704874077357447e+00,0.000000000000000000e+00
1.368902061803976888e+00,0.000000000000000000e+00
1.349417594262754205e+00,0.000000000000000000e+00
1.227944423844192112e+00,0.000000000000000000e+00
1.227944423844192112e+00,0.000000000000000000e+00
1.324291051564704835e+00,0.000000000000000000e+00
1.324291051564704835e+00,0.000000000000000000e+00
1.146795460914504350e+00,0.000000000000000000e+00
1.146795460914504350e+00,0.000000000000000000e+00
1.214067925760532907e+00,0.000000000000000000e+00
1.217140410161037467e+00,0.000000000000000000e+00
1.217140410161037467e+00,0.000000000000000000e+00
1.238918749418490339e+00,0.000000000000000000e+00
1.289823588442550184e+00,0.000000000000000000e+00
1.226502867599516211e+00,0.000000000000000000e+00
1.226502867599516211e+00,0.000000000000000000e+00
1.368709861890778257e+00,0.000000000000000000e+00
1.233797867498694911e+00,0.000000000000000000e+00
1.449231932621416918e+00,0.000000000000000000e+00
1.449231932621416918e+00,0.000000000000000000e+00
1.449231932621416918e+00,0.000000000000000000e+00
1.105669089165302044e+00,0.000000000000000000e+00
1.187661968897382181e+00,0.000000000000000000e+00
1.011052252658751316e+00,0.000000000000000000e+00
1.011052252658751316e+00,0.000000000000000000e+00
1.101616189241837240e+00,0.000000000000000000e+00
1.087303709890210746e+00,0.000000000000000000e+00
1.087303709890210746e+00,0.000000000000000000e+00
1.087303709890210746e+00,0.000000000000000000e+00
1.109432946412092003e+00,0.000000000000000000e+00
1.109432946412092003e+00,0.000000000000000000e+00
1.109432946412092003e+00,0.000000000000000000e+00
1.109432946412092003e+00,0.000000000000000000e+00
1.312606457246127345e+00,0.000000000000000000e+00
1.312606457246127345e+00,0.000000000000000000e+00
1.290728673743811949e+00,0.000000000000000000e+00
1.277874855274371946e+00,0.000000000000000000e+00
1.165828207358605262e+00,0.000000000000000000e+00
1.161798226089485242e+00,0.000000000000000000e+00
1.402336495375163139e+00,0.000000000000000000e+00
1.229400990760296519e+00,0.000000000000000000e+00
1.208470763675271176e+00,0.000000000000000000e+00
1.301682656367324054e+00,0.000000000000000000e+00
1.231459127355931660e+00,0.000000000000000000e+00
1.322104661167328388e+00,0.000000000000000000e+00
1.328934628391007067e+00,0.000000000000000000e+00
1.328934628391007067e+00,0.000000000000000000e+00
1.089483669907558516e+00,0.000000000000000000e+00
1.127263854876157323e+00,0.000000000000000000e+00
1.124558195450048537e+00,0.000000000000000000e+00
1.124558195450048537e+00,0.000000000000000000e+00
1.167421810105474078e+00,0.000000000000000000e+00
1.161756553990216378e+00,0.000000000000000000e+00
1.161756553990216378e+00,0.000000000000000000e+00
1.246345185981104109e+00,0.000000000000000000e+00
1.245825650683527019e+00,0.000000000000000000e+00
1.245825650683527019e+00,0.000000000000000000e+00
1.245825650683527019e+00,0.000000000000000000e+00
1.245825650683527019e+00,0.000000000000000000e+00
1.350018714350719851e+00,0.000000000000000000e+00
1.356050036569268480e+00,0.000000000000000000e+00
1.356050036569268480e+00,0.000000000000000000e+00
1.356050036569268480e+00,0.000000000000000000e+00
1.274331825220250680e+00,0.000000000000000000e+00
1.274331825220250680e+00,0.000000000000000000e+00
1.152202643491445411e+00,0.000000000000000000e+00
1.071337177808235452e+00,0.000000000000000000e+00
1.123409856259190098e+00,0.000000000000000000e+00
1.150756644259886441e+00,0.000000000000000000e+00
1.150756644259886441e+00,0.000000000000000000e+00
1.150756644259886441e+00,0.000000000000000000e+00
1.367152701438093088e+00,0.000000000000000000e+00
1.367152701438093088e+00,0.000000000000000000e+00
1.367152701438093088e+00,0.000000000000000000e+00
1.363412730606009537e+00,0.000000000000000000e+00
1.363412730606009537e+00,0.000000000000000000e+00
1.306075813316929901e+00,0.000000000000000000e+00
1.306075813316929901e+00,0.000000000000000000e+00
1.246744446405225304e+00,0.000000000000000000e+00
1.323396279892459226e+00,0.000000000000000000e+00
1.222837701979022418e+00,0.000000000000000000e+00
1.374021031452507646e+00,0.000000000000000000e+00
1.417761876788283359e+00,0.000000000000000000e+00
1.308852294644856418e+00,0.000000000000000000e+00
1.175782802294084384e+00,0.000000000000000000e+00
1.170393707956947527e+00,0.000000000000000000e+00
1.170393707956947527e+00,0.000000000000000000e+00
1.170393707956947527e+00,0.000000000000000000e+00
1.170393707956947527e+00,0.000000000000000000e+00
1.160360353665699007e+00,0.000000000000000000e+00
1.126711048190952358e+00,0.000000000000000000e+00
1.126711048190952358e+00,0.000000000000000000e+00
1.203934025535692287e+00,0.000000000000000000e+00
1.158549905805567493e+00,0.000000000000000000e+00
1.158549905805567493e+00,0.000000000000000000e+00
1.158549905805567493e+00,0.000000000000000000e+00
1.168281992958430049e+00,0.000000000000000000e+00
1.034422594760330938e+00,0.000000000000000000e+00
1.034422594760330938e+00,0.000000000000000000e+00
1.235286206826243127e+00,0.000000000000000000e+00
1.144386713520615606e+00,0.000000000000000000e+00
1.348814053429143511e+00,0.000000000000000000e+00
1.348814053429143511e+00,0.000000000000000000e+00
1.316729993280639777e+00,0.000000000000000000e+00
1.316729993280639777e+00,0.000000000000000000e+00
1.416056806891159869e+00,0.000000000000000000e+00
1.416056806891159869e+00,0.000000000000000000e+00
1.416056806891159869e+00,0.000000000000000000e+00
1.318053362565587250e+00,0.000000000000000000e+00
1.318053362565587250e+00,0.000000000000000000e+00
1.318053362565587250e+00,0.000000000000000000e+00
1.161846419165000199e+00,0.000000000000000000e+00
1.380595094912504317e+00,0.000000000000000000e+00
1.288208451387890419e+00,0.000000000000000000e+00
1.383525003317586988e+00,0.000000000000000000e+00
1.383525003317586988e+00,0.000000000000000000e+00
1.383525003317586988e+00,0.000000000000000000e+00
1.143082307931648334e+00,0.000000000000000000e+00
1.102166549188995148e+00,0.000000000000000000e+00
1.321629462017247514e+00,0.000000000000000000e+00
1.457625524011821216e+00,0.000000000000000000e+00
1.457625524011821216e+00,0.000000000000000000e+00
1.332764434855469027e+00,0.000000000000000000e+00
1.332764434855469027e+00,0.000000000000000000e+00
1.306520295302507462e+00,0.000000000000000000e+00
1.263842336646954889e+00,0.000000000000000000e+00
1.185440935904604975e+00,0.000000000000000000e+00
1.337628685962848785e+00,0.000000000000000000e+00
1.337628685962848785e+00,0.000000000000000000e+00
1.337628685962848785e+00,0.000000000000000000e+00
1.337628685962848785e+00,0.000000000000000000e+00
1.350389527427902747e+00,0.000000000000000000e+00
1.313888220108590188e+00,0.000000000000000000e+00
1.324339821185470001e+00,0.000000000000000000e+00
1.324339821185470001e+00,0.000000000000000000e+00
1.324339821185470001e+00,0.000000000000000000e+00
1.340503363673581694e+00,0.000000000000000000e+00
1.340503363673581694e+00,0.000000000000000000e+00
1.012117167559773767e+00,0.000000000000000000e+00
1.030691895437573224e+00,0.000000000000000000e+00
1.175510284963749985e+00,0.000000000000000000e+00
1.119380500995109218e+00,0.000000000000000000e+00
1.108750493240066470e+00,0.000000000000000000e+00
1.111636784368073450e+00,0.000000000000000000e+00
1.334814871710045647e+00,0.000000000000000000e+00
1.401486377191039301e+00,0.000000000000000000e+00
1.448075908091257746e+00,0.000000000000000000e+00
1.453914575145151433e+00,0.000000000000000000e+00
1.453914575145151433e+00,0.000000000000000000e+00
1.399532163399863416e+00,0.000000000000000000e+00
1.355888185657952993e+00,0.000000000000000000e+00
1.118413060332114295e+00,0.000000000000000000e+00
1.118413060332114295e+00,0.000000000000000000e+00
1.156898293446197989e+00,0.000000000000000000e+00
1.286370230775880419e+00,0.000000000000000000e+00
1.286370230775880419e+00,0.000000000000000000e+00
1.226999045310017245e+00,0.000000000000000000e+00
1.325020007376596975e+00,0.000000000000000000e+00
1.325020007376596975e+00,0.000000000000000000e+00
1.237203768621693456e+00,0.000000000000000000e+00
1.237203768621693456e+00,0.000000000000000000e+00
9.757050803141051887e-01,0.000000000000000000e+00
9.757050803141051887e-01,0.000000000000000000e+00
9.757050803141051887e-01,0.000000000000000000e+00
1.183461318309392052e+00,0.000000000000000000e+00
1.262650985809951276e+00,0.000000000000000000e+00
1.298853831169448636e+00,0.000000000000000000e+00
1.298853831169448636e+00,0.000000000000000000e+00
1.298853831169448636e+00,0.000000000000000000e+00
1.298853831169448636e+00,0.000000000000000000e+00
1.264563976173354698e+00,0.000000000000000000e+00
1.264563976173354698e+00,0.000000000000000000e+00
1.164839500892351554e+00,0.000000000000000000e+00
1.164839500892351554e+00,0.000000000000000000e+00
1.310478474113322411e+00,0.000000000000000000e+00
1.310478474113322411e+00,0.000000000000000000e+00
1.215861484013589067e+00,0.000000000000000000e+00
1.215861484013589067e+00,0.000000000000000000e+00
1.215861484013589067e+00,0.000000000000000000e+00
1.215861484013589067e+00,0.000000000000000000e+00
1.215861484013589067e+00,0.000000000000000000e+00
1.247585721556108806e+00,0.000000000000000000e+00
1.213759868093162275e+00,0.000000000000000000e+00
1.213759868093162275e+00,0.000000000000000000e+00
1.390219314129319983e+00,0.000000000000000000e+00
1.411854494995342657e+00,0.000000000000000000e+00
1.199630270503954321e+00,0.000000000000000000e+00
1.199630270503954321e+00,0.000000000000000000e+00
1.238348669144084369e+00,0.000000000000000000e+00
1.238348669144084369e+00,0.000000000000000000e+00
1.238348669144084369e+00,0.000000000000000000e+00
1.383584487353363812e+00,0.000000000000000000e+00
1.383584487353363812e+00,0.000000000000000000e+00
1.372268604786379464e+00,0.000000000000000000e+00
1.169444016717477552e+00,0.000000000000000000e+00
1.169444016717477552e+00,0.000000000000000000e+00
1.204697121849689578e+00,0.000000000000000000e+00
1.204697121849689578e+00,0.000000000000000000e+00
1.228332149157939979e+00,0.000000000000000000e+00
1.228332149157939979e+00,0.000000000000000000e+00
1.225199175958621822e+00,0.000000000000000000e+00
1.225199175958621822e+00,0.000000000000000000e+00
1.129159387183578334e+00,0.000000000000000000e+00
1.254145416457782769e+00,0.000000000000000000e+00
1.060151851285721980e+00,0.000000000000000000e+00
1.060151851285721980e+00,0.000000000000000000e+00
1.060151851285721980e+00,0.000000000000000000e+00
1.050267423645107057e+00,0.000000000000000000e+00
1.110890523988435685e+00,0.000000000000000000e+00
1.052551430081350103e+00,0.000000000000000000e+00
1.369515035723095187e+00,0.000000000000000000e+00
1.070553535044093341e+00,0.000000000000000000e+00
1.149376215622158970e+00,0.000000000000000000e+00
1.367531102265036047e+00,0.000000000000000000e+00
1.404679185163214106e+00,0.000000000000000000e+00
1.404679185163214106e+00,0.000000000000000000e+00
1.404679185163214106e+00,0.000000000000000000e+00
1.171327583959448582e+00,0.000000000000000000e+00
1.068388613707656143e+00,0.000000000000000000e+00
1.277304134864159613e+00,0.000000000000000000e+00
1.054138859619173640e+00,0.000000000000000000e+00
1.054138859619173640e+00,0.000000000000000000e+00
9.984760511728424381e-01,0.000000000000000000e+00
9.984760511728424381e-01,0.000000000000000000e+00
1.163147738517244845e+00,0.000000000000000000e+00
1.163147738517244845e+00,0.000000000000000000e+00
1.163147738517244845e+00,0.000000000000000000e+00
1.163147738517244845e+00,0.000000000000000000e+00
1.163147738517244845e+00,0.000000000000000000e+00
1.414177543923136326e+00,0.000000000000000000e+00
1.414177543923136326e+00,0.000000000000000000e+00
1.551090450305360635e+00,0.000000000000000000e+00
1.402902216070408103e+00,0.000000000000000000e+00
1.402902216070408103e+00,0.000000000000000000e+00
1.345372978651761864e+00,0.000000000000000000e+00
1.433684302452653325e+00,0.000000000000000000e+00
1.433684302452653325e+00,0.000000000000000000e+00
1.301003748956473194e+00,0.000000000000000000e+00
1.301003748956473194e+00,0.000000000000000000e+00
1.301003748956473194e+00,0.000000000000000000e+00
1.301003748956473194e+00,0.000000000000000000e+00
1.301003748956473194e+00,0.000000000000000000e+00
1.301003748956473194e+00,0.000000000000000000e+00
1.255274687857576676e+00,0.000000000000000000e+00
1.255274687857576676e+00,0.000000000000000000e+00
1.255274687857576676e+00,0.000000000000000000e+00
1.192024676306676190e+00,0.000000000000000000e+00
1.192024676306676190e+00,0.000000000000000000e+00
1.470371901807448589e+00,0.000000000000000000e+00
1.427456004272220857e+00,0.000000000000000000e+00
1.427456004272220857e+00,0.000000000000000000e+00
1.189069149220865818e+00,0.000000000000000000e+00
1.189069149220865818e+00,0.000000000000000000e+00
1.114648526168477094e+00,0.000000000000000000e+00
1.114648526168477094e+00,0.000000000000000000e+00
1.168366230079474821e+00,0.000000000000000000e+00
1.168366230079474821e+00,0.000000000000000000e+00
1.155449520034428579e+00,0.000000000000000000e+00
1.155449520034428579e+00,0.000000000000000000e+00
1.185849919574887057e+00,0.000000000000000000e+00
1.316514231780970601e+00,0.000000000000000000e+00
1.316514231780970601e+00,0.000000000000000000e+00
1.316514231780970601e+00,0.000000000000000000e+00
1.268753064128863572e+00,0.000000000000000000e+00
1.186133107524962593e+00,0.000000000000000000e+00
1.186133107524962593e+00,0.000000000000000000e+00
1.186133107524962593e+00,0.000000000000000000e+00
1.186133107524962593e+00,0.000000000000000000e+00
1.186133107524962593e+00,0.000000000000000000e+00
1.173129526969202141e+00,0.000000000000000000e+00
1.332549653697181036e+00,0.000000000000000000e+00
1.332549653697181036e+00,0.000000000000000000e+00
1.299450635953680377e+00,0.000000000000000000e+00
1.405311101482500158e+00,0.000000000000000000e+00
1.309054795822673922e+00,0.000000000000000000e+00
1.309054795822673922e+00,0.000000000000000000e+00
1.309054795822673922e+00,0.000000000000000000e+00
1.201173047083875511e+00,0.000000000000000000e+00
1.201173047083875511e+00,0.000000000000000000e+00
1.201173047083875511e+00,0.000000000000000000e+00
1.201173047083875511e+00,0.000000000000000000e+00
1.279290932539535852e+00,0.000000000000000000e+00
1.234111142234471936e+00,0.000000000000000000e+00
1.330691394398825445e+00,0.000000000000000000e+00
1.212305366578523724e+00,0.000000000000000000e+00
1.240211016106799624e+00,0.000000000000000000e+00
1.240211016106799624e+00,0.000000000000000000e+00
1.215646550984377905e+00,0.000000000000000000e+00
1.215646550984377905e+00,0.000000000000000000e+00
1.344185134175421847e+00,0.000000000000000000e+00
1.176872306871757257e+00,0.000000000000000000e+00
1.292286696972232196e+00,0.000000000000000000e+00
1.316606528835626788e+00,0.000000000000000000e+00
1.316606528835626788e+00,0.000000000000000000e+00
1.150193199975097391e+00,0.000000000000000000e+00
1.284752454873310912e+00,0.000000000000000000e+00
1.284137610762102311e+00,0.000000000000000000e+00
1.210884841094318931e+00,0.000000000000000000e+00
1.210884841094318931e+00,0.000000000000000000e+00
1.410467965677569158e+00,0.000000000000000000e+00
1.355275028114831803e+00,0.000000000000000000e+00
1.452311399858088548e+00,0.000000000000000000e+00
1.452311399858088548e+00,0.000000000000000000e+00
1.452311399858088548e+00,0.000000000000000000e+00
1.496137923066614750e+00,0.000000000000000000e+00
1.496137923066614750e+00,0.000000000000000000e+00
1.496137923066614750e+00,0.000000000000000000e+00
1.332924908577940215e+00,0.000000000000000000e+00
1.332924908577940215e+00,0.000000000000000000e+00
1.332924908577940215e+00,0.000000000000000000e+00
1.289321315343288310e+00,0.000000000000000000e+00
1.289321315343288310e+00,0.000000000000000000e+00
1.289321315343288310e+00,0.000000000000000000e+00
1.183714711282809695e+00,0.000000000000000000e+00
1.183714711282809695e+00,0.000000000000000000e+00
1.342414404239038683e+00,0.000000000000000000e+00
1.243276320656532263e+00,0.000000000000000000e+00
1.243276320656532263e+00,0.000000000000000000e+00
1.269123181013132484e+00,0.000000000000000000e+00
1.269123181013132484e+00,0.000000000000000000e+00
1.188726982170882573e+00,0.000000000000000000e+00
1.188726982170882573e+00,0.000000000000000000e+00
1.188726982170882573e+00,0.000000000000000000e+00
1.310202074440093511e+00,0.000000000000000000e+00
1.310202074440093511e+00,0.000000000000000000e+00
1.330786276364277043e+00,0.000000000000000000e+00
1.424433549313524283e+00,0.000000000000000000e+00
1.312642213902127208e+00,0.000000000000000000e+00
1.312642213902127208e+00,0.000000000000000000e+00
1.312642213902127208e+00,0.000000000000000000e+00
1.312642213902127208e+00,0.000000000000000000e+00
1.312642213902127208e+00,0.000000000000000000e+00
1.499614865370538563e+00,0.000000000000000000e+00
1.499614865370538563e+00,0.000000000000000000e+00
1.403793231660859231e+00,0.000000000000000000e+00
1.346189143406682387e+00,0.000000000000000000e+00
1.334987862743516329e+00,0.000000000000000000e+00
1.334987862743516329e+00,0.000000000000000000e+00
1.334987862743516329e+00,0.000000000000000000e+00
1.364769742240335093e+00,0.000000000000000000e+00
1.364769742240335093e+00,0.000000000000000000e+00
1.364769742240335093e+00,0.000000000000000000e+00
1.386068195048533847e+00,0.000000000000000000e+00
1.268531647062420387e+00,0.000000000000000000e+00
1.219799383272101467e+00,0.000000000000000000e+00
1.229677213951378745e+00,0.000000000000000000e+00
1.453757685830862068e+00,0.000000000000000000e+00
1.453757685830862068e+00,0.000000000000000000e+00
1.308285575065678330e+00,0.000000000000000000e+00
1.308285575065678330e+00,0.000000000000000000e+00
1.308285575065678330e+00,0.000000000000000000e+00
1.308285575065678330e+00,0.000000000000000000e+00
1.308285575065678330e+00,0.000000000000000000e+00
1.137283815372798879e+00,0.000000000000000000e+00
1.028841481551177273e+00,0.000000000000000000e+00
1.028841481551177273e+00,0.000000000000000000e+00
1.028841481551177273e+00,0.000000000000000000e+00
1.028841481551177273e+00,0.000000000000000000e+00
1.071963108540298970e+00,0.000000000000000000e+00
1.381782333643527316e+00,0.000000000000000000e+00
1.381782333643527316e+00,0.000000000000000000e+00
1.381782333643527316e+00,0.000000000000000000e+00
1.331838325625367192e+00,0.000000000000000000e+00
1.182324896979757956e+00,0.000000000000000000e+00
1.182324896979757956e+00,0.000000000000000000e+00
1.062286164550279022e+00,0.000000000000000000e+00
1.062286164550279022e+00,0.000000000000000000e+00
1.345556684524638946e+00,0.000000000000000000e+00
1.467968877987722465e+00,0.000000000000000000e+00
1.306563943726235966e+00,0.000000000000000000e+00
1.335312267755933924e+00,0.000000000000000000e+00
1.335312267755933924e+00,0.000000000000000000e+00
1.335312267755933924e+00,0.000000000000000000e+00
1.310626544356275236e+00,0.000000000000000000e+00
1.454538768571663754e+00,0.000000000000000000e+00
1.224413190704717769e+00,0.000000000000000000e+00
1.276356833972327021e+00,0.000000000000000000e+00
1.276356833972327021e+00,0.000000000000000000e+00
1.269291562582243849e+00,0.000000000000000000e+00
1.269291562582243849e+00,0.000000000000000000e+00
1.269291562582243849e+00,0.000000000000000000e+00
1.269291562582243849e+00,0.000000000000000000e+00
1.269291562582243849e+00,0.000000000000000000e+00
1.279206644834239626e+00,0.000000000000000000e+00
1.279206644834239626e+00,0.000000000000000000e+00
1.279206644834239626e+00,0.000000000000000000e+00
1.279206644834239626e+00,0.000000000000000000e+00
1.429334983153605299e+00,0.000000000000000000e+00
1.448957580906734544e+00,0.000000000000000000e+00
1.462299252824704521e+00,0.000000000000000000e+00
1.462299252824704521e+00,0.000000000000000000e+00
1.462299252824704521e+00,0.000000000000000000e+00
1.462299252824704521e+00,0.000000000000000000e+00
1.462299252824704521e+00,0.000000000000000000e+00
1.137786927458938280e+00,0.000000000000000000e+00
1.168195873762642556e+00,0.000000000000000000e+00
1.168195873762642556e+00,0.000000000000000000e+00
1.168195873762642556e+00,0.000000000000000000e+00
1.236435909137267641e+00,0.000000000000000000e+00
1.236435909137267641e+00,0.000000000000000000e+00
1.212371378520085807e+00,0.000000000000000000e+00
1.158014750601394471e+00,0.000000000000000000e+00
1.232227532034313455e+00,0.000000000000000000e+00
1.232227532034313455e+00,0.000000000000000000e+00
1.203133327007116948e+00,0.000000000000000000e+00
1.195578956782973545e+00,0.000000000000000000e+00
1.105980762413490082e+00,0.000000000000000000e+00
1.105980762413490082e+00,0.000000000000000000e+00
1.105980762413490082e+00,0.000000000000000000e+00
1.105980762413490082e+00,0.000000000000000000e+00
1.227095801865092817e+00,0.000000000000000000e+00
1.165321006400717119e+00,0.000000000000000000e+00
1.165321006400717119e+00,0.000000000000000000e+00
1.089652198683921824e+00,0.000000000000000000e+00
1.273175969354149339e+00,0.000000000000000000e+00
1.327674506400329912e+00,0.000000000000000000e+00
1.280341635592099792e+00,0.000000000000000000e+00
1.280341635592099792e+00,0.000000000000000000e+00
1.280341635592099792e+00,0.000000000000000000e+00
1.280341635592099792e+00,0.000000000000000000e+00
1.280341635592099792e+00,0.000000000000000000e+00
1.280341635592099792e+00,0.000000000000000000e+00
1.280341635592099792e+00,0.000000000000000000e+00
1.314646884727307175e+00,0.000000000000000000e+00
1.348151578161451036e+00,0.000000000000000000e+00
1.348151578161451036e+00,0.000000000000000000e+00
1.348151578161451036e+00,0.000000000000000000e+00
1.348151578161451036e+00,0.000000000000000000e+00
1.348151578161451036e+00,0.000000000000000000e+00
1.200251764569612023e+00,0.000000000000000000e+00
1.194617989612044573e+00,0.000000000000000000e+00
1.252607568551145967e+00,0.000000000000000000e+00
1.252607568551145967e+00,0.000000000000000000e+00
1.324648874910962837e+00,0.000000000000000000e+00
1.324648874910962837e+00,0.000000000000000000e+00
1.324648874910962837e+00,0.000000000000000000e+00
1.355862868041402880e+00,0.000000000000000000e+00
1.322617796727174833e+00,0.000000000000000000e+00
1.267179853890935792e+00,0.000000000000000000e+00
1.295806907739567526e+00,0.000000000000000000e+00
1.235877407364945668e+00,0.000000000000000000e+00
1.145566737941481117e+00,0.000000000000000000e+00
1.197719908730599414e+00,0.000000000000000000e+00
1.197719908730599414e+00,0.000000000000000000e+00
1.206047189002317888e+00,0.000000000000000000e+00
1.206047189002317888e+00,0.000000000000000000e+00
1.323935844077902768e+00,0.000000000000000000e+00
1.141847428431321143e+00,0.000000000000000000e+00
1.141847428431321143e+00,0.000000000000000000e+00
1.141847428431321143e+00,0.000000000000000000e+00
1.141847428431321143e+00,0.000000000000000000e+00
1.141847428431321143e+00,0.000000000000000000e+00
1.237354013843963152e+00,0.000000000000000000e+00
1.237354013843963152e+00,0.000000000000000000e+00
1.314656175898440305e+00,0.000000000000000000e+00
1.314656175898440305e+00,0.000000000000000000e+00
1.278460911648813481e+00,0.000000000000000000e+00
1.297074445758999772e+00,0.000000000000000000e+00
1.184253766668070584e+00,0.000000000000000000e+00
1.184253766668070584e+00,0.000000000000000000e+00
1.184253766668070584e+00,0.000000000000000000e+00
1.184253766668070584e+00,0.000000000000000000e+00
1.184253766668070584e+00,0.000000000000000000e+00
1.404990949623012852e+00,0.000000000000000000e+00
1.404990949623012852e+00,0.000000000000000000e+00
1.404990949623012852e+00,0.000000000000000000e+00
1.445888969127478996e+00,0.000000000000000000e+00
1.368900372113718511e+00,0.000000000000000000e+00
1.368900372113718511e+00,0.000000000000000000e+00
1.371133241584417295e+00,0.000000000000000000e+00
1.328330824884514039e+00,0.000000000000000000e+00
1.328330824884514039e+00,0.000000000000000000e+00
1.328330824884514039e+00,0.000000000000000000e+00
1.328330824884514039e+00,0.000000000000000000e+00
1.306069175324493292e+00,0.000000000000000000e+00
1.306069175324493292e+00,0.000000000000000000e+00
1.099130607695168571e+00,0.000000000000000000e+00
1.119959011337525290e+00,0.000000000000000000e+00
1.114004205140182613e+00,0.000000000000000000e+00
1.159626179221263875e+00,0.000000000000000000e+00
1.194117036431724621e+00,0.000000000000000000e+00
1.293280676479978464e+00,0.000000000000000000e+00
1.291860367491409756e+00,0.000000000000000000e+00
1.290913526389492416e+00,0.000000000000000000e+00
1.290913526389492416e+00,0.000000000000000000e+00
1.314303931483500998e+00,0.000000000000000000e+00
1.381439466796127835e+00,0.000000000000000000e+00
1.372563995302590545e+00,0.000000000000000000e+00
1.372563995302590545e+00,0.000000000000000000e+00
1.372563995302590545e+00,0.000000000000000000e+00
1.391422628363417902e+00,0.000000000000000000e+00
1.237939492670622643e+00,0.000000000000000000e+00
1.237939492670622643e+00,0.000000000000000000e+00
1.237939492670622643e+00,0.000000000000000000e+00
1.237939492670622643e+00,0.000000000000000000e+00
1.237939492670622643e+00,0.000000000000000000e+00
1.272773738555756928e+00,0.000000000000000000e+00
1.416012477007285719e+00,0.000000000000000000e+00
1.416012477007285719e+00,0.000000000000000000e+00
1.373732420186421610e+00,0.000000000000000000e+00
1.335056985325039802e+00,0.000000000000000000e+00
1.335056985325039802e+00,0.000000000000000000e+00
1.328749182703811815e+00,0.000000000000000000e+00
1.328749182703811815e+00,0.000000000000000000e+00
1.331693066719870977e+00,0.000000000000000000e+00
1.331693066719870977e+00,0.000000000000000000e+00
1.331693066719870977e+00,0.000000000000000000e+00
1.331693066719870977e+00,0.000000000000000000e+00
1.191935995031985218e+00,0.000000000000000000e+00
1.191935995031985218e+00,0.000000000000000000e+00
1.191935995031985218e+00,0.000000000000000000e+00
1.200335421447813911e+00,0.000000000000000000e+00
1.200335421447813911e+00,0.000000000000000000e+00
1.200335421447813911e+00,0.000000000000000000e+00
1.200335421447813911e+00,0.000000000000000000e+00
1.200335421447813911e+00,0.000000000000000000e+00
1.150524738684014281e+00,0.000000000000000000e+00
1.118409635687061421e+00,0.000000000000000000e+00
1.118409635687061421e+00,0.000000000000000000e+00
1.118409635687061421e+00,0.000000000000000000e+00
1.120298150647050406e+00,0.000000000000000000e+00
1.068676245547230508e+00,0.000000000000000000e+00
1.068676245547230508e+00,0.000000000000000000e+00
1.068676245547230508e+00,0.000000000000000000e+00
1.085969744467748521e+00,0.000000000000000000e+00
1.141687454595368578e+00,0.000000000000000000e+00
1.203795975434409637e+00,0.000000000000000000e+00
1.204377992447681178e+00,0.000000000000000000e+00
1.153378877033893746e+00,0.000000000000000000e+00
1.414551066213275865e+00,0.000000000000000000e+00
1.270389336276299685e+00,0.000000000000000000e+00
1.367425989032527101e+00,0.000000000000000000e+00
1.367425989032527101e+00,0.000000000000000000e+00
1.367425989032527101e+00,0.000000000000000000e+00
1.365107499385353362e+00,0.000000000000000000e+00
1.355585726123133883e+00,0.000000000000000000e+00
1.212796876870626095e+00,0.000000000000000000e+00
1.374320127146636317e+00,0.000000000000000000e+00
1.374320127146636317e+00,0.000000000000000000e+00
1.348174500267047993e+00,0.000000000000000000e+00
1.327729013857834151e+00,0.000000000000000000e+00
1.327729013857834151e+00,0.000000000000000000e+00
1.327729013857834151e+00,0.000000000000000000e+00
1.343242034025836640e+00,0.000000000000000000e+00
9.543538491662706402e-01,0.000000000000000000e+00
9.543538491662706402e-01,0.000000000000000000e+00
9.981030109969150077e-01,0.000000000000000000e+00
9.771000848670581274e-01,0.000000000000000000e+00
1.163170518692212774e+00,0.000000000000000000e+00
1.163170518692212774e+00,0.000000000000000000e+00
1.163170518692212774e+00,0.000000000000000000e+00
1.329664611133485552e+00,0.000000000000000000e+00
1.329664611133485552e+00,0.000000000000000000e+00
1.328560235815913648e+00,0.000000000000000000e+00
1.258460661104654710e+00,0.000000000000000000e+00
1.373450342166362192e+00,0.000000000000000000e+00
1.338262530952071927e+00,0.000000000000000000e+00
1.338262530952071927e+00,0.000000000000000000e+00
1.357243163358724525e+00,0.000000000000000000e+00
1.094316635244457991e+00,0.000000000000000000e+00
1.094316635244457991e+00,0.000000000000000000e+00
1.126224598097759433e+00,0.000000000000000000e+00
1.121591344701076798e+00,0.000000000000000000e+00
1.229971712340253376e+00,0.000000000000000000e+00
1.229971712340253376e+00,0.000000000000000000e+00
1.373540199771416948e+00,0.000000000000000000e+00
1.373540199771416948e+00,0.000000000000000000e+00
1.343878929296350222e+00,0.000000000000000000e+00
1.194196022743558627e+00,0.000000000000000000e+00
1.194196022743558627e+00,0.000000000000000000e+00
1.194196022743558627e+00,0.000000000000000000e+00
1.316072866550447307e+00,0.000000000000000000e+00
1.183844683029042777e+00,0.000000000000000000e+00
1.115388832455341594e+00,0.000000000000000000e+00
1.115388832455341594e+00,0.000000000000000000e+00
1.115388832455341594e+00,0.000000000000000000e+00
1.267264860386452252e+00,0.000000000000000000e+00
1.285681529833988312e+00,0.000000000000000000e+00
1.306710329346980837e+00,0.000000000000000000e+00
1.306710329346980837e+00,0.000000000000000000e+00
1.306710329346980837e+00,0.000000000000000000e+00
1.306710329346980837e+00,0.000000000000000000e+00
9.905234878990514247e-01,0.000000000000000000e+00
1.035621584136910522e+00,0.000000000000000000e+00
1.035246548911190168e+00,0.000000000000000000e+00
1.035246548911190168e+00,0.000000000000000000e+00
1.035246548911190168e+00,0.000000000000000000e+00
1.205605370213497007e+00,0.000000000000000000e+00
1.329513088341011340e+00,0.000000000000000000e+00
1.329513088341011340e+00,0.000000000000000000e+00
1.301737765879753983e+00,0.000000000000000000e+00
1.301737765879753983e+00,0.000000000000000000e+00
1.301737765879753983e+00,0.000000000000000000e+00
1.301737765879753983e+00,0.000000000000000000e+00
1.301737765879753983e+00,0.000000000000000000e+00
1.238360796416077658e+00,0.000000000000000000e+00
1.299023221663494265e+00,0.000000000000000000e+00
1.237877345044822386e+00,0.000000000000000000e+00
1.237877345044822386e+00,0.000000000000000000e+00
1.226816007419920584e+00,0.000000000000000000e+00
1.278480474893344487e+00,0.000000000000000000e+00
1.226628830145687354e+00,0.000000000000000000e+00
1.232675306945615334e+00,0.000000000000000000e+00
1.211031829641031399e+00,0.000000000000000000e+00
1.335315560814165137e+00,0.000000000000000000e+00
1.297381357771633770e+00,0.000000000000000000e+00
1.297381357771633770e+00,0.000000000000000000e+00
1.297381357771633770e+00,0.000000000000000000e+00
1.297381357771633770e+00,0.000000000000000000e+00
1.555182199384575581e+00,0.000000000000000000e+00
1.555182199384575581e+00,0.000000000000000000e+00
1.565096048169061893e+00,0.000000000000000000e+00
1.559486132264432889e+00,0.000000000000000000e+00
1.547644452046925467e+00,0.000000000000000000e+00
1.547644452046925467e+00,0.000000000000000000e+00
1.547644452046925467e+00,0.000000000000000000e+00
1.568047149475951141e+00,0.000000000000000000e+00
1.568047149475951141e+00,0.000000000000000000e+00
1.568047149475951141e+00,0.000000000000000000e+00
1.568047149475951141e+00,0.000000000000000000e+00
1.568047149475951141e+00,0.000000000000000000e+00
1.571543698778688825e+00,0.000000000000000000e+00
1.422709382207598905e+00,0.000000000000000000e+00
1.230472418018716763e+00,0.000000000000000000e+00
1.230472418018716763e+00,0.000000000000000000e+00
1.132137167186316518e+00,0.000000000000000000e+00
1.132137167186316518e+00,0.000000000000000000e+00
1.121190742555132847e+00,0.000000000000000000e+00
1.300637114859418464e+00,0.000000000000000000e+00
1.277518078316323136e+00,0.000000000000000000e+00
1.250640730541209944e+00,0.000000000000000000e+00
1.341934046634765343e+00,0.000000000000000000e+00
1.341934046634765343e+00,0.000000000000000000e+00
1.341934046634765343e+00,0.000000000000000000e+00
1.341934046634765343e+00,0.000000000000000000e+00
1.243611428096785154e+00,0.000000000000000000e+00
1.243611428096785154e+00,0.000000000000000000e+00
1.037935414631122599e+00,0.000000000000000000e+00
1.169355851105891908e+00,0.000000000000000000e+00
1.169355851105891908e+00,0.000000000000000000e+00
1.230130283596243990e+00,0.000000000000000000e+00
1.230130283596243990e+00,0.000000000000000000e+00
1.230130283596243990e+00,0.000000000000000000e+00
1.230130283596243990e+00,0.000000000000000000e+00
1.219747967186866511e+00,0.000000000000000000e+00
1.257850241693718729e+00,0.000000000000000000e+00
1.257850241693718729e+00,0.000000000000000000e+00
1.257850241693718729e+00,0.000000000000000000e+00
1.257850241693718729e+00,0.000000000000000000e+00
1.307943129422567186e+00,0.000000000000000000e+00
1.300749605556161592e+00,0.000000000000000000e+00
1.281155793398575327e+00,0.000000000000000000e+00
1.226444347624110698e+00,0.000000000000000000e+00
1.250328665330390887e+00,0.000000000000000000e+00
1.250328665330390887e+00,0.000000000000000000e+00
1.265926630932661334e+00,0.000000000000000000e+00
1.194672293438209465e+00,0.000000000000000000e+00
1.194672293438209465e+00,0.000000000000000000e+00
1.175378356623164811e+00,0.000000000000000000e+00
1.175378356623164811e+00,0.000000000000000000e+00
1.143937856453131952e+00,0.000000000000000000e+00
1.183438297083356350e+00,0.000000000000000000e+00
1.217857794715998754e+00,0.000000000000000000e+00
1.217857794715998754e+00,0.000000000000000000e+00
1.217857794715998754e+00,0.000000000000000000e+00
1.217857794715998754e+00,0.000000000000000000e+00
1.217857794715998754e+00,0.000000000000000000e+00
1.217857794715998754e+00,0.000000000000000000e+00
1.263431366434249359e+00,0.000000000000000000e+00
1.341500959167937657e+00,0.000000000000000000e+00
1.182409707815110789e+00,0.000000000000000000e+00
1.410535555332781188e+00,0.000000000000000000e+00
1.405058134185630525e+00,0.000000000000000000e+00
1.249405278074616765e+00,0.000000000000000000e+00
1.302887187349924591e+00,0.000000000000000000e+00
1.293203578469378057e+00,0.000000000000000000e+00
1.293203578469378057e+00,0.000000000000000000e+00
1.209181132362942668e+00,0.000000000000000000e+00
1.362694508638593094e+00,0.000000000000000000e+00
1.357146747276012810e+00,0.000000000000000000e+00
1.357146747276012810e+00,0.000000000000000000e+00
1.357146747276012810e+00,0.000000000000000000e+00
1.187912974928725163e+00,0.000000000000000000e+00
1.187912974928725163e+00,0.000000000000000000e+00
1.187912974928725163e+00,0.000000000000000000e+00
1.187912974928725163e+00,0.000000000000000000e+00
1.397270337420851938e+00,0.000000000000000000e+00
1.397270337420851938e+00,0.000000000000000000e+00
1.397270337420851938e+00,0.000000000000000000e+00
1.397270337420851938e+00,0.000000000000000000e+00
1.456360047291481719e+00,0.000000000000000000e+00
1.456360047291481719e+00,0.000000000000000000e+00
1.165518345302306136e+00,0.000000000000000000e+00
1.350365153455164391e+00,0.000000000000000000e+00
1.350365153455164391e+00,0.000000000000000000e+00
1.259037910812524474e+00,0.000000000000000000e+00
1.174582995497029936e+00,0.000000000000000000e+00
1.174582995497029936e+00,0.000000000000000000e+00
1.174582995497029936e+00,0.000000000000000000e+00
1.149840074306167637e+00,0.000000000000000000e+00
1.259259574529648429e+00,0.000000000000000000e+00
1.450465531259678365e+00,0.000000000000000000e+00
1.450465531259678365e+00,0.000000000000000000e+00
1.543703438888451185e+00,0.000000000000000000e+00
1.543703438888451185e+00,0.000000000000000000e+00
1.543703438888451185e+00,0.000000000000000000e+00
1.361224502171364037e+00,0.000000000000000000e+00
1.361224502171364037e+00,0.000000000000000000e+00
1.350417548336126483e+00,0.000000000000000000e+00
1.395759899135841087e+00,0.000000000000000000e+00
1.321281104998568434e+00,0.000000000000000000e+00
1.370123727820636850e+00,0.000000000000000000e+00
1.338700348710978982e+00,0.000000000000000000e+00
1.338700348710978982e+00,0.000000000000000000e+00
1.068183288815375498e+00,0.000000000000000000e+00
1.212962284720496164e+00,0.000000000000000000e+00
1.077302042545589922e+00,0.000000000000000000e+00
1.175586630901902074e+00,0.000000000000000000e+00
1.211667209348835650e+00,0.000000000000000000e+00
1.345759035854352081e+00,0.000000000000000000e+00
1.345759035854352081e+00,0.000000000000000000e+00
1.412904541950453341e+00,0.000000000000000000e+00
1.489850687778286220e+00,0.000000000000000000e+00
1.360445653934728494e+00,0.000000000000000000e+00
1.222598401045394745e+00,0.000000000000000000e+00
1.224720464965412203e+00,0.000000000000000000e+00
1.320405672287611631e+00,0.000000000000000000e+00
1.320405672287611631e+00,0.000000000000000000e+00
1.436051723757308940e+00,0.000000000000000000e+00
1.411778934736642510e+00,0.000000000000000000e+00
1.453109204791970255e+00,0.000000000000000000e+00
1.453109204791970255e+00,0.000000000000000000e+00
1.179147117305408221e+00,0.000000000000000000e+00
1.325917436877960709e+00,0.000000000000000000e+00
1.325917436877960709e+00,0.000000000000000000e+00
1.378087704737517960e+00,0.000000000000000000e+00
1.378087704737517960e+00,0.000000000000000000e+00
1.378087704737517960e+00,0.000000000000000000e+00
1.378087704737517960e+00,0.000000000000000000e+00
1.378087704737517960e+00,0.000000000000000000e+00
1.378087704737517960e+00,0.000000000000000000e+00
1.378087704737517960e+00,0.000000000000000000e+00
1.215980701916954843e+00,0.000000000000000000e+00
1.216436216086042688e+00,0.000000000000000000e+00
1.216436216086042688e+00,0.000000000000000000e+00
1.075539240966685295e+00,0.000000000000000000e+00
1.206490664316532735e+00,0.000000000000000000e+00
1.206490664316532735e+00,0.000000000000000000e+00
1.233130265386626068e+00,0.000000000000000000e+00
1.275212670782921442e+00,0.000000000000000000e+00
1.275212670782921442e+00,0.000000000000000000e+00
1.063812113062225784e+00,0.000000000000000000e+00
1.063812113062225784e+00,0.000000000000000000e+00
1.405822047509043937e+00,0.000000000000000000e+00
1.430450514356595093e+00,0.000000000000000000e+00
1.483997669261246433e+00,0.000000000000000000e+00
1.538575096736894521e+00,0.000000000000000000e+00
1.599352460582191604e+00,0.000000000000000000e+00
1.558481409726682365e+00,0.000000000000000000e+00
1.310893027147864487e+00,0.000000000000000000e+00
1.310893027147864487e+00,0.000000000000000000e+00
1.321138385786246428e+00,0.000000000000000000e+00
1.321138385786246428e+00,0.000000000000000000e+00
1.321138385786246428e+00,0.000000000000000000e+00
1.321138385786246428e+00,0.000000000000000000e+00
1.264794684556437288e+00,0.000000000000000000e+00
1.264794684556437288e+00,0.000000000000000000e+00
1.331547862996642850e+00,0.000000000000000000e+00
1.382736343175946292e+00,0.000000000000000000e+00
1.302094786075103983e+00,0.000000000000000000e+00
1.302094786075103983e+00,0.000000000000000000e+00
1.302094786075103983e+00,0.000000000000000000e+00
1.257365397215240099e+00,0.000000000000000000e+00
1.257365397215240099e+00,0.000000000000000000e+00
1.120252281453941290e+00,0.000000000000000000e+00
1.186103503179589458e+00,0.000000000000000000e+00
1.181680225557004693e+00,0.000000000000000000e+00
1.354904224746214858e+00,0.000000000000000000e+00
1.386243576818612988e+00,0.000000000000000000e+00
1.287120252211429339e+00,0.000000000000000000e+00
1.085982482882088096e+00,0.000000000000000000e+00
1.207518067001973616e+00,0.000000000000000000e+00
1.205206555395924140e+00,0.000000000000000000e+00
1.205206555395924140e+00,0.000000000000000000e+00
1.205206555395924140e+00,0.000000000000000000e+00
1.248382012258342444e+00,0.000000000000000000e+00
1.192092550583014221e+00,0.000000000000000000e+00
1.192092550583014221e+00,0.000000000000000000e+00
1.192092550583014221e+00,0.000000000000000000e+00
1.291451363889075665e+00,0.000000000000000000e+00
1.245841455430157119e+00,0.000000000000000000e+00
1.245841455430157119e+00,0.000000000000000000e+00
1.245841455430157119e+00,0.000000000000000000e+00
1.245841455430157119e+00,0.000000000000000000e+00
1.410321428651312825e+00,0.000000000000000000e+00
1.261392400467695740e+00,0.000000000000000000e+00
1.261392400467695740e+00,0.000000000000000000e+00
1.261392400467695740e+00,0.000000000000000000e+00
1.261392400467695740e+00,0.000000000000000000e+00
1.200901425442856940e+00,0.000000000000000000e+00
1.399705418582285477e+00,0.000000000000000000e+00
1.430096946907472688e+00,0.000000000000000000e+00
1.430096946907472688e+00,0.000000000000000000e+00
1.232876691527005741e+00,0.000000000000000000e+00
1.256572867561642326e+00,0.000000000000000000e+00
1.256572867561642326e+00,0.000000000000000000e+00
1.398363902850076945e+00,0.000000000000000000e+00
1.398363902850076945e+00,0.000000000000000000e+00
1.241935751292739143e+00,0.000000000000000000e+00
1.241935751292739143e+00,0.000000000000000000e+00
1.241935751292739143e+00,0.000000000000000000e+00
1.384561015328103606e+00,0.000000000000000000e+00
1.384561015328103606e+00,0.000000000000000000e+00
1.384561015328103606e+00,0.000000000000000000e+00
1.493139652889673208e+00,0.000000000000000000e+00
1.474904547008310640e+00,0.000000000000000000e+00
1.474904547008310640e+00,0.000000000000000000e+00
1.474904547008310640e+00,0.000000000000000000e+00
1.474904547008310640e+00,0.000000000000000000e+00
1.474904547008310640e+00,0.000000000000000000e+00
1.342484583591898817e+00,0.000000000000000000e+00
1.381522720570351748e+00,0.000000000000000000e+00
1.410389487953928489e+00,0.000000000000000000e+00
1.410389487953928489e+00,0.000000000000000000e+00
1.191716823223606170e+00,0.000000000000000000e+00
1.208001902329153276e+00,0.000000000000000000e+00
1.361771525372661218e+00,0.000000000000000000e+00
1.297387242719305167e+00,0.000000000000000000e+00
1.236643761049331713e+00,0.000000000000000000e+00
1.148502165847365086e+00,0.000000000000000000e+00
1.188381221472122773e+00,0.000000000000000000e+00
1.170589288169982867e+00,0.000000000000000000e+00
1.362526707941821957e+00,0.000000000000000000e+00
1.218654421285203737e+00,0.000000000000000000e+00
1.262699662041418147e+00,0.000000000000000000e+00
1.262699662041418147e+00,0.000000000000000000e+00
1.262699662041418147e+00,0.000000000000000000e+00
1.219589132556027744e+00,0.000000000000000000e+00
1.301919234565539485e+00,0.000000000000000000e+00
1.209048481001839370e+00,0.000000000000000000e+00
1.243090734085872562e+00,0.000000000000000000e+00
1.410411693949998879e+00,0.000000000000000000e+00
1.444913244465759972e+00,0.000000000000000000e+00
1.444913244465759972e+00,0.000000000000000000e+00
1.444913244465759972e+00,0.000000000000000000e+00
1.475178791002059731e+00,0.000000000000000000e+00
1.475178791002059731e+00,0.000000000000000000e+00
1.475178791002059731e+00,0.000000000000000000e+00
1.407942350993475422e+00,0.000000000000000000e+00
1.346347199157161612e+00,0.000000000000000000e+00
1.390945949216930710e+00,0.000000000000000000e+00
1.228688704162592460e+00,0.000000000000000000e+00
1.164074333231869485e+00,0.000000000000000000e+00
1.244390275502983201e+00,0.000000000000000000e+00
1.073009821074488945e+00,0.000000000000000000e+00
1.073009821074488945e+00,0.000000000000000000e+00
1.207470467317013130e+00,0.000000000000000000e+00
1.254473934306295169e+00,0.000000000000000000e+00
1.206780525155887629e+00,0.000000000000000000e+00
1.206780525155887629e+00,0.000000000000000000e+00
1.175198720812634212e+00,0.000000000000000000e+00
1.175198720812634212e+00,0.000000000000000000e+00
1.175198720812634212e+00,0.000000000000000000e+00
1.197786475217185842e+00,0.000000000000000000e+00
1.197786475217185842e+00,0.000000000000000000e+00
1.238561764464111148e+00,0.000000000000000000e+00
1.238561764464111148e+00,0.000000000000000000e+00
1.240101577857925408e+00,0.000000000000000000e+00
1.240101577857925408e+00,0.000000000000000000e+00
1.284927935624663453e+00,0.000000000000000000e+00
1.284978785636007981e+00,0.000000000000000000e+00
1.226521222623365048e+00,0.000000000000000000e+00
1.168501438086543720e+00,0.000000000000000000e+00
1.308075766100453841e+00,0.000000000000000000e+00
1.124466017243713978e+00,0.000000000000000000e+00
1.182695416827272528e+00,0.000000000000000000e+00
1.200768692403234583e+00,0.000000000000000000e+00
1.155512744940804470e+00,0.000000000000000000e+00
1.327369317118416436e+00,0.000000000000000000e+00
1.036144209310404740e+00,0.000000000000000000e+00
1.061804312619798019e+00,0.000000000000000000e+00
1.061804312619798019e+00,0.000000000000000000e+00
1.061804312619798019e+00,0.000000000000000000e+00
1.000270397932896627e+00,0.000000000000000000e+00
1.000270397932896627e+00,0.000000000000000000e+00
1.009554931490953322e+00,0.000000000000000000e+00
1.198365481049767478e+00,0.000000000000000000e+00
1.198365481049767478e+00,0.000000000000000000e+00
1.176359599955417279e+00,0.000000000000000000e+00
1.176359599955417279e+00,0.000000000000000000e+00
1.180956964616166394e+00,0.000000000000000000e+00
1.180956964616166394e+00,0.000000000000000000e+00
1.335679187026999504e+00,0.000000000000000000e+00
1.168653519109118744e+00,0.000000000000000000e+00
1.168653519109118744e+00,0.000000000000000000e+00
1.096246850101129766e+00,0.000000000000000000e+00
1.199333118988470170e+00,0.000000000000000000e+00
1.199333118988470170e+00,0.000000000000000000e+00
1.199333118988470170e+00,0.000000000000000000e+00
9.751194828031979345e-01,0.000000000000000000e+00
9.751194828031979345e-01,0.000000000000000000e+00
9.751194828031979345e-01,0.000000000000000000e+00
9.782543167534176742e-01,0.000000000000000000e+00
9.782543167534176742e-01,0.000000000000000000e+00
9.782543167534176742e-01,0.000000000000000000e+00
9.782543167534176742e-01,0.000000000000000000e+00
1.162332895128847410e+00,0.000000000000000000e+00
1.271828496432670708e+00,0.000000000000000000e+00
1.271828496432670708e+00,0.000000000000000000e+00
1.372896542971823397e+00,0.000000000000000000e+00
1.341551015280914250e+00,0.000000000000000000e+00
1.341551015280914250e+00,0.000000000000000000e+00
1.341551015280914250e+00,0.000000000000000000e+00
1.341551015280914250e+00,0.000000000000000000e+00
1.244569330366416038e+00,0.000000000000000000e+00
1.244569330366416038e+00,0.000000000000000000e+00
1.244569330366416038e+00,0.000000000000000000e+00
1.244569330366416038e+00,0.000000000000000000e+00
1.067326650293643153e+00,0.000000000000000000e+00
1.067326650293643153e+00,0.000000000000000000e+00
1.060677810785618735e+00,0.000000000000000000e+00
1.072295141353884373e+00,0.000000000000000000e+00
1.338176956917570770e+00,0.000000000000000000e+00
1.338176956917570770e+00,0.000000000000000000e+00
1.338176956917570770e+00,0.000000000000000000e+00
1.338176956917570770e+00,0.000000000000000000e+00
1.156910111272015262e+00,0.000000000000000000e+00
1.156910111272015262e+00,0.000000000000000000e+00
1.206103962044285494e+00,0.000000000000000000e+00
1.373771941695608678e+00,0.000000000000000000e+00
1.345945048070302574e+00,0.000000000000000000e+00
1.256468045051104099e+00,0.000000000000000000e+00
1.256468045051104099e+00,0.000000000000000000e+00
1.256468045051104099e+00,0.000000000000000000e+00
1.420033199019095083e+00,0.000000000000000000e+00
1.288982458521518160e+00,0.000000000000000000e+00
1.288982458521518160e+00,0.000000000000000000e+00
1.259777686793991602e+00,0.000000000000000000e+00
1.320352205875007678e+00,0.000000000000000000e+00
1.320352205875007678e+00,0.000000000000000000e+00
1.320352205875007678e+00,0.000000000000000000e+00
1.095531286425870166e+00,0.000000000000000000e+00
1.095531286425870166e+00,0.000000000000000000e+00
1.031574027662817583e+00,0.000000000000000000e+00
1.325526883140647261e+00,0.000000000000000000e+00
1.220450389685913795e+00,0.000000000000000000e+00
1.446478948030323730e+00,0.000000000000000000e+00
1.446478948030323730e+00,0.000000000000000000e+00
1.313878695545336317e+00,0.000000000000000000e+00
1.346587964966489803e+00,0.000000000000000000e+00
1.234027262396002245e+00,0.000000000000000000e+00
1.234027262396002245e+00,0.000000000000000000e+00
1.343756368460168771e+00,0.000000000000000000e+00
1.345599095895637642e+00,0.000000000000000000e+00
1.252787797401297976e+00,0.000000000000000000e+00
1.252787797401297976e+00,0.000000000000000000e+00
1.306513284749327930e+00,0.000000000000000000e+00
1.415554000885709485e+00,0.000000000000000000e+00
1.415554000885709485e+00,0.000000000000000000e+00
1.413339938790469930e+00,0.000000000000000000e+00
1.413339938790469930e+00,0.000000000000000000e+00
1.504348234608432255e+00,0.000000000000000000e+00
1.421032348434351444e+00,0.000000000000000000e+00
1.259258558946344309e+00,0.000000000000000000e+00
1.288735631559173811e+00,0.000000000000000000e+00
1.128856492012216162e+00,0.000000000000000000e+00
1.141888544538446570e+00,0.000000000000000000e+00
1.141888544538446570e+00,0.000000000000000000e+00
1.141888544538446570e+00,0.000000000000000000e+00
1.050846416676224582e+00,0.000000000000000000e+00
1.193276912447911897e+00,0.000000000000000000e+00
1.193276912447911897e+00,0.000000000000000000e+00
1.193276912447911897e+00,0.000000000000000000e+00
1.167790511817030641e+00,0.000000000000000000e+00
1.236084105831564806e+00,0.000000000000000000e+00
1.276860488967419993e+00,0.000000000000000000e+00
1.276860488967419993e+00,0.000000000000000000e+00
1.276860488967419993e+00,0.000000000000000000e+00
1.276860488967419993e+00,0.000000000000000000e+00
1.236721640475071382e+00,0.000000000000000000e+00
1.258463346874899136e+00,0.000000000000000000e+00
1.183170364738807656e+00,0.000000000000000000e+00
1.258918517980949447e+00,0.000000000000000000e+00
1.276927958200725133e+00,0.000000000000000000e+00
1.276927958200725133e+00,0.000000000000000000e+00
1.276927958200725133e+00,0.000000000000000000e+00
1.201629291516717490e+00,0.000000000000000000e+00
1.201629291516717490e+00,0.000000000000000000e+00
1.103045968462561310e+00,0.000000000000000000e+00
1.103045968462561310e+00,0.000000000000000000e+00
1.185317647930191010e+00,0.000000000000000000e+00
1.306494609859807587e+00,0.000000000000000000e+00
1.306494609859807587e+00,0.000000000000000000e+00
1.272818781973934055e+00,0.000000000000000000e+00
1.478743774099716468e+00,0.000000000000000000e+00
1.298215099797801919e+00,0.000000000000000000e+00
1.145025118617797988e+00,0.000000000000000000e+00
1.145025118617797988e+00,0.000000000000000000e+00
1.205095005892993676e+00,0.000000000000000000e+00
1.205095005892993676e+00,0.000000000000000000e+00
1.129865390400622172e+00,0.000000000000000000e+00
1.143206335722229738e+00,0.000000000000000000e+00
1.172584551280314358e+00,0.000000000000000000e+00
1.356262287826041302e+00,0.000000000000000000e+00
1.299188991337681287e+00,0.000000000000000000e+00
1.299188991337681287e+00,0.000000000000000000e+00
1.299188991337681287e+00,0.000000000000000000e+00
1.224882719814103016e+00,0.000000000000000000e+00
1.379552555915119161e+00,0.000000000000000000e+00
1.379552555915119161e+00,0.000000000000000000e+00
1.223498065189010831e+00,0.000000000000000000e+00
1.212745018349489001e+00,0.000000000000000000e+00
1.363945834932325019e+00,0.000000000000000000e+00
1.358845534342548955e+00,0.000000000000000000e+00
1.358845534342548955e+00,0.000000000000000000e+00
1.358845534342548955e+00,0.000000000000000000e+00
1.321321729882003027e+00,0.000000000000000000e+00
1.321321729882003027e+00,0.000000000000000000e+00
1.426284325883717230e+00,0.000000000000000000e+00
1.416871121923083843e+00,0.000000000000000000e+00
1.384692862483983156e+00,0.000000000000000000e+00
1.415658170809769967e+00,0.000000000000000000e+00
1.340084961993930346e+00,0.000000000000000000e+00
1.374651705455119943e+00,0.000000000000000000e+00
1.192234880505596673e+00,0.000000000000000000e+00
1.192234880505596673e+00,0.000000000000000000e+00
1.188910736748509445e+00,0.000000000000000000e+00
1.392375249350114697e+00,0.000000000000000000e+00
1.392375249350114697e+00,0.000000000000000000e+00
1.391804480773856989e+00,0.000000000000000000e+00
1.391804480773856989e+00,0.000000000000000000e+00
1.391804480773856989e+00,0.000000000000000000e+00
1.223820080251779130e+00,0.000000000000000000e+00
1.369291654071445041e+00,0.000000000000000000e+00
1.369291654071445041e+00,0.000000000000000000e+00
1.369291654071445041e+00,0.000000000000000000e+00
1.242751832502698495e+00,0.000000000000000000e+00
1.242751832502698495e+00,0.000000000000000000e+00
1.190923936609570077e+00,0.000000000000000000e+00
1.185117727274825672e+00,0.000000000000000000e+00
1.185117727274825672e+00,0.000000000000000000e+00
1.274631326527593922e+00,0.000000000000000000e+00
1.108983108235452653e+00,0.000000000000000000e+00
1.376715785509335710e+00,0.000000000000000000e+00
1.376715785509335710e+00,0.000000000000000000e+00
1.197498692017985977e+00,0.000000000000000000e+00
1.407151603992442546e+00,0.000000000000000000e+00
1.407151603992442546e+00,0.000000000000000000e+00
1.183638459537886378e+00,0.000000000000000000e+00
1.226743943101329393e+00,0.000000000000000000e+00
1.226743943101329393e+00,0.000000000000000000e+00
1.208796115119672665e+00,0.000000000000000000e+00
1.208796115119672665e+00,0.000000000000000000e+00
1.264574278185190526e+00,0.000000000000000000e+00
1.264574278185190526e+00,0.000000000000000000e+00
1.244824848186674382e+00,0.000000000000000000e+00
1.244824848186674382e+00,0.000000000000000000e+00
1.244824848186674382e+00,0.000000000000000000e+00
1.304784152515548579e+00,0.000000000000000000e+00
1.304784152515548579e+00,0.000000000000000000e+00
1.400155571293455470e+00,0.000000000000000000e+00
1.400155571293455470e+00,0.000000000000000000e+00
1.142655661082916163e+00,0.000000000000000000e+00
1.142655661082916163e+00,0.000000000000000000e+00
1.196448790941917917e+00,0.000000000000000000e+00
1.267398270945315986e+00,0.000000000000000000e+00
1.267398270945315986e+00,0.000000000000000000e+00
1.267398270945315986e+00,0.000000000000000000e+00
1.217740282528045448e+00,0.000000000000000000e+00
1.269839372525954024e+00,0.000000000000000000e+00
1.233790094732069020e+00,0.000000000000000000e+00
1.254210148042393058e+00,0.000000000000000000e+00
1.071677569421299214e+00,0.000000000000000000e+00
1.071677569421299214e+00,0.000000000000000000e+00
1.071677569421299214e+00,0.000000000000000000e+00
1.118003705082235344e+00,0.000000000000000000e+00
1.325155200415733869e+00,0.000000000000000000e+00
1.142588039742815198e+00,0.000000000000000000e+00
1.126459055660067321e+00,0.000000000000000000e+00
1.126459055660067321e+00,0.000000000000000000e+00
1.407894234691220436e+00,0.000000000000000000e+00
1.407894234691220436e+00,0.000000000000000000e+00
1.407894234691220436e+00,0.000000000000000000e+00
1.218775311303546882e+00,0.000000000000000000e+00
1.218775311303546882e+00,0.000000000000000000e+00
1.050561115753977592e+00,0.000000000000000000e+00
1.125930372865098228e+00,0.000000000000000000e+00
1.417063573113096941e+00,0.000000000000000000e+00
1.287431826657930767e+00,0.000000000000000000e+00
1.287431826657930767e+00,0.000000000000000000e+00
1.349144785024729343e+00,0.000000000000000000e+00
1.349144785024729343e+00,0.000000000000000000e+00
1.311002492776239148e+00,0.000000000000000000e+00
1.218836646170698090e+00,0.000000000000000000e+00
1.218836646170698090e+00,0.000000000000000000e+00
1.218836646170698090e+00,0.000000000000000000e+00
1.231061401295345581e+00,0.000000000000000000e+00
1.231061401295345581e+00,0.000000000000000000e+00
1.254758769019018061e+00,0.000000000000000000e+00
1.383914750569934071e+00,0.000000000000000000e+00
1.406750592269397693e+00,0.000000000000000000e+00
1.406750592269397693e+00,0.000000000000000000e+00
1.406750592269397693e+00,0.000000000000000000e+00
1.408053626755355392e+00,0.000000000000000000e+00
1.153892699370345776e+00,0.000000000000000000e+00
1.153892699370345776e+00,0.000000000000000000e+00
1.153892699370345776e+00,0.000000000000000000e+00
1.213848047277820807e+00,0.000000000000000000e+00
1.289087236755017463e+00,0.000000000000000000e+00
1.197160580114344119e+00,0.000000000000000000e+00
1.259450496920011986e+00,0.000000000000000000e+00
1.249441531253544291e+00,0.000000000000000000e+00
1.165643308749271689e+00,0.000000000000000000e+00
1.350088210870742600e+00,0.000000000000000000e+00
1.350088210870742600e+00,0.000000000000000000e+00
1.316810542233306514e+00,0.000000000000000000e+00
1.356745561296717417e+00,0.000000000000000000e+00
1.356745561296717417e+00,0.000000000000000000e+00
1.356745561296717417e+00,0.000000000000000000e+00
1.356745561296717417e+00,0.000000000000000000e+00
1.251177768212222707e+00,0.000000000000000000e+00
1.259356691161712671e+00,0.000000000000000000e+00
1.205046717751153684e+00,0.000000000000000000e+00
1.205046717751153684e+00,0.000000000000000000e+00
1.236610900149053505e+00,0.000000000000000000e+00
1.236610900149053505e+00,0.000000000000000000e+00
1.236610900149053505e+00,0.000000000000000000e+00
1.400597591047520352e+00,0.000000000000000000e+00
1.126669202030871730e+00,0.000000000000000000e+00
1.174759436141089353e+00,0.000000000000000000e+00
1.415455041552033277e+00,0.000000000000000000e+00
1.365535850516479854e+00,0.000000000000000000e+00
1.365535850516479854e+00,0.000000000000000000e+00
1.126412637406232653e+00,0.000000000000000000e+00
1.126412637406232653e+00,0.000000000000000000e+00
1.156952785751987234e+00,0.000000000000000000e+00
1.156952785751987234e+00,0.000000000000000000e+00
1.316639939227536749e+00,0.000000000000000000e+00
1.147172440161382090e+00,0.000000000000000000e+00
1.267545534956174613e+00,0.000000000000000000e+00
1.312466035465968073e+00,0.000000000000000000e+00
1.299174454627370690e+00,0.000000000000000000e+00
1.258662616105226562e+00,0.000000000000000000e+00
1.162775846726772588e+00,0.000000000000000000e+00
1.152106726487910349e+00,0.000000000000000000e+00
1.152106726487910349e+00,0.000000000000000000e+00
1.152106726487910349e+00,0.000000000000000000e+00
1.302337096091749524e+00,0.000000000000000000e+00
1.302337096091749524e+00,0.000000000000000000e+00
1.412997864775892509e+00,0.000000000000000000e+00
1.487801705062069324e+00,0.000000000000000000e+00
1.405725130237043041e+00,0.000000000000000000e+00
1.405725130237043041e+00,0.000000000000000000e+00
1.405725130237043041e+00,0.000000000000000000e+00
1.405725130237043041e+00,0.000000000000000000e+00
1.318562948733375650e+00,0.000000000000000000e+00
1.318562948733375650e+00,0.000000000000000000e+00
1.318562948733375650e+00,0.000000000000000000e+00
1.329165555503302176e+00,0.000000000000000000e+00
1.115999070845771435e+00,0.000000000000000000e+00
1.139934285314331941e+00,0.000000000000000000e+00
1.169973065350418562e+00,0.000000000000000000e+00
1.114120920266301384e+00,0.000000000000000000e+00
1.114120920266301384e+00,0.000000000000000000e+00
1.381589109734146614e+00,0.000000000000000000e+00
1.381589109734146614e+00,0.000000000000000000e+00
1.439281874771535463e+00,0.000000000000000000e+00
1.371626956554667931e+00,0.000000000000000000e+00
1.371626956554667931e+00,0.000000000000000000e+00
1.400020945240254999e+00,0.000000000000000000e+00
1.400020945240254999e+00,0.000000000000000000e+00
1.400020945240254999e+00,0.000000000000000000e+00
1.400020945240254999e+00,0.000000000000000000e+00
1.094063654414407116e+00,0.000000000000000000e+00
1.022987052497547955e+00,0.000000000000000000e+00
1.022987052497547955e+00,0.000000000000000000e+00
1.095425124828449670e+00,0.000000000000000000e+00
1.095425124828449670e+00,0.000000000000000000e+00
1.095425124828449670e+00,0.000000000000000000e+00
1.105899473788061638e+00,0.000000000000000000e+00
1.205186663016837301e+00,0.000000000000000000e+00
1.205186663016837301e+00,0.000000000000000000e+00
1.175995128031386505e+00,0.000000000000000000e+00
1.094556070042044915e+00,0.000000000000000000e+00
1.094556070042044915e+00,0.000000000000000000e+00
1.347925015977045282e+00,0.000000000000000000e+00
1.378964815087689422e+00,0.000000000000000000e+00
1.319132219221285096e+00,0.000000000000000000e+00
1.439680768493906138e+00,0.000000000000000000e+00
1.470561450429314965e+00,0.000000000000000000e+00
1.470561450429314965e+00,0.000000000000000000e+00
1.470561450429314965e+00,0.000000000000000000e+00
1.307294927641367233e+00,0.000000000000000000e+00
1.307294927641367233e+00,0.000000000000000000e+00
1.307294927641367233e+00,0.000000000000000000e+00
1.307294927641367233e+00,0.000000000000000000e+00
1.148587985071285900e+00,0.000000000000000000e+00
1.209545611489856398e+00,0.000000000000000000e+00
1.324783992247898334e+00,0.000000000000000000e+00
1.324783992247898334e+00,0.000000000000000000e+00
1.324783992247898334e+00,0.000000000000000000e+00
1.324783992247898334e+00,0.000000000000000000e+00
1.313719925728307869e+00,0.000000000000000000e+00
1.303929308516039054e+00,0.000000000000000000e+00
1.141015382200214034e+00,0.000000000000000000e+00
1.162944127859451449e+00,0.000000000000000000e+00
1.381315517407552873e+00,0.000000000000000000e+00
1.155287341628318920e+00,0.000000000000000000e+00
1.155287341628318920e+00,0.000000000000000000e+00
1.167582230433197754e+00,0.000000000000000000e+00
1.167582230433197754e+00,0.000000000000000000e+00
1.170084303014507832e+00,0.000000000000000000e+00
1.170084303014507832e+00,0.000000000000000000e+00
1.170084303014507832e+00,0.000000000000000000e+00
1.336870418640009328e+00,0.000000000000000000e+00
1.215566681107127955e+00,0.000000000000000000e+00
1.215566681107127955e+00,0.000000000000000000e+00
1.353349684044939272e+00,0.000000000000000000e+00
1.385423657121057639e+00,0.000000000000000000e+00
1.385423657121057639e+00,0.000000000000000000e+00
1.400637320408649078e+00,0.000000000000000000e+00
1.400637320408649078e+00,0.000000000000000000e+00
1.400637320408649078e+00,0.000000000000000000e+00
1.261929602147906504e+00,0.000000000000000000e+00
1.264795528233638278e+00,0.000000000000000000e+00
1.188631537736017263e+00,0.000000000000000000e+00
1.186136410781331918e+00,0.000000000000000000e+00
1.235199169870982772e+00,0.000000000000000000e+00
1.235199169870982772e+00,0.000000000000000000e+00
1.235199169870982772e+00,0.000000000000000000e+00
1.237422101025984933e+00,0.000000000000000000e+00
1.387000383938802095e+00,0.000000000000000000e+00
1.387000383938802095e+00,0.000000000000000000e+00
1.387000383938802095e+00,0.000000000000000000e+00
1.322799994084167263e+00,0.000000000000000000e+00
1.322799994084167263e+00,0.000000000000000000e+00
1.322799994084167263e+00,0.000000000000000000e+00
1.322799994084167263e+00,0.000000000000000000e+00
1.322799994084167263e+00,0.000000000000000000e+00
1.161779105039323801e+00,0.000000000000000000e+00
1.242988874404965749e+00,0.000000000000000000e+00
1.110910372169318094e+00,0.000000000000000000e+00
1.110910372169318094e+00,0.000000000000000000e+00
1.178267720857229417e+00,0.000000000000000000e+00
1.072285253462644361e+00,0.000000000000000000e+00
1.072285253462644361e+00,0.000000000000000000e+00
1.229760797549581675e+00,0.000000000000000000e+00
1.357067212728579664e+00,0.000000000000000000e+00
1.357067212728579664e+00,0.000000000000000000e+00
1.370074544983497011e+00,0.000000000000000000e+00
1.370074544983497011e+00,0.000000000000000000e+00
1.161612673441957622e+00,0.000000000000000000e+00
1.274966505932940475e+00,0.000000000000000000e+00
1.274966505932940475e+00,0.000000000000000000e+00
1.284899727805628888e+00,0.000000000000000000e+00
1.362712701870257170e+00,0.000000000000000000e+00
1.362712701870257170e+00,0.000000000000000000e+00
1.362712701870257170e+00,0.000000000000000000e+00
1.362712701870257170e+00,0.000000000000000000e+00
1.362712701870257170e+00,0.000000000000000000e+00
1.389396912490746816e+00,0.000000000000000000e+00
1.264112364801715183e+00,0.000000000000000000e+00
1.264112364801715183e+00,0.000000000000000000e+00
1.279175357717978967e+00,0.000000000000000000e+00
1.212640971929842548e+00,0.000000000000000000e+00
1.078715971122483186e+00,0.000000000000000000e+00
1.079751817470984809e+00,0.000000000000000000e+00
1.079751817470984809e+00,0.000000000000000000e+00
1.218832912660023027e+00,0.000000000000000000e+00
1.218832912660023027e+00,0.000000000000000000e+00
1.218832912660023027e+00,0.000000000000000000e+00
1.197225192035310082e+00,0.000000000000000000e+00
1.264898639555498194e+00,0.000000000000000000e+00
1.264898639555498194e+00,0.000000000000000000e+00
1.422177569553070287e+00,0.000000000000000000e+00
1.233625351714434215e+00,0.000000000000000000e+00
1.233625351714434215e+00,0.000000000000000000e+00
1.233625351714434215e+00,0.000000000000000000e+00
1.281221051821521684e+00,0.000000000000000000e+00
1.293947030690473454e+00,0.000000000000000000e+00
1.291978754631218251e+00,0.000000000000000000e+00
1.209172629628354034e+00,0.000000000000000000e+00
1.000977567002513613e+00,0.000000000000000000e+00
1.000977567002513613e+00,0.000000000000000000e+00
1.070427836149679290e+00,0.000000000000000000e+00
1.201965321177150159e+00,0.000000000000000000e+00
1.201391973539009950e+00,0.000000000000000000e+00
1.201391973539009950e+00,0.000000000000000000e+00
1.322769488621480249e+00,0.000000000000000000e+00
1.280272039212924540e+00,0.000000000000000000e+00
1.280272039212924540e+00,0.000000000000000000e+00
1.280272039212924540e+00,0.000000000000000000e+00
1.133612575493976760e+00,0.000000000000000000e+00
1.130651999810230901e+00,0.000000000000000000e+00
1.130651999810230901e+00,0.000000000000000000e+00
1.216739478059390533e+00,0.000000000000000000e+00
1.257541635780362155e+00,0.000000000000000000e+00
1.321666149876399965e+00,0.000000000000000000e+00
1.321666149876399965e+00,0.000000000000000000e+00
1.188774055070910940e+00,0.000000000000000000e+00
1.058376561747871314e+00,0.000000000000000000e+00
1.251383299070822908e+00,0.000000000000000000e+00
1.251383299070822908e+00,0.000000000000000000e+00
1.080186195601656962e+00,0.000000000000000000e+00
1.080186195601656962e+00,0.000000000000000000e+00
1.080186195601656962e+00,0.000000000000000000e+00
1.128529773366451661e+00,0.000000000000000000e+00
1.128529773366451661e+00,0.000000000000000000e+00
1.029395032452569136e+00,0.000000000000000000e+00
1.029395032452569136e+00,0.000000000000000000e+00
1.022551029592281724e+00,0.000000000000000000e+00
1.009193433034087262e+00,0.000000000000000000e+00
1.259745751873111441e+00,0.000000000000000000e+00
1.259745751873111441e+00,0.000000000000000000e+00
1.259745751873111441e+00,0.000000000000000000e+00
1.257333485112472449e+00,0.000000000000000000e+00
1.257333485112472449e+00,0.000000000000000000e+00
1.322747460575247391e+00,0.000000000000000000e+00
1.398973159830281920e+00,0.000000000000000000e+00
1.399318621033376786e+00,0.000000000000000000e+00
1.399318621033376786e+00,0.000000000000000000e+00
1.399318621033376786e+00,0.000000000000000000e+00
1.399318621033376786e+00,0.000000000000000000e+00
1.252210914885162119e+00,0.000000000000000000e+00
1.252210914885162119e+00,0.000000000000000000e+00
1.252210914885162119e+00,0.000000000000000000e+00
1.404504851071701310e+00,0.000000000000000000e+00
1.404504851071701310e+00,0.000000000000000000e+00
1.141531072226189769e+00,0.000000000000000000e+00
1.111129295819380358e+00,0.000000000000000000e+00
1.357662041843808787e+00,0.000000000000000000e+00
1.302050561679131579e+00,0.000000000000000000e+00
1.302050561679131579e+00,0.000000000000000000e+00
1.373520104655018947e+00,0.000000000000000000e+00
1.212830101836343877e+00,0.000000000000000000e+00
1.212830101836343877e+00,0.000000000000000000e+00
1.216269202094186763e+00,0.000000000000000000e+00
1.216269202094186763e+00,0.000000000000000000e+00
1.216269202094186763e+00,0.000000000000000000e+00
1.215524618086093689e+00,0.000000000000000000e+00
1.238764264237756985e+00,0.000000000000000000e+00
1.238764264237756985e+00,0.000000000000000000e+00
1.238764264237756985e+00,0.000000000000000000e+00
1.238764264237756985e+00,0.000000000000000000e+00
1.371492855378221076e+00,0.000000000000000000e+00
1.342822292258605721e+00,0.000000000000000000e+00
1.290423838743182783e+00,0.000000000000000000e+00
1.141818107876960475e+00,0.000000000000000000e+00
1.141818107876960475e+00,0.000000000000000000e+00
1.141818107876960475e+00,0.000000000000000000e+00
1.141818107876960475e+00,0.000000000000000000e+00
1.081536639540733535e+00,0.000000000000000000e+00
1.055580207291729300e+00,0.000000000000000000e+00
1.221105256075022405e+00,0.000000000000000000e+00
1.341017151447121414e+00,0.000000000000000000e+00
1.341017151447121414e+00,0.000000000000000000e+00
1.381965263515576803e+00,0.000000000000000000e+00
1.203428880438891957e+00,0.000000000000000000e+00
1.203428880438891957e+00,0.000000000000000000e+00
1.346899205838236968e+00,0.000000000000000000e+00
1.346899205838236968e+00,0.000000000000000000e+00
1.346899205838236968e+00,0.000000000000000000e+00
1.346899205838236968e+00,0.000000000000000000e+00
1.263687318075936705e+00,0.000000000000000000e+00
1.263687318075936705e+00,0.000000000000000000e+00
1.263687318075936705e+00,0.000000000000000000e+00
1.263687318075936705e+00,0.000000000000000000e+00
1.299434971467235522e+00,0.000000000000000000e+00
1.299434971467235522e+00,0.000000000000000000e+00
1.299434971467235522e+00,0.000000000000000000e+00
1.283409358489600693e+00,0.000000000000000000e+00
1.283409358489600693e+00,0.000000000000000000e+00
1.301928394985996773e+00,0.000000000000000000e+00
1.301928394985996773e+00,0.000000000000000000e+00
1.301928394985996773e+00,0.000000000000000000e+00
1.311327039192539790e+00,0.000000000000000000e+00
1.311327039192539790e+00,0.000000000000000000e+00
1.311327039192539790e+00,0.000000000000000000e+00
1.212706542922635800e+00,0.000000000000000000e+00
1.325593384171925404e+00,0.000000000000000000e+00
1.294374070566225221e+00,0.000000000000000000e+00
1.294374070566225221e+00,0.000000000000000000e+00
1.294374070566225221e+00,0.000000000000000000e+00
1.310645445551129606e+00,0.000000000000000000e+00
1.367788849212036695e+00,0.000000000000000000e+00
1.367788849212036695e+00,0.000000000000000000e+00
1.167397417114784952e+00,0.000000000000000000e+00
1.167397417114784952e+00,0.000000000000000000e+00
1.167397417114784952e+00,0.000000000000000000e+00
1.167397417114784952e+00,0.000000000000000000e+00
1.184099301245916669e+00,0.000000000000000000e+00
1.241913678378122388e+00,0.000000000000000000e+00
1.241913678378122388e+00,0.000000000000000000e+00
1.159755604255592099e+00,0.000000000000000000e+00
1.252533431659236030e+00,0.000000000000000000e+00
1.330214713621178158e+00,0.000000000000000000e+00
1.450148367544991101e+00,0.000000000000000000e+00
1.395123209677365361e+00,0.000000000000000000e+00
1.435913501986673113e+00,0.000000000000000000e+00
1.316895874258014354e+00,0.000000000000000000e+00
1.230759285352213572e+00,0.000000000000000000e+00
1.266227141431656822e+00,0.000000000000000000e+00
1.368421685084249440e+00,0.000000000000000000e+00
1.262735624652737476e+00,0.000000000000000000e+00
1.255184589062851686e+00,0.000000000000000000e+00
1.350302626100988279e+00,0.000000000000000000e+00
1.392239138894222128e+00,0.000000000000000000e+00
1.250830735298833263e+00,0.000000000000000000e+00
1.115212828550274926e+00,0.000000000000000000e+00
1.115212828550274926e+00,0.000000000000000000e+00
1.375700327979780369e+00,0.000000000000000000e+00
1.375700327979780369e+00,0.000000000000000000e+00
1.271213643874288479e+00,0.000000000000000000e+00
1.163276439028665621e+00,0.000000000000000000e+00
1.219428271039119771e+00,0.000000000000000000e+00
1.219428271039119771e+00,0.000000000000000000e+00
1.218103130974762083e+00,0.000000000000000000e+00
1.321417956100874536e+00,0.000000000000000000e+00
1.124259045796304868e+00,0.000000000000000000e+00
1.228807440624790637e+00,0.000000000000000000e+00
1.202316069059323533e+00,0.000000000000000000e+00
1.202316069059323533e+00,0.000000000000000000e+00
1.333142593616933436e+00,0.000000000000000000e+00
1.252180416266851948e+00,0.000000000000000000e+00
1.302875265689916517e+00,0.000000000000000000e+00
1.385493547856832652e+00,0.000000000000000000e+00
1.383301241495801026e+00,0.000000000000000000e+00
1.239344842965364624e+00,0.000000000000000000e+00
1.094658037428873243e+00,0.000000000000000000e+00
1.094658037428873243e+00,0.000000000000000000e+00
1.229433180442411455e+00,0.000000000000000000e+00
1.229433180442411455e+00,0.000000000000000000e+00
1.180896388526660568e+00,0.000000000000000000e+00
1.138981138865897025e+00,0.000000000000000000e+00
1.138981138865897025e+00,0.000000000000000000e+00
1.239363479005988866e+00,0.000000000000000000e+00
1.239363479005988866e+00,0.000000000000000000e+00
1.175103542893291886e+00,0.000000000000000000e+00
1.175103542893291886e+00,0.000000000000000000e+00
1.175103542893291886e+00,0.000000000000000000e+00
1.175103542893291886e+00,0.000000000000000000e+00
1.153769092713617272e+00,0.000000000000000000e+00
1.178534858183565071e+00,0.000000000000000000e+00
1.361761613351931466e+00,0.000000000000000000e+00
1.405780140727799887e+00,0.000000000000000000e+00
1.261505138833714401e+00,0.000000000000000000e+00
1.261505138833714401e+00,0.000000000000000000e+00
1.199347189761654775e+00,0.000000000000000000e+00
1.252127018977820194e+00,0.000000000000000000e+00
1.252127018977820194e+00,0.000000000000000000e+00
1.206270560268831504e+00,0.000000000000000000e+00
1.206270560268831504e+00,0.000000000000000000e+00
1.292738703375353682e+00,0.000000000000000000e+00
1.271852004583415852e+00,0.000000000000000000e+00
1.282188371476313593e+00,0.000000000000000000e+00
1.303010313762762440e+00,0.000000000000000000e+00
1.120996673548890765e+00,0.000000000000000000e+00
1.120996673548890765e+00,0.000000000000000000e+00
1.247544550252736473e+00,0.000000000000000000e+00
1.303698694778621325e+00,0.000000000000000000e+00
1.234581517060520328e+00,0.000000000000000000e+00
1.229847283538194391e+00,0.000000000000000000e+00
1.319994639172068052e+00,0.000000000000000000e+00
1.319994639172068052e+00,0.000000000000000000e+00
1.260364539009561913e+00,0.000000000000000000e+00
1.334743644795331585e+00,0.000000000000000000e+00
1.334743644795331585e+00,0.000000000000000000e+00
1.128516083956039529e+00,0.000000000000000000e+00
1.268641769538708886e+00,0.000000000000000000e+00
1.268641769538708886e+00,0.000000000000000000e+00
1.268641769538708886e+00,0.000000000000000000e+00
1.263225874426245010e+00,0.000000000000000000e+00
1.263225874426245010e+00,0.000000000000000000e+00
1.191974098498845169e+00,0.000000000000000000e+00
1.044113511661476146e+00,0.000000000000000000e+00
1.204433060221883789e+00,0.000000000000000000e+00
1.199027337699747786e+00,0.000000000000000000e+00
1.199027337699747786e+00,0.000000000000000000e+00
1.199027337699747786e+00,0.000000000000000000e+00
1.265145493872460891e+00,0.000000000000000000e+00
1.213802010760201888e+00,0.000000000000000000e+00
1.255053676294619391e+00,0.000000000000000000e+00
1.153952446057032510e+00,0.000000000000000000e+00
1.258109269282972287e+00,0.000000000000000000e+00
1.258109269282972287e+00,0.000000000000000000e+00
1.337860907640071595e+00,0.000000000000000000e+00
1.222363879741295900e+00,0.000000000000000000e+00
1.222363879741295900e+00,0.000000000000000000e+00
1.347212657902063793e+00,0.000000000000000000e+00
1.347212657902063793e+00,0.000000000000000000e+00
1.359244297027232928e+00,0.000000000000000000e+00
1.311351171029397245e+00,0.000000000000000000e+00
1.255111927096882019e+00,0.000000000000000000e+00
1.255111927096882019e+00,0.000000000000000000e+00
1.255111927096882019e+00,0.000000000000000000e+00
1.301390169805619834e+00,0.000000000000000000e+00
1.301390169805619834e+00,0.000000000000000000e+00
1.301390169805619834e+00,0.000000000000000000e+00
1.365255082756503091e+00,0.000000000000000000e+00
1.365255082756503091e+00,0.000000000000000000e+00
1.313782859824177640e+00,0.000000000000000000e+00
1.313782859824177640e+00,0.000000000000000000e+00
1.356027608121658901e+00,0.000000000000000000e+00
1.356027608121658901e+00,0.000000000000000000e+00
1.246504032404021522e+00,0.000000000000000000e+00
1.246504032404021522e+00,0.000000000000000000e+00
1.300394694031597131e+00,0.000000000000000000e+00
1.327715902131880954e+00,0.000000000000000000e+00
1.385417118559390426e+00,0.000000000000000000e+00
1.289368009825328398e+00,0.000000000000000000e+00
1.289368009825328398e+00,0.000000000000000000e+00
1.248338957854643994e+00,0.000000000000000000e+00
1.247315684693503179e+00,0.000000000000000000e+00
1.247315684693503179e+00,0.000000000000000000e+00
1.292953545008306504e+00,0.000000000000000000e+00
1.292953545008306504e+00,0.000000000000000000e+00
1.302158340291725169e+00,0.000000000000000000e+00
1.323763426355726303e+00,0.000000000000000000e+00
1.323763426355726303e+00,0.000000000000000000e+00
1.323763426355726303e+00,0.000000000000000000e+00
1.323763426355726303e+00,0.000000000000000000e+00
1.256370576611434586e+00,0.000000000000000000e+00
1.256370576611434586e+00,0.000000000000000000e+00
1.256370576611434586e+00,0.000000000000000000e+00
1.259211313585198999e+00,0.000000000000000000e+00
1.286615423969174055e+00,0.000000000000000000e+00
1.286615423969174055e+00,0.000000000000000000e+00
1.169589963123885301e+00,0.000000000000000000e+00
1.160997971852305799e+00,0.000000000000000000e+00
1.160997971852305799e+00,0.000000000000000000e+00
1.160997971852305799e+00,0.000000000000000000e+00
1.489370617592881807e+00,0.000000000000000000e+00
1.469088485667823907e+00,0.000000000000000000e+00
1.469088485667823907e+00,0.000000000000000000e+00
1.322974360544101780e+00,0.000000000000000000e+00
1.312005959425454726e+00,0.000000000000000000e+00
1.232059518698535472e+00,0.000000000000000000e+00
1.267972141105537354e+00,0.000000000000000000e+00
1.267972141105537354e+00,0.000000000000000000e+00
1.143518317617649327e+00,0.000000000000000000e+00
1.246334912721139832e+00,0.000000000000000000e+00
1.270972526729053254e+00,0.000000000000000000e+00
1.270972526729053254e+00,0.000000000000000000e+00
1.270972526729053254e+00,0.000000000000000000e+00
1.181618620530947572e+00,0.000000000000000000e+00
1.360306203640221812e+00,0.000000000000000000e+00
1.248719847576409636e+00,0.000000000000000000e+00
1.200961048638743867e+00,0.000000000000000000e+00
1.248005509523266721e+00,0.000000000000000000e+00
1.160216928869912678e+00,0.000000000000000000e+00
1.091626703651079611e+00,0.000000000000000000e+00
1.102534030579144231e+00,0.000000000000000000e+00
1.232462808074916705e+00,0.000000000000000000e+00
1.232462808074916705e+00,0.000000000000000000e+00
1.268106433764834229e+00,0.000000000000000000e+00
1.268106433764834229e+00,0.000000000000000000e+00
1.268106433764834229e+00,0.000000000000000000e+00
1.067453076106450682e+00,0.000000000000000000e+00
1.067453076106450682e+00,0.000000000000000000e+00
1.256006339049646980e+00,0.000000000000000000e+00
1.256006339049646980e+00,0.000000000000000000e+00
1.256006339049646980e+00,0.000000000000000000e+00
1.256006339049646980e+00,0.000000000000000000e+00
1.266267788652927440e+00,0.000000000000000000e+00
1.328349012375721783e+00,0.000000000000000000e+00
1.211943813736787945e+00,0.000000000000000000e+00
1.238031285558845784e+00,0.000000000000000000e+00
1.237305773040612289e+00,0.000000000000000000e+00
1.237305773040612289e+00,0.000000000000000000e+00
1.240253853386424465e+00,0.000000000000000000e+00
1.368443990445527669e+00,0.000000000000000000e+00
1.400988659072148534e+00,0.000000000000000000e+00
1.409682194370305286e+00,0.000000000000000000e+00
1.409682194370305286e+00,0.000000000000000000e+00
1.210369315138065449e+00,0.000000000000000000e+00
1.313377464410846684e+00,0.000000000000000000e+00
1.207651985072641931e+00,0.000000000000000000e+00
1.133105133493881089e+00,0.000000000000000000e+00
1.178334885603542714e+00,0.000000000000000000e+00
1.369760245036865776e+00,0.000000000000000000e+00
1.369760245036865776e+00,0.000000000000000000e+00
1.369760245036865776e+00,0.000000000000000000e+00
1.369760245036865776e+00,0.000000000000000000e+00
1.369760245036865776e+00,0.000000000000000000e+00
1.443410255186312385e+00,0.000000000000000000e+00
1.365687948425884368e+00,0.000000000000000000e+00
1.381465873215988571e+00,0.000000000000000000e+00
1.202767027995385263e+00,0.000000000000000000e+00
1.254058019883639519e+00,0.000000000000000000e+00
1.254058019883639519e+00,0.000000000000000000e+00
1.254058019883639519e+00,0.000000000000000000e+00
1.254058019883639519e+00,0.000000000000000000e+00
1.328520117185068239e+00,0.000000000000000000e+00
1.227843765037597290e+00,0.000000000000000000e+00
1.227843765037597290e+00,0.000000000000000000e+00
1.227843765037597290e+00,0.000000000000000000e+00
1.227843765037597290e+00,0.000000000000000000e+00
1.221024086709106449e+00,0.000000000000000000e+00
1.173080671580766676e+00,0.000000000000000000e+00
1.105421787477134599e+00,0.000000000000000000e+00
1.211577207898121289e+00,0.000000000000000000e+00
1.279549645644872946e+00,0.000000000000000000e+00
1.280866610525469129e+00,0.000000000000000000e+00
1.354580237772387896e+00,0.000000000000000000e+00
1.277372810062588515e+00,0.000000000000000000e+00
1.277372810062588515e+00,0.000000000000000000e+00
1.277372810062588515e+00,0.000000000000000000e+00
1.289062317449202411e+00,0.000000000000000000e+00
1.289062317449202411e+00,0.000000000000000000e+00
1.289062317449202411e+00,0.000000000000000000e+00
1.291288109976757026e+00,0.000000000000000000e+00
1.291288109976757026e+00,0.000000000000000000e+00
1.353044828499556651e+00,0.000000000000000000e+00
1.353044828499556651e+00,0.000000000000000000e+00
1.353044828499556651e+00,0.000000000000000000e+00
1.149741770445761979e+00,0.000000000000000000e+00
1.289419927700369284e+00,0.000000000000000000e+00
1.289419927700369284e+00,0.000000000000000000e+00
1.178581680243054652e+00,0.000000000000000000e+00
1.178581680243054652e+00,0.000000000000000000e+00
1.160915734838319224e+00,0.000000000000000000e+00
1.160915734838319224e+00,0.000000000000000000e+00
1.111213890639981994e+00,0.000000000000000000e+00
1.178088778688409555e+00,0.000000000000000000e+00
1.178088778688409555e+00,0.000000000000000000e+00
1.333302438281277258e+00,0.000000000000000000e+00
1.333302438281277258e+00,0.000000000000000000e+00
1.289309389599408773e+00,0.000000000000000000e+00
1.251210017507787597e+00,0.000000000000000000e+00
1.133320274927632321e+00,0.000000000000000000e+00
1.133320274927632321e+00,0.000000000000000000e+00
1.192075713013254434e+00,0.000000000000000000e+00
1.192075713013254434e+00,0.000000000000000000e+00
1.192075713013254434e+00,0.000000000000000000e+00
1.192075713013254434e+00,0.000000000000000000e+00
1.361676290377984877e+00,0.000000000000000000e+00
1.361676290377984877e+00,0.000000000000000000e+00
1.440485471799871409e+00,0.000000000000000000e+00
1.212836995714585475e+00,0.000000000000000000e+00
1.289844259529318027e+00,0.000000000000000000e+00
1.349321168573478946e+00,0.000000000000000000e+00
1.160367432787861919e+00,0.000000000000000000e+00
1.160367432787861919e+00,0.000000000000000000e+00
1.094333737259071571e+00,0.000000000000000000e+00
1.094333737259071571e+00,0.000000000000000000e+00
1.050822378794715517e+00,0.000000000000000000e+00
1.251535099983223098e+00,0.000000000000000000e+00
1.218588141027426186e+00,0.000000000000000000e+00
1.127982798304050682e+00,0.000000000000000000e+00
1.127982798304050682e+00,0.000000000000000000e+00
1.204233466793949825e+00,0.000000000000000000e+00
1.204233466793949825e+00,0.000000000000000000e+00
1.191264466799791366e+00,0.000000000000000000e+00
1.208878140373154109e+00,0.000000000000000000e+00
1.318810492433724280e+00,0.000000000000000000e+00
1.271669614188455144e+00,0.000000000000000000e+00
1.271669614188455144e+00,0.000000000000000000e+00
1.271669614188455144e+00,0.000000000000000000e+00
1.271669614188455144e+00,0.000000000000000000e+00
1.271669614188455144e+00,0.000000000000000000e+00
1.339206564278853095e+00,0.000000000000000000e+00
1.305056279050547552e+00,0.000000000000000000e+00
1.361051509813507421e+00,0.000000000000000000e+00
1.361051509813507421e+00,0.000000000000000000e+00
1.351115350407525506e+00,0.000000000000000000e+00
1.373206748058928728e+00,0.000000000000000000e+00
1.373206748058928728e+00,0.000000000000000000e+00
1.288454476064972765e+00,0.000000000000000000e+00
1.326777937967405618e+00,0.000000000000000000e+00
1.321947658601454689e+00,0.000000000000000000e+00
1.334179220022751799e+00,0.000000000000000000e+00
1.250073878431197327e+00,0.000000000000000000e+00
1.250073878431197327e+00,0.000000000000000000e+00
1.444854004787893276e+00,0.000000000000000000e+00
1.274381909043940331e+00,0.000000000000000000e+00
1.274381909043940331e+00,0.000000000000000000e+00
1.274381909043940331e+00,0.000000000000000000e+00
1.274381909043940331e+00,0.000000000000000000e+00
1.296134995717079574e+00,0.000000000000000000e+00
1.296134995717079574e+00,0.000000000000000000e+00
1.365569991632640479e+00,0.000000000000000000e+00
1.365569991632640479e+00,0.000000000000000000e+00
1.406991043124172558e+00,0.000000000000000000e+00
1.406991043124172558e+00,0.000000000000000000e+00
1.296541002415227517e+00,0.000000000000000000e+00
1.385793713174824582e+00,0.000000000000000000e+00
1.187026900883268787e+00,0.000000000000000000e+00
1.240122965907116681e+00,0.000000000000000000e+00
1.240122965907116681e+00,0.000000000000000000e+00
1.333450050433022227e+00,0.000000000000000000e+00
1.333450050433022227e+00,0.000000000000000000e+00
1.345625425738131709e+00,0.000000000000000000e+00
1.187273054451454257e+00,0.000000000000000000e+00
1.212127054775713475e+00,0.000000000000000000e+00
1.080373313053235806e+00,0.000000000000000000e+00
1.380358928716747924e+00,0.000000000000000000e+00
1.384536342631408345e+00,0.000000000000000000e+00
1.308897932337139025e+00,0.000000000000000000e+00
1.308897932337139025e+00,0.000000000000000000e+00
1.293900670644419826e+00,0.000000000000000000e+00
1.293900670644419826e+00,0.000000000000000000e+00
1.373491474950556235e+00,0.000000000000000000e+00
1.294916995350847255e+00,0.000000000000000000e+00
1.394357672943332238e+00,0.000000000000000000e+00
1.121488293505055189e+00,0.000000000000000000e+00
1.153270921022718998e+00,0.000000000000000000e+00
1.205558769557558474e+00,0.000000000000000000e+00
1.205558769557558474e+00,0.000000000000000000e+00
1.205558769557558474e+00,0.000000000000000000e+00
1.205558769557558474e+00,0.000000000000000000e+00
1.259993972085343250e+00,0.000000000000000000e+00
1.302102540064153491e+00,0.000000000000000000e+00
1.302102540064153491e+00,0.000000000000000000e+00
1.222156602952046089e+00,0.000000000000000000e+00
1.222156602952046089e+00,0.000000000000000000e+00
1.222156602952046089e+00,0.000000000000000000e+00
1.292868068776515500e+00,0.000000000000000000e+00
1.280148069226550334e+00,0.000000000000000000e+00
1.081638877439736524e+00,0.000000000000000000e+00
1.001202318167315308e+00,0.000000000000000000e+00
1.001202318167315308e+00,0.000000000000000000e+00
1.001202318167315308e+00,0.000000000000000000e+00
1.001202318167315308e+00,0.000000000000000000e+00
9.882454591470515304e-01,0.000000000000000000e+00
1.068386937882305876e+00,0.000000000000000000e+00
1.161168876201349676e+00,0.000000000000000000e+00
1.161168876201349676e+00,0.000000000000000000e+00
1.314189755553959671e+00,0.000000000000000000e+00
1.364105507944651574e+00,0.000000000000000000e+00
1.468297794158191616e+00,0.000000000000000000e+00
1.455722925399019596e+00,0.000000000000000000e+00
1.455722925399019596e+00,0.000000000000000000e+00
1.506238446206653148e+00,0.000000000000000000e+00
1.329807820084447423e+00,0.000000000000000000e+00
1.306910786710261618e+00,0.000000000000000000e+00
1.216404368915704692e+00,0.000000000000000000e+00
1.216404368915704692e+00,0.000000000000000000e+00
1.216404368915704692e+00,0.000000000000000000e+00
1.302602013968057637e+00,0.000000000000000000e+00
1.379386575051130714e+00,0.000000000000000000e+00
1.090999866098707693e+00,0.000000000000000000e+00
1.298459266145307378e+00,0.000000000000000000e+00
1.193563639242946062e+00,0.000000000000000000e+00
1.193563639242946062e+00,0.000000000000000000e+00
1.316604540073187168e+00,0.000000000000000000e+00
1.316604540073187168e+00,0.000000000000000000e+00
1.316604540073187168e+00,0.000000000000000000e+00
1.316604540073187168e+00,0.000000000000000000e+00
1.423475519884727092e+00,0.000000000000000000e+00
1.423475519884727092e+00,0.000000000000000000e+00
1.255110165007631506e+00,0.000000000000000000e+00
1.279538126681895038e+00,0.000000000000000000e+00
1.277145067878276974e+00,0.000000000000000000e+00
1.277145067878276974e+00,0.000000000000000000e+00
1.277145067878276974e+00,0.000000000000000000e+00
1.277145067878276974e+00,0.000000000000000000e+00
1.277145067878276974e+00,0.000000000000000000e+00
1.315154166605354558e+00,0.000000000000000000e+00
1.315154166605354558e+00,0.000000000000000000e+00
1.248221803466711410e+00,0.000000000000000000e+00
1.125544399931218909e+00,0.000000000000000000e+00
1.285482039110013464e+00,0.000000000000000000e+00
1.285482039110013464e+00,0.000000000000000000e+00
1.221021176140312692e+00,0.000000000000000000e+00
1.221021176140312692e+00,0.000000000000000000e+00
1.221021176140312692e+00,0.000000000000000000e+00
1.413751651737684689e+00,0.000000000000000000e+00
1.356649938628836871e+00,0.000000000000000000e+00
1.402191320666692054e+00,0.000000000000000000e+00
1.378808189514133531e+00,0.000000000000000000e+00
1.321513376291754138e+00,0.000000000000000000e+00
1.321513376291754138e+00,0.000000000000000000e+00
1.321513376291754138e+00,0.000000000000000000e+00
1.321513376291754138e+00,0.000000000000000000e+00
1.383124378863510362e+00,0.000000000000000000e+00
1.383124378863510362e+00,0.000000000000000000e+00
1.383124378863510362e+00,0.000000000000000000e+00
1.383124378863510362e+00,0.000000000000000000e+00
1.336481418064935145e+00,0.000000000000000000e+00
1.336481418064935145e+00,0.000000000000000000e+00
1.336481418064935145e+00,0.000000000000000000e+00
1.336481418064935145e+00,0.000000000000000000e+00
1.336481418064935145e+00,0.000000000000000000e+00
1.488007748970730848e+00,0.000000000000000000e+00
1.488007748970730848e+00,0.000000000000000000e+00
1.514502513443511278e+00,0.000000000000000000e+00
1.230480711149742667e+00,0.000000000000000000e+00
1.252847460258185830e+00,0.000000000000000000e+00
1.361011505909977659e+00,0.000000000000000000e+00
1.259856610811274980e+00,0.000000000000000000e+00
1.147973105500537772e+00,0.000000000000000000e+00
1.297542999455331802e+00,0.000000000000000000e+00
1.316640130325971603e+00,0.000000000000000000e+00
1.251655427196573189e+00,0.000000000000000000e+00
1.470155371693700808e+00,0.000000000000000000e+00
1.176200744821363831e+00,0.000000000000000000e+00
1.203080032184177472e+00,0.000000000000000000e+00
1.197212209040574571e+00,0.000000000000000000e+00
1.076958797613248642e+00,0.000000000000000000e+00
9.841410967562532752e-01,0.000000000000000000e+00
9.841410967562532752e-01,0.000000000000000000e+00
1.095861624254623523e+00,0.000000000000000000e+00
1.095861624254623523e+00,0.000000000000000000e+00
1.067866801038013458e+00,0.000000000000000000e+00
1.067866801038013458e+00,0.000000000000000000e+00
1.013559987333028767e+00,0.000000000000000000e+00
1.165098238027953315e+00,0.000000000000000000e+00
1.109793240915881052e+00,0.000000000000000000e+00
1.142120981003956981e+00,0.000000000000000000e+00
1.317449783847517431e+00,0.000000000000000000e+00
1.380841981265111151e+00,0.000000000000000000e+00
1.380841981265111151e+00,0.000000000000000000e+00
1.380841981265111151e+00,0.000000000000000000e+00
1.126118312463853854e+00,0.000000000000000000e+00
1.219574023149368136e+00,0.000000000000000000e+00
1.144658787660183696e+00,0.000000000000000000e+00
1.144658787660183696e+00,0.000000000000000000e+00
1.144658787660183696e+00,0.000000000000000000e+00
1.144658787660183696e+00,0.000000000000000000e+00
1.144658787660183696e+00,0.000000000000000000e+00
1.277637292045654904e+00,0.000000000000000000e+00
1.123478335666203920e+00,0.000000000000000000e+00
1.011955346562387614e+00,0.000000000000000000e+00
1.062520997356065422e+00,0.000000000000000000e+00
1.165273848647951693e+00,0.000000000000000000e+00
1.269813316684702320e+00,0.000000000000000000e+00
1.269813316684702320e+00,0.000000000000000000e+00
1.232001509343331191e+00,0.000000000000000000e+00
1.151719041238899566e+00,0.000000000000000000e+00
1.294916647033204971e+00,0.000000000000000000e+00
1.332236073339433391e+00,0.000000000000000000e+00
1.415898888574841141e+00,0.000000000000000000e+00
1.419445881335216431e+00,0.000000000000000000e+00
1.395261550680420015e+00,0.000000000000000000e+00
1.473970841771741647e+00,0.000000000000000000e+00
1.381310135541823358e+00,0.000000000000000000e+00
1.258453408278109587e+00,0.000000000000000000e+00
1.190312557728203435e+00,0.000000000000000000e+00
1.193252605172244074e+00,0.000000000000000000e+00
1.240448185640124157e+00,0.000000000000000000e+00
1.240448185640124157e+00,0.000000000000000000e+00
1.335983149514806234e+00,0.000000000000000000e+00
1.335983149514806234e+00,0.000000000000000000e+00
1.443588634264957982e+00,0.000000000000000000e+00
1.420086277392148100e+00,0.000000000000000000e+00
1.420086277392148100e+00,0.000000000000000000e+00
1.382781844171677488e+00,0.000000000000000000e+00
1.275874084531172015e+00,0.000000000000000000e+00
1.329770774336420436e+00,0.000000000000000000e+00
1.352721843810135383e+00,0.000000000000000000e+00
1.352721843810135383e+00,0.000000000000000000e+00
1.342477082191609883e+00,0.000000000000000000e+00
1.342477082191609883e+00,0.000000000000000000e+00
1.274591726696950200e+00,0.000000000000000000e+00
1.224840914044828200e+00,0.000000000000000000e+00
1.247090932692507925e+00,0.000000000000000000e+00
1.247090932692507925e+00,0.000000000000000000e+00
1.247090932692507925e+00,0.000000000000000000e+00
1.171678728801461400e+00,0.000000000000000000e+00
1.171678728801461400e+00,0.000000000000000000e+00
1.171678728801461400e+00,0.000000000000000000e+00
1.231345306904569892e+00,0.000000000000000000e+00
1.231345306904569892e+00,0.000000000000000000e+00
1.231345306904569892e+00,0.000000000000000000e+00
1.333953708369079338e+00,0.000000000000000000e+00
1.436230463176603855e+00,0.000000000000000000e+00
1.436230463176603855e+00,0.000000000000000000e+00
1.328564428460469182e+00,0.000000000000000000e+00
1.328564428460469182e+00,0.000000000000000000e+00
1.328564428460469182e+00,0.000000000000000000e+00
1.226980336417341499e+00,0.000000000000000000e+00
1.226980336417341499e+00,0.000000000000000000e+00
1.226980336417341499e+00,0.000000000000000000e+00
1.226980336417341499e+00,0.000000000000000000e+00
1.226980336417341499e+00,0.000000000000000000e+00
1.226980336417341499e+00,0.000000000000000000e+00
1.264263452785016506e+00,0.000000000000000000e+00
1.264263452785016506e+00,0.000000000000000000e+00
1.264263452785016506e+00,0.000000000000000000e+00
1.150126427456588107e+00,0.000000000000000000e+00
1.168130444017721592e+00,0.000000000000000000e+00
1.199718388739946962e+00,0.000000000000000000e+00
1.314487391154600449e+00,0.000000000000000000e+00
1.314487391154600449e+00,0.000000000000000000e+00
1.314487391154600449e+00,0.000000000000000000e+00
1.314487391154600449e+00,0.000000000000000000e+00
1.179832888088939047e+00,0.000000000000000000e+00
1.163281733805337836e+00,0.000000000000000000e+00
1.300634767264724267e+00,0.000000000000000000e+00
1.251207407341799360e+00,0.000000000000000000e+00
1.229080527607990803e+00,0.000000000000000000e+00
1.138910827492036315e+00,0.000000000000000000e+00
1.203432049398423187e+00,0.000000000000000000e+00
1.360796413387651338e+00,0.000000000000000000e+00
1.327811286540491187e+00,0.000000000000000000e+00
1.327811286540491187e+00,0.000000000000000000e+00
1.378163389076137113e+00,0.000000000000000000e+00
1.270990320195607648e+00,0.000000000000000000e+00
1.237181429182482972e+00,0.000000000000000000e+00
1.237181429182482972e+00,0.000000000000000000e+00
1.237181429182482972e+00,0.000000000000000000e+00
1.237181429182482972e+00,0.000000000000000000e+00
1.237181429182482972e+00,0.000000000000000000e+00
1.237181429182482972e+00,0.000000000000000000e+00
1.237181429182482972e+00,0.000000000000000000e+00
1.128629829849949751e+00,0.000000000000000000e+00
1.288099432177804538e+00,0.000000000000000000e+00
1.432104256715919011e+00,0.000000000000000000e+00
1.432104256715919011e+00,0.000000000000000000e+00
1.150275414087063908e+00,0.000000000000000000e+00
1.222362119156365168e+00,0.000000000000000000e+00
1.222362119156365168e+00,0.000000000000000000e+00
1.222362119156365168e+00,0.000000000000000000e+00
1.010686718079884860e+00,0.000000000000000000e+00
1.171795550445255740e+00,0.000000000000000000e+00
1.171795550445255740e+00,0.000000000000000000e+00
1.385829443453188370e+00,0.000000000000000000e+00
1.385829443453188370e+00,0.000000000000000000e+00
1.385829443453188370e+00,0.000000000000000000e+00
1.385829443453188370e+00,0.000000000000000000e+00
1.311206530913219259e+00,0.000000000000000000e+00
1.311206530913219259e+00,0.000000000000000000e+00
1.406835025917130277e+00,0.000000000000000000e+00
1.392263069301238110e+00,0.000000000000000000e+00
1.392263069301238110e+00,0.000000000000000000e+00
1.392263069301238110e+00,0.000000000000000000e+00
1.304818732556343175e+00,0.000000000000000000e+00
1.305840599616525433e+00,0.000000000000000000e+00
1.305840599616525433e+00,0.000000000000000000e+00
1.305840599616525433e+00,0.000000000000000000e+00
1.195850658734631144e+00,0.000000000000000000e+00
1.195850658734631144e+00,0.000000000000000000e+00
1.141937122898566637e+00,0.000000000000000000e+00
1.141937122898566637e+00,0.000000000000000000e+00
1.141937122898566637e+00,0.000000000000000000e+00
1.129555344732180888e+00,0.000000000000000000e+00
1.180866434725075687e+00,0.000000000000000000e+00
1.180866434725075687e+00,0.000000000000000000e+00
1.243181753590068661e+00,0.000000000000000000e+00
1.243181753590068661e+00,0.000000000000000000e+00
1.369131444994919233e+00,0.000000000000000000e+00
1.385324227740937664e+00,0.000000000000000000e+00
1.231020022359673671e+00,0.000000000000000000e+00
1.231020022359673671e+00,0.000000000000000000e+00
1.217123650108389077e+00,0.000000000000000000e+00
1.217123650108389077e+00,0.000000000000000000e+00
1.258880867997585140e+00,0.000000000000000000e+00
1.167102053031092934e+00,0.000000000000000000e+00
1.184500125156486172e+00,0.000000000000000000e+00
1.317988500361354065e+00,0.000000000000000000e+00
1.317988500361354065e+00,0.000000000000000000e+00
1.272446022554809097e+00,0.000000000000000000e+00
1.397637227608788058e+00,0.000000000000000000e+00
1.391033616337929102e+00,0.000000000000000000e+00
1.386531294187175023e+00,0.000000000000000000e+00
1.386531294187175023e+00,0.000000000000000000e+00
1.350408759390782976e+00,0.000000000000000000e+00
1.160796831476306634e+00,0.000000000000000000e+00
1.302397658244069945e+00,0.000000000000000000e+00
1.302397658244069945e+00,0.000000000000000000e+00
1.302397658244069945e+00,0.000000000000000000e+00
1.302397658244069945e+00,0.000000000000000000e+00
1.483659475709836695e+00,0.000000000000000000e+00
1.483659475709836695e+00,0.000000000000000000e+00
1.357608960022065769e+00,0.000000000000000000e+00
1.357608960022065769e+00,0.000000000000000000e+00
1.411463572329650917e+00,0.000000000000000000e+00
1.411463572329650917e+00,0.000000000000000000e+00
1.419804024133191955e+00,0.000000000000000000e+00
1.385008903124590462e+00,0.000000000000000000e+00
1.116128044711095946e+00,0.000000000000000000e+00
1.253286673644981697e+00,0.000000000000000000e+00
1.338330932652232130e+00,0.000000000000000000e+00
1.338330932652232130e+00,0.000000000000000000e+00
1.186067528127655146e+00,0.000000000000000000e+00
1.273245798549771823e+00,0.000000000000000000e+00
1.264936336230461533e+00,0.000000000000000000e+00
1.033064507538713261e+00,0.000000000000000000e+00
1.033064507538713261e+00,0.000000000000000000e+00
1.056811519038943104e+00,0.000000000000000000e+00
1.021948962644608105e+00,0.000000000000000000e+00
1.063837960365372703e+00,0.000000000000000000e+00
1.031920406889165420e+00,0.000000000000000000e+00
1.161603007054751835e+00,0.000000000000000000e+00
1.161603007054751835e+00,0.000000000000000000e+00
1.094059267892310228e+00,0.000000000000000000e+00
1.094059267892310228e+00,0.000000000000000000e+00
1.094059267892310228e+00,0.000000000000000000e+00
1.094059267892310228e+00,0.000000000000000000e+00
1.094059267892310228e+00,0.000000000000000000e+00
1.094059267892310228e+00,0.000000000000000000e+00
1.081966333629285737e+00,0.000000000000000000e+00
1.105875007993287973e+00,0.000000000000000000e+00
1.105875007993287973e+00,0.000000000000000000e+00
1.105875007993287973e+00,0.000000000000000000e+00
1.149442621592175806e+00,0.000000000000000000e+00
1.154252839879769343e+00,0.000000000000000000e+00
1.226598867244933277e+00,0.000000000000000000e+00
1.278630650196133534e+00,0.000000000000000000e+00
1.307509572240652673e+00,0.000000000000000000e+00
1.307509572240652673e+00,0.000000000000000000e+00
1.250458838297485054e+00,0.000000000000000000e+00
1.235135030759335395e+00,0.000000000000000000e+00
1.421717988042212610e+00,0.000000000000000000e+00
1.407032292768050752e+00,0.000000000000000000e+00
1.243636170140693498e+00,0.000000000000000000e+00
1.148679687700080221e+00,0.000000000000000000e+00
1.047504889617987711e+00,0.000000000000000000e+00
9.591539771341752729e-01,0.000000000000000000e+00
1.092874610618290276e+00,0.000000000000000000e+00
1.092874610618290276e+00,0.000000000000000000e+00
1.365711818750581674e+00,0.000000000000000000e+00
1.293062297702413099e+00,0.000000000000000000e+00
1.181741388046618768e+00,0.000000000000000000e+00
1.265209081495947796e+00,0.000000000000000000e+00
1.206634481887493671e+00,0.000000000000000000e+00
1.206634481887493671e+00,0.000000000000000000e+00
1.206634481887493671e+00,0.000000000000000000e+00
9.732286381812873532e-01,0.000000000000000000e+00
9.671284473655127334e-01,0.000000000000000000e+00
9.671284473655127334e-01,0.000000000000000000e+00
9.671284473655127334e-01,0.000000000000000000e+00
9.671284473655127334e-01,0.000000000000000000e+00
9.671284473655127334e-01,0.000000000000000000e+00
9.671284473655127334e-01,0.000000000000000000e+00
1.093304215588082995e+00,0.000000000000000000e+00
1.166436723071670123e+00,0.000000000000000000e+00
1.136731554543199740e+00,0.000000000000000000e+00
1.189547769126974908e+00,0.000000000000000000e+00
1.189547769126974908e+00,0.000000000000000000e+00
1.218216649399536333e+00,0.000000000000000000e+00
9.453367095014935106e-01,0.000000000000000000e+00
9.497040629052621030e-01,0.000000000000000000e+00
1.065228897333065694e+00,0.000000000000000000e+00
1.065228897333065694e+00,0.000000000000000000e+00
1.065228897333065694e+00,0.000000000000000000e+00
1.065228897333065694e+00,0.000000000000000000e+00
1.201855468460401921e+00,0.000000000000000000e+00
1.257661584300561852e+00,0.000000000000000000e+00
1.257661584300561852e+00,0.000000000000000000e+00
1.267810737187082815e+00,0.000000000000000000e+00
1.332923520384361682e+00,0.000000000000000000e+00
1.332923520384361682e+00,0.000000000000000000e+00
1.332923520384361682e+00,0.000000000000000000e+00
1.332923520384361682e+00,0.000000000000000000e+00
1.332923520384361682e+00,0.000000000000000000e+00
1.309171222176110705e+00,0.000000000000000000e+00
1.304151292400589357e+00,0.000000000000000000e+00
1.304151292400589357e+00,0.000000000000000000e+00
1.304151292400589357e+00,0.000000000000000000e+00
1.313353068583071437e+00,0.000000000000000000e+00
1.202720696127519862e+00,0.000000000000000000e+00
1.228866816748595214e+00,0.000000000000000000e+00
1.250058972027821014e+00,0.000000000000000000e+00
1.427649504317160645e+00,0.000000000000000000e+00
1.225169251594920183e+00,0.000000000000000000e+00
1.147457375195986007e+00,0.000000000000000000e+00
1.226841008842645131e+00,0.000000000000000000e+00
1.171548452867064549e+00,0.000000000000000000e+00
1.171548452867064549e+00,0.000000000000000000e+00
1.225873350866160338e+00,0.000000000000000000e+00
1.150772842474733437e+00,0.000000000000000000e+00
1.150772842474733437e+00,0.000000000000000000e+00
1.051435300845728005e+00,0.000000000000000000e+00
1.045510460709596634e+00,0.000000000000000000e+00
1.045510460709596634e+00,0.000000000000000000e+00
9.888777056173660984e-01,0.000000000000000000e+00
1.083272782730472228e+00,0.000000000000000000e+00
1.388523572673772577e+00,0.000000000000000000e+00
1.434179184311559219e+00,0.000000000000000000e+00
1.434179184311559219e+00,0.000000000000000000e+00
1.434179184311559219e+00,0.000000000000000000e+00
1.434179184311559219e+00,0.000000000000000000e+00
1.337839690057553987e+00,0.000000000000000000e+00
1.355142730457773892e+00,0.000000000000000000e+00
1.355581509678034369e+00,0.000000000000000000e+00
1.345200795078364431e+00,0.000000000000000000e+00
1.408620658795803671e+00,0.000000000000000000e+00
1.281047408941944132e+00,0.000000000000000000e+00
1.091924435931271198e+00,0.000000000000000000e+00
1.091924435931271198e+00,0.000000000000000000e+00
1.175001930430271013e+00,0.000000000000000000e+00
1.175001930430271013e+00,0.000000000000000000e+00
1.277402586716152477e+00,0.000000000000000000e+00
1.305577095149379696e+00,0.000000000000000000e+00
1.305577095149379696e+00,0.000000000000000000e+00
1.305577095149379696e+00,0.000000000000000000e+00
1.305577095149379696e+00,0.000000000000000000e+00
1.305577095149379696e+00,0.000000000000000000e+00
1.305957782131620837e+00,0.000000000000000000e+00
1.244847930283510040e+00,0.000000000000000000e+00
1.244847930283510040e+00,0.000000000000000000e+00
1.244847930283510040e+00,0.000000000000000000e+00
1.192534868519647517e+00,0.000000000000000000e+00
1.251813113686541135e+00,0.000000000000000000e+00
1.308523012344794623e+00,0.000000000000000000e+00
1.308523012344794623e+00,0.000000000000000000e+00
1.308523012344794623e+00,0.000000000000000000e+00
1.308523012344794623e+00,0.000000000000000000e+00
1.391965011697730237e+00,0.000000000000000000e+00
1.370182861369656502e+00,0.000000000000000000e+00
1.370182861369656502e+00,0.000000000000000000e+00
1.436848927679422072e+00,0.000000000000000000e+00
1.458653629075620906e+00,0.000000000000000000e+00
1.508328927528662211e+00,0.000000000000000000e+00
1.365945871939391765e+00,0.000000000000000000e+00
1.365945871939391765e+00,0.000000000000000000e+00
1.365945871939391765e+00,0.000000000000000000e+00
1.386134142856092710e+00,0.000000000000000000e+00
1.470750416943842787e+00,0.000000000000000000e+00
1.470750416943842787e+00,0.000000000000000000e+00
1.470750416943842787e+00,0.000000000000000000e+00
1.470750416943842787e+00,0.000000000000000000e+00
1.470750416943842787e+00,0.000000000000000000e+00
1.481023815224070894e+00,0.000000000000000000e+00
1.481023815224070894e+00,0.000000000000000000e+00
1.396394159220708531e+00,0.000000000000000000e+00
1.396394159220708531e+00,0.000000000000000000e+00
1.396394159220708531e+00,0.000000000000000000e+00
1.475821417704608285e+00,0.000000000000000000e+00
1.467718059926989227e+00,0.000000000000000000e+00
1.135233077990492667e+00,0.000000000000000000e+00
1.282562900889328672e+00,0.000000000000000000e+00
1.282562900889328672e+00,0.000000000000000000e+00
1.282562900889328672e+00,0.000000000000000000e+00
1.282562900889328672e+00,0.000000000000000000e+00
1.282562900889328672e+00,0.000000000000000000e+00
1.276599258006230420e+00,0.000000000000000000e+00
1.371728486289148563e+00,0.000000000000000000e+00
1.272150305132987658e+00,0.000000000000000000e+00
1.362031034972163379e+00,0.000000000000000000e+00
1.362031034972163379e+00,0.000000000000000000e+00
1.408814453250149423e+00,0.000000000000000000e+00
1.324694048956086778e+00,0.000000000000000000e+00
1.324694048956086778e+00,0.000000000000000000e+00
1.376563594136467561e+00,0.000000000000000000e+00
1.376563594136467561e+00,0.000000000000000000e+00
1.347399326020711330e+00,0.000000000000000000e+00
1.451168545103049157e+00,0.000000000000000000e+00
1.299858000491433074e+00,0.000000000000000000e+00
1.326251759985971779e+00,0.000000000000000000e+00
1.289542478913667356e+00,0.000000000000000000e+00
1.349519794101142978e+00,0.000000000000000000e+00
1.349519794101142978e+00,0.000000000000000000e+00
1.148941807888775868e+00,0.000000000000000000e+00
1.148941807888775868e+00,0.000000000000000000e+00
1.375684252618253556e+00,0.000000000000000000e+00
1.245363108096143367e+00,0.000000000000000000e+00
1.245363108096143367e+00,0.000000000000000000e+00
1.291332441134337650e+00,0.000000000000000000e+00
1.291803231722375545e+00,0.000000000000000000e+00
1.413132315931683314e+00,0.000000000000000000e+00
1.413132315931683314e+00,0.000000000000000000e+00
1.284434260151682716e+00,0.000000000000000000e+00
1.242437069323421905e+00,0.000000000000000000e+00
1.167908380265260782e+00,0.000000000000000000e+00
1.167908380265260782e+00,0.000000000000000000e+00
1.304198180769670756e+00,0.000000000000000000e+00
1.229338229974726193e+00,0.000000000000000000e+00
1.374541103842171097e+00,0.000000000000000000e+00
1.309165246280967310e+00,0.000000000000000000e+00
1.365060329180068033e+00,0.000000000000000000e+00
1.275650354751323157e+00,0.000000000000000000e+00
1.275650354751323157e+00,0.000000000000000000e+00
1.275650354751323157e+00,0.000000000000000000e+00
1.339695769369413814e+00,0.000000000000000000e+00
1.339695769369413814e+00,0.000000000000000000e+00
1.270767095651520684e+00,0.000000000000000000e+00
1.270767095651520684e+00,0.000000000000000000e+00
1.301759359348515499e+00,0.000000000000000000e+00
1.301759359348515499e+00,0.000000000000000000e+00
1.301759359348515499e+00,0.000000000000000000e+00
1.294285598931624648e+00,0.000000000000000000e+00
1.170175191250661051e+00,0.000000000000000000e+00
1.028046828268866397e+00,0.000000000000000000e+00
1.037881252093298956e+00,0.000000000000000000e+00
9.393228599239898946e-01,0.000000000000000000e+00
9.852473535243776448e-01,0.000000000000000000e+00
1.100206596594189623e+00,0.000000000000000000e+00
1.100206596594189623e+00,0.000000000000000000e+00
1.139580582031267442e+00,0.000000000000000000e+00
1.191855743491960773e+00,0.000000000000000000e+00
1.224754145896955526e+00,0.000000000000000000e+00
1.224754145896955526e+00,0.000000000000000000e+00
1.224754145896955526e+00,0.000000000000000000e+00
1.224754145896955526e+00,0.000000000000000000e+00
1.127131502721112621e+00,0.000000000000000000e+00
1.110701008382425581e+00,0.000000000000000000e+00
1.225244904484728004e+00,0.000000000000000000e+00
1.347665556805969000e+00,0.000000000000000000e+00
1.347665556805969000e+00,0.000000000000000000e+00
1.347665556805969000e+00,0.000000000000000000e+00
1.327669087154631056e+00,0.000000000000000000e+00
1.139285219781082770e+00,0.000000000000000000e+00
1.296684390318705749e+00,0.000000000000000000e+00
1.296684390318705749e+00,0.000000000000000000e+00
1.296684390318705749e+00,0.000000000000000000e+00
1.310900853151300671e+00,0.000000000000000000e+00
1.326895553080239765e+00,0.000000000000000000e+00
1.177361752808299356e+00,0.000000000000000000e+00
1.296065966264374536e+00,0.000000000000000000e+00
1.329157684435273490e+00,0.000000000000000000e+00
1.329157684435273490e+00,0.000000000000000000e+00
1.329157684435273490e+00,0.000000000000000000e+00
1.402470165153547610e+00,0.000000000000000000e+00
1.303249903531485954e+00,0.000000000000000000e+00
1.127791314327987626e+00,0.000000000000000000e+00
1.110762125388337074e+00,0.000000000000000000e+00
1.135643164034548347e+00,0.000000000000000000e+00
1.335674820621427950e+00,0.000000000000000000e+00
1.335674820621427950e+00,0.000000000000000000e+00
1.321948218168362610e+00,0.000000000000000000e+00
1.321948218168362610e+00,0.000000000000000000e+00
1.162260901088369325e+00,0.000000000000000000e+00
1.127963190569843510e+00,0.000000000000000000e+00
1.127963190569843510e+00,0.000000000000000000e+00
1.127963190569843510e+00,0.000000000000000000e+00
1.263850649671873994e+00,0.000000000000000000e+00
1.263850649671873994e+00,0.000000000000000000e+00
1.063626471566071041e+00,0.000000000000000000e+00
1.071860995603560740e+00,0.000000000000000000e+00
1.181875734743712991e+00,0.000000000000000000e+00
1.181875734743712991e+00,0.000000000000000000e+00
1.181875734743712991e+00,0.000000000000000000e+00
1.152861961042690675e+00,0.000000000000000000e+00
1.168406300684047716e+00,0.000000000000000000e+00
1.168406300684047716e+00,0.000000000000000000e+00
1.225907061649026630e+00,0.000000000000000000e+00
1.225907061649026630e+00,0.000000000000000000e+00
1.123263649779486339e+00,0.000000000000000000e+00
1.123263649779486339e+00,0.000000000000000000e+00
1.227163130949711745e+00,0.000000000000000000e+00
1.227163130949711745e+00,0.000000000000000000e+00
1.227163130949711745e+00,0.000000000000000000e+00
1.176558091069084711e+00,0.000000000000000000e+00
1.210708343009511800e+00,0.000000000000000000e+00
1.210708343009511800e+00,0.000000000000000000e+00
1.311657598562974592e+00,0.000000000000000000e+00
1.312200739955510898e+00,0.000000000000000000e+00
1.312200739955510898e+00,0.000000000000000000e+00
1.268220143270894162e+00,0.000000000000000000e+00
1.206926190014450118e+00,0.000000000000000000e+00
1.206926190014450118e+00,0.000000000000000000e+00
1.206926190014450118e+00,0.000000000000000000e+00
1.206926190014450118e+00,0.000000000000000000e+00
1.222135916679034873e+00,0.000000000000000000e+00
1.222135916679034873e+00,0.000000000000000000e+00
1.202660423152452029e+00,0.000000000000000000e+00
1.202660423152452029e+00,0.000000000000000000e+00
1.214888982458753652e+00,0.000000000000000000e+00
1.219138517790763876e+00,0.000000000000000000e+00
1.415890003348667214e+00,0.000000000000000000e+00
1.415890003348667214e+00,0.000000000000000000e+00
1.345080751320012258e+00,0.000000000000000000e+00
1.121369470683965197e+00,0.000000000000000000e+00
1.121369470683965197e+00,0.000000000000000000e+00
1.268354300648740995e+00,0.000000000000000000e+00
1.268354300648740995e+00,0.000000000000000000e+00
1.268354300648740995e+00,0.000000000000000000e+00
1.268354300648740995e+00,0.000000000000000000e+00
1.193789732599129128e+00,0.000000000000000000e+00
1.333662780884543597e+00,0.000000000000000000e+00
1.246175860561671733e+00,0.000000000000000000e+00
1.368972564872105613e+00,0.000000000000000000e+00
1.368972564872105613e+00,0.000000000000000000e+00
1.327183750728852862e+00,0.000000000000000000e+00
1.237288207378503868e+00,0.000000000000000000e+00
1.345348792357089707e+00,0.000000000000000000e+00
1.527990893454684862e+00,0.000000000000000000e+00
1.527990893454684862e+00,0.000000000000000000e+00
1.527990893454684862e+00,0.000000000000000000e+00
1.527990893454684862e+00,0.000000000000000000e+00
1.527990893454684862e+00,0.000000000000000000e+00
1.497753822386201472e+00,0.000000000000000000e+00
1.497753822386201472e+00,0.000000000000000000e+00
1.572877026532951916e+00,0.000000000000000000e+00
1.572877026532951916e+00,0.000000000000000000e+00
1.573378417518418448e+00,0.000000000000000000e+00
1.573378417518418448e+00,0.000000000000000000e+00
1.342572100503027999e+00,0.000000000000000000e+00
1.179227687758739318e+00,0.000000000000000000e+00
1.184419749870173844e+00,0.000000000000000000e+00
1.130439380027401963e+00,0.000000000000000000e+00
1.130439380027401963e+00,0.000000000000000000e+00
1.203119859347888010e+00,0.000000000000000000e+00
1.210723223672311999e+00,0.000000000000000000e+00
1.330820243118672419e+00,0.000000000000000000e+00
1.330820243118672419e+00,0.000000000000000000e+00
1.330820243118672419e+00,0.000000000000000000e+00
1.220583809066964287e+00,0.000000000000000000e+00
1.057608503957016000e+00,0.000000000000000000e+00
1.137622033789967846e+00,0.000000000000000000e+00
1.025643593129614839e+00,0.000000000000000000e+00
1.113985308449162659e+00,0.000000000000000000e+00
1.049471267538562458e+00,0.000000000000000000e+00
1.285597289103110663e+00,0.000000000000000000e+00
1.285597289103110663e+00,0.000000000000000000e+00
1.285597289103110663e+00,0.000000000000000000e+00
1.274085198105817662e+00,0.000000000000000000e+00
1.248042263658954099e+00,0.000000000000000000e+00
1.276814496572545643e+00,0.000000000000000000e+00
1.276814496572545643e+00,0.000000000000000000e+00
1.276814496572545643e+00,0.000000000000000000e+00
1.296823641047497588e+00,0.000000000000000000e+00
1.364594262629520216e+00,0.000000000000000000e+00
1.471682188721936457e+00,0.000000000000000000e+00
1.110838636604903229e+00,0.000000000000000000e+00
1.324228450512330735e+00,0.000000000000000000e+00
1.291163907284315293e+00,0.000000000000000000e+00
1.291163907284315293e+00,0.000000000000000000e+00
1.045080828305267939e+00,0.000000000000000000e+00
9.227952435595611069e-01,0.000000000000000000e+00
1.100837547180736342e+00,0.000000000000000000e+00
1.308751887728402563e+00,0.000000000000000000e+00
1.308751887728402563e+00,0.000000000000000000e+00
1.308751887728402563e+00,0.000000000000000000e+00
1.291593796835408092e+00,0.000000000000000000e+00
1.291593796835408092e+00,0.000000000000000000e+00
1.291593796835408092e+00,0.000000000000000000e+00
1.353870497575639265e+00,0.000000000000000000e+00
1.353870497575639265e+00,0.000000000000000000e+00
1.281073292773586392e+00,0.000000000000000000e+00
1.281073292773586392e+00,0.000000000000000000e+00
1.397899942245182547e+00,0.000000000000000000e+00
1.221801190917140456e+00,0.000000000000000000e+00
1.221801190917140456e+00,0.000000000000000000e+00
1.209325988495014714e+00,0.000000000000000000e+00
1.209325988495014714e+00,0.000000000000000000e+00
1.209325988495014714e+00,0.000000000000000000e+00
1.209325988495014714e+00,0.000000000000000000e+00
1.339736582862099290e+00,0.000000000000000000e+00
1.385563821327234768e+00,0.000000000000000000e+00
1.357513906984122665e+00,0.000000000000000000e+00
1.356194049530380807e+00,0.000000000000000000e+00
1.041002141844362461e+00,0.000000000000000000e+00
1.289188921955803036e+00,0.000000000000000000e+00
1.333882659369577173e+00,0.000000000000000000e+00
1.155732666691088095e+00,0.000000000000000000e+00
1.349100002820823763e+00,0.000000000000000000e+00
1.349100002820823763e+00,0.000000000000000000e+00
1.258759052407745216e+00,0.000000000000000000e+00
1.238332003973552808e+00,0.000000000000000000e+00
1.345955573316697462e+00,0.000000000000000000e+00
1.321913441436461278e+00,0.000000000000000000e+00
1.153738771444080546e+00,0.000000000000000000e+00
1.080872494908897252e+00,0.000000000000000000e+00
1.223229635043201258e+00,0.000000000000000000e+00
1.436681903721693132e+00,0.000000000000000000e+00
1.222812937713926740e+00,0.000000000000000000e+00
1.222812937713926740e+00,0.000000000000000000e+00
1.222812937713926740e+00,0.000000000000000000e+00
1.222812937713926740e+00,0.000000000000000000e+00
1.220330367406981198e+00,0.000000000000000000e+00
1.449072380411830840e+00,0.000000000000000000e+00
1.377510902312571783e+00,0.000000000000000000e+00
1.377510902312571783e+00,0.000000000000000000e+00
1.318272195136944491e+00,0.000000000000000000e+00
1.318272195136944491e+00,0.000000000000000000e+00
1.318272195136944491e+00,0.000000000000000000e+00
1.318272195136944491e+00,0.000000000000000000e+00
1.318272195136944491e+00,0.000000000000000000e+00
1.278003899289708700e+00,0.000000000000000000e+00
1.410604978531204701e+00,0.000000000000000000e+00
1.410604978531204701e+00,0.000000000000000000e+00
1.344816155669636970e+00,0.000000000000000000e+00
1.344816155669636970e+00,0.000000000000000000e+00
1.270643525836891330e+00,0.000000000000000000e+00
1.183143826398852072e+00,0.000000000000000000e+00
1.168672089670642178e+00,0.000000000000000000e+00
1.168672089670642178e+00,0.000000000000000000e+00
1.400007934417055955e+00,0.000000000000000000e+00
1.400007934417055955e+00,0.000000000000000000e+00
1.400007934417055955e+00,0.000000000000000000e+00
1.426443663888979918e+00,0.000000000000000000e+00
1.270190081026927320e+00,0.000000000000000000e+00
1.193868647495845980e+00,0.000000000000000000e+00
1.149385467584173703e+00,0.000000000000000000e+00
1.149385467584173703e+00,0.000000000000000000e+00
1.200732349660343701e+00,0.000000000000000000e+00
1.187238133133728502e+00,0.000000000000000000e+00
1.137841041091046668e+00,0.000000000000000000e+00
1.221304399339329549e+00,0.000000000000000000e+00
1.159658123173350486e+00,0.000000000000000000e+00
1.302772722590823662e+00,0.000000000000000000e+00
1.302772722590823662e+00,0.000000000000000000e+00
1.302772722590823662e+00,0.000000000000000000e+00
1.162170196324892046e+00,0.000000000000000000e+00
1.288980643735345044e+00,0.000000000000000000e+00
1.288980643735345044e+00,0.000000000000000000e+00
1.377026832628614805e+00,0.000000000000000000e+00
1.377026832628614805e+00,0.000000000000000000e+00
1.377026832628614805e+00,0.000000000000000000e+00
1.257024481487569290e+00,0.000000000000000000e+00
1.472822140932789292e+00,0.000000000000000000e+00
1.310403790682286074e+00,0.000000000000000000e+00
1.141026348825044279e+00,0.000000000000000000e+00
1.061709042956602289e+00,0.000000000000000000e+00
1.147222100822844260e+00,0.000000000000000000e+00
1.193316909405576887e+00,0.000000000000000000e+00
1.310878480455304640e+00,0.000000000000000000e+00
1.359275887822105622e+00,0.000000000000000000e+00
1.110982939931405511e+00,0.000000000000000000e+00
9.613305151478779287e-01,0.000000000000000000e+00
9.613305151478779287e-01,0.000000000000000000e+00
1.023891292455796798e+00,0.000000000000000000e+00
1.118349813222003108e+00,0.000000000000000000e+00
1.118349813222003108e+00,0.000000000000000000e+00
8.908195048393641180e-01,0.000000000000000000e+00
8.908195048393641180e-01,0.000000000000000000e+00
1.063640505430935468e+00,0.000000000000000000e+00
1.192726082058039871e+00,0.000000000000000000e+00
1.192726082058039871e+00,0.000000000000000000e+00
1.200784819746349319e+00,0.000000000000000000e+00
1.246571146218748760e+00,0.000000000000000000e+00
1.146414935497772847e+00,0.000000000000000000e+00
1.146414935497772847e+00,0.000000000000000000e+00
1.131490049051337099e+00,0.000000000000000000e+00
1.232376000423147877e+00,0.000000000000000000e+00
1.224192944456919951e+00,0.000000000000000000e+00
1.224192944456919951e+00,0.000000000000000000e+00
1.224192944456919951e+00,0.000000000000000000e+00
1.159429593907574052e+00,0.000000000000000000e+00
1.159429593907574052e+00,0.000000000000000000e+00
1.068261551298257395e+00,0.000000000000000000e+00
1.197249696482067582e+00,0.000000000000000000e+00
1.197249696482067582e+00,0.000000000000000000e+00
1.187044907087643208e+00,0.000000000000000000e+00
1.240125753742068015e+00,0.000000000000000000e+00
1.250329342608050620e+00,0.000000000000000000e+00
1.250329342608050620e+00,0.000000000000000000e+00
1.238389640347087761e+00,0.000000000000000000e+00
1.238389640347087761e+00,0.000000000000000000e+00
1.238389640347087761e+00,0.000000000000000000e+00
1.351238855229227154e+00,0.000000000000000000e+00
1.384693084411454445e+00,0.000000000000000000e+00
1.346288825338913808e+00,0.000000000000000000e+00
1.208193953195851211e+00,0.000000000000000000e+00
1.222033039556201572e+00,0.000000000000000000e+00
1.222033039556201572e+00,0.000000000000000000e+00
1.221885307391768372e+00,0.000000000000000000e+00
1.221885307391768372e+00,0.000000000000000000e+00
1.289308583286272292e+00,0.000000000000000000e+00
1.281341261775767126e+00,0.000000000000000000e+00
1.281341261775767126e+00,0.000000000000000000e+00
1.281341261775767126e+00,0.000000000000000000e+00
1.400021737495792173e+00,0.000000000000000000e+00
1.400021737495792173e+00,0.000000000000000000e+00
1.400021737495792173e+00,0.000000000000000000e+00
1.293956279863929248e+00,0.000000000000000000e+00
1.258920418317913015e+00,0.000000000000000000e+00
1.220747459541617008e+00,0.000000000000000000e+00
1.220747459541617008e+00,0.000000000000000000e+00
1.238452021030242323e+00,0.000000000000000000e+00
1.278241339564305301e+00,0.000000000000000000e+00
1.278241339564305301e+00,0.000000000000000000e+00
1.278241339564305301e+00,0.000000000000000000e+00
1.278241339564305301e+00,0.000000000000000000e+00
1.278241339564305301e+00,0.000000000000000000e+00
1.314026644087705087e+00,0.000000000000000000e+00
1.336023618263000534e+00,0.000000000000000000e+00
1.340322208564953543e+00,0.000000000000000000e+00
1.340322208564953543e+00,0.000000000000000000e+00
1.340322208564953543e+00,0.000000000000000000e+00
1.304603824720874439e+00,0.000000000000000000e+00
1.304603824720874439e+00,0.000000000000000000e+00
1.216804085405783775e+00,0.000000000000000000e+00
1.336273703251450451e+00,0.000000000000000000e+00
1.187640383292247304e+00,0.000000000000000000e+00
1.187640383292247304e+00,0.000000000000000000e+00
1.324120399107682866e+00,0.000000000000000000e+00
1.324120399107682866e+00,0.000000000000000000e+00
1.325071925581934540e+00,0.000000000000000000e+00
1.146772202760903969e+00,0.000000000000000000e+00
1.146772202760903969e+00,0.000000000000000000e+00
1.172179551693380839e+00,0.000000000000000000e+00
1.172179551693380839e+00,0.000000000000000000e+00
1.172179551693380839e+00,0.000000000000000000e+00
1.172179551693380839e+00,0.000000000000000000e+00
1.232438671701328037e+00,0.000000000000000000e+00
1.232438671701328037e+00,0.000000000000000000e+00
1.444256711461367138e+00,0.000000000000000000e+00
1.444256711461367138e+00,0.000000000000000000e+00
1.444256711461367138e+00,0.000000000000000000e+00
1.444256711461367138e+00,0.000000000000000000e+00
1.300708212453719703e+00,0.000000000000000000e+00
9.775237969600918397e-01,0.000000000000000000e+00
1.159196192566492423e+00,0.000000000000000000e+00
1.159196192566492423e+00,0.000000000000000000e+00
1.287397509045602018e+00,0.000000000000000000e+00
1.251542512973472965e+00,0.000000000000000000e+00
1.251542512973472965e+00,0.000000000000000000e+00
1.251542512973472965e+00,0.000000000000000000e+00
1.154517475228389767e+00,0.000000000000000000e+00
1.154517475228389767e+00,0.000000000000000000e+00
1.165164286587370812e+00,0.000000000000000000e+00
1.180068057896586087e+00,0.000000000000000000e+00
1.180068057896586087e+00,0.000000000000000000e+00
1.414764391606829763e+00,0.000000000000000000e+00
1.440500823535607378e+00,0.000000000000000000e+00
1.440500823535607378e+00,0.000000000000000000e+00
1.410383429543983214e+00,0.000000000000000000e+00
1.410383429543983214e+00,0.000000000000000000e+00
1.410383429543983214e+00,0.000000000000000000e+00
1.338895924465871357e+00,0.000000000000000000e+00
1.349959491648534460e+00,0.000000000000000000e+00
1.379775648156479351e+00,0.000000000000000000e+00
1.398252064701444475e+00,0.000000000000000000e+00
1.398252064701444475e+00,0.000000000000000000e+00
1.398252064701444475e+00,0.000000000000000000e+00
1.415058926877202916e+00,0.000000000000000000e+00
1.415058926877202916e+00,0.000000000000000000e+00
1.171614681112541856e+00,0.000000000000000000e+00
1.132030228382779669e+00,0.000000000000000000e+00
1.132030228382779669e+00,0.000000000000000000e+00
1.047033573045326404e+00,0.000000000000000000e+00
1.183288833391049844e+00,0.000000000000000000e+00
1.243732021160011136e+00,0.000000000000000000e+00
1.285698462978015710e+00,0.000000000000000000e+00
1.300112341177086517e+00,0.000000000000000000e+00
1.305375039802311621e+00,0.000000000000000000e+00
1.305375039802311621e+00,0.000000000000000000e+00
1.305375039802311621e+00,0.000000000000000000e+00
1.309307200375544600e+00,0.000000000000000000e+00
1.177540403219068388e+00,0.000000000000000000e+00
1.177540403219068388e+00,0.000000000000000000e+00
1.177540403219068388e+00,0.000000000000000000e+00
1.177540403219068388e+00,0.000000000000000000e+00
1.177540403219068388e+00,0.000000000000000000e+00
1.177540403219068388e+00,0.000000000000000000e+00
1.099081052398922953e+00,0.000000000000000000e+00
9.920098251492046604e-01,0.000000000000000000e+00
9.920098251492046604e-01,0.000000000000000000e+00
9.766095891589655631e-01,0.000000000000000000e+00
9.766095891589655631e-01,0.000000000000000000e+00
9.766095891589655631e-01,0.000000000000000000e+00
9.766095891589655631e-01,0.000000000000000000e+00
9.766095891589655631e-01,0.000000000000000000e+00
1.099254587703061059e+00,0.000000000000000000e+00
1.115838045913286392e+00,0.000000000000000000e+00
1.115838045913286392e+00,0.000000000000000000e+00
1.115838045913286392e+00,0.000000000000000000e+00
1.161656908409932187e+00,0.000000000000000000e+00
1.127972838840033409e+00,0.000000000000000000e+00
1.127972838840033409e+00,0.000000000000000000e+00
1.067663880001841648e+00,0.000000000000000000e+00
1.063771261062759210e+00,0.000000000000000000e+00
1.036537637119858912e+00,0.000000000000000000e+00
1.036537637119858912e+00,0.000000000000000000e+00
1.036537637119858912e+00,0.000000000000000000e+00
1.036537637119858912e+00,0.000000000000000000e+00
1.036537637119858912e+00,0.000000000000000000e+00
1.036537637119858912e+00,0.000000000000000000e+00
1.063937180869293009e+00,0.000000000000000000e+00
1.199482077789103984e+00,0.000000000000000000e+00
1.356261502238387262e+00,0.000000000000000000e+00
1.549553939699892968e+00,0.000000000000000000e+00
1.211057206024420907e+00,0.000000000000000000e+00
1.211057206024420907e+00,0.000000000000000000e+00
1.258425584612040016e+00,0.000000000000000000e+00
1.278948106468529522e+00,0.000000000000000000e+00
1.278948106468529522e+00,0.000000000000000000e+00
1.344541347889023797e+00,0.000000000000000000e+00
1.344541347889023797e+00,0.000000000000000000e+00
1.344541347889023797e+00,0.000000000000000000e+00
1.365024452955393874e+00,0.000000000000000000e+00
1.381928187103268479e+00,0.000000000000000000e+00
1.381928187103268479e+00,0.000000000000000000e+00
1.325705132575905942e+00,0.000000000000000000e+00
1.325705132575905942e+00,0.000000000000000000e+00
1.325705132575905942e+00,0.000000000000000000e+00
1.325705132575905942e+00,0.000000000000000000e+00
1.325705132575905942e+00,0.000000000000000000e+00
1.325705132575905942e+00,0.000000000000000000e+00
1.384375064603391881e+00,0.000000000000000000e+00
1.297246346215653379e+00,0.000000000000000000e+00
1.293167593286168371e+00,0.000000000000000000e+00
1.362168248553731864e+00,0.000000000000000000e+00
1.362168248553731864e+00,0.000000000000000000e+00
1.362168248553731864e+00,0.000000000000000000e+00
1.362168248553731864e+00,0.000000000000000000e+00
1.235625211930342582e+00,0.000000000000000000e+00
1.235625211930342582e+00,0.000000000000000000e+00
1.216657015680751908e+00,0.000000000000000000e+00
1.216657015680751908e+00,0.000000000000000000e+00
1.216657015680751908e+00,0.000000000000000000e+00
1.210750988802562489e+00,0.000000000000000000e+00
1.415195616284810498e+00,0.000000000000000000e+00
1.227030369627490902e+00,0.000000000000000000e+00
1.227030369627490902e+00,0.000000000000000000e+00
1.398883254180047331e+00,0.000000000000000000e+00
1.448180573155985140e+00,0.000000000000000000e+00
1.264231034474038839e+00,0.000000000000000000e+00
1.264231034474038839e+00,0.000000000000000000e+00
1.119139336179330924e+00,0.000000000000000000e+00
1.119139336179330924e+00,0.000000000000000000e+00
1.331842714564972274e+00,0.000000000000000000e+00
1.331842714564972274e+00,0.000000000000000000e+00
1.358590559159766675e+00,0.000000000000000000e+00
1.409448207110040929e+00,0.000000000000000000e+00
1.339849594145527067e+00,0.000000000000000000e+00
1.232991185238199172e+00,0.000000000000000000e+00
1.310084188637522518e+00,0.000000000000000000e+00
1.334032075134501838e+00,0.000000000000000000e+00
1.400920619921388166e+00,0.000000000000000000e+00
1.400920619921388166e+00,0.000000000000000000e+00
1.344879846206565865e+00,0.000000000000000000e+00
1.344879846206565865e+00,0.000000000000000000e+00
1.405460688451070528e+00,0.000000000000000000e+00
1.228999763686902780e+00,0.000000000000000000e+00
1.228999763686902780e+00,0.000000000000000000e+00
1.228999763686902780e+00,0.000000000000000000e+00
1.228999763686902780e+00,0.000000000000000000e+00
1.228999763686902780e+00,0.000000000000000000e+00
1.316386007333539609e+00,0.000000000000000000e+00
1.316386007333539609e+00,0.000000000000000000e+00
1.295520990551706220e+00,0.000000000000000000e+00
1.272351903479982393e+00,0.000000000000000000e+00
1.272351903479982393e+00,0.000000000000000000e+00
1.249332327881957916e+00,0.000000000000000000e+00
1.249332327881957916e+00,0.000000000000000000e+00
1.283409566661650514e+00,0.000000000000000000e+00
1.283409566661650514e+00,0.000000000000000000e+00
1.283409566661650514e+00,0.000000000000000000e+00
1.283409566661650514e+00,0.000000000000000000e+00
1.283409566661650514e+00,0.000000000000000000e+00
1.320779125388093167e+00,0.000000000000000000e+00
1.407329795829966201e+00,0.000000000000000000e+00
1.407329795829966201e+00,0.000000000000000000e+00
1.388712007868489806e+00,0.000000000000000000e+00
1.305564663273152126e+00,0.000000000000000000e+00
1.305564663273152126e+00,0.000000000000000000e+00
1.305564663273152126e+00,0.000000000000000000e+00
1.307827583724726184e+00,0.000000000000000000e+00
1.192017604691274268e+00,0.000000000000000000e+00
1.192017604691274268e+00,0.000000000000000000e+00
1.192017604691274268e+00,0.000000000000000000e+00
1.192017604691274268e+00,0.000000000000000000e+00
1.191255845799481072e+00,0.000000000000000000e+00
1.296908381766328944e+00,0.000000000000000000e+00
1.461111345692508001e+00,0.000000000000000000e+00
1.262339266341357957e+00,0.000000000000000000e+00
1.294819365537758005e+00,0.000000000000000000e+00
1.224257200181218641e+00,0.000000000000000000e+00
1.224257200181218641e+00,0.000000000000000000e+00
1.347200337668644110e+00,0.000000000000000000e+00
1.358662051222104150e+00,0.000000000000000000e+00
1.358662051222104150e+00,0.000000000000000000e+00
1.358662051222104150e+00,0.000000000000000000e+00
1.358662051222104150e+00,0.000000000000000000e+00
1.358662051222104150e+00,0.000000000000000000e+00
1.413919246534725227e+00,0.000000000000000000e+00
1.361509036904309466e+00,0.000000000000000000e+00
1.361509036904309466e+00,0.000000000000000000e+00
1.120144392732915328e+00,0.000000000000000000e+00
1.120144392732915328e+00,0.000000000000000000e+00
1.189713811242699926e+00,0.000000000000000000e+00
1.355938298824276078e+00,0.000000000000000000e+00
1.311271352867776629e+00,0.000000000000000000e+00
1.393940783926982618e+00,0.000000000000000000e+00
1.335364220090257348e+00,0.000000000000000000e+00
1.335364220090257348e+00,0.000000000000000000e+00
1.269396222255659401e+00,0.000000000000000000e+00
1.269396222255659401e+00,0.000000000000000000e+00
1.269396222255659401e+00,0.000000000000000000e+00
1.230629611055230166e+00,0.000000000000000000e+00
1.255053862646731799e+00,0.000000000000000000e+00
1.125835428823086515e+00,0.000000000000000000e+00
1.126726207940649482e+00,0.000000000000000000e+00
1.276757732148570135e+00,0.000000000000000000e+00
1.276757732148570135e+00,0.000000000000000000e+00
1.430909060070420180e+00,0.000000000000000000e+00
1.234115403610888562e+00,0.000000000000000000e+00
1.343501690383683833e+00,0.000000000000000000e+00
1.254431953010651801e+00,0.000000000000000000e+00
1.336344744474256441e+00,0.000000000000000000e+00
1.297356068672693041e+00,0.000000000000000000e+00
1.217766607579154226e+00,0.000000000000000000e+00
1.249592217758653589e+00,0.000000000000000000e+00
1.249592217758653589e+00,0.000000000000000000e+00
1.302379888614781711e+00,0.000000000000000000e+00
1.348631400210767106e+00,0.000000000000000000e+00
1.348631400210767106e+00,0.000000000000000000e+00
1.348631400210767106e+00,0.000000000000000000e+00
1.348631400210767106e+00,0.000000000000000000e+00
1.209966925359860390e+00,0.000000000000000000e+00
1.209966925359860390e+00,0.000000000000000000e+00
1.330623433307212444e+00,0.000000000000000000e+00
1.500864871789697297e+00,0.000000000000000000e+00
1.500864871789697297e+00,0.000000000000000000e+00
1.294354598918233901e+00,0.000000000000000000e+00
1.294354598918233901e+00,0.000000000000000000e+00
1.172963592187286297e+00,0.000000000000000000e+00
1.172963592187286297e+00,0.000000000000000000e+00
1.258044084209208213e+00,0.000000000000000000e+00
1.074262800638331239e+00,0.000000000000000000e+00
1.074262800638331239e+00,0.000000000000000000e+00
1.157834275027502802e+00,0.000000000000000000e+00
1.157834275027502802e+00,0.000000000000000000e+00
1.157834275027502802e+00,0.000000000000000000e+00
1.157834275027502802e+00,0.000000000000000000e+00
1.204240753777723105e+00,0.000000000000000000e+00
1.258869935065770385e+00,0.000000000000000000e+00
1.258869935065770385e+00,0.000000000000000000e+00
1.256602836003505308e+00,0.000000000000000000e+00
1.148445642010298418e+00,0.000000000000000000e+00
1.320164275571932277e+00,0.000000000000000000e+00
1.265369158905204294e+00,0.000000000000000000e+00
1.376829434314619460e+00,0.000000000000000000e+00
1.376829434314619460e+00,0.000000000000000000e+00
1.272941068444130464e+00,0.000000000000000000e+00
1.272941068444130464e+00,0.000000000000000000e+00
1.220332918688522117e+00,0.000000000000000000e+00
1.329910862252769554e+00,0.000000000000000000e+00
1.417587320851984689e+00,0.000000000000000000e+00
1.335515282432516049e+00,0.000000000000000000e+00
1.244465786036200727e+00,0.000000000000000000e+00
1.244465786036200727e+00,0.000000000000000000e+00
1.273249016676461398e+00,0.000000000000000000e+00
1.130314419820438898e+00,0.000000000000000000e+00
1.130314419820438898e+00,0.000000000000000000e+00
1.226216929591832594e+00,0.000000000000000000e+00
1.205820425343622437e+00,0.000000000000000000e+00
1.371277119967797109e+00,0.000000000000000000e+00
1.356905300401015202e+00,0.000000000000000000e+00
1.379328573198329355e+00,0.000000000000000000e+00
1.379328573198329355e+00,0.000000000000000000e+00
1.399458790603299585e+00,0.000000000000000000e+00
1.251158493536072891e+00,0.000000000000000000e+00
1.319889396943036530e+00,0.000000000000000000e+00
1.361510746833252350e+00,0.000000000000000000e+00
1.310409211183415801e+00,0.000000000000000000e+00
1.212778578706177557e+00,0.000000000000000000e+00
1.212778578706177557e+00,0.000000000000000000e+00
1.077055561804585171e+00,0.000000000000000000e+00
1.077055561804585171e+00,0.000000000000000000e+00
1.077055561804585171e+00,0.000000000000000000e+00
1.019528096131377737e+00,0.000000000000000000e+00
1.062256474965423081e+00,0.000000000000000000e+00
1.111103149659629086e+00,0.000000000000000000e+00
1.176332077660447117e+00,0.000000000000000000e+00
1.270251158480993015e+00,0.000000000000000000e+00
1.245866523281926819e+00,0.000000000000000000e+00
1.349968513104014889e+00,0.000000000000000000e+00
1.349968513104014889e+00,0.000000000000000000e+00
1.371599475594786233e+00,0.000000000000000000e+00
1.371599475594786233e+00,0.000000000000000000e+00
1.371599475594786233e+00,0.000000000000000000e+00
1.371599475594786233e+00,0.000000000000000000e+00
1.371599475594786233e+00,0.000000000000000000e+00
1.371599475594786233e+00,0.000000000000000000e+00
1.419519114856525599e+00,0.000000000000000000e+00
1.432159739909954599e+00,0.000000000000000000e+00
1.405700797513471878e+00,0.000000000000000000e+00
1.344864695006164457e+00,0.000000000000000000e+00
1.269487649070147661e+00,0.000000000000000000e+00
1.269487649070147661e+00,0.000000000000000000e+00
1.269487649070147661e+00,0.000000000000000000e+00
1.269487649070147661e+00,0.000000000000000000e+00
1.269487649070147661e+00,0.000000000000000000e+00
1.269487649070147661e+00,0.000000000000000000e+00
1.241199408264171522e+00,0.000000000000000000e+00
1.176310991544885054e+00,0.000000000000000000e+00
1.167612148785162729e+00,0.000000000000000000e+00
1.194399710904820999e+00,0.000000000000000000e+00
1.194399710904820999e+00,0.000000000000000000e+00
1.248180521361120565e+00,0.000000000000000000e+00
1.248180521361120565e+00,0.000000000000000000e+00
1.248180521361120565e+00,0.000000000000000000e+00
1.248180521361120565e+00,0.000000000000000000e+00
1.138944871368867240e+00,0.000000000000000000e+00
1.138944871368867240e+00,0.000000000000000000e+00
1.138944871368867240e+00,0.000000000000000000e+00
1.273779727346968205e+00,0.000000000000000000e+00
1.273779727346968205e+00,0.000000000000000000e+00
1.209445204504327576e+00,0.000000000000000000e+00
1.220685421740652865e+00,0.000000000000000000e+00
1.220685421740652865e+00,0.000000000000000000e+00
1.376444092744461667e+00,0.000000000000000000e+00
1.376444092744461667e+00,0.000000000000000000e+00
1.365048597338365033e+00,0.000000000000000000e+00
1.342070949572184535e+00,0.000000000000000000e+00
1.342070949572184535e+00,0.000000000000000000e+00
1.171381801520211097e+00,0.000000000000000000e+00
1.272384813114884050e+00,0.000000000000000000e+00
1.272384813114884050e+00,0.000000000000000000e+00
1.272384813114884050e+00,0.000000000000000000e+00
1.272384813114884050e+00,0.000000000000000000e+00
1.252484699375223665e+00,0.000000000000000000e+00
1.252484699375223665e+00,0.000000000000000000e+00
1.090878353768815812e+00,0.000000000000000000e+00
1.090878353768815812e+00,0.000000000000000000e+00
1.090878353768815812e+00,0.000000000000000000e+00
1.222652826986054153e+00,0.000000000000000000e+00
1.222652826986054153e+00,0.000000000000000000e+00
1.222652826986054153e+00,0.000000000000000000e+00
1.223770866543322899e+00,0.000000000000000000e+00
1.189424216144099766e+00,0.000000000000000000e+00
1.259963079930420893e+00,0.000000000000000000e+00
1.207928026131639410e+00,0.000000000000000000e+00
1.264868932608911978e+00,0.000000000000000000e+00
1.291818990440938286e+00,0.000000000000000000e+00
1.291818990440938286e+00,0.000000000000000000e+00
1.291818990440938286e+00,0.000000000000000000e+00
1.291818990440938286e+00,0.000000000000000000e+00
1.270207062336479620e+00,0.000000000000000000e+00
1.186951000542634693e+00,0.000000000000000000e+00
1.186951000542634693e+00,0.000000000000000000e+00
1.154106870590529965e+00,0.000000000000000000e+00
1.154106870590529965e+00,0.000000000000000000e+00
1.154106870590529965e+00,0.000000000000000000e+00
1.180227713477088880e+00,0.000000000000000000e+00
1.198738608356089586e+00,0.000000000000000000e+00
1.319381947525368526e+00,0.000000000000000000e+00
1.395018803741141511e+00,0.000000000000000000e+00
1.395018803741141511e+00,0.000000000000000000e+00
1.395018803741141511e+00,0.000000000000000000e+00
1.396523218672116595e+00,0.000000000000000000e+00
1.411738792905603779e+00,0.000000000000000000e+00
1.411738792905603779e+00,0.000000000000000000e+00
1.411738792905603779e+00,0.000000000000000000e+00
1.350770508045748386e+00,0.000000000000000000e+00
1.350770508045748386e+00,0.000000000000000000e+00
1.384727624978430160e+00,0.000000000000000000e+00
1.384727624978430160e+00,0.000000000000000000e+00
1.310456327214368999e+00,0.000000000000000000e+00
1.310456327214368999e+00,0.000000000000000000e+00
1.354014486730556577e+00,0.000000000000000000e+00
1.324362260835910243e+00,0.000000000000000000e+00
1.319248133588271754e+00,0.000000000000000000e+00
1.325899519098522106e+00,0.000000000000000000e+00
1.195098583895404687e+00,0.000000000000000000e+00
1.194167242087287084e+00,0.000000000000000000e+00
1.345270487851016883e+00,0.000000000000000000e+00
1.345270487851016883e+00,0.000000000000000000e+00
1.155506582552465966e+00,0.000000000000000000e+00
1.155506582552465966e+00,0.000000000000000000e+00
1.332182670796006052e+00,0.000000000000000000e+00
1.414907945254725075e+00,0.000000000000000000e+00
1.414907945254725075e+00,0.000000000000000000e+00
1.430770217285723289e+00,0.000000000000000000e+00
1.430770217285723289e+00,0.000000000000000000e+00
1.405597828760248413e+00,0.000000000000000000e+00
1.481595557306290445e+00,0.000000000000000000e+00
1.481595557306290445e+00,0.000000000000000000e+00
1.359437440198671743e+00,0.000000000000000000e+00
1.359437440198671743e+00,0.000000000000000000e+00
1.204611165597941236e+00,0.000000000000000000e+00
1.302102782735347963e+00,0.000000000000000000e+00
1.302102782735347963e+00,0.000000000000000000e+00
1.363016751752399447e+00,0.000000000000000000e+00
1.376152564093850117e+00,0.000000000000000000e+00
1.376152564093850117e+00,0.000000000000000000e+00
1.207887932369214656e+00,0.000000000000000000e+00
1.337381744779280179e+00,0.000000000000000000e+00
1.342342473318882901e+00,0.000000000000000000e+00
1.335932304330525122e+00,0.000000000000000000e+00
1.335932304330525122e+00,0.000000000000000000e+00
1.335932304330525122e+00,0.000000000000000000e+00
1.351303695728119036e+00,0.000000000000000000e+00
1.396288726456462959e+00,0.000000000000000000e+00
1.396288726456462959e+00,0.000000000000000000e+00
1.320341151545182612e+00,0.000000000000000000e+00
1.320341151545182612e+00,0.000000000000000000e+00
1.431094464589877990e+00,0.000000000000000000e+00
1.127111560900208032e+00,0.000000000000000000e+00
1.372128280734261629e+00,0.000000000000000000e+00
1.372128280734261629e+00,0.000000000000000000e+00
1.337703218187116461e+00,0.000000000000000000e+00
1.177304440122405094e+00,0.000000000000000000e+00
1.221607874191853460e+00,0.000000000000000000e+00
1.337185006947283705e+00,0.000000000000000000e+00
1.376044580237591575e+00,0.000000000000000000e+00
1.381390112999215214e+00,0.000000000000000000e+00
1.333050559758504727e+00,0.000000000000000000e+00
1.333050559758504727e+00,0.000000000000000000e+00
1.130142270718045294e+00,0.000000000000000000e+00
1.181293543144211089e+00,0.000000000000000000e+00
1.181293543144211089e+00,0.000000000000000000e+00
1.358777150591970351e+00,0.000000000000000000e+00
1.231177140474886578e+00,0.000000000000000000e+00
1.231177140474886578e+00,0.000000000000000000e+00
1.261017616476030723e+00,0.000000000000000000e+00
1.261017616476030723e+00,0.000000000000000000e+00
1.365212687225040078e+00,0.000000000000000000e+00
1.365212687225040078e+00,0.000000000000000000e+00
1.365212687225040078e+00,0.000000000000000000e+00
1.346075759635331659e+00,0.000000000000000000e+00
1.256655492569457078e+00,0.000000000000000000e+00
1.155583397582601757e+00,0.000000000000000000e+00
1.202274889292244131e+00,0.000000000000000000e+00
1.019588094807774459e+00,0.000000000000000000e+00
1.123251219143191149e+00,0.000000000000000000e+00
1.232743296876312566e+00,0.000000000000000000e+00
1.232743296876312566e+00,0.000000000000000000e+00
1.383528357105861861e+00,0.000000000000000000e+00
1.278018250063537531e+00,0.000000000000000000e+00
1.278018250063537531e+00,0.000000000000000000e+00
1.068958585604432132e+00,0.000000000000000000e+00
1.068958585604432132e+00,0.000000000000000000e+00
1.134107398551462476e+00,0.000000000000000000e+00
1.134107398551462476e+00,0.000000000000000000e+00
1.134107398551462476e+00,0.000000000000000000e+00
1.134107398551462476e+00,0.000000000000000000e+00
1.249138931981861766e+00,0.000000000000000000e+00
1.249138931981861766e+00,0.000000000000000000e+00
1.226588784073083138e+00,0.000000000000000000e+00
1.226588784073083138e+00,0.000000000000000000e+00
1.226588784073083138e+00,0.000000000000000000e+00
1.333259754670429897e+00,0.000000000000000000e+00
1.333259754670429897e+00,0.000000000000000000e+00
1.540430074340548794e+00,0.000000000000000000e+00
1.540430074340548794e+00,0.000000000000000000e+00
1.418761129512537078e+00,0.000000000000000000e+00
1.419498512931792522e+00,0.000000000000000000e+00
1.419498512931792522e+00,0.000000000000000000e+00
1.419498512931792522e+00,0.000000000000000000e+00
1.554050004247696570e+00,0.000000000000000000e+00
1.563670694591048571e+00,0.000000000000000000e+00
1.563670694591048571e+00,0.000000000000000000e+00
1.563670694591048571e+00,0.000000000000000000e+00
1.563670694591048571e+00,0.000000000000000000e+00
1.438957155954244005e+00,0.000000000000000000e+00
1.438957155954244005e+00,0.000000000000000000e+00
1.438957155954244005e+00,0.000000000000000000e+00
1.570032483539457235e+00,0.000000000000000000e+00
1.376564909222723676e+00,0.000000000000000000e+00
1.376564909222723676e+00,0.000000000000000000e+00
1.376564909222723676e+00,0.000000000000000000e+00
1.251085328189077250e+00,0.000000000000000000e+00
1.105688364708582672e+00,0.000000000000000000e+00
1.222066496724367957e+00,0.000000000000000000e+00
1.200036021088880300e+00,0.000000000000000000e+00
1.135884127926320764e+00,0.000000000000000000e+00
1.291594834653194468e+00,0.000000000000000000e+00
1.313868410609704718e+00,0.000000000000000000e+00
1.313868410609704718e+00,0.000000000000000000e+00
1.143197348793501877e+00,0.000000000000000000e+00
1.078316279678790401e+00,0.000000000000000000e+00
1.305205818453742950e+00,0.000000000000000000e+00
1.213420015793089446e+00,0.000000000000000000e+00
1.161892099459614469e+00,0.000000000000000000e+00
1.161892099459614469e+00,0.000000000000000000e+00
1.161892099459614469e+00,0.000000000000000000e+00
1.161892099459614469e+00,0.000000000000000000e+00
1.138769614849364675e+00,0.000000000000000000e+00
1.348593283044845048e+00,0.000000000000000000e+00
1.319916761901654301e+00,0.000000000000000000e+00
1.319916761901654301e+00,0.000000000000000000e+00
1.319916761901654301e+00,0.000000000000000000e+00
1.319916761901654301e+00,0.000000000000000000e+00
1.397305366334205434e+00,0.000000000000000000e+00
1.276481625866781044e+00,0.000000000000000000e+00
1.314088682232709582e+00,0.000000000000000000e+00
1.226458691891649799e+00,0.000000000000000000e+00
1.226458691891649799e+00,0.000000000000000000e+00
1.161643188510618430e+00,0.000000000000000000e+00
9.493318532104555452e-01,0.000000000000000000e+00
1.194626105340004907e+00,0.000000000000000000e+00
1.194626105340004907e+00,0.000000000000000000e+00
1.409548697301269193e+00,0.000000000000000000e+00
1.409548697301269193e+00,0.000000000000000000e+00
1.409548697301269193e+00,0.000000000000000000e+00
1.405983684227524622e+00,0.000000000000000000e+00
1.258902313474574042e+00,0.000000000000000000e+00
1.258902313474574042e+00,0.000000000000000000e+00
1.420528670080225320e+00,0.000000000000000000e+00
1.446372807324345588e+00,0.000000000000000000e+00
1.172778909161813710e+00,0.000000000000000000e+00
1.222323808635515263e+00,0.000000000000000000e+00
1.224096625375486802e+00,0.000000000000000000e+00
1.224096625375486802e+00,0.000000000000000000e+00
1.203987710657035581e+00,0.000000000000000000e+00
1.203987710657035581e+00,0.000000000000000000e+00
1.260876416692802149e+00,0.000000000000000000e+00
1.260876416692802149e+00,0.000000000000000000e+00
1.225582465950325828e+00,0.000000000000000000e+00
1.225582465950325828e+00,0.000000000000000000e+00
1.305750994207517612e+00,0.000000000000000000e+00
1.169018689633380070e+00,0.000000000000000000e+00
1.169018689633380070e+00,0.000000000000000000e+00
1.194537531225045690e+00,0.000000000000000000e+00
1.194537531225045690e+00,0.000000000000000000e+00
1.451120962121971170e+00,0.000000000000000000e+00
1.415111461417199346e+00,0.000000000000000000e+00
1.396232302638718670e+00,0.000000000000000000e+00
1.219973310429340652e+00,0.000000000000000000e+00
1.226687743456079005e+00,0.000000000000000000e+00
1.215141764576522121e+00,0.000000000000000000e+00
1.070324631123965142e+00,0.000000000000000000e+00
1.223460977348230339e+00,0.000000000000000000e+00
9.798083071553105317e-01,0.000000000000000000e+00
9.856717698188471877e-01,0.000000000000000000e+00
1.022746775138443587e+00,0.000000000000000000e+00
1.150357990582726142e+00,0.000000000000000000e+00
1.192815847840729138e+00,0.000000000000000000e+00
1.110740621309413534e+00,0.000000000000000000e+00
1.110740621309413534e+00,0.000000000000000000e+00
1.110740621309413534e+00,0.000000000000000000e+00
1.239358854948655164e+00,0.000000000000000000e+00
1.239358854948655164e+00,0.000000000000000000e+00
1.106585802081156089e+00,0.000000000000000000e+00
1.360077218567083523e+00,0.000000000000000000e+00
1.360077218567083523e+00,0.000000000000000000e+00
1.121972762567813531e+00,0.000000000000000000e+00
1.121972762567813531e+00,0.000000000000000000e+00
1.121972762567813531e+00,0.000000000000000000e+00
1.116330437537525588e+00,0.000000000000000000e+00
1.116330437537525588e+00,0.000000000000000000e+00
1.116330437537525588e+00,0.000000000000000000e+00
1.033935497168940731e+00,0.000000000000000000e+00
1.055260154801460848e+00,0.000000000000000000e+00
1.059056649346118206e+00,0.000000000000000000e+00
1.008986734090935311e+00,0.000000000000000000e+00
1.008986734090935311e+00,0.000000000000000000e+00
1.011791878068343253e+00,0.000000000000000000e+00
1.011791878068343253e+00,0.000000000000000000e+00
1.011791878068343253e+00,0.000000000000000000e+00
1.066756929362139950e+00,0.000000000000000000e+00
1.325926249728778483e+00,0.000000000000000000e+00
1.325926249728778483e+00,0.000000000000000000e+00
1.325926249728778483e+00,0.000000000000000000e+00
1.325926249728778483e+00,0.000000000000000000e+00
1.325926249728778483e+00,0.000000000000000000e+00
1.313479806853231624e+00,0.000000000000000000e+00
1.308174864903913548e+00,0.000000000000000000e+00
1.248404654052625018e+00,0.000000000000000000e+00
1.295378741938174594e+00,0.000000000000000000e+00
1.295378741938174594e+00,0.000000000000000000e+00
1.279267668351744991e+00,0.000000000000000000e+00
1.283315153889648119e+00,0.000000000000000000e+00
1.283315153889648119e+00,0.000000000000000000e+00
1.283315153889648119e+00,0.000000000000000000e+00
1.283315153889648119e+00,0.000000000000000000e+00
1.412899652212887158e+00,0.000000000000000000e+00
1.412899652212887158e+00,0.000000000000000000e+00
1.412899652212887158e+00,0.000000000000000000e+00
1.336881615958936287e+00,0.000000000000000000e+00
1.074485008116168760e+00,0.000000000000000000e+00
1.074485008116168760e+00,0.000000000000000000e+00
1.317245503052624445e+00,0.000000000000000000e+00
1.317245503052624445e+00,0.000000000000000000e+00
1.317245503052624445e+00,0.000000000000000000e+00
1.044905829358672822e+00,0.000000000000000000e+00
1.091387072630101374e+00,0.000000000000000000e+00
1.091387072630101374e+00,0.000000000000000000e+00
1.091387072630101374e+00,0.000000000000000000e+00
1.091387072630101374e+00,0.000000000000000000e+00
1.091387072630101374e+00,0.000000000000000000e+00
1.091387072630101374e+00,0.000000000000000000e+00
1.091387072630101374e+00,0.000000000000000000e+00
1.129206604936403124e+00,0.000000000000000000e+00
1.248973376988894657e+00,0.000000000000000000e+00
1.248973376988894657e+00,0.000000000000000000e+00
1.247730204978880097e+00,0.000000000000000000e+00
1.247730204978880097e+00,0.000000000000000000e+00
1.247730204978880097e+00,0.000000000000000000e+00
1.247730204978880097e+00,0.000000000000000000e+00
1.247730204978880097e+00,0.000000000000000000e+00
1.327080274813920990e+00,0.000000000000000000e+00
1.327080274813920990e+00,0.000000000000000000e+00
1.389297262876901362e+00,0.000000000000000000e+00
1.389297262876901362e+00,0.000000000000000000e+00
1.389297262876901362e+00,0.000000000000000000e+00
1.389297262876901362e+00,0.000000000000000000e+00
1.288125074474897547e+00,0.000000000000000000e+00
1.304437744960613266e+00,0.000000000000000000e+00
1.304437744960613266e+00,0.000000000000000000e+00
1.304437744960613266e+00,0.000000000000000000e+00
1.304437744960613266e+00,0.000000000000000000e+00
1.304437744960613266e+00,0.000000000000000000e+00
1.348696175399873409e+00,0.000000000000000000e+00
1.298403292886035620e+00,0.000000000000000000e+00
1.298403292886035620e+00,0.000000000000000000e+00
1.090485818564514542e+00,0.000000000000000000e+00
1.090485818564514542e+00,0.000000000000000000e+00
1.090485818564514542e+00,0.000000000000000000e+00
1.282886660469210627e+00,0.000000000000000000e+00
1.276400659965951645e+00,0.000000000000000000e+00
1.299277586815878349e+00,0.000000000000000000e+00
1.299277586815878349e+00,0.000000000000000000e+00
1.300930156050238873e+00,0.000000000000000000e+00
1.175039996850183899e+00,0.000000000000000000e+00
1.175039996850183899e+00,0.000000000000000000e+00
1.141894305345142691e+00,0.000000000000000000e+00
1.141894305345142691e+00,0.000000000000000000e+00
1.141894305345142691e+00,0.000000000000000000e+00
1.282243458622617460e+00,0.000000000000000000e+00
1.282243458622617460e+00,0.000000000000000000e+00
1.241638198029623386e+00,0.000000000000000000e+00
1.241638198029623386e+00,0.000000000000000000e+00
1.076928344123402548e+00,0.000000000000000000e+00
1.104165058090134321e+00,0.000000000000000000e+00
1.108408737836489744e+00,0.000000000000000000e+00
1.241897132510817459e+00,0.000000000000000000e+00
1.250067404115013936e+00,0.000000000000000000e+00
1.250067404115013936e+00,0.000000000000000000e+00
1.250067404115013936e+00,0.000000000000000000e+00
1.344800452194057749e+00,0.000000000000000000e+00
1.344800452194057749e+00,0.000000000000000000e+00
1.459554847583885318e+00,0.000000000000000000e+00
1.379163755811413150e+00,0.000000000000000000e+00
1.385604720381733213e+00,0.000000000000000000e+00
1.385604720381733213e+00,0.000000000000000000e+00
1.281367030457977174e+00,0.000000000000000000e+00
1.300125081951117867e+00,0.000000000000000000e+00
1.193941835198701895e+00,0.000000000000000000e+00
1.253689623288152477e+00,0.000000000000000000e+00
1.253689623288152477e+00,0.000000000000000000e+00
1.253689623288152477e+00,0.000000000000000000e+00
1.142330661198735831e+00,0.000000000000000000e+00
1.397558376749245213e+00,0.000000000000000000e+00
1.397558376749245213e+00,0.000000000000000000e+00
1.397558376749245213e+00,0.000000000000000000e+00
1.397558376749245213e+00,0.000000000000000000e+00
1.363110691993647094e+00,0.000000000000000000e+00
1.056256647358114309e+00,0.000000000000000000e+00
1.272367249984632132e+00,0.000000000000000000e+00
1.272367249984632132e+00,0.000000000000000000e+00
1.272367249984632132e+00,0.000000000000000000e+00
1.189904938567098780e+00,0.000000000000000000e+00
1.189904938567098780e+00,0.000000000000000000e+00
1.189904938567098780e+00,0.000000000000000000e+00
1.189904938567098780e+00,0.000000000000000000e+00
1.384759104676346109e+00,0.000000000000000000e+00
1.384759104676346109e+00,0.000000000000000000e+00
1.507532705490367997e+00,0.000000000000000000e+00
1.500463137675084990e+00,0.000000000000000000e+00
1.401733179246560823e+00,0.000000000000000000e+00
1.382872683155255356e+00,0.000000000000000000e+00
1.361742105341269715e+00,0.000000000000000000e+00
1.280989709861814818e+00,0.000000000000000000e+00
1.244990705991175117e+00,0.000000000000000000e+00
1.200417981559015690e+00,0.000000000000000000e+00
1.200417981559015690e+00,0.000000000000000000e+00
1.200417981559015690e+00,0.000000000000000000e+00
1.293492831970169510e+00,0.000000000000000000e+00
1.293492831970169510e+00,0.000000000000000000e+00
1.293492831970169510e+00,0.000000000000000000e+00
1.460043993760531622e+00,0.000000000000000000e+00
1.460043993760531622e+00,0.000000000000000000e+00
1.365548764039050678e+00,0.000000000000000000e+00
1.224672735854523964e+00,0.000000000000000000e+00
1.118938573936648861e+00,0.000000000000000000e+00
1.340903552080590533e+00,0.000000000000000000e+00
1.456458318856820977e+00,0.000000000000000000e+00
1.247654098825564217e+00,0.000000000000000000e+00
1.316162604505574540e+00,0.000000000000000000e+00
1.316162604505574540e+00,0.000000000000000000e+00
1.316162604505574540e+00,0.000000000000000000e+00
1.316162604505574540e+00,0.000000000000000000e+00
1.316162604505574540e+00,0.000000000000000000e+00
1.316162604505574540e+00,0.000000000000000000e+00
1.316162604505574540e+00,0.000000000000000000e+00
1.316162604505574540e+00,0.000000000000000000e+00
1.316162604505574540e+00,0.000000000000000000e+00
1.316162604505574540e+00,0.000000000000000000e+00
1.316162604505574540e+00,0.000000000000000000e+00
1.382957786941989342e+00,0.000000000000000000e+00
1.382957786941989342e+00,0.000000000000000000e+00
1.382957786941989342e+00,0.000000000000000000e+00
1.281068919735212086e+00,0.000000000000000000e+00
1.281068919735212086e+00,0.000000000000000000e+00
1.281068919735212086e+00,0.000000000000000000e+00
1.208586023944195453e+00,0.000000000000000000e+00
1.086524444579542337e+00,0.000000000000000000e+00
1.086524444579542337e+00,0.000000000000000000e+00
1.044490860146009448e+00,0.000000000000000000e+00
1.044490860146009448e+00,0.000000000000000000e+00
1.044490860146009448e+00,0.000000000000000000e+00
1.044490860146009448e+00,0.000000000000000000e+00
1.106745887834653219e+00,0.000000000000000000e+00
1.106745887834653219e+00,0.000000000000000000e+00
1.182815338122246374e+00,0.000000000000000000e+00
1.159190417572172560e+00,0.000000000000000000e+00
1.159190417572172560e+00,0.000000000000000000e+00
1.373493471381760811e+00,0.000000000000000000e+00
1.409283769237604123e+00,0.000000000000000000e+00
1.409283769237604123e+00,0.000000000000000000e+00
1.409283769237604123e+00,0.000000000000000000e+00
1.372423546709681919e+00,0.000000000000000000e+00
1.372423546709681919e+00,0.000000000000000000e+00
1.372423546709681919e+00,0.000000000000000000e+00
1.370458573558794857e+00,0.000000000000000000e+00
1.370458573558794857e+00,0.000000000000000000e+00
1.369888774417063582e+00,0.000000000000000000e+00
1.157496165791788378e+00,0.000000000000000000e+00
1.299728804328468934e+00,0.000000000000000000e+00
1.299728804328468934e+00,0.000000000000000000e+00
1.383793363886312466e+00,0.000000000000000000e+00
1.383793363886312466e+00,0.000000000000000000e+00
1.383793363886312466e+00,0.000000000000000000e+00
1.257564668962734222e+00,0.000000000000000000e+00
1.257564668962734222e+00,0.000000000000000000e+00
1.273945595791947438e+00,0.000000000000000000e+00
1.273945595791947438e+00,0.000000000000000000e+00
1.273945595791947438e+00,0.000000000000000000e+00
1.302775961161279028e+00,0.000000000000000000e+00
1.302775961161279028e+00,0.000000000000000000e+00
1.365862392809102488e+00,0.000000000000000000e+00
1.292005130794661838e+00,0.000000000000000000e+00
1.292005130794661838e+00,0.000000000000000000e+00
1.292005130794661838e+00,0.000000000000000000e+00
1.074801013181705622e+00,0.000000000000000000e+00
1.074801013181705622e+00,0.000000000000000000e+00
1.074801013181705622e+00,0.000000000000000000e+00
1.074801013181705622e+00,0.000000000000000000e+00
1.452951284157409928e+00,0.000000000000000000e+00
1.294637954056486295e+00,0.000000000000000000e+00
1.294637954056486295e+00,0.000000000000000000e+00
1.294637954056486295e+00,0.000000000000000000e+00
1.294637954056486295e+00,0.000000000000000000e+00
1.301364683056683180e+00,0.000000000000000000e+00
1.129013861740481461e+00,0.000000000000000000e+00
1.129013861740481461e+00,0.000000000000000000e+00
1.069198822771946888e+00,0.000000000000000000e+00
1.069198822771946888e+00,0.000000000000000000e+00
1.247463730166836982e+00,0.000000000000000000e+00
1.247463730166836982e+00,0.000000000000000000e+00
1.247463730166836982e+00,0.000000000000000000e+00
1.247463730166836982e+00,0.000000000000000000e+00
1.283498942537057541e+00,0.000000000000000000e+00
1.283498942537057541e+00,0.000000000000000000e+00
1.395886103192299110e+00,0.000000000000000000e+00
1.231323690361498135e+00,0.000000000000000000e+00
1.109776163736830856e+00,0.000000000000000000e+00
1.225808775228428349e+00,0.000000000000000000e+00
1.155473386552409831e+00,0.000000000000000000e+00
1.145965486237480402e+00,0.000000000000000000e+00
1.145965486237480402e+00,0.000000000000000000e+00
1.145965486237480402e+00,0.000000000000000000e+00
1.145965486237480402e+00,0.000000000000000000e+00
1.340718606378646260e+00,0.000000000000000000e+00
1.353766596804978128e+00,0.000000000000000000e+00
1.262834539192380978e+00,0.000000000000000000e+00
1.189541005108945670e+00,0.000000000000000000e+00
1.241189614722917112e+00,0.000000000000000000e+00
1.241189614722917112e+00,0.000000000000000000e+00
1.118552155948646876e+00,0.000000000000000000e+00
1.118552155948646876e+00,0.000000000000000000e+00
1.110116776984657827e+00,0.000000000000000000e+00
1.107099226304202544e+00,0.000000000000000000e+00
1.306706986182769592e+00,0.000000000000000000e+00
1.381157597571096574e+00,0.000000000000000000e+00
1.381157597571096574e+00,0.000000000000000000e+00
1.381157597571096574e+00,0.000000000000000000e+00
1.239776270021432536e+00,0.000000000000000000e+00
1.369066204727183100e+00,0.000000000000000000e+00
1.253948885505538069e+00,0.000000000000000000e+00
1.253948885505538069e+00,0.000000000000000000e+00
1.253948885505538069e+00,0.000000000000000000e+00
1.063441763946611829e+00,0.000000000000000000e+00
1.149841719611117030e+00,0.000000000000000000e+00
1.240779749369895768e+00,0.000000000000000000e+00
1.081738013486311045e+00,0.000000000000000000e+00
1.234266323142822364e+00,0.000000000000000000e+00
1.080683793995510733e+00,0.000000000000000000e+00
1.258324803615195941e+00,0.000000000000000000e+00
1.260215330986733218e+00,0.000000000000000000e+00
1.260215330986733218e+00,0.000000000000000000e+00
1.353975462081595804e+00,0.000000000000000000e+00
1.353975462081595804e+00,0.000000000000000000e+00
1.353975462081595804e+00,0.000000000000000000e+00
1.302030855609446647e+00,0.000000000000000000e+00
1.302030855609446647e+00,0.000000000000000000e+00
1.302030855609446647e+00,0.000000000000000000e+00
1.416449782978569605e+00,0.000000000000000000e+00
1.451529160480083736e+00,0.000000000000000000e+00
1.415002819970309078e+00,0.000000000000000000e+00
1.415002819970309078e+00,0.000000000000000000e+00
1.257750694455265439e+00,0.000000000000000000e+00
1.265649975170876518e+00,0.000000000000000000e+00
1.352472246587805182e+00,0.000000000000000000e+00
1.352472246587805182e+00,0.000000000000000000e+00
1.254168010924738619e+00,0.000000000000000000e+00
1.218610897056005893e+00,0.000000000000000000e+00
1.203912638300566718e+00,0.000000000000000000e+00
1.217291033673743250e+00,0.000000000000000000e+00
1.274618568938055807e+00,0.000000000000000000e+00
1.148596909900210683e+00,0.000000000000000000e+00
1.259756979496967633e+00,0.000000000000000000e+00
1.259756979496967633e+00,0.000000000000000000e+00
1.259756979496967633e+00,0.000000000000000000e+00
1.319379587753656935e+00,0.000000000000000000e+00
1.312729805440256303e+00,0.000000000000000000e+00
1.354019532868542264e+00,0.000000000000000000e+00
1.131925429272456984e+00,0.000000000000000000e+00
1.131925429272456984e+00,0.000000000000000000e+00
1.131925429272456984e+00,0.000000000000000000e+00
1.131925429272456984e+00,0.000000000000000000e+00
1.107233232070046647e+00,0.000000000000000000e+00
1.403419020218604762e+00,0.000000000000000000e+00
1.271275424540827093e+00,0.000000000000000000e+00
1.306612321395781429e+00,0.000000000000000000e+00
1.306612321395781429e+00,0.000000000000000000e+00
1.267979547247097605e+00,0.000000000000000000e+00
1.267979547247097605e+00,0.000000000000000000e+00
1.267979547247097605e+00,0.000000000000000000e+00
1.208425993892601191e+00,0.000000000000000000e+00
1.184148052676680551e+00,0.000000000000000000e+00
1.184148052676680551e+00,0.000000000000000000e+00
1.184148052676680551e+00,0.000000000000000000e+00
1.184148052676680551e+00,0.000000000000000000e+00
1.184148052676680551e+00,0.000000000000000000e+00
1.184148052676680551e+00,0.000000000000000000e+00
1.184148052676680551e+00,0.000000000000000000e+00
1.218541246536894995e+00,0.000000000000000000e+00
1.218541246536894995e+00,0.000000000000000000e+00
1.218541246536894995e+00,0.000000000000000000e+00
1.145677320029192536e+00,0.000000000000000000e+00
1.139524650317737420e+00,0.000000000000000000e+00
1.330904968864608628e+00,0.000000000000000000e+00
1.334315358051377798e+00,0.000000000000000000e+00
1.334315358051377798e+00,0.000000000000000000e+00
1.334315358051377798e+00,0.000000000000000000e+00
1.252010731779823249e+00,0.000000000000000000e+00
1.176345002044418608e+00,0.000000000000000000e+00
1.176345002044418608e+00,0.000000000000000000e+00
1.176345002044418608e+00,0.000000000000000000e+00
1.316133135998875714e+00,0.000000000000000000e+00
1.316133135998875714e+00,0.000000000000000000e+00
1.438781923935988916e+00,0.000000000000000000e+00
1.438781923935988916e+00,0.000000000000000000e+00
1.316405301341531331e+00,0.000000000000000000e+00
1.316405301341531331e+00,0.000000000000000000e+00
1.359586595036364143e+00,0.000000000000000000e+00
1.304443676237405869e+00,0.000000000000000000e+00
1.404453116774699639e+00,0.000000000000000000e+00
1.404453116774699639e+00,0.000000000000000000e+00
1.468211813209937766e+00,0.000000000000000000e+00
1.394574614581755467e+00,0.000000000000000000e+00
1.391188148750986953e+00,0.000000000000000000e+00
1.391188148750986953e+00,0.000000000000000000e+00
1.409142286966470037e+00,0.000000000000000000e+00
1.409142286966470037e+00,0.000000000000000000e+00
1.316415978278621335e+00,0.000000000000000000e+00
1.189462137367446992e+00,0.000000000000000000e+00
1.329582461349662958e+00,0.000000000000000000e+00
1.329582461349662958e+00,0.000000000000000000e+00
1.329582461349662958e+00,0.000000000000000000e+00
1.361423714091262172e+00,0.000000000000000000e+00
1.235712811392913002e+00,0.000000000000000000e+00
1.335314400038275728e+00,0.000000000000000000e+00
1.303604334294256928e+00,0.000000000000000000e+00
1.399945834859610994e+00,0.000000000000000000e+00
1.397599477441915372e+00,0.000000000000000000e+00
1.397599477441915372e+00,0.000000000000000000e+00
1.397599477441915372e+00,0.000000000000000000e+00
1.238403586435137704e+00,0.000000000000000000e+00
1.238403586435137704e+00,0.000000000000000000e+00
1.236438675438614965e+00,0.000000000000000000e+00
1.150903872339170908e+00,0.000000000000000000e+00
1.244044801343945128e+00,0.000000000000000000e+00
1.244044801343945128e+00,0.000000000000000000e+00
1.244044801343945128e+00,0.000000000000000000e+00
1.244044801343945128e+00,0.000000000000000000e+00
1.171903692103433814e+00,0.000000000000000000e+00
1.184594996631766373e+00,0.000000000000000000e+00
1.285710189060724984e+00,0.000000000000000000e+00
1.285710189060724984e+00,0.000000000000000000e+00
1.285710189060724984e+00,0.000000000000000000e+00
1.290520786160318290e+00,0.000000000000000000e+00
1.210385571246956005e+00,0.000000000000000000e+00
1.374672492236240773e+00,0.000000000000000000e+00
1.374672492236240773e+00,0.000000000000000000e+00
1.374672492236240773e+00,0.000000000000000000e+00
1.374672492236240773e+00,0.000000000000000000e+00
1.322327949977109229e+00,0.000000000000000000e+00
1.322327949977109229e+00,0.000000000000000000e+00
1.322327949977109229e+00,0.000000000000000000e+00
1.322327949977109229e+00,0.000000000000000000e+00
1.343132125072780347e+00,0.000000000000000000e+00
1.343132125072780347e+00,0.000000000000000000e+00
1.316115980937301533e+00,0.000000000000000000e+00
1.182143672699366377e+00,0.000000000000000000e+00
1.198954165523057336e+00,0.000000000000000000e+00
1.270390304021236760e+00,0.000000000000000000e+00
1.364597396472363222e+00,0.000000000000000000e+00
1.364597396472363222e+00,0.000000000000000000e+00
1.364597396472363222e+00,0.000000000000000000e+00
1.367297286427470615e+00,0.000000000000000000e+00
1.292901634445497772e+00,0.000000000000000000e+00
1.382261668152400702e+00,0.000000000000000000e+00
1.382261668152400702e+00,0.000000000000000000e+00
1.382261668152400702e+00,0.000000000000000000e+00
1.234607858445609052e+00,0.000000000000000000e+00
1.250472385778032880e+00,0.000000000000000000e+00
1.384796821693627722e+00,0.000000000000000000e+00
1.384796821693627722e+00,0.000000000000000000e+00
1.432124635005465940e+00,0.000000000000000000e+00
1.432124635005465940e+00,0.000000000000000000e+00
1.432124635005465940e+00,0.000000000000000000e+00
1.306281873940207117e+00,0.000000000000000000e+00
1.306498786221242492e+00,0.000000000000000000e+00
1.306498786221242492e+00,0.000000000000000000e+00
1.306498786221242492e+00,0.000000000000000000e+00
1.306498786221242492e+00,0.000000000000000000e+00
1.279602575151285393e+00,0.000000000000000000e+00
1.309305582434071802e+00,0.000000000000000000e+00
1.309305582434071802e+00,0.000000000000000000e+00
1.386139204217758936e+00,0.000000000000000000e+00
1.386139204217758936e+00,0.000000000000000000e+00
1.260457728840896019e+00,0.000000000000000000e+00
1.269255144028339721e+00,0.000000000000000000e+00
1.269255144028339721e+00,0.000000000000000000e+00
1.269255144028339721e+00,0.000000000000000000e+00
1.269255144028339721e+00,0.000000000000000000e+00
1.269255144028339721e+00,0.000000000000000000e+00
1.199310984284278403e+00,0.000000000000000000e+00
1.119978673926641521e+00,0.000000000000000000e+00
1.177735126909986718e+00,0.000000000000000000e+00
1.189050412155713943e+00,0.000000000000000000e+00
1.206358867641823984e+00,0.000000000000000000e+00
1.329011497036116651e+00,0.000000000000000000e+00
1.329011497036116651e+00,0.000000000000000000e+00
1.304273881950344993e+00,0.000000000000000000e+00
1.187263046604718930e+00,0.000000000000000000e+00
1.363647366641381309e+00,0.000000000000000000e+00
1.376383805623089929e+00,0.000000000000000000e+00
1.376383805623089929e+00,0.000000000000000000e+00
1.376383805623089929e+00,0.000000000000000000e+00
1.259164419604290375e+00,0.000000000000000000e+00
1.259164419604290375e+00,0.000000000000000000e+00
1.275358208436395246e+00,0.000000000000000000e+00
1.203268744259829770e+00,0.000000000000000000e+00
1.203268744259829770e+00,0.000000000000000000e+00
1.025165869626367687e+00,0.000000000000000000e+00
1.082306036971099950e+00,0.000000000000000000e+00
1.039484068754879642e+00,0.000000000000000000e+00
1.021626470232271267e+00,0.000000000000000000e+00
1.057033748973524645e+00,0.000000000000000000e+00
1.298577246089802184e+00,0.000000000000000000e+00
1.175059738399384601e+00,0.000000000000000000e+00
1.175059738399384601e+00,0.000000000000000000e+00
1.175059738399384601e+00,0.000000000000000000e+00
1.380267533882150177e+00,0.000000000000000000e+00
1.380267533882150177e+00,0.000000000000000000e+00
1.380267533882150177e+00,0.000000000000000000e+00
1.380267533882150177e+00,0.000000000000000000e+00
1.380267533882150177e+00,0.000000000000000000e+00
1.380267533882150177e+00,0.000000000000000000e+00
1.417259006048853243e+00,0.000000000000000000e+00
1.396615422623278313e+00,0.000000000000000000e+00
1.522495208218414664e+00,0.000000000000000000e+00
1.522495208218414664e+00,0.000000000000000000e+00
1.417377163988867705e+00,0.000000000000000000e+00
1.254125628984671170e+00,0.000000000000000000e+00
1.254125628984671170e+00,0.000000000000000000e+00
1.146111253468133029e+00,0.000000000000000000e+00
1.146111253468133029e+00,0.000000000000000000e+00
1.146111253468133029e+00,0.000000000000000000e+00
1.146111253468133029e+00,0.000000000000000000e+00
1.152171883352469228e+00,0.000000000000000000e+00
1.167846900856748027e+00,0.000000000000000000e+00
1.185988435148347397e+00,0.000000000000000000e+00
1.185988435148347397e+00,0.000000000000000000e+00
1.330836065104104682e+00,0.000000000000000000e+00
1.336046452426845832e+00,0.000000000000000000e+00
1.471570215147560923e+00,0.000000000000000000e+00
1.512900524411603165e+00,0.000000000000000000e+00
1.362880160359787318e+00,0.000000000000000000e+00
1.362880160359787318e+00,0.000000000000000000e+00
1.304007389488322621e+00,0.000000000000000000e+00
1.230240382468484883e+00,0.000000000000000000e+00
1.230240382468484883e+00,0.000000000000000000e+00
1.230240382468484883e+00,0.000000000000000000e+00
1.230240382468484883e+00,0.000000000000000000e+00
1.107145826142188927e+00,0.000000000000000000e+00
1.107145826142188927e+00,0.000000000000000000e+00
1.160057430227367625e+00,0.000000000000000000e+00
1.160057430227367625e+00,0.000000000000000000e+00
1.193127341328876101e+00,0.000000000000000000e+00
1.224500361414207372e+00,0.000000000000000000e+00
1.224500361414207372e+00,0.000000000000000000e+00
1.390244070421730704e+00,0.000000000000000000e+00
1.390244070421730704e+00,0.000000000000000000e+00
1.248012535257041034e+00,0.000000000000000000e+00
1.304619012378350318e+00,0.000000000000000000e+00
1.304619012378350318e+00,0.000000000000000000e+00
1.278002444021374417e+00,0.000000000000000000e+00
1.042543474415227323e+00,0.000000000000000000e+00
1.115530196881347136e+00,0.000000000000000000e+00
1.389398416714212381e+00,0.000000000000000000e+00
1.389398416714212381e+00,0.000000000000000000e+00
1.389067004989614107e+00,0.000000000000000000e+00
1.208782258771061491e+00,0.000000000000000000e+00
1.213625306414446214e+00,0.000000000000000000e+00
1.213625306414446214e+00,0.000000000000000000e+00
1.114521358353920855e+00,0.000000000000000000e+00
1.278968541850606044e+00,0.000000000000000000e+00
1.460690770811038597e+00,0.000000000000000000e+00
1.464148388335185125e+00,0.000000000000000000e+00
1.464148388335185125e+00,0.000000000000000000e+00
1.395565348592971988e+00,0.000000000000000000e+00
1.395565348592971988e+00,0.000000000000000000e+00
1.395565348592971988e+00,0.000000000000000000e+00
1.395565348592971988e+00,0.000000000000000000e+00
1.238142346485497036e+00,0.000000000000000000e+00
1.037855152255886315e+00,0.000000000000000000e+00
1.037855152255886315e+00,0.000000000000000000e+00
1.065376888453038795e+00,0.000000000000000000e+00
1.065376888453038795e+00,0.000000000000000000e+00
1.047444442929537756e+00,0.000000000000000000e+00
1.047444442929537756e+00,0.000000000000000000e+00
1.047444442929537756e+00,0.000000000000000000e+00
1.102946772275100740e+00,0.000000000000000000e+00
1.211740602211804241e+00,0.000000000000000000e+00
1.416902515010168617e+00,0.000000000000000000e+00
1.196318107076644432e+00,0.000000000000000000e+00
1.364087205253781576e+00,0.000000000000000000e+00
1.178450781491977128e+00,0.000000000000000000e+00
1.037379975607453098e+00,0.000000000000000000e+00
1.037379975607453098e+00,0.000000000000000000e+00
1.037379975607453098e+00,0.000000000000000000e+00
1.037379975607453098e+00,0.000000000000000000e+00
1.037379975607453098e+00,0.000000000000000000e+00
1.077682759975452376e+00,0.000000000000000000e+00
1.204026271535600934e+00,0.000000000000000000e+00
1.116435506899026375e+00,0.000000000000000000e+00
1.116435506899026375e+00,0.000000000000000000e+00
1.165664100187136842e+00,0.000000000000000000e+00
1.155038199556726486e+00,0.000000000000000000e+00
1.207714693950209028e+00,0.000000000000000000e+00
1.204133058660001643e+00,0.000000000000000000e+00
1.267784322440839828e+00,0.000000000000000000e+00
1.284738378618318855e+00,0.000000000000000000e+00
1.284738378618318855e+00,0.000000000000000000e+00
1.106409482830892133e+00,0.000000000000000000e+00
1.126131046225425481e+00,0.000000000000000000e+00
1.126131046225425481e+00,0.000000000000000000e+00
1.243897573053664551e+00,0.000000000000000000e+00
1.243897573053664551e+00,0.000000000000000000e+00
1.220623456258760342e+00,0.000000000000000000e+00
1.220623456258760342e+00,0.000000000000000000e+00
1.220623456258760342e+00,0.000000000000000000e+00
1.282393592865210818e+00,0.000000000000000000e+00
1.308874935747017076e+00,0.000000000000000000e+00
1.246940336575762975e+00,0.000000000000000000e+00
1.246940336575762975e+00,0.000000000000000000e+00
1.246940336575762975e+00,0.000000000000000000e+00
1.188349290481485632e+00,0.000000000000000000e+00
1.367017713581670124e+00,0.000000000000000000e+00
1.247866760551357368e+00,0.000000000000000000e+00
1.247866760551357368e+00,0.000000000000000000e+00
1.373974935876232095e+00,0.000000000000000000e+00
1.367916621873467964e+00,0.000000000000000000e+00
1.367916621873467964e+00,0.000000000000000000e+00
1.367916621873467964e+00,0.000000000000000000e+00
1.343277123900899594e+00,0.000000000000000000e+00
1.343277123900899594e+00,0.000000000000000000e+00
1.227683804824402536e+00,0.000000000000000000e+00
1.249023240356629261e+00,0.000000000000000000e+00
1.326366510045548841e+00,0.000000000000000000e+00
1.393874660440368896e+00,0.000000000000000000e+00
1.315237132951989851e+00,0.000000000000000000e+00
1.315237132951989851e+00,0.000000000000000000e+00
1.170179476092211956e+00,0.000000000000000000e+00
1.170179476092211956e+00,0.000000000000000000e+00
1.170179476092211956e+00,0.000000000000000000e+00
1.170179476092211956e+00,0.000000000000000000e+00
1.294103778136939331e+00,0.000000000000000000e+00
1.294103778136939331e+00,0.000000000000000000e+00
1.294103778136939331e+00,0.000000000000000000e+00
1.351582746447172134e+00,0.000000000000000000e+00
1.351582746447172134e+00,0.000000000000000000e+00
1.330232675040901036e+00,0.000000000000000000e+00
1.252823379318828811e+00,0.000000000000000000e+00
1.215765152821504103e+00,0.000000000000000000e+00
1.146218090542539647e+00,0.000000000000000000e+00
1.232951119777271343e+00,0.000000000000000000e+00
1.082178709657143356e+00,0.000000000000000000e+00
1.082178709657143356e+00,0.000000000000000000e+00
1.082178709657143356e+00,0.000000000000000000e+00
1.182374417433383673e+00,0.000000000000000000e+00
1.255596378881807862e+00,0.000000000000000000e+00
1.333683358272960806e+00,0.000000000000000000e+00
1.332228667399949940e+00,0.000000000000000000e+00
1.143148167243131619e+00,0.000000000000000000e+00
1.143148167243131619e+00,0.000000000000000000e+00
1.016905188014714190e+00,0.000000000000000000e+00
1.016905188014714190e+00,0.000000000000000000e+00
1.297233291715402803e+00,0.000000000000000000e+00
1.301486253432064144e+00,0.000000000000000000e+00
1.382801134881408656e+00,0.000000000000000000e+00
1.382801134881408656e+00,0.000000000000000000e+00
1.406826283543390455e+00,0.000000000000000000e+00
1.449484621987297217e+00,0.000000000000000000e+00
1.201512086308790250e+00,0.000000000000000000e+00
1.245628463512800099e+00,0.000000000000000000e+00
1.228600562967391729e+00,0.000000000000000000e+00
1.264430363882349084e+00,0.000000000000000000e+00
1.264430363882349084e+00,0.000000000000000000e+00
1.185889832040791791e+00,0.000000000000000000e+00
1.185395176086467162e+00,0.000000000000000000e+00
1.185395176086467162e+00,0.000000000000000000e+00
1.153919115871631318e+00,0.000000000000000000e+00
1.153919115871631318e+00,0.000000000000000000e+00
1.153919115871631318e+00,0.000000000000000000e+00
1.153919115871631318e+00,0.000000000000000000e+00
1.202601802263913999e+00,0.000000000000000000e+00
1.199352497681253960e+00,0.000000000000000000e+00
1.206744255534046406e+00,0.000000000000000000e+00
1.175576625340481574e+00,0.000000000000000000e+00
1.175576625340481574e+00,0.000000000000000000e+00
1.175576625340481574e+00,0.000000000000000000e+00
1.175576625340481574e+00,0.000000000000000000e+00
1.175576625340481574e+00,0.000000000000000000e+00
1.182883074313046068e+00,0.000000000000000000e+00
1.267030418534888181e+00,0.000000000000000000e+00
1.267030418534888181e+00,0.000000000000000000e+00
1.267030418534888181e+00,0.000000000000000000e+00
1.267030418534888181e+00,0.000000000000000000e+00
1.267030418534888181e+00,0.000000000000000000e+00
1.255216570362160944e+00,0.000000000000000000e+00
1.183012395330899524e+00,0.000000000000000000e+00
1.183012395330899524e+00,0.000000000000000000e+00
1.183012395330899524e+00,0.000000000000000000e+00
1.268902039832799922e+00,0.000000000000000000e+00
1.268902039832799922e+00,0.000000000000000000e+00
1.222567192300274552e+00,0.000000000000000000e+00
1.212160388346620099e+00,0.000000000000000000e+00
1.228716503503541002e+00,0.000000000000000000e+00
1.228716503503541002e+00,0.000000000000000000e+00
1.228716503503541002e+00,0.000000000000000000e+00
1.406074731606772099e+00,0.000000000000000000e+00
1.417529395241746260e+00,0.000000000000000000e+00
1.086493090122659266e+00,0.000000000000000000e+00
1.208437734011486686e+00,0.000000000000000000e+00
1.208437734011486686e+00,0.000000000000000000e+00
1.208437734011486686e+00,0.000000000000000000e+00
1.208437734011486686e+00,0.000000000000000000e+00
1.208437734011486686e+00,0.000000000000000000e+00
1.284946680193725932e+00,0.000000000000000000e+00
1.288629192451884675e+00,0.000000000000000000e+00
1.491105424493931686e+00,0.000000000000000000e+00
1.491105424493931686e+00,0.000000000000000000e+00
1.490782838047977288e+00,0.000000000000000000e+00
1.379996253890428681e+00,0.000000000000000000e+00
1.379996253890428681e+00,0.000000000000000000e+00
1.416147641451889427e+00,0.000000000000000000e+00
1.294986943528245948e+00,0.000000000000000000e+00
1.279180056143308875e+00,0.000000000000000000e+00
1.414491845649985979e+00,0.000000000000000000e+00
1.414491845649985979e+00,0.000000000000000000e+00
1.414491845649985979e+00,0.000000000000000000e+00
1.414491845649985979e+00,0.000000000000000000e+00
1.410968275400801053e+00,0.000000000000000000e+00
1.397017601632940975e+00,0.000000000000000000e+00
1.397017601632940975e+00,0.000000000000000000e+00
1.397017601632940975e+00,0.000000000000000000e+00
1.397017601632940975e+00,0.000000000000000000e+00
1.397017601632940975e+00,0.000000000000000000e+00
1.358732128801676931e+00,0.000000000000000000e+00
1.358732128801676931e+00,0.000000000000000000e+00
1.367403541818154489e+00,0.000000000000000000e+00
1.410452641562612186e+00,0.000000000000000000e+00
1.301035349953437281e+00,0.000000000000000000e+00
1.301035349953437281e+00,0.000000000000000000e+00
1.301035349953437281e+00,0.000000000000000000e+00
1.322275745959962778e+00,0.000000000000000000e+00
1.135034876012762650e+00,0.000000000000000000e+00
1.135034876012762650e+00,0.000000000000000000e+00
1.343994169335735567e+00,0.000000000000000000e+00
1.362047237326164728e+00,0.000000000000000000e+00
1.362047237326164728e+00,0.000000000000000000e+00
1.296069179697439733e+00,0.000000000000000000e+00
1.344913631268931598e+00,0.000000000000000000e+00
1.344913631268931598e+00,0.000000000000000000e+00
1.344913631268931598e+00,0.000000000000000000e+00
1.344913631268931598e+00,0.000000000000000000e+00
1.429490042914725922e+00,0.000000000000000000e+00
1.429490042914725922e+00,0.000000000000000000e+00
1.429490042914725922e+00,0.000000000000000000e+00
1.388477842218865055e+00,0.000000000000000000e+00
1.262332557744810346e+00,0.000000000000000000e+00
1.127689110576927556e+00,0.000000000000000000e+00
1.127689110576927556e+00,0.000000000000000000e+00
9.996097009008304557e-01,0.000000000000000000e+00
1.234854445186771565e+00,0.000000000000000000e+00
1.345486153085857062e+00,0.000000000000000000e+00
1.345486153085857062e+00,0.000000000000000000e+00
1.345486153085857062e+00,0.000000000000000000e+00
1.345486153085857062e+00,0.000000000000000000e+00
1.345486153085857062e+00,0.000000000000000000e+00
1.348676230383134778e+00,0.000000000000000000e+00
1.150270461080968198e+00,0.000000000000000000e+00
1.150270461080968198e+00,0.000000000000000000e+00
1.150270461080968198e+00,0.000000000000000000e+00
1.208502005962318826e+00,0.000000000000000000e+00
1.154260265625331128e+00,0.000000000000000000e+00
1.267764589272614373e+00,0.000000000000000000e+00
1.308657106603537290e+00,0.000000000000000000e+00
1.308657106603537290e+00,0.000000000000000000e+00
1.398671029515545117e+00,0.000000000000000000e+00
1.398671029515545117e+00,0.000000000000000000e+00
1.412020511044027371e+00,0.000000000000000000e+00
1.163300805159559026e+00,0.000000000000000000e+00
1.259102569345514677e+00,0.000000000000000000e+00
1.280689015201946557e+00,0.000000000000000000e+00
1.417504374774455345e+00,0.000000000000000000e+00
1.269479634798309275e+00,0.000000000000000000e+00
1.162743383061480174e+00,0.000000000000000000e+00
1.162743383061480174e+00,0.000000000000000000e+00
1.307111175586979090e+00,0.000000000000000000e+00
1.307111175586979090e+00,0.000000000000000000e+00
1.358523799233093854e+00,0.000000000000000000e+00
1.358523799233093854e+00,0.000000000000000000e+00
1.380858373861387101e+00,0.000000000000000000e+00
1.380858373861387101e+00,0.000000000000000000e+00
1.339254747864134343e+00,0.000000000000000000e+00
1.355278404919083135e+00,0.000000000000000000e+00
1.205768755688658267e+00,0.000000000000000000e+00
1.164024942752201142e+00,0.000000000000000000e+00
1.164024942752201142e+00,0.000000000000000000e+00
1.143094410192349697e+00,0.000000000000000000e+00
1.178300522093535196e+00,0.000000000000000000e+00
1.015584890833367782e+00,0.000000000000000000e+00
1.156521915102840969e+00,0.000000000000000000e+00
1.408011533219587497e+00,0.000000000000000000e+00
1.311585655873366507e+00,0.000000000000000000e+00
1.247690543485112880e+00,0.000000000000000000e+00
1.247690543485112880e+00,0.000000000000000000e+00
1.270026995507089973e+00,0.000000000000000000e+00
1.327634892159389457e+00,0.000000000000000000e+00
1.327634892159389457e+00,0.000000000000000000e+00
1.327634892159389457e+00,0.000000000000000000e+00
1.327634892159389457e+00,0.000000000000000000e+00
1.309615090670496640e+00,0.000000000000000000e+00
1.305406620510099369e+00,0.000000000000000000e+00
1.305406620510099369e+00,0.000000000000000000e+00
1.305406620510099369e+00,0.000000000000000000e+00
1.304626102333658055e+00,0.000000000000000000e+00
1.353236466985631603e+00,0.000000000000000000e+00
1.353236466985631603e+00,0.000000000000000000e+00
1.355968500636298035e+00,0.000000000000000000e+00
1.355968500636298035e+00,0.000000000000000000e+00
1.251988893295762795e+00,0.000000000000000000e+00
1.161997106514440770e+00,0.000000000000000000e+00
1.161997106514440770e+00,0.000000000000000000e+00
1.161997106514440770e+00,0.000000000000000000e+00
1.351511215997256210e+00,0.000000000000000000e+00
1.351511215997256210e+00,0.000000000000000000e+00
1.351511215997256210e+00,0.000000000000000000e+00
1.361629581036146508e+00,0.000000000000000000e+00
1.434176504661264673e+00,0.000000000000000000e+00
1.332123801394591744e+00,0.000000000000000000e+00
1.252804068316058839e+00,0.000000000000000000e+00
1.310755453703496887e+00,0.000000000000000000e+00
1.310755453703496887e+00,0.000000000000000000e+00
1.310755453703496887e+00,0.000000000000000000e+00
1.198058305010251789e+00,0.000000000000000000e+00
1.301693494675796758e+00,0.000000000000000000e+00
1.301693494675796758e+00,0.000000000000000000e+00
1.301693494675796758e+00,0.000000000000000000e+00
1.204279499337195469e+00,0.000000000000000000e+00
1.380414380994363643e+00,0.000000000000000000e+00
1.379326209772681056e+00,0.000000000000000000e+00
1.379326209772681056e+00,0.000000000000000000e+00
1.379326209772681056e+00,0.000000000000000000e+00
1.261862333943130299e+00,0.000000000000000000e+00
1.259468457618763138e+00,0.000000000000000000e+00
1.164732614283451539e+00,0.000000000000000000e+00
1.164732614283451539e+00,0.000000000000000000e+00
1.164732614283451539e+00,0.000000000000000000e+00
1.164732614283451539e+00,0.000000000000000000e+00
1.164732614283451539e+00,0.000000000000000000e+00
1.231444966982004230e+00,0.000000000000000000e+00
1.217394221607126736e+00,0.000000000000000000e+00
1.440012296070723785e+00,0.000000000000000000e+00
1.199327563991471113e+00,0.000000000000000000e+00
1.348231655941354301e+00,0.000000000000000000e+00
1.371268935032391889e+00,0.000000000000000000e+00
1.371268935032391889e+00,0.000000000000000000e+00
1.142675373104247383e+00,0.000000000000000000e+00
1.264951702071921869e+00,0.000000000000000000e+00
1.264951702071921869e+00,0.000000000000000000e+00
1.309017688026945514e+00,0.000000000000000000e+00
1.376918503608618227e+00,0.000000000000000000e+00
1.315275884273415352e+00,0.000000000000000000e+00
1.333992654227762031e+00,0.000000000000000000e+00
1.333992654227762031e+00,0.000000000000000000e+00
1.333992654227762031e+00,0.000000000000000000e+00
1.333992654227762031e+00,0.000000000000000000e+00
1.334841334683195102e+00,0.000000000000000000e+00
1.267505211517285790e+00,0.000000000000000000e+00
1.267505211517285790e+00,0.000000000000000000e+00
1.236786025009049439e+00,0.000000000000000000e+00
1.131995243691329867e+00,0.000000000000000000e+00
1.296316175144806904e+00,0.000000000000000000e+00
1.296316175144806904e+00,0.000000000000000000e+00
1.429007384710953010e+00,0.000000000000000000e+00
1.429007384710953010e+00,0.000000000000000000e+00
1.158592257940580073e+00,0.000000000000000000e+00
1.158592257940580073e+00,0.000000000000000000e+00
1.147401608825967534e+00,0.000000000000000000e+00
1.149896719633541453e+00,0.000000000000000000e+00
1.149896719633541453e+00,0.000000000000000000e+00
1.149896719633541453e+00,0.000000000000000000e+00
1.307265078896438615e+00,0.000000000000000000e+00
1.307265078896438615e+00,0.000000000000000000e+00
1.307265078896438615e+00,0.000000000000000000e+00
1.307787610925420729e+00,0.000000000000000000e+00
1.387991857966852871e+00,0.000000000000000000e+00
1.062316886930827486e+00,0.000000000000000000e+00
1.234552700600294317e+00,0.000000000000000000e+00
1.238863281986278153e+00,0.000000000000000000e+00
1.262948590998101528e+00,0.000000000000000000e+00
1.262948590998101528e+00,0.000000000000000000e+00
1.122020554825556626e+00,0.000000000000000000e+00
1.486888403904625733e+00,0.000000000000000000e+00
1.427399819022280081e+00,0.000000000000000000e+00
1.213243509590066882e+00,0.000000000000000000e+00
1.213243509590066882e+00,0.000000000000000000e+00
1.187315388707456565e+00,0.000000000000000000e+00
1.379089543541567986e+00,0.000000000000000000e+00
1.379089543541567986e+00,0.000000000000000000e+00
1.244346063532292490e+00,0.000000000000000000e+00
1.303607108490136390e+00,0.000000000000000000e+00
1.303607108490136390e+00,0.000000000000000000e+00
1.303607108490136390e+00,0.000000000000000000e+00
1.303607108490136390e+00,0.000000000000000000e+00
1.328933156467043242e+00,0.000000000000000000e+00
1.328933156467043242e+00,0.000000000000000000e+00
1.328933156467043242e+00,0.000000000000000000e+00
1.328933156467043242e+00,0.000000000000000000e+00
1.131791211809536568e+00,0.000000000000000000e+00
1.124960673821557622e+00,0.000000000000000000e+00
1.248380475711676540e+00,0.000000000000000000e+00
1.248380475711676540e+00,0.000000000000000000e+00
1.415666850736970517e+00,0.000000000000000000e+00
1.446712295577346596e+00,0.000000000000000000e+00
1.322240049646850935e+00,0.000000000000000000e+00
1.298881990704405132e+00,0.000000000000000000e+00
1.105048718614595415e+00,0.000000000000000000e+00
1.411669971931543088e+00,0.000000000000000000e+00
1.411669971931543088e+00,0.000000000000000000e+00
1.411669971931543088e+00,0.000000000000000000e+00
1.309586559050327947e+00,0.000000000000000000e+00
1.318951830685680227e+00,0.000000000000000000e+00
1.318951830685680227e+00,0.000000000000000000e+00
1.215154249149074772e+00,0.000000000000000000e+00
1.200628484542770380e+00,0.000000000000000000e+00
1.118788294454165388e+00,0.000000000000000000e+00
1.332944526841904676e+00,0.000000000000000000e+00
1.271872976690253898e+00,0.000000000000000000e+00
1.303913394498353862e+00,0.000000000000000000e+00
1.303913394498353862e+00,0.000000000000000000e+00
1.171043945986744772e+00,0.000000000000000000e+00
1.171043945986744772e+00,0.000000000000000000e+00
1.217120063758299287e+00,0.000000000000000000e+00
1.410537289583715825e+00,0.000000000000000000e+00
1.452949055061963479e+00,0.000000000000000000e+00
1.358549710398143429e+00,0.000000000000000000e+00
1.358549710398143429e+00,0.000000000000000000e+00
1.297142859437891760e+00,0.000000000000000000e+00
1.326686520114076728e+00,0.000000000000000000e+00
1.368846864885812531e+00,0.000000000000000000e+00
1.320831626419737281e+00,0.000000000000000000e+00
1.402445995793909717e+00,0.000000000000000000e+00
1.402445995793909717e+00,0.000000000000000000e+00
1.417297384259085913e+00,0.000000000000000000e+00
1.327162198916018498e+00,0.000000000000000000e+00
1.287572336067823064e+00,0.000000000000000000e+00
1.385505142384188870e+00,0.000000000000000000e+00
1.350442697879232767e+00,0.000000000000000000e+00
1.069007061014873639e+00,0.000000000000000000e+00
1.069007061014873639e+00,0.000000000000000000e+00
1.048891573969821245e+00,0.000000000000000000e+00
1.193583907858625226e+00,0.000000000000000000e+00
1.193583907858625226e+00,0.000000000000000000e+00
1.193583907858625226e+00,0.000000000000000000e+00
1.193583907858625226e+00,0.000000000000000000e+00
1.193583907858625226e+00,0.000000000000000000e+00
1.371291563383152834e+00,0.000000000000000000e+00
1.371291563383152834e+00,0.000000000000000000e+00
1.371291563383152834e+00,0.000000000000000000e+00
1.371291563383152834e+00,0.000000000000000000e+00
1.371291563383152834e+00,0.000000000000000000e+00
1.141243536143027537e+00,0.000000000000000000e+00
1.494532483343171236e+00,0.000000000000000000e+00
1.352660741565256952e+00,0.000000000000000000e+00
1.429309353897102230e+00,0.000000000000000000e+00
1.180978113955986064e+00,0.000000000000000000e+00
1.180978113955986064e+00,0.000000000000000000e+00
1.180978113955986064e+00,0.000000000000000000e+00
9.838352753913652826e-01,0.000000000000000000e+00
1.256856319405676770e+00,0.000000000000000000e+00
1.274352416561240098e+00,0.000000000000000000e+00
1.274352416561240098e+00,0.000000000000000000e+00
1.302406279043728743e+00,0.000000000000000000e+00
1.281375999496126905e+00,0.000000000000000000e+00
1.254244423346960735e+00,0.000000000000000000e+00
1.290243051255125728e+00,0.000000000000000000e+00
1.290243051255125728e+00,0.000000000000000000e+00
1.353427995882240387e+00,0.000000000000000000e+00
1.194870440268428036e+00,0.000000000000000000e+00
1.169187413713507429e+00,0.000000000000000000e+00
1.169187413713507429e+00,0.000000000000000000e+00
1.210794068578485927e+00,0.000000000000000000e+00
1.210794068578485927e+00,0.000000000000000000e+00
1.286769828205941213e+00,0.000000000000000000e+00
1.273669885194004037e+00,0.000000000000000000e+00
1.273669885194004037e+00,0.000000000000000000e+00
1.273669885194004037e+00,0.000000000000000000e+00
1.273669885194004037e+00,0.000000000000000000e+00
1.273669885194004037e+00,0.000000000000000000e+00
1.273669885194004037e+00,0.000000000000000000e+00
1.350636547628421003e+00,0.000000000000000000e+00
1.342182226162555558e+00,0.000000000000000000e+00
1.342182226162555558e+00,0.000000000000000000e+00
1.350920404927272944e+00,0.000000000000000000e+00
1.283656746581901320e+00,0.000000000000000000e+00
1.298737798543787791e+00,0.000000000000000000e+00
1.298737798543787791e+00,0.000000000000000000e+00
1.351417562149492602e+00,0.000000000000000000e+00
1.343896471258861025e+00,0.000000000000000000e+00
1.194338474081419577e+00,0.000000000000000000e+00
1.194338474081419577e+00,0.000000000000000000e+00
1.194338474081419577e+00,0.000000000000000000e+00
1.164099671716034790e+00,0.000000000000000000e+00
1.164099671716034790e+00,0.000000000000000000e+00
1.348977917990448638e+00,0.000000000000000000e+00
1.376894366373808021e+00,0.000000000000000000e+00
1.376894366373808021e+00,0.000000000000000000e+00
1.376894366373808021e+00,0.000000000000000000e+00
1.367542079190867454e+00,0.000000000000000000e+00
1.467356319545183307e+00,0.000000000000000000e+00
1.440952152898674177e+00,0.000000000000000000e+00
1.378113992757892037e+00,0.000000000000000000e+00
1.267357147751913438e+00,0.000000000000000000e+00
1.267357147751913438e+00,0.000000000000000000e+00
1.288352674157175359e+00,0.000000000000000000e+00
1.274022664298830376e+00,0.000000000000000000e+00
1.274022664298830376e+00,0.000000000000000000e+00
1.293488416918817219e+00,0.000000000000000000e+00
1.293488416918817219e+00,0.000000000000000000e+00
1.437519331206621453e+00,0.000000000000000000e+00
1.437519331206621453e+00,0.000000000000000000e+00
1.386079397235541633e+00,0.000000000000000000e+00
1.424774103802835645e+00,0.000000000000000000e+00
1.304347919206582995e+00,0.000000000000000000e+00
1.171293440462026769e+00,0.000000000000000000e+00
1.171293440462026769e+00,0.000000000000000000e+00
1.171293440462026769e+00,0.000000000000000000e+00
1.308019248434104664e+00,0.000000000000000000e+00
1.308019248434104664e+00,0.000000000000000000e+00
1.308019248434104664e+00,0.000000000000000000e+00
1.389306936304580020e+00,0.000000000000000000e+00
1.402718004437745858e+00,0.000000000000000000e+00
1.359667879249694566e+00,0.000000000000000000e+00
1.359667879249694566e+00,0.000000000000000000e+00
1.359667879249694566e+00,0.000000000000000000e+00
1.359667879249694566e+00,0.000000000000000000e+00
1.384276352284302902e+00,0.000000000000000000e+00
1.465911260624976231e+00,0.000000000000000000e+00
1.467334662537892243e+00,0.000000000000000000e+00
1.467334662537892243e+00,0.000000000000000000e+00
1.467334662537892243e+00,0.000000000000000000e+00
1.467334662537892243e+00,0.000000000000000000e+00
1.467334662537892243e+00,0.000000000000000000e+00
1.467334662537892243e+00,0.000000000000000000e+00
1.197972929217505200e+00,0.000000000000000000e+00
1.197972929217505200e+00,0.000000000000000000e+00
1.356840858077654310e+00,0.000000000000000000e+00
1.356840858077654310e+00,0.000000000000000000e+00
1.356840858077654310e+00,0.000000000000000000e+00
1.412247356157031897e+00,0.000000000000000000e+00
1.305136960148134406e+00,0.000000000000000000e+00
1.267761428999646389e+00,0.000000000000000000e+00
1.267761428999646389e+00,0.000000000000000000e+00
1.354703246678477635e+00,0.000000000000000000e+00
1.354703246678477635e+00,0.000000000000000000e+00
1.354703246678477635e+00,0.000000000000000000e+00
1.214071244184347753e+00,0.000000000000000000e+00
1.237765512381418631e+00,0.000000000000000000e+00
1.369700439469280218e+00,0.000000000000000000e+00
1.210652443912471732e+00,0.000000000000000000e+00
1.263787409271135420e+00,0.000000000000000000e+00
1.263787409271135420e+00,0.000000000000000000e+00
1.263787409271135420e+00,0.000000000000000000e+00
1.095900453058286317e+00,0.000000000000000000e+00
1.260181583099730052e+00,0.000000000000000000e+00
1.260181583099730052e+00,0.000000000000000000e+00
1.266506675803698467e+00,0.000000000000000000e+00
1.206557625544671941e+00,0.000000000000000000e+00
1.206557625544671941e+00,0.000000000000000000e+00
1.206557625544671941e+00,0.000000000000000000e+00
1.206557625544671941e+00,0.000000000000000000e+00
1.206557625544671941e+00,0.000000000000000000e+00
1.206557625544671941e+00,0.000000000000000000e+00
1.426326187377290111e+00,0.000000000000000000e+00
1.466613978129069906e+00,0.000000000000000000e+00
1.230731179898733707e+00,0.000000000000000000e+00
1.230731179898733707e+00,0.000000000000000000e+00
1.315059356938319102e+00,0.000000000000000000e+00
1.193522424910296253e+00,0.000000000000000000e+00
1.193522424910296253e+00,0.000000000000000000e+00
1.168306527273231143e+00,0.000000000000000000e+00
1.168306527273231143e+00,0.000000000000000000e+00
1.168306527273231143e+00,0.000000000000000000e+00
1.168306527273231143e+00,0.000000000000000000e+00
1.386415967501199553e+00,0.000000000000000000e+00
1.386415967501199553e+00,0.000000000000000000e+00
1.377383734188110775e+00,0.000000000000000000e+00
1.377383734188110775e+00,0.000000000000000000e+00
1.377383734188110775e+00,0.000000000000000000e+00
1.408547217891375158e+00,0.000000000000000000e+00
1.408547217891375158e+00,0.000000000000000000e+00
1.408547217891375158e+00,0.000000000000000000e+00
1.408547217891375158e+00,0.000000000000000000e+00
1.314988637962637430e+00,0.000000000000000000e+00
1.314988637962637430e+00,0.000000000000000000e+00
1.314988637962637430e+00,0.000000000000000000e+00
1.314988637962637430e+00,0.000000000000000000e+00
1.314988637962637430e+00,0.000000000000000000e+00
1.295741687047890833e+00,0.000000000000000000e+00
1.295741687047890833e+00,0.000000000000000000e+00
1.295741687047890833e+00,0.000000000000000000e+00
1.300064954015708985e+00,0.000000000000000000e+00
1.300064954015708985e+00,0.000000000000000000e+00
1.300064954015708985e+00,0.000000000000000000e+00
1.300064954015708985e+00,0.000000000000000000e+00
1.238249154809215824e+00,0.000000000000000000e+00
1.116351887359782413e+00,0.000000000000000000e+00
1.082006068075227256e+00,0.000000000000000000e+00
1.082006068075227256e+00,0.000000000000000000e+00
1.289465693542914071e+00,0.000000000000000000e+00
1.405632508514879975e+00,0.000000000000000000e+00
1.405632508514879975e+00,0.000000000000000000e+00
1.400372307856422749e+00,0.000000000000000000e+00
1.307938629602133584e+00,0.000000000000000000e+00
1.375891637772573173e+00,0.000000000000000000e+00
1.375891637772573173e+00,0.000000000000000000e+00
1.375891637772573173e+00,0.000000000000000000e+00
1.375891637772573173e+00,0.000000000000000000e+00
1.198873608555840242e+00,0.000000000000000000e+00
1.198873608555840242e+00,0.000000000000000000e+00
1.105971740600547149e+00,0.000000000000000000e+00
1.105971740600547149e+00,0.000000000000000000e+00
1.105971740600547149e+00,0.000000000000000000e+00
1.105971740600547149e+00,0.000000000000000000e+00
1.021170741804896309e+00,0.000000000000000000e+00
1.232825900549658682e+00,0.000000000000000000e+00
1.193860491582198424e+00,0.000000000000000000e+00
1.332251693435811957e+00,0.000000000000000000e+00
1.249375826210249674e+00,0.000000000000000000e+00
1.275033051659642425e+00,0.000000000000000000e+00
1.275033051659642425e+00,0.000000000000000000e+00
1.275033051659642425e+00,0.000000000000000000e+00
1.364643433380755555e+00,0.000000000000000000e+00
1.364643433380755555e+00,0.000000000000000000e+00
1.460997606314359709e+00,0.000000000000000000e+00
1.350496276433431841e+00,0.000000000000000000e+00
1.350496276433431841e+00,0.000000000000000000e+00
1.350496276433431841e+00,0.000000000000000000e+00
1.320610206178853163e+00,0.000000000000000000e+00
1.320610206178853163e+00,0.000000000000000000e+00
1.320610206178853163e+00,0.000000000000000000e+00
1.264453720420055216e+00,0.000000000000000000e+00
1.264453720420055216e+00,0.000000000000000000e+00
1.284209241450522176e+00,0.000000000000000000e+00
1.203212929319483093e+00,0.000000000000000000e+00
1.203212929319483093e+00,0.000000000000000000e+00
1.248539614327326630e+00,0.000000000000000000e+00
1.248539614327326630e+00,0.000000000000000000e+00
1.248539614327326630e+00,0.000000000000000000e+00
1.252453004690909699e+00,0.000000000000000000e+00
1.282056971531691625e+00,0.000000000000000000e+00
1.282056971531691625e+00,0.000000000000000000e+00
1.213182101522809697e+00,0.000000000000000000e+00
1.253018164404054335e+00,0.000000000000000000e+00
1.470823711425491620e+00,0.000000000000000000e+00
1.470823711425491620e+00,0.000000000000000000e+00
1.452317440694391948e+00,0.000000000000000000e+00
1.398725476256155176e+00,0.000000000000000000e+00
1.305204604878195562e+00,0.000000000000000000e+00
1.488009474527908660e+00,0.000000000000000000e+00
1.488009474527908660e+00,0.000000000000000000e+00
1.376474954413534846e+00,0.000000000000000000e+00
1.376474954413534846e+00,0.000000000000000000e+00
1.250252796780580100e+00,0.000000000000000000e+00
1.250252796780580100e+00,0.000000000000000000e+00
1.190777756129556275e+00,0.000000000000000000e+00
1.451050671703202122e+00,0.000000000000000000e+00
1.451050671703202122e+00,0.000000000000000000e+00
1.489345859770494940e+00,0.000000000000000000e+00
1.385773640187070832e+00,0.000000000000000000e+00
1.123480191934978611e+00,0.000000000000000000e+00
1.109942299222547168e+00,0.000000000000000000e+00
1.077849015189358939e+00,0.000000000000000000e+00
1.260374914589314610e+00,0.000000000000000000e+00
1.201135648008667456e+00,0.000000000000000000e+00
1.201135648008667456e+00,0.000000000000000000e+00
1.201135648008667456e+00,0.000000000000000000e+00
1.201135648008667456e+00,0.000000000000000000e+00
1.241947065398867567e+00,0.000000000000000000e+00
1.241947065398867567e+00,0.000000000000000000e+00
1.283202890595291912e+00,0.000000000000000000e+00
1.283202890595291912e+00,0.000000000000000000e+00
1.283202890595291912e+00,0.000000000000000000e+00
1.378727091809419880e+00,0.000000000000000000e+00
1.157756504776553452e+00,0.000000000000000000e+00
1.090504318768969361e+00,0.000000000000000000e+00
1.197495288643434019e+00,0.000000000000000000e+00
1.205475235171004300e+00,0.000000000000000000e+00
1.205475235171004300e+00,0.000000000000000000e+00
1.205475235171004300e+00,0.000000000000000000e+00
1.264124014779260730e+00,0.000000000000000000e+00
1.275315666102426526e+00,0.000000000000000000e+00
1.381287132547097452e+00,0.000000000000000000e+00
1.254092313725472696e+00,0.000000000000000000e+00
1.156198552809877711e+00,0.000000000000000000e+00
1.202667117296819077e+00,0.000000000000000000e+00
1.202667117296819077e+00,0.000000000000000000e+00
1.202667117296819077e+00,0.000000000000000000e+00
1.202667117296819077e+00,0.000000000000000000e+00
1.348425035146373130e+00,0.000000000000000000e+00
1.260406315599717608e+00,0.000000000000000000e+00
1.046521673838894939e+00,0.000000000000000000e+00
1.122963951618706435e+00,0.000000000000000000e+00
1.177768555082584490e+00,0.000000000000000000e+00
1.177768555082584490e+00,0.000000000000000000e+00
1.177768555082584490e+00,0.000000000000000000e+00
1.177768555082584490e+00,0.000000000000000000e+00
1.177768555082584490e+00,0.000000000000000000e+00
1.136417622724710919e+00,0.000000000000000000e+00
1.357646073663762554e+00,0.000000000000000000e+00
1.231693589044693393e+00,0.000000000000000000e+00
1.216066757835673640e+00,0.000000000000000000e+00
1.186274517129546791e+00,0.000000000000000000e+00
1.332078748096877430e+00,0.000000000000000000e+00
1.180937506742872456e+00,0.000000000000000000e+00
1.302060937606793312e+00,0.000000000000000000e+00
1.302060937606793312e+00,0.000000000000000000e+00
1.302060937606793312e+00,0.000000000000000000e+00
1.185925115269393260e+00,0.000000000000000000e+00
1.163058135643232349e+00,0.000000000000000000e+00
1.268481784940922674e+00,0.000000000000000000e+00
1.268481784940922674e+00,0.000000000000000000e+00
1.268481784940922674e+00,0.000000000000000000e+00
1.252268260628709884e+00,0.000000000000000000e+00
1.318812382359036528e+00,0.000000000000000000e+00
1.349481403761052301e+00,0.000000000000000000e+00
1.324453405230415104e+00,0.000000000000000000e+00
1.274904411880114052e+00,0.000000000000000000e+00
1.375453858532984075e+00,0.000000000000000000e+00
1.211325015899999968e+00,0.000000000000000000e+00
1.211325015899999968e+00,0.000000000000000000e+00
1.211325015899999968e+00,0.000000000000000000e+00
1.235969444155422092e+00,0.000000000000000000e+00
1.149347495166909816e+00,0.000000000000000000e+00
1.059540091978873777e+00,0.000000000000000000e+00
1.071938928959517146e+00,0.000000000000000000e+00
1.201489917104667571e+00,0.000000000000000000e+00
1.241883984213642877e+00,0.000000000000000000e+00
1.300089676462131472e+00,0.000000000000000000e+00
1.350715693837712505e+00,0.000000000000000000e+00
1.350715693837712505e+00,0.000000000000000000e+00
1.350715693837712505e+00,0.000000000000000000e+00
1.185121959699701799e+00,0.000000000000000000e+00
1.103414376676619346e+00,0.000000000000000000e+00
1.159362706320568925e+00,0.000000000000000000e+00
1.251817945089364059e+00,0.000000000000000000e+00
1.382998621612925527e+00,0.000000000000000000e+00
1.352724193779907935e+00,0.000000000000000000e+00
1.395824117309949708e+00,0.000000000000000000e+00
1.125693467275555859e+00,0.000000000000000000e+00
1.125693467275555859e+00,0.000000000000000000e+00
1.105279324893502002e+00,0.000000000000000000e+00
1.199220712275129275e+00,0.000000000000000000e+00
1.324376609746713784e+00,0.000000000000000000e+00
1.310502281857076179e+00,0.000000000000000000e+00
1.310502281857076179e+00,0.000000000000000000e+00
1.310502281857076179e+00,0.000000000000000000e+00
1.341801793197744619e+00,0.000000000000000000e+00
1.448090013950770638e+00,0.000000000000000000e+00
1.448090013950770638e+00,0.000000000000000000e+00
1.448090013950770638e+00,0.000000000000000000e+00
1.510047859277122928e+00,0.000000000000000000e+00
1.510185129893760747e+00,0.000000000000000000e+00
1.397067851013772843e+00,0.000000000000000000e+00
1.446140566572081232e+00,0.000000000000000000e+00
1.446140566572081232e+00,0.000000000000000000e+00
1.472391325963544162e+00,0.000000000000000000e+00
1.472391325963544162e+00,0.000000000000000000e+00
1.472391325963544162e+00,0.000000000000000000e+00
1.472391325963544162e+00,0.000000000000000000e+00
1.472391325963544162e+00,0.000000000000000000e+00
1.472391325963544162e+00,0.000000000000000000e+00
1.485918471625647275e+00,0.000000000000000000e+00
1.283270390637670566e+00,0.000000000000000000e+00
1.325663132638950303e+00,0.000000000000000000e+00
1.398498400099440264e+00,0.000000000000000000e+00
1.278326680930110815e+00,0.000000000000000000e+00
1.278326680930110815e+00,0.000000000000000000e+00
1.239384294405402320e+00,0.000000000000000000e+00
1.205234873436325183e+00,0.000000000000000000e+00
1.205234873436325183e+00,0.000000000000000000e+00
1.320719056067255037e+00,0.000000000000000000e+00
1.320719056067255037e+00,0.000000000000000000e+00
1.350687062741092292e+00,0.000000000000000000e+00
1.207172181843986447e+00,0.000000000000000000e+00
1.207172181843986447e+00,0.000000000000000000e+00
1.251809783166952128e+00,0.000000000000000000e+00
1.251809783166952128e+00,0.000000000000000000e+00
1.251809783166952128e+00,0.000000000000000000e+00
1.127546607652822219e+00,0.000000000000000000e+00
1.098292937270169300e+00,0.000000000000000000e+00
1.322126795514798170e+00,0.000000000000000000e+00
1.322126795514798170e+00,0.000000000000000000e+00
1.293245461516739914e+00,0.000000000000000000e+00
1.376219335617018258e+00,0.000000000000000000e+00
1.376219335617018258e+00,0.000000000000000000e+00
1.376219335617018258e+00,0.000000000000000000e+00
1.376219335617018258e+00,0.000000000000000000e+00
1.437987540493851801e+00,0.000000000000000000e+00
1.446227292498334371e+00,0.000000000000000000e+00
1.375739662540009789e+00,0.000000000000000000e+00
1.375739662540009789e+00,0.000000000000000000e+00
1.375739662540009789e+00,0.000000000000000000e+00
1.272174575656221940e+00,0.000000000000000000e+00
1.410144854684122429e+00,0.000000000000000000e+00
1.410144854684122429e+00,0.000000000000000000e+00
1.320183448985951857e+00,0.000000000000000000e+00
1.300126521359446619e+00,0.000000000000000000e+00
1.300126521359446619e+00,0.000000000000000000e+00
1.311310862696397406e+00,0.000000000000000000e+00
1.213638932249450741e+00,0.000000000000000000e+00
1.078048339425666802e+00,0.000000000000000000e+00
1.078048339425666802e+00,0.000000000000000000e+00
1.078048339425666802e+00,0.000000000000000000e+00
1.078048339425666802e+00,0.000000000000000000e+00
1.144415485408612376e+00,0.000000000000000000e+00
1.267325243063810447e+00,0.000000000000000000e+00
1.425534229558615307e+00,0.000000000000000000e+00
1.425534229558615307e+00,0.000000000000000000e+00
1.425534229558615307e+00,0.000000000000000000e+00
1.364049950953470258e+00,0.000000000000000000e+00
1.364049950953470258e+00,0.000000000000000000e+00
1.372850914837635994e+00,0.000000000000000000e+00
1.355398840154704798e+00,0.000000000000000000e+00
1.254259808234040152e+00,0.000000000000000000e+00
1.275112998041755263e+00,0.000000000000000000e+00
1.296442246149303479e+00,0.000000000000000000e+00
1.255134278992259045e+00,0.000000000000000000e+00
1.255134278992259045e+00,0.000000000000000000e+00
1.255134278992259045e+00,0.000000000000000000e+00
1.255134278992259045e+00,0.000000000000000000e+00
1.255134278992259045e+00,0.000000000000000000e+00
1.255134278992259045e+00,0.000000000000000000e+00
1.296009911618527077e+00,0.000000000000000000e+00
1.296009911618527077e+00,0.000000000000000000e+00
1.296009911618527077e+00,0.000000000000000000e+00
1.296009911618527077e+00,0.000000000000000000e+00
1.205541730529552824e+00,0.000000000000000000e+00
1.316085094080031936e+00,0.000000000000000000e+00
1.316085094080031936e+00,0.000000000000000000e+00
1.316085094080031936e+00,0.000000000000000000e+00
1.316085094080031936e+00,0.000000000000000000e+00
1.326704728507551945e+00,0.000000000000000000e+00
1.297254572327855682e+00,0.000000000000000000e+00
1.291847733543990850e+00,0.000000000000000000e+00
1.318490388784444800e+00,0.000000000000000000e+00
1.318490388784444800e+00,0.000000000000000000e+00
1.318490388784444800e+00,0.000000000000000000e+00
1.401727484295015147e+00,0.000000000000000000e+00
1.307205004498892986e+00,0.000000000000000000e+00
1.363948352310308199e+00,0.000000000000000000e+00
1.363948352310308199e+00,0.000000000000000000e+00
1.328410537508050604e+00,0.000000000000000000e+00
1.341200863606848648e+00,0.000000000000000000e+00
1.389684659440599601e+00,0.000000000000000000e+00
1.191277469671506495e+00,0.000000000000000000e+00
1.191277469671506495e+00,0.000000000000000000e+00
1.256917062184837119e+00,0.000000000000000000e+00
1.140314451626656123e+00,0.000000000000000000e+00
1.140314451626656123e+00,0.000000000000000000e+00
1.140314451626656123e+00,0.000000000000000000e+00
1.147909727736630137e+00,0.000000000000000000e+00
1.280874332146089811e+00,0.000000000000000000e+00
1.077083551160898933e+00,0.000000000000000000e+00
1.077083551160898933e+00,0.000000000000000000e+00
1.271958930881744276e+00,0.000000000000000000e+00
1.271958930881744276e+00,0.000000000000000000e+00
1.123720428546987282e+00,0.000000000000000000e+00
1.281986001639723982e+00,0.000000000000000000e+00
1.279245685390113074e+00,0.000000000000000000e+00
1.279245685390113074e+00,0.000000000000000000e+00
1.279245685390113074e+00,0.000000000000000000e+00
1.279245685390113074e+00,0.000000000000000000e+00
1.279245685390113074e+00,0.000000000000000000e+00
1.342003515844861106e+00,0.000000000000000000e+00
1.198254506553696475e+00,0.000000000000000000e+00
1.198254506553696475e+00,0.000000000000000000e+00
1.402059999399375201e+00,0.000000000000000000e+00
1.402059999399375201e+00,0.000000000000000000e+00
1.402059999399375201e+00,0.000000000000000000e+00
1.410970723021013784e+00,0.000000000000000000e+00
1.383434797292160789e+00,0.000000000000000000e+00
1.374034343911207268e+00,0.000000000000000000e+00
1.289918300841309096e+00,0.000000000000000000e+00
1.307452308868186419e+00,0.000000000000000000e+00
1.416084824889716876e+00,0.000000000000000000e+00
1.316153299366047635e+00,0.000000000000000000e+00
1.228549481546647559e+00,0.000000000000000000e+00
1.228549481546647559e+00,0.000000000000000000e+00
1.228549481546647559e+00,0.000000000000000000e+00
1.351508825872650421e+00,0.000000000000000000e+00
1.351508825872650421e+00,0.000000000000000000e+00
1.272978846263371100e+00,0.000000000000000000e+00
1.338779143425520957e+00,0.000000000000000000e+00
1.338779143425520957e+00,0.000000000000000000e+00
1.265056053077449283e+00,0.000000000000000000e+00
1.361750092124484945e+00,0.000000000000000000e+00
1.361750092124484945e+00,0.000000000000000000e+00
1.417489444317040270e+00,0.000000000000000000e+00
1.316524623755261914e+00,0.000000000000000000e+00
1.316524623755261914e+00,0.000000000000000000e+00
1.316524623755261914e+00,0.000000000000000000e+00
1.229405335663265486e+00,0.000000000000000000e+00
1.204391763960525719e+00,0.000000000000000000e+00
1.204391763960525719e+00,0.000000000000000000e+00
1.302494952852734533e+00,0.000000000000000000e+00
1.302494952852734533e+00,0.000000000000000000e+00
1.191528669926137152e+00,0.000000000000000000e+00
1.152282609687290682e+00,0.000000000000000000e+00
1.165458804759538669e+00,0.000000000000000000e+00
1.179954205768474207e+00,0.000000000000000000e+00
1.373652028303434136e+00,0.000000000000000000e+00
1.373652028303434136e+00,0.000000000000000000e+00
1.365857598258843453e+00,0.000000000000000000e+00
1.238671085907002478e+00,0.000000000000000000e+00
1.238671085907002478e+00,0.000000000000000000e+00
1.238671085907002478e+00,0.000000000000000000e+00
1.238671085907002478e+00,0.000000000000000000e+00
1.238671085907002478e+00,0.000000000000000000e+00
1.210315875645898043e+00,0.000000000000000000e+00
1.165503173421193805e+00,0.000000000000000000e+00
1.165503173421193805e+00,0.000000000000000000e+00
1.181292533900255792e+00,0.000000000000000000e+00
1.372755507178914813e+00,0.000000000000000000e+00
1.372755507178914813e+00,0.000000000000000000e+00
1.372755507178914813e+00,0.000000000000000000e+00
1.407735025494690762e+00,0.000000000000000000e+00
1.395676902265813979e+00,0.000000000000000000e+00
1.395676902265813979e+00,0.000000000000000000e+00
1.313508606884193464e+00,0.000000000000000000e+00
1.313508606884193464e+00,0.000000000000000000e+00
1.321984336825083872e+00,0.000000000000000000e+00
1.321984336825083872e+00,0.000000000000000000e+00
1.268633545264228113e+00,0.000000000000000000e+00
1.268633545264228113e+00,0.000000000000000000e+00
1.268633545264228113e+00,0.000000000000000000e+00
1.328381732732547338e+00,0.000000000000000000e+00
1.412151820686708970e+00,0.000000000000000000e+00
1.330103086301311022e+00,0.000000000000000000e+00
1.409200485469802144e+00,0.000000000000000000e+00
1.264955398381597540e+00,0.000000000000000000e+00
1.264955398381597540e+00,0.000000000000000000e+00
1.293886743326857047e+00,0.000000000000000000e+00
1.165203840963675574e+00,0.000000000000000000e+00
1.165203840963675574e+00,0.000000000000000000e+00
1.243997925519692460e+00,0.000000000000000000e+00
1.244830916589587666e+00,0.000000000000000000e+00
1.253998464297378712e+00,0.000000000000000000e+00
1.253998464297378712e+00,0.000000000000000000e+00
1.253998464297378712e+00,0.000000000000000000e+00
1.218299747279024015e+00,0.000000000000000000e+00
1.365248746197952112e+00,0.000000000000000000e+00
1.327270847315048297e+00,0.000000000000000000e+00
1.151835013794320073e+00,0.000000000000000000e+00
1.151835013794320073e+00,0.000000000000000000e+00
1.152051059895014884e+00,0.000000000000000000e+00
1.305707208779239403e+00,0.000000000000000000e+00
1.295537850958681458e+00,0.000000000000000000e+00
1.380004889487602693e+00,0.000000000000000000e+00
1.377067910690933150e+00,0.000000000000000000e+00
1.377067910690933150e+00,0.000000000000000000e+00
1.436208912982051222e+00,0.000000000000000000e+00
1.436208912982051222e+00,0.000000000000000000e+00
1.436208912982051222e+00,0.000000000000000000e+00
1.386733849822177067e+00,0.000000000000000000e+00
1.386733849822177067e+00,0.000000000000000000e+00
1.391708742436316815e+00,0.000000000000000000e+00
1.391708742436316815e+00,0.000000000000000000e+00
1.391708742436316815e+00,0.000000000000000000e+00
1.268078328642174624e+00,0.000000000000000000e+00
1.332158807472771711e+00,0.000000000000000000e+00
1.332158807472771711e+00,0.000000000000000000e+00
1.369622538967669945e+00,0.000000000000000000e+00
1.281660657694078775e+00,0.000000000000000000e+00
1.220135190230977607e+00,0.000000000000000000e+00
1.314793713477391934e+00,0.000000000000000000e+00
1.253536122160025412e+00,0.000000000000000000e+00
1.253536122160025412e+00,0.000000000000000000e+00
1.183476936846158178e+00,0.000000000000000000e+00
1.183476936846158178e+00,0.000000000000000000e+00
1.182014158924272307e+00,0.000000000000000000e+00
1.346519672278313262e+00,0.000000000000000000e+00
1.149552809841883239e+00,0.000000000000000000e+00
1.285783500585845784e+00,0.000000000000000000e+00
1.285783500585845784e+00,0.000000000000000000e+00
1.387988411974441005e+00,0.000000000000000000e+00
1.215458602592366821e+00,0.000000000000000000e+00
1.250307370269874152e+00,0.000000000000000000e+00
1.285804320316359384e+00,0.000000000000000000e+00
1.285804320316359384e+00,0.000000000000000000e+00
1.285804320316359384e+00,0.000000000000000000e+00
1.298678389455875104e+00,0.000000000000000000e+00
1.253708137428523939e+00,0.000000000000000000e+00
1.253708137428523939e+00,0.000000000000000000e+00
1.253708137428523939e+00,0.000000000000000000e+00
1.320897626995406027e+00,0.000000000000000000e+00
1.132723811250105683e+00,0.000000000000000000e+00
1.132723811250105683e+00,0.000000000000000000e+00
1.069710087868980697e+00,0.000000000000000000e+00
1.148017983983357970e+00,0.000000000000000000e+00
1.148017983983357970e+00,0.000000000000000000e+00
1.148017983983357970e+00,0.000000000000000000e+00
1.313617642180000988e+00,0.000000000000000000e+00
1.264040597825836221e+00,0.000000000000000000e+00
1.336239920713493845e+00,0.000000000000000000e+00
1.336239920713493845e+00,0.000000000000000000e+00
1.092478976507065491e+00,0.000000000000000000e+00
1.224166084533297116e+00,0.000000000000000000e+00
1.224166084533297116e+00,0.000000000000000000e+00
1.224166084533297116e+00,0.000000000000000000e+00
1.224166084533297116e+00,0.000000000000000000e+00
1.224166084533297116e+00,0.000000000000000000e+00
1.272871004885446355e+00,0.000000000000000000e+00
1.272871004885446355e+00,0.000000000000000000e+00
1.347753600366642823e+00,0.000000000000000000e+00
1.347753600366642823e+00,0.000000000000000000e+00
1.347753600366642823e+00,0.000000000000000000e+00
1.347753600366642823e+00,0.000000000000000000e+00
1.347753600366642823e+00,0.000000000000000000e+00
1.259336435319698744e+00,0.000000000000000000e+00
1.259336435319698744e+00,0.000000000000000000e+00
1.305595076382042308e+00,0.000000000000000000e+00
1.305595076382042308e+00,0.000000000000000000e+00
1.340490349717893270e+00,0.000000000000000000e+00
1.306448401349052046e+00,0.000000000000000000e+00
1.214379177618732042e+00,0.000000000000000000e+00
1.321400079212390999e+00,0.000000000000000000e+00
1.250952499433342524e+00,0.000000000000000000e+00
1.250952499433342524e+00,0.000000000000000000e+00
1.254102263983699173e+00,0.000000000000000000e+00
1.235534115029358615e+00,0.000000000000000000e+00
1.235534115029358615e+00,0.000000000000000000e+00
1.197516926002406557e+00,0.000000000000000000e+00
1.157583086690958218e+00,0.000000000000000000e+00
1.136965261785074288e+00,0.000000000000000000e+00
1.209372122908135339e+00,0.000000000000000000e+00
1.209372122908135339e+00,0.000000000000000000e+00
1.081573915146318621e+00,0.000000000000000000e+00
1.081573915146318621e+00,0.000000000000000000e+00
1.091684024231852179e+00,0.000000000000000000e+00
1.330205573449269263e+00,0.000000000000000000e+00
1.235511152427665182e+00,0.000000000000000000e+00
1.235511152427665182e+00,0.000000000000000000e+00
1.276894279981668712e+00,0.000000000000000000e+00
1.276894279981668712e+00,0.000000000000000000e+00
1.156472803141976202e+00,0.000000000000000000e+00
1.088720319945426285e+00,0.000000000000000000e+00
1.080804122538707279e+00,0.000000000000000000e+00
1.080804122538707279e+00,0.000000000000000000e+00
1.064809701838667300e+00,0.000000000000000000e+00
1.087550236338745480e+00,0.000000000000000000e+00
1.169338435312108793e+00,0.000000000000000000e+00
1.169338435312108793e+00,0.000000000000000000e+00
1.299506217470629332e+00,0.000000000000000000e+00
1.299506217470629332e+00,0.000000000000000000e+00
1.322638697236377281e+00,0.000000000000000000e+00
1.208939509815676105e+00,0.000000000000000000e+00
1.208939509815676105e+00,0.000000000000000000e+00
1.181450295438297715e+00,0.000000000000000000e+00
1.181450295438297715e+00,0.000000000000000000e+00
1.330241413340032874e+00,0.000000000000000000e+00
1.131485685821445486e+00,0.000000000000000000e+00
1.247654464144193565e+00,0.000000000000000000e+00
1.217757776253036495e+00,0.000000000000000000e+00
1.216766966010672135e+00,0.000000000000000000e+00
1.241861278977301586e+00,0.000000000000000000e+00
1.241861278977301586e+00,0.000000000000000000e+00
1.267150020890559503e+00,0.000000000000000000e+00
1.233189754961045548e+00,0.000000000000000000e+00
1.233189754961045548e+00,0.000000000000000000e+00
1.233189754961045548e+00,0.000000000000000000e+00
1.233189754961045548e+00,0.000000000000000000e+00
1.123464138128003054e+00,0.000000000000000000e+00
1.386301406320945562e+00,0.000000000000000000e+00
1.357118210361511812e+00,0.000000000000000000e+00
1.357118210361511812e+00,0.000000000000000000e+00
1.357118210361511812e+00,0.000000000000000000e+00
1.357118210361511812e+00,0.000000000000000000e+00
1.357118210361511812e+00,0.000000000000000000e+00
1.375371192933726672e+00,0.000000000000000000e+00
1.382328047763571099e+00,0.000000000000000000e+00
1.271207058425760428e+00,0.000000000000000000e+00
1.271207058425760428e+00,0.000000000000000000e+00
1.318284054628334978e+00,0.000000000000000000e+00
1.318284054628334978e+00,0.000000000000000000e+00
1.132614745851408866e+00,0.000000000000000000e+00
1.230768402088091351e+00,0.000000000000000000e+00
1.160646266112600911e+00,0.000000000000000000e+00
1.152361172983564552e+00,0.000000000000000000e+00
1.152361172983564552e+00,0.000000000000000000e+00
1.152361172983564552e+00,0.000000000000000000e+00
1.152361172983564552e+00,0.000000000000000000e+00
1.129168357650395249e+00,0.000000000000000000e+00
1.129168357650395249e+00,0.000000000000000000e+00
9.054374262436757359e-01,0.000000000000000000e+00
1.002460635021501512e+00,0.000000000000000000e+00
1.419414510814011487e+00,0.000000000000000000e+00
1.425670097283664672e+00,0.000000000000000000e+00
1.359499865212598912e+00,0.000000000000000000e+00
1.344765770411247230e+00,0.000000000000000000e+00
1.331508426888526442e+00,0.000000000000000000e+00
1.332910837184617447e+00,0.000000000000000000e+00
1.181537423962208733e+00,0.000000000000000000e+00
1.103685845965284518e+00,0.000000000000000000e+00
1.103685845965284518e+00,0.000000000000000000e+00
1.188418172009413354e+00,0.000000000000000000e+00
1.188418172009413354e+00,0.000000000000000000e+00
1.102230841384120641e+00,0.000000000000000000e+00
1.253662701950543745e+00,0.000000000000000000e+00
1.396093912995980624e+00,0.000000000000000000e+00
1.396093912995980624e+00,0.000000000000000000e+00
1.406390068475449118e+00,0.000000000000000000e+00
1.173671598952992889e+00,0.000000000000000000e+00
1.253836312727168778e+00,0.000000000000000000e+00
1.219466020579810461e+00,0.000000000000000000e+00
1.361594371129962511e+00,0.000000000000000000e+00
1.361594371129962511e+00,0.000000000000000000e+00
1.187031178805403098e+00,0.000000000000000000e+00
1.345004011304016700e+00,0.000000000000000000e+00
1.345004011304016700e+00,0.000000000000000000e+00
1.345004011304016700e+00,0.000000000000000000e+00
1.345004011304016700e+00,0.000000000000000000e+00
1.345004011304016700e+00,0.000000000000000000e+00
1.245843858584568142e+00,0.000000000000000000e+00
1.245843858584568142e+00,0.000000000000000000e+00
1.343062264107065529e+00,0.000000000000000000e+00
1.343062264107065529e+00,0.000000000000000000e+00
1.196934057702657483e+00,0.000000000000000000e+00
1.196934057702657483e+00,0.000000000000000000e+00
1.196934057702657483e+00,0.000000000000000000e+00
1.196934057702657483e+00,0.000000000000000000e+00
1.226525596849914690e+00,0.000000000000000000e+00
1.263138312686020726e+00,0.000000000000000000e+00
1.338288257421841543e+00,0.000000000000000000e+00
1.338288257421841543e+00,0.000000000000000000e+00
1.338288257421841543e+00,0.000000000000000000e+00
1.328479431034247371e+00,0.000000000000000000e+00
1.408454352776681517e+00,0.000000000000000000e+00
1.453160006851941244e+00,0.000000000000000000e+00
1.526205570135810596e+00,0.000000000000000000e+00
1.530714335444493646e+00,0.000000000000000000e+00
1.442881254048760775e+00,0.000000000000000000e+00
1.442881254048760775e+00,0.000000000000000000e+00
1.570852634645608426e+00,0.000000000000000000e+00
1.528978070009940460e+00,0.000000000000000000e+00
1.528978070009940460e+00,0.000000000000000000e+00
1.528978070009940460e+00,0.000000000000000000e+00
1.443650089032513240e+00,0.000000000000000000e+00
1.443650089032513240e+00,0.000000000000000000e+00
1.443650089032513240e+00,0.000000000000000000e+00
1.419976684522649357e+00,0.000000000000000000e+00
1.419976684522649357e+00,0.000000000000000000e+00
1.339527041808005414e+00,0.000000000000000000e+00
1.173961929851510266e+00,0.000000000000000000e+00
1.173961929851510266e+00,0.000000000000000000e+00
1.151195362549465973e+00,0.000000000000000000e+00
1.189728793360201209e+00,0.000000000000000000e+00
1.189728793360201209e+00,0.000000000000000000e+00
1.189728793360201209e+00,0.000000000000000000e+00
1.337895384818427402e+00,0.000000000000000000e+00
1.322889073498437984e+00,0.000000000000000000e+00
1.166850451951465750e+00,0.000000000000000000e+00
1.216183896373150830e+00,0.000000000000000000e+00
1.270985684731609222e+00,0.000000000000000000e+00
1.270985684731609222e+00,0.000000000000000000e+00
1.270985684731609222e+00,0.000000000000000000e+00
1.289613097585151635e+00,0.000000000000000000e+00
1.289613097585151635e+00,0.000000000000000000e+00
1.253520917552801262e+00,0.000000000000000000e+00
1.126558255094640248e+00,0.000000000000000000e+00
1.126909626632263350e+00,0.000000000000000000e+00
1.295969084072837951e+00,0.000000000000000000e+00
1.295969084072837951e+00,0.000000000000000000e+00
1.295969084072837951e+00,0.000000000000000000e+00
1.258120392190183123e+00,0.000000000000000000e+00
1.112763904435782658e+00,0.000000000000000000e+00
1.215181810685146857e+00,0.000000000000000000e+00
1.215181810685146857e+00,0.000000000000000000e+00
1.215181810685146857e+00,0.000000000000000000e+00
1.215181810685146857e+00,0.000000000000000000e+00
1.215181810685146857e+00,0.000000000000000000e+00
1.215181810685146857e+00,0.000000000000000000e+00
1.265299569785203859e+00,0.000000000000000000e+00
1.185253915778393896e+00,0.000000000000000000e+00
1.173394983332313402e+00,0.000000000000000000e+00
1.173394983332313402e+00,0.000000000000000000e+00
1.184236135963860459e+00,0.000000000000000000e+00
1.201554268723295182e+00,0.000000000000000000e+00
1.201554268723295182e+00,0.000000000000000000e+00
1.201554268723295182e+00,0.000000000000000000e+00
1.201554268723295182e+00,0.000000000000000000e+00
1.306193220682849931e+00,0.000000000000000000e+00
1.122710727555503718e+00,0.000000000000000000e+00
1.096088849650910024e+00,0.000000000000000000e+00
1.096088849650910024e+00,0.000000000000000000e+00
1.078651855929896985e+00,0.000000000000000000e+00
1.112081160107562861e+00,0.000000000000000000e+00
1.112081160107562861e+00,0.000000000000000000e+00
1.121463532290804421e+00,0.000000000000000000e+00
9.611388758575903912e-01,0.000000000000000000e+00
1.110559796984387892e+00,0.000000000000000000e+00
1.271829801756947598e+00,0.000000000000000000e+00
1.183604504988628348e+00,0.000000000000000000e+00
1.183604504988628348e+00,0.000000000000000000e+00
1.123268204495412537e+00,0.000000000000000000e+00
1.186378404435342704e+00,0.000000000000000000e+00
1.186378404435342704e+00,0.000000000000000000e+00
1.186378404435342704e+00,0.000000000000000000e+00
1.176798087162808981e+00,0.000000000000000000e+00
1.223765448647439413e+00,0.000000000000000000e+00
1.223765448647439413e+00,0.000000000000000000e+00
1.223765448647439413e+00,0.000000000000000000e+00
1.223765448647439413e+00,0.000000000000000000e+00
1.223765448647439413e+00,0.000000000000000000e+00
1.223765448647439413e+00,0.000000000000000000e+00
1.211930820175559198e+00,0.000000000000000000e+00
1.229284394330243835e+00,0.000000000000000000e+00
1.237850639064538960e+00,0.000000000000000000e+00
1.252138083711600514e+00,0.000000000000000000e+00
1.252138083711600514e+00,0.000000000000000000e+00
1.252138083711600514e+00,0.000000000000000000e+00
1.252138083711600514e+00,0.000000000000000000e+00
1.410892573035820607e+00,0.000000000000000000e+00
1.410892573035820607e+00,0.000000000000000000e+00
1.491715260040018753e+00,0.000000000000000000e+00
1.398264194278768136e+00,0.000000000000000000e+00
1.398264194278768136e+00,0.000000000000000000e+00
1.391502743154223953e+00,0.000000000000000000e+00
1.391502743154223953e+00,0.000000000000000000e+00
1.464578802956094439e+00,0.000000000000000000e+00
1.464578802956094439e+00,0.000000000000000000e+00
1.452023544233753460e+00,0.000000000000000000e+00
1.452023544233753460e+00,0.000000000000000000e+00
1.452023544233753460e+00,0.000000000000000000e+00
1.451821653930310596e+00,0.000000000000000000e+00
1.373903558635226840e+00,0.000000000000000000e+00
1.373903558635226840e+00,0.000000000000000000e+00
1.182991060288116403e+00,0.000000000000000000e+00
1.182991060288116403e+00,0.000000000000000000e+00
1.143211001986760511e+00,0.000000000000000000e+00
1.143211001986760511e+00,0.000000000000000000e+00
1.261523931522290587e+00,0.000000000000000000e+00
1.226052510454603839e+00,0.000000000000000000e+00
1.226052510454603839e+00,0.000000000000000000e+00
1.280614847268373602e+00,0.000000000000000000e+00
1.232874856711242861e+00,0.000000000000000000e+00
1.232874856711242861e+00,0.000000000000000000e+00
1.232874856711242861e+00,0.000000000000000000e+00
1.232874856711242861e+00,0.000000000000000000e+00
1.283952158414407796e+00,0.000000000000000000e+00
1.283952158414407796e+00,0.000000000000000000e+00
1.283952158414407796e+00,0.000000000000000000e+00
1.317200007431743591e+00,0.000000000000000000e+00
1.336013332049709845e+00,0.000000000000000000e+00
1.442824155666470043e+00,0.000000000000000000e+00
1.341767523134082429e+00,0.000000000000000000e+00
1.341767523134082429e+00,0.000000000000000000e+00
1.341767523134082429e+00,0.000000000000000000e+00
1.455634417353632637e+00,0.000000000000000000e+00
1.455634417353632637e+00,0.000000000000000000e+00
1.455634417353632637e+00,0.000000000000000000e+00
1.270313703733338961e+00,0.000000000000000000e+00
1.409108447296740119e+00,0.000000000000000000e+00
1.409108447296740119e+00,0.000000000000000000e+00
1.223374709169242402e+00,0.000000000000000000e+00
1.223374709169242402e+00,0.000000000000000000e+00
1.316976146031815009e+00,0.000000000000000000e+00
1.316976146031815009e+00,0.000000000000000000e+00
1.316976146031815009e+00,0.000000000000000000e+00
1.316976146031815009e+00,0.000000000000000000e+00
1.346986847099503004e+00,0.000000000000000000e+00
1.346986847099503004e+00,0.000000000000000000e+00
1.346986847099503004e+00,0.000000000000000000e+00
1.346986847099503004e+00,0.000000000000000000e+00
1.242136275261170208e+00,0.000000000000000000e+00
1.310755332418714669e+00,0.000000000000000000e+00
1.310755332418714669e+00,0.000000000000000000e+00
1.310755332418714669e+00,0.000000000000000000e+00
1.390502652279022699e+00,0.000000000000000000e+00
1.317658737225294585e+00,0.000000000000000000e+00
1.361113207218856758e+00,0.000000000000000000e+00
1.361113207218856758e+00,0.000000000000000000e+00
1.361113207218856758e+00,0.000000000000000000e+00
1.361113207218856758e+00,0.000000000000000000e+00
1.425114088303319315e+00,0.000000000000000000e+00
1.425114088303319315e+00,0.000000000000000000e+00
1.425114088303319315e+00,0.000000000000000000e+00
1.425114088303319315e+00,0.000000000000000000e+00
1.388863776240252257e+00,0.000000000000000000e+00
1.381847567056928794e+00,0.000000000000000000e+00
1.381847567056928794e+00,0.000000000000000000e+00
1.435268848310139234e+00,0.000000000000000000e+00
1.139499740728072030e+00,0.000000000000000000e+00
1.226049589973247533e+00,0.000000000000000000e+00
1.215553080821445864e+00,0.000000000000000000e+00
1.450303448854976196e+00,0.000000000000000000e+00
1.450303448854976196e+00,0.000000000000000000e+00
1.397891606835737655e+00,0.000000000000000000e+00
1.403519572751183997e+00,0.000000000000000000e+00
1.338613300929363703e+00,0.000000000000000000e+00
1.338613300929363703e+00,0.000000000000000000e+00
1.235942764377975678e+00,0.000000000000000000e+00
1.235942764377975678e+00,0.000000000000000000e+00
1.235942764377975678e+00,0.000000000000000000e+00
1.142536451616283477e+00,0.000000000000000000e+00
1.142536451616283477e+00,0.000000000000000000e+00
1.142536451616283477e+00,0.000000000000000000e+00
1.313304661687329844e+00,0.000000000000000000e+00
1.313304661687329844e+00,0.000000000000000000e+00
1.313304661687329844e+00,0.000000000000000000e+00
1.398209679087836443e+00,0.000000000000000000e+00
1.441931356132052588e+00,0.000000000000000000e+00
1.441931356132052588e+00,0.000000000000000000e+00
1.489954888053173665e+00,0.000000000000000000e+00
1.155326353303729237e+00,0.000000000000000000e+00
1.203714465882657070e+00,0.000000000000000000e+00
1.321918526218503809e+00,0.000000000000000000e+00
1.219632790565515545e+00,0.000000000000000000e+00
1.219632790565515545e+00,0.000000000000000000e+00
1.219632790565515545e+00,0.000000000000000000e+00
1.243954498736026704e+00,0.000000000000000000e+00
1.243954498736026704e+00,0.000000000000000000e+00
1.247658022344720452e+00,0.000000000000000000e+00
1.247658022344720452e+00,0.000000000000000000e+00
1.329618174847364331e+00,0.000000000000000000e+00
1.329618174847364331e+00,0.000000000000000000e+00
1.329618174847364331e+00,0.000000000000000000e+00
1.199812618050762447e+00,0.000000000000000000e+00
1.199812618050762447e+00,0.000000000000000000e+00
1.199812618050762447e+00,0.000000000000000000e+00
1.223168769012221935e+00,0.000000000000000000e+00
1.167757305899955078e+00,0.000000000000000000e+00
1.167757305899955078e+00,0.000000000000000000e+00
1.280796619551571647e+00,0.000000000000000000e+00
1.278842178657177975e+00,0.000000000000000000e+00
1.321953325005186031e+00,0.000000000000000000e+00
1.194652649093913555e+00,0.000000000000000000e+00
1.194652649093913555e+00,0.000000000000000000e+00
1.255800579088682589e+00,0.000000000000000000e+00
1.137268653281137576e+00,0.000000000000000000e+00
1.465419014375044959e+00,0.000000000000000000e+00
1.465419014375044959e+00,0.000000000000000000e+00
1.339075710557284582e+00,0.000000000000000000e+00
1.112177347371746228e+00,0.000000000000000000e+00
1.127815505100877802e+00,0.000000000000000000e+00
1.221516492118064345e+00,0.000000000000000000e+00
1.221516492118064345e+00,0.000000000000000000e+00
1.221516492118064345e+00,0.000000000000000000e+00
1.221516492118064345e+00,0.000000000000000000e+00
1.305341487458696381e+00,0.000000000000000000e+00
1.435662001375532126e+00,0.000000000000000000e+00
1.380917610523248573e+00,0.000000000000000000e+00
1.380917610523248573e+00,0.000000000000000000e+00
1.397018375924030442e+00,0.000000000000000000e+00
1.375333920574941304e+00,0.000000000000000000e+00
1.375333920574941304e+00,0.000000000000000000e+00
1.358776061488375930e+00,0.000000000000000000e+00
1.372391961560678775e+00,0.000000000000000000e+00
1.372391961560678775e+00,0.000000000000000000e+00
1.416723275112995006e+00,0.000000000000000000e+00
1.178199892437013840e+00,0.000000000000000000e+00
1.136707513956887627e+00,0.000000000000000000e+00
1.168124681620671179e+00,0.000000000000000000e+00
1.185614713129232944e+00,0.000000000000000000e+00
1.326949943844369928e+00,0.000000000000000000e+00
1.406102746763156386e+00,0.000000000000000000e+00
1.326100249969923484e+00,0.000000000000000000e+00
1.367042030823395704e+00,0.000000000000000000e+00
1.367042030823395704e+00,0.000000000000000000e+00
1.367042030823395704e+00,0.000000000000000000e+00
1.403147341683394611e+00,0.000000000000000000e+00
1.403147341683394611e+00,0.000000000000000000e+00
1.403147341683394611e+00,0.000000000000000000e+00
1.403147341683394611e+00,0.000000000000000000e+00
1.403147341683394611e+00,0.000000000000000000e+00
1.211883587977125476e+00,0.000000000000000000e+00
1.272083080073340478e+00,0.000000000000000000e+00
1.272083080073340478e+00,0.000000000000000000e+00
1.402014706231952346e+00,0.000000000000000000e+00
1.401277764136770632e+00,0.000000000000000000e+00
1.474993266965107130e+00,0.000000000000000000e+00
1.290583002269946489e+00,0.000000000000000000e+00
1.183245968785721303e+00,0.000000000000000000e+00
1.354163840582863987e+00,0.000000000000000000e+00
1.355131614424179398e+00,0.000000000000000000e+00
1.355131614424179398e+00,0.000000000000000000e+00
1.355131614424179398e+00,0.000000000000000000e+00
1.198625986455829295e+00,0.000000000000000000e+00
1.174026908791502288e+00,0.000000000000000000e+00
1.175972131864618353e+00,0.000000000000000000e+00
1.175972131864618353e+00,0.000000000000000000e+00
1.191502463655522037e+00,0.000000000000000000e+00
1.239136204627017346e+00,0.000000000000000000e+00
1.246684214032879323e+00,0.000000000000000000e+00
1.246684214032879323e+00,0.000000000000000000e+00
1.246684214032879323e+00,0.000000000000000000e+00
1.246684214032879323e+00,0.000000000000000000e+00
1.246684214032879323e+00,0.000000000000000000e+00
1.335788913438563874e+00,0.000000000000000000e+00
1.335788913438563874e+00,0.000000000000000000e+00
1.344375955913079457e+00,0.000000000000000000e+00
1.182955021998866929e+00,0.000000000000000000e+00
1.205235569038623833e+00,0.000000000000000000e+00
1.205235569038623833e+00,0.000000000000000000e+00
1.205235569038623833e+00,0.000000000000000000e+00
1.205235569038623833e+00,0.000000000000000000e+00
1.205235569038623833e+00,0.000000000000000000e+00
1.168936739281291715e+00,0.000000000000000000e+00
1.347902650142507319e+00,0.000000000000000000e+00
1.183869111101610638e+00,0.000000000000000000e+00
1.203025512968901145e+00,0.000000000000000000e+00
1.203025512968901145e+00,0.000000000000000000e+00
1.413499521287511440e+00,0.000000000000000000e+00
1.364922851351154875e+00,0.000000000000000000e+00
1.359829325878444850e+00,0.000000000000000000e+00
1.359829325878444850e+00,0.000000000000000000e+00
1.359829325878444850e+00,0.000000000000000000e+00
1.359829325878444850e+00,0.000000000000000000e+00
1.441540448320107748e+00,0.000000000000000000e+00
1.441540448320107748e+00,0.000000000000000000e+00
1.350350558442599436e+00,0.000000000000000000e+00
1.350350558442599436e+00,0.000000000000000000e+00
1.350350558442599436e+00,0.000000000000000000e+00
1.389751185224437968e+00,0.000000000000000000e+00
1.355498222327163882e+00,0.000000000000000000e+00
1.355498222327163882e+00,0.000000000000000000e+00
1.296059305494686509e+00,0.000000000000000000e+00
1.296059305494686509e+00,0.000000000000000000e+00
1.296059305494686509e+00,0.000000000000000000e+00
1.296059305494686509e+00,0.000000000000000000e+00
1.296059305494686509e+00,0.000000000000000000e+00
1.300104071950388462e+00,0.000000000000000000e+00
1.212601669116939007e+00,0.000000000000000000e+00
1.321338253673006946e+00,0.000000000000000000e+00
1.321338253673006946e+00,0.000000000000000000e+00
1.321338253673006946e+00,0.000000000000000000e+00
1.321338253673006946e+00,0.000000000000000000e+00
1.321338253673006946e+00,0.000000000000000000e+00
1.310562994356659239e+00,0.000000000000000000e+00
1.310562994356659239e+00,0.000000000000000000e+00
1.310562994356659239e+00,0.000000000000000000e+00
1.310562994356659239e+00,0.000000000000000000e+00
1.310562994356659239e+00,0.000000000000000000e+00
1.310562994356659239e+00,0.000000000000000000e+00
1.224942383693203851e+00,0.000000000000000000e+00
1.138725769770470020e+00,0.000000000000000000e+00
1.275714360947221016e+00,0.000000000000000000e+00
1.389362251271129889e+00,0.000000000000000000e+00
1.389362251271129889e+00,0.000000000000000000e+00
1.336452016899364548e+00,0.000000000000000000e+00
1.410183763969035109e+00,0.000000000000000000e+00
1.386245772901216311e+00,0.000000000000000000e+00
1.386245772901216311e+00,0.000000000000000000e+00
1.386245772901216311e+00,0.000000000000000000e+00
1.386245772901216311e+00,0.000000000000000000e+00
1.380064719524736416e+00,0.000000000000000000e+00
9.822242528208469103e-01,0.000000000000000000e+00
9.822242528208469103e-01,0.000000000000000000e+00
9.822242528208469103e-01,0.000000000000000000e+00
1.285977813981974860e+00,0.000000000000000000e+00
1.213476750222809875e+00,0.000000000000000000e+00
1.336757899798351801e+00,0.000000000000000000e+00
1.336757899798351801e+00,0.000000000000000000e+00
1.336757899798351801e+00,0.000000000000000000e+00
1.336757899798351801e+00,0.000000000000000000e+00
1.241508419518378092e+00,0.000000000000000000e+00
1.137118901503855417e+00,0.000000000000000000e+00
1.137118901503855417e+00,0.000000000000000000e+00
1.084402393355384797e+00,0.000000000000000000e+00
1.134589126196447362e+00,0.000000000000000000e+00
1.233343215014671479e+00,0.000000000000000000e+00
1.337640004754834022e+00,0.000000000000000000e+00
1.337640004754834022e+00,0.000000000000000000e+00
1.379386922310644747e+00,0.000000000000000000e+00
1.303700551090842374e+00,0.000000000000000000e+00
1.303700551090842374e+00,0.000000000000000000e+00
1.183065450336695079e+00,0.000000000000000000e+00
1.124433142569145838e+00,0.000000000000000000e+00
1.247607249648126526e+00,0.000000000000000000e+00
1.198263277694768369e+00,0.000000000000000000e+00
1.198263277694768369e+00,0.000000000000000000e+00
1.198263277694768369e+00,0.000000000000000000e+00
1.253111019910648993e+00,0.000000000000000000e+00
1.253111019910648993e+00,0.000000000000000000e+00
1.306150611418824381e+00,0.000000000000000000e+00
1.273041152395088194e+00,0.000000000000000000e+00
1.273041152395088194e+00,0.000000000000000000e+00
1.157204993975677443e+00,0.000000000000000000e+00
1.157204993975677443e+00,0.000000000000000000e+00
1.238236405570094734e+00,0.000000000000000000e+00
1.238236405570094734e+00,0.000000000000000000e+00
1.238236405570094734e+00,0.000000000000000000e+00
1.371205190937203611e+00,0.000000000000000000e+00
1.371205190937203611e+00,0.000000000000000000e+00
1.371205190937203611e+00,0.000000000000000000e+00
1.371205190937203611e+00,0.000000000000000000e+00
1.546236566396371970e+00,0.000000000000000000e+00
1.416381288762998736e+00,0.000000000000000000e+00
1.416381288762998736e+00,0.000000000000000000e+00
1.420181750145169230e+00,0.000000000000000000e+00
1.436952999692820088e+00,0.000000000000000000e+00
1.465531979510455329e+00,0.000000000000000000e+00
1.494855150675187039e+00,0.000000000000000000e+00
1.229364685480830222e+00,0.000000000000000000e+00
1.119987595517424106e+00,0.000000000000000000e+00
1.270416920986782827e+00,0.000000000000000000e+00
1.250499614715030461e+00,0.000000000000000000e+00
1.330649935612243651e+00,0.000000000000000000e+00
1.365987897370443349e+00,0.000000000000000000e+00
1.365987897370443349e+00,0.000000000000000000e+00
1.370092979233249908e+00,0.000000000000000000e+00
1.370092979233249908e+00,0.000000000000000000e+00
1.370092979233249908e+00,0.000000000000000000e+00
1.453617318577743234e+00,0.000000000000000000e+00
1.453617318577743234e+00,0.000000000000000000e+00
1.453617318577743234e+00,0.000000000000000000e+00
1.274116599636935909e+00,0.000000000000000000e+00
1.340086269902643235e+00,0.000000000000000000e+00
1.336559410141028303e+00,0.000000000000000000e+00
1.336559410141028303e+00,0.000000000000000000e+00
1.325449089966374672e+00,0.000000000000000000e+00
1.325449089966374672e+00,0.000000000000000000e+00
1.349697718796345480e+00,0.000000000000000000e+00
1.349697718796345480e+00,0.000000000000000000e+00
1.297997734619567467e+00,0.000000000000000000e+00
1.297997734619567467e+00,0.000000000000000000e+00
1.144208103578322699e+00,0.000000000000000000e+00
1.144208103578322699e+00,0.000000000000000000e+00
1.144208103578322699e+00,0.000000000000000000e+00
1.210071505753048893e+00,0.000000000000000000e+00
1.210071505753048893e+00,0.000000000000000000e+00
1.358690229755923351e+00,0.000000000000000000e+00
1.424356011090669005e+00,0.000000000000000000e+00
1.424356011090669005e+00,0.000000000000000000e+00
1.324887462526503912e+00,0.000000000000000000e+00
1.243265890308151267e+00,0.000000000000000000e+00
1.243265890308151267e+00,0.000000000000000000e+00
1.243265890308151267e+00,0.000000000000000000e+00
1.243265890308151267e+00,0.000000000000000000e+00
1.303781978242128048e+00,0.000000000000000000e+00
1.303781978242128048e+00,0.000000000000000000e+00
1.223890285433513192e+00,0.000000000000000000e+00
1.140810680263777854e+00,0.000000000000000000e+00
1.424895622986215526e+00,0.000000000000000000e+00
1.441187933946859845e+00,0.000000000000000000e+00
1.441187933946859845e+00,0.000000000000000000e+00
1.094236132923038340e+00,0.000000000000000000e+00
1.094236132923038340e+00,0.000000000000000000e+00
1.094236132923038340e+00,0.000000000000000000e+00
1.220471428949374992e+00,0.000000000000000000e+00
1.317717825501296680e+00,0.000000000000000000e+00
1.333302033344857751e+00,0.000000000000000000e+00
1.154909001603795726e+00,0.000000000000000000e+00
1.431964518952793197e+00,0.000000000000000000e+00
1.431964518952793197e+00,0.000000000000000000e+00
1.353381345123772839e+00,0.000000000000000000e+00
1.239154085422189189e+00,0.000000000000000000e+00
1.224009485776811124e+00,0.000000000000000000e+00
1.224009485776811124e+00,0.000000000000000000e+00
1.385249787434025937e+00,0.000000000000000000e+00
1.320243238803361807e+00,0.000000000000000000e+00
1.320243238803361807e+00,0.000000000000000000e+00
1.238806972505516857e+00,0.000000000000000000e+00
1.188859856100999757e+00,0.000000000000000000e+00
1.257038161035502810e+00,0.000000000000000000e+00
1.257038161035502810e+00,0.000000000000000000e+00
1.223092947336713143e+00,0.000000000000000000e+00
1.301822458830089069e+00,0.000000000000000000e+00
1.157075067820785730e+00,0.000000000000000000e+00
1.275627673272720308e+00,0.000000000000000000e+00
1.229700297902651673e+00,0.000000000000000000e+00
1.236076864213013327e+00,0.000000000000000000e+00
1.236076864213013327e+00,0.000000000000000000e+00
1.236076864213013327e+00,0.000000000000000000e+00
1.275947800572701407e+00,0.000000000000000000e+00
1.386850293651047172e+00,0.000000000000000000e+00
1.386850293651047172e+00,0.000000000000000000e+00
1.386850293651047172e+00,0.000000000000000000e+00
1.140580635685847222e+00,0.000000000000000000e+00
1.077258344840442694e+00,0.000000000000000000e+00
1.104340888403445575e+00,0.000000000000000000e+00
1.104340888403445575e+00,0.000000000000000000e+00
1.402738916380983136e+00,0.000000000000000000e+00
1.294748279644117428e+00,0.000000000000000000e+00
1.294748279644117428e+00,0.000000000000000000e+00
1.274950105083153762e+00,0.000000000000000000e+00
1.283961641740674064e+00,0.000000000000000000e+00
1.372829268049982732e+00,0.000000000000000000e+00
1.470590762482992142e+00,0.000000000000000000e+00
1.491827287718707096e+00,0.000000000000000000e+00
1.091419912966018924e+00,0.000000000000000000e+00
1.214812363052690136e+00,0.000000000000000000e+00
1.214812363052690136e+00,0.000000000000000000e+00
1.313597752790607309e+00,0.000000000000000000e+00
1.280330336290919080e+00,0.000000000000000000e+00
1.280330336290919080e+00,0.000000000000000000e+00
1.280330336290919080e+00,0.000000000000000000e+00
1.393096563082621087e+00,0.000000000000000000e+00
1.256711710044595476e+00,0.000000000000000000e+00
1.256711710044595476e+00,0.000000000000000000e+00
1.255195796732189395e+00,0.000000000000000000e+00
1.313790435094128295e+00,0.000000000000000000e+00
1.313790435094128295e+00,0.000000000000000000e+00
1.404557867266061910e+00,0.000000000000000000e+00
1.088990398944631233e+00,0.000000000000000000e+00
1.088990398944631233e+00,0.000000000000000000e+00
1.097474238902623966e+00,0.000000000000000000e+00
1.097474238902623966e+00,0.000000000000000000e+00
1.097474238902623966e+00,0.000000000000000000e+00
1.097474238902623966e+00,0.000000000000000000e+00
1.080559045459392520e+00,0.000000000000000000e+00
1.080559045459392520e+00,0.000000000000000000e+00
1.281628622085949187e+00,0.000000000000000000e+00
1.196469338797398141e+00,0.000000000000000000e+00
1.196469338797398141e+00,0.000000000000000000e+00
1.196469338797398141e+00,0.000000000000000000e+00
1.302142193001897486e+00,0.000000000000000000e+00
1.175823664159949988e+00,0.000000000000000000e+00
1.259971390069847708e+00,0.000000000000000000e+00
1.306199601116278863e+00,0.000000000000000000e+00
1.265812039014357904e+00,0.000000000000000000e+00
1.265812039014357904e+00,0.000000000000000000e+00
1.265812039014357904e+00,0.000000000000000000e+00
1.225098154436156106e+00,0.000000000000000000e+00
1.225098154436156106e+00,0.000000000000000000e+00
1.204599679207623897e+00,0.000000000000000000e+00
1.169851098996617766e+00,0.000000000000000000e+00
1.169603047766531345e+00,0.000000000000000000e+00
1.360232259782839570e+00,0.000000000000000000e+00
1.256948243298566803e+00,0.000000000000000000e+00
1.256948243298566803e+00,0.000000000000000000e+00
1.218642638686137092e+00,0.000000000000000000e+00
1.345483495852082489e+00,0.000000000000000000e+00
1.345483495852082489e+00,0.000000000000000000e+00
1.345483495852082489e+00,0.000000000000000000e+00
1.243083258746320530e+00,0.000000000000000000e+00
1.294206525266098584e+00,0.000000000000000000e+00
1.353681360893072894e+00,0.000000000000000000e+00
1.310484539361220779e+00,0.000000000000000000e+00
1.310484539361220779e+00,0.000000000000000000e+00
1.310484539361220779e+00,0.000000000000000000e+00
1.233734055337830648e+00,0.000000000000000000e+00
1.221616847365285974e+00,0.000000000000000000e+00
1.407435633053154111e+00,0.000000000000000000e+00
1.407435633053154111e+00,0.000000000000000000e+00
1.301074360640573468e+00,0.000000000000000000e+00
1.379355907832823469e+00,0.000000000000000000e+00
1.428283441827697953e+00,0.000000000000000000e+00
1.307952095720180008e+00,0.000000000000000000e+00
1.307952095720180008e+00,0.000000000000000000e+00
1.276291923135828954e+00,0.000000000000000000e+00
1.208449061793107404e+00,0.000000000000000000e+00
1.424424626067878563e+00,0.000000000000000000e+00
1.112437010372672397e+00,0.000000000000000000e+00
1.112437010372672397e+00,0.000000000000000000e+00
1.130068408527045820e+00,0.000000000000000000e+00
1.130068408527045820e+00,0.000000000000000000e+00
1.130068408527045820e+00,0.000000000000000000e+00
1.121754352143954581e+00,0.000000000000000000e+00
1.133237094073550555e+00,0.000000000000000000e+00
1.265984792947406179e+00,0.000000000000000000e+00
1.246522303226526684e+00,0.000000000000000000e+00
1.217395565530995150e+00,0.000000000000000000e+00
1.217395565530995150e+00,0.000000000000000000e+00
1.222384137803368853e+00,0.000000000000000000e+00
1.152374175627779884e+00,0.000000000000000000e+00
1.152374175627779884e+00,0.000000000000000000e+00
1.023111240809801092e+00,0.000000000000000000e+00
1.194512769533962571e+00,0.000000000000000000e+00
1.092029793154509543e+00,0.000000000000000000e+00
1.082792223687249589e+00,0.000000000000000000e+00
1.173321165195196025e+00,0.000000000000000000e+00
1.111573323388913348e+00,0.000000000000000000e+00
1.149590132673211862e+00,0.000000000000000000e+00
1.149590132673211862e+00,0.000000000000000000e+00
1.328364724502924421e+00,0.000000000000000000e+00
1.328364724502924421e+00,0.000000000000000000e+00
1.232097514648917924e+00,0.000000000000000000e+00
1.232097514648917924e+00,0.000000000000000000e+00
1.255397632704533306e+00,0.000000000000000000e+00
1.315235023018147320e+00,0.000000000000000000e+00
1.315235023018147320e+00,0.000000000000000000e+00
1.315235023018147320e+00,0.000000000000000000e+00
1.242246689562166662e+00,0.000000000000000000e+00
1.458471385082459104e+00,0.000000000000000000e+00
1.418892783930921775e+00,0.000000000000000000e+00
1.463301747010782972e+00,0.000000000000000000e+00
1.279588353083813246e+00,0.000000000000000000e+00
1.279588353083813246e+00,0.000000000000000000e+00
1.244862163263412258e+00,0.000000000000000000e+00
1.262437884639999508e+00,0.000000000000000000e+00
1.262437884639999508e+00,0.000000000000000000e+00
1.262437884639999508e+00,0.000000000000000000e+00
1.179726108733764711e+00,0.000000000000000000e+00
1.348205796389029265e+00,0.000000000000000000e+00
1.323815274180158763e+00,0.000000000000000000e+00
1.200771218867228152e+00,0.000000000000000000e+00
1.212050489660905672e+00,0.000000000000000000e+00
1.212050489660905672e+00,0.000000000000000000e+00
1.212050489660905672e+00,0.000000000000000000e+00
1.343343774845473293e+00,0.000000000000000000e+00
1.333617433477973346e+00,0.000000000000000000e+00
1.361850257985518509e+00,0.000000000000000000e+00
1.316116949039823014e+00,0.000000000000000000e+00
1.218241000592779955e+00,0.000000000000000000e+00
1.256415714653779547e+00,0.000000000000000000e+00
1.231417550271254768e+00,0.000000000000000000e+00
1.224012748139179152e+00,0.000000000000000000e+00
1.224012748139179152e+00,0.000000000000000000e+00
1.270599838385081615e+00,0.000000000000000000e+00
1.140272148170027533e+00,0.000000000000000000e+00
1.074567695123750832e+00,0.000000000000000000e+00
1.074567695123750832e+00,0.000000000000000000e+00
1.208800215583112347e+00,0.000000000000000000e+00
1.208800215583112347e+00,0.000000000000000000e+00
1.208800215583112347e+00,0.000000000000000000e+00
1.208800215583112347e+00,0.000000000000000000e+00
1.367899061334691968e+00,0.000000000000000000e+00
1.367899061334691968e+00,0.000000000000000000e+00
1.369495331866208421e+00,0.000000000000000000e+00
1.228118391290090816e+00,0.000000000000000000e+00
1.228118391290090816e+00,0.000000000000000000e+00
1.169906829240491719e+00,0.000000000000000000e+00
1.289982931781479492e+00,0.000000000000000000e+00
1.289982931781479492e+00,0.000000000000000000e+00
1.167250876313841834e+00,0.000000000000000000e+00
1.123562267827197925e+00,0.000000000000000000e+00
1.123562267827197925e+00,0.000000000000000000e+00
1.336698397567053220e+00,0.000000000000000000e+00
1.336698397567053220e+00,0.000000000000000000e+00
1.336698397567053220e+00,0.000000000000000000e+00
1.144831408205883250e+00,0.000000000000000000e+00
1.144831408205883250e+00,0.000000000000000000e+00
1.166045094940449056e+00,0.000000000000000000e+00
1.219451418393912245e+00,0.000000000000000000e+00
1.217410810679677491e+00,0.000000000000000000e+00
1.217410810679677491e+00,0.000000000000000000e+00
1.217410810679677491e+00,0.000000000000000000e+00
1.188763941427259940e+00,0.000000000000000000e+00
1.193495497231964464e+00,0.000000000000000000e+00
1.190464005898586475e+00,0.000000000000000000e+00
1.139171108613360905e+00,0.000000000000000000e+00
1.139171108613360905e+00,0.000000000000000000e+00
1.139171108613360905e+00,0.000000000000000000e+00
1.139171108613360905e+00,0.000000000000000000e+00
1.218094218507786763e+00,0.000000000000000000e+00
1.308634150404446972e+00,0.000000000000000000e+00
1.308634150404446972e+00,0.000000000000000000e+00
1.241784947360744074e+00,0.000000000000000000e+00
1.241784947360744074e+00,0.000000000000000000e+00
1.171007243893512628e+00,0.000000000000000000e+00
1.171007243893512628e+00,0.000000000000000000e+00
1.176113602882188580e+00,0.000000000000000000e+00
1.178646341965495337e+00,0.000000000000000000e+00
1.178646341965495337e+00,0.000000000000000000e+00
1.297120047409779930e+00,0.000000000000000000e+00
1.297120047409779930e+00,0.000000000000000000e+00
1.260324713313436318e+00,0.000000000000000000e+00
1.260324713313436318e+00,0.000000000000000000e+00
1.332812248360104368e+00,0.000000000000000000e+00
1.332812248360104368e+00,0.000000000000000000e+00
1.332812248360104368e+00,0.000000000000000000e+00
1.217974543563127954e+00,0.000000000000000000e+00
1.314735446842050903e+00,0.000000000000000000e+00
1.231601598142207710e+00,0.000000000000000000e+00
1.231601598142207710e+00,0.000000000000000000e+00
1.231601598142207710e+00,0.000000000000000000e+00
1.193361688005826871e+00,0.000000000000000000e+00
1.193361688005826871e+00,0.000000000000000000e+00
1.193361688005826871e+00,0.000000000000000000e+00
1.193361688005826871e+00,0.000000000000000000e+00
1.316942940507133120e+00,0.000000000000000000e+00
1.316942940507133120e+00,0.000000000000000000e+00
1.316889927330561871e+00,0.000000000000000000e+00
1.316889927330561871e+00,0.000000000000000000e+00
1.275082426132470692e+00,0.000000000000000000e+00
1.372189728685975885e+00,0.000000000000000000e+00
1.372189728685975885e+00,0.000000000000000000e+00
1.266598684524390173e+00,0.000000000000000000e+00
1.266598684524390173e+00,0.000000000000000000e+00
1.266598684524390173e+00,0.000000000000000000e+00
1.146840582635286099e+00,0.000000000000000000e+00
1.146840582635286099e+00,0.000000000000000000e+00
1.134980454370355440e+00,0.000000000000000000e+00
1.134980454370355440e+00,0.000000000000000000e+00
1.134980454370355440e+00,0.000000000000000000e+00
1.143196951570402797e+00,0.000000000000000000e+00
1.198237422683910536e+00,0.000000000000000000e+00
1.301740254092446980e+00,0.000000000000000000e+00
1.451517381387892103e+00,0.000000000000000000e+00
1.279308725211788733e+00,0.000000000000000000e+00
1.299553518606739955e+00,0.000000000000000000e+00
1.299553518606739955e+00,0.000000000000000000e+00
1.299553518606739955e+00,0.000000000000000000e+00
1.379201138227515555e+00,0.000000000000000000e+00
1.379201138227515555e+00,0.000000000000000000e+00
1.379201138227515555e+00,0.000000000000000000e+00
1.409848014351708256e+00,0.000000000000000000e+00
1.475148029350017875e+00,0.000000000000000000e+00
1.272711346469773241e+00,0.000000000000000000e+00
1.347740340236155188e+00,0.000000000000000000e+00
1.196589922464765365e+00,0.000000000000000000e+00
1.196589922464765365e+00,0.000000000000000000e+00
1.382114470839628684e+00,0.000000000000000000e+00
1.382114470839628684e+00,0.000000000000000000e+00
1.342101065672686389e+00,0.000000000000000000e+00
1.342101065672686389e+00,0.000000000000000000e+00
1.237066435280681942e+00,0.000000000000000000e+00
1.237066435280681942e+00,0.000000000000000000e+00
1.237066435280681942e+00,0.000000000000000000e+00
1.370890159645927309e+00,0.000000000000000000e+00
1.370890159645927309e+00,0.000000000000000000e+00
1.172896178730522765e+00,0.000000000000000000e+00
1.272372309328444473e+00,0.000000000000000000e+00
1.174817331532996389e+00,0.000000000000000000e+00
1.238482484998358224e+00,0.000000000000000000e+00
1.210795847274463766e+00,0.000000000000000000e+00
1.114969623624196826e+00,0.000000000000000000e+00
1.232231068306050448e+00,0.000000000000000000e+00
1.232231068306050448e+00,0.000000000000000000e+00
1.172489429178017240e+00,0.000000000000000000e+00
1.172489429178017240e+00,0.000000000000000000e+00
1.339763338709473617e+00,0.000000000000000000e+00
1.241619926670852303e+00,0.000000000000000000e+00
1.241619926670852303e+00,0.000000000000000000e+00
1.241619926670852303e+00,0.000000000000000000e+00
1.207049750555638568e+00,0.000000000000000000e+00
1.207049750555638568e+00,0.000000000000000000e+00
1.207049750555638568e+00,0.000000000000000000e+00
1.207049750555638568e+00,0.000000000000000000e+00
1.191905713721411297e+00,0.000000000000000000e+00
1.191905713721411297e+00,0.000000000000000000e+00
1.171402708004149140e+00,0.000000000000000000e+00
1.215228579845307300e+00,0.000000000000000000e+00
1.215228579845307300e+00,0.000000000000000000e+00
1.201987292048578349e+00,0.000000000000000000e+00
1.201987292048578349e+00,0.000000000000000000e+00
1.201987292048578349e+00,0.000000000000000000e+00
1.148269425347297368e+00,0.000000000000000000e+00
1.120885220826620232e+00,0.000000000000000000e+00
1.073488912221786551e+00,0.000000000000000000e+00
1.073488912221786551e+00,0.000000000000000000e+00
1.066084119660407170e+00,0.000000000000000000e+00
1.105892727469974579e+00,0.000000000000000000e+00
1.338068277946090401e+00,0.000000000000000000e+00
1.261671526407643906e+00,0.000000000000000000e+00
1.234960566646166491e+00,0.000000000000000000e+00
1.187616086534188042e+00,0.000000000000000000e+00
1.255404709687563125e+00,0.000000000000000000e+00
1.255404709687563125e+00,0.000000000000000000e+00
1.255404709687563125e+00,0.000000000000000000e+00
1.402135227039575938e+00,0.000000000000000000e+00
1.402135227039575938e+00,0.000000000000000000e+00
1.228575493627386273e+00,0.000000000000000000e+00
1.228575493627386273e+00,0.000000000000000000e+00
1.296102963581498901e+00,0.000000000000000000e+00
1.352666786949756395e+00,0.000000000000000000e+00
1.352666786949756395e+00,0.000000000000000000e+00
1.287221110888379538e+00,0.000000000000000000e+00
1.287221110888379538e+00,0.000000000000000000e+00
1.282098302353475772e+00,0.000000000000000000e+00
1.237446383401433758e+00,0.000000000000000000e+00
1.314194334707134981e+00,0.000000000000000000e+00
1.314194334707134981e+00,0.000000000000000000e+00
1.167699512854742938e+00,0.000000000000000000e+00
1.234062177681985784e+00,0.000000000000000000e+00
1.295365732893661193e+00,0.000000000000000000e+00
1.295365732893661193e+00,0.000000000000000000e+00
1.295365732893661193e+00,0.000000000000000000e+00
1.328779948607976102e+00,0.000000000000000000e+00
1.332807388524498871e+00,0.000000000000000000e+00
1.207077477905932561e+00,0.000000000000000000e+00
1.207077477905932561e+00,0.000000000000000000e+00
1.256802181724882450e+00,0.000000000000000000e+00
1.170242509903571815e+00,0.000000000000000000e+00
1.354744916335929306e+00,0.000000000000000000e+00
1.354744916335929306e+00,0.000000000000000000e+00
1.354744916335929306e+00,0.000000000000000000e+00
1.202070498775550611e+00,0.000000000000000000e+00
1.010063328390129023e+00,0.000000000000000000e+00
1.090630951083864097e+00,0.000000000000000000e+00
1.090630951083864097e+00,0.000000000000000000e+00
1.198297501224641293e+00,0.000000000000000000e+00
1.281371258209808461e+00,0.000000000000000000e+00
1.419012356580448664e+00,0.000000000000000000e+00
1.462158860640836888e+00,0.000000000000000000e+00
1.377378384005151002e+00,0.000000000000000000e+00
1.377378384005151002e+00,0.000000000000000000e+00
1.377378384005151002e+00,0.000000000000000000e+00
1.343679106452277505e+00,0.000000000000000000e+00
1.343679106452277505e+00,0.000000000000000000e+00
1.222931308334372247e+00,0.000000000000000000e+00
1.222931308334372247e+00,0.000000000000000000e+00
1.275570853283615858e+00,0.000000000000000000e+00
1.370309887398220239e+00,0.000000000000000000e+00
1.300552543278576723e+00,0.000000000000000000e+00
1.196457745678066065e+00,0.000000000000000000e+00
1.233806950711743733e+00,0.000000000000000000e+00
1.185319222301326914e+00,0.000000000000000000e+00
1.073603672825581778e+00,0.000000000000000000e+00
1.273877799967905178e+00,0.000000000000000000e+00
1.273877799967905178e+00,0.000000000000000000e+00
1.273877799967905178e+00,0.000000000000000000e+00
1.353755109423275149e+00,0.000000000000000000e+00
1.088971300774645323e+00,0.000000000000000000e+00
1.244506364336807946e+00,0.000000000000000000e+00
1.309493919161417663e+00,0.000000000000000000e+00
1.309493919161417663e+00,0.000000000000000000e+00
1.309493919161417663e+00,0.000000000000000000e+00
1.309493919161417663e+00,0.000000000000000000e+00
1.309493919161417663e+00,0.000000000000000000e+00
1.309493919161417663e+00,0.000000000000000000e+00
1.307833061470949243e+00,0.000000000000000000e+00
1.107619386119595095e+00,0.000000000000000000e+00
1.212204650941298256e+00,0.000000000000000000e+00
1.212204650941298256e+00,0.000000000000000000e+00
1.331420370498405781e+00,0.000000000000000000e+00
1.331420370498405781e+00,0.000000000000000000e+00
1.189283974478346773e+00,0.000000000000000000e+00
1.371915784718798381e+00,0.000000000000000000e+00
1.371915784718798381e+00,0.000000000000000000e+00
1.262359472878908040e+00,0.000000000000000000e+00
1.295989217165546936e+00,0.000000000000000000e+00
1.241820377484988080e+00,0.000000000000000000e+00
1.241820377484988080e+00,0.000000000000000000e+00
1.117522793911082779e+00,0.000000000000000000e+00
1.288129630476654075e+00,0.000000000000000000e+00
1.288129630476654075e+00,0.000000000000000000e+00
1.173458430877445391e+00,0.000000000000000000e+00
1.185205672557181122e+00,0.000000000000000000e+00
1.185205672557181122e+00,0.000000000000000000e+00
1.372812467558062410e+00,0.000000000000000000e+00
1.372812467558062410e+00,0.000000000000000000e+00
1.000189557792145134e+00,0.000000000000000000e+00
1.240349050030638889e+00,0.000000000000000000e+00
1.150929771366915988e+00,0.000000000000000000e+00
1.150252934070786992e+00,0.000000000000000000e+00
1.161831412006597564e+00,0.000000000000000000e+00
1.010598786318893882e+00,0.000000000000000000e+00
1.010598786318893882e+00,0.000000000000000000e+00
1.193574322756259631e+00,0.000000000000000000e+00
1.178179182042088158e+00,0.000000000000000000e+00
1.178179182042088158e+00,0.000000000000000000e+00
1.088559518353651612e+00,0.000000000000000000e+00
1.314949190641555132e+00,0.000000000000000000e+00
1.314949190641555132e+00,0.000000000000000000e+00
1.225499279313742473e+00,0.000000000000000000e+00
1.408998538643733589e+00,0.000000000000000000e+00
1.408998538643733589e+00,0.000000000000000000e+00
1.366047251274087548e+00,0.000000000000000000e+00
1.359425046723945485e+00,0.000000000000000000e+00
1.359425046723945485e+00,0.000000000000000000e+00
1.250035865383368971e+00,0.000000000000000000e+00
1.257567902486395495e+00,0.000000000000000000e+00
1.285592001386837158e+00,0.000000000000000000e+00
1.252163421834399770e+00,0.000000000000000000e+00
1.252163421834399770e+00,0.000000000000000000e+00
1.182260518501870195e+00,0.000000000000000000e+00
1.374012467333455723e+00,0.000000000000000000e+00
1.374012467333455723e+00,0.000000000000000000e+00
1.346474096209322235e+00,0.000000000000000000e+00
1.350226540630646843e+00,0.000000000000000000e+00
1.350226540630646843e+00,0.000000000000000000e+00
1.438439848563639156e+00,0.000000000000000000e+00
1.438560753384789725e+00,0.000000000000000000e+00
1.438560753384789725e+00,0.000000000000000000e+00
1.438560753384789725e+00,0.000000000000000000e+00
1.438560753384789725e+00,0.000000000000000000e+00
1.438560753384789725e+00,0.000000000000000000e+00
1.438560753384789725e+00,0.000000000000000000e+00
1.438560753384789725e+00,0.000000000000000000e+00
1.507494226465839970e+00,0.000000000000000000e+00
1.489809105884553952e+00,0.000000000000000000e+00
1.464909852762114051e+00,0.000000000000000000e+00
1.479412764478740039e+00,0.000000000000000000e+00
1.547043682693064470e+00,0.000000000000000000e+00
1.547043682693064470e+00,0.000000000000000000e+00
1.551669463764306034e+00,0.000000000000000000e+00
1.251440182437318249e+00,0.000000000000000000e+00
1.251440182437318249e+00,0.000000000000000000e+00
1.356395219701069133e+00,0.000000000000000000e+00
1.163021904487875124e+00,0.000000000000000000e+00
1.163021904487875124e+00,0.000000000000000000e+00
1.402437649164525846e+00,0.000000000000000000e+00
1.370065631679882934e+00,0.000000000000000000e+00
1.359344343340325834e+00,0.000000000000000000e+00
1.297524717986289655e+00,0.000000000000000000e+00
1.297524717986289655e+00,0.000000000000000000e+00
1.224085671917384932e+00,0.000000000000000000e+00
1.224085671917384932e+00,0.000000000000000000e+00
1.224085671917384932e+00,0.000000000000000000e+00
1.224313713300049011e+00,0.000000000000000000e+00
1.224313713300049011e+00,0.000000000000000000e+00
1.224313713300049011e+00,0.000000000000000000e+00
1.418181546857523401e+00,0.000000000000000000e+00
1.418181546857523401e+00,0.000000000000000000e+00
1.292533544779554067e+00,0.000000000000000000e+00
1.292533544779554067e+00,0.000000000000000000e+00
1.292533544779554067e+00,0.000000000000000000e+00
1.238807049723305687e+00,0.000000000000000000e+00
1.325154702795027672e+00,0.000000000000000000e+00
1.325154702795027672e+00,0.000000000000000000e+00
1.325154702795027672e+00,0.000000000000000000e+00
1.256703355632786456e+00,0.000000000000000000e+00
1.415088827463688803e+00,0.000000000000000000e+00
1.251231072853776105e+00,0.000000000000000000e+00
1.270695933339134109e+00,0.000000000000000000e+00
1.432848007401591239e+00,0.000000000000000000e+00
1.283563289826217257e+00,0.000000000000000000e+00
1.283563289826217257e+00,0.000000000000000000e+00
1.283563289826217257e+00,0.000000000000000000e+00
1.283563289826217257e+00,0.000000000000000000e+00
1.283563289826217257e+00,0.000000000000000000e+00
1.283563289826217257e+00,0.000000000000000000e+00
1.335287560240416616e+00,0.000000000000000000e+00
1.210754435681863805e+00,0.000000000000000000e+00
1.210754435681863805e+00,0.000000000000000000e+00
1.210754435681863805e+00,0.000000000000000000e+00
1.328078049999961596e+00,0.000000000000000000e+00
1.328078049999961596e+00,0.000000000000000000e+00
1.328078049999961596e+00,0.000000000000000000e+00
1.459489673409264388e+00,0.000000000000000000e+00
1.276870227452139517e+00,0.000000000000000000e+00
1.373020564205953420e+00,0.000000000000000000e+00
1.373020564205953420e+00,0.000000000000000000e+00
1.305018634766277774e+00,0.000000000000000000e+00
1.305018634766277774e+00,0.000000000000000000e+00
1.305018634766277774e+00,0.000000000000000000e+00
1.215613226104242495e+00,0.000000000000000000e+00
1.360238034126729945e+00,0.000000000000000000e+00
1.395774021380026264e+00,0.000000000000000000e+00
1.395774021380026264e+00,0.000000000000000000e+00
1.432274942349882396e+00,0.000000000000000000e+00
1.400452663964260047e+00,0.000000000000000000e+00
1.400452663964260047e+00,0.000000000000000000e+00
1.219058000083911963e+00,0.000000000000000000e+00
1.219058000083911963e+00,0.000000000000000000e+00
1.317121893077377370e+00,0.000000000000000000e+00
1.418128195186283413e+00,0.000000000000000000e+00
1.358724370010006899e+00,0.000000000000000000e+00
1.313280763512185034e+00,0.000000000000000000e+00
1.351811720124428184e+00,0.000000000000000000e+00
1.351811720124428184e+00,0.000000000000000000e+00
1.322822335545901229e+00,0.000000000000000000e+00
1.322822335545901229e+00,0.000000000000000000e+00
1.322822335545901229e+00,0.000000000000000000e+00
1.341847975746857990e+00,0.000000000000000000e+00
1.179067779560533324e+00,0.000000000000000000e+00
1.226403487362844880e+00,0.000000000000000000e+00
1.226403487362844880e+00,0.000000000000000000e+00
1.206596648914808556e+00,0.000000000000000000e+00
1.206596648914808556e+00,0.000000000000000000e+00
1.267703170839740157e+00,0.000000000000000000e+00
1.267703170839740157e+00,0.000000000000000000e+00
1.267703170839740157e+00,0.000000000000000000e+00
1.267703170839740157e+00,0.000000000000000000e+00
1.226146497295604210e+00,0.000000000000000000e+00
1.226146497295604210e+00,0.000000000000000000e+00
1.226146497295604210e+00,0.000000000000000000e+00
1.202552197426062008e+00,0.000000000000000000e+00
1.218772957927910738e+00,0.000000000000000000e+00
1.218772957927910738e+00,0.000000000000000000e+00
1.219612150084058211e+00,0.000000000000000000e+00
1.134586374171263179e+00,0.000000000000000000e+00
1.215183164554688000e+00,0.000000000000000000e+00
1.197057694751938905e+00,0.000000000000000000e+00
1.326854576976045808e+00,0.000000000000000000e+00
1.363817304657053864e+00,0.000000000000000000e+00
1.294408563654825262e+00,0.000000000000000000e+00
1.391469748015776053e+00,0.000000000000000000e+00
1.391469748015776053e+00,0.000000000000000000e+00
1.266226704156043326e+00,0.000000000000000000e+00
1.253295420987623476e+00,0.000000000000000000e+00
1.253295420987623476e+00,0.000000000000000000e+00
1.119265183518852735e+00,0.000000000000000000e+00
1.119265183518852735e+00,0.000000000000000000e+00
1.314082676455875731e+00,0.000000000000000000e+00
1.314082676455875731e+00,0.000000000000000000e+00
1.306380086911617555e+00,0.000000000000000000e+00
1.306380086911617555e+00,0.000000000000000000e+00
1.511205045387485901e+00,0.000000000000000000e+00
1.511205045387485901e+00,0.000000000000000000e+00
1.511205045387485901e+00,0.000000000000000000e+00
1.511205045387485901e+00,0.000000000000000000e+00
1.511205045387485901e+00,0.000000000000000000e+00
1.511205045387485901e+00,0.000000000000000000e+00
1.511205045387485901e+00,0.000000000000000000e+00
1.441246649868402896e+00,0.000000000000000000e+00
1.502203839165304089e+00,0.000000000000000000e+00
1.517018086309415370e+00,0.000000000000000000e+00
1.511468511248614810e+00,0.000000000000000000e+00
1.511468511248614810e+00,0.000000000000000000e+00
1.511468511248614810e+00,0.000000000000000000e+00
1.528718953162013561e+00,0.000000000000000000e+00
1.410239774010191294e+00,0.000000000000000000e+00
1.410239774010191294e+00,0.000000000000000000e+00
1.385739936622370383e+00,0.000000000000000000e+00
1.342941762492655622e+00,0.000000000000000000e+00
1.342941762492655622e+00,0.000000000000000000e+00
1.147502547314178223e+00,0.000000000000000000e+00
1.086811059918728395e+00,0.000000000000000000e+00
1.086811059918728395e+00,0.000000000000000000e+00
1.237403464233525208e+00,0.000000000000000000e+00
1.237403464233525208e+00,0.000000000000000000e+00
1.269040539746574714e+00,0.000000000000000000e+00
1.269040539746574714e+00,0.000000000000000000e+00
1.243925028160747903e+00,0.000000000000000000e+00
1.243925028160747903e+00,0.000000000000000000e+00
1.243925028160747903e+00,0.000000000000000000e+00
1.243925028160747903e+00,0.000000000000000000e+00
1.243925028160747903e+00,0.000000000000000000e+00
1.140055077778913795e+00,0.000000000000000000e+00
1.355833086937558107e+00,0.000000000000000000e+00
1.320679483031123924e+00,0.000000000000000000e+00
1.320679483031123924e+00,0.000000000000000000e+00
1.320679483031123924e+00,0.000000000000000000e+00
1.184872339089572790e+00,0.000000000000000000e+00
1.269550033478237028e+00,0.000000000000000000e+00
1.335299438104552872e+00,0.000000000000000000e+00
1.335299438104552872e+00,0.000000000000000000e+00
1.335299438104552872e+00,0.000000000000000000e+00
1.266432452652729967e+00,0.000000000000000000e+00
1.266432452652729967e+00,0.000000000000000000e+00
1.176344193814069072e+00,0.000000000000000000e+00
1.139931372448753644e+00,0.000000000000000000e+00
1.188497141715632255e+00,0.000000000000000000e+00
1.358049541574595676e+00,0.000000000000000000e+00
1.358049541574595676e+00,0.000000000000000000e+00
1.193561020491386016e+00,0.000000000000000000e+00
1.193561020491386016e+00,0.000000000000000000e+00
1.179021320838483211e+00,0.000000000000000000e+00
1.362358469781812964e+00,0.000000000000000000e+00
1.362358469781812964e+00,0.000000000000000000e+00
1.456044734755725045e+00,0.000000000000000000e+00
1.427718970870700987e+00,0.000000000000000000e+00
1.270618573828965259e+00,0.000000000000000000e+00
1.140324476336134873e+00,0.000000000000000000e+00
1.140324476336134873e+00,0.000000000000000000e+00
1.076750982261097445e+00,0.000000000000000000e+00
1.071140132500176367e+00,0.000000000000000000e+00
1.066176959158187332e+00,0.000000000000000000e+00
1.165290568748288624e+00,0.000000000000000000e+00
1.160623166711593823e+00,0.000000000000000000e+00
1.160623166711593823e+00,0.000000000000000000e+00
1.160623166711593823e+00,0.000000000000000000e+00
1.212037751891030135e+00,0.000000000000000000e+00
1.182320361917404750e+00,0.000000000000000000e+00
1.150734080442649354e+00,0.000000000000000000e+00
1.150734080442649354e+00,0.000000000000000000e+00
1.112625894928916281e+00,0.000000000000000000e+00
1.174999884212716061e+00,0.000000000000000000e+00
1.174999884212716061e+00,0.000000000000000000e+00
1.174999884212716061e+00,0.000000000000000000e+00
1.393738634496429540e+00,0.000000000000000000e+00
1.393738634496429540e+00,0.000000000000000000e+00
1.393738634496429540e+00,0.000000000000000000e+00
1.393738634496429540e+00,0.000000000000000000e+00
1.431863678378349380e+00,0.000000000000000000e+00
1.384942950297138431e+00,0.000000000000000000e+00
1.292990381894298491e+00,0.000000000000000000e+00
1.251305455772454112e+00,0.000000000000000000e+00
1.293934729738002165e+00,0.000000000000000000e+00
1.293934729738002165e+00,0.000000000000000000e+00
1.293934729738002165e+00,0.000000000000000000e+00
1.293934729738002165e+00,0.000000000000000000e+00
1.293934729738002165e+00,0.000000000000000000e+00
1.099585764885715911e+00,0.000000000000000000e+00
1.101863019548214639e+00,0.000000000000000000e+00
1.269908690246387195e+00,0.000000000000000000e+00
1.269908690246387195e+00,0.000000000000000000e+00
1.269908690246387195e+00,0.000000000000000000e+00
1.442332913855710608e+00,0.000000000000000000e+00
1.442332913855710608e+00,0.000000000000000000e+00
1.478765728832732052e+00,0.000000000000000000e+00
1.359872682963143342e+00,0.000000000000000000e+00
1.365289198124715719e+00,0.000000000000000000e+00
1.365289198124715719e+00,0.000000000000000000e+00
1.365289198124715719e+00,0.000000000000000000e+00
1.365289198124715719e+00,0.000000000000000000e+00
1.277306540446808247e+00,0.000000000000000000e+00
1.306669406799063848e+00,0.000000000000000000e+00
1.306669406799063848e+00,0.000000000000000000e+00
1.306669406799063848e+00,0.000000000000000000e+00
1.366760853647431828e+00,0.000000000000000000e+00
1.366760853647431828e+00,0.000000000000000000e+00
1.366760853647431828e+00,0.000000000000000000e+00
1.366760853647431828e+00,0.000000000000000000e+00
1.366760853647431828e+00,0.000000000000000000e+00
1.311014089298030871e+00,0.000000000000000000e+00
1.194664534630573316e+00,0.000000000000000000e+00
1.144234693666129843e+00,0.000000000000000000e+00
1.193549973018044552e+00,0.000000000000000000e+00
1.193549973018044552e+00,0.000000000000000000e+00
1.193549973018044552e+00,0.000000000000000000e+00
1.314175268382945072e+00,0.000000000000000000e+00
1.253814879728021303e+00,0.000000000000000000e+00
1.253814879728021303e+00,0.000000000000000000e+00
1.253814879728021303e+00,0.000000000000000000e+00
1.253814879728021303e+00,0.000000000000000000e+00
1.319424004076553469e+00,0.000000000000000000e+00
1.374796155849559387e+00,0.000000000000000000e+00
1.374796155849559387e+00,0.000000000000000000e+00
1.374796155849559387e+00,0.000000000000000000e+00
1.315423880688146863e+00,0.000000000000000000e+00
1.236098724168979146e+00,0.000000000000000000e+00
1.362917130886550865e+00,0.000000000000000000e+00
1.362917130886550865e+00,0.000000000000000000e+00
1.432321335777659632e+00,0.000000000000000000e+00
1.258723115291191519e+00,0.000000000000000000e+00
1.349663600796658702e+00,0.000000000000000000e+00
1.366803037928596476e+00,0.000000000000000000e+00
1.366803037928596476e+00,0.000000000000000000e+00
1.339237996559923705e+00,0.000000000000000000e+00
1.384244382260299444e+00,0.000000000000000000e+00
1.299148947839548152e+00,0.000000000000000000e+00
1.223943645342475683e+00,0.000000000000000000e+00
1.137362111435836987e+00,0.000000000000000000e+00
1.137362111435836987e+00,0.000000000000000000e+00
1.132203518203168446e+00,0.000000000000000000e+00
1.132203518203168446e+00,0.000000000000000000e+00
1.132203518203168446e+00,0.000000000000000000e+00
1.140025518482826516e+00,0.000000000000000000e+00
1.399418376059240909e+00,0.000000000000000000e+00
1.390177490079477884e+00,0.000000000000000000e+00
1.160307991036510389e+00,0.000000000000000000e+00
1.160307991036510389e+00,0.000000000000000000e+00
1.385097905532431506e+00,0.000000000000000000e+00
1.385097905532431506e+00,0.000000000000000000e+00
1.385097905532431506e+00,0.000000000000000000e+00
1.385097905532431506e+00,0.000000000000000000e+00
1.385097905532431506e+00,0.000000000000000000e+00
1.176369994246732054e+00,0.000000000000000000e+00
1.176369994246732054e+00,0.000000000000000000e+00
1.226552274667431330e+00,0.000000000000000000e+00
1.226552274667431330e+00,0.000000000000000000e+00
1.314784426027548303e+00,0.000000000000000000e+00
1.336225928598229418e+00,0.000000000000000000e+00
1.336225928598229418e+00,0.000000000000000000e+00
1.220900464663219998e+00,0.000000000000000000e+00
1.220900464663219998e+00,0.000000000000000000e+00
1.220900464663219998e+00,0.000000000000000000e+00
1.151290855358062970e+00,0.000000000000000000e+00
1.457831811037684222e+00,0.000000000000000000e+00
1.184544530356573810e+00,0.000000000000000000e+00
1.415799599574690593e+00,0.000000000000000000e+00
1.415799599574690593e+00,0.000000000000000000e+00
1.415799599574690593e+00,0.000000000000000000e+00
1.415799599574690593e+00,0.000000000000000000e+00
1.415799599574690593e+00,0.000000000000000000e+00
1.125508758254837316e+00,0.000000000000000000e+00
1.127908482499511367e+00,0.000000000000000000e+00
1.143077986932947043e+00,0.000000000000000000e+00
1.129082579591186075e+00,0.000000000000000000e+00
1.129082579591186075e+00,0.000000000000000000e+00
1.096134766772062230e+00,0.000000000000000000e+00
1.196775091176620176e+00,0.000000000000000000e+00
1.196775091176620176e+00,0.000000000000000000e+00
1.285689143001172763e+00,0.000000000000000000e+00
1.194714035392937967e+00,0.000000000000000000e+00
1.209505344264234283e+00,0.000000000000000000e+00
1.340532959562969140e+00,0.000000000000000000e+00
1.361169529798955224e+00,0.000000000000000000e+00
1.361169529798955224e+00,0.000000000000000000e+00
1.360415078880367945e+00,0.000000000000000000e+00
1.360415078880367945e+00,0.000000000000000000e+00
1.360415078880367945e+00,0.000000000000000000e+00
1.047891886134534101e+00,0.000000000000000000e+00
1.047891886134534101e+00,0.000000000000000000e+00
1.047891886134534101e+00,0.000000000000000000e+00
1.040030914357106928e+00,0.000000000000000000e+00
1.052055011041011623e+00,0.000000000000000000e+00
1.162575659080120172e+00,0.000000000000000000e+00
1.162575659080120172e+00,0.000000000000000000e+00
1.323485914964174892e+00,0.000000000000000000e+00
1.323485914964174892e+00,0.000000000000000000e+00
1.300506682467581498e+00,0.000000000000000000e+00
1.300506682467581498e+00,0.000000000000000000e+00
1.262659030370063995e+00,0.000000000000000000e+00
1.261932744607959789e+00,0.000000000000000000e+00
1.424300754680556391e+00,0.000000000000000000e+00
1.201165014056372993e+00,0.000000000000000000e+00
1.181388145895431618e+00,0.000000000000000000e+00
1.251620430752203639e+00,0.000000000000000000e+00
1.299234097472603766e+00,0.000000000000000000e+00
1.272391770900457519e+00,0.000000000000000000e+00
1.315224295007629829e+00,0.000000000000000000e+00
1.315224295007629829e+00,0.000000000000000000e+00
1.315224295007629829e+00,0.000000000000000000e+00
1.417513287881001283e+00,0.000000000000000000e+00
1.417513287881001283e+00,0.000000000000000000e+00
1.356011426862466118e+00,0.000000000000000000e+00
1.356011426862466118e+00,0.000000000000000000e+00
1.177651441340232807e+00,0.000000000000000000e+00
1.177651441340232807e+00,0.000000000000000000e+00
1.270567785235301450e+00,0.000000000000000000e+00
1.209350342369272635e+00,0.000000000000000000e+00
1.115971091139561944e+00,0.000000000000000000e+00
1.166225427184345076e+00,0.000000000000000000e+00
1.167491082461028729e+00,0.000000000000000000e+00
1.379574816018468653e+00,0.000000000000000000e+00
1.379574816018468653e+00,0.000000000000000000e+00
1.379574816018468653e+00,0.000000000000000000e+00
1.259528497737247177e+00,0.000000000000000000e+00
1.259528497737247177e+00,0.000000000000000000e+00
1.258058090448957556e+00,0.000000000000000000e+00
1.258058090448957556e+00,0.000000000000000000e+00
1.454779239679747649e+00,0.000000000000000000e+00
1.454779239679747649e+00,0.000000000000000000e+00
1.275522998108728379e+00,0.000000000000000000e+00
1.193350770359701052e+00,0.000000000000000000e+00
1.193350770359701052e+00,0.000000000000000000e+00
1.193350770359701052e+00,0.000000000000000000e+00
1.193350770359701052e+00,0.000000000000000000e+00
1.199650274530746907e+00,0.000000000000000000e+00
1.199650274530746907e+00,0.000000000000000000e+00
1.240273499497211995e+00,0.000000000000000000e+00
1.240273499497211995e+00,0.000000000000000000e+00
1.291995233212514638e+00,0.000000000000000000e+00
1.274838677912612406e+00,0.000000000000000000e+00
1.274838677912612406e+00,0.000000000000000000e+00
1.232631795606534464e+00,0.000000000000000000e+00
1.232631795606534464e+00,0.000000000000000000e+00
1.232631795606534464e+00,0.000000000000000000e+00
1.287307353367524998e+00,0.000000000000000000e+00
1.130615750038096445e+00,0.000000000000000000e+00
1.130615750038096445e+00,0.000000000000000000e+00
1.273458282423206578e+00,0.000000000000000000e+00
1.273458282423206578e+00,0.000000000000000000e+00
1.273458282423206578e+00,0.000000000000000000e+00
1.286213925825007598e+00,0.000000000000000000e+00
1.286213925825007598e+00,0.000000000000000000e+00
1.286213925825007598e+00,0.000000000000000000e+00
1.286213925825007598e+00,0.000000000000000000e+00
1.166563396058868385e+00,0.000000000000000000e+00
1.166563396058868385e+00,0.000000000000000000e+00
1.219539019792362344e+00,0.000000000000000000e+00
1.310618563812609105e+00,0.000000000000000000e+00
1.402619474016166601e+00,0.000000000000000000e+00
1.402619474016166601e+00,0.000000000000000000e+00
1.402619474016166601e+00,0.000000000000000000e+00
1.402619474016166601e+00,0.000000000000000000e+00
1.402619474016166601e+00,0.000000000000000000e+00
1.402619474016166601e+00,0.000000000000000000e+00
1.502775158111380627e+00,0.000000000000000000e+00
1.502775158111380627e+00,0.000000000000000000e+00
1.502775158111380627e+00,0.000000000000000000e+00
1.478372137539767817e+00,0.000000000000000000e+00
1.478372137539767817e+00,0.000000000000000000e+00
1.478372137539767817e+00,0.000000000000000000e+00
1.384392151308386554e+00,0.000000000000000000e+00
1.335995565719432676e+00,0.000000000000000000e+00
1.335995565719432676e+00,0.000000000000000000e+00
1.335995565719432676e+00,0.000000000000000000e+00
1.335995565719432676e+00,0.000000000000000000e+00
1.350789937591112322e+00,0.000000000000000000e+00
1.378299253857558027e+00,0.000000000000000000e+00
1.378299253857558027e+00,0.000000000000000000e+00
1.354302504010524988e+00,0.000000000000000000e+00
1.361216494524174703e+00,0.000000000000000000e+00
1.500246715291423172e+00,0.000000000000000000e+00
1.500246715291423172e+00,0.000000000000000000e+00
1.342468201387132076e+00,0.000000000000000000e+00
1.245229493507297835e+00,0.000000000000000000e+00
1.245229493507297835e+00,0.000000000000000000e+00
1.278912689832146343e+00,0.000000000000000000e+00
1.164198473325132044e+00,0.000000000000000000e+00
1.211831543295524893e+00,0.000000000000000000e+00
1.211831543295524893e+00,0.000000000000000000e+00
1.211831543295524893e+00,0.000000000000000000e+00
1.304079491588545414e+00,0.000000000000000000e+00
1.293172393444146806e+00,0.000000000000000000e+00
1.293172393444146806e+00,0.000000000000000000e+00
1.075390994499834108e+00,0.000000000000000000e+00
1.075390994499834108e+00,0.000000000000000000e+00
1.014322321328057663e+00,0.000000000000000000e+00
1.014322321328057663e+00,0.000000000000000000e+00
1.014322321328057663e+00,0.000000000000000000e+00
1.014322321328057663e+00,0.000000000000000000e+00
9.511091519636757363e-01,0.000000000000000000e+00
9.019420337022922007e-01,0.000000000000000000e+00
1.122878663582234982e+00,0.000000000000000000e+00
1.149941247749229456e+00,0.000000000000000000e+00
1.360357384654718338e+00,0.000000000000000000e+00
1.216022842394022918e+00,0.000000000000000000e+00
1.271405186538181908e+00,0.000000000000000000e+00
1.200444693370768423e+00,0.000000000000000000e+00
1.162260160991623437e+00,0.000000000000000000e+00
1.162260160991623437e+00,0.000000000000000000e+00
1.238701469106371578e+00,0.000000000000000000e+00
1.218491442393598190e+00,0.000000000000000000e+00
1.315618210179069658e+00,0.000000000000000000e+00
1.207497584484299669e+00,0.000000000000000000e+00
1.034486733150510984e+00,0.000000000000000000e+00
1.127808728313855369e+00,0.000000000000000000e+00
1.127808728313855369e+00,0.000000000000000000e+00
1.240181996843377599e+00,0.000000000000000000e+00
1.240181996843377599e+00,0.000000000000000000e+00
1.331627779334570549e+00,0.000000000000000000e+00
1.169369494887380068e+00,0.000000000000000000e+00
1.169369494887380068e+00,0.000000000000000000e+00
1.125202888490903330e+00,0.000000000000000000e+00
1.098912267647327301e+00,0.000000000000000000e+00
1.214018995851127158e+00,0.000000000000000000e+00
1.191599983828570464e+00,0.000000000000000000e+00
1.201045137891300296e+00,0.000000000000000000e+00
1.186620976651796555e+00,0.000000000000000000e+00
1.112516308977805402e+00,0.000000000000000000e+00
1.112516308977805402e+00,0.000000000000000000e+00
1.173559813748710878e+00,0.000000000000000000e+00
1.173559813748710878e+00,0.000000000000000000e+00
1.173559813748710878e+00,0.000000000000000000e+00
1.285598065994222328e+00,0.000000000000000000e+00
1.193045113406293822e+00,0.000000000000000000e+00
1.063537552595251512e+00,0.000000000000000000e+00
1.063537552595251512e+00,0.000000000000000000e+00
1.063537552595251512e+00,0.000000000000000000e+00
1.063537552595251512e+00,0.000000000000000000e+00
1.063537552595251512e+00,0.000000000000000000e+00
1.101299896812302448e+00,0.000000000000000000e+00
1.062680220843297274e+00,0.000000000000000000e+00
1.062680220843297274e+00,0.000000000000000000e+00
1.123712669022706612e+00,0.000000000000000000e+00
1.086996451036341238e+00,0.000000000000000000e+00
1.086996451036341238e+00,0.000000000000000000e+00
1.086996451036341238e+00,0.000000000000000000e+00
1.089070888663223879e+00,0.000000000000000000e+00
1.285578119232781091e+00,0.000000000000000000e+00
1.362825532442148546e+00,0.000000000000000000e+00
1.442868024462732990e+00,0.000000000000000000e+00
1.442868024462732990e+00,0.000000000000000000e+00
1.442868024462732990e+00,0.000000000000000000e+00
1.209255994909396170e+00,0.000000000000000000e+00
1.141069798613557840e+00,0.000000000000000000e+00
1.141069798613557840e+00,0.000000000000000000e+00
1.141069798613557840e+00,0.000000000000000000e+00
1.141069798613557840e+00,0.000000000000000000e+00
1.141069798613557840e+00,0.000000000000000000e+00
1.141069798613557840e+00,0.000000000000000000e+00
1.078488267646316112e+00,0.000000000000000000e+00
1.126442630261758282e+00,0.000000000000000000e+00
1.300672135753076386e+00,0.000000000000000000e+00
1.228699747959045574e+00,0.000000000000000000e+00
1.366645682838174780e+00,0.000000000000000000e+00
1.346976342712055574e+00,0.000000000000000000e+00
1.346976342712055574e+00,0.000000000000000000e+00
1.346976342712055574e+00,0.000000000000000000e+00
1.346976342712055574e+00,0.000000000000000000e+00
1.191351108383305490e+00,0.000000000000000000e+00
1.123116445521075812e+00,0.000000000000000000e+00
1.123116445521075812e+00,0.000000000000000000e+00
1.234216423128375872e+00,0.000000000000000000e+00
1.403541970354953872e+00,0.000000000000000000e+00
1.403541970354953872e+00,0.000000000000000000e+00
1.302544949595130230e+00,0.000000000000000000e+00
1.353978675611643645e+00,0.000000000000000000e+00
1.353978675611643645e+00,0.000000000000000000e+00
1.353978675611643645e+00,0.000000000000000000e+00
1.464165355318515216e+00,0.000000000000000000e+00
1.464165355318515216e+00,0.000000000000000000e+00
1.464165355318515216e+00,0.000000000000000000e+00
1.522690522971041238e+00,0.000000000000000000e+00
1.371311229846275070e+00,0.000000000000000000e+00
1.267823608683935621e+00,0.000000000000000000e+00
1.267823608683935621e+00,0.000000000000000000e+00
1.286821151536659658e+00,0.000000000000000000e+00
1.286821151536659658e+00,0.000000000000000000e+00
1.286821151536659658e+00,0.000000000000000000e+00
1.286821151536659658e+00,0.000000000000000000e+00
1.286821151536659658e+00,0.000000000000000000e+00
1.252307275924927410e+00,0.000000000000000000e+00
1.197237000168071441e+00,0.000000000000000000e+00
1.197237000168071441e+00,0.000000000000000000e+00
1.197237000168071441e+00,0.000000000000000000e+00
1.143825775066593664e+00,0.000000000000000000e+00
1.143825775066593664e+00,0.000000000000000000e+00
1.353627431833201555e+00,0.000000000000000000e+00
1.353627431833201555e+00,0.000000000000000000e+00
1.353627431833201555e+00,0.000000000000000000e+00
1.353627431833201555e+00,0.000000000000000000e+00
1.386841877955748981e+00,0.000000000000000000e+00
1.424052988005474640e+00,0.000000000000000000e+00
1.284723899374733858e+00,0.000000000000000000e+00
1.259066832448624940e+00,0.000000000000000000e+00
1.259066832448624940e+00,0.000000000000000000e+00
1.303465803829188419e+00,0.000000000000000000e+00
1.303465803829188419e+00,0.000000000000000000e+00
1.076980199559521179e+00,0.000000000000000000e+00
1.373199513729062016e+00,0.000000000000000000e+00
1.330922051481084667e+00,0.000000000000000000e+00
1.330922051481084667e+00,0.000000000000000000e+00
1.087350332902038641e+00,0.000000000000000000e+00
1.345838408376563544e+00,0.000000000000000000e+00
1.345838408376563544e+00,0.000000000000000000e+00
1.345838408376563544e+00,0.000000000000000000e+00
1.345838408376563544e+00,0.000000000000000000e+00
1.443960176712983934e+00,0.000000000000000000e+00
1.330027263461488918e+00,0.000000000000000000e+00
1.330027263461488918e+00,0.000000000000000000e+00
1.289819730224726513e+00,0.000000000000000000e+00
1.184078620516461511e+00,0.000000000000000000e+00
1.275686529172426642e+00,0.000000000000000000e+00
1.294176741259707386e+00,0.000000000000000000e+00
1.181296549097047510e+00,0.000000000000000000e+00
1.352830000563140622e+00,0.000000000000000000e+00
1.352830000563140622e+00,0.000000000000000000e+00
1.352830000563140622e+00,0.000000000000000000e+00
1.340054144838851213e+00,0.000000000000000000e+00
1.340054144838851213e+00,0.000000000000000000e+00
1.233247352799014651e+00,0.000000000000000000e+00
1.233247352799014651e+00,0.000000000000000000e+00
1.233247352799014651e+00,0.000000000000000000e+00
1.233247352799014651e+00,0.000000000000000000e+00
1.150686674111687235e+00,0.000000000000000000e+00
1.267434711395486469e+00,0.000000000000000000e+00
1.267434711395486469e+00,0.000000000000000000e+00
1.264750594581605991e+00,0.000000000000000000e+00
1.206183876650337217e+00,0.000000000000000000e+00
1.255779817740417803e+00,0.000000000000000000e+00
1.255779817740417803e+00,0.000000000000000000e+00
1.170276358283567797e+00,0.000000000000000000e+00
1.007370846657264618e+00,0.000000000000000000e+00
1.007370846657264618e+00,0.000000000000000000e+00
1.026715837994546243e+00,0.000000000000000000e+00
1.026715837994546243e+00,0.000000000000000000e+00
1.121315483780781053e+00,0.000000000000000000e+00
1.121315483780781053e+00,0.000000000000000000e+00
1.190692754917685559e+00,0.000000000000000000e+00
1.190692754917685559e+00,0.000000000000000000e+00
1.190692754917685559e+00,0.000000000000000000e+00
1.244751913358616013e+00,0.000000000000000000e+00
1.179862467040777352e+00,0.000000000000000000e+00
1.250338126344197498e+00,0.000000000000000000e+00
1.327864773338661486e+00,0.000000000000000000e+00
1.356254799416102941e+00,0.000000000000000000e+00
1.029501298516476204e+00,0.000000000000000000e+00
1.232759444427550033e+00,0.000000000000000000e+00
1.242666727428948237e+00,0.000000000000000000e+00
1.232949829391114305e+00,0.000000000000000000e+00
1.286550432608476235e+00,0.000000000000000000e+00
1.286550432608476235e+00,0.000000000000000000e+00
1.361303866868320833e+00,0.000000000000000000e+00
1.353435329984358226e+00,0.000000000000000000e+00
1.402293668948227712e+00,0.000000000000000000e+00
1.402293668948227712e+00,0.000000000000000000e+00
1.182570132472906099e+00,0.000000000000000000e+00
1.224814079074592277e+00,0.000000000000000000e+00
1.224814079074592277e+00,0.000000000000000000e+00
1.224814079074592277e+00,0.000000000000000000e+00
1.224814079074592277e+00,0.000000000000000000e+00
1.318487956307643705e+00,0.000000000000000000e+00
1.370651984895604913e+00,0.000000000000000000e+00
1.370651984895604913e+00,0.000000000000000000e+00
1.369408454922001361e+00,0.000000000000000000e+00
1.316415599532324121e+00,0.000000000000000000e+00
1.316415599532324121e+00,0.000000000000000000e+00
1.517962160097238611e+00,0.000000000000000000e+00
1.406958932813990870e+00,0.000000000000000000e+00
1.406958932813990870e+00,0.000000000000000000e+00
1.406958932813990870e+00,0.000000000000000000e+00
1.406958932813990870e+00,0.000000000000000000e+00
1.406958932813990870e+00,0.000000000000000000e+00
1.225120248116819521e+00,0.000000000000000000e+00
1.206538460724995598e+00,0.000000000000000000e+00
1.226431220253738408e+00,0.000000000000000000e+00
1.226431220253738408e+00,0.000000000000000000e+00
1.067697083146021964e+00,0.000000000000000000e+00
1.069972653888975556e+00,0.000000000000000000e+00
1.323412151372065138e+00,0.000000000000000000e+00
1.323412151372065138e+00,0.000000000000000000e+00
1.323412151372065138e+00,0.000000000000000000e+00
1.106557173445120057e+00,0.000000000000000000e+00
1.162986477205105951e+00,0.000000000000000000e+00
1.162986477205105951e+00,0.000000000000000000e+00
1.162986477205105951e+00,0.000000000000000000e+00
1.193794740550859546e+00,0.000000000000000000e+00
1.193964571596500157e+00,0.000000000000000000e+00
1.193964571596500157e+00,0.000000000000000000e+00
1.204134580716343272e+00,0.000000000000000000e+00
1.221354353317698704e+00,0.000000000000000000e+00
1.374964865418563109e+00,0.000000000000000000e+00
1.374964865418563109e+00,0.000000000000000000e+00
1.374964865418563109e+00,0.000000000000000000e+00
1.381059682349337070e+00,0.000000000000000000e+00
1.401866266342208123e+00,0.000000000000000000e+00
1.401866266342208123e+00,0.000000000000000000e+00
1.177939845662476781e+00,0.000000000000000000e+00
1.033026092468122936e+00,0.000000000000000000e+00
1.495386520119126761e+00,0.000000000000000000e+00
1.475483750486884738e+00,0.000000000000000000e+00
1.444484139566840408e+00,0.000000000000000000e+00
1.349931695540909748e+00,0.000000000000000000e+00
1.249552341466303673e+00,0.000000000000000000e+00
1.532907414029339943e+00,0.000000000000000000e+00
1.532907414029339943e+00,0.000000000000000000e+00
1.532907414029339943e+00,0.000000000000000000e+00
1.532907414029339943e+00,0.000000000000000000e+00
1.177168087233376959e+00,0.000000000000000000e+00
1.348353251862460356e+00,0.000000000000000000e+00
1.347014377844285127e+00,0.000000000000000000e+00
1.291869470725795388e+00,0.000000000000000000e+00
1.291869470725795388e+00,0.000000000000000000e+00
1.350631750550643773e+00,0.000000000000000000e+00
1.350631750550643773e+00,0.000000000000000000e+00
1.350631750550643773e+00,0.000000000000000000e+00
1.350631750550643773e+00,0.000000000000000000e+00
1.266821038234645869e+00,0.000000000000000000e+00
1.093562811273483648e+00,0.000000000000000000e+00
1.282847741569204558e+00,0.000000000000000000e+00
1.348770125198348602e+00,0.000000000000000000e+00
1.184886724190507445e+00,0.000000000000000000e+00
1.184886724190507445e+00,0.000000000000000000e+00
1.283602329252508500e+00,0.000000000000000000e+00
1.269938625797834897e+00,0.000000000000000000e+00
1.315772118947391434e+00,0.000000000000000000e+00
1.315772118947391434e+00,0.000000000000000000e+00
1.315772118947391434e+00,0.000000000000000000e+00
1.054985801106845145e+00,0.000000000000000000e+00
1.054985801106845145e+00,0.000000000000000000e+00
1.258498464549704599e+00,0.000000000000000000e+00
1.090298713227503491e+00,0.000000000000000000e+00
1.017062734684237357e+00,0.000000000000000000e+00
1.017062734684237357e+00,0.000000000000000000e+00
1.092281878096624581e+00,0.000000000000000000e+00
1.092281878096624581e+00,0.000000000000000000e+00
1.094653579574730529e+00,0.000000000000000000e+00
1.250997668641877780e+00,0.000000000000000000e+00
1.250997668641877780e+00,0.000000000000000000e+00
1.382042356407463979e+00,0.000000000000000000e+00
1.431935287934934742e+00,0.000000000000000000e+00
1.431935287934934742e+00,0.000000000000000000e+00
1.431935287934934742e+00,0.000000000000000000e+00
1.431935287934934742e+00,0.000000000000000000e+00
1.280716887647459945e+00,0.000000000000000000e+00
1.334667626881780755e+00,0.000000000000000000e+00
1.334667626881780755e+00,0.000000000000000000e+00
1.334667626881780755e+00,0.000000000000000000e+00
1.224086766759686418e+00,0.000000000000000000e+00
1.224086766759686418e+00,0.000000000000000000e+00
1.338581501876324964e+00,0.000000000000000000e+00
1.338581501876324964e+00,0.000000000000000000e+00
1.221618657338128466e+00,0.000000000000000000e+00
1.228357864926150844e+00,0.000000000000000000e+00
1.340774548779843922e+00,0.000000000000000000e+00
1.366650617394833178e+00,0.000000000000000000e+00
1.247700837051098244e+00,0.000000000000000000e+00
1.247700837051098244e+00,0.000000000000000000e+00
1.247700837051098244e+00,0.000000000000000000e+00
1.230056148250653569e+00,0.000000000000000000e+00
1.349459230530448028e+00,0.000000000000000000e+00
1.349459230530448028e+00,0.000000000000000000e+00
1.349459230530448028e+00,0.000000000000000000e+00
1.178969709733496352e+00,0.000000000000000000e+00
1.178969709733496352e+00,0.000000000000000000e+00
1.094793732099794470e+00,0.000000000000000000e+00
1.094793732099794470e+00,0.000000000000000000e+00
1.126966639142313875e+00,0.000000000000000000e+00
1.288584172859322141e+00,0.000000000000000000e+00
1.276482463373299625e+00,0.000000000000000000e+00
1.299008637871292171e+00,0.000000000000000000e+00
1.299008637871292171e+00,0.000000000000000000e+00
1.299008637871292171e+00,0.000000000000000000e+00
1.049451242517373650e+00,0.000000000000000000e+00
1.075899839377815859e+00,0.000000000000000000e+00
1.338849833239869946e+00,0.000000000000000000e+00
1.231629873040650303e+00,0.000000000000000000e+00
1.231629873040650303e+00,0.000000000000000000e+00
1.231629873040650303e+00,0.000000000000000000e+00
1.231629873040650303e+00,0.000000000000000000e+00
1.231629873040650303e+00,0.000000000000000000e+00
1.197462539059119813e+00,0.000000000000000000e+00
1.221937728602129791e+00,0.000000000000000000e+00
1.223872345954948537e+00,0.000000000000000000e+00
1.184868495440524860e+00,0.000000000000000000e+00
1.184868495440524860e+00,0.000000000000000000e+00
1.139068279996901634e+00,0.000000000000000000e+00
1.139068279996901634e+00,0.000000000000000000e+00
1.061679951332065830e+00,0.000000000000000000e+00
1.061679951332065830e+00,0.000000000000000000e+00
1.409025980979969894e+00,0.000000000000000000e+00
1.409025980979969894e+00,0.000000000000000000e+00
1.118122025466581348e+00,0.000000000000000000e+00
1.118122025466581348e+00,0.000000000000000000e+00
1.366288085429446131e+00,0.000000000000000000e+00
1.366288085429446131e+00,0.000000000000000000e+00
1.366288085429446131e+00,0.000000000000000000e+00
1.304105114066888227e+00,0.000000000000000000e+00
1.304105114066888227e+00,0.000000000000000000e+00
1.304105114066888227e+00,0.000000000000000000e+00
1.232074827260797756e+00,0.000000000000000000e+00
1.253896555250610056e+00,0.000000000000000000e+00
1.253896555250610056e+00,0.000000000000000000e+00
